0,0.000000,0.000000,0.000000,0.000000,0.000000,0.000000,0.000000,0.000000,0.000000
0,0.000000,0.000000,0.000000,0.000000,0.000000,0.000000,0.000000,0.000000,0.000000
0,0.000000,0.000000,0.000000,0.000000,0.000000,0.000000,0.000000,0.000000,0.000000
0,0.000000,0.000000,0.000000,0.000000,0.000000,0.000000,0.000000,0.000000,0.000000
0,0.000000,0.000000,0.000000,0.000000,0.000000,0.000000,0.000000,0.000000,0.000000
0,0.000000,0.000000,0.000000,0.000000,0.000000,0.000000,0.000000,0.000000,0.000000
0,0.000000,0.000000,0.000000,0.000000,0.000000,0.000000,0.000000,0.000000,0.000000
0,0.000000,0.000000,0.000000,0.000000,0.000000,0.000000,0.000000,0.000000,0.000000
0,0.000000,0.000000,0.000000,0.000000,0.000000,0.000000,0.000000,0.000000,0.000000
0,0.000000,0.000000,0.000000,0.000000,0.000000,0.000000,0.000000,0.000000,0.000000
0,0.000000,0.000000,0.000000,0.000000,0.000000,0.000000,0.000000,0.000000,0.000000
0,0.000000,0.000000,0.000000,0.000000,0.000000,0.000000,0.000000,0.000000,0.000000
0,0.000000,0.000000,0.000000,0.000000,0.000000,0.000000,0.000000,0.000000,0.000000
0,0.000000,0.000000,0.000000,0.000000,0.000000,0.000000,0.000000,0.000000,0.000000
0,0.000000,0.000000,0.000000,0.000000,0.000000,0.000000,0.000000,0.000000,0.000000
0,0.000000,0.000000,0.000000,0.000000,0.000000,0.000000,0.000000,0.000000,0.000000
0,0.000000,0.000000,0.000000,0.000000,0.000000,0.000000,0.000000,0.000000,0.000000
0,0.000000,0.000000,0.000000,0.000000,0.000000,0.000000,0.000000,0.000000,0.000000
0,0.000000,0.000000,0.000000,0.000000,0.000000,0.000000,0.000000,0.000000,0.000000
0,0.000000,0.000000,0.000000,0.000000,0.000000,0.000000,0.000000,0.000000,0.000000
0,0.000000,0.000000,0.000000,0.000000,0.000000,0.000000,0.000000,0.000000,0.000000
0,0.000000,0.000000,0.000000,0.000000,0.000000,0.000000,0.000000,0.000000,0.000000
0,0.000000,0.000000,0.000000,0.000000,0.000000,0.000000,0.000000,0.000000,0.000000
301822,0.005585,0.449424,-0.041438,-0.016769,-0.034066,-0.001287,-0.999278,0.000000,0.000000
301826,0.005584,0.449428,-0.041462,-0.016849,-0.034061,-0.001222,-0.999277,0.000000,-0.000343
301830,0.005581,0.449428,-0.041479,-0.016796,-0.034015,-0.001262,-0.999279,-0.000343,-0.000343
301833,0.005585,0.449428,-0.041480,-0.016820,-0.034042,-0.001236,-0.999278,-0.000343,-0.000343
301837,0.005591,0.449429,-0.041468,-0.016777,-0.034055,-0.001245,-0.999278,-0.000343,-0.000343
301840,0.005595,0.449428,-0.041452,-0.016784,-0.034054,-0.001228,-0.999278,-0.000343,-0.000343
301844,0.005605,0.449423,-0.041421,-0.016908,-0.034055,-0.001230,-0.999276,0.000000,0.000000
301847,0.005608,0.449419,-0.041403,-0.016952,-0.034027,-0.001203,-0.999276,0.000000,-0.000343
301851,0.005611,0.449420,-0.041386,-0.016855,-0.034041,-0.001273,-0.999277,0.000000,-0.000343
301854,0.005613,0.449429,-0.041375,-0.016740,-0.034139,-0.001114,-0.999276,0.000000,-0.000343
301858,0.005607,0.449428,-0.041382,-0.016735,-0.034076,-0.001066,-0.999279,-0.000343,-0.000343
301861,0.005603,0.449422,-0.041398,-0.016872,-0.034032,-0.001234,-0.999278,-0.000343,-0.000343
301865,0.005598,0.449423,-0.041414,-0.016844,-0.034048,-0.001256,-0.999277,0.000000,-0.000343
301868,0.005598,0.449424,-0.041429,-0.016861,-0.034024,-0.001215,-0.999278,0.000000,-0.000343
301872,0.005601,0.449435,-0.041435,-0.016612,-0.034148,-0.001122,-0.999278,-0.000343,-0.000343
301876,0.005608,0.449423,-0.041446,-0.016830,-0.034071,-0.001299,-0.999277,0.000000,-0.000343
301879,0.005613,0.449425,-0.041444,-0.016852,-0.034044,-0.001235,-0.999277,0.000000,-0.000343
301883,0.005615,0.449423,-0.041440,-0.016741,-0.034040,-0.001345,-0.999279,0.000000,-0.000343
301886,0.005616,0.449422,-0.041436,-0.016816,-0.033995,-0.001252,-0.999280,0.000000,-0.000343
301890,0.005615,0.449422,-0.041433,-0.016806,-0.034045,-0.001287,-0.999278,-0.000343,-0.000343
301893,0.005615,0.449423,-0.041429,-0.016798,-0.034038,-0.001229,-0.999279,0.000000,-0.000343
301897,0.005614,0.449423,-0.041430,-0.016782,-0.034077,-0.001286,-0.999278,-0.000343,-0.000343
301900,0.005616,0.449422,-0.041431,-0.016898,-0.034042,-0.001233,-0.999277,-0.000343,-0.000343
301904,0.005618,0.449424,-0.041436,-0.016701,-0.034068,-0.001340,-0.999279,0.000000,-0.000343
301908,0.005627,0.449423,-0.041431,-0.016817,-0.034003,-0.001237,-0.999279,0.000000,-0.000343
301911,0.005633,0.449423,-0.041426,-0.016818,-0.034042,-0.001269,-0.999278,-0.000343,-0.000343
301915,0.005642,0.449426,-0.041416,-0.016825,-0.034053,-0.001228,-0.999278,-0.000343,-0.000343
301918,0.005646,0.449421,-0.041411,-0.016829,-0.034042,-0.001318,-0.999278,-0.000343,-0.000343
301922,0.005650,0.449422,-0.041405,-0.016867,-0.034030,-0.001250,-0.999278,-0.000343,-0.000343
301925,0.005654,0.449422,-0.041407,-0.016778,-0.034053,-0.001326,-0.999278,-0.000343,-0.000343
301929,0.005650,0.449423,-0.041409,-0.016887,-0.034000,-0.001245,-0.999278,0.000000,-0.000343
301932,0.005645,0.449422,-0.041414,-0.016856,-0.034046,-0.001305,-0.999277,0.000000,-0.000343
301936,0.005631,0.449423,-0.041424,-0.016755,-0.034065,-0.001287,-0.999278,0.000000,-0.000343
301940,0.005624,0.449423,-0.041431,-0.016905,-0.034084,-0.001192,-0.999275,0.000000,-0.000343
301943,0.005620,0.449424,-0.041435,-0.016879,-0.034063,-0.001255,-0.999276,0.000000,-0.000343
301947,0.005621,0.449427,-0.041436,-0.016835,-0.034062,-0.001258,-0.999277,-0.000343,-0.000343
301950,0.005625,0.449423,-0.041434,-0.016810,-0.034071,-0.001287,-0.999277,0.000000,-0.000343
301954,0.005634,0.449425,-0.041429,-0.016856,-0.034019,-0.001212,-0.999278,-0.000343,-0.000343
301957,0.005640,0.449426,-0.041426,-0.016791,-0.034033,-0.001227,-0.999279,0.000000,-0.000343
301961,0.005648,0.449423,-0.041419,-0.016922,-0.034037,-0.001171,-0.999277,-0.000343,-0.000343
301964,0.005650,0.449425,-0.041417,-0.016878,-0.034003,-0.001191,-0.999278,0.000000,-0.000343
301968,0.005650,0.449425,-0.041419,-0.016840,-0.034038,-0.001242,-0.999278,-0.000343,-0.000343
301971,0.005646,0.449427,-0.041422,-0.016822,-0.034052,-0.001228,-0.999278,-0.000343,-0.000343
301975,0.005641,0.449424,-0.041427,-0.016891,-0.033993,-0.001209,-0.999279,0.000000,-0.000343
301978,0.005636,0.449425,-0.041431,-0.016850,-0.034033,-0.001258,-0.999278,0.000000,-0.000343
301982,0.005634,0.449428,-0.041437,-0.016842,-0.034034,-0.001211,-0.999278,0.000000,-0.000343
301985,0.005632,0.449425,-0.041437,-0.016842,-0.034034,-0.001241,-0.999278,0.000000,-0.000343
301989,0.005634,0.449427,-0.041437,-0.016789,-0.034038,-0.001233,-0.999279,0.000000,-0.000343
301993,0.005632,0.449435,-0.041425,-0.016639,-0.034167,-0.001110,-0.999277,0.000000,-0.000343
301996,0.005636,0.449425,-0.041425,-0.016931,-0.034034,-0.001205,-0.999277,0.000000,0.000000
302000,0.005643,0.449426,-0.041421,-0.016750,-0.034061,-0.001289,-0.999279,-0.000343,0.000000
302003,0.005653,0.449426,-0.041415,-0.016877,-0.034026,-0.001196,-0.999278,0.000000,-0.000343
302007,0.005658,0.449423,-0.041412,-0.016824,-0.034030,-0.001259,-0.999278,-0.000343,-0.000343
302010,0.005658,0.449425,-0.041412,-0.016897,-0.034018,-0.001194,-0.999278,-0.000343,-0.000343
302014,0.005650,0.449423,-0.041419,-0.016844,-0.034071,-0.001265,-0.999277,-0.000343,-0.000343
302018,0.005643,0.449424,-0.041427,-0.016807,-0.034069,-0.001271,-0.999277,0.000000,-0.000343
302021,0.005637,0.449425,-0.041438,-0.016739,-0.034093,-0.001305,-0.999278,-0.000343,-0.000343
302025,0.005636,0.449427,-0.041448,-0.016836,-0.034052,-0.001274,-0.999277,0.000000,-0.000343
302028,0.005635,0.449426,-0.041451,-0.016830,-0.034095,-0.001253,-0.999276,0.000000,-0.000343
302032,0.005633,0.449426,-0.041457,-0.016741,-0.034057,-0.001290,-0.999279,0.000000,-0.000343
302035,0.005636,0.449425,-0.041452,-0.016753,-0.034083,-0.001312,-0.999278,0.000000,-0.000343
302039,0.005647,0.449425,-0.041440,-0.016822,-0.034085,-0.001249,-0.999277,-0.000343,-0.000343
302042,0.005652,0.449427,-0.041434,-0.016783,-0.034058,-0.001260,-0.999278,0.000000,0.000000
302046,0.005660,0.449424,-0.041418,-0.016847,-0.034032,-0.001273,-0.999278,-0.000343,-0.000343
302050,0.005662,0.449426,-0.041406,-0.016879,-0.033999,-0.001208,-0.999279,-0.000343,-0.000343
302053,0.005658,0.449424,-0.041402,-0.016785,-0.034026,-0.001295,-0.999279,-0.000343,-0.000343
302057,0.005659,0.449424,-0.041397,-0.016943,-0.034029,-0.001176,-0.999277,0.000000,0.000000
302060,0.005656,0.449425,-0.041402,-0.016881,-0.034003,-0.001237,-0.999278,0.000000,-0.000343
302064,0.005657,0.449426,-0.041413,-0.016841,-0.034072,-0.001229,-0.999277,0.000000,-0.000343
302067,0.005651,0.449426,-0.041426,-0.016800,-0.034061,-0.001258,-0.999278,-0.000343,-0.000343
302071,0.005644,0.449427,-0.041436,-0.016866,-0.034023,-0.001224,-0.999278,0.000000,0.000000
302074,0.005641,0.449429,-0.041441,-0.016776,-0.034071,-0.001257,-0.999278,-0.000343,-0.000343
302078,0.005635,0.449425,-0.041443,-0.016869,-0.034039,-0.001194,-0.999277,-0.000343,0.000000
302082,0.005640,0.449427,-0.041437,-0.016785,-0.034060,-0.001270,-0.999278,0.000000,-0.000343
302085,0.005647,0.449425,-0.041432,-0.016807,-0.034059,-0.001226,-0.999278,-0.000343,-0.000343
302089,0.005652,0.449425,-0.041421,-0.016867,-0.034042,-0.001215,-0.999277,-0.000343,0.000000
302092,0.005660,0.449425,-0.041412,-0.016939,-0.034021,-0.001184,-0.999277,0.000000,0.000000
302096,0.005656,0.449422,-0.041412,-0.016793,-0.034045,-0.001263,-0.999278,0.000000,-0.000343
302099,0.005655,0.449422,-0.041411,-0.016888,-0.034032,-0.001216,-0.999277,0.000000,-0.000343
302103,0.005652,0.449423,-0.041420,-0.016823,-0.034054,-0.001225,-0.999278,0.000000,-0.000343
302107,0.005646,0.449425,-0.041436,-0.016747,-0.034051,-0.001328,-0.999279,-0.000343,0.000000
302110,0.005646,0.449426,-0.041443,-0.016804,-0.034083,-0.001255,-0.999277,0.000000,-0.000343
302113,0.005646,0.449427,-0.041450,-0.016877,-0.034057,-0.001178,-0.999277,-0.000343,-0.000343
302117,0.005645,0.449430,-0.041452,-0.016743,-0.034084,-0.001280,-0.999278,0.000000,0.000000
302121,0.005646,0.449426,-0.041444,-0.016813,-0.034078,-0.001256,-0.999277,-0.000343,0.000000
302124,0.005647,0.449426,-0.041432,-0.016807,-0.034061,-0.001252,-0.999278,0.000000,-0.000343
302128,0.005647,0.449425,-0.041416,-0.016751,-0.034072,-0.001321,-0.999278,-0.000343,0.000000
302131,0.005651,0.449426,-0.041402,-0.016789,-0.034059,-0.001280,-0.999278,-0.000343,-0.000343
302135,0.005651,0.449423,-0.041390,-0.016810,-0.034042,-0.001300,-0.999278,0.000000,0.000000
302138,0.005648,0.449423,-0.041386,-0.016841,-0.034042,-0.001268,-0.999278,-0.000343,-0.000343
302142,0.005643,0.449423,-0.041389,-0.016850,-0.034075,-0.001267,-0.999276,-0.000343,0.000000
302145,0.005636,0.449424,-0.041396,-0.016881,-0.034056,-0.001261,-0.999277,-0.000343,0.000000
302149,0.005626,0.449425,-0.041417,-0.016728,-0.034067,-0.001300,-0.999279,-0.000343,0.000000
302153,0.005624,0.449426,-0.041431,-0.016869,-0.034032,-0.001202,-0.999278,0.000000,0.000000
302156,0.005620,0.449427,-0.041442,-0.016781,-0.034047,-0.001271,-0.999279,-0.000343,0.000000
302160,0.005624,0.449429,-0.041445,-0.016777,-0.034080,-0.001243,-0.999278,0.000000,0.000000
302163,0.005623,0.449428,-0.041444,-0.016757,-0.034081,-0.001288,-0.999278,0.000000,0.000000
302167,0.005628,0.449427,-0.041434,-0.016882,-0.034031,-0.001194,-0.999278,-0.000343,-0.000343
302170,0.005628,0.449424,-0.041428,-0.016769,-0.034059,-0.001308,-0.999278,-0.000343,0.000000
302174,0.005633,0.449424,-0.041416,-0.016892,-0.033990,-0.001202,-0.999279,-0.000343,0.000000
302177,0.005637,0.449424,-0.041412,-0.016861,-0.034032,-0.001271,-0.999278,0.000000,0.000000
302181,0.005635,0.449425,-0.041414,-0.016821,-0.034022,-0.001236,-0.999279,-0.000343,0.000000
302184,0.005630,0.449424,-0.041416,-0.016779,-0.034074,-0.001309,-0.999278,0.000000,0.000000
302188,0.005625,0.449426,-0.041422,-0.016927,-0.034055,-0.001184,-0.999276,-0.000343,0.000000
302192,0.005617,0.449426,-0.041431,-0.016817,-0.034050,-0.001286,-0.999278,0.000000,0.000000
302195,0.005616,0.449425,-0.041431,-0.016834,-0.034078,-0.001247,-0.999277,0.000000,0.000000
302198,0.005617,0.449427,-0.041432,-0.016817,-0.034080,-0.001293,-0.999277,0.000000,0.000000
302202,0.005618,0.449428,-0.041425,-0.016821,-0.034043,-0.001231,-0.999278,-0.000343,0.000000
302206,0.005616,0.449435,-0.041409,-0.016700,-0.034124,-0.001083,-0.999277,-0.000343,0.000000
302209,0.005617,0.449433,-0.041399,-0.016754,-0.034122,-0.001047,-0.999277,-0.000343,-0.000343
302213,0.005616,0.449423,-0.041396,-0.016828,-0.034074,-0.001252,-0.999277,0.000000,0.000000
302216,0.005615,0.449432,-0.041391,-0.016680,-0.034133,-0.001102,-0.999277,0.000000,0.000000
302220,0.005620,0.449423,-0.041402,-0.016897,-0.034043,-0.001248,-0.999277,-0.000343,0.000000
302224,0.005621,0.449423,-0.041417,-0.016775,-0.034066,-0.001323,-0.999278,-0.000343,0.000000
302227,0.005624,0.449425,-0.041425,-0.016818,-0.034030,-0.001236,-0.999279,0.000000,0.000000
302231,0.005628,0.449426,-0.041440,-0.016782,-0.034074,-0.001279,-0.999278,0.000000,0.000000
302234,0.005628,0.449427,-0.041447,-0.016770,-0.034088,-0.001204,-0.999277,0.000000,0.000000
302238,0.005629,0.449427,-0.041446,-0.016815,-0.034078,-0.001274,-0.999277,-0.000343,-0.000343
302241,0.005624,0.449426,-0.041445,-0.016854,-0.034031,-0.001203,-0.999278,0.000000,0.000000
302245,0.005616,0.449426,-0.041441,-0.016716,-0.034055,-0.001303,-0.999279,0.000000,0.000000
302248,0.005617,0.449426,-0.041427,-0.016822,-0.034041,-0.001244,-0.999278,0.000000,0.000000
302252,0.005613,0.449422,-0.041418,-0.016798,-0.034048,-0.001261,-0.999278,0.000000,0.000000
302255,0.005613,0.449422,-0.041409,-0.016870,-0.034037,-0.001231,-0.999277,0.000000,0.000000
302259,0.005612,0.449422,-0.041403,-0.016833,-0.034067,-0.001310,-0.999277,0.000000,0.000000
302263,0.005611,0.449424,-0.041404,-0.016850,-0.034024,-0.001255,-0.999278,0.000000,0.000000
302266,0.005611,0.449423,-0.041408,-0.016736,-0.034079,-0.001361,-0.999278,-0.000343,0.000000
302270,0.005613,0.449423,-0.041411,-0.016877,-0.034017,-0.001246,-0.999278,0.000000,0.000343
302273,0.005614,0.449422,-0.041415,-0.016831,-0.034071,-0.001276,-0.999277,-0.000343,0.000000
302277,0.005619,0.449426,-0.041419,-0.016795,-0.034039,-0.001248,-0.999279,0.000000,0.000000
302280,0.005620,0.449426,-0.041422,-0.016739,-0.034070,-0.001331,-0.999278,-0.000343,0.000000
302284,0.005621,0.449423,-0.041421,-0.016858,-0.034078,-0.001210,-0.999276,0.000000,0.000000
302287,0.005617,0.449423,-0.041423,-0.016783,-0.034072,-0.001310,-0.999278,0.000000,0.000343
302291,0.005609,0.449422,-0.041423,-0.016864,-0.034074,-0.001270,-0.999276,-0.000343,0.000000
302294,0.005601,0.449420,-0.041423,-0.016860,-0.034086,-0.001275,-0.999276,0.000000,0.000343
302298,0.005596,0.449425,-0.041425,-0.016785,-0.034032,-0.001288,-0.999279,-0.000343,0.000343
302302,0.005596,0.449421,-0.041423,-0.016895,-0.034033,-0.001223,-0.999277,-0.000343,0.000343
302305,0.005595,0.449429,-0.041420,-0.016713,-0.034123,-0.001087,-0.999277,-0.000343,0.000343
302309,0.005600,0.449420,-0.041426,-0.016807,-0.034067,-0.001268,-0.999277,0.000000,0.000343
302312,0.005605,0.449420,-0.041424,-0.016809,-0.034081,-0.001277,-0.999277,0.000000,0.000343
302316,0.005611,0.449422,-0.041422,-0.016876,-0.034022,-0.001222,-0.999278,-0.000343,0.000343
302319,0.005611,0.449420,-0.041422,-0.016856,-0.034013,-0.001241,-0.999278,0.000000,0.000000
302323,0.005618,0.449431,-0.041415,-0.016655,-0.034097,-0.001075,-0.999279,0.000000,0.000343
302327,0.005621,0.449423,-0.041424,-0.016750,-0.034063,-0.001286,-0.999279,0.000000,0.000343
302330,0.005623,0.449423,-0.041423,-0.016812,-0.034060,-0.001217,-0.999278,-0.000343,0.000000
302334,0.005618,0.449422,-0.041422,-0.016804,-0.034081,-0.001273,-0.999277,0.000000,0.000000
302337,0.005613,0.449421,-0.041418,-0.016884,-0.034037,-0.001194,-0.999277,0.000000,0.000343
302341,0.005606,0.449430,-0.041411,-0.016537,-0.034127,-0.001187,-0.999280,0.000000,0.000343
302344,0.005606,0.449420,-0.041412,-0.016837,-0.034005,-0.001260,-0.999279,0.000000,0.000343
302348,0.005605,0.449419,-0.041405,-0.016821,-0.034050,-0.001289,-0.999278,-0.000343,0.000343
302351,0.005604,0.449428,-0.041395,-0.016690,-0.034079,-0.001110,-0.999279,0.000000,0.000343
302355,0.005599,0.449427,-0.041392,-0.016637,-0.034147,-0.001145,-0.999278,0.000000,0.000343
302359,0.005597,0.449417,-0.041397,-0.016821,-0.034018,-0.001322,-0.999279,0.000000,0.000343
302362,0.005593,0.449420,-0.041401,-0.016748,-0.034082,-0.001336,-0.999278,-0.000343,0.000343
302366,0.005589,0.449418,-0.041409,-0.016857,-0.034022,-0.001273,-0.999278,-0.000343,0.000343
302369,0.005585,0.449419,-0.041417,-0.016849,-0.034055,-0.001288,-0.999277,0.000000,0.000343
302373,0.005577,0.449420,-0.041428,-0.016745,-0.034057,-0.001310,-0.999279,0.000000,0.000343
302376,0.005571,0.449416,-0.041436,-0.016797,-0.034075,-0.001353,-0.999277,0.000000,0.000000
302380,0.005570,0.449427,-0.041436,-0.016630,-0.034125,-0.001179,-0.999279,0.000000,0.000343
302383,0.005571,0.449427,-0.041441,-0.016540,-0.034175,-0.001219,-0.999278,0.000000,0.000343
302387,0.005584,0.449419,-0.041445,-0.016806,-0.034090,-0.001298,-0.999277,0.000000,0.000343
302391,0.005597,0.449421,-0.041444,-0.016863,-0.034009,-0.001218,-0.999279,-0.000343,0.000343
302394,0.005606,0.449419,-0.041437,-0.016754,-0.034060,-0.001283,-0.999279,0.000000,0.000343
302398,0.005614,0.449418,-0.041421,-0.016916,-0.034047,-0.001187,-0.999276,0.000000,0.000343
302401,0.005612,0.449416,-0.041413,-0.016878,-0.034023,-0.001231,-0.999278,-0.000343,0.000343
302405,0.005615,0.449417,-0.041402,-0.016875,-0.034034,-0.001256,-0.999277,-0.000343,0.000687
302408,0.005613,0.449418,-0.041401,-0.016855,-0.034062,-0.001293,-0.999277,0.000000,0.000343
302412,0.005612,0.449418,-0.041404,-0.016908,-0.034014,-0.001228,-0.999278,-0.000343,0.000343
302415,0.005604,0.449429,-0.041407,-0.016603,-0.034124,-0.001105,-0.999279,0.000000,0.000343
302419,0.005593,0.449419,-0.041422,-0.016880,-0.034036,-0.001194,-0.999277,0.000000,0.000343
302422,0.005585,0.449421,-0.041424,-0.016802,-0.034046,-0.001265,-0.999278,0.000000,0.000343
302426,0.005574,0.449422,-0.041428,-0.016754,-0.034082,-0.001259,-0.999278,0.000000,0.000343
302429,0.005570,0.449432,-0.041423,-0.016591,-0.034128,-0.001182,-0.999279,0.000000,0.000343
302433,0.005576,0.449421,-0.041420,-0.016905,-0.034024,-0.001226,-0.999277,0.000000,0.000343
302437,0.005573,0.449420,-0.041410,-0.016763,-0.034026,-0.001345,-0.999279,0.000000,0.000343
302440,0.005574,0.449427,-0.041388,-0.016723,-0.034080,-0.001123,-0.999279,0.000000,0.000343
302444,0.005567,0.449426,-0.041378,-0.016695,-0.034085,-0.001184,-0.999279,0.000000,0.000343
302447,0.005568,0.449424,-0.041373,-0.016687,-0.034115,-0.001134,-0.999278,0.000000,0.000343
302451,0.005572,0.449425,-0.041380,-0.016712,-0.034111,-0.001190,-0.999278,0.000000,0.000343
302454,0.005578,0.449425,-0.041392,-0.016762,-0.034105,-0.001096,-0.999277,-0.000343,0.000343
302458,0.005579,0.449418,-0.041420,-0.016781,-0.034071,-0.001352,-0.999278,0.000000,0.000343
302461,0.005579,0.449420,-0.041431,-0.016817,-0.034078,-0.001275,-0.999277,0.000000,0.000687
302465,0.005572,0.449421,-0.041447,-0.016786,-0.034070,-0.001289,-0.999278,0.000000,0.000343
302468,0.005573,0.449423,-0.041447,-0.016869,-0.034040,-0.001253,-0.999277,-0.000343,0.000343
302472,0.005574,0.449422,-0.041447,-0.016755,-0.034090,-0.001307,-0.999278,0.000000,0.000343
302476,0.005577,0.449418,-0.041437,-0.016780,-0.034052,-0.001304,-0.999278,0.000000,0.000343
302479,0.005578,0.449428,-0.041421,-0.016588,-0.034135,-0.001186,-0.999279,0.000000,0.000343
302483,0.005575,0.449425,-0.041404,-0.016670,-0.034122,-0.001198,-0.999278,-0.000343,0.001030
302486,0.005575,0.449425,-0.041394,-0.016688,-0.034139,-0.001166,-0.999277,0.000000,0.509491
302490,0.005571,0.449417,-0.041397,-0.016759,-0.034040,-0.001322,-0.999279,0.000000,2.179070
302494,0.005553,0.449424,-0.041391,-0.016832,-0.034064,-0.001129,-0.999277,0.000000,6.111832
302495,0.005544,0.449424,-0.041394,-0.016649,-0.034104,-0.001292,-0.999279,0.000000,12.138176
302499,0.005543,0.449438,-0.041411,-0.016740,-0.033980,-0.000798,-0.999282,0.000000,17.013016
302503,0.005577,0.449448,-0.041397,-0.017207,-0.034099,-0.000032,-0.999270,0.000000,21.470032
302506,0.005619,0.449451,-0.041378,-0.017489,-0.034245,0.000457,-0.999260,0.000000,25.381165
302510,0.005618,0.449457,-0.041398,-0.017488,-0.034212,0.000592,-0.999261,0.000000,28.069382
302514,0.005636,0.449455,-0.041392,-0.017668,-0.034159,0.000848,-0.999260,0.000000,29.868393
302517,0.005640,0.449457,-0.041391,-0.017704,-0.034153,0.000931,-0.999259,-0.000343,31.324081
302521,0.005632,0.449456,-0.041389,-0.017688,-0.034161,0.000931,-0.999259,0.000000,32.977524
302524,0.005640,0.449457,-0.041376,-0.017734,-0.034168,0.001007,-0.999258,0.000000,35.328255
302528,0.005633,0.449456,-0.041374,-0.017884,-0.034121,0.001074,-0.999257,0.000000,38.836327
302531,0.005636,0.449458,-0.041374,-0.017823,-0.034125,0.001149,-0.999258,0.000000,44.170876
302535,0.005655,0.449467,-0.041374,-0.017863,-0.034105,0.001389,-0.999258,0.000000,50.416260
302539,0.005670,0.449475,-0.041384,-0.018025,-0.033956,0.001817,-0.999259,0.000000,56.697693
302542,0.005698,0.449485,-0.041384,-0.018198,-0.033824,0.002425,-0.999259,0.000000,62.943077
302546,0.005773,0.449506,-0.041371,-0.018757,-0.033822,0.003862,-0.999244,0.000000,69.156189
302549,0.005870,0.449533,-0.041341,-0.019485,-0.033834,0.005684,-0.999221,0.000000,75.327072
302553,0.006053,0.449574,-0.041279,-0.020836,-0.033911,0.008954,-0.999168,0.000000,81.471176
302556,0.006240,0.449611,-0.041207,-0.022129,-0.033987,0.011959,-0.999106,0.000000,87.566872
302560,0.006500,0.449660,-0.041100,-0.024284,-0.034129,0.016427,-0.998987,0.000000,92.278633
302563,0.006665,0.449679,-0.041028,-0.025480,-0.034125,0.019083,-0.998911,0.000000,93.537941
302567,0.006719,0.449675,-0.040980,-0.026021,-0.034089,0.019917,-0.998881,0.000000,91.736526
302571,0.006709,0.449676,-0.040958,-0.026146,-0.034054,0.020045,-0.998877,0.000000,87.400703
302574,0.006700,0.449663,-0.040907,-0.026392,-0.034004,0.020060,-0.998872,0.000000,82.885666
302578,0.006643,0.449664,-0.040919,-0.026287,-0.034010,0.019862,-0.998878,0.000000,79.997292
302581,0.006642,0.449668,-0.040921,-0.026301,-0.034020,0.019996,-0.998875,0.000000,79.639893
302585,0.006627,0.449664,-0.040932,-0.026254,-0.034017,0.019891,-0.998878,0.000000,81.530228
302588,0.006636,0.449675,-0.040976,-0.026131,-0.034043,0.019913,-0.998880,0.000000,85.567017
302592,0.006677,0.449683,-0.041006,-0.026169,-0.034024,0.020202,-0.998874,0.000000,89.349060
302595,0.006682,0.449686,-0.041019,-0.026076,-0.034118,0.020158,-0.998874,0.000343,91.879005
302599,0.006699,0.449688,-0.041022,-0.026136,-0.034101,0.020350,-0.998869,0.000000,92.452011
302602,0.006691,0.449683,-0.041008,-0.026261,-0.034098,0.020410,-0.998865,0.000000,91.228065
302606,0.006674,0.449684,-0.041001,-0.026239,-0.034067,0.020453,-0.998866,0.000000,88.902054
302610,0.006670,0.449674,-0.040962,-0.026563,-0.033962,0.020517,-0.998859,0.000000,86.550980
302613,0.006676,0.449672,-0.040954,-0.026546,-0.033978,0.020480,-0.998860,0.000000,85.170822
302617,0.006698,0.449677,-0.040952,-0.026455,-0.033998,0.020537,-0.998861,0.000000,85.230217
302620,0.006705,0.449675,-0.040945,-0.026489,-0.033992,0.020510,-0.998861,0.000000,86.678696
302624,0.006714,0.449679,-0.040954,-0.026520,-0.034011,0.020647,-0.998856,0.000000,88.916817
302627,0.006713,0.449683,-0.040961,-0.026433,-0.034042,0.020615,-0.998858,0.000000,91.125069
302631,0.006706,0.449684,-0.040964,-0.026447,-0.034050,0.020680,-0.998856,0.000000,92.484970
302635,0.006707,0.449685,-0.040960,-0.026425,-0.034028,0.020743,-0.998856,0.000000,92.941246
302638,0.006710,0.449685,-0.040955,-0.026509,-0.034023,0.020867,-0.998852,0.000000,92.363091
302641,0.006714,0.449685,-0.040958,-0.026483,-0.034003,0.020859,-0.998853,0.000000,91.197166
302645,0.006725,0.449683,-0.040952,-0.026651,-0.034015,0.021004,-0.998845,0.000000,90.038452
302649,0.006724,0.449682,-0.040953,-0.026577,-0.034050,0.020927,-0.998848,0.000000,89.449654
302652,0.006722,0.449685,-0.040955,-0.026620,-0.034037,0.020983,-0.998846,0.000000,89.581146
302656,0.006710,0.449683,-0.040961,-0.026634,-0.034029,0.021015,-0.998845,0.000000,90.518417
302659,0.006706,0.449684,-0.040965,-0.026652,-0.034008,0.021036,-0.998845,0.000000,91.907845
302663,0.006710,0.449689,-0.040976,-0.026555,-0.034040,0.021018,-0.998847,0.000000,93.278389
302666,0.006722,0.449689,-0.040977,-0.026674,-0.034008,0.021191,-0.998841,0.000000,94.224243
302670,0.006749,0.449691,-0.040966,-0.026709,-0.034064,0.021382,-0.998834,0.000000,94.556236
302674,0.006774,0.449694,-0.040952,-0.026951,-0.034017,0.021709,-0.998822,0.000000,94.415474
302677,0.006784,0.449693,-0.040937,-0.027080,-0.034051,0.021972,-0.998812,0.000000,93.921776
302681,0.006784,0.449697,-0.040930,-0.027099,-0.034064,0.022144,-0.998807,0.000000,93.406105
302684,0.006780,0.449697,-0.040922,-0.027201,-0.034035,0.022223,-0.998803,0.000343,93.157883
302688,0.006784,0.449695,-0.040916,-0.027351,-0.034053,0.022433,-0.998794,0.000000,93.287659
302691,0.006789,0.449699,-0.040918,-0.027341,-0.034042,0.022464,-0.998794,0.000000,93.904610
302695,0.006811,0.449700,-0.040920,-0.027385,-0.034053,0.022562,-0.998790,0.000000,94.806519
302698,0.006829,0.449704,-0.040926,-0.027435,-0.034041,0.022762,-0.998785,0.000000,95.730743
302702,0.006861,0.449709,-0.040915,-0.027660,-0.034046,0.023264,-0.998767,0.000000,96.462021
302705,0.006901,0.449717,-0.040896,-0.027963,-0.033962,0.023928,-0.998745,0.000000,96.817017
302709,0.006955,0.449724,-0.040852,-0.028579,-0.033972,0.025053,-0.998700,0.000000,96.898384
302712,0.006992,0.449727,-0.040821,-0.028964,-0.034019,0.025754,-0.998669,0.000000,96.800194
302716,0.007012,0.449731,-0.040815,-0.029044,-0.033986,0.026133,-0.998658,0.000000,96.649818
302719,0.007027,0.449732,-0.040814,-0.029163,-0.033998,0.026337,-0.998649,0.000000,96.607590
302723,0.007051,0.449739,-0.040824,-0.029286,-0.033999,0.026645,-0.998637,0.000343,96.732903
302727,0.007047,0.449739,-0.040838,-0.029341,-0.033972,0.026733,-0.998634,0.000000,97.138710
302730,0.007044,0.449743,-0.040843,-0.029418,-0.034021,0.026905,-0.998626,0.000343,97.756691
302734,0.007044,0.449747,-0.040844,-0.029537,-0.034010,0.027247,-0.998613,0.000000,98.439217
302737,0.007060,0.449752,-0.040839,-0.029677,-0.033997,0.027581,-0.998600,0.000000,99.045181
302741,0.007102,0.449757,-0.040827,-0.029948,-0.034012,0.028132,-0.998576,0.000000,99.468842
302744,0.007131,0.449762,-0.040809,-0.030047,-0.034051,0.028418,-0.998564,0.000000,99.668999
302748,0.007158,0.449762,-0.040785,-0.030092,-0.034029,0.028653,-0.998557,0.000343,99.717064
302752,0.007165,0.449762,-0.040751,-0.030255,-0.033995,0.028843,-0.998547,0.000000,99.733543
302755,0.007163,0.449759,-0.040740,-0.030312,-0.033993,0.028960,-0.998542,0.000000,99.822121
302759,0.007160,0.449759,-0.040735,-0.030377,-0.034005,0.029014,-0.998538,0.000343,100.055923
302762,0.007168,0.449762,-0.040746,-0.030440,-0.033995,0.029162,-0.998533,0.000000,100.449715
302766,0.007183,0.449770,-0.040771,-0.030336,-0.034050,0.029287,-0.998530,0.000343,100.951653
302769,0.007196,0.449776,-0.040784,-0.030390,-0.034046,0.029478,-0.998523,0.000000,101.489639
302773,0.007213,0.449778,-0.040787,-0.030561,-0.034107,0.029822,-0.998506,0.000000,101.953125
302776,0.007220,0.449779,-0.040785,-0.030716,-0.034059,0.030066,-0.998495,0.000000,102.296448
302780,0.007232,0.449782,-0.040774,-0.030792,-0.034036,0.030356,-0.998485,0.000000,102.522354
302783,0.007246,0.449783,-0.040755,-0.030971,-0.034037,0.030690,-0.998469,0.000000,102.677536
302787,0.007263,0.449785,-0.040725,-0.031156,-0.034016,0.031033,-0.998453,0.000343,102.826881
302791,0.007283,0.449783,-0.040693,-0.031422,-0.034005,0.031356,-0.998435,0.000000,103.029099
302794,0.007302,0.449783,-0.040671,-0.031624,-0.034026,0.031747,-0.998416,0.000000,103.308907
302798,0.007336,0.449787,-0.040658,-0.031839,-0.034004,0.032249,-0.998394,0.000343,103.698578
302801,0.007367,0.449790,-0.040657,-0.032040,-0.033990,0.032691,-0.998373,0.000000,104.124298
302805,0.007415,0.449803,-0.040664,-0.032310,-0.033990,0.033433,-0.998340,0.000343,104.552422
302808,0.007442,0.449809,-0.040671,-0.032526,-0.033984,0.033980,-0.998315,0.000000,104.966469
302812,0.007471,0.449816,-0.040674,-0.032714,-0.033981,0.034619,-0.998287,0.000000,105.288162
302815,0.007491,0.449818,-0.040668,-0.032971,-0.033976,0.035094,-0.998262,0.000000,105.545998
302819,0.007515,0.449824,-0.040653,-0.033195,-0.034037,0.035683,-0.998232,0.000343,105.764351
302822,0.007538,0.449826,-0.040642,-0.033373,-0.034007,0.036045,-0.998214,0.000343,105.988541
302826,0.007572,0.449828,-0.040619,-0.033650,-0.033974,0.036502,-0.998189,0.000000,106.256332
302830,0.007597,0.449832,-0.040595,-0.033728,-0.033966,0.036946,-0.998170,0.000000,106.571159
302833,0.007613,0.449836,-0.040572,-0.033802,-0.033982,0.037153,-0.998160,0.000343,106.940231
302837,0.007640,0.449838,-0.040542,-0.034133,-0.033998,0.037670,-0.998128,0.000000,107.329903
302840,0.007656,0.449840,-0.040526,-0.034289,-0.033978,0.037973,-0.998112,0.000343,107.715111
302844,0.007684,0.449843,-0.040517,-0.034424,-0.033965,0.038322,-0.998095,0.000343,108.029594
302847,0.007706,0.449847,-0.040515,-0.034579,-0.034013,0.038669,-0.998074,0.000343,108.369827
302851,0.007726,0.449853,-0.040518,-0.034696,-0.034032,0.039050,-0.998055,0.000000,108.648262
302854,0.007729,0.449855,-0.040526,-0.034690,-0.034055,0.039193,-0.998048,0.000000,108.906097
302858,0.007732,0.449855,-0.040529,-0.034907,-0.034030,0.039468,-0.998031,0.000343,109.185905
302862,0.007734,0.449858,-0.040538,-0.034920,-0.034077,0.039663,-0.998021,0.000343,109.482536
302865,0.007744,0.449859,-0.040542,-0.035032,-0.034057,0.039866,-0.998010,0.000000,109.820709
302869,0.007773,0.449863,-0.040542,-0.035198,-0.034134,0.040220,-0.997987,0.000000,110.172958
302872,0.007794,0.449867,-0.040540,-0.035308,-0.034093,0.040466,-0.997975,0.000343,110.540657
302876,0.007819,0.449870,-0.040530,-0.035375,-0.034081,0.040724,-0.997962,0.000343,110.879517
302879,0.007835,0.449871,-0.040511,-0.035550,-0.034108,0.041047,-0.997942,0.000343,111.237259
302883,0.007852,0.449872,-0.040486,-0.035698,-0.034109,0.041388,-0.997922,0.000000,111.553459
302886,0.007864,0.449874,-0.040469,-0.035829,-0.034105,0.041620,-0.997908,0.000000,111.863823
302890,0.007883,0.449875,-0.040453,-0.036135,-0.034106,0.042035,-0.997880,0.000343,112.147064
302893,0.007896,0.449878,-0.040444,-0.036322,-0.034101,0.042315,-0.997861,0.000343,112.438545
302897,0.007908,0.449883,-0.040443,-0.036364,-0.034108,0.042590,-0.997848,0.000343,112.746506
302901,0.007921,0.449888,-0.040446,-0.036541,-0.034141,0.042989,-0.997823,0.000343,113.075752
302904,0.007932,0.449891,-0.040451,-0.036631,-0.034164,0.043262,-0.997807,0.000000,113.420105
302907,0.007942,0.449893,-0.040459,-0.036709,-0.034128,0.043492,-0.997796,0.000000,113.802910
302911,0.007960,0.449895,-0.040458,-0.036872,-0.034091,0.043790,-0.997778,0.000000,114.113274
302915,0.007981,0.449898,-0.040443,-0.037011,-0.034142,0.044105,-0.997757,0.000000,114.416771
302919,0.008006,0.449900,-0.040413,-0.037280,-0.034112,0.044524,-0.997730,0.000343,114.780350
302922,0.008021,0.449898,-0.040389,-0.037479,-0.034122,0.044858,-0.997707,0.000000,115.085907
302925,0.008044,0.449898,-0.040364,-0.037722,-0.034102,0.045289,-0.997679,0.000343,115.383568
302929,0.008076,0.449901,-0.040339,-0.037827,-0.034094,0.045758,-0.997654,0.000343,115.686722
302933,0.008106,0.449905,-0.040325,-0.038175,-0.034069,0.046317,-0.997616,0.000343,115.968933
302936,0.008126,0.449910,-0.040323,-0.038296,-0.034106,0.046690,-0.997592,0.000000,116.338692
302940,0.008148,0.449910,-0.040322,-0.038604,-0.034074,0.047275,-0.997554,0.000343,116.680984
302943,0.008170,0.449914,-0.040327,-0.038820,-0.034102,0.047788,-0.997520,0.000000,117.031174
302947,0.008200,0.449927,-0.040341,-0.039007,-0.034079,0.048405,-0.997484,0.000000,117.385139
302950,0.008224,0.449929,-0.040353,-0.039098,-0.034081,0.048757,-0.997463,0.000343,117.708206
302954,0.008264,0.449930,-0.040355,-0.039412,-0.034012,0.049315,-0.997426,0.000000,118.016167
302957,0.008293,0.449935,-0.040350,-0.039593,-0.034045,0.049715,-0.997398,0.000343,118.296318
302961,0.008332,0.449934,-0.040319,-0.039883,-0.034068,0.050327,-0.997355,0.000343,118.652687
302964,0.008357,0.449936,-0.040289,-0.040176,-0.034061,0.050846,-0.997317,0.000000,118.983307
302968,0.008409,0.449941,-0.040234,-0.040674,-0.034049,0.051805,-0.997247,0.000343,119.308090
302972,0.008454,0.449944,-0.040188,-0.041078,-0.033958,0.052638,-0.997190,0.000343,119.629784
302975,0.008499,0.449944,-0.040155,-0.041479,-0.033982,0.053369,-0.997134,0.000000,119.967613
302979,0.008538,0.449954,-0.040127,-0.041762,-0.034010,0.054102,-0.997082,0.000000,120.300980
302982,0.008553,0.449956,-0.040122,-0.041853,-0.034042,0.054427,-0.997059,0.000000,120.632629
302986,0.008572,0.449957,-0.040121,-0.042164,-0.034053,0.054966,-0.997016,0.000343,120.959816
302989,0.008582,0.449960,-0.040131,-0.042287,-0.034065,0.055232,-0.996996,0.000000,121.279793
302993,0.008599,0.449964,-0.040143,-0.042408,-0.034053,0.055633,-0.996969,0.000343,121.592216
302996,0.008620,0.449967,-0.040147,-0.042564,-0.034072,0.055977,-0.996942,0.000000,121.923866
303000,0.008652,0.449974,-0.040147,-0.042745,-0.034082,0.056527,-0.996903,0.000000,122.254829
303004,0.008691,0.449978,-0.040135,-0.042988,-0.034031,0.057044,-0.996865,0.000343,122.596436
303007,0.008721,0.449978,-0.040117,-0.043263,-0.034014,0.057517,-0.996827,0.000000,122.926369
303011,0.008763,0.449983,-0.040090,-0.043507,-0.034094,0.058150,-0.996777,0.000000,123.244286
303014,0.008792,0.449983,-0.040067,-0.043740,-0.034060,0.058680,-0.996736,0.000343,123.564606
303018,0.008831,0.449985,-0.040037,-0.044167,-0.034026,0.059489,-0.996671,0.000000,123.906212
303021,0.008860,0.449989,-0.040018,-0.044485,-0.034004,0.060181,-0.996616,0.000343,124.240265
303025,0.008905,0.449995,-0.039997,-0.044738,-0.034059,0.060952,-0.996556,0.000000,124.580154
303028,0.008932,0.449998,-0.039990,-0.044996,-0.034035,0.061509,-0.996511,0.000343,124.885712
303032,0.008970,0.450003,-0.039983,-0.045248,-0.034102,0.062160,-0.996457,0.000343,125.250320
303036,0.009012,0.450008,-0.039978,-0.045568,-0.034107,0.062808,-0.996401,0.000000,125.552444
303039,0.009046,0.450010,-0.039973,-0.045848,-0.034099,0.063320,-0.996356,0.000343,125.807533
303043,0.009088,0.450014,-0.039964,-0.046086,-0.034071,0.063867,-0.996311,0.000000,126.042023
303046,0.009113,0.450015,-0.039963,-0.046216,-0.034074,0.064178,-0.996285,0.000343,126.256599
303049,0.009140,0.450015,-0.039950,-0.046441,-0.034057,0.064563,-0.996251,0.000343,126.443367
303053,0.009177,0.450019,-0.039933,-0.046711,-0.034054,0.065089,-0.996204,0.000343,126.601639
303057,0.009204,0.450021,-0.039913,-0.046883,-0.034049,0.065443,-0.996173,0.000343,126.749268
303060,0.009218,0.450019,-0.039895,-0.047022,-0.034030,0.065678,-0.996151,0.000000,126.862221
303064,0.009228,0.450021,-0.039869,-0.047192,-0.034056,0.066005,-0.996121,0.000343,126.990967
303068,0.009230,0.450019,-0.039847,-0.047370,-0.033972,0.066271,-0.996097,0.000343,127.140656
303071,0.009233,0.450017,-0.039831,-0.047454,-0.034009,0.066438,-0.996081,0.000000,127.323990
303074,0.009237,0.450019,-0.039821,-0.047584,-0.034019,0.066668,-0.996059,0.000000,127.494965
303078,0.009242,0.450023,-0.039817,-0.047644,-0.033990,0.066936,-0.996039,0.000000,127.713661
303082,0.009257,0.450022,-0.039819,-0.047889,-0.034037,0.067371,-0.995997,0.000000,127.913475
303085,0.009273,0.450023,-0.039825,-0.047972,-0.034036,0.067604,-0.995977,0.000000,128.103676
303089,0.009298,0.450028,-0.039835,-0.048055,-0.034026,0.067911,-0.995952,0.000000,128.271904
303093,0.009320,0.450031,-0.039844,-0.048157,-0.034000,0.068244,-0.995926,0.000343,128.418159
303096,0.009334,0.450033,-0.039846,-0.048206,-0.034012,0.068447,-0.995909,0.000000,128.552399
303099,0.009347,0.450033,-0.039850,-0.048230,-0.034008,0.068552,-0.995901,0.000343,128.716164
303103,0.009367,0.450035,-0.039840,-0.048465,-0.034007,0.068842,-0.995869,0.000343,128.859673
303107,0.009380,0.450035,-0.039833,-0.048487,-0.034025,0.069000,-0.995857,0.000000,129.023094
303110,0.009391,0.450036,-0.039824,-0.048594,-0.033995,0.069163,-0.995841,0.000000,129.194756
303114,0.009407,0.450033,-0.039807,-0.048787,-0.034007,0.069459,-0.995811,0.000000,129.388046
303117,0.009416,0.450035,-0.039800,-0.048863,-0.033994,0.069654,-0.995794,0.000343,129.574127
303120,0.009424,0.450037,-0.039793,-0.048909,-0.034006,0.069823,-0.995779,0.000000,129.767075
303124,0.009433,0.450037,-0.039785,-0.049047,-0.033938,0.070105,-0.995755,0.000000,129.939423
303128,0.009442,0.450039,-0.039774,-0.049087,-0.034004,0.070388,-0.995731,0.000000,130.078812
303132,0.009448,0.450036,-0.039766,-0.049268,-0.033987,0.070613,-0.995706,0.000000,130.236397
303135,0.009449,0.450034,-0.039757,-0.049393,-0.033953,0.070807,-0.995688,0.000343,130.375443
303138,0.009462,0.450039,-0.039753,-0.049537,-0.033979,0.071084,-0.995660,0.000000,130.524101
303142,0.009478,0.450044,-0.039754,-0.049524,-0.033942,0.071229,-0.995652,0.000000,130.692329
303146,0.009503,0.450048,-0.039759,-0.049705,-0.033962,0.071631,-0.995613,0.000000,130.860214
303149,0.009513,0.450048,-0.039758,-0.049781,-0.033959,0.071818,-0.995596,0.000000,131.069984
303153,0.009518,0.450047,-0.039759,-0.049878,-0.033930,0.072014,-0.995578,0.000000,131.251602
303156,0.009527,0.450053,-0.039755,-0.049998,-0.033946,0.072263,-0.995553,0.000000,131.418800
303160,0.009544,0.450056,-0.039745,-0.050065,-0.033986,0.072501,-0.995531,0.000000,131.582222
303163,0.009564,0.450058,-0.039735,-0.050152,-0.033971,0.072689,-0.995514,0.000000,131.741180
303167,0.009589,0.450052,-0.039714,-0.050369,-0.033954,0.073023,-0.995479,0.000343,131.888809
303171,0.009603,0.450056,-0.039694,-0.050390,-0.033962,0.073351,-0.995453,0.000343,132.028542
303174,0.009609,0.450051,-0.039688,-0.050525,-0.033920,0.073406,-0.995444,0.000343,132.176170
303177,0.009615,0.450053,-0.039686,-0.050690,-0.033920,0.073632,-0.995419,0.000343,132.367401
303181,0.009629,0.450057,-0.039691,-0.050834,-0.033949,0.073938,-0.995388,0.000000,132.546959
303185,0.009641,0.450056,-0.039708,-0.050931,-0.033929,0.074223,-0.995362,0.000343,132.715874
303188,0.009653,0.450059,-0.039715,-0.050978,-0.033981,0.074446,-0.995341,0.000000,132.886162
303192,0.009666,0.450062,-0.039718,-0.051092,-0.033985,0.074793,-0.995309,0.000343,133.041687
303195,0.009682,0.450071,-0.039711,-0.051078,-0.033977,0.074988,-0.995296,0.000000,133.213348
303199,0.009709,0.450064,-0.039693,-0.051427,-0.033944,0.075311,-0.995255,0.000000,133.370247
303202,0.009729,0.450065,-0.039673,-0.051436,-0.033943,0.075540,-0.995237,0.000000,133.527145
303206,0.009752,0.450064,-0.039642,-0.051587,-0.033921,0.075782,-0.995211,0.000000,133.692627
303209,0.009764,0.450065,-0.039617,-0.051706,-0.033932,0.075980,-0.995189,0.000343,133.853302
303213,0.009771,0.450064,-0.039586,-0.051903,-0.033946,0.076329,-0.995152,0.000343,134.008141
303216,0.009776,0.450064,-0.039574,-0.051921,-0.033983,0.076463,-0.995140,0.000000,134.189758
303220,0.009787,0.450063,-0.039570,-0.052124,-0.033901,0.076815,-0.995105,0.000000,134.355583
303224,0.009799,0.450066,-0.039578,-0.052196,-0.033957,0.077124,-0.995075,0.000000,134.510422
303227,0.009803,0.450069,-0.039593,-0.052271,-0.033911,0.077305,-0.995059,0.000000,134.662514
303231,0.009809,0.450070,-0.039607,-0.052472,-0.033924,0.077581,-0.995026,0.000343,134.816322
303234,0.009811,0.450070,-0.039619,-0.052543,-0.033967,0.077781,-0.995005,0.000000,134.982147
303238,0.009818,0.450071,-0.039633,-0.052542,-0.033919,0.077906,-0.994997,0.000343,135.152779
303241,0.009834,0.450070,-0.039634,-0.052707,-0.033949,0.078129,-0.994970,0.000000,135.318260
303245,0.009860,0.450076,-0.039634,-0.052770,-0.033940,0.078431,-0.994943,0.000000,135.478592
303249,0.009889,0.450077,-0.039624,-0.052843,-0.033956,0.078580,-0.994927,0.000000,135.638237
303252,0.009908,0.450076,-0.039607,-0.052974,-0.033942,0.078820,-0.994902,0.000000,135.790672
303256,0.009925,0.450074,-0.039581,-0.053005,-0.033968,0.078960,-0.994888,0.000343,135.946198
303259,0.009935,0.450072,-0.039557,-0.053085,-0.033962,0.079108,-0.994872,0.000343,136.107903
303263,0.009947,0.450072,-0.039528,-0.053245,-0.033993,0.079379,-0.994841,0.000000,136.263771
303266,0.009954,0.450072,-0.039511,-0.053341,-0.034000,0.079540,-0.994823,0.000000,136.427536
303270,0.009963,0.450072,-0.039507,-0.053366,-0.033996,0.079708,-0.994808,0.000000,136.588211
303273,0.009974,0.450073,-0.039510,-0.053478,-0.033982,0.079954,-0.994783,0.000000,136.759529
303277,0.009989,0.450075,-0.039523,-0.053547,-0.034035,0.080184,-0.994759,0.000000,136.918488
303281,0.009999,0.450077,-0.039543,-0.053612,-0.034040,0.080409,-0.994737,0.000343,137.075729
303284,0.010005,0.450080,-0.039555,-0.053673,-0.034051,0.080605,-0.994717,0.000000,137.229195
303288,0.010013,0.450082,-0.039562,-0.053695,-0.034048,0.080813,-0.994699,0.000000,137.375450
303291,0.010017,0.450082,-0.039558,-0.053741,-0.034012,0.080928,-0.994689,0.000000,137.523766
303295,0.010028,0.450080,-0.039537,-0.054001,-0.034000,0.081247,-0.994649,0.000000,137.673111
303298,0.010036,0.450078,-0.039520,-0.054032,-0.034030,0.081381,-0.994635,0.000000,137.832413
303302,0.010050,0.450077,-0.039497,-0.054106,-0.034071,0.081581,-0.994614,0.000000,137.997551
303305,0.010064,0.450075,-0.039485,-0.054222,-0.034074,0.081762,-0.994592,0.000343,138.164749
303309,0.010081,0.450078,-0.039484,-0.054310,-0.034071,0.082068,-0.994563,0.000000,138.329201
303313,0.010088,0.450078,-0.039494,-0.054439,-0.034009,0.082305,-0.994538,0.000000,138.488159
303316,0.010094,0.450082,-0.039502,-0.054502,-0.034043,0.082507,-0.994517,0.000000,138.634758
303320,0.010098,0.450086,-0.039513,-0.054549,-0.034032,0.082680,-0.994500,0.000343,138.794403
303323,0.010108,0.450087,-0.039518,-0.054540,-0.034028,0.082758,-0.994494,0.000000,138.932076
303327,0.010127,0.450085,-0.039514,-0.054770,-0.034030,0.083047,-0.994457,0.000343,139.069405
303330,0.010145,0.450085,-0.039503,-0.054805,-0.034033,0.083156,-0.994446,0.000000,139.215317
303334,0.010170,0.450086,-0.039480,-0.054848,-0.034031,0.083335,-0.994429,0.000000,139.385948
303337,0.010182,0.450085,-0.039459,-0.054955,-0.034039,0.083471,-0.994411,0.000000,139.547310
303341,0.010194,0.450085,-0.039433,-0.055074,-0.034053,0.083711,-0.994384,0.000000,139.714165
303344,0.010197,0.450082,-0.039426,-0.055155,-0.034024,0.083806,-0.994373,0.000000,139.879646
303348,0.010206,0.450084,-0.039424,-0.055322,-0.034021,0.084085,-0.994340,0.000000,140.034142
303351,0.010212,0.450086,-0.039432,-0.055371,-0.034036,0.084263,-0.994322,0.000000,140.163918
303355,0.010219,0.450091,-0.039453,-0.055343,-0.034054,0.084404,-0.994311,0.000000,140.315666
303359,0.010224,0.450091,-0.039469,-0.055498,-0.034037,0.084605,-0.994286,0.000343,140.459175
303362,0.010231,0.450095,-0.039473,-0.055523,-0.034046,0.084792,-0.994268,0.000000,140.609207
303366,0.010239,0.450094,-0.039472,-0.055548,-0.034022,0.084900,-0.994258,0.000343,140.764732
303369,0.010249,0.450094,-0.039459,-0.055682,-0.034015,0.085118,-0.994232,0.000000,140.923691
303373,0.010267,0.450091,-0.039437,-0.055735,-0.034061,0.085266,-0.994215,0.000000,141.085739
303376,0.010280,0.450092,-0.039418,-0.055821,-0.034072,0.085461,-0.994193,0.000000,141.242981
303380,0.010299,0.450086,-0.039396,-0.056086,-0.034063,0.085699,-0.994158,0.000000,141.391296
303383,0.010309,0.450091,-0.039384,-0.056159,-0.034082,0.085981,-0.994129,0.000000,141.536865
303387,0.010317,0.450091,-0.039385,-0.056152,-0.034064,0.086141,-0.994116,0.000000,141.678314
303391,0.010327,0.450093,-0.039392,-0.056380,-0.034061,0.086450,-0.994076,0.000343,141.811180
303394,0.010333,0.450096,-0.039402,-0.056374,-0.034093,0.086612,-0.994061,0.000000,141.952972
303398,0.010340,0.450099,-0.039414,-0.056486,-0.034087,0.086788,-0.994040,0.000000,142.110901
303401,0.010348,0.450097,-0.039417,-0.056610,-0.034076,0.086981,-0.994016,0.000000,142.271919
303405,0.010367,0.450100,-0.039408,-0.056683,-0.034100,0.087298,-0.993984,0.000000,142.431221
303408,0.010380,0.450099,-0.039395,-0.056766,-0.034101,0.087468,-0.993964,0.000000,142.566490
303412,0.010400,0.450097,-0.039366,-0.056985,-0.034081,0.087800,-0.993923,0.000343,142.729912
303415,0.010419,0.450095,-0.039340,-0.057028,-0.034164,0.088017,-0.993898,0.000000,142.867928
303419,0.010440,0.450097,-0.039317,-0.057104,-0.034132,0.088212,-0.993878,0.000000,143.005600
303423,0.010458,0.450093,-0.039307,-0.057344,-0.034148,0.088549,-0.993833,0.000343,143.140182
303426,0.010470,0.450095,-0.039310,-0.057368,-0.034164,0.088696,-0.993818,0.000000,143.281631
303430,0.010477,0.450097,-0.039323,-0.057430,-0.034142,0.088907,-0.993797,0.000000,143.431664
303433,0.010482,0.450099,-0.039336,-0.057503,-0.034191,0.089071,-0.993776,0.000000,143.590965
303437,0.010488,0.450102,-0.039350,-0.057533,-0.034192,0.089314,-0.993753,0.000000,143.734131
303440,0.010493,0.450104,-0.039353,-0.057566,-0.034185,0.089396,-0.993743,0.000000,143.898582
303444,0.010505,0.450102,-0.039344,-0.057781,-0.034184,0.089675,-0.993706,0.000000,144.042091
303447,0.010517,0.450101,-0.039332,-0.057817,-0.034181,0.089801,-0.993693,0.000000,144.186630
303451,0.010538,0.450097,-0.039310,-0.057871,-0.034250,0.089950,-0.993673,0.000000,144.324303
303454,0.010548,0.450096,-0.039291,-0.057944,-0.034181,0.090095,-0.993658,0.000000,144.456482
303458,0.010567,0.450094,-0.039273,-0.058084,-0.034195,0.090371,-0.993625,0.000000,144.586945
303462,0.010577,0.450093,-0.039269,-0.058134,-0.034167,0.090486,-0.993612,0.000000,144.728737
303465,0.010583,0.450093,-0.039271,-0.058225,-0.034178,0.090673,-0.993590,0.000000,144.880142
303469,0.010588,0.450099,-0.039281,-0.058197,-0.034227,0.090781,-0.993580,0.000000,145.027771
303472,0.010587,0.450101,-0.039292,-0.058247,-0.034222,0.090917,-0.993564,0.000000,145.177803
303476,0.010587,0.450099,-0.039302,-0.058368,-0.034207,0.091084,-0.993542,0.000000,145.323372
303479,0.010595,0.450103,-0.039304,-0.058403,-0.034229,0.091236,-0.993526,0.000000,145.476151
303483,0.010602,0.450104,-0.039299,-0.058380,-0.034197,0.091351,-0.993518,0.000000,145.608330
303486,0.010614,0.450102,-0.039287,-0.058497,-0.034197,0.091502,-0.993497,0.000000,145.738106
303490,0.010626,0.450100,-0.039268,-0.058589,-0.034202,0.091667,-0.993476,0.000000,145.867882
303493,0.010636,0.450098,-0.039251,-0.058641,-0.034223,0.091796,-0.993460,0.000000,145.999031
303497,0.010593,0.450092,-0.039264,-0.059229,-0.033139,0.092195,-0.993425,0.000000,146.153183
303500,0.010661,0.450097,-0.039228,-0.058906,-0.034240,0.092136,-0.993413,0.000000,146.304932
303504,0.010619,0.450095,-0.039260,-0.059286,-0.033185,0.092452,-0.993396,0.000000,146.457710
303508,0.010632,0.450096,-0.039268,-0.059411,-0.033164,0.092737,-0.993363,0.000000,146.609116
303511,0.010639,0.450096,-0.039274,-0.059491,-0.033171,0.092893,-0.993344,0.000000,146.750565
303515,0.010648,0.450098,-0.039286,-0.059463,-0.033194,0.093073,-0.993328,0.000000,146.873817
303518,0.010714,0.450104,-0.039257,-0.059173,-0.034233,0.093015,-0.993315,0.000000,146.996040
303522,0.010676,0.450099,-0.039282,-0.059705,-0.033218,0.093444,-0.993277,0.000000,147.123070
303526,0.010685,0.450096,-0.039268,-0.059840,-0.033196,0.093667,-0.993249,0.000000,147.255936
303529,0.010694,0.450093,-0.039254,-0.059915,-0.033235,0.093755,-0.993235,0.000000,147.392578
303532,0.010703,0.450093,-0.039239,-0.060030,-0.033255,0.093931,-0.993211,0.000000,147.528877
303536,0.010711,0.450093,-0.039231,-0.060017,-0.033260,0.094064,-0.993199,0.000000,147.667923
303540,0.010727,0.450093,-0.039230,-0.060217,-0.033263,0.094351,-0.993159,0.000000,147.817955
303543,0.010733,0.450095,-0.039239,-0.060193,-0.033268,0.094451,-0.993151,0.000000,147.981033
303546,0.010738,0.450099,-0.039248,-0.060187,-0.033293,0.094640,-0.993133,0.000000,148.114929
303550,0.010741,0.450100,-0.039257,-0.060303,-0.033275,0.094778,-0.993113,0.000000,148.245735
303554,0.010750,0.450102,-0.039258,-0.060352,-0.033297,0.094984,-0.993090,0.000000,148.373108
303558,0.010764,0.450102,-0.039252,-0.060493,-0.033274,0.095142,-0.993067,0.000000,148.497734
303561,0.010777,0.450103,-0.039240,-0.060557,-0.033235,0.095299,-0.993049,0.000000,148.627510
303564,0.010791,0.450100,-0.039224,-0.060576,-0.033277,0.095342,-0.993042,0.000000,148.759003
303568,0.010805,0.450100,-0.039196,-0.060651,-0.033315,0.095490,-0.993022,0.000000,148.895645
303572,0.010833,0.450094,-0.039150,-0.060743,-0.033742,0.095562,-0.992995,0.000000,149.028168
303575,0.010838,0.450094,-0.039136,-0.060783,-0.033780,0.095686,-0.992980,0.000000,149.172707
303579,0.010842,0.450095,-0.039135,-0.060827,-0.033728,0.095844,-0.992964,0.000000,149.315529
303582,0.010852,0.450095,-0.039142,-0.060902,-0.033737,0.095976,-0.992946,0.000000,149.429512
303586,0.010859,0.450101,-0.039163,-0.060926,-0.033785,0.096214,-0.992920,0.000000,149.561348
303589,0.010841,0.450104,-0.039194,-0.061046,-0.033344,0.096417,-0.992908,0.000000,149.710350
303593,0.010847,0.450105,-0.039212,-0.061242,-0.033291,0.096655,-0.992874,0.000000,149.841499
303596,0.010855,0.450108,-0.039222,-0.061258,-0.033323,0.096775,-0.992860,0.000000,149.964066
303600,0.010870,0.450110,-0.039224,-0.061247,-0.033315,0.096877,-0.992851,0.000000,150.088692
303604,0.010886,0.450110,-0.039216,-0.061381,-0.033324,0.097058,-0.992825,0.000000,150.216408
303607,0.010919,0.450107,-0.039189,-0.061303,-0.033744,0.097038,-0.992818,0.000000,150.354767
303611,0.010932,0.450107,-0.039163,-0.061381,-0.033772,0.097180,-0.992798,0.000000,150.492439
303614,0.010939,0.450103,-0.039142,-0.061539,-0.033761,0.097356,-0.992771,0.000000,150.621185
303618,0.010949,0.450100,-0.039119,-0.061571,-0.033831,0.097450,-0.992758,0.000000,150.760918
303621,0.010957,0.450102,-0.039109,-0.061672,-0.033790,0.097616,-0.992737,0.000000,150.901680
303625,0.010962,0.450101,-0.039107,-0.061826,-0.033768,0.097791,-0.992711,0.000000,151.025276
303629,0.010970,0.450107,-0.039113,-0.061736,-0.033820,0.097951,-0.992699,0.000000,151.168785
303632,0.010970,0.450107,-0.039121,-0.061819,-0.033768,0.098036,-0.992687,-0.000343,151.279335
303636,0.010978,0.450108,-0.039123,-0.061983,-0.033780,0.098281,-0.992652,0.000000,151.395035
303639,0.010983,0.450108,-0.039125,-0.061956,-0.033816,0.098384,-0.992642,0.000000,151.505928
303643,0.010992,0.450111,-0.039121,-0.062061,-0.033766,0.098511,-0.992625,0.000000,151.639137
303646,0.011002,0.450108,-0.039113,-0.062168,-0.033790,0.098655,-0.992603,0.000000,151.780586
303650,0.011013,0.450110,-0.039102,-0.062185,-0.033758,0.098819,-0.992587,0.000000,151.918602
303653,0.011019,0.450106,-0.039094,-0.062256,-0.033767,0.098911,-0.992573,-0.000343,152.046318
303657,0.011033,0.450106,-0.039081,-0.062462,-0.033747,0.099193,-0.992532,0.000000,152.196693
303660,0.011036,0.450106,-0.039080,-0.062498,-0.033774,0.099298,-0.992519,0.000000,152.324409
303664,0.011046,0.450108,-0.039081,-0.062492,-0.033780,0.099422,-0.992506,0.000000,152.441483
303668,0.011054,0.450109,-0.039088,-0.062665,-0.033780,0.099651,-0.992473,0.000000,152.554436
303671,0.011063,0.450113,-0.039095,-0.062655,-0.033767,0.099733,-0.992465,0.000000,152.664986
303675,0.011071,0.450114,-0.039104,-0.062718,-0.033739,0.099950,-0.992441,0.000000,152.781372
303678,0.011078,0.450113,-0.039110,-0.062758,-0.033734,0.100012,-0.992432,0.000000,152.906685
303682,0.011088,0.450116,-0.039109,-0.062772,-0.033782,0.100213,-0.992409,0.000000,153.034744
303685,0.011096,0.450117,-0.039107,-0.062795,-0.033774,0.100292,-0.992400,0.000000,153.173103
303689,0.011112,0.450115,-0.039093,-0.063036,-0.033791,0.100591,-0.992354,0.000000,153.310089
303693,0.011129,0.450113,-0.039075,-0.063045,-0.033792,0.100704,-0.992342,0.000000,153.463898
303696,0.011143,0.450111,-0.039058,-0.063146,-0.033801,0.100854,-0.992320,0.000000,153.592300
303699,0.011185,0.450118,-0.039027,-0.062995,-0.034340,0.100947,-0.992301,-0.000343,153.706627
303703,0.011197,0.450119,-0.039008,-0.063129,-0.034336,0.101224,-0.992265,0.000000,153.810310
303706,0.011199,0.450118,-0.038997,-0.063069,-0.034361,0.101269,-0.992263,-0.000343,153.912964
303710,0.011206,0.450117,-0.038988,-0.063278,-0.034327,0.101527,-0.992225,0.000000,154.029694
303714,0.011203,0.450118,-0.038989,-0.063261,-0.034372,0.101590,-0.992218,0.000000,154.155350
303717,0.011204,0.450119,-0.038992,-0.063345,-0.034375,0.101729,-0.992198,0.000000,154.285126
303721,0.011204,0.450118,-0.039002,-0.063484,-0.034352,0.101938,-0.992169,0.000000,154.417305
303724,0.011177,0.450111,-0.039025,-0.063797,-0.033861,0.102149,-0.992144,0.000000,154.552574
303728,0.011190,0.450114,-0.039038,-0.063743,-0.033841,0.102268,-0.992136,0.000000,154.688187
303731,0.011199,0.450113,-0.039045,-0.063876,-0.033801,0.102478,-0.992107,-0.000343,154.821739
303735,0.011249,0.450123,-0.039031,-0.063629,-0.034405,0.102666,-0.992082,0.000000,154.938812
303739,0.011262,0.450119,-0.039025,-0.063763,-0.034380,0.102823,-0.992058,-0.000343,155.042152
303742,0.011276,0.450119,-0.039011,-0.063879,-0.034361,0.102988,-0.992034,0.000000,155.129356
303745,0.011288,0.450116,-0.038997,-0.063999,-0.034382,0.103218,-0.992002,0.000000,155.253983
303749,0.011302,0.450117,-0.038981,-0.063947,-0.034401,0.103337,-0.991992,0.000000,155.378265
303753,0.011319,0.450114,-0.038967,-0.064157,-0.034394,0.103586,-0.991953,0.000000,155.509758
303756,0.011328,0.450116,-0.038961,-0.064216,-0.034418,0.103747,-0.991932,-0.000343,155.637131
303760,0.011331,0.450115,-0.038961,-0.064214,-0.034422,0.103830,-0.991923,-0.000343,155.759697
303763,0.011336,0.450115,-0.038965,-0.064306,-0.034428,0.104012,-0.991898,0.000000,155.883636
303767,0.011342,0.450116,-0.038977,-0.064291,-0.034454,0.104145,-0.991884,-0.000343,156.027145
303770,0.011351,0.450117,-0.038986,-0.064318,-0.034453,0.104228,-0.991873,0.000000,156.155205
303774,0.011366,0.450120,-0.038991,-0.064459,-0.034397,0.104439,-0.991844,-0.000343,156.271591
303778,0.011380,0.450121,-0.038989,-0.064408,-0.034451,0.104632,-0.991825,0.000000,156.366692
303781,0.011387,0.450119,-0.038978,-0.064481,-0.034465,0.104693,-0.991813,0.000000,156.480675
303785,0.011397,0.450117,-0.038954,-0.064716,-0.034458,0.104908,-0.991776,0.000000,156.584702
303788,0.011398,0.450114,-0.038937,-0.064752,-0.034448,0.104914,-0.991773,-0.000343,156.726151
303792,0.011403,0.450113,-0.038912,-0.064861,-0.034443,0.105063,-0.991750,-0.000343,156.850777
303795,0.011405,0.450112,-0.038902,-0.064935,-0.034464,0.105164,-0.991734,0.000000,156.967850
303799,0.011343,0.450113,-0.038934,-0.065370,-0.033207,0.105695,-0.991692,0.000000,157.086296
303802,0.011410,0.450113,-0.038907,-0.064947,-0.034459,0.105374,-0.991711,0.000000,157.203369
303806,0.011417,0.450116,-0.038921,-0.065107,-0.034414,0.105600,-0.991678,-0.000343,157.320786
303810,0.011424,0.450117,-0.038940,-0.065004,-0.034463,0.105694,-0.991673,-0.000343,157.429962
303813,0.011430,0.450119,-0.038948,-0.065074,-0.034473,0.105799,-0.991657,-0.000343,157.555618
303817,0.011441,0.450119,-0.038956,-0.065206,-0.034432,0.105967,-0.991632,0.000000,157.669601
303820,0.011449,0.450117,-0.038956,-0.065221,-0.034433,0.106087,-0.991618,0.000000,157.787018
303824,0.011464,0.450118,-0.038945,-0.065239,-0.034426,0.106225,-0.991602,-0.000343,157.908211
303827,0.011477,0.450117,-0.038935,-0.065350,-0.034420,0.106311,-0.991586,-0.000343,158.018417
303831,0.011492,0.450114,-0.038917,-0.065407,-0.034450,0.106477,-0.991563,0.000000,158.153000
303834,0.011437,0.450117,-0.038940,-0.065910,-0.033177,0.106942,-0.991523,0.000000,158.273163
303838,0.011445,0.450114,-0.038928,-0.066097,-0.033154,0.107126,-0.991492,0.000000,158.392639
303841,0.011451,0.450115,-0.038923,-0.066132,-0.033178,0.107245,-0.991476,-0.000343,158.491173
303845,0.011456,0.450116,-0.038925,-0.066094,-0.033168,0.107326,-0.991470,0.000000,158.612022
303849,0.011463,0.450116,-0.038925,-0.066221,-0.033192,0.107513,-0.991440,-0.000343,158.726349
303852,0.011470,0.450117,-0.038928,-0.066262,-0.033174,0.107640,-0.991425,0.000000,158.842392
303856,0.011481,0.450118,-0.038929,-0.066248,-0.033166,0.107703,-0.991419,0.000000,158.962555
303859,0.011488,0.450116,-0.038923,-0.066404,-0.033166,0.107883,-0.991389,0.000000,159.080315
303863,0.011496,0.450115,-0.038913,-0.066364,-0.033215,0.107938,-0.991384,-0.000343,159.199791
303866,0.011498,0.450114,-0.038900,-0.066490,-0.033196,0.108102,-0.991358,-0.000343,159.318581
303870,0.011502,0.450111,-0.038888,-0.066685,-0.033188,0.108283,-0.991326,0.000000,159.420891
303873,0.011507,0.450110,-0.038883,-0.066770,-0.033167,0.108434,-0.991304,0.000000,159.546204
303877,0.011513,0.450111,-0.038881,-0.066693,-0.033180,0.108501,-0.991302,-0.000343,159.657097
303880,0.011525,0.450111,-0.038884,-0.066850,-0.033155,0.108746,-0.991265,0.000000,159.774513
303884,0.011540,0.450113,-0.038886,-0.066912,-0.033217,0.108921,-0.991239,0.000000,159.885750
303888,0.011549,0.450115,-0.038889,-0.066970,-0.033190,0.109067,-0.991220,0.000000,160.001106
303891,0.011555,0.450116,-0.038891,-0.067066,-0.033179,0.109216,-0.991198,0.000000,160.116463
303895,0.011563,0.450116,-0.038889,-0.067081,-0.033172,0.109437,-0.991173,0.000000,160.235939
303898,0.011569,0.450116,-0.038887,-0.067101,-0.033180,0.109491,-0.991165,0.000000,160.354042
303902,0.011585,0.450115,-0.038878,-0.067351,-0.033149,0.109744,-0.991121,-0.000343,160.476952
303906,0.011601,0.450115,-0.038872,-0.067358,-0.033178,0.109907,-0.991102,-0.000343,160.591965
303909,0.011609,0.450114,-0.038867,-0.067404,-0.033152,0.109982,-0.991091,0.000000,160.700455
303913,0.011623,0.450112,-0.038860,-0.067574,-0.033128,0.110200,-0.991056,-0.000343,160.813065
303916,0.011630,0.450112,-0.038859,-0.067613,-0.033169,0.110318,-0.991039,0.000000,160.927048
303919,0.011637,0.450111,-0.038858,-0.067611,-0.033178,0.110371,-0.991033,0.000000,161.048241
303923,0.011652,0.450113,-0.038852,-0.067750,-0.033142,0.110606,-0.990998,0.000000,161.165314
303927,0.011662,0.450114,-0.038847,-0.067801,-0.033168,0.110785,-0.990974,0.000000,161.264534
303930,0.011668,0.450113,-0.038841,-0.067833,-0.033192,0.110908,-0.990957,-0.000343,161.380234
303934,0.011680,0.450111,-0.038828,-0.068040,-0.033184,0.111137,-0.990918,-0.000343,161.489067
303937,0.011685,0.450110,-0.038819,-0.068118,-0.033160,0.111220,-0.990904,0.000000,161.598930
303941,0.011695,0.450111,-0.038809,-0.068123,-0.033171,0.111368,-0.990887,-0.000343,161.725960
303944,0.011703,0.450110,-0.038804,-0.068210,-0.033197,0.111519,-0.990863,0.000000,161.850243
303948,0.011714,0.450112,-0.038801,-0.068341,-0.033178,0.111795,-0.990823,-0.000343,161.966629
303952,0.011726,0.450112,-0.038804,-0.068371,-0.033188,0.111921,-0.990807,0.000000,162.084045
303955,0.011735,0.450114,-0.038807,-0.068536,-0.033145,0.112155,-0.990770,0.000000,162.194595
303959,0.011747,0.450114,-0.038811,-0.068566,-0.033211,0.112333,-0.990746,-0.000343,162.298279
303962,0.011754,0.450117,-0.038814,-0.068632,-0.033214,0.112528,-0.990719,0.000000,162.423592
303966,0.011763,0.450116,-0.038812,-0.068752,-0.033206,0.112747,-0.990686,0.000000,162.526932
303969,0.011769,0.450115,-0.038811,-0.068844,-0.033203,0.112981,-0.990653,0.000000,162.634048
303973,0.011776,0.450116,-0.038803,-0.068825,-0.033194,0.113105,-0.990641,-0.000343,162.743568
303976,0.011785,0.450115,-0.038792,-0.068955,-0.033163,0.113301,-0.990610,-0.000343,162.846565
303980,0.011801,0.450113,-0.038775,-0.069037,-0.033212,0.113478,-0.990583,0.000000,162.973251
303983,0.011814,0.450114,-0.038761,-0.069132,-0.033195,0.113652,-0.990556,0.000000,163.092728
303987,0.011866,0.450104,-0.038722,-0.069067,-0.033906,0.113701,-0.990531,-0.000343,163.227310
303991,0.011886,0.450105,-0.038713,-0.069128,-0.033933,0.113970,-0.990495,0.000000,163.339233
303994,0.011901,0.450104,-0.038704,-0.069200,-0.033937,0.114162,-0.990468,0.000000,163.450470
303998,0.011957,0.450110,-0.038684,-0.069071,-0.034627,0.114485,-0.990416,-0.000343,163.562050
304001,0.011968,0.450111,-0.038685,-0.069069,-0.034633,0.114674,-0.990394,-0.000343,163.673286
304005,0.011981,0.450112,-0.038688,-0.069128,-0.034631,0.114815,-0.990373,0.000000,163.780060
304008,0.011985,0.450112,-0.038693,-0.069236,-0.034595,0.114960,-0.990350,0.000000,163.887520
304012,0.011992,0.450111,-0.038693,-0.069328,-0.034662,0.115186,-0.990315,0.000000,163.996010
304015,0.011997,0.450112,-0.038691,-0.069382,-0.034658,0.115281,-0.990301,-0.000343,164.104843
304019,0.012002,0.450109,-0.038691,-0.069496,-0.034632,0.115485,-0.990270,-0.000343,164.226036
304023,0.012011,0.450112,-0.038686,-0.069534,-0.034640,0.115696,-0.990242,-0.000343,164.342422
304026,0.012019,0.450110,-0.038683,-0.069550,-0.034648,0.115748,-0.990235,0.000000,164.461899
304030,0.012030,0.450107,-0.038672,-0.069770,-0.034646,0.116025,-0.990187,0.000000,164.585152
304033,0.012040,0.450107,-0.038666,-0.069754,-0.034655,0.116088,-0.990180,0.000000,164.704628
304037,0.012050,0.450107,-0.038659,-0.069848,-0.034622,0.116208,-0.990161,0.000000,164.819641
304040,0.012058,0.450107,-0.038652,-0.069906,-0.034671,0.116363,-0.990137,-0.000343,164.927101
304044,0.012069,0.450106,-0.038648,-0.069941,-0.034658,0.116581,-0.990109,-0.000343,165.026321
304048,0.012075,0.450104,-0.038648,-0.069966,-0.034650,0.116669,-0.990097,0.000000,165.132751
304051,0.012084,0.450105,-0.038646,-0.070115,-0.034626,0.116857,-0.990065,0.000000,165.232315
304055,0.012090,0.450105,-0.038649,-0.070085,-0.034671,0.116899,-0.990061,0.000000,165.355568
304058,0.012098,0.450105,-0.038650,-0.070133,-0.034665,0.117034,-0.990042,0.000000,165.479507
304061,0.012103,0.450103,-0.038651,-0.070147,-0.034658,0.117103,-0.990033,0.000000,165.601730
304065,0.012114,0.450105,-0.038648,-0.070263,-0.034674,0.117325,-0.989998,0.000000,165.719490
304069,0.012082,0.450100,-0.038659,-0.070518,-0.033940,0.117553,-0.989978,0.000000,165.838280
304072,0.012088,0.450100,-0.038651,-0.070667,-0.033890,0.117722,-0.989949,0.000000,165.950890
304076,0.012097,0.450100,-0.038637,-0.070643,-0.033972,0.117804,-0.989938,-0.000343,166.076546
304079,0.012099,0.450097,-0.038631,-0.070685,-0.033940,0.117882,-0.989927,0.000000,166.178856
304083,0.012100,0.450094,-0.038626,-0.070811,-0.033917,0.117983,-0.989907,-0.000343,166.288033
304086,0.012104,0.450093,-0.038628,-0.070904,-0.033926,0.118114,-0.989884,-0.000343,166.396866
304090,0.012108,0.450098,-0.038642,-0.070808,-0.033946,0.118147,-0.989886,0.000000,166.512909
304094,0.012123,0.450100,-0.038658,-0.070876,-0.033975,0.118310,-0.989861,0.000000,166.630669
304097,0.012137,0.450104,-0.038664,-0.070909,-0.033959,0.118415,-0.989847,0.000000,166.754951
304101,0.012151,0.450102,-0.038666,-0.070959,-0.033946,0.118460,-0.989838,-0.000343,166.864471
304104,0.012162,0.450100,-0.038655,-0.071086,-0.033921,0.118610,-0.989812,0.000000,166.960258
304108,0.012170,0.450097,-0.038636,-0.071095,-0.033975,0.118677,-0.989802,-0.000343,167.081108
304111,0.012154,0.450096,-0.038633,-0.071353,-0.033468,0.118838,-0.989781,-0.000343,167.187881
304115,0.012157,0.450095,-0.038610,-0.071488,-0.033473,0.118994,-0.989752,-0.000343,167.310104
304118,0.012156,0.450093,-0.038599,-0.071547,-0.033478,0.119126,-0.989732,0.000000,167.440224
304122,0.012154,0.450092,-0.038600,-0.071502,-0.033490,0.119174,-0.989729,-0.000343,167.560043
304125,0.012173,0.450093,-0.038592,-0.071414,-0.033933,0.119224,-0.989714,0.000000,167.662697
304129,0.012157,0.450097,-0.038623,-0.071617,-0.033553,0.119443,-0.989686,0.000000,167.788010
304132,0.012161,0.450101,-0.038639,-0.071645,-0.033520,0.119556,-0.989672,0.000000,167.904053
304136,0.012187,0.450101,-0.038638,-0.071519,-0.033964,0.119585,-0.989662,-0.000343,168.018379
304140,0.012197,0.450103,-0.038640,-0.071555,-0.033963,0.119759,-0.989639,-0.000343,168.121719
304143,0.012184,0.450105,-0.038645,-0.071731,-0.033477,0.119869,-0.989629,0.000000,168.232613
304147,0.012198,0.450098,-0.038619,-0.071992,-0.033450,0.120133,-0.989579,0.000000,168.347969
304150,0.012206,0.450096,-0.038598,-0.071989,-0.033496,0.120207,-0.989569,0.000000,168.465385
304154,0.012221,0.450091,-0.038570,-0.072092,-0.033506,0.120284,-0.989551,0.000000,168.598938
304157,0.012227,0.450088,-0.038558,-0.072154,-0.033505,0.120369,-0.989536,-0.000343,168.720818
304161,0.012236,0.450091,-0.038555,-0.072269,-0.033468,0.120580,-0.989504,0.000000,168.867073
304164,0.012235,0.450092,-0.038567,-0.072229,-0.033513,0.120623,-0.989500,-0.000343,168.988266
304168,0.012240,0.450095,-0.038592,-0.072353,-0.033436,0.120851,-0.989465,-0.000343,169.109459
304172,0.012246,0.450099,-0.038619,-0.072277,-0.033488,0.120916,-0.989462,-0.000343,169.234428
304175,0.012252,0.450103,-0.038637,-0.072244,-0.033475,0.121024,-0.989451,-0.000343,169.364204
304179,0.012261,0.450103,-0.038645,-0.072451,-0.033417,0.121180,-0.989419,-0.000343,169.493980
304182,0.012271,0.450102,-0.038643,-0.072474,-0.033462,0.121277,-0.989404,-0.000343,169.632339
304186,0.012281,0.450104,-0.038627,-0.072480,-0.033429,0.121360,-0.989394,0.000000,169.774475
304189,0.012290,0.450097,-0.038605,-0.072587,-0.033454,0.121470,-0.989372,-0.000343,169.906654
304193,0.012299,0.450095,-0.038569,-0.072679,-0.033465,0.121638,-0.989344,-0.000343,170.028877
304197,0.012303,0.450091,-0.038542,-0.072732,-0.033477,0.121674,-0.989336,-0.000343,170.153503
304200,0.012309,0.450090,-0.038530,-0.072840,-0.033475,0.121841,-0.989307,0.000000,170.298042
304203,0.012314,0.450090,-0.038526,-0.072930,-0.033486,0.122005,-0.989280,0.000000,170.433655
304207,0.012318,0.450092,-0.038534,-0.072872,-0.033489,0.122080,-0.989275,0.000000,170.561714
304211,0.012325,0.450094,-0.038551,-0.072993,-0.033508,0.122310,-0.989237,0.000000,170.687714
304214,0.012330,0.450098,-0.038565,-0.073053,-0.033482,0.122482,-0.989212,0.000000,170.808907
304218,0.012336,0.450100,-0.038574,-0.072985,-0.033490,0.122537,-0.989210,0.000000,170.955849
304221,0.012346,0.450100,-0.038571,-0.073088,-0.033461,0.122691,-0.989184,-0.000343,171.094894
304225,0.012356,0.450097,-0.038558,-0.073153,-0.033499,0.122798,-0.989165,0.000000,171.233940
304228,0.012368,0.450096,-0.038541,-0.073195,-0.033507,0.122925,-0.989146,0.000000,171.376076
304232,0.012377,0.450093,-0.038518,-0.073362,-0.033511,0.123088,-0.989113,0.000000,171.493492
304236,0.012386,0.450089,-0.038504,-0.073382,-0.033500,0.123213,-0.989096,0.000000,171.630478
304239,0.012390,0.450091,-0.038503,-0.073380,-0.033519,0.123279,-0.989088,0.000000,171.767807
304243,0.012400,0.450091,-0.038512,-0.073600,-0.033469,0.123530,-0.989042,0.000000,171.888657
304246,0.012406,0.450093,-0.038530,-0.073564,-0.033515,0.123613,-0.989032,0.000000,172.013626
304250,0.012412,0.450099,-0.038556,-0.073586,-0.033502,0.123761,-0.989013,-0.000343,172.155075
304253,0.012418,0.450099,-0.038572,-0.073656,-0.033465,0.123869,-0.988995,0.000000,172.305107
304257,0.012429,0.450103,-0.038581,-0.073641,-0.033484,0.124064,-0.988971,0.000000,172.446556
304260,0.012437,0.450105,-0.038578,-0.073702,-0.033485,0.124153,-0.988955,-0.000343,172.572212
304264,0.012452,0.450102,-0.038555,-0.073899,-0.033438,0.124450,-0.988905,0.000000,172.706451
304268,0.012473,0.450099,-0.038524,-0.073945,-0.033513,0.124598,-0.988880,0.000000,172.828674
304271,0.012488,0.450095,-0.038495,-0.073982,-0.033530,0.124699,-0.988864,0.000000,172.978363
304275,0.012490,0.450107,-0.038460,-0.074019,-0.033340,0.125312,-0.988791,0.000000,173.118439
304278,0.012499,0.450107,-0.038445,-0.074049,-0.033345,0.125406,-0.988776,0.000000,173.254738
304282,0.012504,0.450107,-0.038436,-0.074099,-0.033327,0.125591,-0.988750,-0.000343,173.400307
304285,0.012501,0.450106,-0.038438,-0.074171,-0.033346,0.125691,-0.988731,0.000000,173.543129
304289,0.012501,0.450109,-0.038449,-0.074200,-0.033385,0.125883,-0.988703,-0.000343,173.683548
304292,0.012516,0.450095,-0.038464,-0.074344,-0.033559,0.125606,-0.988721,0.000000,173.810577
304296,0.012519,0.450094,-0.038477,-0.074548,-0.033494,0.125826,-0.988680,0.000000,173.937263
304299,0.012524,0.450094,-0.038484,-0.074562,-0.033476,0.125891,-0.988672,0.000000,174.064980
304303,0.012536,0.450095,-0.038486,-0.074593,-0.033515,0.126021,-0.988651,0.000000,174.197845
304306,0.012527,0.450111,-0.038479,-0.074475,-0.033344,0.126449,-0.988611,-0.000343,174.348564
304310,0.012557,0.450093,-0.038471,-0.074750,-0.033503,0.126363,-0.988596,-0.000343,174.493103
304314,0.012570,0.450089,-0.038466,-0.074799,-0.033510,0.126437,-0.988583,-0.000343,174.642448
304317,0.012573,0.450106,-0.038460,-0.074771,-0.033325,0.127023,-0.988516,-0.000343,174.784584
304321,0.012596,0.450107,-0.038459,-0.074759,-0.033387,0.127136,-0.988500,0.000000,174.925346
304324,0.012609,0.450106,-0.038459,-0.074849,-0.033360,0.127316,-0.988471,0.000000,175.066109
304328,0.012621,0.450103,-0.038459,-0.075013,-0.033353,0.127548,-0.988429,-0.000343,175.193825
304332,0.012630,0.450106,-0.038456,-0.075000,-0.033372,0.127742,-0.988404,0.000000,175.317764
304335,0.012635,0.450101,-0.038451,-0.075070,-0.033341,0.127867,-0.988384,0.000000,175.453033
304339,0.012645,0.450100,-0.038436,-0.075242,-0.033367,0.128126,-0.988337,0.000000,175.591049
304342,0.012655,0.450099,-0.038426,-0.075280,-0.033357,0.128242,-0.988319,0.000000,175.739021
304345,0.012666,0.450097,-0.038413,-0.075386,-0.033357,0.128436,-0.988286,0.000000,175.895920
304349,0.012682,0.450095,-0.038400,-0.075512,-0.033345,0.128605,-0.988254,-0.000343,176.051788
304353,0.012701,0.450092,-0.038387,-0.075601,-0.033379,0.128872,-0.988212,0.000000,176.201820
304356,0.012712,0.450093,-0.038382,-0.075649,-0.033373,0.129053,-0.988185,-0.000343,176.343613
304360,0.012725,0.450091,-0.038374,-0.075831,-0.033365,0.129404,-0.988125,0.000000,176.480598
304363,0.012731,0.450088,-0.038371,-0.075970,-0.033368,0.129607,-0.988088,0.000000,176.606255
304367,0.012739,0.450089,-0.038370,-0.076016,-0.033345,0.129828,-0.988056,0.000000,176.742897
304370,0.012746,0.450087,-0.038371,-0.076101,-0.033369,0.130025,-0.988023,0.000000,176.883659
304374,0.012761,0.450086,-0.038370,-0.076292,-0.033382,0.130332,-0.987967,0.000000,177.021675
304378,0.012775,0.450085,-0.038371,-0.076398,-0.033350,0.130623,-0.987921,-0.000343,177.174110
304381,0.012786,0.450084,-0.038368,-0.076519,-0.033348,0.130772,-0.987892,0.000000,177.334442
304385,0.012800,0.450085,-0.038366,-0.076580,-0.033375,0.131075,-0.987847,0.000000,177.466621
304388,0.012812,0.450083,-0.038361,-0.076661,-0.033382,0.131193,-0.987824,0.000000,177.618713
304392,0.012831,0.450080,-0.038355,-0.076893,-0.033358,0.131512,-0.987765,0.000000,177.763596
304395,0.012846,0.450080,-0.038350,-0.076992,-0.033360,0.131708,-0.987731,0.000000,177.906761
304399,0.012870,0.450081,-0.038343,-0.077057,-0.033360,0.131912,-0.987699,0.000000,178.049583
304402,0.012882,0.450075,-0.038340,-0.077248,-0.033283,0.132098,-0.987661,0.000000,178.188629
304406,0.012900,0.450072,-0.038329,-0.077421,-0.033298,0.132382,-0.987609,0.000000,178.334198
304410,0.012912,0.450069,-0.038319,-0.077557,-0.033266,0.132608,-0.987570,0.000000,178.486977
304413,0.012925,0.450071,-0.038307,-0.077702,-0.033267,0.132877,-0.987522,-0.000343,178.631516
304416,0.012937,0.450067,-0.038299,-0.077758,-0.033286,0.133035,-0.987496,0.000000,178.801804
304420,0.012956,0.450067,-0.038290,-0.077863,-0.033352,0.133286,-0.987451,0.000000,178.959389
304424,0.012969,0.450065,-0.038285,-0.078034,-0.033322,0.133531,-0.987406,0.000000,179.103584
304427,0.012982,0.450065,-0.038283,-0.078115,-0.033309,0.133759,-0.987369,-0.000343,179.231644
304431,0.012990,0.450063,-0.038283,-0.078175,-0.033308,0.133927,-0.987341,0.000000,179.378242
304434,0.012998,0.450063,-0.038279,-0.078292,-0.033282,0.134153,-0.987302,-0.000343,179.512825
304438,0.013010,0.450063,-0.038273,-0.078361,-0.033352,0.134350,-0.987268,-0.000343,179.654961
304442,0.013016,0.450061,-0.038268,-0.078509,-0.033314,0.134561,-0.987228,0.000000,179.810829
304445,0.013031,0.450062,-0.038260,-0.078656,-0.033268,0.134802,-0.987185,0.000000,179.977684
304449,0.013051,0.450062,-0.038251,-0.078733,-0.033341,0.135158,-0.987128,0.000000,180.142822
304452,0.013072,0.450062,-0.038242,-0.078930,-0.033314,0.135461,-0.987072,0.000000,180.301437
304456,0.013093,0.450059,-0.038232,-0.079164,-0.033298,0.135888,-0.986995,0.000000,180.449409
304459,0.013105,0.450058,-0.038229,-0.079299,-0.033253,0.136150,-0.986949,0.000000,180.593605
304463,0.013121,0.450060,-0.038224,-0.079395,-0.033231,0.136388,-0.986910,0.000000,180.735054
304466,0.013129,0.450057,-0.038221,-0.079493,-0.033230,0.136605,-0.986872,0.000000,180.865517
304470,0.013147,0.450059,-0.038218,-0.079639,-0.033297,0.136931,-0.986812,0.000000,181.025505
304473,0.013163,0.450059,-0.038216,-0.079701,-0.033284,0.137120,-0.986782,0.000000,181.175880
304477,0.013183,0.450057,-0.038213,-0.079884,-0.033262,0.137433,-0.986724,0.000000,181.330032
304481,0.013203,0.450057,-0.038206,-0.079946,-0.033281,0.137713,-0.986679,0.000000,181.496887
304484,0.013214,0.450055,-0.038200,-0.080027,-0.033281,0.137848,-0.986654,0.000000,181.664085
304488,0.013234,0.450050,-0.038187,-0.080273,-0.033255,0.138222,-0.986583,0.000000,181.824760
304491,0.013247,0.450049,-0.038179,-0.080304,-0.033254,0.138336,-0.986564,0.000000,181.958656
304495,0.013263,0.450047,-0.038171,-0.080414,-0.033278,0.138577,-0.986521,0.000000,182.123451
304498,0.013342,0.450045,-0.038127,-0.079966,-0.034666,0.138556,-0.986512,0.000000,182.269363
304502,0.013358,0.450046,-0.038120,-0.080085,-0.034677,0.138899,-0.986454,0.000000,182.414246
304505,0.013302,0.450046,-0.038153,-0.080589,-0.033300,0.139245,-0.986411,0.000000,182.560501
304509,0.013382,0.450046,-0.038108,-0.080330,-0.034641,0.139376,-0.986368,0.000000,182.720833
304512,0.013391,0.450042,-0.038103,-0.080369,-0.034656,0.139520,-0.986344,0.000000,182.863998
304516,0.013404,0.450043,-0.038096,-0.080440,-0.034680,0.139753,-0.986304,0.000000,183.046989
304519,0.013410,0.450041,-0.038092,-0.080526,-0.034674,0.139925,-0.986273,0.000000,183.211098
304523,0.013425,0.450038,-0.038084,-0.080743,-0.034664,0.140272,-0.986206,0.000000,183.378639
304527,0.013438,0.450037,-0.038080,-0.080767,-0.034659,0.140481,-0.986175,0.000000,183.543434
304530,0.013453,0.450036,-0.038074,-0.080897,-0.034653,0.140722,-0.986130,0.000000,183.703079
304534,0.013472,0.450038,-0.038071,-0.081005,-0.034690,0.140999,-0.986080,0.000000,183.843498
304537,0.013485,0.450036,-0.038067,-0.081098,-0.034717,0.141232,-0.986038,0.000000,183.986320
304541,0.013501,0.450034,-0.038063,-0.081320,-0.034659,0.141510,-0.985982,0.000000,184.131889
304544,0.013479,0.450035,-0.038071,-0.081586,-0.034056,0.142037,-0.985905,0.000000,184.292908
304548,0.013532,0.450032,-0.038054,-0.081508,-0.034678,0.142034,-0.985891,0.000000,184.458389
304552,0.013552,0.450029,-0.038045,-0.081706,-0.034678,0.142392,-0.985823,0.000000,184.613571
304555,0.013569,0.450031,-0.038033,-0.081798,-0.034756,0.142699,-0.985768,0.000000,184.814758
304559,0.013585,0.450025,-0.038022,-0.081940,-0.034716,0.142941,-0.985722,0.000000,184.984703
304562,0.013597,0.450024,-0.038011,-0.082102,-0.034729,0.143223,-0.985668,0.000000,185.126152
304566,0.013612,0.450022,-0.037998,-0.082196,-0.034745,0.143461,-0.985624,0.000000,185.288887
304569,0.013621,0.450023,-0.037991,-0.082253,-0.034765,0.143612,-0.985597,0.000000,185.433426
304573,0.013632,0.450023,-0.037982,-0.082395,-0.034721,0.143845,-0.985553,0.000000,185.584488
304576,0.013641,0.450022,-0.037979,-0.082514,-0.034753,0.144054,-0.985511,0.000000,185.745163
304580,0.013651,0.450023,-0.037981,-0.082484,-0.034747,0.144185,-0.985495,0.000000,185.913734
304583,0.013663,0.450022,-0.037979,-0.082583,-0.034754,0.144342,-0.985463,0.000000,186.070976
304587,0.013681,0.450022,-0.037979,-0.082729,-0.034798,0.144596,-0.985412,0.000000,186.266327
304591,0.013695,0.450019,-0.037980,-0.082831,-0.034747,0.144791,-0.985377,0.000000,186.437302
304594,0.013706,0.450020,-0.037979,-0.082922,-0.034764,0.144950,-0.985345,0.000000,186.599007
304598,0.013717,0.450022,-0.037977,-0.082992,-0.034764,0.145219,-0.985300,0.000000,186.756248
304601,0.013723,0.450022,-0.037976,-0.083000,-0.034785,0.145299,-0.985286,0.000000,186.910400
304605,0.013732,0.450019,-0.037968,-0.083222,-0.034726,0.145581,-0.985228,0.000343,187.073135
304608,0.013738,0.450021,-0.037964,-0.083203,-0.034759,0.145684,-0.985213,0.000000,187.214584
304612,0.013744,0.450018,-0.037955,-0.083216,-0.034818,0.145828,-0.985189,0.000000,187.401695
304615,0.013750,0.450019,-0.037951,-0.083265,-0.034800,0.145968,-0.985165,0.000000,187.571640
304619,0.013758,0.450016,-0.037940,-0.083408,-0.034801,0.146247,-0.985111,0.000000,187.743301
304622,0.013769,0.450020,-0.037934,-0.083404,-0.034845,0.146338,-0.985096,0.000000,187.913246
304626,0.013782,0.450015,-0.037930,-0.083578,-0.034781,0.146638,-0.985039,0.000000,188.080444
304630,0.013800,0.450018,-0.037923,-0.083631,-0.034853,0.146854,-0.985000,0.000000,188.223953
304633,0.013812,0.450016,-0.037920,-0.083698,-0.034825,0.147021,-0.984971,0.000000,188.405571
304637,0.013827,0.450012,-0.037911,-0.083868,-0.034800,0.147297,-0.984916,0.000000,188.582039
304640,0.013839,0.450012,-0.037904,-0.083962,-0.034819,0.147516,-0.984874,0.000000,188.751984
304644,0.013799,0.450027,-0.037912,-0.084048,-0.033970,0.148090,-0.984810,0.000000,188.918839
304647,0.013859,0.450009,-0.037892,-0.084116,-0.034818,0.147863,-0.984809,0.000000,189.090157
304651,0.013866,0.450008,-0.037889,-0.084245,-0.034832,0.148157,-0.984753,0.000000,189.267654
304655,0.013872,0.450005,-0.037889,-0.084278,-0.034838,0.148312,-0.984727,0.000000,189.427643
304658,0.013884,0.450007,-0.037889,-0.084409,-0.034814,0.148536,-0.984683,0.000000,189.586945
304662,0.013898,0.450006,-0.037894,-0.084441,-0.034873,0.148741,-0.984647,0.000000,189.756546
304665,0.013914,0.450005,-0.037895,-0.084518,-0.034856,0.148905,-0.984616,0.000000,189.930611
304669,0.013932,0.450006,-0.037898,-0.084704,-0.034797,0.149157,-0.984564,0.000000,190.103645
304672,0.013947,0.450007,-0.037895,-0.084787,-0.034819,0.149375,-0.984523,0.000000,190.281143
304676,0.013964,0.450006,-0.037889,-0.084778,-0.034838,0.149529,-0.984500,0.000343,190.462761
304679,0.013975,0.450006,-0.037879,-0.084951,-0.034815,0.149772,-0.984449,0.000000,190.636482
304683,0.013989,0.450003,-0.037860,-0.085125,-0.034872,0.150048,-0.984390,0.000000,190.810204
304686,0.014000,0.450003,-0.037846,-0.085171,-0.034890,0.150259,-0.984353,0.000000,190.977402
304690,0.014008,0.450002,-0.037829,-0.085410,-0.034835,0.150555,-0.984289,0.000000,191.152840
304694,0.014023,0.450001,-0.037818,-0.085513,-0.034849,0.150890,-0.984228,0.000343,191.320381
304697,0.014029,0.450001,-0.037816,-0.085539,-0.034839,0.151000,-0.984210,0.000343,191.486893
304701,0.014045,0.449999,-0.037812,-0.085770,-0.034830,0.151399,-0.984128,0.000343,191.660957
304704,0.014052,0.449998,-0.037813,-0.085822,-0.034856,0.151571,-0.984097,0.000000,191.840515
304708,0.014066,0.449996,-0.037810,-0.085918,-0.034854,0.151759,-0.984059,0.000000,192.018700
304711,0.014075,0.449993,-0.037807,-0.086023,-0.034827,0.151945,-0.984022,0.000343,192.194138
304715,0.014095,0.449994,-0.037797,-0.086195,-0.034821,0.152301,-0.983952,0.000000,192.355843
304718,0.014109,0.449991,-0.037789,-0.086237,-0.034824,0.152471,-0.983922,0.000000,192.538834
304722,0.014132,0.449990,-0.037777,-0.086413,-0.034781,0.152824,-0.983854,0.000343,192.715302
304725,0.014144,0.449986,-0.037771,-0.086507,-0.034790,0.152995,-0.983818,0.000343,192.889709
304729,0.014160,0.449984,-0.037763,-0.086531,-0.034817,0.153227,-0.983779,0.000343,193.068581
304732,0.014166,0.449982,-0.037765,-0.086584,-0.034803,0.153349,-0.983756,0.000000,193.248482
304736,0.014180,0.449981,-0.037767,-0.086782,-0.034798,0.153674,-0.983688,0.000343,193.429070
304740,0.014191,0.449980,-0.037776,-0.086782,-0.034780,0.153845,-0.983662,0.000000,193.613434
304743,0.014199,0.449980,-0.037783,-0.086872,-0.034768,0.154012,-0.983628,0.000000,193.787498
304747,0.014211,0.449979,-0.037784,-0.086921,-0.034808,0.154257,-0.983584,0.000000,193.958473
304750,0.014220,0.449981,-0.037785,-0.086951,-0.034777,0.154365,-0.983566,0.000000,194.131165
304754,0.014229,0.449976,-0.037774,-0.087102,-0.034768,0.154561,-0.983522,0.000000,194.309692
304758,0.014241,0.449976,-0.037759,-0.087110,-0.034789,0.154637,-0.983509,0.000000,194.479294
304761,0.014250,0.449973,-0.037749,-0.087230,-0.034793,0.154800,-0.983472,0.000343,194.665031
304765,0.014264,0.449970,-0.037730,-0.087381,-0.034767,0.155025,-0.983424,0.000343,194.857635
304768,0.014275,0.449968,-0.037721,-0.087487,-0.034752,0.155232,-0.983383,0.000000,195.018654
304771,0.014285,0.449967,-0.037714,-0.087554,-0.034775,0.155386,-0.983352,0.000343,195.219841
304775,0.014295,0.449967,-0.037711,-0.087636,-0.034740,0.155588,-0.983314,0.000000,195.397339
304779,0.014303,0.449967,-0.037709,-0.087688,-0.034768,0.155758,-0.983281,0.000343,195.578957
304782,0.014310,0.449968,-0.037710,-0.087737,-0.034772,0.155894,-0.983255,0.000343,195.755424
304786,0.014311,0.449965,-0.037710,-0.087863,-0.034742,0.156103,-0.983212,0.000343,195.932236
304789,0.014316,0.449964,-0.037708,-0.087966,-0.034753,0.156300,-0.983171,0.000343,196.119690
304793,0.014329,0.449966,-0.037705,-0.087913,-0.034771,0.156453,-0.983150,0.000000,196.304741
304797,0.014344,0.449962,-0.037696,-0.088175,-0.034733,0.156782,-0.983076,0.000343,196.486359
304800,0.014360,0.449962,-0.037691,-0.088205,-0.034762,0.156948,-0.983046,0.000343,196.665230
304804,0.014379,0.449961,-0.037682,-0.088366,-0.034726,0.157179,-0.982996,0.000343,196.850281
304807,0.014392,0.449959,-0.037678,-0.088450,-0.034770,0.157416,-0.982949,0.000343,197.030182
304811,0.014413,0.449958,-0.037673,-0.088570,-0.034753,0.157700,-0.982893,0.000343,197.213860
304814,0.014423,0.449958,-0.037678,-0.088624,-0.034738,0.157810,-0.982871,0.000343,197.400284
304818,0.014441,0.449958,-0.037682,-0.088791,-0.034672,0.158084,-0.982814,0.000000,197.580185
304821,0.014451,0.449958,-0.037688,-0.088831,-0.034729,0.158216,-0.982787,0.000343,197.737770
304825,0.014459,0.449958,-0.037691,-0.088830,-0.034712,0.158350,-0.982766,0.000343,197.929001
304828,0.014467,0.449959,-0.037688,-0.088891,-0.034746,0.158449,-0.982744,0.000343,198.106155
304832,0.014472,0.449956,-0.037680,-0.089076,-0.034711,0.158705,-0.982687,0.000343,198.301163
304836,0.014483,0.449957,-0.037670,-0.089111,-0.034743,0.158858,-0.982658,0.000000,198.502350
304839,0.014493,0.449952,-0.037658,-0.089235,-0.034727,0.158934,-0.982635,0.000343,198.704910
304843,0.014506,0.449954,-0.037644,-0.089267,-0.034736,0.159178,-0.982592,0.000000,198.889275
304846,0.014514,0.449951,-0.037633,-0.089328,-0.034750,0.159270,-0.982571,0.000000,199.068832
304850,0.014524,0.449948,-0.037621,-0.089522,-0.034720,0.159484,-0.982520,0.000000,199.247017
304853,0.014531,0.449948,-0.037613,-0.089624,-0.034700,0.159623,-0.982489,0.000343,199.416962
304857,0.014539,0.449948,-0.037606,-0.089614,-0.034756,0.159725,-0.982471,0.000343,199.582100
304860,0.014541,0.449947,-0.037605,-0.089662,-0.034760,0.159868,-0.982443,0.000000,199.772644
304864,0.014552,0.449947,-0.037602,-0.089820,-0.034753,0.160130,-0.982386,0.000000,199.969025
304868,0.014559,0.449946,-0.037606,-0.089811,-0.034726,0.160210,-0.982375,0.000343,200.139656
304871,0.014570,0.449945,-0.037604,-0.089961,-0.034691,0.160437,-0.982325,0.000000,200.358009
304875,0.014586,0.449942,-0.037607,-0.090014,-0.034762,0.160641,-0.982285,0.000343,200.557137
304878,0.014596,0.449944,-0.037606,-0.090088,-0.034733,0.160827,-0.982249,0.000000,200.739441
304882,0.014608,0.449942,-0.037605,-0.090278,-0.034702,0.161084,-0.982190,0.000000,200.920372
304885,0.014620,0.449940,-0.037603,-0.090398,-0.034677,0.161355,-0.982136,0.000000,201.104736
304889,0.014632,0.449941,-0.037601,-0.090389,-0.034715,0.161548,-0.982103,0.000000,201.292534
304892,0.014651,0.449939,-0.037597,-0.090570,-0.034692,0.161840,-0.982040,0.000000,201.485481
304896,0.014676,0.449934,-0.037585,-0.090723,-0.034708,0.162189,-0.981967,0.000343,201.675339
304900,0.014699,0.449929,-0.037577,-0.090866,-0.034718,0.162526,-0.981898,0.000000,201.867256
304903,0.014720,0.449927,-0.037565,-0.091061,-0.034673,0.162811,-0.981834,0.000000,202.052994
304907,0.014743,0.449926,-0.037550,-0.091194,-0.034730,0.163212,-0.981753,0.000343,202.229118
304910,0.014759,0.449926,-0.037539,-0.091273,-0.034746,0.163443,-0.981707,0.000000,202.400093
304914,0.014779,0.449920,-0.037526,-0.091509,-0.034717,0.163888,-0.981612,0.000343,202.608490
304917,0.014797,0.449918,-0.037518,-0.091669,-0.034725,0.164179,-0.981548,0.000000,202.795601
304921,0.014819,0.449917,-0.037510,-0.091740,-0.034730,0.164488,-0.981489,0.000000,202.982368
304924,0.014834,0.449912,-0.037504,-0.091886,-0.034717,0.164798,-0.981424,0.000000,203.174629
304928,0.014859,0.449908,-0.037491,-0.092149,-0.034730,0.165241,-0.981325,0.000343,203.370667
304931,0.014874,0.449906,-0.037482,-0.092242,-0.034750,0.165530,-0.981266,0.000000,203.563957
304935,0.014891,0.449903,-0.037468,-0.092463,-0.034702,0.165957,-0.981175,0.000000,203.751411
304938,0.014904,0.449902,-0.037458,-0.092569,-0.034725,0.166262,-0.981113,0.000000,203.942642
304942,0.014921,0.449899,-0.037450,-0.092679,-0.034737,0.166568,-0.981050,0.000343,204.128723
304946,0.014943,0.449898,-0.037441,-0.092938,-0.034656,0.166945,-0.980964,0.000343,204.317551
304949,0.014957,0.449897,-0.037439,-0.092983,-0.034706,0.167155,-0.980923,0.000343,204.503975
304953,0.014973,0.449894,-0.037438,-0.093046,-0.034730,0.167370,-0.980879,0.000343,204.697266
304956,0.014987,0.449893,-0.037440,-0.093117,-0.034691,0.167563,-0.980841,0.000000,204.889183
304960,0.015005,0.449891,-0.037441,-0.093309,-0.034694,0.167922,-0.980761,0.000000,205.074921
304963,0.015018,0.449891,-0.037443,-0.093317,-0.034699,0.168031,-0.980741,0.000000,205.264091
304967,0.015033,0.449889,-0.037441,-0.093493,-0.034633,0.168361,-0.980670,0.000343,205.456009
304970,0.015047,0.449886,-0.037435,-0.093556,-0.034616,0.168506,-0.980640,0.000000,205.619774
304974,0.015061,0.449884,-0.037423,-0.093633,-0.034684,0.168743,-0.980590,0.000343,205.830231
304978,0.015074,0.449879,-0.037408,-0.093795,-0.034668,0.169002,-0.980530,0.000000,206.031761
304981,0.015085,0.449879,-0.037397,-0.093882,-0.034686,0.169223,-0.980483,0.000000,206.237755
304985,0.015098,0.449879,-0.037386,-0.093835,-0.034687,0.169343,-0.980467,0.000000,206.423149
304988,0.015111,0.449878,-0.037379,-0.093997,-0.034672,0.169562,-0.980414,0.000000,206.606827
304992,0.015124,0.449874,-0.037375,-0.094076,-0.034681,0.169800,-0.980365,0.000343,206.804237
304995,0.015137,0.449875,-0.037371,-0.094146,-0.034718,0.169943,-0.980332,0.000343,206.986885
304999,0.015147,0.449873,-0.037372,-0.094250,-0.034686,0.170140,-0.980289,0.000000,207.182579
305002,0.015157,0.449871,-0.037370,-0.094381,-0.034681,0.170393,-0.980232,0.000000,207.383766
305006,0.015168,0.449868,-0.037366,-0.094395,-0.034727,0.170546,-0.980203,0.000343,207.569847
305009,0.015179,0.449867,-0.037361,-0.094522,-0.034724,0.170760,-0.980154,0.000343,207.757301
305013,0.015192,0.449864,-0.037354,-0.094656,-0.034705,0.171027,-0.980095,0.000343,207.936859
305017,0.015208,0.449867,-0.037349,-0.094669,-0.034745,0.171201,-0.980062,0.000000,208.126717
305020,0.015218,0.449865,-0.037347,-0.094774,-0.034726,0.171416,-0.980015,0.000343,208.325157
305024,0.015232,0.449862,-0.037346,-0.094913,-0.034780,0.171653,-0.979958,0.000343,208.529778
305027,0.015241,0.449860,-0.037349,-0.094960,-0.034776,0.171796,-0.979928,0.000000,208.728905
305031,0.015253,0.449863,-0.037348,-0.095116,-0.034736,0.172011,-0.979877,0.000000,208.917389
305034,0.015262,0.449859,-0.037348,-0.095218,-0.034714,0.172213,-0.979832,0.000343,209.104500
305038,0.015273,0.449859,-0.037345,-0.095154,-0.034751,0.172342,-0.979814,0.000000,209.298820
305041,0.015284,0.449858,-0.037339,-0.095269,-0.034759,0.172566,-0.979764,0.000343,209.443016
305045,0.015303,0.449856,-0.037330,-0.095479,-0.034759,0.172835,-0.979696,0.000000,209.655190
305049,0.015321,0.449853,-0.037316,-0.095548,-0.034791,0.173024,-0.979654,0.000343,209.859810
305052,0.015331,0.449854,-0.037308,-0.095615,-0.034792,0.173172,-0.979622,0.000000,210.056190
305056,0.015348,0.449854,-0.037296,-0.095782,-0.034794,0.173521,-0.979544,0.000000,210.251884
305059,0.015356,0.449852,-0.037292,-0.095755,-0.034819,0.173623,-0.979527,0.000343,210.430069
305063,0.015374,0.449848,-0.037284,-0.095984,-0.034756,0.173974,-0.979445,0.000000,210.636063
305066,0.015386,0.449847,-0.037280,-0.096018,-0.034790,0.174130,-0.979412,0.000000,210.822144
305070,0.015401,0.449844,-0.037276,-0.096108,-0.034828,0.174382,-0.979358,0.000343,211.007881
305073,0.015411,0.449843,-0.037273,-0.096140,-0.034825,0.174562,-0.979322,0.000000,211.200142
305077,0.015427,0.449841,-0.037265,-0.096400,-0.034799,0.174930,-0.979232,0.000343,211.390686
305081,0.015435,0.449840,-0.037259,-0.096422,-0.034805,0.175121,-0.979196,0.000000,211.582947
305084,0.015444,0.449836,-0.037252,-0.096550,-0.034799,0.175367,-0.979139,0.000000,211.767654
305087,0.015452,0.449832,-0.037244,-0.096649,-0.034825,0.175575,-0.979091,0.000000,211.973305
305091,0.015467,0.449834,-0.037239,-0.096779,-0.034845,0.175927,-0.979014,0.000000,212.152176
305091,0.015467,0.449834,-0.037239,-0.096779,-0.034845,0.175927,-0.979014,0.000000,212.350273
305091,0.015467,0.449834,-0.037239,-0.096779,-0.034845,0.175927,-0.979014,0.000000,212.538414
305091,0.015467,0.449834,-0.037239,-0.096779,-0.034845,0.175927,-0.979014,0.000000,212.723465
305091,0.015467,0.449834,-0.037239,-0.096779,-0.034845,0.175927,-0.979014,0.000000,212.919502
305091,0.015467,0.449834,-0.037239,-0.096779,-0.034845,0.175927,-0.979014,0.000000,213.116226
305091,0.015467,0.449834,-0.037239,-0.096779,-0.034845,0.175927,-0.979014,0.000000,213.307114
305091,0.015467,0.449834,-0.037239,-0.096779,-0.034845,0.175927,-0.979014,0.000000,213.496284
305091,0.015467,0.449834,-0.037239,-0.096779,-0.034845,0.175927,-0.979014,0.000343,213.687515
305091,0.015467,0.449834,-0.037239,-0.096779,-0.034845,0.175927,-0.979014,0.000343,213.873940
305091,0.015467,0.449834,-0.037239,-0.096779,-0.034845,0.175927,-0.979014,0.000343,214.059677
305091,0.015467,0.449834,-0.037239,-0.096779,-0.034845,0.175927,-0.979014,0.000000,214.232368
305091,0.015467,0.449834,-0.037239,-0.096779,-0.034845,0.175927,-0.979014,0.000000,214.432869
305091,0.015467,0.449834,-0.037239,-0.096779,-0.034845,0.175927,-0.979014,0.000000,214.625130
305091,0.015467,0.449834,-0.037239,-0.096779,-0.034845,0.175927,-0.979014,0.000000,214.816704
305091,0.015467,0.449834,-0.037239,-0.096779,-0.034845,0.175927,-0.979014,0.000000,214.997292
305091,0.015467,0.449834,-0.037239,-0.096779,-0.034845,0.175927,-0.979014,0.000343,215.188179
305091,0.015467,0.449834,-0.037239,-0.096779,-0.034845,0.175927,-0.979014,0.000343,215.377007
305091,0.015467,0.449834,-0.037239,-0.096779,-0.034845,0.175927,-0.979014,0.000000,215.544205
305091,0.015467,0.449834,-0.037239,-0.096779,-0.034845,0.175927,-0.979014,0.000000,215.752602
305091,0.015467,0.449834,-0.037239,-0.096779,-0.034845,0.175927,-0.979014,0.000000,215.945549
305091,0.015467,0.449834,-0.037239,-0.096779,-0.034845,0.175927,-0.979014,0.000000,216.138840
305091,0.015467,0.449834,-0.037239,-0.096779,-0.034845,0.175927,-0.979014,0.000343,216.320114
305091,0.015467,0.449834,-0.037239,-0.096779,-0.034845,0.175927,-0.979014,0.000000,216.505852
305091,0.015467,0.449834,-0.037239,-0.096779,-0.034845,0.175927,-0.979014,0.000343,216.679573
305091,0.015467,0.449834,-0.037239,-0.096779,-0.034845,0.175927,-0.979014,0.000000,216.872177
305091,0.015467,0.449834,-0.037239,-0.096779,-0.034845,0.175927,-0.979014,0.000000,217.039375
305091,0.015467,0.449834,-0.037239,-0.096779,-0.034845,0.175927,-0.979014,0.000000,217.225456
305091,0.015467,0.449834,-0.037239,-0.096779,-0.034845,0.175927,-0.979014,0.000343,217.428703
305091,0.015467,0.449834,-0.037239,-0.096779,-0.034845,0.175927,-0.979014,0.000000,217.618561
305197,0.015857,0.449761,-0.037092,-0.100525,-0.033995,0.183364,-0.977301,0.000000,217.808075
305201,0.015870,0.449755,-0.037076,-0.100634,-0.033969,0.183646,-0.977237,0.000000,218.003769
305205,0.015888,0.449750,-0.037056,-0.100823,-0.033974,0.184034,-0.977145,0.000000,218.187103
305208,0.015902,0.449747,-0.037042,-0.100885,-0.034001,0.184228,-0.977101,0.000000,218.380051
305212,0.015918,0.449743,-0.037030,-0.101049,-0.033955,0.184551,-0.977025,0.000343,218.563385
305215,0.015934,0.449741,-0.037025,-0.101167,-0.033937,0.184816,-0.976963,0.000343,218.731956
305219,0.015951,0.449739,-0.037021,-0.101207,-0.034043,0.185067,-0.976908,0.000000,218.914604
305223,0.015963,0.449736,-0.037028,-0.101404,-0.033963,0.185343,-0.976838,0.000000,219.079056
305226,0.015977,0.449734,-0.037028,-0.101547,-0.033961,0.185641,-0.976766,0.000000,219.252777
305230,0.015991,0.449735,-0.037033,-0.101527,-0.033969,0.185847,-0.976729,0.000000,219.433708
305233,0.016008,0.449733,-0.037030,-0.101673,-0.033973,0.186164,-0.976653,0.000343,219.627342
305237,0.016034,0.449728,-0.037019,-0.101844,-0.034031,0.186542,-0.976561,0.000343,219.829903
305240,0.016054,0.449728,-0.037008,-0.101942,-0.034036,0.186834,-0.976495,0.000000,220.024910
305244,0.016111,0.449951,-0.036793,-0.102710,-0.035859,0.189231,-0.975888,0.000000,220.207558
305247,0.016087,0.449718,-0.036973,-0.102319,-0.033990,0.187408,-0.976347,0.000000,220.375786
305251,0.016141,0.449949,-0.036760,-0.102903,-0.035919,0.189767,-0.975761,0.000000,220.537834
305255,0.016156,0.449945,-0.036747,-0.103093,-0.035901,0.190129,-0.975671,0.000343,220.685120
305258,0.016165,0.449945,-0.036748,-0.103165,-0.035906,0.190349,-0.975620,0.000000,220.880127
305262,0.016184,0.449946,-0.036747,-0.103236,-0.035919,0.190550,-0.975573,0.000343,221.069298
305265,0.016149,0.449706,-0.036954,-0.102800,-0.034042,0.188648,-0.976056,0.000000,221.261902
305269,0.016171,0.449706,-0.036953,-0.103002,-0.034072,0.189045,-0.975957,0.000000,221.444893
305272,0.016183,0.449704,-0.036951,-0.103061,-0.034103,0.189238,-0.975912,0.000000,221.633377
305276,0.016202,0.449703,-0.036946,-0.103244,-0.034054,0.189546,-0.975835,0.000000,221.813622
305279,0.016216,0.449701,-0.036937,-0.103361,-0.034052,0.189751,-0.975783,0.000000,221.956444
305283,0.016261,0.449701,-0.036908,-0.103175,-0.034662,0.189963,-0.975740,0.000000,222.142868
305286,0.016248,0.449698,-0.036913,-0.103445,-0.034095,0.190143,-0.975696,0.000000,222.317963
305290,0.016268,0.449692,-0.036897,-0.103695,-0.034067,0.190497,-0.975601,0.000000,222.488937
305293,0.016284,0.449692,-0.036887,-0.103753,-0.034130,0.190672,-0.975559,0.000000,222.655449
305297,0.016296,0.449690,-0.036881,-0.103901,-0.034080,0.190915,-0.975497,0.000000,222.833633
305301,0.016309,0.449688,-0.036875,-0.104006,-0.034094,0.191193,-0.975431,0.000000,223.024178
305304,0.016317,0.449689,-0.036878,-0.104020,-0.034103,0.191313,-0.975406,0.000343,223.200302
305308,0.016330,0.449685,-0.036877,-0.104229,-0.034027,0.191584,-0.975333,0.000000,223.376083
305311,0.016341,0.449686,-0.036877,-0.104308,-0.034015,0.191757,-0.975291,0.000000,223.550148
305315,0.016357,0.449686,-0.036873,-0.104330,-0.034083,0.191950,-0.975248,0.000000,223.729706
305318,0.016367,0.449682,-0.036868,-0.104419,-0.034053,0.192104,-0.975209,0.000343,223.898964
305322,0.016382,0.449680,-0.036855,-0.104652,-0.034046,0.192470,-0.975112,0.000000,224.069939
305326,0.016392,0.449676,-0.036847,-0.104649,-0.034041,0.192644,-0.975078,0.000000,224.242287
305329,0.016403,0.449673,-0.036835,-0.104786,-0.034040,0.192936,-0.975006,0.000000,224.398842
305333,0.016422,0.449672,-0.036826,-0.104895,-0.034086,0.193206,-0.974939,0.000000,224.542694
305336,0.016431,0.449670,-0.036823,-0.104998,-0.034059,0.193372,-0.974896,0.000000,224.721909
305340,0.016441,0.449667,-0.036821,-0.105166,-0.034016,0.193608,-0.974833,0.000000,224.895287
305343,0.016451,0.449663,-0.036821,-0.105284,-0.034026,0.193835,-0.974775,0.000000,225.071411
305347,0.016488,0.449667,-0.036808,-0.105018,-0.034596,0.193976,-0.974755,0.000000,225.246849
305350,0.016500,0.449663,-0.036808,-0.105122,-0.034597,0.194182,-0.974703,0.000000,225.419540
305354,0.016517,0.449660,-0.036803,-0.105233,-0.034548,0.194434,-0.974643,0.000000,225.570946
305357,0.016531,0.449658,-0.036796,-0.105310,-0.034582,0.194624,-0.974595,0.000000,225.748444
305361,0.016551,0.449655,-0.036788,-0.105394,-0.034534,0.194804,-0.974552,0.000000,225.912209
305364,0.016567,0.449652,-0.036777,-0.105545,-0.034523,0.195069,-0.974483,0.000000,226.067390
305368,0.016584,0.449648,-0.036768,-0.105544,-0.034585,0.195207,-0.974453,0.000000,226.220856
305372,0.016597,0.449644,-0.036760,-0.105721,-0.034538,0.195462,-0.974384,0.000000,226.383247
305375,0.016605,0.449645,-0.036756,-0.105817,-0.034537,0.195664,-0.974334,0.000000,226.552162
305379,0.016614,0.449644,-0.036757,-0.105768,-0.034564,0.195759,-0.974319,0.000000,226.726227
305382,0.016621,0.449643,-0.036755,-0.105841,-0.034551,0.195959,-0.974271,0.000000,226.892052
305386,0.016607,0.449637,-0.036768,-0.106213,-0.034027,0.196190,-0.974202,0.000000,227.053413
305389,0.016643,0.449640,-0.036748,-0.106034,-0.034580,0.196357,-0.974169,0.000000,227.215462
305393,0.016651,0.449637,-0.036745,-0.106155,-0.034555,0.196496,-0.974129,0.000000,227.373390
305397,0.016662,0.449636,-0.036734,-0.106216,-0.034574,0.196774,-0.974065,0.000000,227.522049
305400,0.016666,0.449635,-0.036732,-0.106213,-0.034588,0.196879,-0.974044,0.000000,227.668991
305404,0.016674,0.449632,-0.036724,-0.106446,-0.034467,0.197117,-0.973974,0.000000,227.820053
305407,0.016682,0.449629,-0.036721,-0.106450,-0.034492,0.197211,-0.973954,0.000000,227.984161
305411,0.016691,0.449630,-0.036718,-0.106491,-0.034541,0.197368,-0.973916,0.000000,228.146553
305414,0.016696,0.449627,-0.036719,-0.106550,-0.034536,0.197496,-0.973884,0.000000,228.307915
305418,0.016706,0.449622,-0.036716,-0.106710,-0.034517,0.197779,-0.973810,0.000000,228.472710
305421,0.016710,0.449622,-0.036717,-0.106674,-0.034547,0.197817,-0.973805,0.000000,228.642654
305425,0.016726,0.449623,-0.036712,-0.106826,-0.034537,0.198142,-0.973722,0.000000,228.776207
305429,0.016737,0.449621,-0.036705,-0.106861,-0.034559,0.198324,-0.973681,0.000000,228.924179
305432,0.016746,0.449618,-0.036701,-0.106897,-0.034552,0.198402,-0.973661,0.000000,229.054642
305435,0.016754,0.449615,-0.036693,-0.106926,-0.034559,0.198489,-0.973640,0.000000,229.205017
305439,0.016767,0.449612,-0.036682,-0.107187,-0.034504,0.198774,-0.973555,0.000000,229.358826
305443,0.016779,0.449611,-0.036677,-0.107166,-0.034522,0.198875,-0.973536,0.000000,229.511261
305446,0.016786,0.449608,-0.036673,-0.107252,-0.034505,0.199027,-0.973496,0.000000,229.672966
305450,0.016796,0.449607,-0.036673,-0.107336,-0.034514,0.199256,-0.973440,0.000000,229.830208
305453,0.016802,0.449606,-0.036674,-0.107373,-0.034522,0.199347,-0.973417,0.000000,229.999123
305457,0.016810,0.449604,-0.036678,-0.107503,-0.034521,0.199589,-0.973353,0.000000,230.139542
305460,0.016819,0.449603,-0.036677,-0.107576,-0.034503,0.199731,-0.973316,0.000000,230.270004
305464,0.016837,0.449603,-0.036679,-0.107566,-0.034585,0.199899,-0.973280,0.000000,230.386734
305468,0.016845,0.449599,-0.036678,-0.107702,-0.034506,0.200094,-0.973228,0.000000,230.526810
305471,0.016860,0.449596,-0.036670,-0.107790,-0.034518,0.200278,-0.973180,0.000000,230.660706
305474,0.016866,0.449595,-0.036663,-0.107833,-0.034513,0.200405,-0.973149,0.000000,230.827217
305478,0.016873,0.449592,-0.036648,-0.107913,-0.034486,0.200568,-0.973107,0.000000,230.986519
305482,0.016881,0.449587,-0.036633,-0.107966,-0.034552,0.200767,-0.973058,0.000000,231.144104
305485,0.016886,0.449585,-0.036622,-0.108052,-0.034554,0.200900,-0.973021,0.000000,231.290703
305489,0.016891,0.449581,-0.036616,-0.108214,-0.034525,0.201072,-0.972969,0.000000,231.424942
305492,0.016900,0.449579,-0.036613,-0.108335,-0.034488,0.201308,-0.972908,0.000000,231.546822
305496,0.016907,0.449581,-0.036619,-0.108282,-0.034522,0.201382,-0.972897,0.000000,231.669388
305499,0.016917,0.449581,-0.036620,-0.108359,-0.034513,0.201579,-0.972848,0.000000,231.790237
305503,0.016924,0.449580,-0.036624,-0.108483,-0.034496,0.201801,-0.972789,0.000000,231.919670
305507,0.016933,0.449579,-0.036626,-0.108501,-0.034541,0.201901,-0.972764,0.000000,232.071419
305510,0.016941,0.449577,-0.036624,-0.108586,-0.034508,0.202037,-0.972728,0.000000,232.220078
305514,0.016952,0.449573,-0.036615,-0.108699,-0.034521,0.202257,-0.972669,0.000000,232.367706
305517,0.016965,0.449574,-0.036609,-0.108736,-0.034517,0.202361,-0.972643,0.000000,232.494049
305521,0.016977,0.449570,-0.036599,-0.108894,-0.034439,0.202612,-0.972576,0.000000,232.642708
305524,0.016986,0.449566,-0.036593,-0.108988,-0.034448,0.202730,-0.972541,0.000000,232.760124
305528,0.016999,0.449565,-0.036585,-0.108995,-0.034497,0.202842,-0.972515,0.000000,232.873421
305531,0.017004,0.449564,-0.036584,-0.109028,-0.034504,0.202972,-0.972484,0.000000,232.986374
305535,0.017013,0.449562,-0.036583,-0.109206,-0.034483,0.203218,-0.972413,0.000000,233.107567
305539,0.017024,0.449560,-0.036584,-0.109258,-0.034503,0.203374,-0.972374,0.000000,233.218117
305542,0.017025,0.449560,-0.036584,-0.109331,-0.034497,0.203466,-0.972347,0.000000,233.372955
305546,0.017041,0.449557,-0.036581,-0.109391,-0.034530,0.203759,-0.972278,0.000000,233.518181
305549,0.017048,0.449559,-0.036578,-0.109423,-0.034510,0.203852,-0.972255,0.000000,233.656540
305553,0.017061,0.449552,-0.036570,-0.109661,-0.034442,0.204117,-0.972175,0.000000,233.783569
305556,0.017073,0.449552,-0.036562,-0.109731,-0.034447,0.204274,-0.972134,0.000000,233.899269
305560,0.017088,0.449549,-0.036550,-0.109780,-0.034522,0.204437,-0.972092,0.000000,234.009132
305564,0.017098,0.449546,-0.036538,-0.109971,-0.034452,0.204690,-0.972019,0.000000,234.115219
305567,0.017105,0.449543,-0.036531,-0.110068,-0.034476,0.204904,-0.971962,0.000000,234.218216
305570,0.017108,0.449542,-0.036528,-0.110069,-0.034509,0.204969,-0.971947,-0.000343,234.345589
305574,0.017121,0.449541,-0.036524,-0.110217,-0.034433,0.205229,-0.971879,0.000000,234.458885
305577,0.017128,0.449540,-0.036525,-0.110264,-0.034464,0.205404,-0.971835,0.000000,234.573555
305581,0.017141,0.449541,-0.036526,-0.110292,-0.034527,0.205547,-0.971799,0.000000,234.703674
305585,0.017149,0.449537,-0.036526,-0.110446,-0.034498,0.205776,-0.971734,-0.000343,234.837227
305588,0.017156,0.449535,-0.036524,-0.110539,-0.034461,0.205967,-0.971685,-0.000343,234.958763
305592,0.017170,0.449534,-0.036521,-0.110519,-0.034506,0.206077,-0.971662,0.000000,235.059700
305595,0.017184,0.449531,-0.036515,-0.110619,-0.034491,0.206289,-0.971606,0.000000,235.155830
305599,0.017200,0.449530,-0.036508,-0.110701,-0.034507,0.206506,-0.971550,0.000000,235.261917
305602,0.017215,0.449529,-0.036502,-0.110758,-0.034501,0.206657,-0.971512,-0.000343,235.367317
305606,0.017221,0.449524,-0.036497,-0.110874,-0.034471,0.206808,-0.971468,0.000000,235.474777
305610,0.017230,0.449522,-0.036492,-0.110875,-0.034542,0.206963,-0.971432,0.000000,235.585670
305613,0.017238,0.449520,-0.036490,-0.110968,-0.034514,0.207085,-0.971396,0.000000,235.676651
305617,0.017246,0.449518,-0.036490,-0.111092,-0.034469,0.207303,-0.971337,0.000000,235.800591
305620,0.017260,0.449518,-0.036489,-0.111116,-0.034487,0.207504,-0.971291,0.000000,235.907364
305624,0.017273,0.449517,-0.036491,-0.111106,-0.034491,0.207589,-0.971274,0.000000,236.014137
305627,0.017283,0.449516,-0.036488,-0.111220,-0.034455,0.207729,-0.971232,0.000000,236.121597
305631,0.017301,0.449511,-0.036482,-0.111298,-0.034498,0.207952,-0.971174,-0.000343,236.222878
305634,0.017310,0.449512,-0.036473,-0.111321,-0.034505,0.208076,-0.971144,-0.000343,236.306648
305638,0.017317,0.449508,-0.036466,-0.111458,-0.034471,0.208213,-0.971101,0.000000,236.402435
305641,0.017324,0.449504,-0.036458,-0.111544,-0.034473,0.208379,-0.971055,0.000000,236.495476
305645,0.017330,0.449505,-0.036454,-0.111480,-0.034514,0.208443,-0.971047,0.000000,236.587830
305649,0.017343,0.449504,-0.036443,-0.111687,-0.034460,0.208756,-0.970958,-0.000343,236.686363
305652,0.017346,0.449503,-0.036440,-0.111675,-0.034472,0.208810,-0.970947,0.000000,236.784554
305656,0.017353,0.449500,-0.036437,-0.111697,-0.034514,0.208929,-0.970918,0.000000,236.883430
305659,0.017355,0.449497,-0.036436,-0.111763,-0.034488,0.209012,-0.970893,0.000000,236.985054
305663,0.017360,0.449498,-0.036437,-0.111853,-0.034491,0.209227,-0.970836,0.000000,237.078438
305666,0.017367,0.449498,-0.036440,-0.111814,-0.034512,0.209278,-0.970829,0.000000,237.154999
305670,0.017375,0.449497,-0.036442,-0.111987,-0.034405,0.209536,-0.970757,-0.000343,237.230873
305673,0.017381,0.449495,-0.036443,-0.111997,-0.034448,0.209607,-0.970739,-0.000343,237.312927
305677,0.017397,0.449495,-0.036442,-0.112009,-0.034495,0.209723,-0.970711,0.000000,237.394981
305681,0.017403,0.449494,-0.036439,-0.112182,-0.034449,0.209869,-0.970661,-0.000343,237.482529
305684,0.017411,0.449492,-0.036433,-0.112223,-0.034445,0.209992,-0.970630,0.000000,237.571793
305688,0.017418,0.449493,-0.036427,-0.112162,-0.034449,0.210022,-0.970631,-0.000343,237.662086
305691,0.017423,0.449490,-0.036421,-0.112262,-0.034442,0.210149,-0.970592,0.000000,237.748260
305695,0.017432,0.449488,-0.036411,-0.112304,-0.034481,0.210307,-0.970551,-0.000343,237.824821
305698,0.017436,0.449488,-0.036405,-0.112323,-0.034483,0.210358,-0.970538,0.000000,237.903099
305702,0.017441,0.449485,-0.036401,-0.112469,-0.034437,0.210493,-0.970493,0.000000,237.973824
305705,0.017446,0.449484,-0.036400,-0.112530,-0.034447,0.210595,-0.970464,0.000343,238.045235
305709,0.017453,0.449487,-0.036400,-0.112438,-0.034483,0.210592,-0.970474,0.000000,238.111839
305713,0.017456,0.449484,-0.036403,-0.112545,-0.034423,0.210712,-0.970438,-0.000343,238.185310
305716,0.017459,0.449484,-0.036403,-0.112578,-0.034440,0.210866,-0.970400,0.000000,238.269768
305720,0.017456,0.449483,-0.036406,-0.112503,-0.034465,0.210800,-0.970422,-0.000343,238.345642
305723,0.017458,0.449481,-0.036403,-0.112653,-0.034452,0.210980,-0.970366,0.000000,238.413277
305727,0.017458,0.449480,-0.036400,-0.112661,-0.034466,0.210973,-0.970366,0.000000,238.478851
305730,0.017463,0.449479,-0.036395,-0.112691,-0.034493,0.211095,-0.970335,0.000000,238.546143
305734,0.017466,0.449477,-0.036391,-0.112745,-0.034465,0.211156,-0.970316,0.000000,238.611374
305737,0.017468,0.449474,-0.036388,-0.112864,-0.034420,0.211274,-0.970279,0.000000,238.678322
305741,0.017474,0.449478,-0.036387,-0.112719,-0.034490,0.211249,-0.970298,0.000000,238.736000
305744,0.017476,0.449475,-0.036385,-0.112846,-0.034435,0.211374,-0.970258,-0.000343,238.785782
305748,0.017485,0.449475,-0.036384,-0.112870,-0.034450,0.211458,-0.970237,0.000000,238.840714
305752,0.017490,0.449473,-0.036382,-0.112925,-0.034483,0.211497,-0.970221,0.000000,238.908348
305755,0.017493,0.449473,-0.036385,-0.112953,-0.034428,0.211527,-0.970213,-0.000343,238.968086
305759,0.017502,0.449474,-0.036384,-0.112976,-0.034438,0.211643,-0.970184,-0.000343,239.025764
305762,0.017505,0.449472,-0.036387,-0.112935,-0.034456,0.211620,-0.970193,0.000000,239.089279
305766,0.017512,0.449470,-0.036384,-0.113076,-0.034381,0.211801,-0.970140,-0.000343,239.152794
305769,0.017513,0.449468,-0.036386,-0.113066,-0.034397,0.211817,-0.970137,0.000000,239.202576
305773,0.017517,0.449469,-0.036385,-0.113044,-0.034459,0.211912,-0.970117,-0.000343,239.248581
305776,0.017519,0.449470,-0.036383,-0.113065,-0.034438,0.211916,-0.970115,-0.000343,239.293900
305780,0.017521,0.449467,-0.036380,-0.113181,-0.034421,0.212057,-0.970071,-0.000343,239.334412
305783,0.017523,0.449466,-0.036377,-0.113143,-0.034462,0.212052,-0.970075,0.000000,239.376984
305787,0.017527,0.449463,-0.036372,-0.113262,-0.034413,0.212169,-0.970037,0.000000,239.421959
305791,0.017532,0.449466,-0.036364,-0.113296,-0.034408,0.212274,-0.970010,-0.000343,239.476547
305794,0.017534,0.449464,-0.036359,-0.113272,-0.034460,0.212285,-0.970009,-0.000343,239.531822
305798,0.017535,0.449458,-0.036353,-0.113422,-0.034414,0.212433,-0.969961,0.000000,239.570961
305801,0.017536,0.449458,-0.036352,-0.113425,-0.034430,0.212464,-0.969953,-0.000343,239.619713
305805,0.017541,0.449459,-0.036353,-0.113422,-0.034440,0.212499,-0.969945,-0.000343,239.650955
305808,0.017542,0.449457,-0.036362,-0.113422,-0.034465,0.212505,-0.969943,-0.000343,239.678078
305812,0.017543,0.449455,-0.036368,-0.113491,-0.034436,0.212658,-0.969902,0.000000,239.703484
305815,0.017545,0.449458,-0.036374,-0.113477,-0.034402,0.212650,-0.969907,0.000000,239.731979
305818,0.017545,0.449459,-0.036379,-0.113403,-0.034479,0.212649,-0.969913,0.000000,239.766312
305822,0.017552,0.449458,-0.036379,-0.113543,-0.034412,0.212835,-0.969858,-0.000343,239.804764
305826,0.017559,0.449457,-0.036371,-0.113546,-0.034469,0.212853,-0.969852,0.000000,239.842873
305830,0.017562,0.449455,-0.036359,-0.113638,-0.034395,0.212906,-0.969832,0.000000,239.884071
305833,0.017569,0.449452,-0.036348,-0.113692,-0.034417,0.213041,-0.969796,-0.000343,239.920120
305837,0.017571,0.449453,-0.036338,-0.113589,-0.034468,0.212979,-0.969819,0.000000,239.948959
305840,0.017577,0.449449,-0.036333,-0.113673,-0.034405,0.213100,-0.969785,0.000000,239.965096
305844,0.017583,0.449448,-0.036329,-0.113704,-0.034446,0.213119,-0.969776,0.000000,239.976425
305847,0.017589,0.449452,-0.036332,-0.113725,-0.034427,0.213213,-0.969753,-0.000343,239.985008
305851,0.017590,0.449447,-0.036342,-0.113786,-0.034392,0.213196,-0.969751,-0.000343,239.998741
305855,0.017592,0.449452,-0.036352,-0.113704,-0.034450,0.213241,-0.969749,-0.000343,240.022774
305858,0.017590,0.449449,-0.036358,-0.113712,-0.034463,0.213265,-0.969742,0.000000,240.050926
305862,0.017589,0.449448,-0.036360,-0.113832,-0.034375,0.213402,-0.969701,-0.000343,240.078392
305865,0.017588,0.449448,-0.036357,-0.113856,-0.034401,0.213440,-0.969689,0.000000,240.100021
305869,0.017585,0.449447,-0.036348,-0.113793,-0.034456,0.213415,-0.969700,0.000000,240.112038
305872,0.017585,0.449446,-0.036340,-0.113852,-0.034432,0.213449,-0.969686,-0.000343,240.124397
305876,0.017587,0.449441,-0.036331,-0.113942,-0.034422,0.213559,-0.969652,0.000000,240.132980
305879,0.017594,0.449441,-0.036326,-0.113935,-0.034456,0.213555,-0.969652,0.000000,240.136757
305883,0.017601,0.449442,-0.036325,-0.114023,-0.034398,0.213626,-0.969629,0.000000,240.139847
305886,0.017606,0.449440,-0.036327,-0.114040,-0.034398,0.213694,-0.969611,0.000000,240.141563
305890,0.017609,0.449440,-0.036336,-0.113953,-0.034416,0.213671,-0.969626,-0.000343,240.143280
305894,0.017615,0.449442,-0.036340,-0.114106,-0.034395,0.213862,-0.969567,-0.000343,240.144997
305897,0.017615,0.449442,-0.036345,-0.114058,-0.034409,0.213813,-0.969583,-0.000343,240.146713
305901,0.017620,0.449442,-0.036343,-0.114034,-0.034446,0.213847,-0.969577,-0.000343,240.148773
305904,0.017620,0.449440,-0.036340,-0.114083,-0.034407,0.213819,-0.969579,0.000000,240.189629
305908,0.017628,0.449440,-0.036329,-0.114120,-0.034433,0.213981,-0.969538,-0.000343,240.698090
305911,0.017632,0.449441,-0.036328,-0.114050,-0.034438,0.213945,-0.969554,-0.000343,242.152748
305915,0.017668,0.449434,-0.036314,-0.114403,-0.034423,0.214819,-0.969319,-0.000343,244.556007
305918,0.017764,0.449407,-0.036272,-0.115144,-0.034401,0.216656,-0.968823,-0.000343,247.127495
305922,0.017955,0.449370,-0.036192,-0.116481,-0.034399,0.219509,-0.968021,0.000000,247.429619
305925,0.017975,0.449361,-0.036187,-0.116719,-0.034372,0.219861,-0.967913,0.000000,245.205231
305929,0.017991,0.449358,-0.036182,-0.116910,-0.034346,0.220170,-0.967821,-0.000343,239.511909
305933,0.017969,0.449337,-0.036135,-0.117172,-0.034272,0.220031,-0.967824,-0.000343,233.194771
305936,0.017942,0.449351,-0.036165,-0.116969,-0.034265,0.219835,-0.967893,-0.000343,226.854973
305940,0.017905,0.449349,-0.036150,-0.116849,-0.034351,0.219270,-0.968033,-0.000343,220.565987
305943,0.017868,0.449351,-0.036149,-0.116694,-0.034419,0.218777,-0.968160,-0.000343,214.267731
305947,0.017856,0.449363,-0.036180,-0.116391,-0.034408,0.218439,-0.968274,-0.000343,207.970848
305950,0.017852,0.449355,-0.036165,-0.116550,-0.034401,0.218347,-0.968275,-0.000343,202.311859
305954,0.017848,0.449369,-0.036189,-0.116050,-0.034505,0.217874,-0.968438,-0.000343,195.411415
305957,0.017831,0.449374,-0.036197,-0.115853,-0.034497,0.217402,-0.968568,-0.000343,189.188690
305961,0.017766,0.449382,-0.036219,-0.115416,-0.034604,0.216390,-0.968843,0.000000,184.570656
305965,0.017696,0.449403,-0.036261,-0.114851,-0.034574,0.215335,-0.969146,-0.000343,182.207909
305968,0.017671,0.449404,-0.036257,-0.114846,-0.034563,0.215084,-0.969203,-0.000343,181.921577
305972,0.017672,0.449407,-0.036272,-0.114736,-0.034653,0.215043,-0.969222,0.000000,182.651138
305975,0.017672,0.449408,-0.036270,-0.114695,-0.034675,0.214903,-0.969257,-0.000343,183.386536
305979,0.017690,0.449409,-0.036279,-0.114744,-0.034586,0.214957,-0.969243,-0.000343,182.709503
305982,0.017692,0.449410,-0.036281,-0.114756,-0.034561,0.214912,-0.969252,0.000000,180.156212
305986,0.017678,0.449425,-0.036288,-0.114214,-0.034684,0.213997,-0.969514,-0.000343,175.574226
305989,0.017573,0.449454,-0.036329,-0.113302,-0.034679,0.212073,-0.970044,0.000000,169.830437
305993,0.017400,0.449483,-0.036393,-0.111845,-0.034836,0.209009,-0.970872,0.000000,164.181404
305996,0.017247,0.449513,-0.036444,-0.110713,-0.034882,0.206219,-0.971596,0.000000,159.896736
306000,0.016952,0.449551,-0.036558,-0.108860,-0.034751,0.201984,-0.972700,-0.000343,157.622223
306004,0.016886,0.449569,-0.036594,-0.108135,-0.034842,0.200658,-0.973052,0.000000,157.222252
306007,0.016852,0.449573,-0.036611,-0.107983,-0.034808,0.200117,-0.973181,0.000000,158.096008
306011,0.016838,0.449585,-0.036653,-0.107684,-0.034789,0.199736,-0.973293,-0.000343,159.619675
306014,0.016845,0.449582,-0.036645,-0.107790,-0.034749,0.199736,-0.973283,-0.000343,161.092529
306018,0.016830,0.449587,-0.036655,-0.107616,-0.034795,0.199502,-0.973348,0.000000,161.940193
306021,0.016822,0.449584,-0.036642,-0.107656,-0.034756,0.199486,-0.973349,-0.000343,161.893158
306025,0.016809,0.449577,-0.036615,-0.107756,-0.034764,0.199472,-0.973340,0.000000,161.086006
306029,0.016803,0.449580,-0.036604,-0.107691,-0.034753,0.199434,-0.973356,0.000000,159.935875
306032,0.016810,0.449575,-0.036593,-0.107783,-0.034720,0.199427,-0.973348,0.000000,158.528252
306036,0.016819,0.449583,-0.036605,-0.107620,-0.034781,0.199398,-0.973370,0.000000,157.661018
306039,0.016818,0.449583,-0.036604,-0.107538,-0.034800,0.199227,-0.973413,0.000000,157.460518
306043,0.016813,0.449586,-0.036622,-0.107595,-0.034753,0.199159,-0.973422,-0.000343,157.778091
306046,0.016803,0.449586,-0.036630,-0.107566,-0.034749,0.199071,-0.973444,0.000000,158.498726
306050,0.016790,0.449590,-0.036643,-0.107464,-0.034755,0.198931,-0.973484,0.000000,159.240303
306053,0.016780,0.449589,-0.036650,-0.107436,-0.034745,0.198863,-0.973501,-0.000343,159.654350
306057,0.016779,0.449589,-0.036647,-0.107487,-0.034763,0.198893,-0.973489,0.000000,159.664307
306060,0.016783,0.449592,-0.036648,-0.107430,-0.034756,0.198875,-0.973499,0.000000,159.195328
306064,0.016782,0.449587,-0.036642,-0.107469,-0.034724,0.198817,-0.973507,-0.000343,158.424225
306068,0.016789,0.449586,-0.036638,-0.107401,-0.034767,0.198733,-0.973530,0.000000,157.577248
306071,0.016793,0.449587,-0.036637,-0.107388,-0.034778,0.198728,-0.973533,0.000000,156.942101
306075,0.016790,0.449588,-0.036640,-0.107357,-0.034773,0.198635,-0.973555,0.000000,156.695938
306078,0.016780,0.449588,-0.036648,-0.107350,-0.034755,0.198575,-0.973569,0.000000,156.690102
306082,0.016767,0.449594,-0.036654,-0.107149,-0.034803,0.198401,-0.973625,-0.000343,156.926651
306085,0.016764,0.449594,-0.036660,-0.107190,-0.034751,0.198374,-0.973628,0.000000,157.238388
306089,0.016765,0.449596,-0.036660,-0.107135,-0.034822,0.198275,-0.973651,-0.000343,157.438202
306092,0.016768,0.449595,-0.036662,-0.107144,-0.034788,0.198296,-0.973647,-0.000343,157.434769
306096,0.016766,0.449597,-0.036658,-0.107145,-0.034790,0.198238,-0.973659,-0.000343,157.197533
306099,0.016759,0.449595,-0.036652,-0.107234,-0.034724,0.198285,-0.973642,0.000000,156.805115
306103,0.016749,0.449595,-0.036646,-0.107079,-0.034792,0.198090,-0.973696,-0.000343,156.171684
306107,0.016736,0.449595,-0.036642,-0.107117,-0.034767,0.198096,-0.973692,-0.000343,155.622368
306110,0.016722,0.449597,-0.036649,-0.107013,-0.034790,0.197850,-0.973752,-0.000343,155.257759
306114,0.016715,0.449605,-0.036664,-0.106815,-0.034849,0.197601,-0.973822,0.000000,155.090904
306117,0.016709,0.449608,-0.036679,-0.106717,-0.034781,0.197420,-0.973872,0.000000,155.064468
306121,0.016710,0.449610,-0.036691,-0.106727,-0.034831,0.197368,-0.973880,0.000000,155.079575
306124,0.016704,0.449609,-0.036697,-0.106618,-0.034847,0.197195,-0.973926,0.000000,155.093651
306128,0.016694,0.449612,-0.036695,-0.106670,-0.034786,0.197157,-0.973931,0.000000,155.083694
306131,0.016687,0.449612,-0.036689,-0.106632,-0.034797,0.197091,-0.973948,-0.000343,154.965591
306135,0.016684,0.449613,-0.036675,-0.106571,-0.034828,0.197026,-0.973966,-0.000343,154.665184
306138,0.016680,0.449611,-0.036671,-0.106524,-0.034833,0.196900,-0.973997,0.000000,154.214745
306142,0.016675,0.449609,-0.036660,-0.106580,-0.034791,0.196767,-0.974019,-0.000343,153.743362
306146,0.016658,0.449616,-0.036668,-0.106387,-0.034818,0.196384,-0.974117,0.000000,153.318672
306149,0.016631,0.449618,-0.036681,-0.106219,-0.034832,0.195973,-0.974217,0.000000,153.007965
306153,0.016599,0.449628,-0.036702,-0.105977,-0.034890,0.195569,-0.974322,-0.000343,152.838020
306156,0.016581,0.449631,-0.036724,-0.105792,-0.034871,0.195207,-0.974416,-0.000343,152.764893
306160,0.016563,0.449636,-0.036746,-0.105648,-0.034830,0.194875,-0.974499,0.000000,152.709618
306163,0.016533,0.449636,-0.036775,-0.105784,-0.034265,0.194642,-0.974551,0.000000,152.602158
306167,0.016555,0.449642,-0.036764,-0.105406,-0.034890,0.194384,-0.974621,0.000000,152.398911
306170,0.016524,0.449638,-0.036776,-0.105552,-0.034321,0.194107,-0.974681,0.000000,152.076874
306174,0.016528,0.449644,-0.036756,-0.105261,-0.034809,0.193860,-0.974745,-0.000343,151.683769
306178,0.016498,0.449648,-0.036751,-0.104946,-0.034844,0.193329,-0.974883,-0.000343,151.254272
306181,0.016472,0.449653,-0.036749,-0.104804,-0.034887,0.193094,-0.974943,0.000000,150.876961
306185,0.016416,0.449652,-0.036769,-0.104896,-0.034388,0.192681,-0.975033,-0.000343,150.580330
306188,0.016391,0.449655,-0.036781,-0.104761,-0.034400,0.192386,-0.975105,0.000000,150.379143
306192,0.016357,0.449661,-0.036806,-0.104604,-0.034363,0.191919,-0.975215,0.000000,150.212975
306195,0.016345,0.449664,-0.036825,-0.104534,-0.034356,0.191749,-0.975256,-0.000343,150.050240
306199,0.016327,0.449671,-0.036851,-0.104246,-0.034434,0.191423,-0.975348,0.000000,149.837379
306203,0.016309,0.449672,-0.036867,-0.104213,-0.034323,0.191193,-0.975401,-0.000343,149.571991
306206,0.016297,0.449674,-0.036871,-0.104066,-0.034368,0.191016,-0.975450,0.000000,149.225578
306209,0.016282,0.449677,-0.036871,-0.103935,-0.034376,0.190758,-0.975514,0.000000,148.834877
306213,0.016257,0.449680,-0.036873,-0.103682,-0.034364,0.190181,-0.975654,0.000000,148.431816
306217,0.016237,0.449681,-0.036868,-0.103547,-0.034424,0.189746,-0.975751,0.000000,148.071671
306220,0.016223,0.449685,-0.036869,-0.103342,-0.034434,0.189379,-0.975843,0.000000,147.764053
306224,0.016201,0.449686,-0.036872,-0.103191,-0.034375,0.188980,-0.975939,-0.000343,147.523384
306227,0.016181,0.449688,-0.036878,-0.103063,-0.034345,0.188678,-0.976012,0.000000,147.266922
306231,0.016152,0.449694,-0.036893,-0.102806,-0.034423,0.188267,-0.976116,0.000000,147.041016
306234,0.016131,0.449697,-0.036907,-0.102665,-0.034388,0.187970,-0.976189,-0.000343,146.767731
306238,0.016102,0.449697,-0.036929,-0.102552,-0.034361,0.187664,-0.976261,-0.000343,146.424751
306242,0.016079,0.449703,-0.036949,-0.102314,-0.034363,0.187189,-0.976377,0.000000,146.036797
306245,0.016062,0.449708,-0.036961,-0.102171,-0.034367,0.186832,-0.976460,0.000000,145.668755
306248,0.016040,0.449712,-0.036970,-0.102031,-0.034345,0.186469,-0.976545,0.000000,145.287666
306252,0.016019,0.449716,-0.036972,-0.101786,-0.034386,0.186027,-0.976653,-0.000343,144.900398
306256,0.015991,0.449716,-0.036975,-0.101644,-0.034296,0.185549,-0.976762,0.000000,144.587631
306259,0.015976,0.449721,-0.036975,-0.101504,-0.034325,0.185237,-0.976835,-0.000343,144.287910
306263,0.015955,0.449723,-0.036974,-0.101317,-0.034356,0.184756,-0.976944,0.000000,143.998146
306266,0.015939,0.449728,-0.036984,-0.101129,-0.034310,0.184430,-0.977027,0.000000,143.671303
306270,0.015921,0.449730,-0.036995,-0.101063,-0.034317,0.184112,-0.977093,0.000000,143.325233
306273,0.015905,0.449734,-0.037010,-0.100833,-0.034326,0.183718,-0.977191,0.000000,142.976418
306277,0.015877,0.449740,-0.037031,-0.100619,-0.034263,0.183196,-0.977313,0.000000,142.548981
306281,0.015850,0.449749,-0.037044,-0.100386,-0.034357,0.182757,-0.977416,0.000000,142.148323
306284,0.015824,0.449754,-0.037059,-0.100218,-0.034343,0.182334,-0.977513,0.000000,141.760368
306288,0.015790,0.449757,-0.037072,-0.100035,-0.034281,0.181717,-0.977648,-0.000343,141.393013
306291,0.015773,0.449759,-0.037077,-0.099921,-0.034318,0.181442,-0.977710,-0.000343,141.032524
306295,0.015755,0.449765,-0.037083,-0.099595,-0.034358,0.180973,-0.977829,0.000000,140.671349
306298,0.015745,0.449767,-0.037087,-0.099482,-0.034371,0.180683,-0.977894,0.000000,140.307426
306302,0.015728,0.449769,-0.037095,-0.099342,-0.034340,0.180354,-0.977970,0.000000,139.938011
306305,0.015711,0.449771,-0.037102,-0.099203,-0.034370,0.180089,-0.978032,0.000000,139.569283
306309,0.015715,0.449780,-0.037098,-0.098728,-0.034987,0.179650,-0.978138,0.000000,139.170341
306312,0.015671,0.449780,-0.037124,-0.098921,-0.034352,0.179439,-0.978180,0.000000,138.748055
306316,0.015679,0.449789,-0.037119,-0.098415,-0.035069,0.178982,-0.978289,0.000000,138.341217
306319,0.015661,0.449793,-0.037128,-0.098243,-0.035072,0.178662,-0.978365,0.000000,137.928200
306323,0.015636,0.449795,-0.037138,-0.098111,-0.035055,0.178308,-0.978444,-0.000343,137.525826
306327,0.015613,0.449799,-0.037145,-0.097790,-0.035112,0.177826,-0.978561,-0.000343,137.140274
306330,0.015589,0.449804,-0.037150,-0.097660,-0.035080,0.177482,-0.978638,-0.000343,136.731720
306334,0.015559,0.449805,-0.037154,-0.097493,-0.035109,0.177034,-0.978735,0.000000,136.366081
306338,0.015518,0.449810,-0.037163,-0.097246,-0.035129,0.176396,-0.978874,0.000000,135.915985
306341,0.015487,0.449814,-0.037172,-0.097062,-0.035122,0.175978,-0.978967,0.000000,135.487518
306344,0.015456,0.449817,-0.037184,-0.096920,-0.035086,0.175552,-0.979059,0.000000,135.050468
306348,0.015414,0.449822,-0.037205,-0.096520,-0.035148,0.174850,-0.979222,0.000000,134.608269
306351,0.015390,0.449829,-0.037220,-0.096304,-0.035139,0.174377,-0.979328,0.000000,134.169502
306355,0.015347,0.449838,-0.037240,-0.096013,-0.035079,0.173646,-0.979489,0.000000,133.724556
306359,0.015308,0.449844,-0.037261,-0.095632,-0.035110,0.172915,-0.979654,0.000000,133.302269
306362,0.015280,0.449845,-0.037267,-0.095417,-0.035088,0.172414,-0.979764,0.000000,132.913628
306366,0.015243,0.449847,-0.037280,-0.095197,-0.035110,0.171855,-0.979883,0.000000,132.434692
306369,0.015217,0.449849,-0.037286,-0.094947,-0.035141,0.171381,-0.979989,0.000000,132.022705
306373,0.015181,0.449851,-0.037296,-0.094730,-0.035052,0.170777,-0.980119,0.000000,131.584282
306376,0.015153,0.449853,-0.037308,-0.094495,-0.035070,0.170275,-0.980228,0.000000,131.098824
306380,0.015109,0.449857,-0.037327,-0.094139,-0.035064,0.169576,-0.980384,0.000000,130.675850
306383,0.015075,0.449864,-0.037346,-0.093824,-0.035043,0.168898,-0.980532,0.000000,130.164642
306387,0.015029,0.449868,-0.037369,-0.093590,-0.035004,0.168113,-0.980690,0.000000,129.682961
306391,0.014990,0.449880,-0.037394,-0.093182,-0.035051,0.167275,-0.980871,0.000000,129.205399
306394,0.014953,0.449880,-0.037412,-0.092998,-0.035012,0.166673,-0.980992,0.000000,128.731956
306398,0.014910,0.449886,-0.037431,-0.092649,-0.035026,0.165946,-0.981148,0.000000,128.273621
306401,0.014876,0.449893,-0.037442,-0.092325,-0.035069,0.165295,-0.981287,0.000000,127.821121
306405,0.014831,0.449898,-0.037453,-0.092052,-0.035010,0.164513,-0.981446,0.000000,127.362099
306409,0.014798,0.449902,-0.037455,-0.091742,-0.035122,0.163954,-0.981565,0.000000,126.890030
306412,0.014766,0.449905,-0.037462,-0.091549,-0.035128,0.163485,-0.981661,0.000000,126.418648
306415,0.014735,0.449909,-0.037474,-0.091354,-0.035072,0.162994,-0.981762,-0.000343,125.918770
306419,0.014691,0.449908,-0.037494,-0.091185,-0.035025,0.162428,-0.981874,0.000000,125.398293
306423,0.014651,0.449915,-0.037524,-0.090748,-0.035059,0.161802,-0.982016,0.000000,124.891548
306426,0.014628,0.449923,-0.037542,-0.090564,-0.035032,0.161393,-0.982102,0.000000,124.401627
306430,0.014596,0.449926,-0.037569,-0.090357,-0.035090,0.160842,-0.982209,0.000000,123.880806
306433,0.014570,0.449929,-0.037588,-0.090121,-0.035062,0.160456,-0.982295,0.000000,123.423843
306437,0.014539,0.449932,-0.037602,-0.089838,-0.035045,0.159848,-0.982420,0.000000,122.888603
306440,0.014514,0.449932,-0.037609,-0.089630,-0.035053,0.159413,-0.982510,0.000000,122.395248
306444,0.014483,0.449936,-0.037613,-0.089257,-0.035108,0.158729,-0.982652,0.000000,121.901894
306447,0.014456,0.449937,-0.037613,-0.089037,-0.035107,0.158258,-0.982748,0.000000,121.393776
306451,0.014414,0.449942,-0.037615,-0.088699,-0.035109,0.157512,-0.982899,0.000000,120.879135
306454,0.014380,0.449943,-0.037621,-0.088436,-0.035127,0.156980,-0.983007,0.000000,120.322609
306458,0.014321,0.449945,-0.037644,-0.087970,-0.035081,0.155989,-0.983208,0.000000,119.706688
306462,0.014256,0.449955,-0.037674,-0.087530,-0.035149,0.154924,-0.983413,0.000000,119.206810
306465,0.014200,0.449961,-0.037703,-0.087000,-0.035193,0.153867,-0.983625,0.000000,118.669510
306469,0.014111,0.449976,-0.037752,-0.086460,-0.035081,0.152476,-0.983893,0.000000,118.183708
306472,0.014077,0.449981,-0.037774,-0.086167,-0.035151,0.151831,-0.984016,0.000000,117.672501
306476,0.014036,0.449986,-0.037795,-0.085804,-0.035223,0.151122,-0.984154,0.000000,117.310295
306479,0.014010,0.449992,-0.037815,-0.085451,-0.035205,0.150601,-0.984265,0.000000,117.044907
306483,0.013996,0.449990,-0.037815,-0.085397,-0.035183,0.150263,-0.984322,0.000000,116.827240
306486,0.013982,0.449991,-0.037819,-0.085226,-0.035177,0.149927,-0.984389,0.000000,116.628113
306490,0.013967,0.449990,-0.037817,-0.085070,-0.035191,0.149566,-0.984457,0.000000,116.426239
306494,0.013953,0.449990,-0.037812,-0.085048,-0.035171,0.149406,-0.984484,0.000000,116.216125
306497,0.013934,0.449991,-0.037817,-0.084850,-0.035177,0.149135,-0.984541,0.000000,115.988503
306501,0.013913,0.449990,-0.037826,-0.084772,-0.035152,0.148899,-0.984585,0.000000,115.738564
306504,0.013895,0.449991,-0.037840,-0.084667,-0.035146,0.148661,-0.984630,0.000000,115.468369
306508,0.013872,0.449994,-0.037857,-0.084427,-0.035209,0.148294,-0.984704,0.000000,115.206070
306511,0.013857,0.449995,-0.037871,-0.084228,-0.035215,0.147981,-0.984768,0.000000,114.922485
306515,0.013780,0.450011,-0.037900,-0.084236,-0.034280,0.148021,-0.984794,0.000000,114.660530
306519,0.013805,0.450003,-0.037904,-0.083783,-0.035146,0.147038,-0.984949,0.000000,114.401665
306522,0.013785,0.450002,-0.037910,-0.083694,-0.035105,0.146690,-0.985010,0.000000,114.144173
306525,0.013764,0.450002,-0.037911,-0.083572,-0.035137,0.146316,-0.985075,0.000343,113.898354
306529,0.013739,0.450004,-0.037914,-0.083339,-0.035153,0.145863,-0.985161,0.000000,113.651505
306533,0.013714,0.450003,-0.037916,-0.083246,-0.035084,0.145368,-0.985245,0.000000,113.410492
306536,0.013700,0.450005,-0.037921,-0.083182,-0.035059,0.145174,-0.985280,0.000000,113.163300
306540,0.013689,0.450009,-0.037930,-0.082920,-0.035108,0.144762,-0.985361,0.000000,112.898598
306543,0.013627,0.450027,-0.037953,-0.082847,-0.034266,0.145006,-0.985361,0.000000,112.617760
306547,0.013662,0.450011,-0.037954,-0.082659,-0.035105,0.144244,-0.985459,0.000000,112.337265
306550,0.013605,0.450010,-0.037977,-0.082713,-0.034464,0.144111,-0.985496,0.000343,112.062263
306554,0.013572,0.450010,-0.037993,-0.082434,-0.034395,0.143541,-0.985605,0.000000,111.782112
306557,0.013588,0.450011,-0.037984,-0.082137,-0.035051,0.143099,-0.985671,0.000343,111.520157
306561,0.013566,0.450014,-0.037990,-0.081853,-0.035134,0.142589,-0.985766,0.000000,111.252022
306564,0.013548,0.450015,-0.037997,-0.081741,-0.035108,0.142266,-0.985823,0.000000,110.999336
306568,0.013524,0.450016,-0.038002,-0.081566,-0.035055,0.141794,-0.985907,0.000000,110.742188
306572,0.013502,0.450020,-0.038009,-0.081277,-0.035093,0.141374,-0.985990,0.000000,110.478516
306575,0.013481,0.450021,-0.038016,-0.081112,-0.035046,0.141001,-0.986059,0.000343,110.215874
306579,0.013448,0.450022,-0.038026,-0.080957,-0.035039,0.140481,-0.986146,0.000343,109.920959
306582,0.013357,0.450025,-0.038069,-0.081117,-0.033851,0.140211,-0.986213,0.000343,109.634628
306586,0.013320,0.450030,-0.038086,-0.080808,-0.033797,0.139538,-0.986335,0.000000,109.340744
306589,0.013289,0.450031,-0.038099,-0.080590,-0.033796,0.139051,-0.986422,0.000343,109.059906
306593,0.013317,0.450031,-0.038085,-0.079975,-0.035018,0.138272,-0.986539,0.000343,108.781471
306597,0.013294,0.450034,-0.038096,-0.079830,-0.034948,0.137851,-0.986612,0.000000,108.497200
306600,0.013206,0.450034,-0.038147,-0.080191,-0.033559,0.137707,-0.986651,0.000343,108.220825
306604,0.013187,0.450037,-0.038157,-0.079938,-0.033637,0.137279,-0.986728,0.000000,107.936211
306607,0.013175,0.450037,-0.038165,-0.079814,-0.033648,0.136979,-0.986780,0.000343,107.669449
306611,0.013158,0.450039,-0.038175,-0.079779,-0.033627,0.136781,-0.986811,0.000000,107.402687
306614,0.013145,0.450038,-0.038182,-0.079628,-0.033638,0.136505,-0.986861,0.000000,107.121162
306618,0.013127,0.450042,-0.038195,-0.079450,-0.033590,0.136144,-0.986927,0.000343,106.823158
306621,0.013113,0.450043,-0.038199,-0.079359,-0.033607,0.135859,-0.986973,0.000000,106.516914
306625,0.013093,0.450044,-0.038206,-0.079145,-0.033639,0.135573,-0.987028,0.000000,106.210327
306628,0.013075,0.450046,-0.038212,-0.079004,-0.033639,0.135195,-0.987091,0.000343,105.922279
306632,0.013049,0.450043,-0.038218,-0.078878,-0.033614,0.134827,-0.987152,0.000000,105.631142
306635,0.013030,0.450044,-0.038222,-0.078678,-0.033675,0.134446,-0.987218,0.000000,105.336571
306639,0.013003,0.450045,-0.038229,-0.078441,-0.033600,0.133918,-0.987312,0.000343,105.051270
306643,0.012979,0.450046,-0.038238,-0.078236,-0.033609,0.133527,-0.987380,0.000000,104.770088
306646,0.012961,0.450047,-0.038243,-0.078091,-0.033629,0.133242,-0.987430,0.000343,104.482040
306650,0.012926,0.450050,-0.038253,-0.077819,-0.033550,0.132739,-0.987522,0.000000,104.194679
306653,0.012905,0.450051,-0.038262,-0.077722,-0.033578,0.132480,-0.987563,0.000343,103.902168
306657,0.012879,0.450051,-0.038273,-0.077473,-0.033653,0.132036,-0.987640,0.000000,103.584595
306660,0.012860,0.450054,-0.038282,-0.077327,-0.033641,0.131737,-0.987692,0.000000,103.267708
306664,0.012838,0.450056,-0.038298,-0.077195,-0.033591,0.131403,-0.987748,0.000000,102.946014
306668,0.012818,0.450059,-0.038312,-0.076892,-0.033628,0.130981,-0.987826,0.000343,102.650757
306671,0.012803,0.450061,-0.038319,-0.076783,-0.033573,0.130669,-0.987878,0.000343,102.353439
306675,0.012785,0.450062,-0.038324,-0.076641,-0.033614,0.130308,-0.987935,0.000343,102.101440
306678,0.012764,0.450064,-0.038324,-0.076447,-0.033604,0.129997,-0.987992,0.000000,101.792450
306682,0.012740,0.450064,-0.038325,-0.076273,-0.033601,0.129521,-0.988068,0.000343,101.481400
306685,0.012720,0.450067,-0.038326,-0.076177,-0.033576,0.129285,-0.988107,0.000000,101.157990
306689,0.012693,0.450068,-0.038334,-0.075940,-0.033592,0.128786,-0.988190,0.000343,100.836639
306692,0.012672,0.450069,-0.038344,-0.075770,-0.033566,0.128413,-0.988252,0.000000,100.522499
306696,0.012642,0.450077,-0.038358,-0.075459,-0.033657,0.127985,-0.988328,0.000000,100.213165
306700,0.012604,0.450081,-0.038382,-0.075146,-0.033703,0.127451,-0.988420,0.000343,99.905548
306703,0.012578,0.450085,-0.038398,-0.074973,-0.033686,0.127043,-0.988486,0.000000,99.601021
306707,0.012556,0.450087,-0.038414,-0.074840,-0.033685,0.126740,-0.988535,0.000343,99.298210
306710,0.012543,0.450091,-0.038424,-0.074658,-0.033721,0.126365,-0.988595,0.000343,99.000549
306714,0.012522,0.450091,-0.038437,-0.074497,-0.033627,0.125889,-0.988671,0.000343,98.711128
306717,0.012506,0.450091,-0.038438,-0.074294,-0.033656,0.125454,-0.988741,0.000343,98.373299
306721,0.012489,0.450091,-0.038436,-0.074045,-0.033709,0.125020,-0.988813,0.000343,98.044052
306724,0.012470,0.450090,-0.038433,-0.073867,-0.033709,0.124539,-0.988887,0.000343,97.723045
306728,0.012444,0.450090,-0.038427,-0.073790,-0.033674,0.124157,-0.988942,0.000000,97.392769
306731,0.012417,0.450086,-0.038426,-0.073606,-0.033712,0.123763,-0.989004,0.000343,97.111931
306735,0.012404,0.450066,-0.038445,-0.073557,-0.033902,0.122996,-0.989097,0.000343,96.766548
306738,0.012388,0.450068,-0.038467,-0.073473,-0.033852,0.122753,-0.989135,0.000000,96.456528
306742,0.012367,0.450075,-0.038505,-0.073241,-0.033845,0.122463,-0.989188,0.000000,96.171570
306746,0.012320,0.450078,-0.038542,-0.073039,-0.033771,0.121994,-0.989264,0.000000,95.816231
306749,0.012287,0.450081,-0.038559,-0.072932,-0.033781,0.121736,-0.989303,0.000000,95.492821
306753,0.012252,0.450083,-0.038573,-0.072688,-0.033909,0.121279,-0.989373,0.000000,95.168037
306756,0.012235,0.450084,-0.038582,-0.072511,-0.033865,0.120914,-0.989432,0.000000,94.870377
306760,0.012224,0.450082,-0.038580,-0.072337,-0.033809,0.120516,-0.989495,0.000000,94.519844
306763,0.012218,0.450079,-0.038571,-0.072219,-0.033823,0.120203,-0.989541,0.000000,94.195747
306767,0.012200,0.450078,-0.038555,-0.071897,-0.033823,0.119636,-0.989633,0.000000,93.872681
306771,0.012171,0.450072,-0.038535,-0.071724,-0.033893,0.119066,-0.989712,0.000000,93.544464
306774,0.012152,0.450073,-0.038532,-0.071508,-0.033878,0.118653,-0.989778,0.000000,93.215904
306778,0.012114,0.450072,-0.038552,-0.071213,-0.033827,0.117955,-0.989884,0.000343,92.887688
306781,0.012082,0.450075,-0.038582,-0.070966,-0.033769,0.117483,-0.989960,0.000000,92.562218
306785,0.012063,0.450083,-0.038613,-0.070369,-0.034308,0.116749,-0.990071,0.000343,92.265930
306788,0.012060,0.450092,-0.038632,-0.069878,-0.034964,0.116128,-0.990156,0.000343,91.904755
306788,0.012060,0.450092,-0.038632,-0.069878,-0.034964,0.116128,-0.990156,0.000000,91.568985
306788,0.012060,0.450092,-0.038632,-0.069878,-0.034964,0.116128,-0.990156,0.000000,91.233559
306788,0.012060,0.450092,-0.038632,-0.069878,-0.034964,0.116128,-0.990156,0.000343,90.901566
306788,0.012060,0.450092,-0.038632,-0.069878,-0.034964,0.116128,-0.990156,0.000000,90.576439
306788,0.012060,0.450092,-0.038632,-0.069878,-0.034964,0.116128,-0.990156,0.000343,90.241699
306788,0.012060,0.450092,-0.038632,-0.069878,-0.034964,0.116128,-0.990156,0.000343,89.902840
306788,0.012060,0.450092,-0.038632,-0.069878,-0.034964,0.116128,-0.990156,0.000000,89.568787
306788,0.012060,0.450092,-0.038632,-0.069878,-0.034964,0.116128,-0.990156,0.000343,89.272156
306788,0.012060,0.450092,-0.038632,-0.069878,-0.034964,0.116128,-0.990156,0.000343,88.908577
306788,0.012060,0.450092,-0.038632,-0.069878,-0.034964,0.116128,-0.990156,0.000000,88.570747
306788,0.012060,0.450092,-0.038632,-0.069878,-0.034964,0.116128,-0.990156,0.000343,88.233948
306788,0.012060,0.450092,-0.038632,-0.069878,-0.034964,0.116128,-0.990156,0.000343,87.897835
306788,0.012060,0.450092,-0.038632,-0.069878,-0.034964,0.116128,-0.990156,0.000343,87.560005
306788,0.012060,0.450092,-0.038632,-0.069878,-0.034964,0.116128,-0.990156,0.000000,87.224922
306788,0.012060,0.450092,-0.038632,-0.069878,-0.034964,0.116128,-0.990156,0.000000,86.928635
306788,0.012060,0.450092,-0.038632,-0.069878,-0.034964,0.116128,-0.990156,0.000343,86.557503
306788,0.012060,0.450092,-0.038632,-0.069878,-0.034964,0.116128,-0.990156,0.000343,86.203880
306788,0.012060,0.450092,-0.038632,-0.069878,-0.034964,0.116128,-0.990156,0.000343,85.852318
306788,0.012060,0.450092,-0.038632,-0.069878,-0.034964,0.116128,-0.990156,0.000000,85.494232
306788,0.012060,0.450092,-0.038632,-0.069878,-0.034964,0.116128,-0.990156,0.000343,85.157089
306788,0.012060,0.450092,-0.038632,-0.069878,-0.034964,0.116128,-0.990156,0.000000,84.865265
306788,0.012060,0.450092,-0.038632,-0.069878,-0.034964,0.116128,-0.990156,0.000000,84.503403
306788,0.012060,0.450092,-0.038632,-0.069878,-0.034964,0.116128,-0.990156,0.000000,84.158020
306788,0.012060,0.450092,-0.038632,-0.069878,-0.034964,0.116128,-0.990156,0.000000,83.815384
306788,0.012060,0.450092,-0.038632,-0.069878,-0.034964,0.116128,-0.990156,0.000343,83.468285
306788,0.012060,0.450092,-0.038632,-0.069878,-0.034964,0.116128,-0.990156,0.000000,83.149681
306788,0.012060,0.450092,-0.038632,-0.069878,-0.034964,0.116128,-0.990156,0.000343,82.765160
306788,0.012060,0.450092,-0.038632,-0.069878,-0.034964,0.116128,-0.990156,0.000343,82.419090
306788,0.012060,0.450092,-0.038632,-0.069878,-0.034964,0.116128,-0.990156,0.000343,82.085037
306895,0.011153,0.450101,-0.038987,-0.062994,-0.034671,0.100585,-0.992327,0.000343,81.742401
306898,0.011131,0.450098,-0.038988,-0.062912,-0.034657,0.100312,-0.992360,0.000343,81.407661
306902,0.011106,0.450098,-0.038994,-0.062639,-0.034715,0.099845,-0.992422,0.000000,81.051979
306906,0.011082,0.450099,-0.038999,-0.062496,-0.034657,0.099488,-0.992469,0.000000,80.704536
306909,0.011063,0.450098,-0.039008,-0.062340,-0.034674,0.099093,-0.992518,0.000343,80.337524
306913,0.011039,0.450099,-0.039023,-0.062043,-0.034679,0.098560,-0.992590,0.000000,79.986992
306916,0.010988,0.450088,-0.039048,-0.062127,-0.034156,0.098233,-0.992635,0.000343,79.642982
306920,0.010960,0.450088,-0.039066,-0.061928,-0.034212,0.097854,-0.992683,0.000343,79.307213
306923,0.010937,0.450087,-0.039081,-0.061732,-0.034223,0.097436,-0.992736,0.000343,78.955650
306927,0.010910,0.450086,-0.039100,-0.061545,-0.034185,0.097035,-0.992788,0.000343,78.605118
306930,0.010892,0.450087,-0.039115,-0.061391,-0.034185,0.096715,-0.992829,0.000343,78.252182
306934,0.010871,0.450088,-0.039134,-0.061106,-0.034212,0.096363,-0.992880,0.000000,77.904053
306937,0.010855,0.450091,-0.039148,-0.060874,-0.034214,0.095992,-0.992930,0.000343,77.589226
306941,0.010832,0.450086,-0.039158,-0.060846,-0.034192,0.095660,-0.992964,0.000000,77.207451
306944,0.010816,0.450085,-0.039162,-0.060624,-0.034216,0.095308,-0.993011,0.000000,76.854858
306948,0.010789,0.450083,-0.039163,-0.060383,-0.034204,0.094822,-0.993072,0.000343,76.518745
306951,0.010773,0.450079,-0.039163,-0.060252,-0.034200,0.094503,-0.993111,0.000000,76.162376
306955,0.010749,0.450081,-0.039162,-0.060058,-0.034182,0.094066,-0.993165,0.000000,75.815620
306959,0.010722,0.450076,-0.039163,-0.059840,-0.034133,0.093567,-0.993227,0.000000,75.477448
306962,0.010701,0.450077,-0.039167,-0.059737,-0.034127,0.093245,-0.993263,0.000343,75.076447
306966,0.010667,0.450076,-0.039181,-0.059476,-0.034157,0.092702,-0.993329,0.000000,74.699135
306969,0.010618,0.450078,-0.039211,-0.059418,-0.033687,0.092429,-0.993374,0.000000,74.332123
306973,0.010582,0.450079,-0.039242,-0.059194,-0.033625,0.091930,-0.993436,0.000000,73.954124
306976,0.010559,0.450080,-0.039266,-0.058950,-0.033656,0.091521,-0.993487,0.000000,73.570290
306980,0.010527,0.450078,-0.039293,-0.058659,-0.033602,0.091008,-0.993553,0.000000,73.183022
306983,0.010563,0.450088,-0.039277,-0.058116,-0.034640,0.090445,-0.993601,0.000000,72.822876
306987,0.010541,0.450085,-0.039282,-0.057901,-0.034701,0.089957,-0.993655,0.000343,72.397499
306991,0.010519,0.450083,-0.039282,-0.057768,-0.034685,0.089509,-0.993704,0.000000,72.021217
306994,0.010501,0.450083,-0.039280,-0.057629,-0.034615,0.089155,-0.993747,0.000000,71.638756
306998,0.010479,0.450081,-0.039278,-0.057281,-0.034655,0.088522,-0.993822,0.000000,71.255608
307001,0.010461,0.450080,-0.039276,-0.057123,-0.034631,0.088112,-0.993868,0.000000,70.886879
307005,0.010425,0.450079,-0.039278,-0.056907,-0.034676,0.087553,-0.993928,0.000343,70.504417
307008,0.010399,0.450077,-0.039287,-0.056714,-0.034691,0.087138,-0.993975,0.000343,70.171394
307012,0.010364,0.450075,-0.039308,-0.056444,-0.034662,0.086540,-0.994044,0.000343,69.737778
307015,0.010343,0.450077,-0.039327,-0.056334,-0.034647,0.086202,-0.994080,0.000343,69.342957
307019,0.010320,0.450079,-0.039356,-0.055969,-0.034738,0.085657,-0.994145,0.000343,68.957062
307022,0.010292,0.450076,-0.039381,-0.055875,-0.034565,0.085293,-0.994187,0.000000,68.570137
307026,0.010255,0.450072,-0.039407,-0.055658,-0.034538,0.084740,-0.994248,0.000000,68.195915
307029,0.010225,0.450073,-0.039421,-0.055400,-0.034553,0.084245,-0.994304,0.000000,67.806587
307033,0.010169,0.450066,-0.039442,-0.054933,-0.034507,0.083273,-0.994413,0.000343,67.422752
307037,0.010123,0.450062,-0.039455,-0.054601,-0.034527,0.082348,-0.994508,0.000000,67.042694
307040,0.010093,0.450063,-0.039463,-0.054324,-0.034531,0.081749,-0.994572,0.000343,66.659889
307044,0.010056,0.450061,-0.039462,-0.054009,-0.034482,0.080898,-0.994660,0.000343,66.275711
307047,0.010033,0.450060,-0.039463,-0.053790,-0.034463,0.080394,-0.994714,0.000000,65.933418
307051,0.009998,0.450057,-0.039463,-0.053510,-0.034473,0.079757,-0.994780,0.000000,65.506668
307054,0.009970,0.450053,-0.039473,-0.053239,-0.034427,0.079226,-0.994839,0.000343,65.128326
307058,0.009942,0.450051,-0.039491,-0.053069,-0.034383,0.078747,-0.994887,0.000343,64.752731
307061,0.009915,0.450052,-0.039514,-0.052852,-0.034401,0.078326,-0.994931,0.000343,64.374733
307065,0.009870,0.450053,-0.039550,-0.052520,-0.034360,0.077581,-0.995009,0.000000,64.038277
307069,0.009825,0.450053,-0.039581,-0.052252,-0.034385,0.077023,-0.995065,-0.000343,63.590584
307072,0.009787,0.450049,-0.039608,-0.052003,-0.034372,0.076465,-0.995122,0.000000,63.197823
307076,0.009743,0.450048,-0.039637,-0.051651,-0.034301,0.075639,-0.995206,0.000343,62.806778
307079,0.009712,0.450048,-0.039650,-0.051373,-0.034326,0.075030,-0.995265,0.000000,62.425690
307083,0.009681,0.450046,-0.039662,-0.051003,-0.034336,0.074339,-0.995336,0.000000,62.051811
307086,0.009653,0.450044,-0.039664,-0.050774,-0.034338,0.073804,-0.995387,0.000343,61.670723
307090,0.009618,0.450039,-0.039654,-0.050562,-0.034359,0.073200,-0.995442,0.000000,61.286201
307093,0.009588,0.450035,-0.039647,-0.050321,-0.034368,0.072615,-0.995497,0.000000,60.908890
307097,0.009548,0.450028,-0.039647,-0.049945,-0.034375,0.071816,-0.995573,0.000343,60.528145
307101,0.009500,0.450020,-0.039662,-0.049585,-0.034372,0.070969,-0.995652,0.000000,60.141563
307104,0.009462,0.450018,-0.039685,-0.049219,-0.034374,0.070308,-0.995717,0.000000,59.760475
307108,0.009420,0.450012,-0.039720,-0.048914,-0.034322,0.069545,-0.995788,0.000000,59.378014
307111,0.009388,0.450011,-0.039746,-0.048756,-0.034361,0.069190,-0.995819,0.000000,59.004135
307115,0.009349,0.450014,-0.039783,-0.048498,-0.034377,0.068595,-0.995872,0.000000,58.613777
307118,0.009323,0.450013,-0.039806,-0.048322,-0.034377,0.068239,-0.995905,0.000000,58.279724
307122,0.009298,0.450015,-0.039837,-0.048090,-0.034390,0.067763,-0.995948,0.000343,57.847481
307125,0.009277,0.450014,-0.039850,-0.047921,-0.034355,0.067401,-0.995982,0.000000,57.466393
307129,0.009238,0.450008,-0.039853,-0.047619,-0.034344,0.066743,-0.996041,0.000000,57.093544
307132,0.009208,0.450004,-0.039847,-0.047418,-0.034370,0.066275,-0.996081,0.000000,56.723442
307136,0.009173,0.449998,-0.039840,-0.047140,-0.034382,0.065511,-0.996145,0.000000,56.336861
307140,0.009152,0.449994,-0.039843,-0.046811,-0.034390,0.064767,-0.996208,0.000000,55.936890
307143,0.009140,0.449992,-0.039850,-0.046600,-0.034366,0.064284,-0.996251,0.000000,55.554428
307147,0.009114,0.449993,-0.039868,-0.046190,-0.034382,0.063594,-0.996313,0.000343,55.174026
307150,0.009081,0.449988,-0.039883,-0.045952,-0.034355,0.063118,-0.996356,0.000000,54.801178
307154,0.009032,0.449984,-0.039902,-0.045726,-0.034360,0.062544,-0.996402,0.000343,54.463348
307157,0.008995,0.449981,-0.039924,-0.045471,-0.034416,0.062111,-0.996439,0.000343,54.052391
307161,0.008965,0.449982,-0.039957,-0.045139,-0.034416,0.061562,-0.996488,0.000000,53.670273
307165,0.008938,0.449984,-0.039985,-0.044879,-0.034418,0.061150,-0.996525,0.000000,53.306351
307168,0.008914,0.449981,-0.039997,-0.044693,-0.034422,0.060717,-0.996560,0.000000,52.926292
307172,0.008875,0.449975,-0.039997,-0.044514,-0.034323,0.060201,-0.996602,0.000000,52.550697
307175,0.008845,0.449971,-0.039991,-0.044355,-0.034376,0.059745,-0.996635,0.000343,52.168236
307179,0.008814,0.449966,-0.039984,-0.044126,-0.034381,0.059153,-0.996680,0.000000,51.782341
307182,0.008798,0.449963,-0.039983,-0.043903,-0.034378,0.058712,-0.996716,0.000343,51.406403
307186,0.008781,0.449958,-0.039995,-0.043829,-0.034312,0.058238,-0.996750,0.000000,51.065826
307189,0.008761,0.449956,-0.040011,-0.043599,-0.034310,0.057817,-0.996784,0.000000,50.648003
307193,0.008727,0.449954,-0.040036,-0.043321,-0.034309,0.057191,-0.996833,0.000000,50.266914
307196,0.008695,0.449950,-0.040060,-0.043099,-0.034334,0.056694,-0.996870,0.000000,49.899559
307200,0.008654,0.449949,-0.040097,-0.042739,-0.034320,0.056089,-0.996920,0.000000,49.537697
307203,0.008615,0.449944,-0.040126,-0.042439,-0.034301,0.055423,-0.996971,0.000000,49.168282
307207,0.008549,0.449940,-0.040161,-0.041984,-0.034297,0.054359,-0.997049,0.000343,48.788223
307211,0.008482,0.449935,-0.040180,-0.041503,-0.034275,0.053308,-0.997126,0.000000,48.415031
307214,0.008444,0.449930,-0.040179,-0.041301,-0.034227,0.052700,-0.997169,0.000000,48.063469
307218,0.008388,0.449918,-0.040179,-0.040937,-0.034224,0.051910,-0.997225,0.000000,47.666931
307221,0.008361,0.449915,-0.040182,-0.040666,-0.034239,0.051319,-0.997267,0.000000,47.298546
307225,0.008324,0.449908,-0.040194,-0.040287,-0.034156,0.050419,-0.997331,0.000343,46.932220
307229,0.008300,0.449905,-0.040210,-0.039921,-0.034228,0.049679,-0.997380,0.000000,46.563148
307232,0.008271,0.449902,-0.040225,-0.039611,-0.034213,0.049079,-0.997423,0.000000,46.187897
307236,0.008214,0.449897,-0.040254,-0.039170,-0.034231,0.048097,-0.997487,0.000000,45.817108
307239,0.008171,0.449893,-0.040276,-0.038908,-0.034189,0.047429,-0.997531,0.000343,45.444603
307243,0.008122,0.449892,-0.040310,-0.038437,-0.034198,0.046664,-0.997585,0.000000,45.066261
307246,0.008090,0.449887,-0.040335,-0.038196,-0.034170,0.046134,-0.997620,0.000000,44.700966
307250,0.008058,0.449887,-0.040359,-0.037902,-0.034195,0.045481,-0.997660,0.000000,44.336357
307253,0.008025,0.449883,-0.040374,-0.037654,-0.034184,0.044941,-0.997694,0.000000,43.981361
307257,0.007985,0.449875,-0.040384,-0.037375,-0.034169,0.044259,-0.997736,0.000000,43.617096
307260,0.007960,0.449872,-0.040387,-0.037225,-0.034165,0.043891,-0.997758,0.000000,43.249741
307264,0.007927,0.449867,-0.040394,-0.036882,-0.034241,0.043326,-0.997793,0.000343,42.883415
307267,0.007913,0.449865,-0.040395,-0.036755,-0.034207,0.042969,-0.997814,0.000000,42.509537
307271,0.007897,0.449864,-0.040401,-0.036605,-0.034196,0.042587,-0.997836,0.000000,42.148361
307274,0.007884,0.449861,-0.040406,-0.036431,-0.034193,0.042238,-0.997858,0.000000,41.782379
307278,0.007863,0.449857,-0.040412,-0.036155,-0.034176,0.041763,-0.997888,0.000000,41.430817
307282,0.007840,0.449854,-0.040420,-0.036003,-0.034222,0.041379,-0.997908,0.000000,41.077881
307285,0.007822,0.449848,-0.040428,-0.035794,-0.034235,0.040997,-0.997931,0.000000,40.748978
307289,0.007799,0.449845,-0.040442,-0.035615,-0.034139,0.040536,-0.997959,0.000000,40.433121
307292,0.007778,0.449842,-0.040450,-0.035495,-0.034151,0.040240,-0.997975,0.000343,40.153999
307296,0.007748,0.449840,-0.040463,-0.035178,-0.034155,0.039803,-0.998004,0.000000,39.869385
307300,0.007718,0.449836,-0.040474,-0.035054,-0.034131,0.039310,-0.998029,0.000000,39.562111
307303,0.007692,0.449833,-0.040488,-0.034840,-0.034131,0.038867,-0.998053,0.000000,39.228401
307307,0.007663,0.449829,-0.040509,-0.034478,-0.034108,0.038253,-0.998091,0.000000,38.881645
307310,0.007643,0.449826,-0.040518,-0.034327,-0.034124,0.037881,-0.998109,0.000000,38.540382
307314,0.007614,0.449824,-0.040534,-0.034044,-0.034099,0.037338,-0.998140,0.000000,38.199806
307317,0.007582,0.449818,-0.040544,-0.033792,-0.034101,0.036778,-0.998170,0.000343,37.876740
307321,0.007548,0.449810,-0.040556,-0.033544,-0.034051,0.036075,-0.998205,0.000000,37.568436
307324,0.007523,0.449807,-0.040564,-0.033301,-0.034042,0.035628,-0.998230,0.000000,37.271118
307328,0.007494,0.449799,-0.040575,-0.033012,-0.034103,0.034958,-0.998261,0.000000,36.977577
307332,0.007465,0.449797,-0.040586,-0.032767,-0.034070,0.034329,-0.998292,0.000000,36.674767
307335,0.007433,0.449790,-0.040601,-0.032560,-0.034046,0.033765,-0.998319,0.000000,36.405258
307339,0.007381,0.449782,-0.040622,-0.032188,-0.034035,0.032913,-0.998360,0.000000,36.046486
307342,0.007351,0.449778,-0.040635,-0.031971,-0.033977,0.032454,-0.998384,0.000000,35.715179
307345,0.007326,0.449776,-0.040648,-0.031846,-0.033970,0.032027,-0.998402,0.000000,35.372200
307349,0.007296,0.449774,-0.040665,-0.031576,-0.034056,0.031534,-0.998423,0.000000,35.051537
307353,0.007273,0.449770,-0.040683,-0.031293,-0.034063,0.031018,-0.998448,0.000000,34.735680
307356,0.007255,0.449769,-0.040691,-0.031221,-0.034036,0.030749,-0.998459,0.000000,34.446945
307360,0.007234,0.449765,-0.040701,-0.030896,-0.034044,0.030291,-0.998483,0.000000,34.159241
307363,0.007219,0.449761,-0.040701,-0.030811,-0.034061,0.030058,-0.998492,0.000000,33.894539
307367,0.007198,0.449757,-0.040707,-0.030676,-0.034062,0.029674,-0.998508,0.000000,33.555679
307371,0.007177,0.449755,-0.040717,-0.030429,-0.034044,0.029212,-0.998530,0.000000,33.243599
307374,0.007157,0.449750,-0.040724,-0.030298,-0.034056,0.028837,-0.998544,0.000000,32.921219
307378,0.007133,0.449747,-0.040737,-0.030090,-0.034095,0.028424,-0.998561,0.000000,32.599869
307381,0.007109,0.449742,-0.040749,-0.029906,-0.034090,0.027994,-0.998579,0.000000,32.290535
307385,0.007085,0.449739,-0.040762,-0.029686,-0.034069,0.027562,-0.998598,0.000000,32.021027
307388,0.007064,0.449738,-0.040772,-0.029553,-0.034092,0.027225,-0.998611,0.000000,31.722679
307392,0.007033,0.449735,-0.040785,-0.029276,-0.034064,0.026707,-0.998634,0.000000,31.398582
307395,0.007009,0.449730,-0.040795,-0.029080,-0.034053,0.026312,-0.998650,0.000000,31.102295
307399,0.006977,0.449723,-0.040804,-0.028901,-0.034049,0.025767,-0.998670,0.000000,30.813217
307402,0.006945,0.449718,-0.040815,-0.028635,-0.034023,0.025219,-0.998692,0.000000,30.507660
307406,0.006916,0.449711,-0.040822,-0.028408,-0.034011,0.024597,-0.998715,0.000000,30.202446
307410,0.006881,0.449704,-0.040831,-0.028182,-0.034024,0.024093,-0.998733,0.000000,29.923325
307413,0.006861,0.449699,-0.040842,-0.027960,-0.033987,0.023685,-0.998750,0.000000,29.590645
307416,0.006845,0.449697,-0.040851,-0.027758,-0.034002,0.023349,-0.998763,0.000000,29.291611
307420,0.006822,0.449694,-0.040861,-0.027682,-0.033997,0.022961,-0.998775,0.000000,29.002190
307424,0.006796,0.449692,-0.040875,-0.027403,-0.034008,0.022431,-0.998794,0.000000,28.712769
307427,0.006773,0.449687,-0.040884,-0.027265,-0.033991,0.022106,-0.998806,-0.000343,28.422661
307431,0.006749,0.449683,-0.040895,-0.027129,-0.033969,0.021770,-0.998818,0.000000,28.129807
307434,0.006730,0.449682,-0.040906,-0.026953,-0.033988,0.021427,-0.998829,0.000000,27.834549
307438,0.006707,0.449677,-0.040918,-0.026767,-0.033922,0.020996,-0.998845,0.000000,27.541695
307442,0.006685,0.449675,-0.040927,-0.026501,-0.033984,0.020559,-0.998859,0.000000,27.259483
307445,0.006664,0.449670,-0.040933,-0.026339,-0.033965,0.020174,-0.998872,0.000000,26.965599
307449,0.006636,0.449666,-0.040939,-0.026177,-0.033994,0.019692,-0.998885,0.000000,26.676521
307452,0.006618,0.449663,-0.040945,-0.026035,-0.034012,0.019385,-0.998894,0.000000,26.418686
307456,0.006590,0.449657,-0.040954,-0.025714,-0.033990,0.018816,-0.998914,0.000000,26.099052
307459,0.006578,0.449655,-0.040957,-0.025665,-0.034010,0.018578,-0.998919,0.000343,25.817871
307463,0.006554,0.449654,-0.040967,-0.025455,-0.033977,0.018152,-0.998934,-0.000343,25.524330
307466,0.006539,0.449651,-0.040974,-0.025329,-0.033984,0.017864,-0.998942,0.000000,25.239372
307470,0.006518,0.449647,-0.040986,-0.025100,-0.034021,0.017430,-0.998954,0.000000,24.956474
307474,0.006499,0.449644,-0.040995,-0.024905,-0.034037,0.017006,-0.998966,0.000000,24.685249
307477,0.006484,0.449642,-0.041007,-0.024745,-0.034002,0.016685,-0.998976,0.000000,24.414368
307481,0.006465,0.449639,-0.041015,-0.024613,-0.034005,0.016367,-0.998985,0.000000,24.135933
307484,0.006450,0.449635,-0.041023,-0.024514,-0.033996,0.016147,-0.998991,0.000000,23.855095
307488,0.006429,0.449634,-0.041034,-0.024252,-0.033983,0.015778,-0.999004,0.000000,23.561211
307491,0.006414,0.449630,-0.041039,-0.024152,-0.034005,0.015574,-0.999008,0.000000,23.280716
307495,0.006400,0.449628,-0.041043,-0.024047,-0.034028,0.015279,-0.999015,0.000000,23.030777
307498,0.006384,0.449624,-0.041049,-0.023886,-0.034012,0.014999,-0.999023,0.000000,22.733803
307502,0.006369,0.449619,-0.041056,-0.023794,-0.033991,0.014633,-0.999032,0.000000,22.464981
307505,0.006364,0.449620,-0.041064,-0.023663,-0.033993,0.014441,-0.999038,0.000000,22.199249
307509,0.006346,0.449619,-0.041077,-0.023464,-0.033933,0.014119,-0.999049,-0.000343,21.925964
307512,0.006329,0.449616,-0.041080,-0.023366,-0.033941,0.013906,-0.999054,0.000000,21.662979
307516,0.006307,0.449613,-0.041079,-0.023282,-0.033957,0.013695,-0.999058,0.000000,21.422310
307519,0.006293,0.449611,-0.041080,-0.023141,-0.033980,0.013416,-0.999065,-0.000343,21.117783
307523,0.006280,0.449606,-0.041083,-0.023041,-0.033960,0.013125,-0.999071,0.000000,20.849304
307527,0.006274,0.449607,-0.041087,-0.022911,-0.033968,0.012963,-0.999076,-0.000343,20.581169
307530,0.006267,0.449601,-0.041092,-0.022789,-0.033960,0.012704,-0.999083,0.000000,20.314407
307534,0.006257,0.449600,-0.041097,-0.022783,-0.033913,0.012540,-0.999086,0.000000,20.045586
307537,0.006246,0.449596,-0.041097,-0.022671,-0.033983,0.012306,-0.999090,0.000000,19.780884
307541,0.006227,0.449592,-0.041111,-0.022464,-0.033967,0.012045,-0.999098,0.000000,19.533348
307544,0.006217,0.449592,-0.041120,-0.022345,-0.033963,0.011792,-0.999104,0.000000,19.285469
307548,0.006209,0.449588,-0.041136,-0.022329,-0.033965,0.011636,-0.999106,-0.000343,19.033127
307551,0.006201,0.449588,-0.041148,-0.022130,-0.033994,0.011409,-0.999112,-0.000343,18.759499
307555,0.006186,0.449585,-0.041157,-0.022009,-0.033992,0.011147,-0.999118,0.000000,18.484154
307559,0.006159,0.449582,-0.041157,-0.021931,-0.033977,0.010875,-0.999123,0.000000,18.247948
307562,0.006140,0.449577,-0.041157,-0.021859,-0.033970,0.010612,-0.999128,0.000000,17.956810
307566,0.006121,0.449571,-0.041151,-0.021805,-0.033987,0.010331,-0.999131,-0.000343,17.715454
307569,0.006111,0.449568,-0.041148,-0.021751,-0.033954,0.010146,-0.999135,0.000000,17.477875
307573,0.006103,0.449565,-0.041151,-0.021537,-0.034020,0.009833,-0.999141,0.000000,17.238235
307576,0.006095,0.449562,-0.041153,-0.021471,-0.033995,0.009677,-0.999144,-0.000343,16.992416
307580,0.006084,0.449559,-0.041159,-0.021390,-0.033950,0.009460,-0.999150,0.000000,16.770630
307583,0.006077,0.449558,-0.041170,-0.021289,-0.033978,0.009242,-0.999153,-0.000343,16.488419
307587,0.006064,0.449556,-0.041188,-0.021168,-0.033950,0.008983,-0.999159,-0.000343,16.228523
307590,0.006056,0.449554,-0.041199,-0.021150,-0.033926,0.008805,-0.999162,-0.000343,15.973091
307594,0.006040,0.449554,-0.041213,-0.020923,-0.033988,0.008522,-0.999167,0.000000,15.725899
307598,0.006020,0.449550,-0.041216,-0.020883,-0.034014,0.008256,-0.999169,0.000000,15.479393
307601,0.006007,0.449547,-0.041217,-0.020844,-0.033991,0.008091,-0.999172,0.000000,15.244217
307605,0.005988,0.449544,-0.041219,-0.020615,-0.034005,0.007813,-0.999179,0.000000,15.018311
307608,0.005979,0.449541,-0.041215,-0.020625,-0.033958,0.007700,-0.999181,0.000000,14.785881
307611,0.005977,0.449540,-0.041213,-0.020652,-0.033965,0.007617,-0.999181,0.000000,14.558601
307615,0.005968,0.449539,-0.041212,-0.020514,-0.033980,0.007415,-0.999184,0.000000,14.323425
307619,0.005959,0.449534,-0.041213,-0.020408,-0.034048,0.007170,-0.999186,0.000000,14.076920
307622,0.005950,0.449532,-0.041215,-0.020379,-0.034022,0.007059,-0.999188,0.000000,13.824921
307626,0.005938,0.449530,-0.041226,-0.020196,-0.034001,0.006783,-0.999195,-0.000343,13.579445
307629,0.005937,0.449529,-0.041234,-0.020153,-0.033998,0.006625,-0.999197,-0.000343,13.356285
307633,0.005931,0.449526,-0.041244,-0.020104,-0.033983,0.006492,-0.999199,0.000000,13.129349
307637,0.005921,0.449525,-0.041253,-0.019932,-0.034019,0.006284,-0.999203,-0.000343,12.891083
307640,0.005910,0.449523,-0.041256,-0.019892,-0.034037,0.006090,-0.999204,0.000000,12.663116
307644,0.005896,0.449519,-0.041257,-0.019890,-0.034018,0.005946,-0.999206,-0.000343,12.446136
307647,0.005889,0.449519,-0.041260,-0.019714,-0.034069,0.005757,-0.999208,-0.000343,12.249756
307651,0.005879,0.449516,-0.041262,-0.019743,-0.034047,0.005630,-0.999209,-0.000343,12.014580
307655,0.005870,0.449516,-0.041265,-0.019634,-0.033985,0.005467,-0.999215,0.000000,11.802750
307658,0.005862,0.449514,-0.041266,-0.019552,-0.034020,0.005296,-0.999216,-0.000343,11.569977
307662,0.005854,0.449510,-0.041264,-0.019561,-0.034050,0.005132,-0.999216,-0.000343,11.321411
307665,0.005846,0.449508,-0.041267,-0.019494,-0.034040,0.004981,-0.999218,-0.000343,11.080742
307669,0.005838,0.449507,-0.041272,-0.019325,-0.034044,0.004732,-0.999222,-0.000343,10.862732
307672,0.005834,0.449504,-0.041275,-0.019243,-0.034082,0.004585,-0.999223,0.000000,10.670815
307676,0.005825,0.449506,-0.041280,-0.019190,-0.034074,0.004466,-0.999225,-0.000343,10.443878
307679,0.005818,0.449503,-0.041286,-0.019101,-0.034057,0.004288,-0.999228,0.000000,10.250244
307683,0.005807,0.449500,-0.041288,-0.019086,-0.034049,0.004141,-0.999229,0.000000,10.041504
307686,0.005797,0.449497,-0.041292,-0.018997,-0.034065,0.004022,-0.999231,0.000000,9.853706
307690,0.005788,0.449496,-0.041297,-0.018879,-0.034101,0.003833,-0.999233,-0.000343,9.625740
307694,0.005777,0.449493,-0.041302,-0.018865,-0.034095,0.003667,-0.999234,0.000000,9.415970
307697,0.005770,0.449492,-0.041307,-0.018845,-0.034058,0.003602,-0.999236,-0.000343,9.187660
307701,0.005759,0.449493,-0.041311,-0.018678,-0.034046,0.003347,-0.999240,0.000000,8.972740
307704,0.005753,0.449486,-0.041309,-0.018668,-0.034076,0.003305,-0.999240,0.000000,8.758163
307708,0.005752,0.449487,-0.041308,-0.018579,-0.034096,0.003144,-0.999241,-0.000343,8.547363
307711,0.005750,0.449485,-0.041309,-0.018526,-0.034085,0.003060,-0.999243,0.000000,8.358879
307715,0.005747,0.449483,-0.041307,-0.018531,-0.034113,0.002918,-0.999242,-0.000343,8.175545
307718,0.005746,0.449482,-0.041308,-0.018541,-0.034113,0.002886,-0.999242,-0.000343,7.986031
307722,0.005739,0.449482,-0.041316,-0.018316,-0.034133,0.002651,-0.999246,0.000000,7.793427
307725,0.005735,0.449480,-0.041319,-0.018349,-0.034154,0.002632,-0.999245,-0.000343,7.607002
307729,0.005728,0.449479,-0.041328,-0.018319,-0.034098,0.002519,-0.999247,-0.000343,7.371483
307733,0.005717,0.449478,-0.041336,-0.018205,-0.034149,0.002375,-0.999248,-0.000343,7.174072
307736,0.005712,0.449477,-0.041341,-0.018204,-0.034121,0.002294,-0.999249,-0.000343,6.973915
307740,0.005704,0.449476,-0.041343,-0.018148,-0.034144,0.002188,-0.999250,0.000000,6.775475
307743,0.005700,0.449475,-0.041345,-0.018069,-0.034137,0.002094,-0.999252,-0.000343,6.598320
307747,0.005689,0.449471,-0.041341,-0.018104,-0.034135,0.002021,-0.999251,0.000000,6.417389
307750,0.005686,0.449470,-0.041339,-0.018088,-0.034118,0.001966,-0.999252,-0.000343,6.260147
307754,0.005683,0.449472,-0.041338,-0.017925,-0.034114,0.001826,-0.999256,0.000000,6.054153
307757,0.005683,0.449470,-0.041338,-0.017896,-0.034106,0.001770,-0.999256,0.000000,5.864983
307761,0.005683,0.449466,-0.041337,-0.017974,-0.034098,0.001736,-0.999255,-0.000343,5.673409
307765,0.005687,0.449468,-0.041340,-0.017932,-0.034136,0.001655,-0.999255,0.000000,5.479774
307768,0.005682,0.449465,-0.041341,-0.017880,-0.034145,0.001564,-0.999256,-0.000343,5.300560
307772,0.005680,0.449467,-0.041351,-0.017854,-0.034087,0.001536,-0.999258,-0.000343,5.112762
307775,0.005677,0.449467,-0.041358,-0.017713,-0.034101,0.001388,-0.999260,0.000000,4.942474
307779,0.005674,0.449465,-0.041362,-0.017792,-0.034103,0.001413,-0.999259,0.000000,4.777336
307782,0.005666,0.449463,-0.041365,-0.017730,-0.034131,0.001315,-0.999259,0.000000,4.617348
307786,0.005652,0.449462,-0.041367,-0.017685,-0.034173,0.001216,-0.999259,0.000000,4.435043
307789,0.005644,0.449459,-0.041365,-0.017621,-0.034179,0.001081,-0.999260,-0.000343,4.256172
307793,0.005635,0.449458,-0.041366,-0.017700,-0.034148,0.001077,-0.999260,0.000000,4.099617
307796,0.005632,0.449456,-0.041368,-0.017610,-0.034181,0.000965,-0.999260,-0.000343,3.901176
307800,0.005634,0.449456,-0.041368,-0.017604,-0.034187,0.000976,-0.999260,0.000000,3.729515
307803,0.005636,0.449457,-0.041369,-0.017548,-0.034150,0.000839,-0.999262,-0.000343,3.553047
307807,0.005636,0.449459,-0.041369,-0.017492,-0.034151,0.000814,-0.999263,0.000000,3.398209
307811,0.005636,0.449456,-0.041369,-0.017532,-0.034166,0.000768,-0.999262,0.000000,3.244057
307814,0.005636,0.449455,-0.041366,-0.017533,-0.034172,0.000782,-0.999262,0.000000,3.088188
307818,0.005635,0.449457,-0.041367,-0.017390,-0.034188,0.000637,-0.999264,0.000000,2.924080
307821,0.005634,0.449455,-0.041367,-0.017399,-0.034203,0.000625,-0.999263,0.000000,2.768211
307825,0.005627,0.449454,-0.041369,-0.017432,-0.034139,0.000557,-0.999265,0.000000,2.606850
307828,0.005620,0.449454,-0.041373,-0.017368,-0.034164,0.000527,-0.999265,0.000000,2.442055
307832,0.005611,0.449453,-0.041379,-0.017380,-0.034165,0.000460,-0.999265,-0.000343,2.282410
307836,0.005600,0.449450,-0.041386,-0.017267,-0.034220,0.000321,-0.999265,0.000000,2.133064
307839,0.005597,0.449452,-0.041390,-0.017263,-0.034212,0.000313,-0.999265,0.000000,1.974106
307843,0.005597,0.449450,-0.041393,-0.017277,-0.034201,0.000257,-0.999266,-0.000343,1.817207
307846,0.005599,0.449453,-0.041392,-0.017267,-0.034185,0.000286,-0.999266,0.000000,1.667519
307850,0.005596,0.449450,-0.041393,-0.017115,-0.034215,0.000132,-0.999268,0.000000,1.526756
307853,0.005601,0.449450,-0.041383,-0.017188,-0.034198,0.000170,-0.999267,0.000000,1.376724
307857,0.005602,0.449448,-0.041377,-0.017147,-0.034213,0.000099,-0.999268,0.000000,1.218452
307860,0.005607,0.449448,-0.041374,-0.017159,-0.034186,0.000092,-0.999268,0.000000,1.077003
307864,0.005609,0.449448,-0.041374,-0.017142,-0.034234,0.000065,-0.999267,0.000000,0.947914
307868,0.005607,0.449446,-0.041381,-0.017102,-0.034187,0.000002,-0.999269,0.000000,0.816078
307871,0.005603,0.449446,-0.041387,-0.016982,-0.034228,-0.000091,-0.999270,0.000000,0.674286
307875,0.005592,0.449445,-0.041392,-0.017098,-0.034191,-0.000081,-0.999269,0.000000,0.517387
307878,0.005582,0.449444,-0.041397,-0.017027,-0.034229,-0.000154,-0.999269,0.000000,0.355339
307882,0.005575,0.449445,-0.041400,-0.016962,-0.034244,-0.000213,-0.999270,0.000000,0.177841
307885,0.005570,0.449442,-0.041402,-0.016917,-0.034264,-0.000285,-0.999270,0.000000,0.018883
307889,0.005573,0.449442,-0.041402,-0.016962,-0.034245,-0.000303,-0.999269,0.000000,-0.094414
307892,0.005574,0.449441,-0.041400,-0.016876,-0.034260,-0.000376,-0.999270,-0.000343,-0.130119
307896,0.005580,0.449439,-0.041393,-0.016964,-0.034254,-0.000360,-0.999269,-0.000343,-0.131493
307900,0.005581,0.449442,-0.041386,-0.016896,-0.034214,-0.000363,-0.999272,-0.000343,-0.129776
307903,0.005579,0.449437,-0.041386,-0.016860,-0.034204,-0.000432,-0.999273,0.000000,-0.105400
307907,0.005581,0.449436,-0.041385,-0.017018,-0.034202,-0.000395,-0.999270,-0.000343,-0.056305
307910,0.005579,0.449436,-0.041389,-0.016942,-0.034201,-0.000461,-0.999271,0.000000,0.018883
307914,0.005576,0.449435,-0.041398,-0.016910,-0.034231,-0.000529,-0.999271,0.000000,0.072441
307917,0.005572,0.449438,-0.041405,-0.016891,-0.034218,-0.000529,-0.999272,-0.000343,0.095444
307921,0.005566,0.449438,-0.041414,-0.016882,-0.034211,-0.000514,-0.999272,-0.000343,0.095444
307924,0.005559,0.449437,-0.041420,-0.016803,-0.034202,-0.000598,-0.999273,0.000000,0.093040
307928,0.005558,0.449439,-0.041418,-0.016901,-0.034174,-0.000533,-0.999273,0.000000,0.080338
307931,0.005556,0.449438,-0.041415,-0.016842,-0.034211,-0.000564,-0.999273,0.000000,0.054245
307935,0.005558,0.449437,-0.041408,-0.016794,-0.034236,-0.000583,-0.999273,0.000000,0.017509
307938,0.005562,0.449437,-0.041402,-0.016809,-0.034222,-0.000617,-0.999273,0.000000,-0.014420
307942,0.005568,0.449436,-0.041394,-0.016944,-0.034187,-0.000552,-0.999272,0.000000,-0.036049
307945,0.005566,0.449436,-0.041390,-0.016834,-0.034187,-0.000611,-0.999274,-0.000343,-0.043259
307949,0.005567,0.449437,-0.041391,-0.016894,-0.034199,-0.000580,-0.999272,0.000000,-0.043945
307953,0.005564,0.449437,-0.041401,-0.016787,-0.034202,-0.000648,-0.999274,-0.000343,-0.043945
307956,0.005564,0.449439,-0.041405,-0.016797,-0.034214,-0.000609,-0.999273,-0.000343,-0.043602
307960,0.005558,0.449438,-0.041412,-0.016814,-0.034229,-0.000648,-0.999272,0.000000,-0.042572
307963,0.005555,0.449437,-0.041412,-0.016900,-0.034182,-0.000599,-0.999273,0.000000,-0.038795
307967,0.005553,0.449437,-0.041410,-0.016727,-0.034235,-0.000709,-0.999274,0.000000,-0.029869
307971,0.005553,0.449435,-0.041401,-0.016790,-0.034192,-0.000670,-0.999274,-0.000343,-0.015450
307974,0.005555,0.449436,-0.041391,-0.016840,-0.034198,-0.000665,-0.999273,0.000000,0.000343
307978,0.005559,0.449435,-0.041388,-0.016761,-0.034222,-0.000714,-0.999273,-0.000343,0.012703
307981,0.005562,0.449434,-0.041389,-0.016835,-0.034218,-0.000664,-0.999272,0.000000,0.017853
307984,0.005564,0.449434,-0.041392,-0.016911,-0.034180,-0.000603,-0.999272,0.000000,0.019913
307988,0.005564,0.449436,-0.041404,-0.016732,-0.034246,-0.000724,-0.999273,0.000000,0.019569
307992,0.005560,0.449433,-0.041411,-0.016791,-0.034243,-0.000712,-0.999272,0.000000,0.019913
307995,0.005557,0.449435,-0.041420,-0.016816,-0.034201,-0.000700,-0.999273,0.000000,0.019569
307999,0.005551,0.449438,-0.041427,-0.016667,-0.034265,-0.000758,-0.999274,0.000000,0.019569
308002,0.005552,0.449437,-0.041425,-0.016686,-0.034234,-0.000760,-0.999274,0.000000,0.019226
308006,0.005554,0.449437,-0.041418,-0.016771,-0.034216,-0.000747,-0.999274,0.000000,0.018539
308009,0.005555,0.449435,-0.041409,-0.016737,-0.034216,-0.000730,-0.999274,0.000000,0.017853
308013,0.005558,0.449434,-0.041395,-0.016767,-0.034230,-0.000752,-0.999273,-0.000343,0.016823
308017,0.005556,0.449435,-0.041386,-0.016836,-0.034193,-0.000707,-0.999273,-0.000343,0.015106
308020,0.005559,0.449434,-0.041386,-0.016754,-0.034197,-0.000775,-0.999274,-0.000343,0.013390
308024,0.005564,0.449434,-0.041388,-0.016900,-0.034145,-0.000668,-0.999274,0.000000,0.010643
308027,0.005566,0.449436,-0.041395,-0.016772,-0.034187,-0.000747,-0.999274,0.000000,0.007553
308031,0.005567,0.449436,-0.041403,-0.016727,-0.034227,-0.000715,-0.999274,0.000000,0.004463
308034,0.005565,0.449428,-0.041415,-0.016830,-0.034143,-0.000916,-0.999275,0.000000,0.002060
308038,0.005565,0.449438,-0.041411,-0.016796,-0.034204,-0.000692,-0.999274,-0.000343,0.000000
308041,0.005561,0.449437,-0.041413,-0.016723,-0.034210,-0.000800,-0.999274,0.000000,-0.001030
308045,0.005560,0.449437,-0.041406,-0.016814,-0.034175,-0.000710,-0.999274,0.000000,-0.002060
308049,0.005560,0.449436,-0.041400,-0.016762,-0.034170,-0.000773,-0.999275,0.000000,-0.002403
308052,0.005556,0.449435,-0.041398,-0.016775,-0.034157,-0.000721,-0.999275,-0.000343,-0.003090
308056,0.005553,0.449434,-0.041393,-0.016854,-0.034191,-0.000726,-0.999273,-0.000343,-0.003090
308059,0.005553,0.449434,-0.041397,-0.016895,-0.034203,-0.000714,-0.999272,-0.000343,-0.003090
308063,0.005549,0.449436,-0.041406,-0.016728,-0.034194,-0.000793,-0.999275,0.000000,-0.003090
308066,0.005554,0.449436,-0.041411,-0.016813,-0.034239,-0.000754,-0.999272,0.000000,-0.003433
308070,0.005556,0.449441,-0.041422,-0.016793,-0.034191,-0.000729,-0.999274,-0.000343,-0.003090
308073,0.005558,0.449441,-0.041426,-0.016769,-0.034200,-0.000708,-0.999274,0.000000,-0.003090
308077,0.005554,0.449439,-0.041419,-0.016804,-0.034181,-0.000777,-0.999274,0.000000,-0.003090
308080,0.005546,0.449437,-0.041407,-0.016840,-0.034171,-0.000721,-0.999274,-0.000343,-0.003090
308084,0.005536,0.449432,-0.041389,-0.016807,-0.034217,-0.000816,-0.999273,0.000000,-0.003090
308088,0.005545,0.449433,-0.041380,-0.016834,-0.034207,-0.000866,-0.999273,0.000000,-0.003090
308091,0.005554,0.449433,-0.041382,-0.016849,-0.034181,-0.000762,-0.999273,0.000000,-0.003090
308095,0.005561,0.449438,-0.041394,-0.016693,-0.034181,-0.000814,-0.999276,-0.000343,-0.003090
308098,0.005554,0.449436,-0.041399,-0.016760,-0.034146,-0.000750,-0.999276,0.000000,-0.003090
308102,0.005535,0.449435,-0.041404,-0.016728,-0.034209,-0.000816,-0.999274,-0.000343,-0.003090
308105,0.005520,0.449435,-0.041410,-0.016724,-0.034188,-0.000831,-0.999275,-0.000343,-0.003090
308109,0.005511,0.449436,-0.041420,-0.016745,-0.034230,-0.000911,-0.999273,0.000000,-0.003090
308112,0.005518,0.449438,-0.041425,-0.016818,-0.034202,-0.000800,-0.999273,0.000000,-0.003090
308116,0.005521,0.449439,-0.041431,-0.016645,-0.034168,-0.000888,-0.999277,0.000000,-0.003090
308120,0.005527,0.449438,-0.041414,-0.016797,-0.034170,-0.000750,-0.999275,0.000000,-0.003090
308123,0.005523,0.449436,-0.041400,-0.016759,-0.034193,-0.000832,-0.999274,0.000000,-0.003090
308126,0.005519,0.449436,-0.041384,-0.016824,-0.034202,-0.000759,-0.999273,-0.000343,-0.003090
308130,0.005518,0.449434,-0.041379,-0.016783,-0.034225,-0.000868,-0.999273,0.000000,-0.003090
308134,0.005523,0.449434,-0.041383,-0.016825,-0.034160,-0.000810,-0.999274,0.000000,-0.003090
308137,0.005522,0.449434,-0.041392,-0.016738,-0.034221,-0.000875,-0.999274,-0.000343,-0.003090
308141,0.005518,0.449435,-0.041403,-0.016827,-0.034190,-0.000811,-0.999273,0.000000,-0.003090
308144,0.005512,0.449435,-0.041410,-0.016764,-0.034221,-0.000863,-0.999273,0.000000,-0.002747
308148,0.005509,0.449438,-0.041419,-0.016716,-0.034223,-0.000876,-0.999274,0.000000,-0.002747
308151,0.005512,0.449437,-0.041423,-0.016639,-0.034238,-0.000901,-0.999275,-0.000343,-0.002747
308155,0.005522,0.449438,-0.041414,-0.016800,-0.034217,-0.000793,-0.999273,0.000000,-0.002747
308159,0.005528,0.449438,-0.041402,-0.016763,-0.034211,-0.000812,-0.999274,0.000000,-0.002747
308162,0.005522,0.449435,-0.041385,-0.016795,-0.034203,-0.000855,-0.999273,0.000000,-0.002747
308166,0.005516,0.449431,-0.041368,-0.016896,-0.034145,-0.000819,-0.999274,0.000000,-0.002747
308169,0.005514,0.449431,-0.041364,-0.016805,-0.034165,-0.000840,-0.999275,0.000000,-0.002403
308173,0.005521,0.449432,-0.041369,-0.016910,-0.034133,-0.000793,-0.999274,-0.000343,-0.002747
308176,0.005527,0.449435,-0.041386,-0.016841,-0.034127,-0.000800,-0.999275,0.000000,-0.002060
308180,0.005528,0.449438,-0.041409,-0.016737,-0.034217,-0.000797,-0.999274,0.000000,-0.002060
308184,0.005520,0.449436,-0.041427,-0.016746,-0.034227,-0.000856,-0.999273,0.000000,-0.001717
308187,0.005513,0.449438,-0.041434,-0.016821,-0.034143,-0.000824,-0.999275,-0.000343,-0.001717
308190,0.005507,0.449437,-0.041436,-0.016735,-0.034154,-0.000896,-0.999276,0.000000,-0.001373
308194,0.005509,0.449439,-0.041431,-0.016794,-0.034154,-0.000814,-0.999275,0.000000,-0.001373
308198,0.005511,0.449435,-0.041418,-0.016714,-0.034195,-0.000863,-0.999275,0.000000,-0.001030
308201,0.005517,0.449437,-0.041402,-0.016773,-0.034185,-0.000792,-0.999274,0.000000,-0.000687
308205,0.005513,0.449432,-0.041385,-0.016820,-0.034191,-0.000856,-0.999273,-0.000343,-0.000687
308208,0.005510,0.449432,-0.041375,-0.016916,-0.034168,-0.000792,-0.999273,0.000000,-0.000343
308212,0.005504,0.449432,-0.041377,-0.016732,-0.034196,-0.000942,-0.999275,0.000000,0.000000
308215,0.005508,0.449434,-0.041382,-0.016825,-0.034164,-0.000862,-0.999274,0.000000,0.000343
308219,0.005509,0.449436,-0.041401,-0.016794,-0.034152,-0.000868,-0.999275,0.000000,0.000687
308222,0.005512,0.449438,-0.041412,-0.016781,-0.034176,-0.000797,-0.999275,0.000000,0.001030
308226,0.005509,0.449437,-0.041421,-0.016703,-0.034206,-0.000920,-0.999275,0.000000,0.001373
308230,0.005506,0.449436,-0.041423,-0.016719,-0.034170,-0.000951,-0.999276,0.000000,0.001373
308233,0.005506,0.449435,-0.041418,-0.016694,-0.034198,-0.000933,-0.999275,0.000000,0.001717
308237,0.005509,0.449434,-0.041410,-0.016785,-0.034195,-0.000905,-0.999274,0.000000,0.001717
308240,0.005512,0.449433,-0.041403,-0.016761,-0.034178,-0.000884,-0.999275,0.000000,0.001717
308244,0.005513,0.449433,-0.041396,-0.016703,-0.034199,-0.000906,-0.999275,-0.000343,0.001717
308247,0.005513,0.449433,-0.041392,-0.016726,-0.034174,-0.000923,-0.999276,0.000000,0.002060
308251,0.005514,0.449431,-0.041390,-0.016784,-0.034184,-0.000874,-0.999274,-0.000343,0.001717
308255,0.005521,0.449432,-0.041393,-0.016800,-0.034202,-0.000851,-0.999273,0.000000,0.002060
308258,0.005525,0.449433,-0.041401,-0.016723,-0.034213,-0.000886,-0.999274,0.000000,0.002060
308262,0.005529,0.449436,-0.041409,-0.016766,-0.034175,-0.000801,-0.999275,0.000000,0.001717
308265,0.005524,0.449436,-0.041415,-0.016652,-0.034183,-0.000883,-0.999276,0.000000,0.002060
308269,0.005520,0.449434,-0.041410,-0.016790,-0.034169,-0.000817,-0.999275,0.000000,0.001717
308272,0.005515,0.449434,-0.041407,-0.016750,-0.034186,-0.000864,-0.999275,0.000000,0.001717
308276,0.005513,0.449434,-0.041403,-0.016765,-0.034189,-0.000859,-0.999274,-0.000343,0.002060
308279,0.005513,0.449435,-0.041398,-0.016724,-0.034174,-0.000925,-0.999276,0.000000,0.002060
308283,0.005516,0.449433,-0.041396,-0.016810,-0.034153,-0.000821,-0.999275,0.000000,0.002060
308286,0.005515,0.449434,-0.041395,-0.016731,-0.034170,-0.000893,-0.999276,0.000000,0.002060
308290,0.005514,0.449433,-0.041391,-0.016829,-0.034169,-0.000818,-0.999274,-0.000343,0.002060
308294,0.005510,0.449433,-0.041394,-0.016730,-0.034149,-0.000907,-0.999276,0.000000,0.002060
308297,0.005513,0.449435,-0.041393,-0.016765,-0.034157,-0.000871,-0.999276,0.000000,0.001717
308301,0.005518,0.449436,-0.041398,-0.016776,-0.034168,-0.000881,-0.999275,-0.000343,0.002060
308304,0.005523,0.449435,-0.041400,-0.016867,-0.034167,-0.000827,-0.999274,0.000000,0.002060
308308,0.005523,0.449434,-0.041401,-0.016708,-0.034162,-0.000929,-0.999276,0.000000,0.002060
308311,0.005524,0.449433,-0.041400,-0.016773,-0.034172,-0.000863,-0.999275,0.000000,0.002060
308315,0.005518,0.449432,-0.041398,-0.016751,-0.034177,-0.000904,-0.999275,0.000000,0.002060
308318,0.005513,0.449434,-0.041398,-0.016791,-0.034170,-0.000826,-0.999275,0.000000,0.002060
308322,0.005508,0.449430,-0.041402,-0.016777,-0.034202,-0.000915,-0.999274,0.000000,0.001717
308326,0.005505,0.449433,-0.041411,-0.016698,-0.034201,-0.000962,-0.999275,0.000000,0.002060
308329,0.005505,0.449433,-0.041415,-0.016703,-0.034190,-0.000973,-0.999275,0.000000,0.002060
308333,0.005506,0.449430,-0.041419,-0.016754,-0.034194,-0.000943,-0.999274,0.000000,0.002060
308336,0.005510,0.449433,-0.041418,-0.016796,-0.034181,-0.000884,-0.999274,0.000000,0.002060
308340,0.005514,0.449434,-0.041419,-0.016656,-0.034199,-0.000975,-0.999276,0.000000,0.002060
308343,0.005521,0.449435,-0.041414,-0.016732,-0.034167,-0.000904,-0.999276,0.000000,0.002060
308347,0.005527,0.449434,-0.041405,-0.016731,-0.034196,-0.000907,-0.999275,0.000000,0.002060
308350,0.005524,0.449433,-0.041396,-0.016747,-0.034186,-0.000898,-0.999275,0.000000,0.001717
308354,0.005521,0.449431,-0.041384,-0.016736,-0.034214,-0.000934,-0.999274,0.000000,0.002060
308357,0.005515,0.449429,-0.041381,-0.016780,-0.034168,-0.000943,-0.999275,0.000000,0.001717
308361,0.005508,0.449431,-0.041386,-0.016669,-0.034210,-0.000937,-0.999275,0.000000,0.001717
308365,0.005508,0.449432,-0.041393,-0.016852,-0.034138,-0.000843,-0.999275,0.000000,0.002060
308368,0.005507,0.449433,-0.041403,-0.016731,-0.034181,-0.000886,-0.999275,0.000000,0.002060
308372,0.005507,0.449434,-0.041411,-0.016730,-0.034186,-0.000911,-0.999275,0.000000,0.001717
308375,0.005503,0.449433,-0.041415,-0.016689,-0.034187,-0.000965,-0.999276,0.000000,0.001717
308379,0.005505,0.449435,-0.041415,-0.016813,-0.034151,-0.000849,-0.999275,0.000000,0.002060
308382,0.005507,0.449433,-0.041415,-0.016674,-0.034173,-0.000974,-0.999276,0.000000,0.001717
308386,0.005515,0.449432,-0.041405,-0.016787,-0.034153,-0.000821,-0.999275,0.000000,0.001717
308389,0.005520,0.449431,-0.041400,-0.016722,-0.034170,-0.000916,-0.999276,0.000000,0.001717
308393,0.005521,0.449431,-0.041398,-0.016745,-0.034166,-0.000860,-0.999276,0.000000,0.001717
308397,0.005521,0.449430,-0.041394,-0.016798,-0.034155,-0.000878,-0.999275,0.000000,0.001717
308400,0.005518,0.449430,-0.041397,-0.016883,-0.034136,-0.000871,-0.999274,0.000000,0.001717
308404,0.005511,0.449432,-0.041405,-0.016751,-0.034149,-0.000929,-0.999276,0.000000,0.001717
308407,0.005512,0.449432,-0.041409,-0.016792,-0.034185,-0.000893,-0.999274,0.000000,0.002060
308411,0.005508,0.449433,-0.041418,-0.016744,-0.034163,-0.000907,-0.999276,0.000000,0.001717
308414,0.005509,0.449433,-0.041417,-0.016733,-0.034162,-0.000918,-0.999276,0.000000,0.001373
308418,0.005512,0.449432,-0.041414,-0.016790,-0.034183,-0.000912,-0.999274,0.000000,0.001717
308421,0.005516,0.449432,-0.041409,-0.016811,-0.034200,-0.000832,-0.999273,0.000000,0.001717
308425,0.005522,0.449432,-0.041401,-0.016728,-0.034202,-0.000929,-0.999275,0.000000,0.001373
308428,0.005524,0.449433,-0.041394,-0.016771,-0.034192,-0.000883,-0.999274,0.000000,0.001373
308432,0.005524,0.449431,-0.041383,-0.016810,-0.034143,-0.000873,-0.999275,0.000000,0.001373
308435,0.005520,0.449432,-0.041380,-0.016812,-0.034144,-0.000864,-0.999275,0.000000,0.001373
308439,0.005514,0.449431,-0.041380,-0.016802,-0.034146,-0.000886,-0.999275,0.000000,0.001373
308443,0.005514,0.449432,-0.041386,-0.016732,-0.034203,-0.000964,-0.999274,0.000000,0.001373
308446,0.005512,0.449432,-0.041395,-0.016705,-0.034175,-0.000922,-0.999276,0.000000,0.001373
308450,0.005511,0.449432,-0.041402,-0.016708,-0.034210,-0.000962,-0.999275,0.000000,0.001373
308453,0.005510,0.449434,-0.041410,-0.016795,-0.034186,-0.000870,-0.999274,0.000000,0.001030
308457,0.005501,0.449434,-0.041417,-0.016636,-0.034176,-0.000998,-0.999277,0.000000,0.001030
308460,0.005503,0.449434,-0.041415,-0.016716,-0.034147,-0.000952,-0.999277,0.000343,0.001030
308464,0.005503,0.449434,-0.041412,-0.016719,-0.034177,-0.000935,-0.999276,0.000000,0.001030
308467,0.005507,0.449433,-0.041407,-0.016733,-0.034168,-0.000917,-0.999276,0.000000,0.001030
308471,0.005511,0.449430,-0.041404,-0.016694,-0.034202,-0.000962,-0.999275,0.000000,0.001373
308474,0.005511,0.449431,-0.041400,-0.016780,-0.034195,-0.000886,-0.999274,0.000000,0.001030
308478,0.005515,0.449433,-0.041400,-0.016669,-0.034182,-0.000979,-0.999276,0.000000,0.001030
308482,0.005517,0.449432,-0.041399,-0.016764,-0.034153,-0.000863,-0.999276,0.000000,0.001030
308485,0.005518,0.449432,-0.041398,-0.016759,-0.034191,-0.000934,-0.999274,0.000000,0.001030
308489,0.005520,0.449434,-0.041397,-0.016716,-0.034192,-0.000921,-0.999275,0.000000,0.001030
308493,0.005519,0.449434,-0.041399,-0.016828,-0.034164,-0.000887,-0.999274,0.000343,0.000687
308496,0.005520,0.449433,-0.041399,-0.016793,-0.034160,-0.000899,-0.999275,0.000000,0.000687
308499,0.005521,0.449434,-0.041398,-0.016658,-0.034197,-0.000984,-0.999276,0.000343,0.001030
308503,0.005522,0.449432,-0.041395,-0.016770,-0.034171,-0.000925,-0.999275,0.000000,0.000687
308506,0.005522,0.449431,-0.041393,-0.016746,-0.034210,-0.000961,-0.999274,0.000343,0.000687
308510,0.005514,0.449433,-0.041391,-0.016728,-0.034159,-0.000917,-0.999276,0.000343,0.000687
308514,0.005513,0.449431,-0.041389,-0.016808,-0.034171,-0.000893,-0.999274,0.000343,0.000687
308517,0.005512,0.449433,-0.041391,-0.016823,-0.034161,-0.000900,-0.999274,0.000000,0.000687
308521,0.005512,0.449432,-0.041395,-0.016770,-0.034177,-0.000942,-0.999275,0.000000,0.000343
308524,0.005511,0.449433,-0.041400,-0.016763,-0.034166,-0.000940,-0.999275,0.000000,0.000343
308528,0.005509,0.449432,-0.041401,-0.016769,-0.034149,-0.000920,-0.999276,0.000343,0.000343
308531,0.005508,0.449434,-0.041405,-0.016784,-0.034140,-0.000926,-0.999276,0.000000,0.000000
308535,0.005510,0.449433,-0.041403,-0.016791,-0.034147,-0.000902,-0.999275,0.000343,0.000343
308539,0.005511,0.449433,-0.041401,-0.016698,-0.034206,-0.000987,-0.999275,0.000000,0.000000
308542,0.005514,0.449435,-0.041397,-0.016734,-0.034173,-0.000903,-0.999275,0.000343,0.000000
308546,0.005513,0.449432,-0.041394,-0.016754,-0.034184,-0.000946,-0.999275,0.000000,0.000000
308549,0.005514,0.449431,-0.041390,-0.016832,-0.034139,-0.000891,-0.999275,0.000000,0.000000
308553,0.005511,0.449430,-0.041393,-0.016683,-0.034169,-0.000992,-0.999276,0.000343,-0.000343
308556,0.005515,0.449432,-0.041391,-0.016770,-0.034132,-0.000933,-0.999276,0.000343,0.000000
308560,0.005517,0.449432,-0.041394,-0.016693,-0.034178,-0.000966,-0.999276,0.000343,0.000000
308563,0.005519,0.449433,-0.041398,-0.016737,-0.034171,-0.000930,-0.999276,0.000000,-0.000343
308567,0.005522,0.449434,-0.041401,-0.016699,-0.034208,-0.000986,-0.999275,0.000000,-0.000343
308570,0.005525,0.449434,-0.041401,-0.016820,-0.034161,-0.000878,-0.999274,0.000343,-0.000343
308574,0.005524,0.449431,-0.041405,-0.016619,-0.034197,-0.000993,-0.999277,0.000343,-0.000343
308578,0.005527,0.449430,-0.041397,-0.016746,-0.034145,-0.000911,-0.999276,0.000000,-0.000343
308581,0.005525,0.449429,-0.041393,-0.016730,-0.034135,-0.000973,-0.999277,0.000000,-0.000687
308584,0.005526,0.449431,-0.041388,-0.016805,-0.034131,-0.000902,-0.999276,0.000343,-0.000687
308588,0.005524,0.449427,-0.041390,-0.016697,-0.034185,-0.001009,-0.999276,0.000343,-0.000687
308592,0.005530,0.449429,-0.041399,-0.016735,-0.034167,-0.000973,-0.999276,0.000000,-0.000687
308595,0.005538,0.449431,-0.041409,-0.016641,-0.034192,-0.001030,-0.999276,0.000343,-0.000687
308599,0.005544,0.449431,-0.041418,-0.016725,-0.034180,-0.000925,-0.999275,0.000000,-0.000687
308602,0.005548,0.449432,-0.041421,-0.016680,-0.034213,-0.000932,-0.999275,0.000343,-0.000687
308606,0.005545,0.449434,-0.041415,-0.016635,-0.034167,-0.000965,-0.999277,0.000000,-0.001030
308610,0.005539,0.449429,-0.041398,-0.016820,-0.034167,-0.000880,-0.999274,0.000000,-0.000687
308613,0.005536,0.449429,-0.041387,-0.016798,-0.034150,-0.000927,-0.999275,0.000000,-0.001030
308617,0.005538,0.449429,-0.041375,-0.016792,-0.034185,-0.000949,-0.999274,0.000000,-0.000687
308620,0.005540,0.449428,-0.041375,-0.016770,-0.034177,-0.000955,-0.999275,0.000343,-0.001030
308624,0.005541,0.449428,-0.041381,-0.016777,-0.034126,-0.000902,-0.999276,0.000343,-0.000687
308627,0.005541,0.449430,-0.041392,-0.016707,-0.034157,-0.000929,-0.999276,0.000000,-0.001030
308631,0.005544,0.449431,-0.041402,-0.016786,-0.034162,-0.000886,-0.999275,0.000000,-0.001030
308634,0.005542,0.449431,-0.041415,-0.016704,-0.034164,-0.000901,-0.999276,0.000000,-0.001030
308638,0.005547,0.449433,-0.041418,-0.016676,-0.034190,-0.000919,-0.999276,0.000343,-0.001030
308642,0.005546,0.449431,-0.041417,-0.016728,-0.034178,-0.000946,-0.999275,0.000343,-0.001030
308645,0.005549,0.449431,-0.041412,-0.016791,-0.034139,-0.000872,-0.999276,0.000343,-0.001030
308649,0.005551,0.449430,-0.041412,-0.016657,-0.034128,-0.000954,-0.999278,0.000343,-0.001030
308652,0.005552,0.449430,-0.041408,-0.016763,-0.034124,-0.000849,-0.999277,0.000343,-0.001030
308656,0.005542,0.449429,-0.041411,-0.016660,-0.034167,-0.000944,-0.999277,0.000000,-0.001030
308659,0.005527,0.449428,-0.041414,-0.016762,-0.034140,-0.000910,-0.999276,0.000343,-0.001030
308663,0.005509,0.449429,-0.041421,-0.016740,-0.034194,-0.001001,-0.999275,0.000000,-0.001030
308666,0.005505,0.449430,-0.041428,-0.016824,-0.034167,-0.000933,-0.999274,0.000000,-0.001030
308670,0.005506,0.449432,-0.041442,-0.016621,-0.034178,-0.001029,-0.999277,0.000000,-0.001030
308673,0.005521,0.449434,-0.041441,-0.016753,-0.034173,-0.000923,-0.999275,0.000343,-0.001030
308677,0.005539,0.449435,-0.041439,-0.016693,-0.034166,-0.000937,-0.999276,0.000343,-0.001030
308680,0.005549,0.449434,-0.041429,-0.016759,-0.034149,-0.000860,-0.999276,0.000343,-0.001030
308684,0.005556,0.449433,-0.041417,-0.016707,-0.034194,-0.000926,-0.999275,0.000000,-0.001030
308688,0.005558,0.449434,-0.041414,-0.016697,-0.034145,-0.000927,-0.999277,0.000000,-0.001030
308691,0.005561,0.449434,-0.041411,-0.016653,-0.034200,-0.000955,-0.999276,0.000000,-0.001030
308695,0.005562,0.449435,-0.041419,-0.016726,-0.034173,-0.000876,-0.999276,0.000343,-0.001030
308698,0.005557,0.449426,-0.041433,-0.016885,-0.034098,-0.001051,-0.999275,0.000000,-0.001030
308702,0.005547,0.449439,-0.041438,-0.016623,-0.034174,-0.000958,-0.999277,0.000000,-0.001030
308705,0.005538,0.449441,-0.041442,-0.016601,-0.034196,-0.000974,-0.999277,0.000343,-0.001030
308709,0.005532,0.449438,-0.041443,-0.016719,-0.034191,-0.000923,-0.999275,0.000000,-0.001030
308712,0.005533,0.449431,-0.041446,-0.016785,-0.034114,-0.001092,-0.999276,0.000000,-0.001030
308716,0.005533,0.449436,-0.041425,-0.016719,-0.034195,-0.000947,-0.999275,0.000343,-0.001030
308720,0.005537,0.449437,-0.041408,-0.016780,-0.034125,-0.000865,-0.999276,0.000000,-0.001030
308723,0.005542,0.449436,-0.041400,-0.016668,-0.034150,-0.000920,-0.999277,0.000343,-0.001030
308727,0.005559,0.449434,-0.041391,-0.016832,-0.034145,-0.000817,-0.999275,0.000000,-0.001030
308730,0.005569,0.449436,-0.041397,-0.016769,-0.034111,-0.000851,-0.999277,0.000000,-0.001030
308734,0.005581,0.449438,-0.041412,-0.016747,-0.034176,-0.000845,-0.999275,0.000000,-0.000687
308737,0.005579,0.449438,-0.041428,-0.016677,-0.034177,-0.000854,-0.999276,0.000000,-0.001030
308741,0.005576,0.449443,-0.041448,-0.016755,-0.034139,-0.000815,-0.999276,0.000000,-0.001030
308744,0.005570,0.449434,-0.041465,-0.016821,-0.034088,-0.001030,-0.999277,0.000343,-0.001030
308748,0.005564,0.449435,-0.041471,-0.016888,-0.034055,-0.000968,-0.999277,0.000343,-0.001030
308752,0.005562,0.449434,-0.041467,-0.016791,-0.034130,-0.001046,-0.999276,0.000000,-0.001030
308755,0.005564,0.449444,-0.041447,-0.016643,-0.034187,-0.000885,-0.999277,0.000343,-0.001030
308759,0.005567,0.449440,-0.041426,-0.016718,-0.034182,-0.000904,-0.999275,0.000000,-0.001030
308762,0.005574,0.449439,-0.041407,-0.016826,-0.034164,-0.000840,-0.999274,0.000000,-0.001030
308766,0.005578,0.449438,-0.041392,-0.016719,-0.034152,-0.000902,-0.999276,0.000000,-0.001030
308769,0.005589,0.449438,-0.041385,-0.016770,-0.034132,-0.000843,-0.999276,0.000343,-0.001030
308773,0.005601,0.449438,-0.041387,-0.016726,-0.034151,-0.000836,-0.999276,0.000343,-0.001030
308776,0.005607,0.449440,-0.041399,-0.016742,-0.034123,-0.000827,-0.999277,0.000343,-0.001030
308780,0.005610,0.449431,-0.041425,-0.016886,-0.034106,-0.001015,-0.999275,0.000343,-0.001030
308783,0.005610,0.449433,-0.041443,-0.016967,-0.034083,-0.000931,-0.999275,0.000343,-0.001030
308787,0.005603,0.449434,-0.041464,-0.016768,-0.034141,-0.001052,-0.999276,0.000000,-0.001030
308791,0.005600,0.449434,-0.041472,-0.016831,-0.034102,-0.001065,-0.999276,0.000343,-0.001030
308794,0.005598,0.449434,-0.041472,-0.016876,-0.034099,-0.001018,-0.999276,0.000343,-0.001030
308798,0.005591,0.449442,-0.041456,-0.016618,-0.034194,-0.000958,-0.999277,0.000343,-0.000687
308801,0.005592,0.449433,-0.041449,-0.016841,-0.034107,-0.001029,-0.999276,0.000000,-0.001030
308804,0.005596,0.449440,-0.041431,-0.016756,-0.034149,-0.000825,-0.999276,0.000000,-0.001030
308808,0.005604,0.449430,-0.041423,-0.016835,-0.034138,-0.001030,-0.999275,0.000000,-0.001030
308812,0.005612,0.449427,-0.041416,-0.016887,-0.034106,-0.001033,-0.999275,0.000343,-0.000687
308816,0.005611,0.449438,-0.041412,-0.016716,-0.034155,-0.000811,-0.999276,0.000000,-0.000687
308819,0.005605,0.449429,-0.041428,-0.016810,-0.034101,-0.001020,-0.999277,0.000343,-0.001030
308822,0.005590,0.449432,-0.041441,-0.016813,-0.034084,-0.001026,-0.999277,0.000000,-0.001030
308826,0.005576,0.449432,-0.041455,-0.016875,-0.034107,-0.000979,-0.999275,0.000343,-0.001030
308830,0.005563,0.449434,-0.041470,-0.016869,-0.034084,-0.001038,-0.999276,0.000000,-0.001030
308833,0.005554,0.449442,-0.041470,-0.016624,-0.034205,-0.000944,-0.999276,0.000000,-0.000687
308837,0.005549,0.449442,-0.041476,-0.016682,-0.034179,-0.000841,-0.999276,0.000000,-0.001030
308840,0.005546,0.449435,-0.041483,-0.016746,-0.034099,-0.001069,-0.999278,0.000000,-0.001030
308844,0.005551,0.449445,-0.041469,-0.016746,-0.034153,-0.000846,-0.999276,0.000000,-0.000687
308847,0.005554,0.449445,-0.041460,-0.016687,-0.034173,-0.000906,-0.999276,0.000343,-0.000687
308851,0.005568,0.449446,-0.041444,-0.016640,-0.034192,-0.000875,-0.999276,0.000343,-0.000687
308854,0.005577,0.449442,-0.041430,-0.016641,-0.034188,-0.000924,-0.999276,0.000000,-0.000687
308858,0.005595,0.449444,-0.041409,-0.016767,-0.034169,-0.000802,-0.999275,0.000000,-0.000687
308862,0.005605,0.449433,-0.041397,-0.016864,-0.034071,-0.001002,-0.999277,0.000000,-0.000687
308865,0.005609,0.449441,-0.041379,-0.016781,-0.034127,-0.000797,-0.999276,0.000000,-0.001030
308869,0.005604,0.449440,-0.041376,-0.016761,-0.034135,-0.000868,-0.999276,0.000000,-0.000687
308872,0.005596,0.449440,-0.041380,-0.016750,-0.034142,-0.000843,-0.999276,0.000000,-0.000687
308876,0.005579,0.449440,-0.041398,-0.016754,-0.034181,-0.000893,-0.999275,0.000000,-0.001030
308879,0.005569,0.449439,-0.041413,-0.016801,-0.034165,-0.000839,-0.999275,0.000000,-0.000687
308883,0.005562,0.449434,-0.041445,-0.016810,-0.034116,-0.001083,-0.999276,0.000000,-0.000687
308887,0.005560,0.449434,-0.041466,-0.016816,-0.034129,-0.001073,-0.999275,0.000000,-0.000687
308890,0.005564,0.449444,-0.041467,-0.016695,-0.034170,-0.000919,-0.999276,0.000343,-0.000687
308893,0.005567,0.449444,-0.041472,-0.016674,-0.034148,-0.000860,-0.999277,0.000343,-0.000687
308897,0.005575,0.449434,-0.041465,-0.016840,-0.034081,-0.001038,-0.999277,0.000343,-0.000687
308901,0.005581,0.449436,-0.041445,-0.016778,-0.034125,-0.001050,-0.999276,0.000343,-0.000687
308904,0.005579,0.449442,-0.041419,-0.016654,-0.034182,-0.000887,-0.999277,0.000000,-0.000687
308908,0.005575,0.449437,-0.041395,-0.016723,-0.034158,-0.000911,-0.999276,0.000343,-0.000687
308911,0.005568,0.449437,-0.041384,-0.016787,-0.034148,-0.000880,-0.999275,0.000343,-0.000687
308915,0.005556,0.449437,-0.041384,-0.016671,-0.034151,-0.000983,-0.999277,0.000000,-0.000687
308919,0.005553,0.449437,-0.041390,-0.016845,-0.034137,-0.000883,-0.999275,0.000000,-0.000343
308922,0.005549,0.449437,-0.041408,-0.016695,-0.034188,-0.000945,-0.999276,0.000000,-0.000343
308926,0.005555,0.449433,-0.041434,-0.016847,-0.034123,-0.001056,-0.999275,0.000000,-0.000687
308929,0.005557,0.449433,-0.041448,-0.016778,-0.034133,-0.001093,-0.999276,0.000000,-0.000687
308932,0.005564,0.449436,-0.041454,-0.016819,-0.034113,-0.001063,-0.999276,0.000343,-0.000343
308936,0.005567,0.449443,-0.041451,-0.016560,-0.034175,-0.000981,-0.999278,0.000000,-0.000343
308940,0.005575,0.449440,-0.041430,-0.016717,-0.034153,-0.000863,-0.999276,0.000343,-0.000343
308943,0.005581,0.449439,-0.041410,-0.016648,-0.034163,-0.000926,-0.999277,0.000000,-0.000343
308947,0.005590,0.449438,-0.041381,-0.016661,-0.034168,-0.000905,-0.999277,0.000000,-0.000343
308951,0.005593,0.449435,-0.041356,-0.016804,-0.034132,-0.000861,-0.999276,0.000343,-0.000343
308954,0.005595,0.449436,-0.041348,-0.016800,-0.034133,-0.000865,-0.999276,0.000343,-0.000343
308957,0.005589,0.449434,-0.041353,-0.016679,-0.034177,-0.000983,-0.999276,0.000000,-0.000343
308961,0.005586,0.449436,-0.041369,-0.016784,-0.034125,-0.000876,-0.999276,0.000343,-0.000343
308965,0.005580,0.449440,-0.041401,-0.016704,-0.034147,-0.000886,-0.999277,0.000000,-0.000343
308968,0.005580,0.449441,-0.041426,-0.016660,-0.034184,-0.000905,-0.999276,0.000000,0.000000
308971,0.005581,0.449434,-0.041453,-0.016751,-0.034128,-0.001115,-0.999276,0.000000,0.000000
308975,0.005591,0.449444,-0.041464,-0.016727,-0.034198,-0.000860,-0.999275,0.000000,0.000000
308979,0.005598,0.449435,-0.041473,-0.016783,-0.034099,-0.001039,-0.999277,0.000000,0.000000
308982,0.005602,0.449432,-0.041463,-0.016834,-0.034119,-0.001035,-0.999276,0.000343,0.000000
308986,0.005601,0.449430,-0.041438,-0.016874,-0.034058,-0.001027,-0.999277,0.000000,0.000343
308989,0.005601,0.449430,-0.041418,-0.016868,-0.034058,-0.001019,-0.999277,0.000343,0.000343
308993,0.005591,0.449432,-0.041384,-0.016787,-0.034142,-0.000890,-0.999276,0.000000,0.000343
308996,0.005587,0.449434,-0.041368,-0.016797,-0.034138,-0.000870,-0.999276,0.000343,0.000000
309000,0.005582,0.449436,-0.041364,-0.016746,-0.034177,-0.000928,-0.999275,0.000000,0.000000
309004,0.005573,0.449435,-0.041370,-0.016776,-0.034163,-0.000958,-0.999275,0.000000,0.000343
309007,0.005571,0.449439,-0.041382,-0.016768,-0.034154,-0.000871,-0.999276,0.000343,0.000343
309011,0.005568,0.449439,-0.041402,-0.016575,-0.034187,-0.001005,-0.999278,0.000343,0.000343
309014,0.005569,0.449440,-0.041412,-0.016689,-0.034123,-0.000882,-0.999278,0.000343,0.000343
309018,0.005572,0.449436,-0.041430,-0.016759,-0.034118,-0.001112,-0.999277,0.000000,0.000343
309021,0.005572,0.449444,-0.041426,-0.016627,-0.034154,-0.000936,-0.999278,0.000343,0.000343
309025,0.005573,0.449440,-0.041425,-0.016682,-0.034189,-0.000953,-0.999276,0.000000,0.000687
309028,0.005576,0.449440,-0.041418,-0.016744,-0.034153,-0.000871,-0.999276,0.000343,0.000343
309032,0.005578,0.449438,-0.041414,-0.016608,-0.034158,-0.000983,-0.999278,0.000343,0.000687
309035,0.005587,0.449439,-0.041407,-0.016676,-0.034145,-0.000912,-0.999277,0.000343,0.000343
309039,0.005591,0.449440,-0.041404,-0.016653,-0.034168,-0.000905,-0.999277,0.000343,0.000687
309043,0.005596,0.449435,-0.041404,-0.016847,-0.034103,-0.001041,-0.999276,0.000000,0.000687
309046,0.005591,0.449439,-0.041398,-0.016668,-0.034179,-0.000959,-0.999276,0.000000,0.000687
309050,0.005588,0.449439,-0.041394,-0.016674,-0.034154,-0.000921,-0.999277,0.000343,0.000687
309053,0.005586,0.449439,-0.041395,-0.016614,-0.034165,-0.000997,-0.999278,0.000000,0.000687
309057,0.005586,0.449437,-0.041390,-0.016724,-0.034134,-0.000893,-0.999277,0.000000,0.000687
309060,0.005586,0.449437,-0.041392,-0.016693,-0.034165,-0.000936,-0.999276,0.000000,0.000687
309064,0.005583,0.449439,-0.041396,-0.016651,-0.034170,-0.000915,-0.999277,0.000343,0.000687
309067,0.005573,0.449436,-0.041401,-0.016676,-0.034177,-0.000993,-0.999276,0.000000,0.000687
309071,0.005564,0.449436,-0.041408,-0.016717,-0.034164,-0.000921,-0.999276,0.000000,0.000687
309071,0.005564,0.449436,-0.041408,-0.016717,-0.034164,-0.000921,-0.999276,0.000000,0.000687
309071,0.005564,0.449436,-0.041408,-0.016717,-0.034164,-0.000921,-0.999276,0.000000,0.000687
309071,0.005564,0.449436,-0.041408,-0.016717,-0.034164,-0.000921,-0.999276,0.000000,0.000687
309071,0.005564,0.449436,-0.041408,-0.016717,-0.034164,-0.000921,-0.999276,0.000000,0.000687
309071,0.005564,0.449436,-0.041408,-0.016717,-0.034164,-0.000921,-0.999276,0.000000,0.000687
309071,0.005564,0.449436,-0.041408,-0.016717,-0.034164,-0.000921,-0.999276,0.000000,0.000687
309071,0.005564,0.449436,-0.041408,-0.016717,-0.034164,-0.000921,-0.999276,0.000000,0.000687
309071,0.005564,0.449436,-0.041408,-0.016717,-0.034164,-0.000921,-0.999276,0.000000,0.000687
