0,0.000000,0.000000,0.000000,0.000000,0.000000,0.000000,0.000000,0.000000,0.000000
0,0.000000,0.000000,0.000000,0.000000,0.000000,0.000000,0.000000,0.000000,0.000000
0,0.000000,0.000000,0.000000,0.000000,0.000000,0.000000,0.000000,0.000000,0.000000
0,0.000000,0.000000,0.000000,0.000000,0.000000,0.000000,0.000000,0.000000,0.000000
0,0.000000,0.000000,0.000000,0.000000,0.000000,0.000000,0.000000,0.000000,0.000000
0,0.000000,0.000000,0.000000,0.000000,0.000000,0.000000,0.000000,0.000000,0.000000
0,0.000000,0.000000,0.000000,0.000000,0.000000,0.000000,0.000000,0.000000,0.000000
0,0.000000,0.000000,0.000000,0.000000,0.000000,0.000000,0.000000,0.000000,0.000000
0,0.000000,0.000000,0.000000,0.000000,0.000000,0.000000,0.000000,0.000000,0.000000
0,0.000000,0.000000,0.000000,0.000000,0.000000,0.000000,0.000000,0.000000,0.000000
0,0.000000,0.000000,0.000000,0.000000,0.000000,0.000000,0.000000,0.000000,0.000000
0,0.000000,0.000000,0.000000,0.000000,0.000000,0.000000,0.000000,0.000000,0.000000
0,0.000000,0.000000,0.000000,0.000000,0.000000,0.000000,0.000000,0.000000,0.000000
0,0.000000,0.000000,0.000000,0.000000,0.000000,0.000000,0.000000,0.000000,0.000000
0,0.000000,0.000000,0.000000,0.000000,0.000000,0.000000,0.000000,0.000000,0.000000
0,0.000000,0.000000,0.000000,0.000000,0.000000,0.000000,0.000000,0.000000,0.000000
0,0.000000,0.000000,0.000000,0.000000,0.000000,0.000000,0.000000,0.000000,0.000000
0,0.000000,0.000000,0.000000,0.000000,0.000000,0.000000,0.000000,0.000000,0.000000
0,0.000000,0.000000,0.000000,0.000000,0.000000,0.000000,0.000000,0.000000,0.000000
0,0.000000,0.000000,0.000000,0.000000,0.000000,0.000000,0.000000,0.000000,0.000000
0,0.000000,0.000000,0.000000,0.000000,0.000000,0.000000,0.000000,0.000000,0.000000
0,0.000000,0.000000,0.000000,0.000000,0.000000,0.000000,0.000000,0.000000,0.000000
0,0.000000,0.000000,0.000000,0.000000,0.000000,0.000000,0.000000,0.000000,0.000000
0,0.000000,0.000000,0.000000,0.000000,0.000000,0.000000,0.000000,0.000000,0.000000
0,0.000000,0.000000,0.000000,0.000000,0.000000,0.000000,0.000000,0.000000,0.000000
0,0.000000,0.000000,0.000000,0.000000,0.000000,0.000000,0.000000,0.000000,0.000000
0,0.000000,0.000000,0.000000,0.000000,0.000000,0.000000,0.000000,0.000000,0.000000
0,0.000000,0.000000,0.000000,0.000000,0.000000,0.000000,0.000000,0.000000,0.000000
259414,0.005617,0.449436,-0.041409,-0.017084,-0.034139,-0.000446,-0.999271,0.000343,0.000343
259417,0.005620,0.449436,-0.041421,-0.017074,-0.034182,-0.000426,-0.999270,0.000000,0.000343
259421,0.005629,0.449439,-0.041428,-0.017154,-0.034126,-0.000381,-0.999270,0.000343,0.000343
259424,0.005629,0.449436,-0.041426,-0.017195,-0.034116,-0.000384,-0.999270,0.000343,0.000343
259428,0.005627,0.449444,-0.041409,-0.016911,-0.034241,-0.000275,-0.999271,0.000343,0.000343
259431,0.005622,0.449434,-0.041404,-0.017149,-0.034144,-0.000425,-0.999270,0.000343,0.000343
259435,0.005620,0.449441,-0.041384,-0.017050,-0.034200,-0.000302,-0.999270,0.000000,0.000343
259438,0.005622,0.449440,-0.041378,-0.016985,-0.034223,-0.000308,-0.999270,0.000343,0.000343
259442,0.005629,0.449430,-0.041381,-0.017207,-0.034132,-0.000442,-0.999269,0.000343,0.000343
259446,0.005636,0.449442,-0.041380,-0.016991,-0.034197,-0.000227,-0.999271,0.000000,0.000343
259449,0.005635,0.449443,-0.041390,-0.016929,-0.034210,-0.000278,-0.999271,0.000343,0.000000
259453,0.005636,0.449443,-0.041389,-0.017117,-0.034187,-0.000165,-0.999269,0.000343,0.000000
259456,0.005633,0.449436,-0.041399,-0.017170,-0.034129,-0.000371,-0.999270,0.000343,0.000343
259460,0.005628,0.449444,-0.041389,-0.017004,-0.034238,-0.000219,-0.999269,0.000000,0.000000
259463,0.005627,0.449444,-0.041384,-0.016968,-0.034212,-0.000278,-0.999271,0.000000,0.000343
259467,0.005627,0.449442,-0.041377,-0.017064,-0.034177,-0.000208,-0.999270,0.000343,0.000343
259470,0.005628,0.449443,-0.041374,-0.016964,-0.034196,-0.000292,-0.999271,0.000343,0.000000
259474,0.005634,0.449442,-0.041371,-0.017098,-0.034160,-0.000182,-0.999270,0.000000,0.000343
259478,0.005636,0.449441,-0.041377,-0.016985,-0.034194,-0.000252,-0.999271,0.000000,0.000343
259481,0.005636,0.449442,-0.041382,-0.017019,-0.034172,-0.000222,-0.999271,0.000343,0.000000
259485,0.005632,0.449444,-0.041391,-0.017058,-0.034202,-0.000208,-0.999269,0.000000,0.000000
259488,0.005629,0.449445,-0.041402,-0.017081,-0.034196,-0.000178,-0.999269,0.000000,0.000343
259492,0.005625,0.449444,-0.041409,-0.016957,-0.034213,-0.000241,-0.999271,0.000343,0.000343
259495,0.005627,0.449445,-0.041407,-0.017051,-0.034198,-0.000184,-0.999270,0.000000,0.000343
259499,0.005628,0.449445,-0.041403,-0.016952,-0.034227,-0.000218,-0.999270,0.000343,0.000000
259502,0.005629,0.449444,-0.041393,-0.016969,-0.034221,-0.000216,-0.999270,0.000343,0.000343
259506,0.005630,0.449443,-0.041380,-0.017060,-0.034207,-0.000234,-0.999269,0.000343,0.000000
259509,0.005630,0.449442,-0.041369,-0.017147,-0.034171,-0.000187,-0.999269,0.000343,0.000343
259513,0.005625,0.449439,-0.041363,-0.017021,-0.034209,-0.000278,-0.999270,0.000000,0.000343
259517,0.005623,0.449439,-0.041367,-0.017046,-0.034206,-0.000276,-0.999269,0.000343,0.000343
259520,0.005623,0.449440,-0.041372,-0.017058,-0.034188,-0.000246,-0.999270,0.000343,0.000343
259523,0.005625,0.449444,-0.041382,-0.017049,-0.034184,-0.000191,-0.999270,0.000000,0.000343
259527,0.005625,0.449445,-0.041396,-0.017004,-0.034241,-0.000231,-0.999269,0.000000,0.000343
259531,0.005623,0.449446,-0.041406,-0.016902,-0.034274,-0.000287,-0.999270,0.000000,0.000343
259534,0.005622,0.449444,-0.041408,-0.016955,-0.034245,-0.000270,-0.999270,0.000000,0.000343
259538,0.005620,0.449444,-0.041401,-0.016960,-0.034256,-0.000273,-0.999269,0.000000,0.000343
259541,0.005620,0.449444,-0.041392,-0.017040,-0.034223,-0.000231,-0.999269,0.000000,0.000000
259544,0.005620,0.449442,-0.041385,-0.017057,-0.034177,-0.000200,-0.999270,0.000343,0.000343
259548,0.005622,0.449443,-0.041376,-0.017019,-0.034199,-0.000236,-0.999270,0.000343,0.000343
259552,0.005625,0.449441,-0.041372,-0.016989,-0.034216,-0.000234,-0.999270,0.000000,0.000000
259556,0.005628,0.449441,-0.041373,-0.017053,-0.034221,-0.000251,-0.999269,0.000343,0.000343
259559,0.005624,0.449441,-0.041379,-0.016999,-0.034215,-0.000315,-0.999270,0.000000,0.000000
259562,0.005623,0.449442,-0.041388,-0.017048,-0.034197,-0.000243,-0.999270,0.000343,0.000000
259566,0.005621,0.449444,-0.041401,-0.016883,-0.034207,-0.000319,-0.999272,0.000343,0.000000
259570,0.005625,0.449443,-0.041402,-0.017043,-0.034201,-0.000212,-0.999270,0.000000,0.000000
259573,0.005625,0.449436,-0.041408,-0.017123,-0.034129,-0.000390,-0.999271,0.000343,0.000343
259577,0.005624,0.449436,-0.041401,-0.017145,-0.034149,-0.000388,-0.999270,0.000343,0.000000
259580,0.005624,0.449444,-0.041389,-0.016956,-0.034206,-0.000281,-0.999271,0.000000,0.000000
259584,0.005623,0.449442,-0.041379,-0.017039,-0.034199,-0.000224,-0.999270,0.000343,0.000343
259588,0.005622,0.449434,-0.041378,-0.017229,-0.034078,-0.000352,-0.999271,0.000000,0.000343
259591,0.005623,0.449440,-0.041371,-0.017051,-0.034182,-0.000240,-0.999270,0.000000,0.000000
259595,0.005622,0.449443,-0.041372,-0.017016,-0.034171,-0.000240,-0.999271,0.000000,0.000000
259598,0.005619,0.449443,-0.041377,-0.017004,-0.034191,-0.000240,-0.999271,0.000000,0.000343
259602,0.005621,0.449444,-0.041380,-0.017086,-0.034218,-0.000212,-0.999268,0.000343,0.000000
259605,0.005619,0.449442,-0.041387,-0.017067,-0.034190,-0.000233,-0.999270,0.000000,0.000343
259609,0.005616,0.449441,-0.041394,-0.017029,-0.034213,-0.000271,-0.999269,0.000000,0.000343
259612,0.005614,0.449442,-0.041394,-0.017038,-0.034219,-0.000252,-0.999269,0.000343,0.000000
259616,0.005610,0.449441,-0.041394,-0.017028,-0.034183,-0.000228,-0.999271,0.000000,0.000000
259619,0.005612,0.449445,-0.041393,-0.016980,-0.034219,-0.000250,-0.999270,0.000000,0.000000
259623,0.005613,0.449441,-0.041388,-0.017072,-0.034224,-0.000218,-0.999268,0.000000,0.000000
259626,0.005615,0.449440,-0.041385,-0.017084,-0.034183,-0.000204,-0.999270,0.000000,0.000343
259630,0.005621,0.449443,-0.041382,-0.017008,-0.034204,-0.000260,-0.999270,0.000000,0.000000
259634,0.005622,0.449441,-0.041379,-0.017023,-0.034231,-0.000276,-0.999269,0.000000,0.000000
259637,0.005621,0.449443,-0.041376,-0.017099,-0.034161,-0.000206,-0.999270,0.000000,0.000000
259641,0.005617,0.449441,-0.041378,-0.016940,-0.034203,-0.000302,-0.999271,0.000343,0.000000
259644,0.005621,0.449442,-0.041374,-0.017046,-0.034163,-0.000215,-0.999271,0.000000,0.000000
259648,0.005623,0.449443,-0.041374,-0.016958,-0.034227,-0.000292,-0.999270,0.000000,0.000000
259651,0.005625,0.449443,-0.041378,-0.016989,-0.034203,-0.000223,-0.999270,0.000000,0.000000
259655,0.005629,0.449434,-0.041382,-0.017217,-0.034152,-0.000376,-0.999268,0.000000,0.000000
259658,0.005629,0.449443,-0.041377,-0.017112,-0.034173,-0.000185,-0.999269,0.000000,0.000000
259662,0.005623,0.449444,-0.041386,-0.016900,-0.034219,-0.000308,-0.999271,0.000343,0.000000
259665,0.005621,0.449443,-0.041386,-0.017018,-0.034180,-0.000229,-0.999271,0.000000,0.000000
259669,0.005615,0.449432,-0.041397,-0.017144,-0.034122,-0.000388,-0.999271,0.000000,0.000000
259673,0.005611,0.449441,-0.041393,-0.016954,-0.034229,-0.000284,-0.999270,0.000000,0.000000
259676,0.005607,0.449441,-0.041393,-0.016989,-0.034233,-0.000286,-0.999269,0.000000,0.000000
259680,0.005603,0.449442,-0.041396,-0.016948,-0.034202,-0.000304,-0.999271,0.000000,0.000000
259683,0.005601,0.449440,-0.041396,-0.016916,-0.034249,-0.000331,-0.999270,0.000000,0.000000
259687,0.005602,0.449440,-0.041392,-0.017033,-0.034211,-0.000275,-0.999269,0.000000,0.000000
259691,0.005602,0.449441,-0.041388,-0.017020,-0.034214,-0.000231,-0.999270,0.000000,0.000343
259694,0.005599,0.449440,-0.041387,-0.016993,-0.034216,-0.000260,-0.999270,0.000000,0.000000
259698,0.005601,0.449439,-0.041384,-0.017130,-0.034182,-0.000237,-0.999269,0.000000,0.000343
259701,0.005599,0.449439,-0.041387,-0.017017,-0.034249,-0.000296,-0.999268,0.000343,0.000000
259704,0.005599,0.449441,-0.041393,-0.016947,-0.034244,-0.000282,-0.999270,0.000000,0.000000
259708,0.005602,0.449439,-0.041398,-0.017046,-0.034212,-0.000275,-0.999269,0.000000,0.000000
259712,0.005607,0.449434,-0.041410,-0.017184,-0.034125,-0.000343,-0.999270,0.000000,0.000000
259715,0.005607,0.449443,-0.041408,-0.016906,-0.034186,-0.000289,-0.999272,0.000000,0.000000
259719,0.005609,0.449442,-0.041402,-0.017078,-0.034223,-0.000200,-0.999268,0.000000,0.000000
259722,0.005606,0.449440,-0.041398,-0.016998,-0.034209,-0.000239,-0.999270,0.000000,0.000000
259726,0.005608,0.449442,-0.041387,-0.017018,-0.034226,-0.000264,-0.999269,0.000343,0.000000
259729,0.005605,0.449438,-0.041381,-0.017036,-0.034198,-0.000315,-0.999270,0.000000,0.000000
259733,0.005605,0.449439,-0.041376,-0.017087,-0.034184,-0.000197,-0.999269,0.000000,-0.000343
259737,0.005606,0.449439,-0.041377,-0.017032,-0.034162,-0.000288,-0.999271,0.000343,0.000000
259740,0.005608,0.449438,-0.041382,-0.017090,-0.034164,-0.000202,-0.999270,0.000000,0.000000
259744,0.005610,0.449440,-0.041394,-0.016968,-0.034222,-0.000276,-0.999270,0.000000,-0.000343
259747,0.005611,0.449441,-0.041400,-0.016969,-0.034235,-0.000231,-0.999270,0.000000,-0.000343
259751,0.005613,0.449440,-0.041407,-0.017020,-0.034209,-0.000261,-0.999270,0.000000,0.000000
259754,0.005613,0.449442,-0.041405,-0.017056,-0.034199,-0.000208,-0.999270,0.000000,0.000000
259758,0.005612,0.449441,-0.041401,-0.016936,-0.034195,-0.000291,-0.999272,0.000343,-0.000343
259761,0.005613,0.449439,-0.041390,-0.017053,-0.034155,-0.000214,-0.999271,0.000000,0.000000
259765,0.005614,0.449439,-0.041377,-0.016995,-0.034179,-0.000251,-0.999271,0.000000,0.000000
259769,0.005615,0.449435,-0.041368,-0.017012,-0.034184,-0.000318,-0.999271,0.000000,0.000000
259772,0.005615,0.449436,-0.041368,-0.017046,-0.034186,-0.000283,-0.999270,0.000000,-0.000343
259775,0.005616,0.449435,-0.041369,-0.017132,-0.034182,-0.000195,-0.999269,0.000000,0.000000
259777,0.005613,0.449436,-0.041377,-0.017045,-0.034184,-0.000220,-0.999270,0.000000,0.000000
259781,0.005613,0.449440,-0.041391,-0.017028,-0.034226,-0.000242,-0.999269,0.000000,0.000000
259781,0.005613,0.449440,-0.041391,-0.017028,-0.034226,-0.000242,-0.999269,0.000000,-0.000343
259788,0.005613,0.449442,-0.041412,-0.016864,-0.034227,-0.000332,-0.999272,0.000000,0.000000
259791,0.005617,0.449438,-0.041411,-0.016952,-0.034231,-0.000297,-0.999270,0.000000,0.000000
259795,0.005626,0.449433,-0.041410,-0.017085,-0.034185,-0.000427,-0.999269,0.000000,-0.000343
259798,0.005626,0.449438,-0.041397,-0.016943,-0.034253,-0.000272,-0.999270,0.000000,0.000000
259802,0.005632,0.449438,-0.041381,-0.017017,-0.034236,-0.000278,-0.999269,0.000000,-0.000343
259806,0.005632,0.449440,-0.041373,-0.017020,-0.034172,-0.000250,-0.999271,0.000000,-0.000343
259809,0.005628,0.449436,-0.041371,-0.016937,-0.034201,-0.000337,-0.999271,0.000000,-0.000343
259813,0.005628,0.449438,-0.041368,-0.017104,-0.034199,-0.000190,-0.999269,0.000000,-0.000343
259816,0.005622,0.449440,-0.041376,-0.016993,-0.034197,-0.000292,-0.999271,0.000000,0.000000
259820,0.005616,0.449439,-0.041385,-0.017036,-0.034228,-0.000259,-0.999269,0.000000,-0.000343
259823,0.005609,0.449440,-0.041391,-0.016971,-0.034250,-0.000316,-0.999269,0.000000,-0.000343
259827,0.005602,0.449442,-0.041397,-0.017027,-0.034185,-0.000256,-0.999270,0.000000,-0.000343
259830,0.005596,0.449440,-0.041401,-0.016884,-0.034235,-0.000337,-0.999271,0.000000,-0.000343
259834,0.005600,0.449439,-0.041394,-0.017056,-0.034183,-0.000222,-0.999270,0.000000,0.000000
259838,0.005606,0.449439,-0.041387,-0.017006,-0.034197,-0.000272,-0.999270,0.000000,0.000000
259841,0.005613,0.449439,-0.041382,-0.017036,-0.034194,-0.000251,-0.999270,0.000000,-0.000343
259845,0.005619,0.449440,-0.041376,-0.017098,-0.034185,-0.000209,-0.999269,0.000000,-0.000343
259848,0.005621,0.449439,-0.041376,-0.017096,-0.034176,-0.000207,-0.999270,0.000000,-0.000343
259852,0.005617,0.449440,-0.041384,-0.017054,-0.034154,-0.000238,-0.999271,0.000000,-0.000343
259855,0.005613,0.449438,-0.041390,-0.017057,-0.034172,-0.000239,-0.999270,0.000000,-0.000343
259859,0.005607,0.449441,-0.041398,-0.017020,-0.034186,-0.000228,-0.999271,0.000000,-0.000343
259862,0.005602,0.449441,-0.041404,-0.016941,-0.034235,-0.000256,-0.999270,0.000000,-0.000343
259866,0.005600,0.449439,-0.041405,-0.017056,-0.034217,-0.000260,-0.999269,0.000000,-0.000343
259870,0.005596,0.449440,-0.041409,-0.016904,-0.034227,-0.000337,-0.999271,0.000000,-0.000343
259873,0.005599,0.449441,-0.041402,-0.016972,-0.034227,-0.000267,-0.999270,0.000000,-0.000343
259877,0.005601,0.449437,-0.041392,-0.016997,-0.034191,-0.000300,-0.999271,0.000000,-0.000343
259880,0.005607,0.449440,-0.041382,-0.017062,-0.034171,-0.000247,-0.999270,0.000000,0.028839
259884,0.005608,0.449437,-0.041375,-0.016994,-0.034222,-0.000305,-0.999270,0.000000,1.220169
259887,0.005615,0.449439,-0.041374,-0.017096,-0.034205,-0.000230,-0.999269,0.000000,4.050522
259891,0.005596,0.449435,-0.041380,-0.016986,-0.034188,-0.000411,-0.999271,0.000000,8.450546
259894,0.005590,0.449437,-0.041386,-0.017143,-0.034126,-0.000252,-0.999270,0.000000,13.225479
259898,0.005614,0.449453,-0.041391,-0.017341,-0.034253,0.000352,-0.999263,0.000000,19.099045
259902,0.005653,0.449462,-0.041369,-0.017843,-0.034208,0.001303,-0.999255,0.000000,23.613052
259905,0.005676,0.449469,-0.041369,-0.017850,-0.034206,0.001545,-0.999254,0.000000,26.898994
259909,0.005664,0.449469,-0.041376,-0.018054,-0.034191,0.001729,-0.999251,0.000000,29.068451
259912,0.005691,0.449472,-0.041364,-0.018077,-0.034222,0.001880,-0.999249,0.000000,30.611687
259916,0.005686,0.449473,-0.041356,-0.018100,-0.034222,0.001924,-0.999249,0.000000,32.076988
259919,0.005689,0.449471,-0.041345,-0.018174,-0.034208,0.001954,-0.999248,0.000000,34.015045
259923,0.005696,0.449470,-0.041327,-0.018229,-0.034238,0.002119,-0.999245,0.000000,36.881104
259926,0.005686,0.449470,-0.041331,-0.018143,-0.034242,0.002056,-0.999247,-0.000343,41.232719
259930,0.005702,0.449473,-0.041329,-0.018342,-0.034155,0.002333,-0.999246,0.000000,47.259407
259933,0.005714,0.449479,-0.041337,-0.018347,-0.034168,0.002467,-0.999245,-0.000343,53.548050
259937,0.005732,0.449491,-0.041363,-0.018449,-0.033986,0.002957,-0.999248,0.000000,59.827423
259940,0.005764,0.449500,-0.041365,-0.018719,-0.033890,0.003598,-0.999244,0.000000,66.068344
259944,0.005844,0.449527,-0.041346,-0.019395,-0.033911,0.005327,-0.999223,0.000000,72.295189
259948,0.005967,0.449557,-0.041309,-0.020235,-0.033904,0.007621,-0.999191,-0.000343,78.439636
259951,0.006086,0.449585,-0.041259,-0.021203,-0.033954,0.009828,-0.999150,0.000000,83.975372
259955,0.006304,0.449632,-0.041169,-0.023035,-0.034002,0.013819,-0.999061,0.000000,90.359459
259958,0.006528,0.449664,-0.041068,-0.024805,-0.034129,0.017435,-0.998957,0.000000,93.335037
259962,0.006704,0.449679,-0.040978,-0.026153,-0.034116,0.020163,-0.998872,-0.000343,92.922020
259966,0.006707,0.449680,-0.040964,-0.026213,-0.034117,0.020297,-0.998868,0.000000,89.678307
259969,0.006724,0.449674,-0.040932,-0.026408,-0.033997,0.020526,-0.998862,0.000000,85.056152
259972,0.006699,0.449666,-0.040905,-0.026573,-0.033956,0.020488,-0.998860,0.000000,81.187592
259976,0.006658,0.449673,-0.040931,-0.026447,-0.033948,0.020424,-0.998865,0.000000,79.498787
259980,0.006661,0.449667,-0.040923,-0.026585,-0.033992,0.020464,-0.998859,0.000000,80.528755
259983,0.006654,0.449673,-0.040946,-0.026527,-0.034022,0.020444,-0.998860,0.000000,83.631706
259987,0.006689,0.449684,-0.040989,-0.026313,-0.034034,0.020555,-0.998863,0.000000,87.578545
259990,0.006712,0.449691,-0.040999,-0.026334,-0.034081,0.020686,-0.998858,0.000000,90.840797
259993,0.006721,0.449693,-0.041003,-0.026373,-0.034077,0.020769,-0.998855,-0.000343,92.389526
259993,0.006721,0.449693,-0.041003,-0.026373,-0.034077,0.020769,-0.998855,-0.000343,92.025261
259993,0.006721,0.449693,-0.041003,-0.026373,-0.034077,0.020769,-0.998855,0.000000,90.092697
259993,0.006721,0.449693,-0.041003,-0.026373,-0.034077,0.020769,-0.998855,0.000000,87.618713
259993,0.006721,0.449693,-0.041003,-0.026373,-0.034077,0.020769,-0.998855,-0.000343,85.683403
259993,0.006721,0.449693,-0.041003,-0.026373,-0.034077,0.020769,-0.998855,0.000000,85.059929
259993,0.006721,0.449693,-0.041003,-0.026373,-0.034077,0.020769,-0.998855,0.000000,85.698509
259993,0.006721,0.449693,-0.041003,-0.026373,-0.034077,0.020769,-0.998855,0.000000,87.769775
259993,0.006721,0.449693,-0.041003,-0.026373,-0.034077,0.020769,-0.998855,0.000000,90.079994
259993,0.006721,0.449693,-0.041003,-0.026373,-0.034077,0.020769,-0.998855,0.000000,91.973763
259993,0.006721,0.449693,-0.041003,-0.026373,-0.034077,0.020769,-0.998855,0.000000,92.878418
259993,0.006721,0.449693,-0.041003,-0.026373,-0.034077,0.020769,-0.998855,-0.000343,92.773705
259993,0.006721,0.449693,-0.041003,-0.026373,-0.034077,0.020769,-0.998855,0.000000,91.807938
259993,0.006721,0.449693,-0.041003,-0.026373,-0.034077,0.020769,-0.998855,0.000000,90.548286
259993,0.006721,0.449693,-0.041003,-0.026373,-0.034077,0.020769,-0.998855,-0.000343,89.624748
259993,0.006721,0.449693,-0.041003,-0.026373,-0.034077,0.020769,-0.998855,-0.000343,89.436607
259993,0.006721,0.449693,-0.041003,-0.026373,-0.034077,0.020769,-0.998855,-0.000343,90.000000
259993,0.006721,0.449693,-0.041003,-0.026373,-0.034077,0.020769,-0.998855,0.000000,91.203346
259993,0.006721,0.449693,-0.041003,-0.026373,-0.034077,0.020769,-0.998855,0.000000,92.627449
259993,0.006721,0.449693,-0.041003,-0.026373,-0.034077,0.020769,-0.998855,-0.000343,93.807106
259993,0.006721,0.449693,-0.041003,-0.026373,-0.034077,0.020769,-0.998855,-0.000343,94.457016
259993,0.006721,0.449693,-0.041003,-0.026373,-0.034077,0.020769,-0.998855,0.000000,94.536667
259993,0.006721,0.449693,-0.041003,-0.026373,-0.034077,0.020769,-0.998855,-0.000343,94.159355
259993,0.006721,0.449693,-0.041003,-0.026373,-0.034077,0.020769,-0.998855,-0.000343,93.606949
259993,0.006721,0.449693,-0.041003,-0.026373,-0.034077,0.020769,-0.998855,0.000000,93.217964
259993,0.006721,0.449693,-0.041003,-0.026373,-0.034077,0.020769,-0.998855,0.000000,93.174019
259993,0.006721,0.449693,-0.041003,-0.026373,-0.034077,0.020769,-0.998855,0.000000,93.575706
259993,0.006721,0.449693,-0.041003,-0.026373,-0.034077,0.020769,-0.998855,-0.000343,94.344406
259993,0.006721,0.449693,-0.041003,-0.026373,-0.034077,0.020769,-0.998855,0.000000,95.288887
259993,0.006721,0.449693,-0.041003,-0.026373,-0.034077,0.020769,-0.998855,0.000000,96.133461
260100,0.006966,0.449726,-0.040870,-0.028647,-0.033932,0.025329,-0.998692,0.000000,96.691017
260104,0.006992,0.449733,-0.040853,-0.028815,-0.034006,0.025837,-0.998672,0.000000,96.884995
260107,0.006997,0.449733,-0.040840,-0.028935,-0.034027,0.026056,-0.998662,0.000000,96.873665
260111,0.006999,0.449733,-0.040833,-0.029056,-0.034013,0.026221,-0.998655,0.000000,96.709557
260115,0.007005,0.449733,-0.040831,-0.029099,-0.033974,0.026324,-0.998652,-0.000343,96.602097
260118,0.007013,0.449736,-0.040830,-0.029098,-0.034008,0.026410,-0.998649,0.000000,96.624413
260121,0.007027,0.449738,-0.040830,-0.029195,-0.034011,0.026528,-0.998643,0.000000,96.905594
260125,0.007036,0.449736,-0.040833,-0.029237,-0.034000,0.026619,-0.998639,0.000000,97.451134
260129,0.007042,0.449740,-0.040841,-0.029205,-0.034000,0.026726,-0.998638,-0.000343,98.129883
260132,0.007047,0.449740,-0.040835,-0.029317,-0.034003,0.026902,-0.998629,0.000000,98.782539
260136,0.007064,0.449746,-0.040829,-0.029469,-0.034052,0.027237,-0.998614,-0.000343,99.279327
260139,0.007081,0.449749,-0.040822,-0.029569,-0.034047,0.027510,-0.998604,-0.000343,99.568405
260143,0.007103,0.449749,-0.040814,-0.029800,-0.034000,0.027848,-0.998589,-0.000343,99.686165
260146,0.007115,0.449753,-0.040806,-0.029839,-0.034033,0.028025,-0.998582,-0.000343,99.716721
260150,0.007122,0.449754,-0.040802,-0.029830,-0.034009,0.028069,-0.998582,0.000000,99.760323
260154,0.007126,0.449753,-0.040793,-0.030013,-0.034035,0.028300,-0.998569,-0.000343,99.926147
260157,0.007124,0.449755,-0.040789,-0.029986,-0.034068,0.028351,-0.998567,-0.000343,100.250587
260161,0.007124,0.449755,-0.040789,-0.030042,-0.034049,0.028434,-0.998564,0.000000,100.712700
260164,0.007131,0.449756,-0.040788,-0.030113,-0.034070,0.028583,-0.998557,-0.000343,101.223221
260168,0.007151,0.449761,-0.040786,-0.030123,-0.034060,0.028862,-0.998549,-0.000343,101.718292
260171,0.007168,0.449765,-0.040787,-0.030178,-0.034058,0.029037,-0.998542,-0.000343,102.136459
260175,0.007194,0.449767,-0.040778,-0.030440,-0.034048,0.029418,-0.998523,-0.000343,102.409401
260178,0.007208,0.449769,-0.040773,-0.030519,-0.034040,0.029635,-0.998515,-0.000343,102.606468
260182,0.007221,0.449772,-0.040763,-0.030588,-0.034057,0.029855,-0.998506,-0.000343,102.740364
260185,0.007225,0.449771,-0.040756,-0.030710,-0.034023,0.030070,-0.998496,0.000000,102.885246
260189,0.007238,0.449772,-0.040743,-0.030871,-0.034038,0.030393,-0.998481,0.000000,103.149605
260193,0.007257,0.449776,-0.040736,-0.030993,-0.033994,0.030710,-0.998469,-0.000343,103.508034
260196,0.007278,0.449780,-0.040730,-0.031211,-0.034003,0.031046,-0.998452,0.000000,103.885345
260200,0.007308,0.449784,-0.040715,-0.031375,-0.034059,0.031513,-0.998430,0.000000,104.366684
260203,0.007327,0.449788,-0.040707,-0.031540,-0.033991,0.031913,-0.998415,0.000000,104.767685
260207,0.007357,0.449791,-0.040690,-0.031898,-0.033986,0.032499,-0.998384,-0.000343,105.119591
260211,0.007383,0.449796,-0.040676,-0.032092,-0.033984,0.033072,-0.998359,0.000000,105.406609
260214,0.007404,0.449799,-0.040665,-0.032307,-0.033979,0.033500,-0.998338,0.000000,105.624275
260218,0.007435,0.449804,-0.040650,-0.032546,-0.034010,0.034075,-0.998310,-0.000343,105.875587
260221,0.007456,0.449809,-0.040644,-0.032628,-0.034026,0.034417,-0.998295,-0.000343,106.126900
260224,0.007473,0.449809,-0.040640,-0.032771,-0.034011,0.034740,-0.998280,0.000000,106.409454
260228,0.007509,0.449815,-0.040628,-0.033090,-0.033969,0.035298,-0.998251,-0.000343,106.748657
260232,0.007575,0.449825,-0.040595,-0.033752,-0.033963,0.036711,-0.998178,-0.000343,107.140732
260235,0.007665,0.449839,-0.040561,-0.034362,-0.033981,0.038212,-0.998100,0.000000,107.538643
260239,0.007729,0.449846,-0.040528,-0.034968,-0.034009,0.039409,-0.998032,0.000000,107.905655
260242,0.007759,0.449854,-0.040516,-0.035169,-0.033993,0.039958,-0.998004,0.000000,108.223915
260246,0.007793,0.449856,-0.040500,-0.035376,-0.034003,0.040437,-0.997977,-0.000343,108.508186
260249,0.007807,0.449859,-0.040489,-0.035558,-0.033964,0.040794,-0.997957,-0.000343,108.771858
260253,0.007830,0.449861,-0.040475,-0.035750,-0.034073,0.041213,-0.997929,-0.000343,109.038620
260257,0.007849,0.449863,-0.040464,-0.035939,-0.034054,0.041515,-0.997910,0.000000,109.332504
260260,0.007863,0.449868,-0.040462,-0.036044,-0.034046,0.041789,-0.997896,0.000000,109.631882
260264,0.007884,0.449872,-0.040457,-0.036225,-0.034057,0.042217,-0.997871,0.000000,109.987907
260267,0.007904,0.449878,-0.040457,-0.036342,-0.034043,0.042506,-0.997855,0.000000,110.354576
260271,0.007936,0.449879,-0.040443,-0.036688,-0.034036,0.043090,-0.997817,0.000000,110.724678
260274,0.007959,0.449884,-0.040441,-0.036795,-0.034044,0.043440,-0.997798,-0.000343,111.078644
260278,0.007983,0.449887,-0.040430,-0.036998,-0.034000,0.043828,-0.997775,-0.000343,111.395531
260281,0.008003,0.449889,-0.040421,-0.037216,-0.033997,0.044249,-0.997748,0.000000,111.694908
260285,0.008028,0.449893,-0.040405,-0.037452,-0.034037,0.044802,-0.997713,0.000000,111.993599
260288,0.008039,0.449894,-0.040398,-0.037582,-0.034019,0.045061,-0.997697,0.000000,112.289200
260292,0.008064,0.449896,-0.040386,-0.037829,-0.033974,0.045511,-0.997669,-0.000343,112.600937
260295,0.008087,0.449899,-0.040378,-0.037985,-0.034016,0.045892,-0.997644,0.000000,112.910957
260299,0.008118,0.449904,-0.040368,-0.038154,-0.033981,0.046325,-0.997619,-0.000343,113.244324
260302,0.008146,0.449908,-0.040360,-0.038350,-0.033970,0.046788,-0.997590,-0.000343,113.587646
260306,0.008192,0.449911,-0.040341,-0.038791,-0.034019,0.047611,-0.997533,0.000000,113.939552
260310,0.008236,0.449917,-0.040321,-0.039134,-0.033932,0.048430,-0.997483,-0.000343,114.287682
260313,0.008271,0.449917,-0.040300,-0.039433,-0.033952,0.049055,-0.997440,0.000000,114.615898
260317,0.008306,0.449923,-0.040279,-0.039709,-0.033983,0.049753,-0.997393,0.000000,114.938965
260320,0.008332,0.449925,-0.040266,-0.039885,-0.033952,0.050157,-0.997367,0.000000,115.231819
260324,0.008363,0.449927,-0.040246,-0.040236,-0.033946,0.050715,-0.997325,0.000000,115.533257
260328,0.008385,0.449931,-0.040239,-0.040372,-0.033978,0.051107,-0.997298,0.000000,115.836067
260331,0.008400,0.449933,-0.040234,-0.040518,-0.033942,0.051373,-0.997280,0.000000,116.170464
260335,0.008417,0.449936,-0.040229,-0.040702,-0.033973,0.051787,-0.997250,-0.000343,116.507263
260338,0.008429,0.449938,-0.040228,-0.040820,-0.033952,0.052044,-0.997232,-0.000343,116.827583
260342,0.008448,0.449942,-0.040229,-0.040892,-0.033947,0.052338,-0.997214,-0.000343,117.203522
260345,0.008470,0.449945,-0.040222,-0.041046,-0.033950,0.052647,-0.997192,0.000000,117.544785
260349,0.008500,0.449948,-0.040212,-0.041184,-0.033985,0.053044,-0.997164,-0.000343,117.859612
260353,0.008527,0.449945,-0.040196,-0.041404,-0.034020,0.053439,-0.997132,-0.000343,118.179245
260356,0.008546,0.449949,-0.040183,-0.041581,-0.034003,0.053741,-0.997109,0.000000,118.464546
260359,0.008560,0.449952,-0.040170,-0.041669,-0.033990,0.053994,-0.997092,-0.000343,118.818169
260363,0.008570,0.449952,-0.040160,-0.041682,-0.033996,0.054189,-0.997081,0.000000,119.134026
260367,0.008585,0.449955,-0.040151,-0.041930,-0.034034,0.054561,-0.997049,-0.000343,119.449539
260370,0.008594,0.449958,-0.040152,-0.041975,-0.034011,0.054701,-0.997040,0.000000,119.788399
260374,0.008607,0.449958,-0.040153,-0.042072,-0.034065,0.054980,-0.997019,-0.000343,120.125885
260377,0.008615,0.449960,-0.040158,-0.042157,-0.034056,0.055185,-0.997004,0.000000,120.468521
260381,0.008627,0.449963,-0.040160,-0.042228,-0.034047,0.055484,-0.996985,0.000000,120.789871
260384,0.008635,0.449964,-0.040159,-0.042321,-0.034021,0.055677,-0.996971,-0.000343,121.083755
260388,0.008653,0.449967,-0.040151,-0.042569,-0.034019,0.056121,-0.996936,0.000000,121.440125
260391,0.008667,0.449967,-0.040142,-0.042652,-0.034032,0.056329,-0.996920,-0.000343,121.774521
260395,0.008693,0.449973,-0.040129,-0.042826,-0.034037,0.056762,-0.996888,0.000000,122.097588
260398,0.008719,0.449972,-0.040116,-0.043027,-0.034020,0.057146,-0.996858,-0.000343,122.429237
260402,0.008759,0.449977,-0.040100,-0.043344,-0.034048,0.057852,-0.996803,0.000000,122.725525
260405,0.008788,0.449979,-0.040088,-0.043517,-0.034051,0.058325,-0.996767,0.000000,123.086014
260409,0.008824,0.449980,-0.040074,-0.043826,-0.034025,0.058926,-0.996719,0.000000,123.407364
260413,0.008853,0.449988,-0.040064,-0.044084,-0.034022,0.059604,-0.996668,0.000000,123.728027
260416,0.008875,0.449989,-0.040052,-0.044275,-0.034023,0.060018,-0.996634,-0.000343,124.058304
260420,0.008901,0.449989,-0.040038,-0.044609,-0.034047,0.060619,-0.996582,0.000000,124.406433
260423,0.008924,0.449995,-0.040027,-0.044743,-0.034014,0.061008,-0.996554,-0.000343,124.725380
260427,0.008951,0.449997,-0.040012,-0.044862,-0.034131,0.061496,-0.996514,0.000000,125.088615
260430,0.008973,0.450001,-0.040000,-0.045037,-0.034117,0.061804,-0.996488,-0.000343,125.407562
260434,0.009004,0.450004,-0.039981,-0.045322,-0.034114,0.062427,-0.996436,-0.000343,125.677071
260438,0.009037,0.450006,-0.039964,-0.045591,-0.034109,0.062898,-0.996395,-0.000343,125.903320
260441,0.009059,0.450007,-0.039951,-0.045815,-0.034074,0.063343,-0.996357,-0.000343,126.154633
260445,0.009084,0.450009,-0.039941,-0.045945,-0.034117,0.063683,-0.996328,0.000000,126.344147
260448,0.009101,0.450011,-0.039939,-0.046037,-0.034107,0.063918,-0.996309,0.000000,126.523705
260452,0.009123,0.450012,-0.039935,-0.046327,-0.034042,0.064296,-0.996274,-0.000343,126.689529
260455,0.009135,0.450015,-0.039931,-0.046439,-0.034078,0.064581,-0.996249,0.000000,126.819992
260459,0.009148,0.450016,-0.039930,-0.046455,-0.034052,0.064775,-0.996236,-0.000343,126.916466
260462,0.009157,0.450015,-0.039926,-0.046599,-0.034042,0.064969,-0.996217,-0.000343,127.060661
260466,0.009167,0.450021,-0.039921,-0.046652,-0.034100,0.065173,-0.996199,-0.000343,127.226486
260470,0.009172,0.450017,-0.039913,-0.046814,-0.034065,0.065368,-0.996180,0.000000,127.419777
260473,0.009179,0.450018,-0.039905,-0.046900,-0.034051,0.065543,-0.996165,-0.000343,127.615814
260476,0.009191,0.450019,-0.039899,-0.047030,-0.034086,0.065761,-0.996144,-0.000343,127.815285
260480,0.009201,0.450020,-0.039897,-0.047029,-0.034040,0.065915,-0.996135,-0.000343,128.011665
260484,0.009220,0.450021,-0.039890,-0.047182,-0.034075,0.066231,-0.996106,0.000000,128.190193
260487,0.009234,0.450023,-0.039886,-0.047302,-0.034060,0.066439,-0.996087,-0.000343,128.338509
260491,0.009253,0.450024,-0.039879,-0.047345,-0.034096,0.066645,-0.996069,-0.000343,128.497810
260494,0.009266,0.450023,-0.039875,-0.047518,-0.034085,0.066846,-0.996048,0.000000,128.641663
260498,0.009278,0.450022,-0.039869,-0.047552,-0.034089,0.067053,-0.996033,0.000000,128.774529
260502,0.009292,0.450025,-0.039859,-0.047696,-0.034061,0.067330,-0.996008,0.000000,128.932114
260505,0.009301,0.450026,-0.039854,-0.047786,-0.034045,0.067460,-0.995995,0.000000,129.090729
260508,0.009308,0.450026,-0.039850,-0.047853,-0.034061,0.067655,-0.995978,-0.000343,129.300156
260512,0.009318,0.450027,-0.039846,-0.047885,-0.034038,0.067788,-0.995969,-0.000343,129.493103
260516,0.009330,0.450028,-0.039843,-0.048126,-0.034035,0.068187,-0.995930,-0.000343,129.659271
260519,0.009342,0.450029,-0.039842,-0.048145,-0.034049,0.068332,-0.995918,-0.000343,129.854279
260523,0.009361,0.450034,-0.039839,-0.048276,-0.034025,0.068665,-0.995890,0.000000,130.011864
260526,0.009376,0.450034,-0.039835,-0.048396,-0.034016,0.068910,-0.995868,-0.000343,130.157433
260530,0.009398,0.450038,-0.039829,-0.048542,-0.034006,0.069292,-0.995834,0.000000,130.302658
260533,0.009410,0.450037,-0.039825,-0.048565,-0.033998,0.069446,-0.995823,0.000000,130.453377
260537,0.009429,0.450038,-0.039810,-0.048834,-0.033986,0.069774,-0.995787,-0.000343,130.608902
260541,0.009440,0.450039,-0.039802,-0.048855,-0.033995,0.069936,-0.995774,0.000000,130.785027
260544,0.009450,0.450040,-0.039795,-0.048941,-0.033990,0.070138,-0.995756,0.000000,130.972481
260548,0.009460,0.450038,-0.039787,-0.049117,-0.034004,0.070454,-0.995725,0.000000,131.165428
260551,0.009470,0.450040,-0.039785,-0.049165,-0.033994,0.070643,-0.995709,0.000000,131.340866
260555,0.009484,0.450043,-0.039781,-0.049275,-0.033975,0.070914,-0.995685,-0.000343,131.511154
260558,0.009499,0.450042,-0.039779,-0.049399,-0.033971,0.071154,-0.995662,-0.000343,131.662903
260562,0.009516,0.450046,-0.039775,-0.049473,-0.033981,0.071361,-0.995643,-0.000343,131.810188
260565,0.009527,0.450047,-0.039771,-0.049540,-0.033989,0.071556,-0.995626,0.000000,131.953697
260569,0.009542,0.450049,-0.039762,-0.049730,-0.033976,0.071857,-0.995595,0.000000,132.111626
260572,0.009554,0.450051,-0.039756,-0.049839,-0.033978,0.072044,-0.995576,-0.000343,132.281914
260576,0.009565,0.450052,-0.039749,-0.049852,-0.033973,0.072203,-0.995564,-0.000343,132.456322
260580,0.009580,0.450054,-0.039742,-0.050008,-0.033970,0.072471,-0.995537,0.000000,132.623863
260583,0.009590,0.450054,-0.039739,-0.050065,-0.033996,0.072638,-0.995521,-0.000343,132.789001
260587,0.009606,0.450054,-0.039735,-0.050166,-0.034008,0.072849,-0.995500,-0.000343,132.980576
260590,0.009619,0.450053,-0.039731,-0.050346,-0.033979,0.073122,-0.995472,0.000000,133.135414
260594,0.009634,0.450056,-0.039725,-0.050385,-0.034026,0.073368,-0.995450,0.000000,133.287163
260597,0.009647,0.450056,-0.039720,-0.050522,-0.034000,0.073633,-0.995424,0.000000,133.426895
260601,0.009664,0.450057,-0.039707,-0.050764,-0.033955,0.074004,-0.995386,-0.000343,133.610916
260604,0.009676,0.450057,-0.039699,-0.050880,-0.033959,0.074269,-0.995360,-0.000343,133.778458
260608,0.009690,0.450057,-0.039690,-0.050930,-0.033939,0.074456,-0.995345,-0.000343,133.945999
260611,0.009706,0.450058,-0.039681,-0.051110,-0.033937,0.074756,-0.995313,0.000000,134.109077
260615,0.009726,0.450058,-0.039670,-0.051297,-0.033935,0.075072,-0.995279,-0.000343,134.277306
260619,0.009747,0.450058,-0.039660,-0.051484,-0.033936,0.075431,-0.995243,-0.000343,134.429054
260622,0.009762,0.450062,-0.039650,-0.051560,-0.033967,0.075803,-0.995209,0.000000,134.581833
260626,0.009781,0.450066,-0.039643,-0.051736,-0.033942,0.076269,-0.995166,0.000000,134.734955
260629,0.009798,0.450068,-0.039640,-0.051822,-0.033937,0.076550,-0.995140,0.000000,134.882240
260633,0.009826,0.450068,-0.039630,-0.052163,-0.033934,0.077056,-0.995083,0.000000,135.068321
260636,0.009840,0.450069,-0.039626,-0.052264,-0.033918,0.077330,-0.995057,0.000000,135.238609
260640,0.009861,0.450068,-0.039615,-0.052412,-0.033952,0.077606,-0.995026,0.000000,135.403404
260643,0.009873,0.450069,-0.039608,-0.052521,-0.033931,0.077862,-0.995001,0.000000,135.565453
260647,0.009889,0.450068,-0.039597,-0.052659,-0.033971,0.078233,-0.994964,0.000000,135.720978
260651,0.009903,0.450064,-0.039589,-0.052855,-0.033897,0.078460,-0.994938,0.000000,135.857964
260654,0.009917,0.450070,-0.039581,-0.052930,-0.033903,0.078726,-0.994913,0.000000,136.021042
260658,0.009929,0.450071,-0.039576,-0.052925,-0.033970,0.078959,-0.994892,0.000000,136.175194
260661,0.009940,0.450071,-0.039574,-0.052996,-0.033924,0.079081,-0.994880,0.000000,136.334496
260665,0.009955,0.450071,-0.039570,-0.053212,-0.033946,0.079383,-0.994844,0.000000,136.506844
260668,0.009967,0.450069,-0.039569,-0.053314,-0.033976,0.079488,-0.994829,0.000000,136.676102
260672,0.009977,0.450073,-0.039565,-0.053286,-0.033960,0.079760,-0.994809,-0.000343,136.841927
260676,0.009991,0.450070,-0.039561,-0.053439,-0.033989,0.079990,-0.994782,0.000000,136.998482
260679,0.010001,0.450076,-0.039556,-0.053472,-0.034012,0.080235,-0.994759,0.000000,137.158470
260682,0.010011,0.450076,-0.039551,-0.053537,-0.034018,0.080372,-0.994745,0.000000,137.294083
260686,0.010025,0.450076,-0.039541,-0.053696,-0.034063,0.080654,-0.994712,0.000000,137.454414
260690,0.010036,0.450072,-0.039539,-0.053761,-0.034040,0.080748,-0.994701,-0.000343,137.594147
260693,0.010048,0.450076,-0.039531,-0.053795,-0.034057,0.080991,-0.994679,0.000000,137.748985
260697,0.010060,0.450073,-0.039528,-0.054012,-0.034041,0.081209,-0.994650,0.000000,137.910690
260700,0.010071,0.450079,-0.039524,-0.054049,-0.034041,0.081452,-0.994628,0.000000,138.080635
260704,0.010082,0.450076,-0.039519,-0.054064,-0.034050,0.081620,-0.994613,-0.000343,138.242683
260707,0.010095,0.450075,-0.039517,-0.054238,-0.034019,0.081841,-0.994587,0.000000,138.409882
260711,0.010111,0.450076,-0.039511,-0.054287,-0.034069,0.082047,-0.994566,0.000000,138.575363
260714,0.010122,0.450080,-0.039507,-0.054321,-0.034066,0.082311,-0.994542,0.000000,138.727112
260718,0.010137,0.450077,-0.039501,-0.054507,-0.034047,0.082512,-0.994516,0.000000,138.863754
260722,0.010148,0.450081,-0.039496,-0.054479,-0.034042,0.082766,-0.994496,0.000000,139.005547
260725,0.010155,0.450083,-0.039491,-0.054558,-0.034043,0.082902,-0.994481,0.000000,139.154205
260729,0.010169,0.450084,-0.039481,-0.054794,-0.034055,0.083196,-0.994443,0.000000,139.309044
260732,0.010177,0.450080,-0.039481,-0.054849,-0.034041,0.083274,-0.994434,0.000000,139.464912
260736,0.010187,0.450084,-0.039475,-0.054882,-0.034054,0.083462,-0.994416,0.000000,139.631424
260739,0.010195,0.450084,-0.039472,-0.054984,-0.034055,0.083622,-0.994397,0.000000,139.799995
260743,0.010207,0.450082,-0.039473,-0.055093,-0.034036,0.083836,-0.994373,0.000000,139.954147
260746,0.010214,0.450086,-0.039465,-0.055138,-0.034051,0.083979,-0.994358,0.000000,140.095253
260750,0.010228,0.450086,-0.039459,-0.055302,-0.034051,0.084271,-0.994324,0.000000,140.241852
260753,0.010239,0.450088,-0.039455,-0.055364,-0.034073,0.084425,-0.994307,0.000000,140.382957
260757,0.010247,0.450088,-0.039452,-0.055379,-0.034075,0.084559,-0.994295,0.000000,140.538139
260761,0.010261,0.450087,-0.039445,-0.055589,-0.034083,0.084892,-0.994254,0.000343,140.675125
260764,0.010270,0.450087,-0.039442,-0.055635,-0.034085,0.085002,-0.994242,0.000000,140.845413
260768,0.010284,0.450088,-0.039435,-0.055689,-0.034092,0.085201,-0.994222,0.000000,141.005058
260771,0.010295,0.450087,-0.039433,-0.055860,-0.034070,0.085333,-0.994202,0.000000,141.166420
260775,0.010307,0.450089,-0.039427,-0.055891,-0.034096,0.085571,-0.994179,0.000000,141.320572
260778,0.010316,0.450091,-0.039423,-0.055929,-0.034095,0.085753,-0.994161,-0.000343,141.448288
260782,0.010332,0.450090,-0.039415,-0.056203,-0.034070,0.086076,-0.994118,0.000000,141.599693
260786,0.010345,0.450089,-0.039410,-0.056209,-0.034134,0.086214,-0.994104,0.000000,141.742516
260789,0.010357,0.450091,-0.039402,-0.056332,-0.034098,0.086409,-0.994081,0.000000,141.865082
260792,0.010367,0.450091,-0.039393,-0.056416,-0.034130,0.086632,-0.994056,0.000000,142.034683
260796,0.010382,0.450093,-0.039382,-0.056542,-0.034163,0.086993,-0.994016,0.000000,142.192955
260800,0.010398,0.450091,-0.039376,-0.056678,-0.034131,0.087208,-0.993991,0.000000,142.355003
260803,0.010412,0.450091,-0.039371,-0.056843,-0.034099,0.087515,-0.993955,0.000000,142.509842
260807,0.010438,0.450095,-0.039361,-0.056842,-0.034303,0.087836,-0.993920,0.000000,142.643051
260810,0.010441,0.450093,-0.039367,-0.057048,-0.034099,0.088038,-0.993897,0.000000,142.799263
260814,0.010463,0.450094,-0.039355,-0.057160,-0.034257,0.088368,-0.993856,0.000000,142.940712
260818,0.010476,0.450097,-0.039356,-0.057151,-0.034267,0.088541,-0.993841,0.000000,143.075294
260821,0.010487,0.450095,-0.039351,-0.057243,-0.034231,0.088687,-0.993824,0.000000,143.203011
260825,0.010505,0.450098,-0.039340,-0.057390,-0.034262,0.088970,-0.993789,0.000000,143.353729
260828,0.010516,0.450099,-0.039332,-0.057415,-0.034265,0.089102,-0.993776,0.000000,143.508911
260831,0.010524,0.450098,-0.039322,-0.057521,-0.034272,0.089277,-0.993754,0.000000,143.669243
260835,0.010535,0.450093,-0.039313,-0.057641,-0.034281,0.089477,-0.993729,0.000000,143.825111
260839,0.010547,0.450093,-0.039307,-0.057730,-0.034270,0.089644,-0.993709,0.000000,143.972397
260842,0.010558,0.450094,-0.039303,-0.057775,-0.034291,0.089815,-0.993690,0.000000,144.115562
260846,0.010572,0.450095,-0.039302,-0.057900,-0.034296,0.090126,-0.993654,0.000000,144.258728
260850,0.010584,0.450096,-0.039303,-0.057923,-0.034296,0.090310,-0.993636,0.000000,144.391251
260853,0.010590,0.450097,-0.039303,-0.057978,-0.034297,0.090440,-0.993621,0.000000,144.519653
260856,0.010594,0.450097,-0.039302,-0.058122,-0.034234,0.090623,-0.993598,0.000000,144.651146
260860,0.010608,0.450096,-0.039296,-0.058210,-0.034317,0.090831,-0.993571,0.000000,144.802895
260864,0.010563,0.450092,-0.039321,-0.058743,-0.033174,0.091344,-0.993532,0.000000,144.941254
260867,0.010573,0.450090,-0.039312,-0.058836,-0.033204,0.091479,-0.993513,0.000000,145.106049
260871,0.010642,0.450096,-0.039274,-0.058455,-0.034295,0.091525,-0.993494,0.000000,145.253334
260874,0.010595,0.450093,-0.039299,-0.058913,-0.033192,0.091844,-0.993475,0.000000,145.406456
260878,0.010669,0.450097,-0.039258,-0.058782,-0.034259,0.091966,-0.993435,0.000000,145.552368
260882,0.010628,0.450092,-0.039283,-0.059187,-0.033236,0.092317,-0.993413,0.000000,145.680771
260885,0.010693,0.450098,-0.039251,-0.058869,-0.034287,0.092310,-0.993397,0.000000,145.794411
260888,0.010646,0.450092,-0.039280,-0.059371,-0.033223,0.092697,-0.993367,0.000000,145.937233
260892,0.010656,0.450092,-0.039280,-0.059493,-0.033206,0.093011,-0.993331,0.000000,146.075592
260895,0.010664,0.450093,-0.039280,-0.059492,-0.033257,0.093119,-0.993319,0.000000,146.221504
260899,0.010676,0.450093,-0.039276,-0.059703,-0.033197,0.093372,-0.993285,0.000000,146.377716
260903,0.010692,0.450094,-0.039271,-0.059712,-0.033315,0.093517,-0.993267,0.000000,146.512299
260906,0.010698,0.450093,-0.039270,-0.059764,-0.033257,0.093669,-0.993251,0.000000,146.675720
260910,0.010711,0.450093,-0.039261,-0.059962,-0.033280,0.093934,-0.993214,0.000000,146.811676
260913,0.010722,0.450093,-0.039255,-0.060020,-0.033306,0.094120,-0.993192,0.000000,146.928749
260917,0.010732,0.450093,-0.039247,-0.060035,-0.033259,0.094233,-0.993182,0.000000,147.070198
260920,0.010743,0.450092,-0.039242,-0.060148,-0.033273,0.094412,-0.993157,0.000000,147.198601
260924,0.010757,0.450093,-0.039233,-0.060215,-0.033320,0.094575,-0.993136,0.000000,147.326317
260927,0.010765,0.450096,-0.039231,-0.060267,-0.033324,0.094734,-0.993118,0.000000,147.456093
260931,0.010774,0.450094,-0.039226,-0.060417,-0.033298,0.094881,-0.993096,0.000000,147.599258
260935,0.010782,0.450096,-0.039229,-0.060376,-0.033356,0.095006,-0.993084,0.000343,147.734184
260938,0.010790,0.450097,-0.039230,-0.060440,-0.033335,0.095107,-0.993071,0.000000,147.901039
260942,0.010799,0.450096,-0.039231,-0.060553,-0.033341,0.095339,-0.993042,0.000000,148.043175
260945,0.010828,0.450097,-0.039214,-0.060474,-0.033765,0.095371,-0.993029,0.000000,148.177757
260949,0.010816,0.450097,-0.039226,-0.060583,-0.033360,0.095548,-0.993019,0.000343,148.312683
260953,0.010827,0.450098,-0.039218,-0.060797,-0.033339,0.095820,-0.992981,0.000000,148.441086
260956,0.010855,0.450099,-0.039198,-0.060651,-0.033808,0.095744,-0.992981,0.000000,148.554382
260959,0.010865,0.450097,-0.039191,-0.060704,-0.033792,0.095876,-0.992966,0.000000,148.695488
260963,0.010874,0.450096,-0.039181,-0.060875,-0.033785,0.096060,-0.992938,0.000000,148.821144
260966,0.010863,0.450098,-0.039188,-0.061121,-0.033353,0.096349,-0.992909,0.000000,148.958130
260970,0.010896,0.450100,-0.039172,-0.060897,-0.033793,0.096322,-0.992911,0.000000,149.095459
260974,0.010908,0.450097,-0.039167,-0.061176,-0.033769,0.096598,-0.992868,0.000000,149.241028
260977,0.010917,0.450099,-0.039167,-0.061163,-0.033806,0.096674,-0.992860,0.000000,149.378357
260981,0.010924,0.450101,-0.039167,-0.061236,-0.033790,0.096808,-0.992843,0.000343,149.506416
260984,0.010925,0.450100,-0.039166,-0.061283,-0.033759,0.096928,-0.992829,0.000343,149.642372
260988,0.010934,0.450102,-0.039165,-0.061340,-0.033818,0.097189,-0.992798,0.000000,149.777298
260992,0.010941,0.450102,-0.039163,-0.061486,-0.033746,0.097310,-0.992780,0.000000,149.907417
260995,0.010952,0.450103,-0.039160,-0.061548,-0.033761,0.097457,-0.992761,0.000000,150.028267
260999,0.010967,0.450104,-0.039154,-0.061568,-0.033822,0.097609,-0.992743,0.000343,150.152893
261002,0.010974,0.450104,-0.039151,-0.061614,-0.033781,0.097705,-0.992732,0.000000,150.267906
261006,0.010984,0.450101,-0.039141,-0.061814,-0.033789,0.097943,-0.992696,0.000000,150.419998
261009,0.010991,0.450104,-0.039135,-0.061859,-0.033813,0.098061,-0.992680,0.000000,150.564537
261013,0.011000,0.450104,-0.039131,-0.061890,-0.033774,0.098198,-0.992666,0.000343,150.699463
261016,0.011008,0.450101,-0.039123,-0.061997,-0.033801,0.098341,-0.992644,0.000000,150.835075
261020,0.011019,0.450102,-0.039121,-0.062024,-0.033775,0.098476,-0.992630,0.000343,150.965195
261023,0.011026,0.450103,-0.039118,-0.062095,-0.033809,0.098600,-0.992612,0.000000,151.092224
261027,0.011039,0.450103,-0.039115,-0.062286,-0.033793,0.098853,-0.992576,0.000000,151.219254
261030,0.011047,0.450107,-0.039114,-0.062362,-0.033764,0.098977,-0.992560,0.000000,151.323624
261034,0.011059,0.450108,-0.039113,-0.062350,-0.033788,0.099126,-0.992545,0.000343,151.456490
261038,0.011066,0.450106,-0.039113,-0.062471,-0.033785,0.099343,-0.992515,0.000343,151.584206
261041,0.011076,0.450108,-0.039110,-0.062535,-0.033800,0.099480,-0.992497,0.000000,151.718102
261044,0.011084,0.450108,-0.039107,-0.062529,-0.033812,0.099605,-0.992485,0.000000,151.857147
261048,0.011096,0.450109,-0.039098,-0.062664,-0.033759,0.099754,-0.992463,0.000343,151.994476
261051,0.011106,0.450108,-0.039091,-0.062747,-0.033776,0.099927,-0.992440,0.000000,152.128029
261055,0.011118,0.450110,-0.039084,-0.062739,-0.033816,0.100038,-0.992428,0.000343,152.255058
261059,0.011121,0.450105,-0.039076,-0.062896,-0.033825,0.100212,-0.992400,0.000343,152.375565
261063,0.011127,0.450108,-0.039071,-0.062867,-0.033846,0.100362,-0.992386,0.000343,152.492981
261066,0.011129,0.450107,-0.039073,-0.062912,-0.033817,0.100476,-0.992372,0.000343,152.606621
261069,0.011135,0.450106,-0.039073,-0.063047,-0.033807,0.100665,-0.992345,0.000343,152.726097
261073,0.011151,0.450110,-0.039075,-0.063122,-0.033815,0.100858,-0.992321,0.000343,152.834587
261077,0.011165,0.450107,-0.039078,-0.063181,-0.033852,0.100994,-0.992302,0.000343,152.977753
261080,0.011208,0.450120,-0.039062,-0.063003,-0.034368,0.101089,-0.992286,0.000000,153.108902
261084,0.011218,0.450117,-0.039056,-0.063015,-0.034375,0.101274,-0.992266,0.000343,153.251381
261087,0.011227,0.450118,-0.039049,-0.063066,-0.034407,0.101409,-0.992248,0.000000,153.390083
261091,0.011236,0.450115,-0.039034,-0.063303,-0.034334,0.101689,-0.992206,0.000000,153.521919
261094,0.011245,0.450114,-0.039024,-0.063370,-0.034375,0.101836,-0.992186,0.000000,153.642769
261098,0.011253,0.450113,-0.039017,-0.063402,-0.034362,0.101972,-0.992170,0.000000,153.753319
261101,0.011261,0.450113,-0.039014,-0.063531,-0.034368,0.102164,-0.992142,0.000000,153.864899
261105,0.011273,0.450115,-0.039011,-0.063608,-0.034441,0.102471,-0.992103,0.000000,153.977852
261109,0.011281,0.450113,-0.039013,-0.063712,-0.034376,0.102694,-0.992075,0.000000,154.093895
261112,0.011288,0.450113,-0.039014,-0.063787,-0.034388,0.102803,-0.992059,0.000000,154.219208
261116,0.011302,0.450113,-0.039013,-0.063813,-0.034420,0.103067,-0.992028,0.000000,154.355850
261119,0.011314,0.450112,-0.039016,-0.063838,-0.034438,0.103187,-0.992014,0.000343,154.471893
261123,0.011341,0.450111,-0.039009,-0.064087,-0.034421,0.103542,-0.991961,0.000343,154.621925
261126,0.011368,0.450113,-0.039002,-0.064118,-0.034476,0.103711,-0.991940,0.000343,154.751701
261130,0.011396,0.450111,-0.038991,-0.064199,-0.034451,0.103944,-0.991911,0.000343,154.873581
261133,0.011411,0.450108,-0.038976,-0.064294,-0.034481,0.104072,-0.991890,0.000000,154.988594
261137,0.011422,0.450109,-0.038955,-0.064480,-0.034463,0.104384,-0.991846,0.000000,155.093994
261141,0.011417,0.450106,-0.038938,-0.064535,-0.034451,0.104472,-0.991834,0.000343,155.205917
261144,0.011413,0.450105,-0.038928,-0.064696,-0.034435,0.104691,-0.991801,0.000000,155.322304
261148,0.011404,0.450105,-0.038931,-0.064691,-0.034505,0.104779,-0.991789,0.000343,155.447273
261151,0.011401,0.450106,-0.038938,-0.064763,-0.034466,0.104900,-0.991773,0.000343,155.573616
261155,0.011401,0.450108,-0.038956,-0.064860,-0.034450,0.105095,-0.991747,0.000343,155.698929
261158,0.011410,0.450111,-0.038973,-0.064903,-0.034434,0.105244,-0.991729,0.000000,155.831795
261162,0.011432,0.450116,-0.038989,-0.064801,-0.034467,0.105343,-0.991724,0.000000,155.958481
261165,0.011448,0.450115,-0.038994,-0.064899,-0.034422,0.105555,-0.991696,0.000343,156.081047
261169,0.011466,0.450114,-0.038984,-0.064996,-0.034458,0.105749,-0.991668,0.000343,156.192627
261172,0.011478,0.450109,-0.038965,-0.065085,-0.034458,0.105859,-0.991650,0.000343,156.317596
261176,0.011487,0.450108,-0.038931,-0.065268,-0.034446,0.106007,-0.991623,0.000000,156.428833
261180,0.011500,0.450108,-0.038905,-0.065327,-0.034502,0.106121,-0.991605,0.000343,156.537666
261183,0.011510,0.450108,-0.038894,-0.065404,-0.034467,0.106255,-0.991587,0.000343,156.662636
261187,0.011452,0.450107,-0.038928,-0.065926,-0.033210,0.106823,-0.991534,0.000343,156.782112
261190,0.011517,0.450109,-0.038907,-0.065527,-0.034475,0.106614,-0.991540,0.000343,156.909142
261194,0.011498,0.450112,-0.038931,-0.065496,-0.034482,0.106672,-0.991535,0.000343,157.026558
261197,0.011486,0.450114,-0.038950,-0.065577,-0.034500,0.106832,-0.991512,0.000000,157.143288
261201,0.011483,0.450119,-0.038969,-0.065559,-0.034518,0.106974,-0.991497,0.000343,157.257271
261204,0.011490,0.450123,-0.038978,-0.065577,-0.034503,0.107100,-0.991483,0.000000,157.379494
261208,0.011520,0.450124,-0.038980,-0.065685,-0.034479,0.107265,-0.991459,0.000343,157.497940
261211,0.011548,0.450126,-0.038969,-0.065812,-0.034466,0.107444,-0.991432,0.000000,157.615700
261215,0.011519,0.450127,-0.038974,-0.066165,-0.033222,0.107890,-0.991402,0.000000,157.735176
261219,0.011555,0.450119,-0.038930,-0.066537,-0.033194,0.108195,-0.991345,0.000343,157.846069
261222,0.011573,0.450116,-0.038906,-0.066609,-0.033196,0.108253,-0.991334,0.000343,157.966576
261226,0.011591,0.450112,-0.038878,-0.066737,-0.033190,0.108400,-0.991309,0.000000,158.077126
261229,0.011600,0.450115,-0.038874,-0.066820,-0.033157,0.108524,-0.991291,0.000000,158.210678
261233,0.011602,0.450116,-0.038884,-0.066853,-0.033180,0.108759,-0.991263,0.000343,158.331871
261236,0.011597,0.450117,-0.038902,-0.066821,-0.033221,0.108866,-0.991252,0.000343,158.433495
261240,0.011587,0.450122,-0.038925,-0.066965,-0.033182,0.109156,-0.991211,0.000000,158.554688
261244,0.011581,0.450125,-0.038948,-0.066868,-0.033257,0.109259,-0.991204,0.000000,158.667641
261247,0.011582,0.450131,-0.038960,-0.066889,-0.033245,0.109400,-0.991187,0.000000,158.780937
261251,0.011586,0.450130,-0.038958,-0.067061,-0.033230,0.109601,-0.991154,0.000000,158.905563
261254,0.011599,0.450130,-0.038947,-0.067113,-0.033221,0.109722,-0.991138,0.000343,159.026413
261258,0.011616,0.450123,-0.038915,-0.067188,-0.033205,0.109807,-0.991123,0.000000,159.131126
261261,0.011636,0.450117,-0.038885,-0.067334,-0.033174,0.109906,-0.991104,0.000000,159.257469
261265,0.011668,0.450116,-0.038842,-0.067439,-0.033190,0.110022,-0.991083,0.000343,159.373512
261268,0.011724,0.450111,-0.038802,-0.067315,-0.033881,0.109902,-0.991081,0.000343,159.488182
261272,0.011750,0.450108,-0.038788,-0.067516,-0.033865,0.110104,-0.991046,0.000343,159.603539
261275,0.011758,0.450110,-0.038793,-0.067559,-0.033881,0.110273,-0.991024,0.000000,159.712715
261279,0.011716,0.450114,-0.038840,-0.067696,-0.033191,0.110558,-0.991006,0.000343,159.828415
261283,0.011701,0.450121,-0.038872,-0.067730,-0.033213,0.110778,-0.990978,0.000000,159.949265
261286,0.011690,0.450122,-0.038901,-0.067733,-0.033241,0.110924,-0.990961,0.000343,160.047798
261290,0.011684,0.450127,-0.038931,-0.067700,-0.033236,0.110991,-0.990956,0.000000,160.174484
261293,0.011690,0.450127,-0.038942,-0.067808,-0.033224,0.111186,-0.990927,0.000343,160.293961
261297,0.011702,0.450127,-0.038939,-0.067759,-0.033283,0.111267,-0.990919,0.000000,160.411377
261300,0.011715,0.450125,-0.038920,-0.067862,-0.033264,0.111395,-0.990898,0.000343,160.531540
261304,0.011736,0.450123,-0.038883,-0.068090,-0.033213,0.111529,-0.990869,0.000000,160.644150
261307,0.011760,0.450122,-0.038847,-0.068222,-0.033216,0.111683,-0.990843,0.000343,160.745773
261311,0.011822,0.450112,-0.038788,-0.068056,-0.033906,0.111545,-0.990846,0.000000,160.873146
261314,0.011840,0.450110,-0.038767,-0.068201,-0.033847,0.111748,-0.990816,0.000343,160.988503
261318,0.011885,0.450117,-0.038742,-0.068067,-0.034436,0.111855,-0.990792,0.000000,161.107635
261322,0.011855,0.450112,-0.038762,-0.068351,-0.033927,0.112083,-0.990765,0.000343,161.216469
261325,0.011849,0.450113,-0.038780,-0.068396,-0.033939,0.112201,-0.990748,0.000000,161.321869
261329,0.011813,0.450125,-0.038833,-0.068574,-0.033276,0.112678,-0.990704,0.000000,161.434479
261332,0.011809,0.450127,-0.038859,-0.068566,-0.033259,0.112777,-0.990694,0.000000,161.545715
261336,0.011818,0.450131,-0.038874,-0.068731,-0.033227,0.113074,-0.990649,0.000343,161.666565
261339,0.011821,0.450130,-0.038879,-0.068743,-0.033254,0.113200,-0.990633,0.000000,161.791191
261343,0.011829,0.450129,-0.038865,-0.068801,-0.033280,0.113302,-0.990617,0.000000,161.909637
261347,0.011845,0.450125,-0.038841,-0.069000,-0.033227,0.113575,-0.990573,0.000000,162.021217
261350,0.011861,0.450124,-0.038818,-0.069039,-0.033253,0.113645,-0.990562,0.000000,162.132454
261353,0.011908,0.450114,-0.038778,-0.068832,-0.034016,0.113479,-0.990569,0.000343,162.252617
261357,0.011926,0.450115,-0.038759,-0.069029,-0.033947,0.113736,-0.990529,0.000343,162.367287
261361,0.011966,0.450124,-0.038734,-0.068677,-0.034656,0.113863,-0.990514,0.000000,162.474060
261364,0.011931,0.450116,-0.038751,-0.069060,-0.033977,0.113960,-0.990500,0.000343,162.574654
261368,0.011929,0.450116,-0.038757,-0.069225,-0.033963,0.114190,-0.990462,0.000343,162.684860
261371,0.011925,0.450117,-0.038764,-0.069250,-0.033980,0.114296,-0.990447,0.000000,162.796440
261375,0.011926,0.450118,-0.038772,-0.069204,-0.033971,0.114396,-0.990439,0.000000,162.898750
261378,0.011897,0.450123,-0.038798,-0.069515,-0.033271,0.114730,-0.990403,0.000000,163.041229
261382,0.011936,0.450116,-0.038771,-0.069347,-0.034017,0.114742,-0.990388,0.000000,163.161736
261385,0.011939,0.450115,-0.038770,-0.069368,-0.034019,0.114816,-0.990378,0.000343,163.280869
261389,0.011945,0.450110,-0.038769,-0.069515,-0.034001,0.114969,-0.990350,0.000000,163.400002
261393,0.011963,0.450110,-0.038782,-0.069491,-0.034050,0.115036,-0.990342,0.000343,163.513985
261396,0.011947,0.450119,-0.038816,-0.069697,-0.033355,0.115400,-0.990309,0.000000,163.617668
261400,0.012003,0.450115,-0.038809,-0.069581,-0.034023,0.115336,-0.990302,0.000000,163.712082
261403,0.012017,0.450119,-0.038811,-0.069592,-0.034036,0.115530,-0.990278,0.000343,163.829155
261407,0.012024,0.450119,-0.038796,-0.069561,-0.034023,0.115512,-0.990283,0.000000,163.937988
261410,0.012066,0.450129,-0.038749,-0.069323,-0.034707,0.115668,-0.990258,0.000000,164.039268
261414,0.012073,0.450123,-0.038695,-0.069451,-0.034700,0.115696,-0.990246,0.000000,164.170761
261417,0.012080,0.450117,-0.038649,-0.069551,-0.034674,0.115789,-0.990229,0.000343,164.285088
261421,0.012050,0.450103,-0.038618,-0.070045,-0.033889,0.116043,-0.990192,0.000000,164.401817
261425,0.012091,0.450106,-0.038584,-0.069732,-0.034660,0.116051,-0.990186,0.000343,164.527473
261428,0.012089,0.450107,-0.038596,-0.069794,-0.034646,0.116128,-0.990173,0.000000,164.650040
261432,0.012086,0.450112,-0.038647,-0.069842,-0.034644,0.116376,-0.990141,0.000343,164.767113
261435,0.012084,0.450119,-0.038705,-0.069789,-0.034693,0.116453,-0.990134,0.000343,164.872169
261439,0.012018,0.450123,-0.038823,-0.070234,-0.033377,0.116857,-0.990100,0.000343,164.973450
261442,0.012019,0.450132,-0.038870,-0.070247,-0.033326,0.116968,-0.990087,0.000000,165.078506
261446,0.012024,0.450137,-0.038899,-0.070264,-0.033367,0.117133,-0.990065,0.000000,165.187683
261450,0.012024,0.450133,-0.038879,-0.070390,-0.033300,0.117297,-0.990039,0.000343,165.295486
261453,0.012028,0.450129,-0.038835,-0.070467,-0.033320,0.117315,-0.990031,0.000343,165.420799
261457,0.012116,0.450126,-0.038707,-0.070063,-0.034729,0.117237,-0.990021,0.000000,165.543365
261460,0.012132,0.450117,-0.038639,-0.070134,-0.034693,0.117247,-0.990016,0.000343,165.660782
261463,0.012108,0.450102,-0.038597,-0.070592,-0.033932,0.117471,-0.989983,0.000343,165.776482
261467,0.012107,0.450097,-0.038564,-0.070905,-0.033487,0.117746,-0.989943,0.000343,165.891151
261471,0.012107,0.450098,-0.038573,-0.070964,-0.033456,0.117856,-0.989927,0.000343,165.993805
261474,0.012101,0.450100,-0.038607,-0.070929,-0.033494,0.117901,-0.989923,0.000000,166.119804
261478,0.012110,0.450113,-0.038670,-0.070698,-0.033957,0.118020,-0.989909,0.000000,166.231041
261481,0.012148,0.450126,-0.038717,-0.070292,-0.034759,0.117828,-0.989933,0.000343,166.343994
261485,0.012104,0.450132,-0.038817,-0.070843,-0.033461,0.118349,-0.989876,0.000000,166.456947
261488,0.012112,0.450134,-0.038853,-0.070857,-0.033276,0.118392,-0.989877,0.000000,166.572647
261492,0.012162,0.450131,-0.038827,-0.070630,-0.034045,0.118292,-0.989879,0.000000,166.694527
261496,0.012155,0.450124,-0.038766,-0.070796,-0.034134,0.118443,-0.989846,0.000000,166.812286
261499,0.012173,0.450122,-0.038697,-0.070661,-0.034705,0.118467,-0.989832,0.000343,166.921463
261502,0.012127,0.450108,-0.038655,-0.071021,-0.033986,0.118641,-0.989811,0.000343,167.028236
261506,0.012134,0.450103,-0.038595,-0.071172,-0.033940,0.118771,-0.989786,0.000000,167.130203
261510,0.012155,0.450102,-0.038573,-0.071157,-0.034018,0.118882,-0.989771,0.000000,167.244530
261513,0.012169,0.450106,-0.038580,-0.071240,-0.033968,0.119005,-0.989752,0.000343,167.371559
261517,0.012176,0.450112,-0.038612,-0.071296,-0.033960,0.119138,-0.989732,0.000000,167.497559
261520,0.012178,0.450115,-0.038638,-0.071348,-0.033968,0.119248,-0.989715,0.000343,167.607079
261524,0.012184,0.450122,-0.038673,-0.071251,-0.033930,0.119290,-0.989718,0.000000,167.735825
261528,0.012203,0.450123,-0.038691,-0.071325,-0.033904,0.119443,-0.989695,0.000343,167.849121
261531,0.012225,0.450125,-0.038693,-0.071345,-0.033922,0.119593,-0.989675,0.000000,167.963791
261534,0.012217,0.450123,-0.038695,-0.071608,-0.033436,0.119796,-0.989648,0.000000,168.073654
261538,0.012224,0.450115,-0.038669,-0.071757,-0.033441,0.119913,-0.989623,0.000343,168.176994
261542,0.012213,0.450109,-0.038644,-0.071825,-0.033496,0.119971,-0.989609,0.000343,168.272095
261545,0.012224,0.450105,-0.038623,-0.071737,-0.033986,0.119995,-0.989596,0.000000,168.403244
261549,0.012218,0.450109,-0.038631,-0.071795,-0.033982,0.120190,-0.989568,0.000343,168.527870
261552,0.012220,0.450114,-0.038644,-0.071831,-0.033949,0.120360,-0.989546,0.000000,168.664513
261556,0.012229,0.450122,-0.038664,-0.071711,-0.033977,0.120440,-0.989544,0.000000,168.798065
261559,0.012241,0.450122,-0.038662,-0.071807,-0.033967,0.120616,-0.989516,0.000000,168.917885
261563,0.012242,0.450120,-0.038657,-0.072111,-0.033486,0.120801,-0.989488,0.000343,169.052467
261567,0.012274,0.450113,-0.038620,-0.072314,-0.033470,0.120937,-0.989457,0.000000,169.173660
261570,0.012299,0.450109,-0.038589,-0.072401,-0.033499,0.121060,-0.989434,0.000343,169.297600
261573,0.012321,0.450105,-0.038562,-0.072524,-0.033469,0.121214,-0.989408,0.000000,169.424629
261577,0.012336,0.450105,-0.038548,-0.072521,-0.033484,0.121337,-0.989392,0.000000,169.563332
261581,0.012332,0.450102,-0.038560,-0.072702,-0.033443,0.121637,-0.989343,0.000000,169.701347
261584,0.012324,0.450106,-0.038589,-0.072683,-0.033497,0.121746,-0.989330,0.000000,169.845200
261588,0.012310,0.450114,-0.038640,-0.072650,-0.033472,0.121896,-0.989314,0.000000,169.974632
261591,0.012308,0.450122,-0.038678,-0.072645,-0.033439,0.121993,-0.989304,0.000000,170.085182
261595,0.012337,0.450128,-0.038690,-0.072512,-0.033926,0.122212,-0.989270,0.000000,170.229721
261599,0.012349,0.450132,-0.038678,-0.072572,-0.033913,0.122386,-0.989245,0.000000,170.358810
261602,0.012340,0.450127,-0.038656,-0.072921,-0.033426,0.122590,-0.989210,0.000000,170.494423
261606,0.012366,0.450114,-0.038577,-0.073032,-0.033469,0.122688,-0.989188,0.000000,170.622826
261609,0.012392,0.450107,-0.038509,-0.073144,-0.033524,0.122806,-0.989164,0.000000,170.743675
261613,0.012429,0.450094,-0.038433,-0.073413,-0.033523,0.123089,-0.989109,0.000000,170.891304
261616,0.012435,0.450109,-0.038410,-0.073337,-0.033360,0.123588,-0.989058,0.000000,171.030350
261620,0.012444,0.450113,-0.038429,-0.073352,-0.033339,0.123736,-0.989039,0.000000,171.166306
261623,0.012452,0.450099,-0.038477,-0.073563,-0.033516,0.123493,-0.989047,0.000000,171.295738
261627,0.012427,0.450111,-0.038569,-0.073531,-0.033509,0.123683,-0.989026,0.000000,171.427574
261631,0.012405,0.450126,-0.038664,-0.073476,-0.033448,0.123786,-0.989020,0.000000,171.557350
261634,0.012401,0.450135,-0.038715,-0.073521,-0.033389,0.124015,-0.988990,0.000000,171.685410
261637,0.012425,0.450139,-0.038726,-0.073296,-0.033885,0.124080,-0.988981,0.000343,171.829262
261641,0.012422,0.450140,-0.038728,-0.073473,-0.033480,0.124299,-0.988954,0.000343,171.958008
261645,0.012446,0.450131,-0.038663,-0.073704,-0.033469,0.124459,-0.988917,0.000000,172.096710
261648,0.012471,0.450118,-0.038589,-0.073899,-0.033468,0.124586,-0.988887,0.000000,172.218590
261652,0.012517,0.450107,-0.038479,-0.074019,-0.033522,0.124717,-0.988860,0.000000,172.371368
261655,0.012541,0.450112,-0.038410,-0.074064,-0.033344,0.125379,-0.988778,0.000000,172.503891
261659,0.012582,0.450104,-0.038363,-0.074202,-0.033380,0.125576,-0.988742,0.000000,172.638130
261662,0.012598,0.450107,-0.038360,-0.074325,-0.033350,0.125761,-0.988710,0.000000,172.773056
261666,0.012592,0.450112,-0.038402,-0.074386,-0.033354,0.125971,-0.988679,0.000000,172.896996
261669,0.012579,0.450121,-0.038455,-0.074434,-0.033341,0.126213,-0.988645,0.000000,173.054924
261673,0.012577,0.450118,-0.038533,-0.074448,-0.033522,0.125935,-0.988673,0.000000,173.183670
261677,0.012575,0.450121,-0.038589,-0.074600,-0.033475,0.126275,-0.988620,0.000000,173.322716
261680,0.012579,0.450121,-0.038612,-0.074624,-0.033469,0.126445,-0.988596,0.000000,173.467941
261684,0.012591,0.450118,-0.038601,-0.074752,-0.033511,0.126679,-0.988555,0.000000,173.595657
261687,0.012604,0.450113,-0.038572,-0.074912,-0.033513,0.126859,-0.988520,0.000000,173.746376
261691,0.012612,0.450120,-0.038512,-0.074926,-0.033386,0.127433,-0.988450,0.000000,173.873749
261695,0.012646,0.450109,-0.038451,-0.075110,-0.033326,0.127739,-0.988398,0.000000,174.002151
261698,0.012678,0.450105,-0.038413,-0.075260,-0.033322,0.127946,-0.988360,0.000000,174.116135
261701,0.012703,0.450103,-0.038387,-0.075366,-0.033363,0.128139,-0.988325,0.000000,174.278526
261705,0.012730,0.450104,-0.038377,-0.075376,-0.033368,0.128305,-0.988303,0.000000,174.424095
261709,0.012740,0.450103,-0.038381,-0.075600,-0.033348,0.128622,-0.988245,0.000000,174.567604
261712,0.012740,0.450106,-0.038393,-0.075585,-0.033405,0.128744,-0.988229,0.000000,174.712486
261716,0.012735,0.450109,-0.038410,-0.075636,-0.033391,0.128959,-0.988197,0.000000,174.840202
261719,0.012733,0.450110,-0.038421,-0.075715,-0.033392,0.129097,-0.988173,0.000000,174.993324
261723,0.012731,0.450110,-0.038428,-0.075791,-0.033391,0.129411,-0.988126,-0.000343,175.122757
261726,0.012734,0.450110,-0.038429,-0.075823,-0.033408,0.129546,-0.988106,0.000000,175.252876
261730,0.012735,0.450102,-0.038422,-0.076073,-0.033343,0.129860,-0.988047,0.000000,175.382996
261734,0.012748,0.450099,-0.038417,-0.076101,-0.033415,0.130009,-0.988023,0.000000,175.518265
261737,0.012765,0.450103,-0.038419,-0.076159,-0.033404,0.130184,-0.987996,0.000000,175.650101
261740,0.012791,0.450105,-0.038424,-0.076235,-0.033381,0.130346,-0.987970,0.000000,175.821419
261744,0.012837,0.450110,-0.038429,-0.076366,-0.033381,0.130747,-0.987907,0.000000,175.978317
261748,0.012863,0.450106,-0.038419,-0.076475,-0.033328,0.130954,-0.987872,0.000000,176.117020
261751,0.012876,0.450104,-0.038403,-0.076616,-0.033340,0.131230,-0.987824,0.000000,176.272545
261755,0.012879,0.450100,-0.038364,-0.076795,-0.033372,0.131507,-0.987773,0.000000,176.402321
261758,0.012880,0.450091,-0.038339,-0.077064,-0.033313,0.131678,-0.987731,0.000000,176.538963
261762,0.012891,0.450083,-0.038306,-0.077331,-0.033244,0.131944,-0.987677,0.000000,176.673889
261765,0.012902,0.450078,-0.038292,-0.077491,-0.033268,0.132255,-0.987622,0.000000,176.799545
261769,0.012908,0.450078,-0.038290,-0.077480,-0.033281,0.132411,-0.987601,0.000000,176.949921
261773,0.012909,0.450081,-0.038308,-0.077648,-0.033278,0.132750,-0.987543,0.000000,177.097549
261776,0.012913,0.450088,-0.038330,-0.077668,-0.033289,0.132918,-0.987518,0.000000,177.254448
261779,0.012925,0.450097,-0.038351,-0.077573,-0.033425,0.133197,-0.987484,0.000000,177.412720
261783,0.012949,0.450093,-0.038379,-0.077667,-0.033419,0.133348,-0.987456,0.000000,177.555199
261787,0.012981,0.450102,-0.038394,-0.077757,-0.033412,0.133662,-0.987407,0.000000,177.691154
261790,0.013001,0.450098,-0.038388,-0.077948,-0.033323,0.133783,-0.987378,0.000000,177.826080
261794,0.013022,0.450094,-0.038357,-0.078159,-0.033282,0.134049,-0.987327,0.000000,177.964096
261797,0.013037,0.450084,-0.038315,-0.078292,-0.033350,0.134216,-0.987291,0.000000,178.114815
261801,0.013046,0.450075,-0.038269,-0.078418,-0.033331,0.134421,-0.987254,0.000000,178.255920
261805,0.013054,0.450070,-0.038231,-0.078718,-0.033308,0.134767,-0.987184,0.000000,178.410072
261808,0.013056,0.450072,-0.038220,-0.078769,-0.033300,0.134880,-0.987165,-0.000343,178.554611
261811,0.013055,0.450075,-0.038226,-0.078772,-0.033354,0.135030,-0.987142,0.000000,178.732109
261815,0.013054,0.450076,-0.038251,-0.078876,-0.033259,0.135269,-0.987104,0.000000,178.880081
261819,0.013068,0.450082,-0.038287,-0.078862,-0.033284,0.135542,-0.987067,0.000000,179.029083
261822,0.013079,0.450085,-0.038312,-0.078828,-0.033275,0.135646,-0.987056,0.000000,179.172592
261826,0.013106,0.450088,-0.038328,-0.079027,-0.033212,0.135959,-0.986999,0.000000,179.310265
261829,0.013123,0.450090,-0.038329,-0.079047,-0.033227,0.136071,-0.986981,0.000000,179.436264
261833,0.013144,0.450085,-0.038308,-0.079157,-0.033263,0.136230,-0.986949,0.000000,179.576683
261836,0.013157,0.450081,-0.038281,-0.079251,-0.033264,0.136352,-0.986925,0.000000,179.725342
261840,0.013178,0.450076,-0.038234,-0.079455,-0.033289,0.136643,-0.986868,0.000000,179.895973
261843,0.013190,0.450073,-0.038208,-0.079514,-0.033299,0.136726,-0.986851,0.000000,180.064545
261847,0.013205,0.450070,-0.038183,-0.079714,-0.033234,0.137033,-0.986794,0.000000,180.224876
261851,0.013284,0.450073,-0.038140,-0.079273,-0.034695,0.137085,-0.986772,0.000000,180.369415
261854,0.013214,0.450072,-0.038185,-0.079854,-0.033284,0.137483,-0.986719,0.000000,180.520821
261858,0.013215,0.450072,-0.038204,-0.080044,-0.033239,0.137766,-0.986665,0.000000,180.668106
261861,0.013220,0.450074,-0.038219,-0.080077,-0.033277,0.137971,-0.986633,0.000000,180.810242
261865,0.013235,0.450076,-0.038236,-0.080122,-0.033277,0.138207,-0.986596,0.000000,180.954437
261868,0.013255,0.450076,-0.038242,-0.080242,-0.033285,0.138429,-0.986555,0.000000,181.105499
261872,0.013288,0.450074,-0.038236,-0.080384,-0.033270,0.138812,-0.986490,0.000000,181.239395
261875,0.013304,0.450070,-0.038223,-0.080469,-0.033286,0.139007,-0.986455,0.000000,181.416206
261879,0.013320,0.450062,-0.038194,-0.080646,-0.033258,0.139273,-0.986404,0.000000,181.578255
261882,0.013396,0.450059,-0.038136,-0.080227,-0.034701,0.139304,-0.986384,0.000000,181.744766
261886,0.013423,0.450059,-0.038121,-0.080336,-0.034736,0.139532,-0.986342,0.000000,181.902695
261890,0.013455,0.450056,-0.038115,-0.080500,-0.034704,0.139873,-0.986281,0.000000,182.052040
261893,0.013421,0.450057,-0.038139,-0.081035,-0.033514,0.140333,-0.986213,0.000000,182.196236
261897,0.013496,0.450058,-0.038104,-0.080590,-0.034695,0.140272,-0.986218,0.000000,182.341118
261900,0.013500,0.450055,-0.038092,-0.080720,-0.034676,0.140508,-0.986174,0.000000,182.475700
261904,0.013502,0.450051,-0.038074,-0.080857,-0.034746,0.140744,-0.986127,0.000000,182.638435
261907,0.013506,0.450051,-0.038067,-0.080923,-0.034742,0.140940,-0.986093,-0.000343,182.797050
261911,0.013519,0.450050,-0.038067,-0.081104,-0.034707,0.141186,-0.986045,0.000000,182.966309
261914,0.013534,0.450049,-0.038070,-0.081244,-0.034703,0.141494,-0.985989,-0.000343,183.131447
261918,0.013549,0.450049,-0.038078,-0.081294,-0.034725,0.141770,-0.985945,0.000000,183.292465
261922,0.013562,0.450047,-0.038082,-0.081535,-0.034700,0.142185,-0.985866,0.000000,183.442154
261925,0.013572,0.450047,-0.038086,-0.081658,-0.034722,0.142422,-0.985821,0.000000,183.623772
261929,0.013594,0.450049,-0.038087,-0.081713,-0.034721,0.142669,-0.985780,-0.000343,183.775177
261932,0.013613,0.450048,-0.038085,-0.081850,-0.034696,0.142930,-0.985732,0.000000,183.914566
261936,0.013641,0.450044,-0.038068,-0.082024,-0.034725,0.143268,-0.985668,0.000000,184.056358
261939,0.013658,0.450044,-0.038045,-0.082089,-0.034773,0.143443,-0.985635,0.000000,184.198494
261943,0.013674,0.450041,-0.038008,-0.082315,-0.034759,0.143760,-0.985571,-0.000343,184.373932
261946,0.013684,0.450036,-0.037982,-0.082416,-0.034787,0.143914,-0.985539,0.000000,184.539413
261950,0.013698,0.450036,-0.037965,-0.082468,-0.034775,0.144130,-0.985503,-0.000343,184.718971
261954,0.013712,0.450034,-0.037966,-0.082703,-0.034750,0.144407,-0.985444,0.000000,184.883423
261957,0.013719,0.450036,-0.037978,-0.082660,-0.034785,0.144536,-0.985427,0.000000,185.065384
261961,0.013717,0.450039,-0.038000,-0.082669,-0.034779,0.144653,-0.985409,0.000000,185.219193
261964,0.013711,0.450040,-0.038017,-0.082735,-0.034771,0.144735,-0.985392,0.000000,185.358238
261968,0.013714,0.450042,-0.038035,-0.082784,-0.034769,0.144938,-0.985358,0.000000,185.506210
261971,0.013722,0.450043,-0.038044,-0.082709,-0.034799,0.145012,-0.985353,-0.000343,185.645943
261975,0.013740,0.450042,-0.038042,-0.082936,-0.034694,0.145277,-0.985298,0.000000,185.827217
261979,0.013760,0.450042,-0.038022,-0.082920,-0.034797,0.145395,-0.985278,-0.000343,185.999908
261982,0.013767,0.450038,-0.038000,-0.083006,-0.034806,0.145554,-0.985248,-0.000343,186.176720
261986,0.013772,0.450030,-0.037960,-0.083186,-0.034816,0.145740,-0.985204,0.000000,186.353874
261989,0.013776,0.450029,-0.037941,-0.083274,-0.034839,0.145906,-0.985172,-0.000343,186.518669
261992,0.013785,0.450030,-0.037932,-0.083243,-0.034846,0.145977,-0.985164,0.000000,186.683464
261996,0.013801,0.450029,-0.037938,-0.083328,-0.034806,0.146226,-0.985121,0.000000,186.832466
262000,0.013816,0.450034,-0.037955,-0.083338,-0.034842,0.146421,-0.985090,0.000000,186.971512
262003,0.013818,0.450034,-0.037970,-0.083395,-0.034847,0.146556,-0.985065,0.000000,187.148666
262007,0.013816,0.450034,-0.037984,-0.083524,-0.034805,0.146701,-0.985034,0.000000,187.320328
262010,0.013815,0.450031,-0.037991,-0.083609,-0.034803,0.146848,-0.985004,-0.000343,187.487526
262014,0.013825,0.450035,-0.037989,-0.083532,-0.034862,0.146913,-0.984999,0.000000,187.656441
262018,0.013843,0.450031,-0.037979,-0.083640,-0.034848,0.147155,-0.984955,0.000000,187.826729
262021,0.013856,0.450029,-0.037965,-0.083750,-0.034817,0.147287,-0.984927,-0.000343,187.999077
262025,0.013872,0.450028,-0.037941,-0.083771,-0.034860,0.147445,-0.984900,-0.000343,188.160095
262028,0.013883,0.450025,-0.037925,-0.083917,-0.034849,0.147630,-0.984860,0.000000,188.310471
262032,0.013894,0.450024,-0.037912,-0.083993,-0.034891,0.147759,-0.984833,0.000000,188.492432
262035,0.013904,0.450023,-0.037910,-0.084031,-0.034894,0.147922,-0.984805,0.000000,188.665123
262039,0.013913,0.450024,-0.037919,-0.084176,-0.034852,0.148149,-0.984760,0.000000,188.835411
262042,0.013918,0.450024,-0.037926,-0.084252,-0.034849,0.148343,-0.984724,-0.000343,189.005013
262046,0.013919,0.450028,-0.037938,-0.084150,-0.034886,0.148474,-0.984712,0.000000,189.178047
262049,0.013922,0.450025,-0.037940,-0.084274,-0.034822,0.148629,-0.984680,0.000000,189.345589
262053,0.013931,0.450025,-0.037935,-0.084403,-0.034870,0.148856,-0.984633,0.000000,189.504890
262057,0.013942,0.450022,-0.037926,-0.084516,-0.034874,0.149026,-0.984598,0.000000,189.670372
262060,0.013953,0.450022,-0.037915,-0.084615,-0.034866,0.149175,-0.984567,-0.000343,189.832764
262063,0.013963,0.450021,-0.037902,-0.084716,-0.034862,0.149369,-0.984529,0.000000,190.021248
262063,0.013963,0.450021,-0.037902,-0.084716,-0.034862,0.149369,-0.984529,0.000000,190.193253
262063,0.013963,0.450021,-0.037902,-0.084716,-0.034862,0.149369,-0.984529,-0.000343,190.370407
262063,0.013963,0.450021,-0.037902,-0.084716,-0.034862,0.149369,-0.984529,-0.000343,190.531082
262063,0.013963,0.450021,-0.037902,-0.084716,-0.034862,0.149369,-0.984529,0.000000,190.722656
262063,0.013963,0.450021,-0.037902,-0.084716,-0.034862,0.149369,-0.984529,0.000000,190.892258
262063,0.013963,0.450021,-0.037902,-0.084716,-0.034862,0.149369,-0.984529,0.000000,191.059456
262063,0.013963,0.450021,-0.037902,-0.084716,-0.034862,0.149369,-0.984529,0.000000,191.235580
262063,0.013963,0.450021,-0.037902,-0.084716,-0.034862,0.149369,-0.984529,-0.000343,191.407928
262063,0.013963,0.450021,-0.037902,-0.084716,-0.034862,0.149369,-0.984529,0.000000,191.577187
262063,0.013963,0.450021,-0.037902,-0.084716,-0.034862,0.149369,-0.984529,0.000000,191.752625
262063,0.013963,0.450021,-0.037902,-0.084716,-0.034862,0.149369,-0.984529,-0.000343,191.927376
262063,0.013963,0.450021,-0.037902,-0.084716,-0.034862,0.149369,-0.984529,0.000000,192.091484
262063,0.013963,0.450021,-0.037902,-0.084716,-0.034862,0.149369,-0.984529,0.000000,192.287178
262063,0.013963,0.450021,-0.037902,-0.084716,-0.034862,0.149369,-0.984529,0.000000,192.453003
262063,0.013963,0.450021,-0.037902,-0.084716,-0.034862,0.149369,-0.984529,-0.000343,192.622948
262063,0.013963,0.450021,-0.037902,-0.084716,-0.034862,0.149369,-0.984529,0.000000,192.797699
262063,0.013963,0.450021,-0.037902,-0.084716,-0.034862,0.149369,-0.984529,-0.000343,192.961464
262063,0.013963,0.450021,-0.037902,-0.084716,-0.034862,0.149369,-0.984529,0.000000,193.157845
262063,0.013963,0.450021,-0.037902,-0.084716,-0.034862,0.149369,-0.984529,0.000000,193.343239
262063,0.013963,0.450021,-0.037902,-0.084716,-0.034862,0.149369,-0.984529,-0.000343,193.524857
262063,0.013963,0.450021,-0.037902,-0.084716,-0.034862,0.149369,-0.984529,0.000000,193.701324
262063,0.013963,0.450021,-0.037902,-0.084716,-0.034862,0.149369,-0.984529,-0.000343,193.867836
262063,0.013963,0.450021,-0.037902,-0.084716,-0.034862,0.149369,-0.984529,-0.000343,194.039497
262063,0.013963,0.450021,-0.037902,-0.084716,-0.034862,0.149369,-0.984529,0.000000,194.224548
262063,0.013963,0.450021,-0.037902,-0.084716,-0.034862,0.149369,-0.984529,-0.000343,194.383163
262063,0.013963,0.450021,-0.037902,-0.084716,-0.034862,0.149369,-0.984529,0.000000,194.573708
262063,0.013963,0.450021,-0.037902,-0.084716,-0.034862,0.149369,-0.984529,-0.000343,194.758072
262063,0.013963,0.450021,-0.037902,-0.084716,-0.034862,0.149369,-0.984529,0.000000,194.948273
262063,0.013963,0.450021,-0.037902,-0.084716,-0.034862,0.149369,-0.984529,-0.000343,195.125771
262170,0.014353,0.449985,-0.037758,-0.087517,-0.034730,0.155720,-0.983304,0.000000,195.302925
262174,0.014360,0.449986,-0.037746,-0.087559,-0.034744,0.155852,-0.983278,-0.000343,195.486603
262177,0.014363,0.449982,-0.037735,-0.087669,-0.034746,0.156017,-0.983242,0.000000,195.664101
262181,0.014369,0.449981,-0.037731,-0.087815,-0.034739,0.156256,-0.983192,0.000000,195.846748
262184,0.014372,0.449979,-0.037731,-0.087816,-0.034806,0.156372,-0.983171,0.000000,196.029396
262188,0.014378,0.449981,-0.037734,-0.087919,-0.034736,0.156598,-0.983128,-0.000343,196.219597
262191,0.014381,0.449983,-0.037739,-0.088025,-0.034770,0.156768,-0.983090,-0.000343,196.395721
262195,0.014388,0.449983,-0.037745,-0.087984,-0.034762,0.156881,-0.983076,-0.000343,196.568069
262199,0.014404,0.449981,-0.037742,-0.088199,-0.034735,0.157186,-0.983009,-0.000343,196.754494
262202,0.014418,0.449981,-0.037739,-0.088206,-0.034737,0.157239,-0.983000,-0.000343,196.921005
262205,0.014437,0.449980,-0.037732,-0.088232,-0.034746,0.157388,-0.982974,0.000000,197.123222
262209,0.014458,0.449978,-0.037717,-0.088358,-0.034756,0.157560,-0.982934,0.000000,197.307930
262213,0.014473,0.449975,-0.037699,-0.088526,-0.034711,0.157796,-0.982883,-0.000343,197.488518
262216,0.014478,0.449975,-0.037685,-0.088543,-0.034780,0.157907,-0.982861,0.000000,197.668076
262220,0.014481,0.449972,-0.037676,-0.088759,-0.034723,0.158133,-0.982807,0.000000,197.826004
262223,0.014483,0.449971,-0.037677,-0.088796,-0.034728,0.158248,-0.982785,0.000000,198.022041
262227,0.014488,0.449975,-0.037683,-0.088803,-0.034792,0.158433,-0.982752,-0.000343,198.209152
262230,0.014491,0.449974,-0.037695,-0.088785,-0.034754,0.158510,-0.982743,0.000000,198.404503
262234,0.014501,0.449972,-0.037706,-0.088992,-0.034743,0.158816,-0.982675,0.000000,198.601913
262238,0.014509,0.449974,-0.037711,-0.088983,-0.034719,0.158907,-0.982662,0.000000,198.774605
262241,0.014522,0.449972,-0.037707,-0.089069,-0.034733,0.159145,-0.982615,0.000000,198.975105
262245,0.014543,0.449972,-0.037693,-0.089205,-0.034739,0.159343,-0.982571,-0.000343,199.154663
262248,0.014560,0.449969,-0.037679,-0.089284,-0.034748,0.159471,-0.982543,-0.000343,199.333534
262252,0.014583,0.449965,-0.037657,-0.089506,-0.034686,0.159674,-0.982492,0.000000,199.496269
262255,0.014596,0.449962,-0.037640,-0.089677,-0.034682,0.159882,-0.982442,-0.000343,199.677544
262259,0.014610,0.449962,-0.037630,-0.089661,-0.034719,0.159987,-0.982425,0.000000,199.875641
262263,0.014619,0.449961,-0.037626,-0.089791,-0.034703,0.160230,-0.982374,-0.000343,200.067558
262266,0.014623,0.449960,-0.037629,-0.089849,-0.034732,0.160421,-0.982337,0.000000,200.260162
262269,0.014627,0.449959,-0.037634,-0.089905,-0.034753,0.160596,-0.982302,0.000000,200.457916
262273,0.014628,0.449961,-0.037648,-0.089970,-0.034682,0.160758,-0.982273,0.000000,200.638161
262277,0.014638,0.449961,-0.037652,-0.090051,-0.034784,0.160993,-0.982223,-0.000343,200.818748
262280,0.014648,0.449962,-0.037652,-0.090113,-0.034760,0.161198,-0.982185,0.000000,200.992470
262284,0.014662,0.449959,-0.037645,-0.090270,-0.034740,0.161459,-0.982128,0.000000,201.206360
262287,0.014677,0.449957,-0.037634,-0.090391,-0.034724,0.161684,-0.982081,-0.000343,201.389351
262291,0.014695,0.449955,-0.037618,-0.090412,-0.034757,0.161850,-0.982050,0.000000,201.560326
262294,0.014708,0.449953,-0.037605,-0.090581,-0.034717,0.162061,-0.982001,-0.000343,201.776619
262298,0.014726,0.449948,-0.037588,-0.090756,-0.034727,0.162378,-0.981932,0.000000,201.957207
262302,0.014739,0.449945,-0.037575,-0.090869,-0.034751,0.162616,-0.981882,-0.000343,202.137451
262305,0.014749,0.449943,-0.037570,-0.090953,-0.034735,0.162831,-0.981839,0.000000,202.320442
262309,0.014765,0.449944,-0.037570,-0.091097,-0.034753,0.163189,-0.981765,0.000000,202.508240
262312,0.014769,0.449945,-0.037574,-0.091089,-0.034782,0.163298,-0.981747,0.000000,202.680931
262316,0.014785,0.449945,-0.037576,-0.091253,-0.034722,0.163674,-0.981671,-0.000343,202.887268
262319,0.014791,0.449942,-0.037577,-0.091338,-0.034745,0.163854,-0.981632,0.000000,203.079872
262323,0.014803,0.449940,-0.037571,-0.091388,-0.034770,0.164076,-0.981590,-0.000343,203.272133
262326,0.014816,0.449940,-0.037565,-0.091527,-0.034743,0.164281,-0.981544,0.000000,203.466110
262330,0.014840,0.449933,-0.037551,-0.091792,-0.034744,0.164715,-0.981446,-0.000343,203.660774
262333,0.014863,0.449930,-0.037541,-0.091824,-0.034782,0.164950,-0.981402,-0.000343,203.845139
262337,0.014892,0.449927,-0.037527,-0.092102,-0.034705,0.165376,-0.981307,0.000000,204.036026
262340,0.014913,0.449924,-0.037515,-0.092218,-0.034708,0.165698,-0.981242,0.000000,204.230003
262344,0.014943,0.449922,-0.037502,-0.092351,-0.034756,0.166106,-0.981159,0.000000,204.412651
262348,0.014961,0.449920,-0.037494,-0.092599,-0.034710,0.166463,-0.981076,-0.000343,204.602852
262351,0.014976,0.449917,-0.037487,-0.092701,-0.034699,0.166707,-0.981026,-0.000343,204.795799
262355,0.014991,0.449915,-0.037485,-0.092783,-0.034703,0.166951,-0.980976,0.000000,204.983597
262358,0.015002,0.449913,-0.037481,-0.092885,-0.034706,0.167162,-0.980930,0.000000,205.163498
262362,0.015021,0.449912,-0.037473,-0.093053,-0.034676,0.167548,-0.980850,0.000000,205.336876
262365,0.015030,0.449912,-0.037467,-0.093149,-0.034695,0.167766,-0.980803,-0.000343,205.551796
262369,0.015046,0.449908,-0.037462,-0.093302,-0.034638,0.168080,-0.980737,0.000000,205.738564
262373,0.015064,0.449905,-0.037453,-0.093361,-0.034738,0.168313,-0.980687,-0.000343,205.935974
262376,0.015075,0.449904,-0.037448,-0.093476,-0.034696,0.168524,-0.980642,-0.000343,206.144371
262380,0.015090,0.449898,-0.037442,-0.093665,-0.034660,0.168851,-0.980569,0.000000,206.312599
262383,0.015106,0.449899,-0.037432,-0.093752,-0.034688,0.169118,-0.980513,-0.000343,206.517220
262387,0.015123,0.449900,-0.037429,-0.093697,-0.034721,0.169331,-0.980481,-0.000343,206.712227
262390,0.015135,0.449896,-0.037423,-0.093875,-0.034639,0.169572,-0.980425,-0.000343,206.895218
262394,0.015160,0.449897,-0.037415,-0.093997,-0.034714,0.169889,-0.980356,-0.000343,207.082672
262397,0.015173,0.449897,-0.037409,-0.094086,-0.034708,0.170084,-0.980314,0.000000,207.279739
262401,0.015183,0.449893,-0.037402,-0.094200,-0.034707,0.170303,-0.980265,-0.000343,207.476807
262404,0.015190,0.449890,-0.037396,-0.094325,-0.034694,0.170552,-0.980210,0.000000,207.660484
262408,0.015198,0.449890,-0.037391,-0.094333,-0.034778,0.170720,-0.980177,0.000000,207.842445
262412,0.015208,0.449888,-0.037384,-0.094516,-0.034700,0.171026,-0.980108,0.000000,208.037453
262415,0.015215,0.449885,-0.037381,-0.094580,-0.034699,0.171196,-0.980073,0.000000,208.210831
262418,0.015224,0.449884,-0.037379,-0.094673,-0.034759,0.171431,-0.980021,0.000000,208.429184
262422,0.015237,0.449883,-0.037378,-0.094759,-0.034737,0.171579,-0.979987,-0.000343,208.628311
262426,0.015254,0.449882,-0.037373,-0.094879,-0.034763,0.171880,-0.979922,0.000000,208.824005
262429,0.015270,0.449880,-0.037367,-0.094962,-0.034793,0.172046,-0.979884,-0.000343,209.014206
262433,0.015286,0.449878,-0.037359,-0.095126,-0.034758,0.172349,-0.979816,-0.000343,209.200287
262436,0.015305,0.449878,-0.037348,-0.095255,-0.034768,0.172589,-0.979761,-0.000343,209.368515
262440,0.015326,0.449876,-0.037337,-0.095318,-0.034799,0.172857,-0.979706,0.000000,209.557686
262444,0.015345,0.449874,-0.037324,-0.095588,-0.034741,0.173235,-0.979615,0.000000,209.755440
262447,0.015359,0.449870,-0.037316,-0.095666,-0.034776,0.173414,-0.979575,0.000000,209.959030
262450,0.015371,0.449869,-0.037309,-0.095698,-0.034822,0.173653,-0.979527,-0.000343,210.156784
262454,0.015388,0.449865,-0.037303,-0.095868,-0.034824,0.173962,-0.979456,0.000000,210.351791
262458,0.015406,0.449862,-0.037298,-0.096072,-0.034833,0.174449,-0.979349,0.000000,210.544052
262461,0.015416,0.449862,-0.037297,-0.096119,-0.034856,0.174667,-0.979305,0.000000,210.724640
262465,0.015436,0.449856,-0.037296,-0.096328,-0.034792,0.175071,-0.979214,0.000000,210.912094
262468,0.015453,0.449856,-0.037291,-0.096396,-0.034820,0.175293,-0.979167,0.000000,211.104012
262472,0.015476,0.449857,-0.037282,-0.096481,-0.034851,0.175548,-0.979112,0.000000,211.296616
262475,0.015492,0.449854,-0.037276,-0.096554,-0.034872,0.175744,-0.979069,0.000000,211.467590
262479,0.015510,0.449848,-0.037264,-0.096830,-0.034844,0.176158,-0.978968,0.000000,211.685257
262482,0.015526,0.449848,-0.037254,-0.096888,-0.034841,0.176282,-0.978940,0.000000,211.877174
262486,0.015550,0.449845,-0.037243,-0.097022,-0.034821,0.176641,-0.978863,-0.000343,212.059479
262490,0.015569,0.449844,-0.037237,-0.097104,-0.034789,0.176891,-0.978811,0.000000,212.250023
262493,0.015581,0.449844,-0.037232,-0.097173,-0.034835,0.177100,-0.978764,0.000000,212.442627
262497,0.015592,0.449838,-0.037231,-0.097325,-0.034803,0.177358,-0.978704,0.000000,212.625961
262500,0.015600,0.449836,-0.037229,-0.097465,-0.034793,0.177602,-0.978646,0.000000,212.795906
262504,0.015614,0.449836,-0.037228,-0.097481,-0.034847,0.177786,-0.978609,-0.000343,213.021812
262507,0.015623,0.449835,-0.037224,-0.097571,-0.034848,0.177970,-0.978566,0.000000,213.208237
262511,0.015636,0.449831,-0.037219,-0.097741,-0.034823,0.178279,-0.978494,-0.000343,213.400497
262514,0.015647,0.449830,-0.037215,-0.097804,-0.034834,0.178495,-0.978448,0.000000,213.586922
262518,0.015660,0.449828,-0.037210,-0.097943,-0.034775,0.178700,-0.978399,0.000000,213.777122
262522,0.015682,0.449825,-0.037200,-0.098054,-0.034810,0.178913,-0.978347,0.000000,213.951187
262525,0.015696,0.449824,-0.037194,-0.098112,-0.034845,0.179140,-0.978299,-0.000343,214.160271
262529,0.015710,0.449821,-0.037186,-0.098304,-0.034738,0.179331,-0.978248,0.000000,214.339142
262532,0.015721,0.449820,-0.037180,-0.098436,-0.034751,0.179581,-0.978189,0.000000,214.525223
262536,0.015727,0.449817,-0.037176,-0.098383,-0.034795,0.179711,-0.978169,-0.000343,214.715767
262539,0.015739,0.449815,-0.037170,-0.098524,-0.034757,0.179919,-0.978118,0.000000,214.902534
262543,0.015751,0.449811,-0.037162,-0.098682,-0.034740,0.180183,-0.978054,-0.000343,215.089989
262546,0.015761,0.449812,-0.037158,-0.098736,-0.034769,0.180374,-0.978012,0.000000,215.282936
262550,0.015772,0.449807,-0.037154,-0.098850,-0.034716,0.180542,-0.977971,0.000000,215.457344
262553,0.015778,0.449805,-0.037149,-0.099024,-0.034686,0.180766,-0.977913,-0.000343,215.658188
262557,0.015791,0.449807,-0.037144,-0.098994,-0.034738,0.180880,-0.977894,0.000000,215.849762
262560,0.015797,0.449803,-0.037141,-0.099101,-0.034711,0.181065,-0.977850,-0.000343,216.043053
262564,0.015812,0.449802,-0.037137,-0.099247,-0.034673,0.181290,-0.977794,0.000000,216.232910
262568,0.015830,0.449802,-0.037133,-0.099280,-0.034706,0.181518,-0.977747,-0.000343,216.414528
262571,0.015841,0.449800,-0.037134,-0.099345,-0.034667,0.181605,-0.977726,-0.000343,216.595802
262575,0.015862,0.449799,-0.037131,-0.099533,-0.034701,0.181954,-0.977641,0.000000,216.767807
262578,0.015873,0.449797,-0.037128,-0.099586,-0.034682,0.182032,-0.977622,0.000000,216.957321
262582,0.015885,0.449796,-0.037122,-0.099722,-0.034621,0.182298,-0.977560,0.000000,217.139969
262585,0.015864,0.449788,-0.037131,-0.100045,-0.033991,0.182469,-0.977518,0.000000,217.335320
262589,0.015871,0.449788,-0.037122,-0.100100,-0.034016,0.182713,-0.977465,0.000000,217.522430
262593,0.015882,0.449781,-0.037111,-0.100308,-0.033946,0.182968,-0.977399,0.000000,217.711945
262596,0.015893,0.449778,-0.037105,-0.100368,-0.033971,0.183132,-0.977361,0.000000,217.901459
262600,0.015910,0.449778,-0.037102,-0.100392,-0.034004,0.183361,-0.977315,0.000000,218.093376
262603,0.015923,0.449773,-0.037102,-0.100494,-0.033983,0.183534,-0.977272,0.000000,218.255081
262607,0.015941,0.449773,-0.037101,-0.100638,-0.033978,0.183898,-0.977189,0.000000,218.459358
262610,0.015952,0.449772,-0.037101,-0.100653,-0.033986,0.184057,-0.977158,0.000000,218.655052
262614,0.015968,0.449768,-0.037100,-0.100821,-0.033943,0.184331,-0.977090,-0.000343,218.833237
262617,0.015980,0.449768,-0.037094,-0.100939,-0.033945,0.184560,-0.977035,0.000000,219.005585
262621,0.016000,0.449767,-0.037085,-0.100933,-0.034035,0.184746,-0.976997,0.000000,219.153900
262624,0.016008,0.449762,-0.037077,-0.101018,-0.034043,0.184976,-0.976945,-0.000343,219.346848
262628,0.016023,0.449757,-0.037063,-0.101270,-0.033989,0.185291,-0.976861,0.000000,219.527435
262632,0.016033,0.449757,-0.037052,-0.101223,-0.034007,0.185460,-0.976833,0.000000,219.720383
262635,0.016040,0.449755,-0.037044,-0.101384,-0.033984,0.185751,-0.976762,0.000000,219.913330
262639,0.016050,0.449750,-0.037037,-0.101503,-0.034028,0.186036,-0.976693,0.000000,220.111427
262642,0.016060,0.449749,-0.037033,-0.101618,-0.034020,0.186274,-0.976636,-0.000343,220.299225
262646,0.016073,0.449745,-0.037032,-0.101824,-0.034010,0.186598,-0.976553,0.000000,220.465393
262649,0.016090,0.449742,-0.037029,-0.101983,-0.034020,0.186933,-0.976472,0.000000,220.626411
262653,0.016146,0.449969,-0.036833,-0.102573,-0.035899,0.189315,-0.975884,0.000000,220.786057
262656,0.016168,0.449969,-0.036828,-0.102751,-0.035855,0.189631,-0.975806,0.000000,220.982094
262660,0.016195,0.449969,-0.036815,-0.102903,-0.035874,0.190059,-0.975706,0.000000,221.168518
262664,0.016216,0.449967,-0.036804,-0.102974,-0.035916,0.190314,-0.975647,0.000000,221.350136
262667,0.016230,0.449965,-0.036792,-0.103155,-0.035856,0.190557,-0.975583,0.000000,221.536217
262671,0.016207,0.449727,-0.036980,-0.102762,-0.034068,0.188717,-0.976046,0.000000,221.695862
262674,0.016220,0.449723,-0.036968,-0.102824,-0.034068,0.188906,-0.976003,0.000000,221.889839
262678,0.016280,0.449960,-0.036749,-0.103544,-0.035944,0.191368,-0.975380,0.000000,222.054291
262681,0.016244,0.449719,-0.036952,-0.103152,-0.034049,0.189438,-0.975866,0.000000,222.235565
262685,0.016257,0.449720,-0.036951,-0.103148,-0.034064,0.189633,-0.975828,-0.000343,222.412033
262689,0.016265,0.449716,-0.036948,-0.103362,-0.034041,0.189988,-0.975737,0.000000,222.580261
262692,0.016275,0.449716,-0.036949,-0.103395,-0.034085,0.190135,-0.975703,0.000000,222.750549
262695,0.016286,0.449716,-0.036949,-0.103482,-0.034076,0.190326,-0.975657,0.000000,222.926674
262699,0.016299,0.449715,-0.036946,-0.103564,-0.034083,0.190502,-0.975614,0.000000,223.098679
262703,0.016316,0.449711,-0.036939,-0.103717,-0.034103,0.190834,-0.975532,0.000000,223.275146
262706,0.016329,0.449711,-0.036936,-0.103728,-0.034118,0.190976,-0.975502,0.000000,223.454361
262710,0.016343,0.449707,-0.036927,-0.103943,-0.034023,0.191274,-0.975424,0.000000,223.645935
262713,0.016355,0.449705,-0.036920,-0.103987,-0.034069,0.191428,-0.975388,0.000000,223.822060
262717,0.016369,0.449704,-0.036909,-0.104086,-0.034118,0.191646,-0.975333,0.000000,223.993721
262720,0.016378,0.449704,-0.036905,-0.104155,-0.034075,0.191769,-0.975303,0.000000,224.154739
262724,0.016396,0.449700,-0.036896,-0.104406,-0.034063,0.192178,-0.975196,0.000000,224.325027
262727,0.016408,0.449700,-0.036893,-0.104398,-0.034083,0.192259,-0.975180,0.000000,224.479866
262731,0.016427,0.449697,-0.036886,-0.104544,-0.034061,0.192597,-0.975098,0.000000,224.637451
262735,0.016444,0.449697,-0.036877,-0.104597,-0.034117,0.192893,-0.975032,0.000000,224.800186
262738,0.016455,0.449695,-0.036873,-0.104676,-0.034108,0.193075,-0.974988,0.000000,224.976654
262742,0.016493,0.449693,-0.036851,-0.104623,-0.034628,0.193346,-0.974922,0.000000,225.142479
262745,0.016478,0.449686,-0.036865,-0.105008,-0.034055,0.193542,-0.974862,0.000000,225.334396
262749,0.016495,0.449685,-0.036862,-0.105005,-0.034078,0.193702,-0.974829,0.000000,225.505371
262752,0.016506,0.449682,-0.036861,-0.105095,-0.034084,0.193881,-0.974784,0.000000,225.664673
262756,0.016542,0.449682,-0.036847,-0.104969,-0.034644,0.194185,-0.974717,0.000000,225.826721
262759,0.016526,0.449676,-0.036859,-0.105280,-0.034080,0.194323,-0.974676,0.000000,225.983276
262763,0.016560,0.449679,-0.036839,-0.105133,-0.034583,0.194531,-0.974633,0.000000,226.145325
262767,0.016574,0.449676,-0.036826,-0.105237,-0.034658,0.194804,-0.974564,0.000000,226.308403
262770,0.016587,0.449673,-0.036816,-0.105367,-0.034628,0.195054,-0.974501,0.000000,226.477318
262774,0.016600,0.449668,-0.036801,-0.105539,-0.034582,0.195349,-0.974425,0.000000,226.644859
262777,0.016614,0.449665,-0.036790,-0.105634,-0.034589,0.195625,-0.974359,0.000000,226.806564
262781,0.016629,0.449661,-0.036781,-0.105680,-0.034603,0.195839,-0.974311,0.000000,226.965866
262784,0.016617,0.449654,-0.036790,-0.106102,-0.034000,0.196095,-0.974235,0.000000,227.133064
262788,0.016666,0.449655,-0.036770,-0.106015,-0.034564,0.196470,-0.974149,0.000000,227.292023
262791,0.016680,0.449655,-0.036770,-0.106070,-0.034606,0.196691,-0.974097,0.000000,227.445145
262795,0.016694,0.449651,-0.036773,-0.106195,-0.034562,0.196855,-0.974051,0.000000,227.590370
262799,0.016708,0.449652,-0.036772,-0.106250,-0.034573,0.197124,-0.973991,0.000000,227.744522
262802,0.016716,0.449650,-0.036772,-0.106276,-0.034601,0.197242,-0.973963,0.000000,227.906914
262805,0.016730,0.449652,-0.036766,-0.106354,-0.034603,0.197474,-0.973907,0.000000,228.071022
262809,0.016740,0.449646,-0.036759,-0.106532,-0.034554,0.197747,-0.973834,0.000000,228.227577
262813,0.016753,0.449641,-0.036748,-0.106595,-0.034556,0.197883,-0.973800,0.000000,228.393402
262816,0.016763,0.449640,-0.036738,-0.106664,-0.034544,0.198043,-0.973760,0.000000,228.560257
262820,0.016777,0.449638,-0.036728,-0.106847,-0.034548,0.198306,-0.973686,0.000000,228.716812
262823,0.016788,0.449634,-0.036721,-0.106868,-0.034604,0.198439,-0.973655,0.000000,228.840408
262827,0.016800,0.449633,-0.036719,-0.106990,-0.034549,0.198696,-0.973591,0.000000,228.991814
262831,0.016811,0.449632,-0.036719,-0.107056,-0.034546,0.198896,-0.973543,0.000000,229.131203
262834,0.016820,0.449632,-0.036722,-0.107076,-0.034555,0.198966,-0.973526,0.000000,229.279861
262838,0.016831,0.449629,-0.036722,-0.107285,-0.034516,0.199288,-0.973439,0.000343,229.417191
262841,0.016838,0.449625,-0.036717,-0.107298,-0.034544,0.199381,-0.973417,0.000343,229.596748
262845,0.016856,0.449626,-0.036710,-0.107373,-0.034589,0.199572,-0.973368,0.000000,229.759483
262848,0.016861,0.449620,-0.036703,-0.107444,-0.034572,0.199700,-0.973335,0.000000,229.920845
262852,0.016876,0.449619,-0.036692,-0.107538,-0.034578,0.200013,-0.973260,0.000000,230.059204
262855,0.016884,0.449618,-0.036685,-0.107595,-0.034579,0.200143,-0.973227,0.000343,230.199966
262859,0.016896,0.449611,-0.036678,-0.107786,-0.034501,0.200378,-0.973160,0.000000,230.319786
262862,0.016908,0.449612,-0.036675,-0.107826,-0.034524,0.200540,-0.973121,0.000343,230.468445
262866,0.016917,0.449607,-0.036676,-0.107855,-0.034579,0.200681,-0.973087,0.000343,230.610580
262869,0.016926,0.449607,-0.036678,-0.107906,-0.034565,0.200808,-0.973056,0.000000,230.756493
262873,0.016938,0.449601,-0.036677,-0.108119,-0.034514,0.201114,-0.972971,0.000000,230.905838
262877,0.016950,0.449603,-0.036675,-0.108099,-0.034534,0.201198,-0.972955,0.000343,231.043854
262880,0.016963,0.449600,-0.036670,-0.108211,-0.034547,0.201424,-0.972895,0.000343,231.212425
262884,0.016974,0.449599,-0.036660,-0.108317,-0.034569,0.201649,-0.972836,0.000000,231.350784
262887,0.016988,0.449598,-0.036652,-0.108356,-0.034589,0.201787,-0.972802,0.000343,231.486397
262891,0.016997,0.449593,-0.036643,-0.108493,-0.034546,0.201987,-0.972747,0.000343,231.606903
262894,0.017005,0.449592,-0.036639,-0.108659,-0.034491,0.202179,-0.972691,0.000000,231.730156
262898,0.017017,0.449590,-0.036636,-0.108631,-0.034542,0.202262,-0.972675,0.000000,231.859932
262901,0.017022,0.449588,-0.036634,-0.108738,-0.034528,0.202465,-0.972621,0.000000,232.000694
262905,0.017030,0.449586,-0.036635,-0.108825,-0.034542,0.202675,-0.972567,0.000000,232.149353
262909,0.017041,0.449585,-0.036633,-0.108832,-0.034529,0.202805,-0.972540,0.000343,232.280846
262912,0.017048,0.449585,-0.036632,-0.108917,-0.034539,0.202998,-0.972490,0.000343,232.437401
262916,0.017063,0.449581,-0.036626,-0.109020,-0.034568,0.203182,-0.972439,0.000000,232.567520
262919,0.017073,0.449580,-0.036616,-0.109083,-0.034600,0.203393,-0.972386,0.000343,232.693176
262923,0.017082,0.449575,-0.036604,-0.109268,-0.034539,0.203588,-0.972327,0.000000,232.807846
262926,0.017093,0.449574,-0.036593,-0.109418,-0.034488,0.203779,-0.972272,0.000343,232.930412
262930,0.017103,0.449570,-0.036585,-0.109368,-0.034540,0.203916,-0.972247,0.000000,233.048172
262934,0.017122,0.449567,-0.036580,-0.109657,-0.034466,0.204249,-0.972147,0.000000,233.169365
262937,0.017136,0.449568,-0.036582,-0.109645,-0.034529,0.204355,-0.972124,0.000343,233.294678
262940,0.017147,0.449565,-0.036585,-0.109677,-0.034520,0.204508,-0.972089,0.000343,233.452263
262944,0.017164,0.449566,-0.036592,-0.109741,-0.034531,0.204656,-0.972050,0.000000,233.590965
262948,0.017180,0.449564,-0.036592,-0.109866,-0.034547,0.204961,-0.971971,0.000000,233.724861
262951,0.017187,0.449564,-0.036591,-0.109869,-0.034544,0.205026,-0.971957,0.000000,233.841591
262955,0.017202,0.449559,-0.036583,-0.110038,-0.034487,0.205343,-0.971873,0.000343,233.951111
262958,0.017212,0.449558,-0.036574,-0.110138,-0.034479,0.205443,-0.971840,0.000343,234.057541
262962,0.017227,0.449556,-0.036560,-0.110138,-0.034524,0.205587,-0.971809,0.000000,234.169807
262965,0.017233,0.449553,-0.036549,-0.110189,-0.034519,0.205689,-0.971781,0.000000,234.287567
262969,0.017244,0.449548,-0.036536,-0.110425,-0.034493,0.205981,-0.971694,0.000000,234.402580
262972,0.017250,0.449547,-0.036533,-0.110423,-0.034528,0.206028,-0.971683,0.000000,234.522400
262976,0.017260,0.449545,-0.036530,-0.110501,-0.034483,0.206232,-0.971632,0.000000,234.641190
262979,0.017267,0.449547,-0.036534,-0.110572,-0.034488,0.206333,-0.971602,0.000000,234.767876
262983,0.017283,0.449549,-0.036541,-0.110533,-0.034554,0.206594,-0.971549,0.000000,234.893532
262986,0.017292,0.449549,-0.036548,-0.110534,-0.034532,0.206682,-0.971531,0.000000,235.009575
262990,0.017304,0.449545,-0.036549,-0.110755,-0.034487,0.206980,-0.971444,0.000343,235.115318
262994,0.017316,0.449544,-0.036547,-0.110758,-0.034519,0.207070,-0.971423,0.000343,235.213165
262997,0.017320,0.449542,-0.036542,-0.110815,-0.034516,0.207209,-0.971387,0.000343,235.309639
263001,0.017325,0.449539,-0.036532,-0.110921,-0.034504,0.207415,-0.971331,0.000000,235.419846
263004,0.017327,0.449536,-0.036523,-0.111000,-0.034511,0.207542,-0.971295,0.000000,235.529366
263008,0.017333,0.449535,-0.036515,-0.111065,-0.034465,0.207672,-0.971262,0.000000,235.633049
263012,0.017341,0.449530,-0.036508,-0.111113,-0.034527,0.207798,-0.971227,0.000343,235.746346
263015,0.017350,0.449531,-0.036503,-0.111183,-0.034558,0.208012,-0.971172,0.000343,235.857239
263019,0.017362,0.449528,-0.036501,-0.111292,-0.034511,0.208212,-0.971118,0.000343,235.960579
263022,0.017374,0.449527,-0.036497,-0.111407,-0.034485,0.208433,-0.971059,0.000000,236.067009
263026,0.017384,0.449527,-0.036497,-0.111341,-0.034508,0.208508,-0.971049,0.000343,236.177902
263029,0.017396,0.449523,-0.036490,-0.111449,-0.034488,0.208740,-0.970988,0.000000,236.270943
263033,0.017414,0.449521,-0.036480,-0.111581,-0.034499,0.208944,-0.970928,0.000343,236.354027
263036,0.017421,0.449518,-0.036472,-0.111666,-0.034474,0.209124,-0.970881,0.000343,236.449471
263040,0.017434,0.449514,-0.036463,-0.111780,-0.034464,0.209251,-0.970841,0.000000,236.535645
263043,0.017441,0.449514,-0.036460,-0.111935,-0.034428,0.209444,-0.970782,0.000343,236.633492
263047,0.017448,0.449511,-0.036460,-0.111867,-0.034494,0.209511,-0.970773,0.000000,236.737518
263051,0.017458,0.449511,-0.036457,-0.112038,-0.034438,0.209811,-0.970691,0.000000,236.832962
263054,0.017459,0.449510,-0.036462,-0.112070,-0.034461,0.209905,-0.970666,0.000000,236.937675
263058,0.017468,0.449509,-0.036461,-0.112089,-0.034490,0.210034,-0.970635,0.000343,237.028313
263061,0.017474,0.449508,-0.036462,-0.112131,-0.034479,0.210160,-0.970603,0.000000,237.104530
263065,0.017488,0.449505,-0.036456,-0.112312,-0.034477,0.210396,-0.970531,0.000000,237.192078
263068,0.017501,0.449505,-0.036449,-0.112298,-0.034499,0.210489,-0.970512,0.000000,237.274132
263072,0.017513,0.449501,-0.036441,-0.112431,-0.034443,0.210683,-0.970456,0.000000,237.355156
263076,0.017527,0.449499,-0.036429,-0.112500,-0.034454,0.210868,-0.970408,0.000343,237.442360
263079,0.017532,0.449498,-0.036423,-0.112526,-0.034472,0.210946,-0.970387,0.000000,237.515144
263082,0.017533,0.449499,-0.036419,-0.112549,-0.034460,0.210987,-0.970376,0.000343,237.617798
263086,0.017540,0.449494,-0.036413,-0.112745,-0.034440,0.211239,-0.970299,0.000000,237.706718
263090,0.017540,0.449493,-0.036417,-0.112714,-0.034481,0.211316,-0.970285,0.000000,237.784309
263093,0.017542,0.449492,-0.036422,-0.112750,-0.034474,0.211369,-0.970269,0.000000,237.858467
263097,0.017548,0.449492,-0.036425,-0.112825,-0.034495,0.211602,-0.970209,0.000000,237.936401
263100,0.017543,0.449491,-0.036429,-0.112801,-0.034494,0.211595,-0.970213,0.000343,238.008842
263104,0.017549,0.449489,-0.036423,-0.112975,-0.034404,0.211769,-0.970158,0.000000,238.082314
263107,0.017550,0.449487,-0.036416,-0.113004,-0.034392,0.211819,-0.970144,0.000000,238.139648
263111,0.017562,0.449487,-0.036403,-0.112992,-0.034493,0.211914,-0.970121,0.000000,238.231659
263115,0.017573,0.449483,-0.036391,-0.113133,-0.034417,0.212018,-0.970085,0.000000,238.309593
263118,0.017583,0.449480,-0.036385,-0.113205,-0.034424,0.212153,-0.970047,0.000000,238.383751
263122,0.017595,0.449482,-0.036381,-0.113130,-0.034445,0.212150,-0.970056,0.000343,238.442802
263125,0.017598,0.449479,-0.036381,-0.113226,-0.034418,0.212316,-0.970009,0.000000,238.514214
263129,0.017598,0.449480,-0.036385,-0.113220,-0.034471,0.212367,-0.969997,0.000343,238.578415
263132,0.017597,0.449479,-0.036389,-0.113224,-0.034457,0.212413,-0.969986,0.000343,238.638496
263136,0.017593,0.449479,-0.036397,-0.113316,-0.034428,0.212479,-0.969962,0.000343,238.703384
263139,0.017595,0.449479,-0.036398,-0.113380,-0.034408,0.212604,-0.969928,0.000343,238.762093
263143,0.017595,0.449479,-0.036397,-0.113280,-0.034461,0.212557,-0.969948,0.000000,238.819427
263146,0.017599,0.449478,-0.036390,-0.113354,-0.034482,0.212652,-0.969918,0.000000,238.875732
263150,0.017597,0.449476,-0.036378,-0.113426,-0.034444,0.212763,-0.969887,0.000000,238.937531
263154,0.017595,0.449474,-0.036369,-0.113392,-0.034461,0.212734,-0.969896,0.000343,239.002419
263157,0.017596,0.449474,-0.036361,-0.113471,-0.034441,0.212824,-0.969868,0.000000,239.062843
263161,0.017598,0.449471,-0.036357,-0.113473,-0.034489,0.212866,-0.969857,0.000000,239.119835
263164,0.017602,0.449472,-0.036359,-0.113485,-0.034496,0.212925,-0.969842,0.000000,239.172020
263168,0.017607,0.449472,-0.036366,-0.113572,-0.034425,0.212977,-0.969823,0.000343,239.222145
263171,0.017608,0.449470,-0.036372,-0.113595,-0.034438,0.213089,-0.969795,0.000000,239.270210
263175,0.017615,0.449473,-0.036378,-0.113474,-0.034492,0.213030,-0.969821,0.000000,239.313812
263179,0.017624,0.449470,-0.036380,-0.113665,-0.034433,0.213227,-0.969757,0.000000,239.357071
263182,0.017626,0.449470,-0.036378,-0.113597,-0.034458,0.213206,-0.969769,0.000343,239.399986
263185,0.017635,0.449469,-0.036374,-0.113643,-0.034464,0.213280,-0.969747,0.000000,239.452171
263189,0.017647,0.449467,-0.036367,-0.113683,-0.034454,0.213255,-0.969748,0.000000,239.499550
263193,0.017663,0.449466,-0.036357,-0.113714,-0.034486,0.213417,-0.969708,0.000000,239.553108
263196,0.017673,0.449465,-0.036358,-0.113669,-0.034466,0.213360,-0.969726,0.000343,239.603233
263200,0.017687,0.449463,-0.036355,-0.113840,-0.034431,0.213578,-0.969660,0.000000,239.639626
263203,0.017691,0.449462,-0.036359,-0.113791,-0.034429,0.213558,-0.969670,0.000343,239.667091
263207,0.017695,0.449462,-0.036361,-0.113794,-0.034459,0.213582,-0.969663,0.000000,239.690094
263210,0.017692,0.449462,-0.036365,-0.113754,-0.034462,0.213598,-0.969664,0.000343,239.715157
263214,0.017693,0.449459,-0.036368,-0.113911,-0.034427,0.213738,-0.969616,0.000000,239.752235
263218,0.017696,0.449462,-0.036369,-0.113869,-0.034442,0.213763,-0.969615,0.000000,239.787941
263221,0.017702,0.449460,-0.036371,-0.113921,-0.034422,0.213811,-0.969599,0.000343,239.826050
263225,0.017712,0.449460,-0.036365,-0.113912,-0.034448,0.213900,-0.969579,0.000343,239.864159
263228,0.017716,0.449458,-0.036361,-0.113917,-0.034479,0.213906,-0.969577,0.000343,239.903297
263232,0.017719,0.449456,-0.036353,-0.114039,-0.034431,0.214002,-0.969543,0.000343,239.934196
263235,0.017722,0.449455,-0.036347,-0.114077,-0.034463,0.214068,-0.969522,0.000343,239.954109
263239,0.017726,0.449457,-0.036345,-0.113995,-0.034468,0.214047,-0.969536,0.000000,239.968529
263242,0.017728,0.449453,-0.036343,-0.114038,-0.034456,0.214069,-0.969527,0.000343,239.980202
263246,0.017734,0.449456,-0.036345,-0.114081,-0.034463,0.214220,-0.969488,0.000343,239.992218
263249,0.017734,0.449457,-0.036347,-0.114047,-0.034506,0.214230,-0.969489,0.000343,240.010071
263253,0.017731,0.449454,-0.036350,-0.114114,-0.034447,0.214269,-0.969474,0.000000,240.032730
263256,0.017729,0.449456,-0.036350,-0.114135,-0.034412,0.214324,-0.969461,0.000000,240.067062
263260,0.017724,0.449455,-0.036348,-0.114112,-0.034502,0.214283,-0.969469,0.000000,240.091095
263264,0.017717,0.449455,-0.036346,-0.114144,-0.034456,0.214316,-0.969460,0.000000,240.106544
263267,0.017716,0.449452,-0.036340,-0.114232,-0.034422,0.214404,-0.969431,0.000000,240.118217
263271,0.017717,0.449453,-0.036336,-0.114090,-0.034494,0.214316,-0.969465,0.000343,240.129547
263274,0.017722,0.449454,-0.036330,-0.114173,-0.034456,0.214453,-0.969426,0.000000,240.135040
263278,0.017726,0.449451,-0.036329,-0.114193,-0.034464,0.214453,-0.969424,0.000000,240.137100
263282,0.017731,0.449450,-0.036327,-0.114182,-0.034540,0.214478,-0.969417,0.000343,240.138474
263285,0.017730,0.449451,-0.036331,-0.114236,-0.034469,0.214532,-0.969401,0.000000,240.139847
263288,0.017729,0.449448,-0.036332,-0.114322,-0.034422,0.214625,-0.969372,0.000000,240.141907
263292,0.017725,0.449453,-0.036338,-0.114165,-0.034518,0.214528,-0.969408,0.000000,240.143967
263296,0.017725,0.449451,-0.036341,-0.114282,-0.034437,0.214688,-0.969362,0.000343,240.147400
263299,0.017725,0.449452,-0.036341,-0.114252,-0.034445,0.214661,-0.969371,0.000000,240.152550
263303,0.017723,0.449451,-0.036338,-0.114217,-0.034491,0.214646,-0.969377,0.000343,240.344810
263306,0.017723,0.449450,-0.036333,-0.114202,-0.034497,0.214657,-0.969376,0.000343,241.285515
263310,0.017736,0.449449,-0.036334,-0.114295,-0.034472,0.214940,-0.969304,0.000000,243.271637
263313,0.017775,0.449439,-0.036316,-0.114604,-0.034527,0.215812,-0.969071,0.000343,245.925522
263317,0.017930,0.449407,-0.036257,-0.115819,-0.034404,0.218432,-0.968344,0.000000,247.690544
263321,0.018064,0.449377,-0.036198,-0.116837,-0.034380,0.220365,-0.967784,0.000000,246.492691
263324,0.018065,0.449377,-0.036205,-0.116829,-0.034410,0.220422,-0.967771,0.000343,242.486801
263327,0.018077,0.449370,-0.036186,-0.116975,-0.034363,0.220496,-0.967738,0.000000,236.408272
263331,0.018052,0.449353,-0.036153,-0.117330,-0.034216,0.220540,-0.967691,0.000000,230.060234
263335,0.018008,0.449366,-0.036176,-0.116924,-0.034340,0.220011,-0.967856,0.000000,224.366570
263338,0.017972,0.449360,-0.036159,-0.116953,-0.034374,0.219512,-0.967964,0.000000,217.449989
263342,0.017942,0.449369,-0.036176,-0.116716,-0.034432,0.219177,-0.968067,0.000000,211.155510
263345,0.017937,0.449374,-0.036189,-0.116540,-0.034445,0.218980,-0.968132,0.000343,204.863091
263349,0.017930,0.449374,-0.036190,-0.116509,-0.034396,0.218715,-0.968198,0.000000,198.584747
263352,0.017927,0.449383,-0.036212,-0.116223,-0.034458,0.218448,-0.968290,0.000000,192.319450
263356,0.017889,0.449394,-0.036224,-0.115794,-0.034545,0.217469,-0.968559,0.000343,187.097855
263359,0.017829,0.449407,-0.036255,-0.115271,-0.034558,0.216508,-0.968836,0.000000,183.029823
263363,0.017771,0.449418,-0.036279,-0.114945,-0.034633,0.215730,-0.969045,0.000343,181.822701
263366,0.017756,0.449418,-0.036273,-0.114942,-0.034635,0.215520,-0.969092,0.000343,182.226448
263370,0.017753,0.449425,-0.036286,-0.114730,-0.034641,0.215378,-0.969149,0.000000,183.148270
263374,0.017765,0.449425,-0.036279,-0.114751,-0.034650,0.215325,-0.969158,0.000000,183.261909
263377,0.017777,0.449427,-0.036287,-0.114699,-0.034645,0.215364,-0.969155,0.000000,181.671638
263381,0.017779,0.449427,-0.036284,-0.114591,-0.034673,0.215023,-0.969243,0.000000,178.087349
263384,0.017734,0.449444,-0.036301,-0.114102,-0.034684,0.213941,-0.969540,0.000343,172.823868
263388,0.017558,0.449484,-0.036366,-0.112704,-0.034792,0.211133,-0.970315,0.000000,166.956825
263391,0.017443,0.449506,-0.036410,-0.111701,-0.034842,0.209084,-0.970872,0.000000,161.836166
263395,0.017253,0.449533,-0.036470,-0.110511,-0.034882,0.206062,-0.971653,0.000000,158.500443
263399,0.017066,0.449564,-0.036556,-0.109165,-0.034884,0.203149,-0.972418,0.000000,157.213326
263402,0.017024,0.449571,-0.036580,-0.108822,-0.034825,0.202378,-0.972619,0.000000,157.467384
263405,0.017018,0.449571,-0.036595,-0.108769,-0.034820,0.202182,-0.972666,0.000000,158.773384
263409,0.017005,0.449580,-0.036627,-0.108540,-0.034905,0.201878,-0.972752,0.000343,160.393524
263413,0.017009,0.449578,-0.036629,-0.108592,-0.034839,0.201775,-0.972770,0.000343,161.633949
263416,0.017004,0.449578,-0.036632,-0.108567,-0.034830,0.201697,-0.972789,0.000343,162.037010
263420,0.016997,0.449578,-0.036626,-0.108467,-0.034843,0.201528,-0.972835,0.000000,161.604424
263423,0.017002,0.449577,-0.036614,-0.108502,-0.034792,0.201502,-0.972838,0.000000,160.484848
263427,0.017014,0.449575,-0.036602,-0.108533,-0.034785,0.201489,-0.972838,0.000343,159.106407
263430,0.017032,0.449576,-0.036596,-0.108510,-0.034782,0.201540,-0.972830,0.000000,158.008118
263434,0.017039,0.449574,-0.036592,-0.108446,-0.034824,0.201377,-0.972869,0.000000,157.481804
263438,0.017031,0.449577,-0.036598,-0.108403,-0.034791,0.201265,-0.972898,0.000000,157.528496
263441,0.017014,0.449579,-0.036604,-0.108285,-0.034818,0.201059,-0.972953,0.000000,158.113174
263445,0.016996,0.449581,-0.036617,-0.108313,-0.034789,0.201038,-0.972955,0.000343,158.833809
263448,0.016980,0.449581,-0.036628,-0.108236,-0.034803,0.200909,-0.972990,0.000343,159.532127
263452,0.016972,0.449584,-0.036640,-0.108122,-0.034875,0.200836,-0.973015,0.000000,159.728851
263455,0.016970,0.449585,-0.036651,-0.108052,-0.034845,0.200750,-0.973042,0.000000,159.495735
263459,0.016976,0.449584,-0.036654,-0.108224,-0.034785,0.200807,-0.973013,0.000000,158.837585
263462,0.016981,0.449584,-0.036654,-0.108086,-0.034889,0.200748,-0.973037,0.000000,157.981339
263466,0.016988,0.449582,-0.036650,-0.108144,-0.034814,0.200739,-0.973035,0.000000,157.204742
263470,0.016988,0.449586,-0.036647,-0.108040,-0.034816,0.200645,-0.973066,0.000000,156.781769
263473,0.016977,0.449587,-0.036644,-0.107973,-0.034829,0.200461,-0.973111,0.000000,156.684608
263477,0.016964,0.449588,-0.036644,-0.107941,-0.034823,0.200269,-0.973154,0.000000,156.803055
263480,0.016960,0.449588,-0.036640,-0.107958,-0.034813,0.200226,-0.973161,0.000000,157.097282
263484,0.016957,0.449593,-0.036643,-0.107830,-0.034864,0.200045,-0.973211,0.000000,157.368164
263487,0.016954,0.449591,-0.036645,-0.107828,-0.034856,0.200039,-0.973212,0.000000,157.460175
263491,0.016950,0.449592,-0.036646,-0.107818,-0.034825,0.200044,-0.973214,0.000000,157.347565
263494,0.016941,0.449592,-0.036648,-0.107776,-0.034836,0.200013,-0.973224,0.000000,157.024841
263498,0.016927,0.449592,-0.036646,-0.107768,-0.034833,0.199884,-0.973252,0.000000,156.464195
263501,0.016921,0.449592,-0.036645,-0.107800,-0.034818,0.199901,-0.973245,0.000000,155.885010
263505,0.016910,0.449595,-0.036647,-0.107623,-0.034879,0.199635,-0.973317,0.000343,155.407448
263509,0.016893,0.449599,-0.036657,-0.107513,-0.034852,0.199289,-0.973401,0.000000,155.142059
263512,0.016885,0.449602,-0.036664,-0.107438,-0.034839,0.199134,-0.973442,0.000000,155.081978
263516,0.016869,0.449608,-0.036675,-0.107215,-0.034853,0.198775,-0.973539,0.000343,155.084724
263519,0.016861,0.449610,-0.036683,-0.107180,-0.034843,0.198710,-0.973557,0.000343,155.106354
263523,0.016848,0.449610,-0.036684,-0.107169,-0.034840,0.198599,-0.973581,0.000343,155.106697
263526,0.016838,0.449611,-0.036689,-0.107126,-0.034846,0.198516,-0.973602,0.000000,155.053139
263530,0.016831,0.449612,-0.036692,-0.107061,-0.034862,0.198359,-0.973641,0.000000,154.837875
263533,0.016833,0.449614,-0.036692,-0.107106,-0.034808,0.198348,-0.973640,0.000000,154.438591
263537,0.016829,0.449618,-0.036698,-0.106882,-0.034892,0.198103,-0.973711,0.000000,153.963776
263540,0.016822,0.449617,-0.036696,-0.106818,-0.034864,0.197906,-0.973760,0.000000,153.481407
263544,0.016794,0.449621,-0.036702,-0.106665,-0.034858,0.197570,-0.973845,0.000000,153.131218
263548,0.016766,0.449625,-0.036702,-0.106481,-0.034884,0.197206,-0.973938,0.000000,152.959557
263551,0.016742,0.449625,-0.036706,-0.106417,-0.034854,0.196947,-0.973998,0.000000,152.857246
263555,0.016728,0.449627,-0.036711,-0.106434,-0.034881,0.196875,-0.974010,0.000000,152.790298
263558,0.016721,0.449628,-0.036720,-0.106330,-0.034921,0.196698,-0.974056,0.000000,152.683525
263562,0.016713,0.449630,-0.036740,-0.106245,-0.034876,0.196597,-0.974087,0.000000,152.497101
263565,0.016711,0.449635,-0.036750,-0.106200,-0.034892,0.196458,-0.974119,0.000000,152.205276
263569,0.016701,0.449642,-0.036760,-0.106003,-0.034943,0.196285,-0.974174,0.000000,151.830711
263572,0.016654,0.449639,-0.036783,-0.106105,-0.034369,0.195886,-0.974263,0.000000,151.418724
263576,0.016654,0.449648,-0.036766,-0.105736,-0.034934,0.195536,-0.974354,0.000000,151.040726
263580,0.016619,0.449649,-0.036759,-0.105522,-0.034922,0.194920,-0.974501,0.000000,150.763321
263583,0.016598,0.449653,-0.036756,-0.105356,-0.034913,0.194498,-0.974603,0.000000,150.500679
263587,0.016575,0.449656,-0.036750,-0.105258,-0.034919,0.194127,-0.974688,0.000000,150.325584
263590,0.016556,0.449658,-0.036755,-0.105080,-0.034950,0.193791,-0.974773,0.000343,150.160789
263594,0.016531,0.449663,-0.036775,-0.104911,-0.034894,0.193444,-0.974862,0.000000,149.967842
263597,0.016491,0.449664,-0.036807,-0.105050,-0.034327,0.193217,-0.974912,0.000000,149.705200
263601,0.016468,0.449674,-0.036839,-0.104793,-0.034445,0.192846,-0.975009,0.000000,149.403763
263604,0.016442,0.449675,-0.036866,-0.104651,-0.034420,0.192465,-0.975100,0.000000,148.991776
263608,0.016407,0.449683,-0.036895,-0.104462,-0.034396,0.191905,-0.975232,0.000000,148.597984
263611,0.016379,0.449687,-0.036911,-0.104185,-0.034441,0.191470,-0.975345,0.000000,148.244019
263615,0.016346,0.449691,-0.036915,-0.103863,-0.034414,0.190882,-0.975496,0.000000,147.917175
263619,0.016319,0.449696,-0.036911,-0.103655,-0.034433,0.190363,-0.975619,0.000000,147.683029
263622,0.016299,0.449695,-0.036899,-0.103508,-0.034440,0.190001,-0.975705,0.000000,147.419701
263626,0.016274,0.449696,-0.036889,-0.103346,-0.034408,0.189530,-0.975815,0.000000,147.182808
263629,0.016258,0.449696,-0.036885,-0.103289,-0.034367,0.189276,-0.975872,0.000000,146.907806
263633,0.016239,0.449700,-0.036894,-0.103000,-0.034433,0.188812,-0.975990,0.000000,146.573067
263636,0.016226,0.449703,-0.036908,-0.102889,-0.034453,0.188518,-0.976057,0.000000,146.204338
263640,0.016207,0.449708,-0.036941,-0.102691,-0.034389,0.188114,-0.976158,0.000000,145.816040
263644,0.016184,0.449716,-0.036980,-0.102347,-0.034389,0.187549,-0.976303,0.000000,145.435982
263647,0.016161,0.449723,-0.037006,-0.102097,-0.034377,0.187053,-0.976425,0.000000,145.075836
263650,0.016135,0.449728,-0.037028,-0.101961,-0.034303,0.186601,-0.976528,0.000000,144.743500
263654,0.016106,0.449732,-0.037040,-0.101642,-0.034423,0.185960,-0.976680,0.000000,144.434853
263658,0.016064,0.449737,-0.037048,-0.101395,-0.034351,0.185228,-0.976847,0.000000,144.135818
263661,0.016079,0.449967,-0.036849,-0.101801,-0.036174,0.186937,-0.976413,0.000000,143.833351
263665,0.016015,0.449742,-0.037036,-0.100954,-0.034387,0.184269,-0.977072,0.000000,143.505821
263668,0.015992,0.449745,-0.037037,-0.100810,-0.034319,0.183841,-0.977171,0.000000,143.175545
263672,0.015961,0.449749,-0.037039,-0.100668,-0.034319,0.183362,-0.977275,0.000000,142.748795
263675,0.015935,0.449754,-0.037050,-0.100463,-0.034360,0.182984,-0.977366,0.000000,142.335091
263679,0.015896,0.449760,-0.037069,-0.100200,-0.034334,0.182371,-0.977508,0.000000,141.948853
263682,0.015869,0.449765,-0.037090,-0.100090,-0.034294,0.181946,-0.977600,0.000000,141.570168
263686,0.015841,0.449774,-0.037119,-0.099796,-0.034380,0.181469,-0.977716,0.000000,141.217918
263689,0.015848,0.449780,-0.037119,-0.099362,-0.034994,0.181066,-0.977813,0.000000,140.859146
263693,0.015823,0.449786,-0.037144,-0.099136,-0.034946,0.180608,-0.977922,0.000000,140.500031
263697,0.015804,0.449791,-0.037151,-0.098896,-0.035020,0.180180,-0.978023,0.000000,140.129585
263700,0.015784,0.449795,-0.037153,-0.098715,-0.035029,0.179859,-0.978100,0.000000,139.759140
263704,0.015759,0.449794,-0.037150,-0.098633,-0.035032,0.179493,-0.978175,0.000000,139.358139
263707,0.015740,0.449796,-0.037148,-0.098467,-0.035057,0.179122,-0.978259,0.000000,138.955421
263711,0.015716,0.449800,-0.037148,-0.098253,-0.035024,0.178685,-0.978362,0.000000,138.542404
263715,0.015691,0.449807,-0.037149,-0.098023,-0.035084,0.178304,-0.978452,0.000000,138.125610
263718,0.015668,0.449810,-0.037154,-0.097832,-0.035127,0.177939,-0.978536,0.000000,137.769928
263721,0.015641,0.449816,-0.037166,-0.097591,-0.035124,0.177523,-0.978636,0.000000,137.323952
263725,0.015604,0.449818,-0.037179,-0.097463,-0.035107,0.177052,-0.978735,0.000000,136.932564
263729,0.015573,0.449825,-0.037196,-0.097156,-0.035171,0.176537,-0.978856,0.000000,136.530533
263732,0.015555,0.449828,-0.037204,-0.097071,-0.035169,0.176271,-0.978912,-0.000343,136.118202
263736,0.015534,0.449832,-0.037219,-0.096914,-0.035167,0.175893,-0.978996,0.000000,135.700035
263739,0.015513,0.449834,-0.037229,-0.096720,-0.035193,0.175519,-0.979081,0.000000,135.317230
263743,0.015473,0.449837,-0.037246,-0.096414,-0.035087,0.174761,-0.979251,0.000000,134.833145
263746,0.015452,0.449840,-0.037258,-0.096253,-0.035117,0.174406,-0.979329,0.000000,134.383736
263750,0.015429,0.449843,-0.037271,-0.096003,-0.035181,0.173893,-0.979442,0.000000,133.949089
263753,0.015406,0.449850,-0.037287,-0.095835,-0.035142,0.173455,-0.979538,0.000000,133.515472
263757,0.015376,0.449853,-0.037307,-0.095665,-0.035110,0.173003,-0.979635,0.000000,133.081856
263760,0.015354,0.449856,-0.037314,-0.095479,-0.035118,0.172681,-0.979710,0.000000,132.663689
263764,0.015315,0.449861,-0.037324,-0.095146,-0.035100,0.172052,-0.979854,0.000000,132.236938
263768,0.015286,0.449863,-0.037327,-0.094951,-0.035113,0.171600,-0.979952,0.000000,131.790962
263771,0.015261,0.449864,-0.037325,-0.094765,-0.035135,0.171188,-0.980041,0.000000,131.344299
263775,0.015225,0.449868,-0.037332,-0.094530,-0.035100,0.170572,-0.980172,-0.000343,130.870857
263778,0.015201,0.449871,-0.037334,-0.094308,-0.035084,0.170185,-0.980261,0.000000,130.417328
263782,0.015161,0.449871,-0.037351,-0.094010,-0.035106,0.169524,-0.980404,0.000000,129.922943
263786,0.015127,0.449878,-0.037371,-0.093817,-0.035024,0.168971,-0.980520,0.000000,129.461861
263789,0.015095,0.449878,-0.037391,-0.093639,-0.035013,0.168464,-0.980625,0.000000,128.985329
263793,0.015068,0.449888,-0.037417,-0.093290,-0.035052,0.167885,-0.980756,0.000000,128.519783
263796,0.015041,0.449890,-0.037438,-0.093134,-0.035029,0.167385,-0.980857,0.000000,128.090630
263800,0.015006,0.449896,-0.037455,-0.092929,-0.035052,0.166818,-0.980973,0.000000,127.580795
263803,0.014982,0.449902,-0.037461,-0.092683,-0.035080,0.166334,-0.981077,0.000000,127.127266
263807,0.014936,0.449903,-0.037468,-0.092410,-0.035019,0.165643,-0.981222,0.000000,126.658287
263810,0.014902,0.449904,-0.037470,-0.092174,-0.035071,0.165107,-0.981333,0.000000,126.162872
263814,0.014861,0.449911,-0.037477,-0.091885,-0.035102,0.164466,-0.981466,0.000000,125.670547
263817,0.014833,0.449914,-0.037485,-0.091629,-0.035135,0.163961,-0.981574,0.000000,125.157967
263821,0.014797,0.449918,-0.037505,-0.091486,-0.035071,0.163375,-0.981687,-0.000343,124.625816
263825,0.014760,0.449924,-0.037531,-0.091085,-0.035091,0.162671,-0.981840,0.000000,124.187050
263828,0.014727,0.449924,-0.037552,-0.090877,-0.035095,0.162196,-0.981938,0.000000,123.641510
263832,0.014698,0.449932,-0.037578,-0.090603,-0.035081,0.161691,-0.982047,0.000000,123.145409
263835,0.014678,0.449939,-0.037590,-0.090445,-0.035086,0.161320,-0.982122,0.000000,122.641068
263839,0.014643,0.449940,-0.037606,-0.090196,-0.035033,0.160728,-0.982244,-0.000343,122.150116
263842,0.014621,0.449941,-0.037613,-0.090016,-0.035020,0.160327,-0.982327,0.000000,121.640968
263846,0.014597,0.449944,-0.037609,-0.089736,-0.035124,0.159760,-0.982441,0.000000,121.113625
263850,0.014568,0.449945,-0.037610,-0.089505,-0.035075,0.159212,-0.982553,0.000000,120.598640
263853,0.014542,0.449945,-0.037612,-0.089289,-0.035088,0.158751,-0.982647,0.000000,120.076790
263857,0.014501,0.449953,-0.037635,-0.088791,-0.035124,0.157858,-0.982834,-0.000343,119.513741
263860,0.014471,0.449956,-0.037653,-0.088507,-0.035082,0.157298,-0.982951,0.000000,118.970604
263864,0.014439,0.449959,-0.037679,-0.088166,-0.035140,0.156637,-0.983085,0.000000,118.368416
263867,0.014410,0.449962,-0.037707,-0.087824,-0.035136,0.156028,-0.983213,0.000000,117.944756
263871,0.014363,0.449968,-0.037742,-0.087433,-0.035084,0.155134,-0.983391,0.000000,117.493286
263874,0.014331,0.449971,-0.037759,-0.087205,-0.035077,0.154592,-0.983497,-0.000343,117.185669
263878,0.014284,0.449978,-0.037778,-0.086730,-0.035168,0.153716,-0.983673,0.000000,116.925430
263882,0.014217,0.449985,-0.037795,-0.086412,-0.035125,0.152742,-0.983854,0.000000,116.707420
263885,0.014186,0.449991,-0.037801,-0.086177,-0.035178,0.152201,-0.983957,0.000000,116.539879
263888,0.014159,0.449993,-0.037799,-0.086018,-0.035217,0.151764,-0.984037,0.000000,116.316719
263892,0.014117,0.449995,-0.037809,-0.085717,-0.035193,0.151076,-0.984170,-0.000343,116.096992
263896,0.014096,0.449998,-0.037815,-0.085564,-0.035249,0.150730,-0.984234,-0.000343,115.871429
263899,0.014080,0.450000,-0.037827,-0.085344,-0.035248,0.150332,-0.984314,-0.000343,115.609131
263903,0.014057,0.450004,-0.037847,-0.085110,-0.035222,0.149909,-0.984400,-0.000343,115.361938
263906,0.014044,0.450004,-0.037858,-0.084996,-0.035198,0.149613,-0.984456,-0.000343,115.063934
263910,0.014024,0.450008,-0.037876,-0.084726,-0.035251,0.149234,-0.984535,0.000000,114.796829
263913,0.014006,0.450008,-0.037886,-0.084583,-0.035226,0.148920,-0.984595,0.000000,114.536934
263917,0.013987,0.450006,-0.037893,-0.084521,-0.035223,0.148642,-0.984643,0.000000,114.277382
263921,0.013964,0.450006,-0.037901,-0.084268,-0.035225,0.148176,-0.984734,-0.000343,114.027100
263924,0.013947,0.450008,-0.037906,-0.084159,-0.035196,0.147889,-0.984788,0.000000,113.774757
263927,0.013931,0.450009,-0.037906,-0.084033,-0.035214,0.147640,-0.984836,0.000000,113.517265
263931,0.013904,0.450011,-0.037911,-0.083825,-0.035253,0.147222,-0.984914,-0.000343,113.278999
263935,0.013862,0.450013,-0.037923,-0.083599,-0.035156,0.146635,-0.985025,0.000000,113.033180
263938,0.013826,0.450015,-0.037930,-0.083377,-0.035146,0.146101,-0.985123,-0.000343,112.768822
263942,0.013781,0.450021,-0.037946,-0.083070,-0.035184,0.145346,-0.985259,0.000000,112.476997
263945,0.013751,0.450022,-0.037959,-0.082879,-0.035117,0.144842,-0.985352,-0.000343,112.191353
263949,0.013725,0.450024,-0.037971,-0.082695,-0.035133,0.144430,-0.985428,0.000000,111.908455
263953,0.013698,0.450027,-0.037984,-0.082350,-0.035124,0.143845,-0.985542,0.000000,111.647530
263956,0.013684,0.450027,-0.037991,-0.082264,-0.035085,0.143542,-0.985595,-0.000343,111.420250
263959,0.013666,0.450025,-0.037997,-0.082133,-0.035067,0.143197,-0.985657,-0.000343,111.134605
263963,0.013641,0.450027,-0.038008,-0.081875,-0.035109,0.142724,-0.985745,0.000000,110.883980
263967,0.013610,0.450028,-0.038024,-0.081681,-0.035052,0.142211,-0.985838,0.000000,110.616875
263970,0.013587,0.450032,-0.038039,-0.081522,-0.035073,0.141906,-0.985894,-0.000343,110.339470
263974,0.013545,0.450037,-0.038062,-0.081122,-0.035059,0.141133,-0.986038,-0.000343,110.049019
263977,0.013512,0.450038,-0.038080,-0.080887,-0.035043,0.140690,-0.986122,-0.000343,109.760628
263981,0.013463,0.450042,-0.038099,-0.080597,-0.035025,0.139915,-0.986256,0.000000,109.487000
263984,0.013428,0.450044,-0.038110,-0.080318,-0.035065,0.139403,-0.986350,0.000000,109.238434
263988,0.013315,0.450046,-0.038154,-0.080561,-0.033650,0.138846,-0.986458,0.000000,108.928413
263991,0.013352,0.450046,-0.038117,-0.079965,-0.034997,0.138295,-0.986537,0.000000,108.640366
263995,0.013330,0.450048,-0.038116,-0.079679,-0.035090,0.137797,-0.986627,0.000000,108.364334
263998,0.013247,0.450048,-0.038155,-0.080053,-0.033701,0.137634,-0.986668,-0.000343,108.088989
264002,0.013224,0.450050,-0.038167,-0.079929,-0.033636,0.137230,-0.986736,-0.000343,107.805748
264006,0.013202,0.450054,-0.038184,-0.079696,-0.033642,0.136790,-0.986816,-0.000343,107.552719
264009,0.013182,0.450057,-0.038201,-0.079515,-0.033625,0.136481,-0.986874,0.000000,107.243729
264013,0.013159,0.450058,-0.038221,-0.079405,-0.033645,0.136152,-0.986927,-0.000343,106.959114
264016,0.013140,0.450060,-0.038239,-0.079219,-0.033628,0.135844,-0.986985,-0.000343,106.669693
264020,0.013111,0.450064,-0.038255,-0.078994,-0.033627,0.135448,-0.987058,-0.000343,106.372375
264023,0.013092,0.450063,-0.038260,-0.078867,-0.033624,0.135117,-0.987113,0.000000,106.070251
264027,0.013068,0.450065,-0.038262,-0.078610,-0.033671,0.134727,-0.987186,-0.000343,105.771561
264031,0.013045,0.450062,-0.038256,-0.078535,-0.033618,0.134304,-0.987251,0.000000,105.482826
264034,0.013032,0.450063,-0.038251,-0.078405,-0.033602,0.134022,-0.987300,-0.000343,105.230827
264037,0.013013,0.450060,-0.038248,-0.078228,-0.033623,0.133675,-0.987361,-0.000343,104.918060
264041,0.012988,0.450062,-0.038250,-0.078034,-0.033606,0.133227,-0.987437,-0.000343,104.641685
264045,0.012960,0.450063,-0.038261,-0.077858,-0.033635,0.132854,-0.987500,-0.000343,104.341621
264048,0.012932,0.450063,-0.038278,-0.077619,-0.033673,0.132461,-0.987571,-0.000343,104.065590
264052,0.012902,0.450067,-0.038309,-0.077365,-0.033559,0.131972,-0.987660,-0.000343,103.726387
264055,0.012886,0.450071,-0.038328,-0.077191,-0.033596,0.131633,-0.987717,0.000000,103.419800
264059,0.012872,0.450075,-0.038354,-0.076925,-0.033653,0.131210,-0.987792,-0.000343,103.113556
264063,0.012854,0.450076,-0.038372,-0.076786,-0.033603,0.130806,-0.987859,-0.000343,102.804222
264066,0.012842,0.450077,-0.038382,-0.076645,-0.033617,0.130513,-0.987908,-0.000343,102.526131
264069,0.012834,0.450079,-0.038383,-0.076492,-0.033626,0.130182,-0.987963,0.000000,102.201004
264073,0.012816,0.450079,-0.038382,-0.076258,-0.033583,0.129715,-0.988044,-0.000343,101.924286
264077,0.012801,0.450077,-0.038378,-0.076086,-0.033642,0.129297,-0.988110,0.000000,101.665421
264080,0.012788,0.450078,-0.038377,-0.075933,-0.033648,0.129001,-0.988160,-0.000343,101.320381
264084,0.012759,0.450077,-0.038383,-0.075783,-0.033572,0.128437,-0.988248,-0.000343,101.001091
264087,0.012737,0.450080,-0.038392,-0.075638,-0.033590,0.128112,-0.988301,-0.000343,100.681114
264091,0.012702,0.450088,-0.038407,-0.075188,-0.033745,0.127522,-0.988406,0.000000,100.363197
264094,0.012677,0.450092,-0.038421,-0.075024,-0.033733,0.127159,-0.988465,0.000000,100.049400
264098,0.012646,0.450097,-0.038441,-0.074852,-0.033703,0.126759,-0.988531,0.000000,99.780922
264101,0.012625,0.450097,-0.038451,-0.074708,-0.033722,0.126503,-0.988574,-0.000343,99.448242
264105,0.012598,0.450100,-0.038464,-0.074436,-0.033692,0.125943,-0.988667,0.000000,99.146805
264109,0.012580,0.450100,-0.038469,-0.074327,-0.033740,0.125573,-0.988721,-0.000343,98.842621
264112,0.012564,0.450101,-0.038475,-0.074143,-0.033764,0.125217,-0.988779,0.000000,98.527794
264116,0.012555,0.450082,-0.038485,-0.074119,-0.033893,0.124413,-0.988878,0.000000,98.247299
264119,0.012541,0.450082,-0.038490,-0.073993,-0.033882,0.124059,-0.988932,-0.000343,97.883034
264123,0.012517,0.450086,-0.038500,-0.073698,-0.033914,0.123584,-0.989012,0.000000,97.590866
264126,0.012497,0.450087,-0.038510,-0.073533,-0.033858,0.123247,-0.989069,-0.000343,97.229004
264130,0.012478,0.450084,-0.038518,-0.073467,-0.033905,0.122999,-0.989103,0.000000,96.922417
264133,0.012460,0.450087,-0.038528,-0.073306,-0.033917,0.122686,-0.989153,0.000000,96.638145
264137,0.012434,0.450085,-0.038537,-0.073135,-0.033917,0.122324,-0.989211,0.000000,96.298599
264141,0.012413,0.450086,-0.038546,-0.073017,-0.033917,0.122064,-0.989251,0.000000,95.976906
264144,0.012391,0.450087,-0.038554,-0.072817,-0.033883,0.121718,-0.989310,0.000000,95.656586
264147,0.012371,0.450088,-0.038560,-0.072684,-0.033882,0.121388,-0.989360,-0.000343,95.325623
264151,0.012345,0.450087,-0.038566,-0.072616,-0.033834,0.121087,-0.989404,0.000000,94.997749
264155,0.012315,0.450088,-0.038571,-0.072363,-0.033890,0.120630,-0.989476,0.000000,94.677086
264158,0.012294,0.450087,-0.038577,-0.072177,-0.033845,0.120256,-0.989537,0.000000,94.356079
264162,0.012270,0.450087,-0.038586,-0.072086,-0.033833,0.119929,-0.989584,-0.000343,94.037819
264165,0.012247,0.450088,-0.038597,-0.071810,-0.033904,0.119436,-0.989661,0.000000,93.704109
264169,0.012208,0.450091,-0.038623,-0.071413,-0.033813,0.118695,-0.989782,0.000000,93.382759
264173,0.012170,0.450092,-0.038638,-0.071108,-0.033861,0.118122,-0.989871,-0.000343,93.050079
264176,0.012136,0.450092,-0.038654,-0.070850,-0.033848,0.117615,-0.989950,0.000000,92.726669
264180,0.012090,0.450094,-0.038673,-0.070595,-0.033775,0.116916,-0.990054,0.000000,92.389870
264183,0.012057,0.450091,-0.038684,-0.070412,-0.033790,0.116463,-0.990120,0.000000,92.069893
264187,0.012019,0.450099,-0.038699,-0.070069,-0.033790,0.115795,-0.990222,-0.000343,91.737900
264190,0.012061,0.450105,-0.038674,-0.069448,-0.035012,0.115255,-0.990287,-0.000343,91.409683
264194,0.012035,0.450107,-0.038681,-0.069318,-0.035017,0.114893,-0.990338,-0.000343,91.063271
264197,0.012014,0.450106,-0.038689,-0.069133,-0.035001,0.114524,-0.990394,-0.000343,90.742950
264201,0.011978,0.450108,-0.038699,-0.068851,-0.034986,0.113876,-0.990489,0.000000,90.409927
264204,0.011948,0.450108,-0.038708,-0.068710,-0.034966,0.113514,-0.990541,0.000000,90.070038
264208,0.011919,0.450110,-0.038718,-0.068468,-0.035000,0.112952,-0.990621,0.000000,89.737358
264211,0.011900,0.450112,-0.038727,-0.068330,-0.034989,0.112610,-0.990669,0.000000,89.406395
264215,0.011872,0.450111,-0.038747,-0.068311,-0.034822,0.112196,-0.990723,0.000000,89.077835
264219,0.011821,0.450104,-0.038769,-0.068278,-0.034261,0.111768,-0.990794,0.000000,88.736572
264222,0.011832,0.450113,-0.038766,-0.067863,-0.034788,0.111432,-0.990842,0.000000,88.400116
264226,0.011784,0.450103,-0.038782,-0.067986,-0.034306,0.111159,-0.990881,0.000000,88.064346
264229,0.011768,0.450104,-0.038786,-0.067851,-0.034269,0.110879,-0.990923,0.000000,87.770119
264233,0.011746,0.450102,-0.038791,-0.067710,-0.034290,0.110526,-0.990971,-0.000343,87.397957
264236,0.011729,0.450101,-0.038795,-0.067629,-0.034282,0.110322,-0.991000,0.000000,87.068024
264240,0.011675,0.450107,-0.038824,-0.067584,-0.033582,0.110165,-0.991044,0.000000,86.719208
264244,0.011658,0.450108,-0.038836,-0.067497,-0.033511,0.109900,-0.991082,-0.000343,86.380005
264247,0.011671,0.450102,-0.038826,-0.067121,-0.034256,0.109387,-0.991139,0.000000,86.021233
264251,0.011613,0.450111,-0.038864,-0.067034,-0.033612,0.109111,-0.991197,0.000000,85.675850
264254,0.011587,0.450110,-0.038878,-0.066854,-0.033550,0.108688,-0.991258,0.000000,85.323944
264258,0.011556,0.450110,-0.038892,-0.066693,-0.033596,0.108271,-0.991313,-0.000343,84.996414
264261,0.011531,0.450110,-0.038904,-0.066444,-0.033584,0.107793,-0.991382,0.000000,84.662018
264265,0.011503,0.450112,-0.038913,-0.066234,-0.033540,0.107358,-0.991445,0.000000,84.326935
264268,0.011489,0.450111,-0.038922,-0.066075,-0.033573,0.107022,-0.991490,-0.000343,83.989449
264272,0.011473,0.450112,-0.038933,-0.065793,-0.033582,0.106574,-0.991557,0.000000,83.639259
264275,0.011525,0.450111,-0.038909,-0.065231,-0.034844,0.105909,-0.991622,-0.000343,83.287010
264279,0.011513,0.450109,-0.038922,-0.065102,-0.034815,0.105557,-0.991669,-0.000343,82.939568
264282,0.011500,0.450112,-0.038931,-0.064885,-0.034862,0.105215,-0.991718,0.000000,82.591782
264286,0.011477,0.450111,-0.038945,-0.064604,-0.034837,0.104657,-0.991796,-0.000343,82.254295
264290,0.011453,0.450114,-0.038953,-0.064401,-0.034815,0.104247,-0.991853,0.000000,81.909256
264293,0.011434,0.450112,-0.038958,-0.064225,-0.034853,0.103860,-0.991904,0.000000,81.571426
264297,0.011403,0.450110,-0.038969,-0.064005,-0.034806,0.103333,-0.991975,-0.000343,81.261063
264300,0.011382,0.450110,-0.038973,-0.063873,-0.034786,0.103000,-0.992019,0.000000,80.879288
264304,0.011350,0.450111,-0.038985,-0.063591,-0.034830,0.102374,-0.992100,-0.000343,80.521889
264308,0.011318,0.450113,-0.039000,-0.063395,-0.034798,0.101862,-0.992167,0.000000,80.171013
264311,0.011292,0.450112,-0.039013,-0.063241,-0.034778,0.101481,-0.992216,-0.000343,79.845200
264314,0.011275,0.450118,-0.039027,-0.063041,-0.034812,0.101154,-0.992261,-0.000343,79.470978
264318,0.011249,0.450119,-0.039047,-0.062809,-0.034731,0.100610,-0.992334,0.000000,79.124222
264322,0.011230,0.450118,-0.039060,-0.062635,-0.034790,0.100210,-0.992383,-0.000343,78.779869
264325,0.011217,0.450121,-0.039070,-0.062451,-0.034783,0.099865,-0.992430,-0.000343,78.430367
264329,0.011197,0.450120,-0.039074,-0.062264,-0.034778,0.099361,-0.992492,0.000000,78.082237
264332,0.011175,0.450116,-0.039075,-0.062104,-0.034741,0.098982,-0.992542,0.000000,77.733421
264336,0.011148,0.450115,-0.039080,-0.061842,-0.034769,0.098508,-0.992604,0.000000,77.380829
264339,0.011124,0.450113,-0.039080,-0.061707,-0.034764,0.098159,-0.992647,-0.000343,77.027550
264343,0.011087,0.450111,-0.039090,-0.061507,-0.034749,0.097647,-0.992711,0.000000,76.714096
264346,0.011060,0.450110,-0.039099,-0.061251,-0.034816,0.097258,-0.992762,0.000000,76.337471
264350,0.010992,0.450099,-0.039130,-0.061262,-0.034227,0.096716,-0.992835,-0.000343,75.991058
264354,0.010955,0.450097,-0.039148,-0.061002,-0.034257,0.096195,-0.992901,0.000000,75.630569
264357,0.010927,0.450097,-0.039163,-0.060738,-0.034285,0.095725,-0.992961,0.000000,75.263901
264361,0.010889,0.450094,-0.039185,-0.060428,-0.034246,0.095076,-0.993044,0.000000,74.884872
264364,0.010850,0.450092,-0.039202,-0.060149,-0.034238,0.094418,-0.993124,0.000000,74.517174
264368,0.010792,0.450094,-0.039223,-0.059677,-0.034209,0.093567,-0.993234,-0.000343,74.129906
264371,0.010764,0.450090,-0.039232,-0.059406,-0.034205,0.092961,-0.993307,0.000000,73.793449
264375,0.010719,0.450085,-0.039246,-0.059204,-0.034163,0.092321,-0.993380,0.000000,73.371162
264379,0.010656,0.450091,-0.039279,-0.058900,-0.033735,0.091610,-0.993479,-0.000343,72.983208
264382,0.010648,0.450086,-0.039278,-0.058566,-0.034164,0.091025,-0.993538,0.000000,72.599030
264386,0.010592,0.450089,-0.039309,-0.058420,-0.033741,0.090614,-0.993598,0.000000,72.218285
264389,0.010566,0.450089,-0.039316,-0.058247,-0.033721,0.090183,-0.993648,-0.000343,71.832733
264393,0.010522,0.450087,-0.039328,-0.058021,-0.033660,0.089520,-0.993724,0.000000,71.453018
264396,0.010493,0.450089,-0.039331,-0.057770,-0.033687,0.089026,-0.993782,0.000000,71.070213
264400,0.010500,0.450092,-0.039312,-0.057009,-0.034762,0.087930,-0.993886,-0.000343,70.693588
264403,0.010466,0.450091,-0.039325,-0.056761,-0.034735,0.087384,-0.993950,-0.000343,70.354042
264407,0.010434,0.450087,-0.039335,-0.056546,-0.034736,0.086831,-0.994010,-0.000343,69.921112
264410,0.010415,0.450090,-0.039350,-0.056314,-0.034743,0.086418,-0.994059,-0.000343,69.542084
264414,0.010381,0.450091,-0.039373,-0.055977,-0.034719,0.085803,-0.994132,0.000000,69.146919
264417,0.010351,0.450085,-0.039395,-0.055873,-0.034560,0.085366,-0.994181,0.000000,68.802223
264421,0.010311,0.450083,-0.039419,-0.055486,-0.034628,0.084655,-0.994261,0.000000,68.389549
264425,0.010262,0.450082,-0.039440,-0.055221,-0.034537,0.083836,-0.994349,-0.000343,68.010521
264428,0.010224,0.450079,-0.039453,-0.054979,-0.034529,0.083338,-0.994404,-0.000343,67.661705
264431,0.010192,0.450077,-0.039462,-0.054772,-0.034569,0.082887,-0.994452,0.000000,67.235985
264435,0.010151,0.450075,-0.039475,-0.054415,-0.034481,0.082205,-0.994531,0.000000,66.854210
264439,0.010120,0.450073,-0.039486,-0.054215,-0.034537,0.081674,-0.994584,0.000000,66.478271
264442,0.010097,0.450075,-0.039497,-0.054006,-0.034544,0.081219,-0.994632,0.000000,66.088600
264446,0.010070,0.450074,-0.039516,-0.053773,-0.034523,0.080642,-0.994693,0.000000,65.695152
264449,0.010048,0.450071,-0.039529,-0.053628,-0.034484,0.080231,-0.994735,0.000000,65.313034
264453,0.010020,0.450071,-0.039548,-0.053345,-0.034492,0.079695,-0.994793,0.000000,64.930573
264456,0.009998,0.450069,-0.039556,-0.053157,-0.034462,0.079257,-0.994839,0.000000,64.603386
264460,0.009964,0.450069,-0.039567,-0.052962,-0.034435,0.078709,-0.994894,-0.000343,64.180412
264464,0.009926,0.450068,-0.039574,-0.052662,-0.034429,0.078055,-0.994962,0.000000,63.790398
264467,0.009894,0.450065,-0.039579,-0.052428,-0.034397,0.077521,-0.995017,0.000000,63.395576
264471,0.009857,0.450060,-0.039581,-0.052195,-0.034415,0.076917,-0.995075,0.000000,62.998352
264474,0.009834,0.450061,-0.039587,-0.051941,-0.034426,0.076363,-0.995131,0.000000,62.669449
264478,0.009796,0.450056,-0.039607,-0.051675,-0.034375,0.075645,-0.995202,0.000000,62.244759
264481,0.009770,0.450054,-0.039624,-0.051425,-0.034387,0.075116,-0.995254,0.000000,61.861610
264485,0.009738,0.450054,-0.039654,-0.051068,-0.034408,0.074517,-0.995317,0.000000,61.479836
264489,0.009713,0.450052,-0.039684,-0.050867,-0.034374,0.073898,-0.995374,0.000000,61.098747
264492,0.009693,0.450053,-0.039704,-0.050603,-0.034386,0.073492,-0.995417,0.000000,60.753708
264495,0.009675,0.450054,-0.039725,-0.050346,-0.034389,0.072975,-0.995468,0.000000,60.331764
264499,0.009644,0.450051,-0.039745,-0.050001,-0.034374,0.072242,-0.995540,0.000000,59.948959
264503,0.009610,0.450046,-0.039752,-0.049733,-0.034369,0.071676,-0.995594,0.000000,59.571991
264506,0.009586,0.450042,-0.039752,-0.049524,-0.034402,0.071170,-0.995640,0.000000,59.193993
264510,0.009538,0.450033,-0.039756,-0.049181,-0.034352,0.070386,-0.995714,0.000000,58.857880
264513,0.009508,0.450030,-0.039759,-0.049001,-0.034359,0.069901,-0.995757,0.000000,58.428726
264517,0.009478,0.450025,-0.039767,-0.048694,-0.034406,0.069260,-0.995815,-0.000343,58.034592
264520,0.009453,0.450025,-0.039782,-0.048491,-0.034356,0.068780,-0.995860,-0.000343,57.652473
264524,0.009424,0.450022,-0.039802,-0.048308,-0.034375,0.068246,-0.995905,0.000000,57.271385
264527,0.009402,0.450023,-0.039822,-0.048107,-0.034394,0.067876,-0.995940,0.000000,56.944199
264531,0.009369,0.450022,-0.039851,-0.047777,-0.034343,0.067233,-0.996001,0.000000,56.526031
264535,0.009343,0.450020,-0.039872,-0.047501,-0.034399,0.066682,-0.996049,-0.000343,56.145630
264538,0.009319,0.450020,-0.039887,-0.047233,-0.034433,0.066167,-0.996095,0.000000,55.754585
264542,0.009269,0.450013,-0.039902,-0.046847,-0.034410,0.065135,-0.996182,0.000000,55.407829
264545,0.009224,0.450007,-0.039913,-0.046526,-0.034401,0.064456,-0.996242,0.000000,54.980736
264549,0.009176,0.450004,-0.039921,-0.046113,-0.034434,0.063612,-0.996314,-0.000343,54.606514
264552,0.009143,0.450002,-0.039924,-0.045879,-0.034470,0.063103,-0.996356,0.000000,54.232635
264556,0.009106,0.449998,-0.039935,-0.045633,-0.034418,0.062520,-0.996406,0.000000,53.862190
264559,0.009080,0.449997,-0.039946,-0.045360,-0.034460,0.062081,-0.996444,-0.000343,53.494492
264563,0.009041,0.449993,-0.039972,-0.045005,-0.034449,0.061417,-0.996502,0.000000,53.113403
264563,0.009041,0.449993,-0.039972,-0.045005,-0.034449,0.061417,-0.996502,0.000000,52.741928
264563,0.009041,0.449993,-0.039972,-0.045005,-0.034449,0.061417,-0.996502,0.000000,52.395859
264563,0.009041,0.449993,-0.039972,-0.045005,-0.034449,0.061417,-0.996502,0.000000,51.979752
264563,0.009041,0.449993,-0.039972,-0.045005,-0.034449,0.061417,-0.996502,0.000000,51.590767
264563,0.009041,0.449993,-0.039972,-0.045005,-0.034449,0.061417,-0.996502,0.000000,51.216202
264563,0.009041,0.449993,-0.039972,-0.045005,-0.034449,0.061417,-0.996502,-0.000343,50.835114
264563,0.009041,0.449993,-0.039972,-0.045005,-0.034449,0.061417,-0.996502,0.000000,50.458145
264563,0.009041,0.449993,-0.039972,-0.045005,-0.034449,0.061417,-0.996502,0.000000,50.082893
264563,0.009041,0.449993,-0.039972,-0.045005,-0.034449,0.061417,-0.996502,0.000000,49.723091
264563,0.009041,0.449993,-0.039972,-0.045005,-0.034449,0.061417,-0.996502,-0.000343,49.385605
264563,0.009041,0.449993,-0.039972,-0.045005,-0.034449,0.061417,-0.996502,0.000000,48.983231
264563,0.009041,0.449993,-0.039972,-0.045005,-0.034449,0.061417,-0.996502,-0.000343,48.604889
264563,0.009041,0.449993,-0.039972,-0.045005,-0.034449,0.061417,-0.996502,0.000000,48.225861
264563,0.009041,0.449993,-0.039972,-0.045005,-0.034449,0.061417,-0.996502,0.000000,47.849922
264563,0.009041,0.449993,-0.039972,-0.045005,-0.034449,0.061417,-0.996502,-0.000343,47.477760
264563,0.009041,0.449993,-0.039972,-0.045005,-0.034449,0.061417,-0.996502,0.000000,47.118988
264563,0.009041,0.449993,-0.039972,-0.045005,-0.034449,0.061417,-0.996502,0.000000,46.743050
264563,0.009041,0.449993,-0.039972,-0.045005,-0.034449,0.061417,-0.996502,0.000000,46.367455
264563,0.009041,0.449993,-0.039972,-0.045005,-0.034449,0.061417,-0.996502,0.000000,45.992203
264563,0.009041,0.449993,-0.039972,-0.045005,-0.034449,0.061417,-0.996502,0.000000,45.625877
264563,0.009041,0.449993,-0.039972,-0.045005,-0.034449,0.061417,-0.996502,0.000000,45.264359
264563,0.009041,0.449993,-0.039972,-0.045005,-0.034449,0.061417,-0.996502,0.000000,44.891167
264563,0.009041,0.449993,-0.039972,-0.045005,-0.034449,0.061417,-0.996502,0.000000,44.518318
264563,0.009041,0.449993,-0.039972,-0.045005,-0.034449,0.061417,-0.996502,0.000000,44.158173
264563,0.009041,0.449993,-0.039972,-0.045005,-0.034449,0.061417,-0.996502,0.000343,43.786697
264563,0.009041,0.449993,-0.039972,-0.045005,-0.034449,0.061417,-0.996502,0.000000,43.426208
264563,0.009041,0.449993,-0.039972,-0.045005,-0.034449,0.061417,-0.996502,0.000000,43.099709
264563,0.009041,0.449993,-0.039972,-0.045005,-0.034449,0.061417,-0.996502,0.000000,42.704887
264563,0.009041,0.449993,-0.039972,-0.045005,-0.034449,0.061417,-0.996502,0.000000,42.332039
264669,0.007969,0.449879,-0.040397,-0.036668,-0.034220,0.042867,-0.997821,0.000343,41.972237
264673,0.007937,0.449873,-0.040401,-0.036458,-0.034216,0.042331,-0.997852,0.000000,41.612434
264677,0.007904,0.449870,-0.040420,-0.036102,-0.034235,0.041809,-0.997886,0.000000,41.285591
264680,0.007878,0.449865,-0.040436,-0.035901,-0.034217,0.041368,-0.997912,0.000000,40.905190
264684,0.007848,0.449864,-0.040458,-0.035725,-0.034224,0.040886,-0.997938,0.000000,40.584869
264687,0.007824,0.449859,-0.040473,-0.035508,-0.034237,0.040466,-0.997963,0.000000,40.290985
264691,0.007789,0.449854,-0.040488,-0.035199,-0.034210,0.039807,-0.998001,0.000000,40.010147
264695,0.007756,0.449849,-0.040506,-0.034857,-0.034169,0.039182,-0.998039,0.000000,39.711456
264698,0.007742,0.449845,-0.040515,-0.034644,-0.034177,0.038786,-0.998062,0.000000,39.429932
264701,0.007731,0.449843,-0.040525,-0.034446,-0.034141,0.038410,-0.998085,0.000000,39.057770
264705,0.007713,0.449838,-0.040532,-0.034283,-0.034125,0.037893,-0.998110,0.000000,38.713074
264709,0.007680,0.449832,-0.040549,-0.033903,-0.034131,0.037139,-0.998151,0.000000,38.372498
264712,0.007651,0.449825,-0.040562,-0.033705,-0.034067,0.036587,-0.998181,0.000000,38.034325
264715,0.007620,0.449822,-0.040575,-0.033465,-0.034089,0.036028,-0.998208,0.000000,37.718124
264719,0.007582,0.449819,-0.040599,-0.033118,-0.034113,0.035420,-0.998241,0.000000,37.418404
264723,0.007543,0.449812,-0.040622,-0.032783,-0.034056,0.034659,-0.998281,0.000000,37.130699
264726,0.007518,0.449810,-0.040634,-0.032637,-0.034053,0.034232,-0.998300,0.000000,36.833038
264730,0.007480,0.449805,-0.040646,-0.032333,-0.034091,0.033565,-0.998332,0.000000,36.553917
264733,0.007451,0.449799,-0.040652,-0.032172,-0.034068,0.033108,-0.998353,0.000000,36.198921
264737,0.007423,0.449794,-0.040656,-0.031994,-0.034058,0.032602,-0.998375,0.000000,35.878258
264741,0.007393,0.449791,-0.040669,-0.031652,-0.034050,0.031970,-0.998407,0.000343,35.545235
264744,0.007373,0.449787,-0.040677,-0.031483,-0.034055,0.031556,-0.998425,0.000000,35.218048
264748,0.007350,0.449782,-0.040693,-0.031293,-0.034077,0.031083,-0.998445,0.000000,34.899101
264751,0.007329,0.449782,-0.040706,-0.031035,-0.034089,0.030719,-0.998464,0.000000,34.593887
264755,0.007301,0.449774,-0.040721,-0.030819,-0.034096,0.030145,-0.998488,0.000000,34.305496
264758,0.007284,0.449772,-0.040734,-0.030687,-0.034082,0.029831,-0.998502,0.000000,34.004402
264762,0.007254,0.449768,-0.040754,-0.030349,-0.034108,0.029283,-0.998528,0.000000,33.703995
264765,0.007235,0.449765,-0.040761,-0.030194,-0.034105,0.028909,-0.998544,0.000000,33.391914
264769,0.007212,0.449760,-0.040767,-0.030098,-0.034077,0.028511,-0.998559,0.000000,33.110046
264772,0.007187,0.449757,-0.040769,-0.029952,-0.034064,0.028126,-0.998575,0.000000,32.762947
264776,0.007156,0.449754,-0.040774,-0.029665,-0.034050,0.027607,-0.998598,0.000000,32.447090
264780,0.007130,0.449749,-0.040779,-0.029543,-0.034095,0.027276,-0.998609,0.000000,32.144966
264783,0.007117,0.449750,-0.040788,-0.029365,-0.034114,0.026962,-0.998623,0.000343,31.845589
264787,0.007099,0.449746,-0.040803,-0.029229,-0.034102,0.026645,-0.998636,0.000000,31.549644
264790,0.007083,0.449743,-0.040812,-0.029117,-0.034152,0.026399,-0.998644,0.000000,31.273956
264794,0.007056,0.449742,-0.040825,-0.028884,-0.034079,0.026015,-0.998663,0.000000,30.950890
264797,0.007031,0.449736,-0.040833,-0.028741,-0.034072,0.025615,-0.998678,0.000000,30.650826
264801,0.007004,0.449730,-0.040841,-0.028686,-0.034046,0.025218,-0.998690,0.000000,30.352821
264804,0.006983,0.449727,-0.040848,-0.028478,-0.034047,0.024849,-0.998705,0.000000,30.052071
264808,0.006962,0.449723,-0.040852,-0.028254,-0.034060,0.024361,-0.998723,0.000000,29.777412
264811,0.006941,0.449718,-0.040859,-0.028041,-0.034076,0.023993,-0.998738,0.000343,29.441986
264815,0.006912,0.449713,-0.040865,-0.027813,-0.034076,0.023538,-0.998755,0.000000,29.137115
264819,0.006884,0.449706,-0.040876,-0.027622,-0.034034,0.023050,-0.998773,0.000000,28.879280
264822,0.006868,0.449704,-0.040886,-0.027503,-0.034002,0.022765,-0.998784,0.000000,28.568573
264826,0.006847,0.449700,-0.040902,-0.027248,-0.034045,0.022317,-0.998800,0.000000,28.280182
264829,0.006829,0.449697,-0.040915,-0.027085,-0.034035,0.022008,-0.998811,0.000000,27.988358
264833,0.006807,0.449695,-0.040929,-0.026923,-0.034041,0.021657,-0.998823,0.000000,27.691383
264836,0.006785,0.449692,-0.040936,-0.026807,-0.034011,0.021387,-0.998833,0.000000,27.426682
264840,0.006760,0.449690,-0.040948,-0.026545,-0.033977,0.020935,-0.998851,0.000343,27.110825
264844,0.006737,0.449686,-0.040951,-0.026408,-0.034049,0.020584,-0.998859,0.000000,26.820374
264847,0.006720,0.449685,-0.040956,-0.026246,-0.034044,0.020295,-0.998870,0.000000,26.535072
264851,0.006695,0.449679,-0.040959,-0.026105,-0.034017,0.019828,-0.998884,0.000000,26.243248
264854,0.006676,0.449677,-0.040962,-0.025995,-0.034039,0.019585,-0.998890,0.000000,25.982323
264858,0.006650,0.449673,-0.040973,-0.025729,-0.034037,0.019126,-0.998906,0.000000,25.662689
264861,0.006635,0.449672,-0.040979,-0.025679,-0.034026,0.018867,-0.998913,0.000343,25.376015
264865,0.006615,0.449668,-0.040990,-0.025513,-0.034051,0.018518,-0.998923,0.000343,25.102386
264868,0.006601,0.449667,-0.041001,-0.025403,-0.034051,0.018268,-0.998930,0.000000,24.830818
264872,0.006583,0.449663,-0.041014,-0.025198,-0.034051,0.017826,-0.998943,0.000343,24.561653
264875,0.006571,0.449661,-0.041020,-0.025105,-0.034081,0.017629,-0.998948,0.000343,24.280128
264879,0.006554,0.449662,-0.041024,-0.024918,-0.034111,0.017312,-0.998957,0.000000,23.996544
264883,0.006539,0.449657,-0.041026,-0.024874,-0.034062,0.017082,-0.998964,0.000000,23.737335
264886,0.006528,0.449656,-0.041029,-0.024759,-0.034051,0.016832,-0.998972,0.000343,23.420448
264890,0.006511,0.449653,-0.041036,-0.024564,-0.034069,0.016562,-0.998980,0.000000,23.139610
264893,0.006497,0.449651,-0.041041,-0.024414,-0.034050,0.016293,-0.998989,0.000343,22.868385
264897,0.006483,0.449651,-0.041047,-0.024371,-0.034095,0.016086,-0.998992,0.000343,22.594414
264900,0.006469,0.449647,-0.041054,-0.024218,-0.034096,0.015847,-0.998999,0.000000,22.353058
264904,0.006452,0.449645,-0.041062,-0.024109,-0.034103,0.015565,-0.999006,0.000343,22.061577
264907,0.006436,0.449643,-0.041067,-0.023983,-0.034104,0.015345,-0.999013,0.000000,21.800308
264911,0.006419,0.449639,-0.041073,-0.023797,-0.034058,0.015061,-0.999023,0.000343,21.536636
264915,0.006406,0.449636,-0.041075,-0.023748,-0.034029,0.014804,-0.999029,0.000343,21.254425
264918,0.006398,0.449632,-0.041076,-0.023686,-0.034021,0.014627,-0.999033,0.000000,20.978737
264922,0.006390,0.449631,-0.041080,-0.023455,-0.034037,0.014299,-0.999043,0.000343,20.704422
264925,0.006386,0.449628,-0.041083,-0.023388,-0.034035,0.014117,-0.999047,0.000000,20.438004
264928,0.006384,0.449628,-0.041086,-0.023281,-0.034071,0.013916,-0.999051,0.000000,20.184631
264932,0.006379,0.449626,-0.041099,-0.023161,-0.034043,0.013710,-0.999058,0.000000,19.919586
264936,0.006374,0.449624,-0.041113,-0.023026,-0.034006,0.013451,-0.999066,0.000343,19.663467
264939,0.006372,0.449622,-0.041120,-0.022979,-0.034026,0.013311,-0.999068,0.000000,19.403229
264943,0.006364,0.449624,-0.041131,-0.022749,-0.034047,0.013044,-0.999076,0.000000,19.174576
264946,0.006357,0.449620,-0.041136,-0.022672,-0.034047,0.012860,-0.999080,0.000000,18.893394
264950,0.006343,0.449615,-0.041140,-0.022656,-0.034050,0.012669,-0.999083,0.000343,18.627319
264954,0.006325,0.449612,-0.041144,-0.022360,-0.034050,0.012310,-0.999094,0.000000,18.389053
264957,0.006313,0.449608,-0.041143,-0.022363,-0.034048,0.012178,-0.999096,0.000000,18.098259
264961,0.006296,0.449604,-0.041144,-0.022290,-0.034029,0.011942,-0.999101,0.000343,17.833900
264964,0.006284,0.449602,-0.041144,-0.022217,-0.034026,0.011743,-0.999105,0.000000,17.586365
264968,0.006271,0.449597,-0.041151,-0.022044,-0.034077,0.011453,-0.999111,0.000000,17.351875
264971,0.006262,0.449596,-0.041156,-0.022061,-0.034054,0.011335,-0.999112,0.000343,17.119102
264975,0.006254,0.449594,-0.041170,-0.021866,-0.034088,0.011038,-0.999119,0.000343,16.875687
264978,0.006248,0.449595,-0.041177,-0.021775,-0.034091,0.010884,-0.999122,0.000000,16.644630
264982,0.006236,0.449590,-0.041186,-0.021741,-0.034075,0.010679,-0.999126,0.000000,16.358299
264986,0.006222,0.449587,-0.041196,-0.021534,-0.034096,0.010391,-0.999133,0.000000,16.098061
264989,0.006210,0.449585,-0.041198,-0.021458,-0.034091,0.010200,-0.999136,0.000000,15.849838
264992,0.006201,0.449582,-0.041195,-0.021449,-0.034047,0.010080,-0.999139,0.000343,15.598183
264996,0.006187,0.449579,-0.041194,-0.021293,-0.034101,0.009793,-0.999144,0.000343,15.356827
265000,0.006170,0.449574,-0.041190,-0.021233,-0.034113,0.009540,-0.999147,0.000343,15.148430
265003,0.006153,0.449569,-0.041189,-0.021222,-0.034106,0.009361,-0.999149,0.000343,14.901237
265007,0.006131,0.449568,-0.041195,-0.021013,-0.034090,0.009048,-0.999157,0.000343,14.680138
265010,0.006116,0.449565,-0.041201,-0.020940,-0.034081,0.008830,-0.999161,0.000343,14.442215
265014,0.006100,0.449562,-0.041208,-0.020960,-0.034072,0.008697,-0.999162,0.000343,14.192963
265017,0.006089,0.449561,-0.041216,-0.020826,-0.034101,0.008481,-0.999165,0.000000,13.954353
265021,0.006077,0.449559,-0.041227,-0.020719,-0.034121,0.008224,-0.999169,0.000000,13.708534
265025,0.006065,0.449556,-0.041236,-0.020650,-0.034080,0.008056,-0.999173,0.000000,13.487778
265028,0.006054,0.449554,-0.041240,-0.020525,-0.034091,0.007814,-0.999177,0.000343,13.233376
265032,0.006043,0.449551,-0.041243,-0.020509,-0.034090,0.007676,-0.999179,0.000343,12.999573
265035,0.006037,0.449548,-0.041244,-0.020431,-0.034097,0.007492,-0.999182,0.000343,12.780876
265039,0.006028,0.449547,-0.041245,-0.020269,-0.034135,0.007279,-0.999185,0.000343,12.561836
265042,0.006019,0.449544,-0.041248,-0.020239,-0.034081,0.007102,-0.999189,0.000343,12.350693
265046,0.006008,0.449540,-0.041246,-0.020253,-0.034117,0.007010,-0.999188,0.000000,12.120323
265049,0.006000,0.449540,-0.041250,-0.020110,-0.034129,0.006807,-0.999192,0.000343,11.910553
265053,0.005989,0.449539,-0.041256,-0.020075,-0.034108,0.006653,-0.999194,0.000343,11.682930
265056,0.005980,0.449535,-0.041259,-0.020006,-0.034138,0.006487,-0.999196,0.000343,11.450157
265060,0.005968,0.449535,-0.041268,-0.019923,-0.034095,0.006326,-0.999200,0.000000,11.207085
265064,0.005958,0.449530,-0.041271,-0.019836,-0.034162,0.006107,-0.999201,0.000343,10.966759
265067,0.005951,0.449530,-0.041275,-0.019844,-0.034138,0.006006,-0.999202,0.000343,10.749092
265071,0.005939,0.449529,-0.041282,-0.019601,-0.034195,0.005716,-0.999207,0.000000,10.545845
265074,0.005933,0.449526,-0.041283,-0.019585,-0.034190,0.005607,-0.999208,0.000000,10.346031
265078,0.005918,0.449524,-0.041286,-0.019552,-0.034136,0.005435,-0.999211,0.000343,10.170593
265081,0.005910,0.449523,-0.041291,-0.019484,-0.034148,0.005276,-0.999213,0.000000,9.943314
265085,0.005895,0.449520,-0.041296,-0.019330,-0.034147,0.005054,-0.999217,0.000343,9.735260
265089,0.005884,0.449518,-0.041302,-0.019251,-0.034192,0.004877,-0.999218,0.000000,9.517250
265092,0.005876,0.449518,-0.041307,-0.019174,-0.034210,0.004731,-0.999220,0.000000,9.301643
265096,0.005864,0.449515,-0.041313,-0.019132,-0.034203,0.004499,-0.999222,0.000000,9.084320
265099,0.005856,0.449513,-0.041317,-0.019101,-0.034202,0.004409,-0.999223,0.000000,8.875923
265103,0.005846,0.449512,-0.041322,-0.018874,-0.034223,0.004186,-0.999227,0.000343,8.641777
265106,0.005840,0.449511,-0.041326,-0.018853,-0.034187,0.004052,-0.999229,0.000343,8.452950
265110,0.005834,0.449508,-0.041324,-0.018870,-0.034184,0.003944,-0.999230,0.000343,8.277168
265113,0.005829,0.449507,-0.041324,-0.018764,-0.034175,0.003833,-0.999232,0.000000,8.107910
265117,0.005822,0.449506,-0.041325,-0.018723,-0.034176,0.003638,-0.999234,0.000000,7.894363
265121,0.005814,0.449505,-0.041326,-0.018700,-0.034160,0.003564,-0.999235,0.000343,7.690086
265124,0.005804,0.449502,-0.041332,-0.018557,-0.034203,0.003388,-0.999237,0.000000,7.477226
265128,0.005796,0.449500,-0.041333,-0.018581,-0.034175,0.003334,-0.999238,0.000343,7.269859
265131,0.005788,0.449497,-0.041335,-0.018534,-0.034179,0.003162,-0.999239,0.000000,7.088585
265134,0.005780,0.449494,-0.041337,-0.018485,-0.034201,0.003051,-0.999239,0.000343,6.880531
265138,0.005772,0.449494,-0.041341,-0.018351,-0.034243,0.002875,-0.999241,0.000000,6.686211
265142,0.005769,0.449492,-0.041343,-0.018393,-0.034205,0.002847,-0.999242,0.000000,6.528969
265145,0.005768,0.449491,-0.041346,-0.018287,-0.034247,0.002680,-0.999242,0.000343,6.330872
265149,0.005772,0.449490,-0.041351,-0.018273,-0.034232,0.002616,-0.999243,0.000000,6.144104
265152,0.005772,0.449489,-0.041354,-0.018224,-0.034221,0.002501,-0.999245,0.000343,5.960083
265156,0.005772,0.449489,-0.041359,-0.018124,-0.034238,0.002443,-0.999246,0.000000,5.766792
265159,0.005771,0.449489,-0.041366,-0.018023,-0.034225,0.002340,-0.999249,0.000343,5.595474
265163,0.005776,0.449488,-0.041366,-0.018141,-0.034193,0.002283,-0.999248,0.000343,5.387764
265166,0.005776,0.449487,-0.041372,-0.017985,-0.034237,0.002193,-0.999250,0.000000,5.205116
265170,0.005774,0.449487,-0.041374,-0.017965,-0.034269,0.002108,-0.999249,0.000343,5.030365
265174,0.005765,0.449484,-0.041370,-0.017972,-0.034222,0.002033,-0.999251,0.000343,4.856644
265177,0.005757,0.449483,-0.041370,-0.017916,-0.034208,0.001992,-0.999252,0.000343,4.694252
265181,0.005747,0.449479,-0.041366,-0.017857,-0.034200,0.001827,-0.999254,0.000343,4.520874
265184,0.005744,0.449479,-0.041363,-0.017898,-0.034200,0.001816,-0.999253,0.000343,4.347153
265188,0.005740,0.449478,-0.041366,-0.017798,-0.034227,0.001678,-0.999254,0.000000,4.172401
265191,0.005737,0.449476,-0.041369,-0.017759,-0.034235,0.001615,-0.999255,0.000000,4.016190
265195,0.005736,0.449474,-0.041374,-0.017764,-0.034203,0.001562,-0.999256,0.000343,3.813972
265199,0.005733,0.449475,-0.041387,-0.017607,-0.034238,0.001396,-0.999258,0.000343,3.633728
265202,0.005737,0.449474,-0.041391,-0.017635,-0.034229,0.001400,-0.999258,0.000000,3.474770
265206,0.005740,0.449474,-0.041399,-0.017609,-0.034226,0.001334,-0.999258,0.000000,3.318901
265209,0.005742,0.449475,-0.041400,-0.017579,-0.034225,0.001261,-0.999259,0.000343,3.188095
265213,0.005742,0.449464,-0.041403,-0.017681,-0.034193,0.001012,-0.999258,0.000000,3.006477
265216,0.005737,0.449470,-0.041395,-0.017585,-0.034243,0.001151,-0.999258,0.000000,2.844086
265220,0.005725,0.449467,-0.041389,-0.017426,-0.034285,0.000984,-0.999260,0.000343,2.685814
265223,0.005719,0.449467,-0.041382,-0.017449,-0.034262,0.000943,-0.999260,0.000343,2.521362
265227,0.005705,0.449464,-0.041379,-0.017485,-0.034251,0.000889,-0.999260,0.000000,2.357597
265231,0.005695,0.449466,-0.041378,-0.017369,-0.034275,0.000811,-0.999261,0.000343,2.205849
265234,0.005687,0.449466,-0.041384,-0.017348,-0.034271,0.000725,-0.999262,0.000000,2.047577
265237,0.005680,0.449464,-0.041387,-0.017357,-0.034263,0.000729,-0.999262,0.000343,1.892395
265241,0.005674,0.449466,-0.041393,-0.017277,-0.034304,0.000609,-0.999262,0.000000,1.738930
265245,0.005668,0.449464,-0.041396,-0.017305,-0.034287,0.000567,-0.999262,0.000000,1.591644
265248,0.005667,0.449461,-0.041398,-0.017283,-0.034311,0.000512,-0.999262,0.000000,1.442642
265252,0.005667,0.449463,-0.041402,-0.017198,-0.034278,0.000472,-0.999264,0.000343,1.321449
265255,0.005666,0.449463,-0.041403,-0.017149,-0.034289,0.000412,-0.999265,0.000343,1.150475
265259,0.005669,0.449460,-0.041403,-0.017249,-0.034257,0.000437,-0.999264,0.000343,1.016579
265262,0.005666,0.449462,-0.041405,-0.017133,-0.034291,0.000346,-0.999265,0.000000,0.887146
265266,0.005664,0.449453,-0.041412,-0.017323,-0.034229,0.000142,-0.999264,0.000343,0.744324
265270,0.005653,0.449460,-0.041412,-0.017164,-0.034271,0.000299,-0.999265,0.000343,0.599098
265273,0.005646,0.449460,-0.041415,-0.017061,-0.034290,0.000210,-0.999266,0.000343,0.443230
265277,0.005642,0.449459,-0.041413,-0.017141,-0.034254,0.000196,-0.999266,0.000343,0.273285
265280,0.005638,0.449460,-0.041411,-0.017106,-0.034280,0.000141,-0.999266,0.000343,0.110893
265284,0.005635,0.449457,-0.041405,-0.017036,-0.034307,0.000083,-0.999266,0.000000,-0.047035
265287,0.005631,0.449454,-0.041401,-0.016989,-0.034302,-0.000020,-0.999267,0.000000,-0.120506
265291,0.005630,0.449454,-0.041395,-0.017113,-0.034285,0.000020,-0.999266,0.000000,-0.133896
265294,0.005628,0.449452,-0.041394,-0.017051,-0.034285,-0.000079,-0.999267,0.000000,-0.133896
265298,0.005628,0.449453,-0.041398,-0.017009,-0.034288,-0.000090,-0.999267,0.000000,-0.125999
265302,0.005626,0.449453,-0.041407,-0.016983,-0.034320,-0.000124,-0.999267,0.000000,-0.085144
265305,0.005626,0.449453,-0.041414,-0.016963,-0.034295,-0.000139,-0.999268,0.000000,-0.014420
265308,0.005623,0.449455,-0.041425,-0.016864,-0.034304,-0.000197,-0.999269,0.000000,0.049095
265312,0.005620,0.449453,-0.041430,-0.017020,-0.034296,-0.000150,-0.999267,0.000000,0.089607
265316,0.005614,0.449454,-0.041438,-0.016847,-0.034326,-0.000289,-0.999269,0.000343,0.098190
265319,0.005612,0.449445,-0.041438,-0.017083,-0.034244,-0.000397,-0.999268,0.000000,0.097160
265323,0.005606,0.449450,-0.041426,-0.016956,-0.034281,-0.000279,-0.999268,0.000000,0.090294
265326,0.005604,0.449453,-0.041417,-0.016937,-0.034294,-0.000226,-0.999268,0.000000,0.069351
265330,0.005602,0.449450,-0.041411,-0.016876,-0.034305,-0.000345,-0.999269,0.000343,0.038452
265334,0.005603,0.449451,-0.041405,-0.016899,-0.034316,-0.000346,-0.999268,0.000000,-0.001030
265337,0.005601,0.449450,-0.041408,-0.016820,-0.034338,-0.000350,-0.999269,0.000000,-0.025406
265341,0.005603,0.449450,-0.041409,-0.016911,-0.034326,-0.000371,-0.999268,0.000343,-0.041885
265344,0.005599,0.449451,-0.041414,-0.016904,-0.034297,-0.000334,-0.999269,0.000343,-0.044975
265348,0.005591,0.449449,-0.041423,-0.016768,-0.034330,-0.000392,-0.999270,0.000343,-0.044975
265351,0.005588,0.449451,-0.041425,-0.016805,-0.034290,-0.000391,-0.999271,0.000000,-0.044975
265355,0.005588,0.449450,-0.041423,-0.016881,-0.034300,-0.000360,-0.999269,0.000000,-0.044289
265358,0.005588,0.449451,-0.041419,-0.016853,-0.034297,-0.000404,-0.999270,0.000000,-0.043259
265362,0.005589,0.449449,-0.041414,-0.016833,-0.034325,-0.000419,-0.999269,0.000000,-0.035706
265365,0.005590,0.449448,-0.041411,-0.016902,-0.034285,-0.000414,-0.999269,0.000000,-0.023346
265369,0.005593,0.449448,-0.041409,-0.016784,-0.034311,-0.000432,-0.999270,0.000343,-0.007553
265373,0.005600,0.449448,-0.041408,-0.016935,-0.034253,-0.000350,-0.999270,0.000000,0.007896
265376,0.005605,0.449439,-0.041416,-0.017004,-0.034249,-0.000532,-0.999269,0.000000,0.017166
265379,0.005612,0.449448,-0.041415,-0.016886,-0.034288,-0.000400,-0.999269,0.000000,0.020256
265383,0.005615,0.449441,-0.041429,-0.016961,-0.034231,-0.000579,-0.999270,0.000000,0.020599
265387,0.005624,0.449442,-0.041434,-0.017099,-0.034212,-0.000474,-0.999268,0.000000,0.020599
265390,0.005623,0.449451,-0.041429,-0.016800,-0.034311,-0.000451,-0.999270,0.000000,0.020599
265394,0.005625,0.449450,-0.041427,-0.016898,-0.034288,-0.000387,-0.999269,0.000343,0.020599
265397,0.005625,0.449440,-0.041428,-0.017011,-0.034230,-0.000593,-0.999269,0.000343,0.020256
265401,0.005620,0.449442,-0.041422,-0.017009,-0.034196,-0.000526,-0.999270,0.000000,0.019569
265405,0.005617,0.449447,-0.041411,-0.016905,-0.034274,-0.000431,-0.999269,0.000000,0.018883
265408,0.005616,0.449439,-0.041413,-0.017129,-0.034222,-0.000504,-0.999267,0.000343,0.018196
265412,0.005612,0.449447,-0.041412,-0.016814,-0.034323,-0.000455,-0.999269,0.000000,0.016479
265415,0.005617,0.449447,-0.041414,-0.016881,-0.034291,-0.000459,-0.999269,0.000000,0.014763
265419,0.005622,0.449440,-0.041427,-0.017057,-0.034196,-0.000561,-0.999269,0.000000,0.012360
265422,0.005624,0.449448,-0.041426,-0.016809,-0.034300,-0.000424,-0.999270,0.000000,0.008926
265426,0.005633,0.449440,-0.041435,-0.017011,-0.034230,-0.000576,-0.999269,0.000000,0.005836
265429,0.005636,0.449450,-0.041428,-0.016853,-0.034263,-0.000411,-0.999271,0.000000,0.003090
265433,0.005642,0.449441,-0.041431,-0.016985,-0.034229,-0.000597,-0.999270,0.000000,0.000687
265436,0.005639,0.449440,-0.041428,-0.016984,-0.034231,-0.000570,-0.999270,0.000000,-0.001030
265440,0.005633,0.449448,-0.041415,-0.016882,-0.034270,-0.000462,-0.999270,0.000000,-0.002060
265443,0.005630,0.449447,-0.041416,-0.016903,-0.034251,-0.000405,-0.999270,0.000000,-0.002747
265447,0.005620,0.449440,-0.041425,-0.016938,-0.034188,-0.000633,-0.999272,0.000000,-0.003090
265450,0.005616,0.449438,-0.041426,-0.017024,-0.034201,-0.000580,-0.999270,0.000000,-0.003090
265454,0.005607,0.449450,-0.041423,-0.016794,-0.034265,-0.000504,-0.999272,0.000343,-0.003090
265458,0.005602,0.449448,-0.041422,-0.016769,-0.034309,-0.000584,-0.999270,0.000000,-0.003433
265461,0.005602,0.449447,-0.041418,-0.016861,-0.034282,-0.000511,-0.999270,0.000000,-0.003433
265465,0.005602,0.449439,-0.041420,-0.016883,-0.034230,-0.000729,-0.999271,0.000000,-0.003433
265468,0.005610,0.449448,-0.041407,-0.016774,-0.034309,-0.000507,-0.999270,0.000000,-0.003433
265472,0.005619,0.449447,-0.041399,-0.016856,-0.034264,-0.000519,-0.999271,0.000000,-0.003433
265475,0.005622,0.449446,-0.041393,-0.016859,-0.034258,-0.000493,-0.999271,0.000000,-0.003433
265479,0.005624,0.449445,-0.041394,-0.016766,-0.034286,-0.000565,-0.999271,0.000000,-0.003433
265483,0.005623,0.449447,-0.041399,-0.016854,-0.034264,-0.000483,-0.999271,0.000000,-0.003090
265486,0.005618,0.449446,-0.041409,-0.016791,-0.034303,-0.000587,-0.999270,0.000000,-0.003090
265489,0.005616,0.449449,-0.041417,-0.016741,-0.034308,-0.000531,-0.999271,0.000000,-0.003433
265493,0.005607,0.449438,-0.041432,-0.016983,-0.034236,-0.000680,-0.999269,0.000343,-0.003433
265497,0.005600,0.449439,-0.041441,-0.016895,-0.034222,-0.000683,-0.999271,0.000000,-0.003090
265500,0.005596,0.449450,-0.041439,-0.016699,-0.034292,-0.000603,-0.999272,0.000000,-0.003433
265504,0.005597,0.449449,-0.041430,-0.016825,-0.034284,-0.000511,-0.999270,0.000000,-0.003090
265507,0.005599,0.449448,-0.041427,-0.016762,-0.034309,-0.000541,-0.999271,0.000000,-0.003090
265511,0.005604,0.449438,-0.041422,-0.016982,-0.034222,-0.000685,-0.999270,0.000000,-0.003090
265514,0.005610,0.449438,-0.041418,-0.016973,-0.034232,-0.000716,-0.999270,0.000000,-0.003090
265518,0.005612,0.449446,-0.041408,-0.016809,-0.034260,-0.000503,-0.999272,0.000000,-0.003090
265522,0.005621,0.449445,-0.041407,-0.016858,-0.034251,-0.000482,-0.999271,0.000000,-0.003090
265525,0.005625,0.449447,-0.041412,-0.016856,-0.034232,-0.000480,-0.999272,0.000000,-0.003090
265529,0.005627,0.449448,-0.041420,-0.016780,-0.034281,-0.000470,-0.999271,0.000000,-0.003433
265532,0.005626,0.449438,-0.041430,-0.016955,-0.034209,-0.000654,-0.999271,0.000000,-0.003090
265536,0.005624,0.449440,-0.041431,-0.017047,-0.034185,-0.000588,-0.999270,0.000000,-0.003090
265539,0.005617,0.449447,-0.041424,-0.016804,-0.034246,-0.000547,-0.999272,0.000000,-0.003090
265543,0.005613,0.449446,-0.041421,-0.016820,-0.034241,-0.000520,-0.999272,0.000000,-0.003090
265546,0.005612,0.449445,-0.041415,-0.016873,-0.034272,-0.000530,-0.999270,0.000000,-0.003090
265550,0.005614,0.449445,-0.041409,-0.016808,-0.034258,-0.000526,-0.999272,0.000000,-0.002747
265553,0.005620,0.449436,-0.041414,-0.016948,-0.034195,-0.000677,-0.999271,0.000000,-0.002747
265557,0.005624,0.449443,-0.041411,-0.016908,-0.034243,-0.000522,-0.999270,0.000000,-0.002747
265560,0.005632,0.449437,-0.041420,-0.017027,-0.034223,-0.000636,-0.999269,0.000000,-0.002403
265564,0.005635,0.449437,-0.041429,-0.016964,-0.034208,-0.000692,-0.999271,0.000000,-0.002403
265568,0.005634,0.449437,-0.041438,-0.016974,-0.034220,-0.000687,-0.999270,0.000000,-0.002060
265571,0.005635,0.449448,-0.041435,-0.016822,-0.034248,-0.000505,-0.999272,0.000000,-0.002060
265571,0.005635,0.449448,-0.041435,-0.016822,-0.034248,-0.000505,-0.999272,0.000000,-0.002060
265571,0.005635,0.449448,-0.041435,-0.016822,-0.034248,-0.000505,-0.999272,0.000000,-0.001717
265571,0.005635,0.449448,-0.041435,-0.016822,-0.034248,-0.000505,-0.999272,0.000000,-0.001717
265571,0.005635,0.449448,-0.041435,-0.016822,-0.034248,-0.000505,-0.999272,0.000000,-0.001717
265571,0.005635,0.449448,-0.041435,-0.016822,-0.034248,-0.000505,-0.999272,0.000000,-0.001030
265571,0.005635,0.449448,-0.041435,-0.016822,-0.034248,-0.000505,-0.999272,0.000000,-0.001030
265571,0.005635,0.449448,-0.041435,-0.016822,-0.034248,-0.000505,-0.999272,0.000000,-0.000687
265571,0.005635,0.449448,-0.041435,-0.016822,-0.034248,-0.000505,-0.999272,0.000000,-0.000343
265571,0.005635,0.449448,-0.041435,-0.016822,-0.034248,-0.000505,-0.999272,0.000000,0.000343
265571,0.005635,0.449448,-0.041435,-0.016822,-0.034248,-0.000505,-0.999272,0.000000,0.000687
265571,0.005635,0.449448,-0.041435,-0.016822,-0.034248,-0.000505,-0.999272,0.000000,0.000687
265571,0.005635,0.449448,-0.041435,-0.016822,-0.034248,-0.000505,-0.999272,0.000000,0.001030
265571,0.005635,0.449448,-0.041435,-0.016822,-0.034248,-0.000505,-0.999272,0.000000,0.001373
265571,0.005635,0.449448,-0.041435,-0.016822,-0.034248,-0.000505,-0.999272,0.000000,0.001373
265571,0.005635,0.449448,-0.041435,-0.016822,-0.034248,-0.000505,-0.999272,0.000000,0.001717
265571,0.005635,0.449448,-0.041435,-0.016822,-0.034248,-0.000505,-0.999272,0.000000,0.001717
265571,0.005635,0.449448,-0.041435,-0.016822,-0.034248,-0.000505,-0.999272,0.000000,0.002060
265571,0.005635,0.449448,-0.041435,-0.016822,-0.034248,-0.000505,-0.999272,0.000000,0.002060
265571,0.005635,0.449448,-0.041435,-0.016822,-0.034248,-0.000505,-0.999272,0.000000,0.002060
265571,0.005635,0.449448,-0.041435,-0.016822,-0.034248,-0.000505,-0.999272,0.000000,0.002060
265571,0.005635,0.449448,-0.041435,-0.016822,-0.034248,-0.000505,-0.999272,0.000000,0.002060
265571,0.005635,0.449448,-0.041435,-0.016822,-0.034248,-0.000505,-0.999272,0.000000,0.002060
265571,0.005635,0.449448,-0.041435,-0.016822,-0.034248,-0.000505,-0.999272,0.000000,0.002060
265571,0.005635,0.449448,-0.041435,-0.016822,-0.034248,-0.000505,-0.999272,0.000000,0.002060
265571,0.005635,0.449448,-0.041435,-0.016822,-0.034248,-0.000505,-0.999272,0.000000,0.002060
265571,0.005635,0.449448,-0.041435,-0.016822,-0.034248,-0.000505,-0.999272,0.000000,0.002060
265571,0.005635,0.449448,-0.041435,-0.016822,-0.034248,-0.000505,-0.999272,0.000000,0.002060
265571,0.005635,0.449448,-0.041435,-0.016822,-0.034248,-0.000505,-0.999272,0.000000,0.002060
265571,0.005635,0.449448,-0.041435,-0.016822,-0.034248,-0.000505,-0.999272,0.000000,0.002060
265678,0.005598,0.449449,-0.041436,-0.016721,-0.034325,-0.000613,-0.999271,-0.000343,0.002060
265681,0.005598,0.449449,-0.041435,-0.016778,-0.034281,-0.000575,-0.999271,0.000000,0.002060
265685,0.005593,0.449445,-0.041431,-0.016804,-0.034259,-0.000580,-0.999272,0.000000,0.002060
265688,0.005595,0.449447,-0.041426,-0.016822,-0.034237,-0.000577,-0.999272,0.000000,0.002060
265692,0.005596,0.449445,-0.041422,-0.016776,-0.034231,-0.000610,-0.999273,0.000000,0.002060
265696,0.005604,0.449436,-0.041420,-0.016930,-0.034197,-0.000763,-0.999271,0.000000,0.002060
265699,0.005612,0.449448,-0.041410,-0.016752,-0.034258,-0.000588,-0.999273,0.000000,0.002060
265702,0.005615,0.449447,-0.041409,-0.016740,-0.034244,-0.000596,-0.999273,0.000000,0.002060
265706,0.005616,0.449436,-0.041414,-0.016974,-0.034195,-0.000739,-0.999271,0.000000,0.002060
265710,0.005612,0.449436,-0.041419,-0.016843,-0.034187,-0.000832,-0.999273,0.000000,0.002060
265713,0.005609,0.449445,-0.041413,-0.016692,-0.034254,-0.000673,-0.999274,0.000000,0.002060
265717,0.005608,0.449443,-0.041419,-0.016759,-0.034253,-0.000627,-0.999273,0.000000,0.002060
265720,0.005611,0.449436,-0.041428,-0.016954,-0.034183,-0.000739,-0.999272,0.000000,0.002060
265724,0.005614,0.449437,-0.041432,-0.016868,-0.034201,-0.000826,-0.999272,-0.000343,0.002060
265727,0.005618,0.449445,-0.041427,-0.016782,-0.034279,-0.000619,-0.999271,0.000000,0.002060
265731,0.005617,0.449446,-0.041430,-0.016679,-0.034311,-0.000688,-0.999272,0.000000,0.002060
265735,0.005622,0.449446,-0.041425,-0.016812,-0.034259,-0.000604,-0.999271,0.000000,0.001717
265738,0.005622,0.449435,-0.041426,-0.016946,-0.034225,-0.000760,-0.999270,-0.000343,0.002060
265742,0.005622,0.449448,-0.041416,-0.016746,-0.034263,-0.000623,-0.999272,0.000000,0.002060
265745,0.005617,0.449443,-0.041414,-0.016700,-0.034288,-0.000680,-0.999272,-0.000343,0.002060
265749,0.005622,0.449435,-0.041416,-0.017014,-0.034198,-0.000701,-0.999270,0.000000,0.002060
265752,0.005619,0.449443,-0.041413,-0.016739,-0.034278,-0.000660,-0.999272,0.000000,0.002060
265756,0.005621,0.449433,-0.041424,-0.016980,-0.034172,-0.000778,-0.999271,0.000000,0.002060
265759,0.005618,0.449435,-0.041430,-0.016939,-0.034224,-0.000770,-0.999270,0.000000,0.002060
265763,0.005611,0.449446,-0.041430,-0.016740,-0.034259,-0.000646,-0.999273,-0.000343,0.002060
265766,0.005607,0.449447,-0.041437,-0.016674,-0.034267,-0.000690,-0.999273,-0.000343,0.002060
265770,0.005611,0.449437,-0.041439,-0.016994,-0.034165,-0.000702,-0.999272,-0.000343,0.002060
265774,0.005617,0.449448,-0.041428,-0.016733,-0.034286,-0.000609,-0.999272,-0.000343,0.002060
265777,0.005621,0.449447,-0.041422,-0.016727,-0.034275,-0.000617,-0.999272,-0.000343,0.001717
265781,0.005626,0.449445,-0.041414,-0.016824,-0.034213,-0.000575,-0.999273,-0.000343,0.001717
265784,0.005628,0.449437,-0.041416,-0.016976,-0.034149,-0.000730,-0.999272,0.000000,0.002060
265788,0.005627,0.449435,-0.041409,-0.016976,-0.034153,-0.000704,-0.999272,0.000000,0.002060
265791,0.005623,0.449444,-0.041403,-0.016852,-0.034201,-0.000579,-0.999273,0.000000,0.001717
265795,0.005621,0.449443,-0.041405,-0.016763,-0.034249,-0.000609,-0.999273,0.000000,0.001717
265798,0.005622,0.449445,-0.041410,-0.016741,-0.034272,-0.000612,-0.999272,-0.000343,0.001717
265802,0.005627,0.449447,-0.041413,-0.016817,-0.034243,-0.000571,-0.999272,0.000000,0.001717
265806,0.005625,0.449435,-0.041424,-0.016834,-0.034200,-0.000795,-0.999273,0.000000,0.002060
265809,0.005628,0.449438,-0.041422,-0.016970,-0.034147,-0.000728,-0.999272,0.000000,0.001717
265813,0.005623,0.449436,-0.041421,-0.016893,-0.034187,-0.000768,-0.999272,0.000000,0.001717
265816,0.005620,0.449445,-0.041412,-0.016802,-0.034253,-0.000608,-0.999272,0.000000,0.001717
265820,0.005618,0.449442,-0.041413,-0.016758,-0.034262,-0.000687,-0.999272,-0.000343,0.001717
265823,0.005624,0.449433,-0.041419,-0.017042,-0.034178,-0.000742,-0.999270,-0.000343,0.001373
265827,0.005630,0.449432,-0.041428,-0.016872,-0.034223,-0.000847,-0.999271,0.000000,0.001373
265831,0.005636,0.449434,-0.041432,-0.016963,-0.034150,-0.000770,-0.999272,-0.000343,0.001717
265834,0.005640,0.449433,-0.041433,-0.016935,-0.034213,-0.000769,-0.999271,-0.000343,0.001373
265838,0.005636,0.449438,-0.041433,-0.016856,-0.034201,-0.000793,-0.999273,-0.000343,0.001373
265841,0.005627,0.449432,-0.041431,-0.016878,-0.034195,-0.000836,-0.999272,0.000000,0.001373
265845,0.005624,0.449431,-0.041422,-0.016951,-0.034189,-0.000787,-0.999271,0.000000,0.001373
265848,0.005618,0.449441,-0.041413,-0.016714,-0.034260,-0.000703,-0.999273,-0.000343,0.001373
265848,0.005618,0.449441,-0.041413,-0.016714,-0.034260,-0.000703,-0.999273,-0.000343,0.001373
265848,0.005618,0.449441,-0.041413,-0.016714,-0.034260,-0.000703,-0.999273,-0.000343,0.001373
265848,0.005618,0.449441,-0.041413,-0.016714,-0.034260,-0.000703,-0.999273,-0.000343,0.001373
265848,0.005618,0.449441,-0.041413,-0.016714,-0.034260,-0.000703,-0.999273,-0.000343,0.001373
265848,0.005618,0.449441,-0.041413,-0.016714,-0.034260,-0.000703,-0.999273,-0.000343,0.001373
265848,0.005618,0.449441,-0.041413,-0.016714,-0.034260,-0.000703,-0.999273,-0.000343,0.001373
265848,0.005618,0.449441,-0.041413,-0.016714,-0.034260,-0.000703,-0.999273,-0.000343,0.001373
265848,0.005618,0.449441,-0.041413,-0.016714,-0.034260,-0.000703,-0.999273,-0.000343,0.001373
265848,0.005618,0.449441,-0.041413,-0.016714,-0.034260,-0.000703,-0.999273,-0.000343,0.001373
265848,0.005618,0.449441,-0.041413,-0.016714,-0.034260,-0.000703,-0.999273,-0.000343,0.001373
265848,0.005618,0.449441,-0.041413,-0.016714,-0.034260,-0.000703,-0.999273,-0.000343,0.001373
265848,0.005618,0.449441,-0.041413,-0.016714,-0.034260,-0.000703,-0.999273,-0.000343,0.001373
265848,0.005618,0.449441,-0.041413,-0.016714,-0.034260,-0.000703,-0.999273,-0.000343,0.001373
265848,0.005618,0.449441,-0.041413,-0.016714,-0.034260,-0.000703,-0.999273,-0.000343,0.001373
265848,0.005618,0.449441,-0.041413,-0.016714,-0.034260,-0.000703,-0.999273,-0.000343,0.001373
