0,0.000000,0.000000,0.000000,0.000000,0.000000,0.000000,0.000000,0.000000,0.000000
0,0.000000,0.000000,0.000000,0.000000,0.000000,0.000000,0.000000,0.000000,0.000000
0,0.000000,0.000000,0.000000,0.000000,0.000000,0.000000,0.000000,0.000000,0.000000
0,0.000000,0.000000,0.000000,0.000000,0.000000,0.000000,0.000000,0.000000,0.000000
0,0.000000,0.000000,0.000000,0.000000,0.000000,0.000000,0.000000,0.000000,0.000000
0,0.000000,0.000000,0.000000,0.000000,0.000000,0.000000,0.000000,0.000000,0.000000
0,0.000000,0.000000,0.000000,0.000000,0.000000,0.000000,0.000000,0.000000,0.000000
0,0.000000,0.000000,0.000000,0.000000,0.000000,0.000000,0.000000,0.000000,0.000000
0,0.000000,0.000000,0.000000,0.000000,0.000000,0.000000,0.000000,0.000000,0.000000
0,0.000000,0.000000,0.000000,0.000000,0.000000,0.000000,0.000000,0.000000,0.000000
0,0.000000,0.000000,0.000000,0.000000,0.000000,0.000000,0.000000,0.000000,0.000000
0,0.000000,0.000000,0.000000,0.000000,0.000000,0.000000,0.000000,0.000000,0.000000
0,0.000000,0.000000,0.000000,0.000000,0.000000,0.000000,0.000000,0.000000,0.000000
0,0.000000,0.000000,0.000000,0.000000,0.000000,0.000000,0.000000,0.000000,0.000000
0,0.000000,0.000000,0.000000,0.000000,0.000000,0.000000,0.000000,0.000000,0.000000
0,0.000000,0.000000,0.000000,0.000000,0.000000,0.000000,0.000000,0.000000,0.000000
0,0.000000,0.000000,0.000000,0.000000,0.000000,0.000000,0.000000,0.000000,0.000000
0,0.000000,0.000000,0.000000,0.000000,0.000000,0.000000,0.000000,0.000000,0.000000
0,0.000000,0.000000,0.000000,0.000000,0.000000,0.000000,0.000000,0.000000,0.000000
0,0.000000,0.000000,0.000000,0.000000,0.000000,0.000000,0.000000,0.000000,0.000000
0,0.000000,0.000000,0.000000,0.000000,0.000000,0.000000,0.000000,0.000000,0.000000
0,0.000000,0.000000,0.000000,0.000000,0.000000,0.000000,0.000000,0.000000,0.000000
0,0.000000,0.000000,0.000000,0.000000,0.000000,0.000000,0.000000,0.000000,0.000000
0,0.000000,0.000000,0.000000,0.000000,0.000000,0.000000,0.000000,0.000000,0.000000
17140,0.004009,0.449778,-0.042565,-0.017568,-0.025229,0.001503,-0.999526,0.000687,-0.000343
17143,0.004002,0.449780,-0.042589,-0.017567,-0.025223,0.001543,-0.999526,0.000687,0.000000
17146,0.003994,0.449782,-0.042621,-0.017405,-0.025272,0.001447,-0.999528,0.000687,-0.000343
17150,0.003997,0.449786,-0.042656,-0.017499,-0.025292,0.001539,-0.999526,0.000687,-0.000343
17154,0.003998,0.449779,-0.042684,-0.017562,-0.025213,0.001329,-0.999527,0.000687,-0.000343
17157,0.004004,0.449787,-0.042676,-0.017406,-0.025307,0.001520,-0.999527,0.001030,-0.000343
17161,0.004005,0.449784,-0.042655,-0.017610,-0.025232,0.001527,-0.999525,0.001030,-0.000343
17164,0.004008,0.449783,-0.042631,-0.017560,-0.025258,0.001575,-0.999526,0.001030,-0.000343
17168,0.004004,0.449780,-0.042604,-0.017495,-0.025248,0.001447,-0.999527,0.001030,-0.000343
17171,0.004008,0.449781,-0.042586,-0.017589,-0.025219,0.001554,-0.999526,0.001030,-0.000343
17175,0.004007,0.449779,-0.042579,-0.017521,-0.025227,0.001453,-0.999527,0.001030,-0.000343
17178,0.004008,0.449783,-0.042581,-0.017703,-0.025122,0.001502,-0.999527,0.000687,-0.000343
17182,0.004006,0.449783,-0.042598,-0.017602,-0.025238,0.001509,-0.999525,0.001030,-0.000343
17186,0.004001,0.449785,-0.042618,-0.017386,-0.025298,0.001439,-0.999528,0.001030,-0.000343
17189,0.004000,0.449786,-0.042627,-0.017388,-0.025310,0.001477,-0.999527,0.001030,-0.000343
17192,0.004001,0.449786,-0.042630,-0.017576,-0.025224,0.001535,-0.999526,0.001030,-0.000343
17196,0.003998,0.449782,-0.042623,-0.017463,-0.025257,0.001505,-0.999527,0.001030,-0.000343
17200,0.003994,0.449782,-0.042611,-0.017465,-0.025274,0.001425,-0.999527,0.001030,-0.000343
17203,0.003994,0.449781,-0.042598,-0.017501,-0.025270,0.001473,-0.999526,0.001030,-0.000343
17207,0.003996,0.449781,-0.042591,-0.017549,-0.025218,0.001436,-0.999527,0.000687,-0.000343
17210,0.003999,0.449780,-0.042594,-0.017576,-0.025227,0.001440,-0.999526,0.001030,-0.000343
17214,0.003997,0.449778,-0.042607,-0.017514,-0.025265,0.001457,-0.999526,0.001030,-0.000343
17217,0.003996,0.449781,-0.042620,-0.017525,-0.025250,0.001493,-0.999527,0.001030,-0.000343
17221,0.003985,0.449782,-0.042645,-0.017361,-0.025285,0.001429,-0.999529,0.001373,-0.000343
17224,0.003981,0.449783,-0.042652,-0.017390,-0.025322,0.001465,-0.999527,0.001030,-0.000343
17224,0.003981,0.449783,-0.042652,-0.017390,-0.025322,0.001465,-0.999527,0.001030,-0.000343
17224,0.003981,0.449783,-0.042652,-0.017390,-0.025322,0.001465,-0.999527,0.001030,-0.000343
17224,0.003981,0.449783,-0.042652,-0.017390,-0.025322,0.001465,-0.999527,0.001030,-0.000343
17224,0.003981,0.449783,-0.042652,-0.017390,-0.025322,0.001465,-0.999527,0.001030,-0.000343
17224,0.003981,0.449783,-0.042652,-0.017390,-0.025322,0.001465,-0.999527,0.001030,0.000000
17224,0.003981,0.449783,-0.042652,-0.017390,-0.025322,0.001465,-0.999527,0.001030,-0.000343
17224,0.003981,0.449783,-0.042652,-0.017390,-0.025322,0.001465,-0.999527,0.001373,-0.000343
17224,0.003981,0.449783,-0.042652,-0.017390,-0.025322,0.001465,-0.999527,0.001030,0.000000
17224,0.003981,0.449783,-0.042652,-0.017390,-0.025322,0.001465,-0.999527,0.001373,-0.000343
17224,0.003981,0.449783,-0.042652,-0.017390,-0.025322,0.001465,-0.999527,0.001373,-0.000343
17224,0.003981,0.449783,-0.042652,-0.017390,-0.025322,0.001465,-0.999527,0.001373,-0.000343
17224,0.003981,0.449783,-0.042652,-0.017390,-0.025322,0.001465,-0.999527,0.001373,-0.000343
17224,0.003981,0.449783,-0.042652,-0.017390,-0.025322,0.001465,-0.999527,0.001030,-0.000343
17224,0.003981,0.449783,-0.042652,-0.017390,-0.025322,0.001465,-0.999527,0.001373,-0.000343
17224,0.003981,0.449783,-0.042652,-0.017390,-0.025322,0.001465,-0.999527,0.001030,-0.001030
17224,0.003981,0.449783,-0.042652,-0.017390,-0.025322,0.001465,-0.999527,0.001030,-0.000343
17224,0.003981,0.449783,-0.042652,-0.017390,-0.025322,0.001465,-0.999527,0.001373,-0.000343
17224,0.003981,0.449783,-0.042652,-0.017390,-0.025322,0.001465,-0.999527,0.001373,-0.000343
17224,0.003981,0.449783,-0.042652,-0.017390,-0.025322,0.001465,-0.999527,0.001030,-0.000343
17224,0.003981,0.449783,-0.042652,-0.017390,-0.025322,0.001465,-0.999527,0.001030,-0.000343
17224,0.003981,0.449783,-0.042652,-0.017390,-0.025322,0.001465,-0.999527,0.001373,-0.000343
17224,0.003981,0.449783,-0.042652,-0.017390,-0.025322,0.001465,-0.999527,0.001373,-0.000343
17224,0.003981,0.449783,-0.042652,-0.017390,-0.025322,0.001465,-0.999527,0.001030,-0.000343
17224,0.003981,0.449783,-0.042652,-0.017390,-0.025322,0.001465,-0.999527,0.001373,-0.000343
17224,0.003981,0.449783,-0.042652,-0.017390,-0.025322,0.001465,-0.999527,0.001373,-0.000343
17224,0.003981,0.449783,-0.042652,-0.017390,-0.025322,0.001465,-0.999527,0.001373,-0.000343
17224,0.003981,0.449783,-0.042652,-0.017390,-0.025322,0.001465,-0.999527,0.001373,-0.000343
17224,0.003981,0.449783,-0.042652,-0.017390,-0.025322,0.001465,-0.999527,0.001373,-0.000343
17224,0.003981,0.449783,-0.042652,-0.017390,-0.025322,0.001465,-0.999527,0.001373,-0.000343
17331,0.003974,0.449777,-0.042622,-0.017467,-0.025243,0.001416,-0.999528,0.001373,-0.000343
17334,0.003968,0.449776,-0.042630,-0.017509,-0.025278,0.001499,-0.999526,0.002403,-0.000343
17338,0.003955,0.449777,-0.042644,-0.017426,-0.025248,0.001393,-0.999528,0.023003,-0.000343
17342,0.003954,0.449768,-0.042650,-0.017712,-0.025148,0.001346,-0.999526,0.136642,-0.000343
17345,0.003956,0.449778,-0.042642,-0.017436,-0.025289,0.001438,-0.999527,0.347443,-0.000343
17349,0.003964,0.449778,-0.042631,-0.017430,-0.025291,0.001502,-0.999527,0.754280,-0.000343
17352,0.003978,0.449782,-0.042617,-0.017392,-0.025339,0.001475,-0.999527,1.279907,-0.000343
17356,0.003988,0.449781,-0.042600,-0.017661,-0.025235,0.001613,-0.999524,1.918144,-0.000343
17359,0.003988,0.449779,-0.042589,-0.017511,-0.025302,0.001569,-0.999525,2.602386,-0.000343
17363,0.004011,0.449781,-0.042571,-0.017675,-0.025266,0.001749,-0.999523,3.327484,-0.000343
17367,0.004009,0.449782,-0.042570,-0.017746,-0.025211,0.001763,-0.999523,4.079018,-0.000343
17370,0.004017,0.449781,-0.042572,-0.017633,-0.025290,0.001778,-0.999523,4.880333,0.000000
17374,0.004046,0.449786,-0.042568,-0.017814,-0.025309,0.001990,-0.999519,5.721474,-0.000343
17377,0.004071,0.449789,-0.042558,-0.017851,-0.025348,0.002129,-0.999517,6.564674,-0.000343
17381,0.004108,0.449788,-0.042562,-0.018194,-0.025260,0.002189,-0.999513,7.349510,-0.000343
17384,0.004139,0.449799,-0.042543,-0.018008,-0.025412,0.002540,-0.999512,7.835655,-0.000343
17388,0.004154,0.449800,-0.042531,-0.018144,-0.025432,0.002652,-0.999508,8.035469,-0.000343
17391,0.004150,0.449789,-0.042541,-0.018298,-0.025299,0.002519,-0.999509,7.938309,0.000000
17395,0.004147,0.449799,-0.042525,-0.018126,-0.025397,0.002655,-0.999510,7.676010,-0.000343
17398,0.004146,0.449799,-0.042522,-0.018154,-0.025379,0.002667,-0.999510,7.452164,-0.000343
17402,0.004148,0.449799,-0.042521,-0.018158,-0.025382,0.002653,-0.999509,7.429161,-0.000343
17406,0.004151,0.449798,-0.042519,-0.018183,-0.025416,0.002613,-0.999508,7.670174,-0.000343
17409,0.004155,0.449800,-0.042520,-0.018178,-0.025396,0.002694,-0.999509,8.165245,-0.000343
17413,0.004174,0.449791,-0.042520,-0.018287,-0.025347,0.002542,-0.999508,8.818588,-0.000343
17416,0.004219,0.449805,-0.042491,-0.018241,-0.025463,0.002967,-0.999505,9.476395,-0.000343
17420,0.004252,0.449806,-0.042473,-0.018336,-0.025508,0.003178,-0.999501,10.015755,-0.000343
17423,0.004278,0.449810,-0.042461,-0.018505,-0.025469,0.003361,-0.999499,10.379677,-0.000343
17427,0.004298,0.449811,-0.042449,-0.018393,-0.025557,0.003410,-0.999498,10.571938,-0.000343
17430,0.004300,0.449811,-0.042450,-0.018475,-0.025513,0.003473,-0.999498,10.654335,-0.000343
17434,0.004307,0.449800,-0.042452,-0.018615,-0.025443,0.003302,-0.999498,10.749779,-0.000343
17437,0.004308,0.449812,-0.042443,-0.018433,-0.025552,0.003521,-0.999497,10.955772,-0.000343
17441,0.004320,0.449802,-0.042447,-0.018728,-0.025480,0.003461,-0.999494,11.335831,-0.000343
17445,0.004359,0.449817,-0.042431,-0.018538,-0.025582,0.003879,-0.999493,11.883087,-0.000343
17448,0.004399,0.449810,-0.042431,-0.018817,-0.025490,0.003905,-0.999490,12.518921,-0.000343
17452,0.004486,0.449819,-0.042402,-0.019250,-0.025489,0.004468,-0.999480,13.166428,-0.000343
17455,0.004544,0.449824,-0.042382,-0.019225,-0.025580,0.004790,-0.999476,13.697891,-0.000343
17459,0.004598,0.449828,-0.042357,-0.019508,-0.025535,0.005115,-0.999471,14.011688,-0.000343
17463,0.004620,0.449827,-0.042340,-0.019586,-0.025520,0.005333,-0.999468,14.180946,-0.000343
17466,0.004618,0.449825,-0.042332,-0.019485,-0.025546,0.005287,-0.999470,14.187813,-0.000343
17469,0.004616,0.449827,-0.042328,-0.019564,-0.025506,0.005277,-0.999469,14.178543,-0.000343
17473,0.004616,0.449826,-0.042324,-0.019611,-0.025551,0.005372,-0.999467,14.176826,-0.000343
17476,0.004615,0.449825,-0.042329,-0.019552,-0.025553,0.005356,-0.999468,14.238625,-0.000343
17480,0.004623,0.449828,-0.042332,-0.019537,-0.025549,0.005332,-0.999468,14.466934,-0.000343
17484,0.004658,0.449830,-0.042322,-0.019748,-0.025523,0.005621,-0.999463,14.911537,-0.000343
17487,0.004706,0.449835,-0.042309,-0.019783,-0.025538,0.005825,-0.999461,15.378113,-0.000343
17491,0.004795,0.449846,-0.042274,-0.020130,-0.025538,0.006416,-0.999451,15.942192,0.000000
17494,0.004853,0.449852,-0.042249,-0.020186,-0.025571,0.006706,-0.999447,16.332550,-0.000343
17498,0.004907,0.449862,-0.042223,-0.020313,-0.025592,0.007096,-0.999441,16.566353,-0.000343
17501,0.004923,0.449862,-0.042210,-0.020432,-0.025534,0.007156,-0.999440,16.676559,-0.000343
17505,0.004932,0.449862,-0.042192,-0.020532,-0.025547,0.007297,-0.999436,16.708488,-0.000343
17509,0.004932,0.449862,-0.042188,-0.020483,-0.025535,0.007196,-0.999438,16.766510,-0.000343
17512,0.004939,0.449864,-0.042185,-0.020532,-0.025552,0.007322,-0.999436,16.940231,-0.000343
17516,0.004961,0.449868,-0.042192,-0.020667,-0.025525,0.007452,-0.999433,17.266388,-0.000343
17519,0.005003,0.449873,-0.042185,-0.020680,-0.025536,0.007747,-0.999430,17.718544,-0.000343
17523,0.005101,0.449887,-0.042160,-0.020820,-0.025531,0.008239,-0.999423,18.237648,-0.000343
17526,0.005179,0.449896,-0.042133,-0.021216,-0.025476,0.008742,-0.999412,18.739929,-0.000343
17530,0.005257,0.449906,-0.042105,-0.021259,-0.025535,0.009126,-0.999406,19.139900,-0.000343
17533,0.005310,0.449912,-0.042075,-0.021351,-0.025569,0.009457,-0.999400,19.444771,-0.000343
17537,0.005357,0.449911,-0.042040,-0.021571,-0.025559,0.009753,-0.999393,19.654541,-0.000343
17541,0.005389,0.449916,-0.042009,-0.021613,-0.025592,0.009943,-0.999389,19.875298,-0.000343
17544,0.005415,0.449918,-0.041983,-0.021689,-0.025615,0.010110,-0.999385,20.073738,-0.000343
17547,0.005447,0.449924,-0.041964,-0.021971,-0.025542,0.010396,-0.999378,20.391312,-0.000343
17551,0.005504,0.449930,-0.041943,-0.021983,-0.025650,0.010743,-0.999371,20.776520,-0.000343
17554,0.005567,0.449937,-0.041928,-0.022143,-0.025634,0.011210,-0.999363,21.237259,0.000000
17558,0.005658,0.449949,-0.041915,-0.022384,-0.025686,0.011655,-0.999351,21.612167,-0.000343
17562,0.005734,0.449959,-0.041903,-0.022550,-0.025667,0.012085,-0.999343,21.978149,-0.000343
17565,0.005778,0.449964,-0.041893,-0.022593,-0.025708,0.012343,-0.999338,22.271690,-0.000343
17569,0.005817,0.449963,-0.041871,-0.022758,-0.025733,0.012713,-0.999329,22.522316,-0.000343
17572,0.005843,0.449967,-0.041851,-0.022932,-0.025714,0.012907,-0.999323,22.755432,-0.000343
17576,0.005880,0.449967,-0.041827,-0.022866,-0.025787,0.013077,-0.999320,22.987175,-0.000343
17579,0.005914,0.449970,-0.041808,-0.023086,-0.025729,0.013288,-0.999314,23.260460,-0.000343
17583,0.005972,0.449972,-0.041784,-0.023179,-0.025805,0.013700,-0.999304,23.598289,0.000000
17587,0.006049,0.449979,-0.041752,-0.023454,-0.025792,0.014195,-0.999291,24.002380,-0.000343
17590,0.006111,0.449989,-0.041730,-0.023693,-0.025812,0.014544,-0.999280,24.422607,-0.000343
17594,0.006185,0.449996,-0.041696,-0.023860,-0.025834,0.015072,-0.999268,24.828758,-0.000343
17597,0.006236,0.450002,-0.041675,-0.023958,-0.025843,0.015397,-0.999260,25.206757,-0.000343
17601,0.006305,0.450010,-0.041641,-0.024269,-0.025793,0.015963,-0.999245,25.555916,-0.000343
17604,0.006351,0.450016,-0.041619,-0.024409,-0.025774,0.016210,-0.999238,25.846367,-0.000343
17608,0.006413,0.450024,-0.041584,-0.024471,-0.025886,0.016606,-0.999227,26.180077,0.000000
17612,0.006471,0.450029,-0.041556,-0.024719,-0.025796,0.016944,-0.999218,26.467781,0.000000
17615,0.006520,0.450033,-0.041533,-0.024877,-0.025789,0.017272,-0.999209,26.844749,-0.000343
17618,0.006568,0.450041,-0.041518,-0.024901,-0.025768,0.017484,-0.999205,27.239914,-0.000343
17622,0.006651,0.450046,-0.041489,-0.025218,-0.025761,0.018086,-0.999186,27.705803,0.000000
17626,0.006753,0.450061,-0.041453,-0.025310,-0.025881,0.018731,-0.999169,28.242416,-0.000343
17629,0.006841,0.450070,-0.041423,-0.025584,-0.025880,0.019360,-0.999150,28.862457,-0.000343
17633,0.006967,0.450081,-0.041368,-0.026068,-0.025914,0.020205,-0.999120,29.564209,0.000000
17636,0.007078,0.450090,-0.041319,-0.026429,-0.025922,0.021015,-0.999094,30.291710,0.000000
17640,0.007244,0.450103,-0.041242,-0.026766,-0.026035,0.022053,-0.999059,31.021271,0.000000
17643,0.007360,0.450107,-0.041184,-0.027171,-0.026006,0.022743,-0.999034,31.675987,0.000000
17647,0.007512,0.450124,-0.041103,-0.027590,-0.026004,0.023684,-0.999000,32.391815,0.000000
17651,0.007668,0.450139,-0.041022,-0.028101,-0.025962,0.024569,-0.998966,33.084297,-0.000343
17654,0.007765,0.450142,-0.040974,-0.028390,-0.025977,0.025229,-0.998941,33.755150,0.000000
17658,0.007870,0.450149,-0.040930,-0.028625,-0.026035,0.025930,-0.998915,34.262581,0.000000
17661,0.007949,0.450156,-0.040905,-0.028885,-0.025981,0.026400,-0.998896,34.636116,0.000000
17665,0.008010,0.450161,-0.040890,-0.029153,-0.025985,0.026787,-0.998878,34.902191,0.000000
17668,0.008043,0.450163,-0.040882,-0.029122,-0.026036,0.027062,-0.998870,35.133591,0.000000
17672,0.008085,0.450166,-0.040864,-0.029168,-0.026081,0.027347,-0.998860,35.380783,0.000000
17675,0.008121,0.450170,-0.040847,-0.029373,-0.026071,0.027652,-0.998846,35.712090,0.000000
17679,0.008193,0.450171,-0.040806,-0.029684,-0.026102,0.028159,-0.998822,36.133003,0.000000
17683,0.008299,0.450179,-0.040750,-0.030034,-0.026168,0.028864,-0.998789,36.640778,0.000000
17686,0.008397,0.450186,-0.040710,-0.030397,-0.026100,0.029478,-0.998762,37.209663,0.000000
17690,0.008536,0.450195,-0.040646,-0.030730,-0.026074,0.030378,-0.998726,37.768593,0.000000
17693,0.008633,0.450199,-0.040604,-0.030846,-0.026153,0.030921,-0.998703,38.245468,0.000000
17697,0.008737,0.450209,-0.040558,-0.031338,-0.026035,0.031629,-0.998669,38.648872,0.000000
17700,0.008783,0.450210,-0.040536,-0.031344,-0.026128,0.031876,-0.998659,39.010048,0.000343
17704,0.008849,0.450221,-0.040512,-0.031465,-0.026114,0.032296,-0.998642,39.315605,0.000000
17707,0.008896,0.450222,-0.040491,-0.031616,-0.026156,0.032565,-0.998627,39.698410,0.000000
17711,0.008975,0.450225,-0.040459,-0.032034,-0.026127,0.033200,-0.998594,40.083961,0.000000
17714,0.009054,0.450229,-0.040423,-0.032140,-0.026230,0.033655,-0.998572,40.557060,0.000000
17718,0.009168,0.450232,-0.040370,-0.032650,-0.026197,0.034508,-0.998527,41.076164,0.000000
17721,0.009259,0.450229,-0.040335,-0.033143,-0.026120,0.034979,-0.998497,41.612778,0.000000
17725,0.009366,0.450232,-0.040281,-0.033294,-0.026176,0.035650,-0.998467,42.138062,0.000343
17725,0.009366,0.450232,-0.040281,-0.033294,-0.026176,0.035650,-0.998467,42.633133,0.000000
17725,0.009366,0.450232,-0.040281,-0.033294,-0.026176,0.035650,-0.998467,43.068810,0.000343
17725,0.009366,0.450232,-0.040281,-0.033294,-0.026176,0.035650,-0.998467,43.486633,0.000343
17725,0.009366,0.450232,-0.040281,-0.033294,-0.026176,0.035650,-0.998467,43.914070,0.000000
17725,0.009366,0.450232,-0.040281,-0.033294,-0.026176,0.035650,-0.998467,44.292755,0.000343
17725,0.009366,0.450232,-0.040281,-0.033294,-0.026176,0.035650,-0.998467,44.797440,0.000343
17725,0.009366,0.450232,-0.040281,-0.033294,-0.026176,0.035650,-0.998467,45.295258,0.000343
17725,0.009366,0.450232,-0.040281,-0.033294,-0.026176,0.035650,-0.998467,45.812302,0.000343
17725,0.009366,0.450232,-0.040281,-0.033294,-0.026176,0.035650,-0.998467,46.345482,0.000343
17725,0.009366,0.450232,-0.040281,-0.033294,-0.026176,0.035650,-0.998467,46.887589,0.000343
17725,0.009366,0.450232,-0.040281,-0.033294,-0.026176,0.035650,-0.998467,47.329445,0.000343
17725,0.009366,0.450232,-0.040281,-0.033294,-0.026176,0.035650,-0.998467,47.863655,0.000343
17725,0.009366,0.450232,-0.040281,-0.033294,-0.026176,0.035650,-0.998467,48.341217,0.000343
17725,0.009366,0.450232,-0.040281,-0.033294,-0.026176,0.035650,-0.998467,48.806763,0.000343
17725,0.009366,0.450232,-0.040281,-0.033294,-0.026176,0.035650,-0.998467,49.283981,0.000343
17725,0.009366,0.450232,-0.040281,-0.033294,-0.026176,0.035650,-0.998467,49.795189,0.000343
17725,0.009366,0.450232,-0.040281,-0.033294,-0.026176,0.035650,-0.998467,50.333519,0.000343
17725,0.009366,0.450232,-0.040281,-0.033294,-0.026176,0.035650,-0.998467,50.863953,0.000343
17725,0.009366,0.450232,-0.040281,-0.033294,-0.026176,0.035650,-0.998467,51.342888,0.000343
17725,0.009366,0.450232,-0.040281,-0.033294,-0.026176,0.035650,-0.998467,51.948509,0.000343
17725,0.009366,0.450232,-0.040281,-0.033294,-0.026176,0.035650,-0.998467,52.438087,0.000343
17725,0.009366,0.450232,-0.040281,-0.033294,-0.026176,0.035650,-0.998467,52.991524,0.000343
17725,0.009366,0.450232,-0.040281,-0.033294,-0.026176,0.035650,-0.998467,53.485909,0.000343
17725,0.009366,0.450232,-0.040281,-0.033294,-0.026176,0.035650,-0.998467,53.952141,0.000343
17725,0.009366,0.450232,-0.040281,-0.033294,-0.026176,0.035650,-0.998467,54.531326,0.000343
17725,0.009366,0.450232,-0.040281,-0.033294,-0.026176,0.035650,-0.998467,55.066910,0.000343
17725,0.009366,0.450232,-0.040281,-0.033294,-0.026176,0.035650,-0.998467,55.625839,0.000343
17725,0.009366,0.450232,-0.040281,-0.033294,-0.026176,0.035650,-0.998467,56.151123,0.000343
17725,0.009366,0.450232,-0.040281,-0.033294,-0.026176,0.035650,-0.998467,56.790733,0.000343
17831,0.012221,0.450320,-0.039023,-0.041864,-0.026337,0.053957,-0.997318,57.342110,0.000343
17835,0.012332,0.450324,-0.038963,-0.042266,-0.026255,0.054652,-0.997265,57.878036,0.000343
17839,0.012442,0.450317,-0.038898,-0.042601,-0.026287,0.055450,-0.997206,58.408470,0.000343
17842,0.012518,0.450316,-0.038855,-0.042872,-0.026294,0.055943,-0.997167,58.943367,0.000343
17846,0.012618,0.450311,-0.038803,-0.043138,-0.026352,0.056603,-0.997116,59.491310,0.000343
17849,0.012702,0.450311,-0.038766,-0.043430,-0.026347,0.057164,-0.997072,60.030670,0.000343
17853,0.012823,0.450312,-0.038729,-0.043760,-0.026391,0.057948,-0.997011,60.610199,0.000343
17856,0.012925,0.450316,-0.038693,-0.043997,-0.026441,0.058527,-0.996965,61.158485,0.000343
17860,0.013049,0.450311,-0.038648,-0.044489,-0.026425,0.059354,-0.996895,61.828308,0.000343
17864,0.013168,0.450310,-0.038609,-0.044822,-0.026379,0.059926,-0.996847,62.423973,0.000343
17867,0.013263,0.450309,-0.038561,-0.045128,-0.026344,0.060596,-0.996794,62.988396,0.000343
17871,0.013389,0.450315,-0.038492,-0.045449,-0.026445,0.061324,-0.996732,63.529129,0.000343
17874,0.013475,0.450310,-0.038443,-0.045818,-0.026369,0.061889,-0.996682,64.084625,0.000687
17878,0.013596,0.450303,-0.038371,-0.046147,-0.026448,0.062671,-0.996616,64.660721,0.000687
17881,0.013687,0.450303,-0.038325,-0.046524,-0.026405,0.063371,-0.996555,65.251579,0.000343
17885,0.013805,0.450300,-0.038267,-0.046899,-0.026416,0.064116,-0.996490,65.834541,0.000343
17888,0.013897,0.450299,-0.038222,-0.047126,-0.026464,0.064683,-0.996441,66.417503,0.000343
17892,0.014015,0.450295,-0.038176,-0.047532,-0.026469,0.065433,-0.996373,67.024841,0.000343
17895,0.014108,0.450295,-0.038137,-0.047912,-0.026441,0.066091,-0.996312,67.657585,0.000343
17899,0.014232,0.450291,-0.038095,-0.048213,-0.026491,0.066800,-0.996249,68.286209,0.000343
17903,0.014360,0.450284,-0.038050,-0.048608,-0.026497,0.067611,-0.996175,68.886681,0.000343
17906,0.014466,0.450284,-0.038019,-0.048768,-0.026533,0.068192,-0.996126,69.398918,0.000687
17910,0.014613,0.450285,-0.037971,-0.049065,-0.026587,0.069051,-0.996051,70.012779,0.000687
17913,0.014713,0.450283,-0.037925,-0.049456,-0.026543,0.069656,-0.995991,70.579948,0.000343
17917,0.014822,0.450275,-0.037857,-0.049760,-0.026506,0.070397,-0.995925,71.186600,0.000687
17920,0.014896,0.450266,-0.037800,-0.050020,-0.026537,0.070885,-0.995876,71.838570,0.000343
17924,0.015007,0.450259,-0.037723,-0.050577,-0.026566,0.071702,-0.995789,72.437325,0.000687
17928,0.015142,0.450256,-0.037657,-0.050945,-0.026646,0.072662,-0.995698,73.146286,0.000687
17931,0.015239,0.450248,-0.037616,-0.051217,-0.026660,0.073204,-0.995644,73.697662,0.000343
17934,0.015334,0.450243,-0.037578,-0.051498,-0.026695,0.073827,-0.995583,74.365425,0.000343
17938,0.015454,0.450239,-0.037522,-0.051835,-0.026719,0.074589,-0.995508,74.960060,0.000343
17942,0.015576,0.450237,-0.037466,-0.052178,-0.026677,0.075363,-0.995433,75.552979,0.000343
17945,0.015670,0.450231,-0.037425,-0.052460,-0.026659,0.075915,-0.995376,76.084442,0.000343
17949,0.015801,0.450225,-0.037368,-0.052891,-0.026627,0.076614,-0.995301,76.699333,0.000343
17952,0.015904,0.450224,-0.037335,-0.053206,-0.026553,0.077182,-0.995242,77.404518,0.000343
17955,0.016007,0.450215,-0.037296,-0.053409,-0.026592,0.077779,-0.995184,78.083267,0.000343
17959,0.016156,0.450205,-0.037236,-0.053946,-0.026619,0.078782,-0.995075,78.740044,0.000343
17963,0.016276,0.450199,-0.037184,-0.054412,-0.026634,0.079702,-0.994976,79.395103,0.000687
17966,0.016368,0.450194,-0.037139,-0.054737,-0.026699,0.080323,-0.994907,80.030937,0.000343
17970,0.016496,0.450189,-0.037080,-0.055126,-0.026690,0.081355,-0.994802,80.593987,0.000343
17974,0.016618,0.450181,-0.037030,-0.055491,-0.026715,0.082114,-0.994718,81.252480,0.000343
17977,0.016709,0.450181,-0.036990,-0.055813,-0.026690,0.082760,-0.994647,81.847115,0.000343
17981,0.016823,0.450182,-0.036929,-0.055952,-0.026663,0.083529,-0.994576,82.458572,0.000343
17984,0.016933,0.450172,-0.036873,-0.056289,-0.026754,0.084067,-0.994509,83.120155,0.000343
17988,0.017081,0.450159,-0.036804,-0.056922,-0.026669,0.084934,-0.994402,83.794441,0.000343
17991,0.017196,0.450148,-0.036749,-0.057169,-0.026737,0.085662,-0.994323,84.474907,0.000343
17995,0.017335,0.450137,-0.036698,-0.057492,-0.026684,0.086329,-0.994248,85.076065,0.000687
17998,0.017449,0.450136,-0.036659,-0.057866,-0.026677,0.087112,-0.994159,85.808372,0.000687
18002,0.017581,0.450128,-0.036609,-0.058244,-0.026684,0.087952,-0.994063,86.444893,0.000343
18006,0.017690,0.450121,-0.036569,-0.058594,-0.026722,0.088669,-0.993977,87.078323,0.000343
18009,0.017757,0.450113,-0.036547,-0.059169,-0.026160,0.089403,-0.993892,87.639999,0.000343
18013,0.017892,0.450102,-0.036493,-0.059341,-0.026319,0.090305,-0.993796,88.262444,0.000343
18016,0.018018,0.450102,-0.036435,-0.059384,-0.026900,0.090825,-0.993731,88.965569,0.000343
18020,0.018168,0.450087,-0.036360,-0.059841,-0.026939,0.091816,-0.993611,89.562950,0.000687
18023,0.018288,0.450080,-0.036300,-0.060211,-0.026960,0.092644,-0.993511,90.318947,0.000343
18027,0.018454,0.450066,-0.036211,-0.060721,-0.026917,0.093641,-0.993388,91.003532,0.000343
18030,0.018568,0.450056,-0.036147,-0.061207,-0.026841,0.094399,-0.993289,91.680565,0.000343
18034,0.018705,0.450043,-0.036079,-0.061518,-0.026868,0.095170,-0.993195,92.271423,0.000343
18038,0.018834,0.450026,-0.036034,-0.062088,-0.026373,0.096220,-0.993072,92.991028,0.000343
18041,0.018960,0.450016,-0.035990,-0.062212,-0.026812,0.096770,-0.992999,93.574333,0.000343
18044,0.019059,0.450016,-0.035956,-0.062462,-0.026898,0.097362,-0.992923,94.274712,0.000343
18048,0.019157,0.450003,-0.035923,-0.062802,-0.026664,0.098281,-0.992817,94.943161,0.000343
18052,0.019288,0.449988,-0.035874,-0.063357,-0.026698,0.099246,-0.992685,95.623970,0.000343
18055,0.019388,0.449979,-0.035836,-0.063637,-0.026662,0.099856,-0.992607,96.299629,0.000343
18059,0.019523,0.449957,-0.035773,-0.063922,-0.026895,0.100594,-0.992508,96.909027,0.000343
18062,0.019628,0.449944,-0.035722,-0.064238,-0.026927,0.101203,-0.992425,97.663307,0.000343
18066,0.019775,0.449930,-0.035642,-0.064694,-0.026869,0.102162,-0.992298,98.332100,0.000343
18069,0.019878,0.449920,-0.035582,-0.065054,-0.026866,0.102756,-0.992213,98.980980,0.000343
18073,0.020002,0.449908,-0.035513,-0.065620,-0.026585,0.103823,-0.992073,99.627113,0.000343
18077,0.020165,0.449898,-0.035433,-0.065905,-0.026886,0.104759,-0.991947,100.207672,0.000687
18080,0.020290,0.449883,-0.035386,-0.066250,-0.026914,0.105601,-0.991834,100.963326,0.000343
18084,0.020452,0.449865,-0.035331,-0.066756,-0.026905,0.106608,-0.991693,101.660271,0.000343
18087,0.020580,0.449850,-0.035287,-0.067197,-0.026974,0.107285,-0.991588,102.294044,0.000343
18091,0.020731,0.449832,-0.035236,-0.067478,-0.027003,0.108146,-0.991475,103.050041,0.000343
18095,0.020876,0.449814,-0.035175,-0.068078,-0.026994,0.109125,-0.991327,103.704414,0.000343
18098,0.020947,0.449807,-0.035147,-0.068607,-0.026369,0.109952,-0.991216,104.356384,0.000343
18102,0.021073,0.449784,-0.035091,-0.068990,-0.026396,0.110664,-0.991109,105.008011,0.000343
18105,0.021182,0.449766,-0.035031,-0.069420,-0.026370,0.111430,-0.990994,105.686760,0.000343
18108,0.021310,0.449757,-0.034962,-0.069633,-0.026602,0.112401,-0.990863,106.371002,0.000343
18112,0.021470,0.449745,-0.034889,-0.069987,-0.026681,0.113276,-0.990736,107.070351,0.000343
18115,0.021590,0.449725,-0.034835,-0.070289,-0.026731,0.114001,-0.990631,107.761459,0.000343
18119,0.021755,0.449707,-0.034761,-0.070789,-0.026714,0.115004,-0.990479,108.451195,0.000343
18123,0.021901,0.449688,-0.034694,-0.071207,-0.026477,0.115994,-0.990340,109.128914,0.000343
18126,0.022012,0.449672,-0.034649,-0.071715,-0.026396,0.116723,-0.990220,109.803886,0.000343
18130,0.022148,0.449649,-0.034595,-0.072022,-0.026453,0.117555,-0.990098,110.469933,0.000687
18133,0.022265,0.449630,-0.034546,-0.072361,-0.026543,0.118331,-0.989978,111.134605,0.000687
18137,0.022418,0.449614,-0.034476,-0.072704,-0.026817,0.119354,-0.989823,111.815414,0.000343
18140,0.022520,0.449603,-0.034433,-0.073054,-0.026918,0.120010,-0.989715,112.500343,0.000343
18144,0.022662,0.449582,-0.034367,-0.073368,-0.026993,0.120908,-0.989581,113.125534,0.000343
18148,0.022811,0.449554,-0.034299,-0.073884,-0.026993,0.121937,-0.989416,113.878441,0.000343
18151,0.022923,0.449535,-0.034247,-0.074188,-0.027039,0.122545,-0.989317,114.631348,0.000343
18155,0.023062,0.449517,-0.034183,-0.074750,-0.026710,0.123654,-0.989146,115.236969,0.000343
18158,0.023173,0.449499,-0.034128,-0.074972,-0.026740,0.124239,-0.989055,115.915375,0.000343
18162,0.023322,0.449481,-0.034058,-0.075563,-0.026618,0.125206,-0.988891,116.586571,0.000343
18165,0.023439,0.449461,-0.034005,-0.075788,-0.026694,0.125807,-0.988795,117.272873,0.000343
18169,0.023597,0.449436,-0.033923,-0.076152,-0.027018,0.126926,-0.988616,117.957458,0.000343
18172,0.023709,0.449418,-0.033878,-0.076527,-0.027062,0.127592,-0.988500,118.632431,0.000343
18176,0.023865,0.449393,-0.033811,-0.076995,-0.027143,0.128569,-0.988335,119.306717,0.000343
18179,0.023959,0.449381,-0.033767,-0.077401,-0.026943,0.129310,-0.988212,119.987869,0.000343
18183,0.024110,0.449351,-0.033707,-0.077983,-0.026950,0.130410,-0.988021,120.597267,0.000343
18187,0.024256,0.449312,-0.033646,-0.078336,-0.027087,0.131045,-0.987905,121.335411,0.000343
18190,0.024340,0.449302,-0.033615,-0.078770,-0.026530,0.131948,-0.987766,122.012444,0.000343
18194,0.024512,0.449271,-0.033542,-0.079145,-0.026911,0.132692,-0.987626,122.701149,0.000343
18197,0.024612,0.449258,-0.033502,-0.079695,-0.026461,0.133560,-0.987477,123.319817,0.000343
18201,0.024772,0.449233,-0.033425,-0.079943,-0.026756,0.134474,-0.987325,124.064140,0.000343
18204,0.024883,0.449212,-0.033365,-0.080396,-0.026752,0.135255,-0.987181,124.736710,0.000343
18208,0.025025,0.449187,-0.033293,-0.080614,-0.026888,0.136044,-0.987052,125.413055,0.000343
18211,0.025135,0.449161,-0.033242,-0.081071,-0.026917,0.136636,-0.986931,126.079102,0.000343
18215,0.025257,0.449146,-0.033188,-0.081508,-0.026586,0.137813,-0.986741,126.695709,0.000343
18219,0.025419,0.449117,-0.033136,-0.081899,-0.026586,0.138711,-0.986583,127.435570,0.000000
18222,0.025530,0.449091,-0.033098,-0.082210,-0.026678,0.139387,-0.986459,128.129082,0.000343
18226,0.025693,0.449069,-0.033044,-0.082734,-0.026718,0.140423,-0.986267,128.800964,0.000343
18229,0.025800,0.449049,-0.032991,-0.083103,-0.026685,0.141120,-0.986137,129.476624,0.000343
18233,0.025942,0.449027,-0.032922,-0.083198,-0.027006,0.142031,-0.985990,130.137520,0.000343
18237,0.026085,0.448985,-0.032851,-0.083764,-0.026884,0.142816,-0.985832,130.736275,0.000343
18240,0.026188,0.448969,-0.032799,-0.084047,-0.026884,0.143416,-0.985721,131.444893,0.000343
18243,0.026289,0.448947,-0.032754,-0.084341,-0.026841,0.144088,-0.985599,132.089996,0.000343
18247,0.026428,0.448915,-0.032682,-0.084878,-0.026833,0.145008,-0.985418,132.742996,0.000343
18250,0.026536,0.448896,-0.032640,-0.085310,-0.026796,0.145728,-0.985275,133.414536,0.000000
18254,0.026661,0.448865,-0.032594,-0.085644,-0.026857,0.146497,-0.985131,134.103241,0.000343
18258,0.026802,0.448841,-0.032548,-0.086100,-0.026837,0.147433,-0.984952,134.790916,0.000343
18261,0.026907,0.448816,-0.032518,-0.086292,-0.026892,0.148055,-0.984840,135.411644,0.000343
18265,0.027060,0.448782,-0.032461,-0.086847,-0.026850,0.149089,-0.984636,136.150131,0.000000
18268,0.027165,0.448760,-0.032421,-0.087072,-0.026861,0.149690,-0.984525,136.809654,0.000343
18272,0.027306,0.448732,-0.032357,-0.087418,-0.026868,0.150560,-0.984362,137.448235,0.000000
18275,0.027403,0.448710,-0.032305,-0.087609,-0.026886,0.151099,-0.984262,138.091278,0.000000
18279,0.027546,0.448683,-0.032228,-0.088184,-0.026836,0.152128,-0.984053,138.729172,0.000343
18282,0.027647,0.448660,-0.032169,-0.088466,-0.026865,0.152730,-0.983934,139.393158,0.000343
18286,0.027798,0.448634,-0.032096,-0.089044,-0.026806,0.153783,-0.983719,140.059547,0.000000
18290,0.027939,0.448594,-0.032029,-0.089514,-0.026849,0.154766,-0.983521,140.747223,0.000343
18293,0.028050,0.448573,-0.031989,-0.089746,-0.026881,0.155461,-0.983390,141.420479,0.000000
18297,0.028186,0.448539,-0.031940,-0.090081,-0.026971,0.156306,-0.983223,142.090302,0.000343
18300,0.028286,0.448516,-0.031904,-0.090419,-0.026959,0.156995,-0.983082,142.673264,0.000343
18304,0.028428,0.448494,-0.031852,-0.090734,-0.027049,0.157892,-0.982907,143.378448,0.000343
18307,0.028525,0.448471,-0.031805,-0.091070,-0.027062,0.158490,-0.982779,144.011536,0.000000
18311,0.028649,0.448440,-0.031752,-0.091436,-0.027005,0.159234,-0.982626,144.646683,0.000000
18314,0.028743,0.448414,-0.031710,-0.091731,-0.026936,0.159820,-0.982506,145.287323,0.000343
18318,0.028879,0.448382,-0.031650,-0.092129,-0.026925,0.160650,-0.982333,145.928993,0.000000
18322,0.029015,0.448350,-0.031599,-0.092488,-0.026991,0.161509,-0.982157,146.591949,0.000000
18325,0.029118,0.448326,-0.031554,-0.092858,-0.026985,0.162198,-0.982009,147.248726,0.000343
18329,0.029244,0.448293,-0.031513,-0.093206,-0.026987,0.162991,-0.981844,147.902069,0.000343
18332,0.029340,0.448272,-0.031475,-0.093556,-0.026937,0.163664,-0.981700,148.516960,0.000000
18336,0.029448,0.448245,-0.031424,-0.093721,-0.027041,0.164341,-0.981569,149.110565,0.000000
18339,0.029536,0.448220,-0.031385,-0.094028,-0.027057,0.164962,-0.981435,149.635506,0.000000
18343,0.029654,0.448191,-0.031321,-0.094427,-0.027064,0.165766,-0.981261,150.273056,0.000000
18346,0.029752,0.448167,-0.031271,-0.094786,-0.027028,0.166401,-0.981120,150.875244,0.000000
18350,0.029882,0.448138,-0.031212,-0.094991,-0.027070,0.167107,-0.980979,151.484985,0.000000
18354,0.030011,0.448103,-0.031152,-0.095437,-0.027005,0.167952,-0.980793,152.055244,0.000000
18357,0.030113,0.448085,-0.031115,-0.095736,-0.027016,0.168529,-0.980665,152.748756,0.000000
18361,0.030242,0.448055,-0.031062,-0.095988,-0.027081,0.169540,-0.980464,153.384247,0.000000
18364,0.030336,0.448029,-0.031031,-0.096238,-0.027085,0.170029,-0.980354,153.990211,0.000000
18368,0.030441,0.448004,-0.031000,-0.096452,-0.027138,0.170737,-0.980209,154.510689,0.000000
18371,0.030520,0.447981,-0.030973,-0.096656,-0.027144,0.171237,-0.980101,155.141716,0.000000
18375,0.030638,0.447950,-0.030932,-0.097163,-0.027134,0.172150,-0.979892,155.711975,0.000000
18378,0.030720,0.447928,-0.030902,-0.097227,-0.027172,0.172566,-0.979811,156.292191,0.000000
18382,0.030834,0.447897,-0.030846,-0.097624,-0.027176,0.173312,-0.979640,156.903305,0.000000
18385,0.030922,0.447870,-0.030804,-0.097940,-0.027193,0.173799,-0.979522,157.469788,-0.000343
18389,0.031046,0.447833,-0.030741,-0.098399,-0.027136,0.174652,-0.979325,158.144073,0.000000
18393,0.031174,0.447801,-0.030671,-0.098892,-0.027060,0.175535,-0.979120,158.667297,0.000000
18396,0.031271,0.447778,-0.030628,-0.099127,-0.027036,0.176170,-0.978983,159.303131,0.000000
18400,0.031389,0.447738,-0.030571,-0.099336,-0.027081,0.176822,-0.978843,159.858627,0.000000
18403,0.031479,0.447714,-0.030544,-0.099644,-0.027052,0.177300,-0.978726,160.389404,0.000000
18407,0.031601,0.447679,-0.030498,-0.100012,-0.027035,0.178180,-0.978529,161.021118,0.000000
18410,0.031694,0.447657,-0.030469,-0.100298,-0.027043,0.178745,-0.978396,161.542969,0.000000
18414,0.031801,0.447632,-0.030434,-0.100565,-0.027081,0.179438,-0.978241,162.178459,-0.000343
18417,0.031889,0.447611,-0.030400,-0.100829,-0.027132,0.179988,-0.978111,162.739449,-0.000343
18421,0.031999,0.447579,-0.030351,-0.101152,-0.027175,0.180719,-0.977942,163.312111,0.000000
18425,0.032104,0.447545,-0.030301,-0.101462,-0.027192,0.181336,-0.977795,163.892326,-0.000343
18428,0.032190,0.447517,-0.030263,-0.101868,-0.027153,0.182025,-0.977626,164.479408,0.000000
18432,0.032297,0.447493,-0.030211,-0.102014,-0.027106,0.182660,-0.977494,165.041771,-0.000343
18435,0.032389,0.447465,-0.030169,-0.102258,-0.027181,0.183290,-0.977348,165.578728,-0.000343
18439,0.032503,0.447431,-0.030119,-0.102476,-0.027227,0.184018,-0.977187,166.053543,-0.000343
18442,0.032586,0.447402,-0.030091,-0.102840,-0.027215,0.184467,-0.977065,166.619682,-0.000343
18446,0.032698,0.447376,-0.030048,-0.103001,-0.027254,0.185046,-0.976937,167.250366,0.000000
18449,0.032781,0.447354,-0.030016,-0.103388,-0.027219,0.185645,-0.976784,167.830582,-0.000343
18453,0.032888,0.447321,-0.029976,-0.103552,-0.027257,0.186236,-0.976653,168.374062,-0.000343
18456,0.032968,0.447300,-0.029944,-0.103865,-0.027237,0.186794,-0.976513,168.899689,-0.000343
18460,0.033073,0.447264,-0.029900,-0.104179,-0.027243,0.187489,-0.976346,169.443169,-0.000343
18464,0.033172,0.447236,-0.029857,-0.104554,-0.027208,0.188162,-0.976178,169.993515,-0.000343
18467,0.033255,0.447213,-0.029818,-0.104824,-0.027223,0.188661,-0.976052,170.537682,0.000000
18471,0.033375,0.447169,-0.029764,-0.105263,-0.027161,0.189470,-0.975850,171.047173,-0.000343
18474,0.033449,0.447142,-0.029731,-0.105372,-0.027214,0.189914,-0.975750,171.515121,-0.000343
18478,0.033563,0.447110,-0.029685,-0.105656,-0.027226,0.190560,-0.975593,172.113876,-0.000343
18481,0.033647,0.447085,-0.029648,-0.105961,-0.027234,0.191088,-0.975457,172.597275,0.000000
18485,0.033761,0.447053,-0.029605,-0.106302,-0.027253,0.191936,-0.975253,173.181610,-0.000343
18488,0.033843,0.447029,-0.029572,-0.106464,-0.027277,0.192416,-0.975140,173.660545,-0.000343
18492,0.033954,0.446991,-0.029524,-0.106805,-0.027291,0.193189,-0.974949,174.243164,-0.000343
18496,0.034055,0.446965,-0.029485,-0.106988,-0.027332,0.193782,-0.974810,174.719696,0.000000
18499,0.034129,0.446943,-0.029452,-0.107259,-0.027311,0.194224,-0.974693,175.202065,-0.000343
18503,0.034228,0.446910,-0.029411,-0.107619,-0.027306,0.194998,-0.974499,175.704346,-0.000343
18506,0.034295,0.446888,-0.029382,-0.107822,-0.027301,0.195436,-0.974389,176.263962,0.000000
18510,0.034391,0.446860,-0.029342,-0.108176,-0.027255,0.196049,-0.974228,176.777916,-0.000343
18513,0.034466,0.446836,-0.029319,-0.108389,-0.027258,0.196550,-0.974103,177.292557,-0.000343
18517,0.034570,0.446801,-0.029275,-0.108614,-0.027241,0.197188,-0.973950,177.807198,-0.000343
18520,0.034643,0.446770,-0.029246,-0.108692,-0.027274,0.197549,-0.973867,178.304672,-0.000343
18524,0.034748,0.446740,-0.029199,-0.109119,-0.027287,0.198261,-0.973674,178.774338,-0.000343
18527,0.034826,0.446716,-0.029161,-0.109355,-0.027346,0.198721,-0.973552,179.260826,-0.000343
18531,0.034932,0.446682,-0.029108,-0.109569,-0.027404,0.199307,-0.973407,179.767227,-0.000343
18535,0.035037,0.446650,-0.029055,-0.109992,-0.027411,0.199978,-0.973221,180.260582,-0.000343
18538,0.035125,0.446621,-0.029020,-0.110313,-0.027392,0.200643,-0.973048,180.672913,-0.000343
18541,0.035195,0.446592,-0.028990,-0.110429,-0.027392,0.200982,-0.972965,181.201973,-0.000343
18541,0.035195,0.446592,-0.028990,-0.110429,-0.027392,0.200982,-0.972965,181.692924,-0.000343
18541,0.035195,0.446592,-0.028990,-0.110429,-0.027392,0.200982,-0.972965,182.177353,-0.000343
18541,0.035195,0.446592,-0.028990,-0.110429,-0.027392,0.200982,-0.972965,182.649078,-0.000343
18541,0.035195,0.446592,-0.028990,-0.110429,-0.027392,0.200982,-0.972965,183.066216,-0.000343
18541,0.035195,0.446592,-0.028990,-0.110429,-0.027392,0.200982,-0.972965,183.556824,-0.000343
18541,0.035195,0.446592,-0.028990,-0.110429,-0.027392,0.200982,-0.972965,183.978767,-0.000343
18541,0.035195,0.446592,-0.028990,-0.110429,-0.027392,0.200982,-0.972965,184.475555,-0.000343
18541,0.035195,0.446592,-0.028990,-0.110429,-0.027392,0.200982,-0.972965,184.912949,-0.000343
18541,0.035195,0.446592,-0.028990,-0.110429,-0.027392,0.200982,-0.972965,185.385361,-0.000343
18541,0.035195,0.446592,-0.028990,-0.110429,-0.027392,0.200982,-0.972965,185.855713,-0.000343
18541,0.035195,0.446592,-0.028990,-0.110429,-0.027392,0.200982,-0.972965,186.292076,-0.000343
18541,0.035195,0.446592,-0.028990,-0.110429,-0.027392,0.200982,-0.972965,186.729469,-0.000343
18541,0.035195,0.446592,-0.028990,-0.110429,-0.027392,0.200982,-0.972965,187.175789,-0.000343
18541,0.035195,0.446592,-0.028990,-0.110429,-0.027392,0.200982,-0.972965,187.572327,-0.000343
18541,0.035195,0.446592,-0.028990,-0.110429,-0.027392,0.200982,-0.972965,188.035469,-0.000343
18541,0.035195,0.446592,-0.028990,-0.110429,-0.027392,0.200982,-0.972965,188.448143,-0.000343
18541,0.035195,0.446592,-0.028990,-0.110429,-0.027392,0.200982,-0.972965,188.861160,-0.000343
18541,0.035195,0.446592,-0.028990,-0.110429,-0.027392,0.200982,-0.972965,189.264565,-0.000343
18541,0.035195,0.446592,-0.028990,-0.110429,-0.027392,0.200982,-0.972965,189.701271,-0.000343
18541,0.035195,0.446592,-0.028990,-0.110429,-0.027392,0.200982,-0.972965,190.130424,-0.000343
18541,0.035195,0.446592,-0.028990,-0.110429,-0.027392,0.200982,-0.972965,190.499496,-0.000343
18541,0.035195,0.446592,-0.028990,-0.110429,-0.027392,0.200982,-0.972965,190.971565,-0.000343
18541,0.035195,0.446592,-0.028990,-0.110429,-0.027392,0.200982,-0.972965,191.381149,-0.000343
18541,0.035195,0.446592,-0.028990,-0.110429,-0.027392,0.200982,-0.972965,191.770477,-0.000343
18541,0.035195,0.446592,-0.028990,-0.110429,-0.027392,0.200982,-0.972965,192.157402,-0.000343
18541,0.035195,0.446592,-0.028990,-0.110429,-0.027392,0.200982,-0.972965,192.492828,-0.000343
18541,0.035195,0.446592,-0.028990,-0.110429,-0.027392,0.200982,-0.972965,192.879753,-0.000343
18541,0.035195,0.446592,-0.028990,-0.110429,-0.027392,0.200982,-0.972965,193.305130,-0.000343
18541,0.035195,0.446592,-0.028990,-0.110429,-0.027392,0.200982,-0.972965,193.682442,0.000000
18541,0.035195,0.446592,-0.028990,-0.110429,-0.027392,0.200982,-0.972965,194.067307,-0.000343
18652,0.037677,0.445703,-0.027944,-0.117918,-0.027426,0.217256,-0.968578,194.407539,-0.000343
18655,0.037740,0.445679,-0.027921,-0.118115,-0.027365,0.217717,-0.968452,194.814377,-0.000343
18659,0.037816,0.445652,-0.027884,-0.118200,-0.027427,0.218089,-0.968356,195.186882,-0.000343
18662,0.037881,0.445632,-0.027854,-0.118491,-0.027414,0.218586,-0.968209,195.552864,-0.000343
18666,0.037949,0.445599,-0.027819,-0.118656,-0.027405,0.219021,-0.968091,195.930176,-0.000343
18670,0.038019,0.445575,-0.027785,-0.118776,-0.027504,0.219403,-0.967987,196.274185,-0.000343
18673,0.038067,0.445555,-0.027764,-0.118977,-0.027489,0.219790,-0.967875,196.620255,-0.000343
18677,0.038138,0.445530,-0.027732,-0.119337,-0.027501,0.220318,-0.967710,196.970100,-0.000343
18680,0.038185,0.445513,-0.027717,-0.119445,-0.027557,0.220645,-0.967620,197.312393,-0.000343
18684,0.038246,0.445484,-0.027692,-0.119624,-0.027553,0.221040,-0.967508,197.643013,-0.000343
18687,0.038300,0.445468,-0.027671,-0.119848,-0.027605,0.221502,-0.967373,197.972603,-0.000343
18691,0.038367,0.445437,-0.027651,-0.119940,-0.027604,0.221856,-0.967281,198.311462,-0.000343
18694,0.038424,0.445420,-0.027630,-0.120156,-0.027589,0.222211,-0.967173,198.600883,-0.000343
18698,0.038495,0.445384,-0.027603,-0.120351,-0.027579,0.222675,-0.967042,198.969955,-0.000343
18701,0.038548,0.445363,-0.027580,-0.120537,-0.027577,0.222983,-0.966948,199.285469,-0.000343
18705,0.038618,0.445341,-0.027550,-0.120769,-0.027521,0.223384,-0.966828,199.610939,-0.000343
18709,0.038682,0.445304,-0.027515,-0.120997,-0.027462,0.223889,-0.966685,199.885941,-0.000343
18712,0.038727,0.445288,-0.027490,-0.121053,-0.027445,0.224099,-0.966630,200.230293,-0.000343
18716,0.038794,0.445265,-0.027456,-0.121424,-0.027375,0.224644,-0.966459,200.526237,-0.000343
18719,0.038833,0.445245,-0.027433,-0.121506,-0.027343,0.224813,-0.966410,200.833168,-0.000343
18723,0.038903,0.445229,-0.027406,-0.121695,-0.027366,0.225344,-0.966262,201.122589,-0.000343
18726,0.038939,0.445210,-0.027393,-0.121682,-0.027370,0.225493,-0.966228,201.420593,-0.000343
18730,0.039009,0.445187,-0.027374,-0.122071,-0.027284,0.226131,-0.966033,201.693535,-0.000343
18733,0.039040,0.445166,-0.027363,-0.122073,-0.027320,0.226234,-0.966007,201.983986,-0.000343
18737,0.039103,0.445149,-0.027345,-0.122206,-0.027408,0.226698,-0.965879,202.264137,-0.000343
18740,0.039139,0.445129,-0.027334,-0.122309,-0.027370,0.226891,-0.965822,202.558708,-0.000343
18744,0.039202,0.445107,-0.027307,-0.122529,-0.027385,0.227367,-0.965682,202.842636,-0.000343
18748,0.039265,0.445088,-0.027280,-0.122707,-0.027443,0.227765,-0.965564,203.100128,-0.000343
18751,0.039305,0.445065,-0.027256,-0.122827,-0.027430,0.228014,-0.965490,203.355904,-0.000343
18755,0.039371,0.445049,-0.027226,-0.122935,-0.027518,0.228344,-0.965396,203.593826,-0.000343
18758,0.039408,0.445031,-0.027199,-0.123164,-0.027473,0.228574,-0.965313,203.827972,-0.000343
18762,0.039461,0.445004,-0.027168,-0.123311,-0.027466,0.228922,-0.965212,204.108467,-0.000343
18765,0.039495,0.444987,-0.027144,-0.123526,-0.027441,0.229209,-0.965117,204.368362,-0.000343
18769,0.039531,0.444968,-0.027120,-0.123500,-0.027473,0.229422,-0.965069,204.601479,-0.000343
18772,0.039569,0.444950,-0.027108,-0.123673,-0.027511,0.229780,-0.964961,204.852448,-0.000343
18776,0.039605,0.444931,-0.027092,-0.123735,-0.027556,0.230016,-0.964895,205.068054,-0.000343
18779,0.039637,0.444915,-0.027091,-0.123847,-0.027556,0.230269,-0.964821,205.303574,-0.000343
18783,0.039679,0.444899,-0.027085,-0.124010,-0.027577,0.230524,-0.964738,205.525017,-0.000343
18787,0.039731,0.444892,-0.027083,-0.124063,-0.027602,0.230814,-0.964661,205.774269,-0.000343
18790,0.039762,0.444875,-0.027075,-0.124147,-0.027553,0.230986,-0.964611,205.977859,-0.000343
18794,0.039807,0.444855,-0.027053,-0.124314,-0.027533,0.231329,-0.964508,206.185913,-0.000343
18797,0.039848,0.444843,-0.027032,-0.124412,-0.027533,0.231571,-0.964437,206.410103,-0.000343
18801,0.039893,0.444821,-0.026993,-0.124496,-0.027597,0.231791,-0.964371,206.586571,-0.000343
18804,0.039923,0.444805,-0.026969,-0.124630,-0.027532,0.232014,-0.964302,206.817970,-0.000343
18808,0.039964,0.444786,-0.026940,-0.124768,-0.027548,0.232330,-0.964208,207.026024,-0.000343
18812,0.040007,0.444773,-0.026919,-0.125025,-0.027498,0.232685,-0.964091,207.197342,-0.000343
18815,0.040017,0.444758,-0.026922,-0.124995,-0.027505,0.232731,-0.964083,207.383423,-0.000343
18819,0.040053,0.444753,-0.026921,-0.125159,-0.027512,0.233094,-0.963974,207.558861,-0.000343
18822,0.040067,0.444737,-0.026931,-0.125082,-0.027525,0.233086,-0.963986,207.743225,-0.000343
18825,0.040091,0.444728,-0.026937,-0.125136,-0.027520,0.233292,-0.963929,207.910767,-0.000343
18829,0.040128,0.444716,-0.026933,-0.125335,-0.027523,0.233544,-0.963842,208.083115,-0.000343
18833,0.040169,0.444706,-0.026920,-0.125475,-0.027528,0.233830,-0.963754,208.263016,-0.000343
18837,0.040213,0.444685,-0.026888,-0.125644,-0.027486,0.234050,-0.963680,208.422661,-0.000343
18840,0.040249,0.444679,-0.026859,-0.125767,-0.027464,0.234258,-0.963614,208.575439,-0.000343
18843,0.040269,0.444668,-0.026832,-0.125691,-0.027510,0.234249,-0.963625,208.722725,-0.000343
18847,0.040311,0.444655,-0.026794,-0.125996,-0.027439,0.234543,-0.963515,208.861771,-0.000343
18850,0.040328,0.444643,-0.026775,-0.125961,-0.027471,0.234586,-0.963508,209.021072,-0.000343
18854,0.040360,0.444636,-0.026763,-0.126043,-0.027514,0.234818,-0.963440,209.154625,-0.000343
18858,0.040373,0.444621,-0.026767,-0.126111,-0.027474,0.234921,-0.963407,209.285431,-0.000343
18861,0.040387,0.444613,-0.026777,-0.126186,-0.027487,0.235101,-0.963353,209.429970,-0.000343
18865,0.040406,0.444610,-0.026790,-0.126089,-0.027541,0.235154,-0.963351,209.565926,-0.000343
18868,0.040425,0.444601,-0.026793,-0.126209,-0.027491,0.235359,-0.963287,209.678535,-0.000343
18872,0.040448,0.444592,-0.026792,-0.126247,-0.027502,0.235497,-0.963248,209.771576,-0.000343
18875,0.040467,0.444585,-0.026778,-0.126283,-0.027540,0.235635,-0.963208,209.880753,-0.000343
18879,0.040492,0.444570,-0.026754,-0.126400,-0.027523,0.235739,-0.963168,209.988899,-0.000343
18883,0.040526,0.444566,-0.026724,-0.126384,-0.027591,0.235886,-0.963132,210.099449,-0.000343
18886,0.040547,0.444549,-0.026702,-0.126454,-0.027573,0.235981,-0.963100,210.226135,-0.000343
18890,0.040574,0.444537,-0.026683,-0.126599,-0.027513,0.236165,-0.963038,210.319862,-0.000343
18893,0.040590,0.444527,-0.026677,-0.126662,-0.027513,0.236310,-0.962994,210.417366,-0.000343
18897,0.040611,0.444528,-0.026676,-0.126648,-0.027565,0.236365,-0.962981,210.492554,-0.000343
18900,0.040615,0.444521,-0.026684,-0.126694,-0.027538,0.236475,-0.962949,210.567055,-0.000343
18904,0.040623,0.444514,-0.026691,-0.126694,-0.027571,0.236550,-0.962929,210.625076,-0.000343
18907,0.040631,0.444514,-0.026695,-0.126718,-0.027560,0.236616,-0.962910,210.701294,-0.000343
18911,0.040639,0.444509,-0.026694,-0.126767,-0.027551,0.236724,-0.962877,210.776138,-0.000343
18914,0.040654,0.444503,-0.026685,-0.126948,-0.027516,0.236877,-0.962817,210.846176,-0.000343
18918,0.040665,0.444496,-0.026673,-0.126807,-0.027552,0.236828,-0.962847,210.909348,-0.000343
18922,0.040687,0.444482,-0.026650,-0.127087,-0.027493,0.237094,-0.962746,210.963936,-0.000343
18925,0.040700,0.444485,-0.026640,-0.127058,-0.027501,0.237144,-0.962737,211.012344,-0.000343
18929,0.040715,0.444473,-0.026628,-0.127064,-0.027526,0.237164,-0.962731,211.071053,-0.000343
18932,0.040725,0.444471,-0.026625,-0.127092,-0.027557,0.237178,-0.962723,211.112251,-0.000343
18936,0.040741,0.444471,-0.026627,-0.127254,-0.027478,0.237409,-0.962647,211.144180,-0.000343
18939,0.040738,0.444467,-0.026630,-0.127079,-0.027525,0.237310,-0.962693,211.170273,-0.000343
18943,0.040743,0.444461,-0.026633,-0.127226,-0.027477,0.237417,-0.962648,211.195335,0.000000
18946,0.040746,0.444465,-0.026633,-0.127221,-0.027477,0.237421,-0.962648,211.216965,-0.000343
18950,0.040747,0.444460,-0.026631,-0.127186,-0.027541,0.237469,-0.962639,211.230011,-0.000343
18953,0.040743,0.444458,-0.026630,-0.127124,-0.027534,0.237408,-0.962662,211.238251,-0.000343
18957,0.040747,0.444454,-0.026623,-0.127336,-0.027469,0.237558,-0.962599,211.249237,-0.000343
18961,0.040749,0.444456,-0.026622,-0.127205,-0.027502,0.237506,-0.962628,211.264000,0.000000
18964,0.040756,0.444456,-0.026621,-0.127364,-0.027474,0.237599,-0.962585,211.270523,-0.000343
18968,0.040754,0.444451,-0.026623,-0.127311,-0.027448,0.237588,-0.962596,211.394463,-0.000343
18971,0.040771,0.444445,-0.026623,-0.127319,-0.027489,0.237651,-0.962578,211.898804,-0.000343
18975,0.040894,0.444394,-0.026586,-0.127652,-0.027509,0.238424,-0.962342,212.652397,-0.000343
18978,0.041044,0.444325,-0.026525,-0.128086,-0.027513,0.239425,-0.962036,213.330803,-0.000343
18982,0.041177,0.444284,-0.026484,-0.128290,-0.027623,0.240125,-0.961831,213.627777,-0.000343
18985,0.041199,0.444283,-0.026473,-0.128373,-0.027605,0.240290,-0.961779,213.572502,-0.000343
18989,0.041201,0.444267,-0.026443,-0.128480,-0.027457,0.240396,-0.961743,213.060265,-0.000343
18992,0.041182,0.444275,-0.026429,-0.128559,-0.027477,0.240403,-0.961730,212.279892,-0.000343
18996,0.041114,0.444284,-0.026431,-0.128382,-0.027452,0.240059,-0.961840,211.493340,-0.000343
19000,0.041062,0.444289,-0.026435,-0.128341,-0.027479,0.239887,-0.961888,210.982475,0.000000
19003,0.041025,0.444303,-0.026454,-0.128304,-0.027422,0.239793,-0.961918,210.695457,-0.000343
19007,0.041021,0.444303,-0.026477,-0.128290,-0.027349,0.239680,-0.961950,210.704041,-0.000343
19010,0.041036,0.444306,-0.026492,-0.128320,-0.027372,0.239848,-0.961903,210.860252,-0.000343
19014,0.041059,0.444316,-0.026514,-0.128220,-0.027463,0.239787,-0.961929,211.003418,-0.000343
19018,0.041063,0.444307,-0.026511,-0.128297,-0.027375,0.239877,-0.961899,211.027451,-0.000343
19021,0.041054,0.444313,-0.026510,-0.128304,-0.027339,0.239819,-0.961913,210.853386,-0.000343
19025,0.041044,0.444305,-0.026483,-0.128290,-0.027402,0.239792,-0.961920,210.390244,-0.000343
19028,0.041018,0.444319,-0.026476,-0.128308,-0.027384,0.239663,-0.961951,209.705658,-0.000343
19032,0.040962,0.444326,-0.026473,-0.128259,-0.027330,0.239481,-0.962004,208.947945,-0.000343
19035,0.040927,0.444336,-0.026472,-0.128173,-0.027324,0.239269,-0.962068,208.278809,-0.000343
19038,0.040906,0.444349,-0.026479,-0.128185,-0.027284,0.239244,-0.962074,207.776184,-0.000343
19042,0.040911,0.444345,-0.026491,-0.128163,-0.027271,0.239202,-0.962088,207.498436,-0.000343
19046,0.040910,0.444356,-0.026508,-0.128168,-0.027281,0.239244,-0.962076,207.278023,-0.000343
19049,0.040901,0.444354,-0.026525,-0.128004,-0.027320,0.239105,-0.962132,207.104988,-0.000343
19053,0.040887,0.444356,-0.026530,-0.128216,-0.027177,0.239176,-0.962090,206.807671,-0.000343
19056,0.040882,0.444357,-0.026536,-0.128086,-0.027216,0.239110,-0.962122,206.338348,-0.000343
19060,0.040880,0.444357,-0.026523,-0.128153,-0.027232,0.239130,-0.962108,205.647926,-0.000343
19063,0.040849,0.444370,-0.026527,-0.128074,-0.027218,0.238911,-0.962174,204.738808,-0.000343
19067,0.040784,0.444393,-0.026539,-0.127966,-0.027128,0.238686,-0.962246,203.650475,-0.000343
19071,0.040701,0.444420,-0.026550,-0.127886,-0.027046,0.238295,-0.962356,202.463264,-0.000343
19074,0.040622,0.444449,-0.026573,-0.127689,-0.026982,0.237927,-0.962475,201.243095,0.000000
19078,0.040512,0.444488,-0.026613,-0.127315,-0.027023,0.237335,-0.962670,200.109444,-0.000343
19081,0.040450,0.444509,-0.026643,-0.127175,-0.026951,0.237028,-0.962766,199.121704,-0.000343
19085,0.040364,0.444540,-0.026690,-0.126996,-0.026852,0.236567,-0.962905,198.330688,0.000000
19088,0.040309,0.444568,-0.026728,-0.126878,-0.026816,0.236313,-0.962985,197.759743,-0.000343
19092,0.040281,0.444589,-0.026752,-0.126757,-0.026814,0.236065,-0.963061,197.351532,-0.000343
19096,0.040257,0.444595,-0.026763,-0.126640,-0.026833,0.235891,-0.963119,197.222099,-0.000343
19099,0.040250,0.444598,-0.026761,-0.126660,-0.026832,0.235892,-0.963116,197.183304,0.000000
19103,0.040237,0.444599,-0.026747,-0.126695,-0.026852,0.235826,-0.963127,197.083397,0.000000
19106,0.040225,0.444599,-0.026743,-0.126728,-0.026797,0.235827,-0.963124,196.799126,0.000000
19110,0.040202,0.444612,-0.026747,-0.126497,-0.026874,0.235576,-0.963214,196.291695,0.000000
19113,0.040168,0.444631,-0.026763,-0.126420,-0.026810,0.235372,-0.963275,195.592346,0.000000
19117,0.040088,0.444669,-0.026809,-0.126194,-0.026737,0.234904,-0.963421,194.816780,0.000000
19120,0.040017,0.444704,-0.026842,-0.126050,-0.026727,0.234525,-0.963533,194.095116,0.000000
19124,0.039910,0.444742,-0.026896,-0.125513,-0.026813,0.233766,-0.963785,193.571205,0.000000
19127,0.039848,0.444768,-0.026925,-0.125377,-0.026834,0.233467,-0.963874,193.150635,0.000000
19131,0.039796,0.444787,-0.026955,-0.125184,-0.026837,0.233126,-0.963982,192.940865,0.000000
19134,0.039777,0.444796,-0.026968,-0.125175,-0.026805,0.233026,-0.964008,192.797012,0.000000
19138,0.039763,0.444808,-0.026982,-0.125224,-0.026738,0.232923,-0.964029,192.591019,0.000000
19142,0.039744,0.444816,-0.026987,-0.125038,-0.026745,0.232831,-0.964075,192.252846,0.000000
19145,0.039718,0.444831,-0.026997,-0.124875,-0.026736,0.232481,-0.964181,191.741982,0.000000
19149,0.039655,0.444864,-0.027020,-0.124848,-0.026630,0.232186,-0.964258,191.140137,0.000000
19152,0.039572,0.444890,-0.027048,-0.124504,-0.026610,0.231549,-0.964456,190.519753,0.000000
19156,0.039479,0.444938,-0.027088,-0.124286,-0.026570,0.231018,-0.964613,189.985542,0.000000
19159,0.039409,0.444960,-0.027114,-0.123991,-0.026550,0.230537,-0.964766,189.600334,0.000000
19163,0.039356,0.444986,-0.027149,-0.123925,-0.026480,0.230292,-0.964835,189.377174,0.000000
19166,0.039341,0.445004,-0.027171,-0.123766,-0.026514,0.230119,-0.964896,189.256668,0.000000
19170,0.039328,0.445006,-0.027191,-0.123732,-0.026486,0.230078,-0.964911,189.141998,0.000343
19174,0.039322,0.445021,-0.027207,-0.123551,-0.026556,0.229981,-0.964955,188.939095,0.000000
19177,0.039299,0.445027,-0.027213,-0.123614,-0.026517,0.229801,-0.964991,188.601265,0.000000
19181,0.039236,0.445045,-0.027227,-0.123425,-0.026442,0.229455,-0.965100,188.113060,0.000000
19184,0.039161,0.445072,-0.027249,-0.123197,-0.026439,0.229024,-0.965231,187.555161,0.000000
19188,0.039054,0.445115,-0.027282,-0.122788,-0.026420,0.228306,-0.965454,187.022667,0.000343
19191,0.038993,0.445142,-0.027310,-0.122644,-0.026378,0.227903,-0.965569,186.539612,0.000343
19195,0.038915,0.445182,-0.027352,-0.122418,-0.026337,0.227384,-0.965721,186.134148,0.000343
19198,0.038873,0.445205,-0.027386,-0.122217,-0.026342,0.227113,-0.965810,185.787392,0.000000
19202,0.038816,0.445223,-0.027426,-0.122010,-0.026348,0.226718,-0.965929,185.466728,0.000343
19206,0.038748,0.445250,-0.027466,-0.121645,-0.026460,0.226236,-0.966085,185.107613,0.000343
19209,0.038700,0.445270,-0.027492,-0.121522,-0.026496,0.226003,-0.966154,184.683609,0.000000
19213,0.038617,0.445302,-0.027522,-0.121244,-0.026529,0.225550,-0.966294,184.223213,0.000343
19216,0.038553,0.445329,-0.027549,-0.121081,-0.026570,0.225165,-0.966403,183.579140,0.000343
19220,0.038454,0.445381,-0.027585,-0.120663,-0.026571,0.224401,-0.966633,182.938843,0.000000
19223,0.038377,0.445409,-0.027616,-0.120458,-0.026550,0.223885,-0.966778,182.271423,0.000343
19227,0.038266,0.445460,-0.027667,-0.120079,-0.026532,0.223098,-0.967008,181.638336,0.000343
19230,0.038183,0.445500,-0.027708,-0.119779,-0.026511,0.222548,-0.967172,181.077690,0.000343
19234,0.038073,0.445541,-0.027766,-0.119409,-0.026482,0.221763,-0.967399,180.625877,0.000343
19238,0.037979,0.445579,-0.027813,-0.119099,-0.026498,0.221274,-0.967549,180.271568,0.000343
19241,0.037929,0.445598,-0.027843,-0.118824,-0.026535,0.220851,-0.967678,179.940262,0.000343
19245,0.037870,0.445619,-0.027869,-0.118821,-0.026428,0.220584,-0.967743,179.566383,0.000343
19248,0.037822,0.445639,-0.027893,-0.118564,-0.026464,0.220148,-0.967873,179.115257,0.000343
19252,0.037743,0.445675,-0.027921,-0.118403,-0.026439,0.219595,-0.968018,178.598213,0.000343
19255,0.037661,0.445699,-0.027949,-0.118105,-0.026463,0.218979,-0.968194,178.054733,0.000343
19259,0.037564,0.445741,-0.027980,-0.117971,-0.026482,0.218506,-0.968316,177.565155,0.000343
19262,0.037495,0.445770,-0.028004,-0.117782,-0.026496,0.217994,-0.968454,177.178574,0.000343
19266,0.037419,0.445790,-0.028037,-0.117549,-0.026529,0.217623,-0.968565,176.880569,0.000343
19269,0.037374,0.445809,-0.028064,-0.117351,-0.026523,0.217308,-0.968660,176.634750,0.000343
19273,0.037339,0.445832,-0.028090,-0.117254,-0.026524,0.217099,-0.968719,176.383438,0.000687
19277,0.037301,0.445849,-0.028119,-0.117118,-0.026522,0.216845,-0.968792,176.095390,0.000000
19280,0.037261,0.445862,-0.028134,-0.116975,-0.026538,0.216526,-0.968880,175.728722,0.000343
19284,0.037193,0.445895,-0.028161,-0.116724,-0.026611,0.215993,-0.969028,175.280342,0.000343
19287,0.037116,0.445917,-0.028182,-0.116482,-0.026604,0.215539,-0.969158,174.775658,0.000343
19291,0.036999,0.445948,-0.028216,-0.116272,-0.026570,0.214864,-0.969334,174.262733,0.000343
19294,0.036921,0.445978,-0.028243,-0.116022,-0.026631,0.214438,-0.969457,173.799248,0.000343
19298,0.036830,0.446008,-0.028280,-0.115899,-0.026548,0.213881,-0.969597,173.394470,0.000343
19301,0.036778,0.446021,-0.028308,-0.115678,-0.026571,0.213594,-0.969686,173.083076,0.000343
19304,0.036747,0.446041,-0.028339,-0.115521,-0.026580,0.213314,-0.969766,172.723618,0.000343
19308,0.036698,0.446056,-0.028369,-0.115255,-0.026633,0.212914,-0.969884,172.392654,0.000343
19312,0.036649,0.446074,-0.028399,-0.115111,-0.026642,0.212597,-0.969970,172.015686,0.000343
19316,0.036581,0.446102,-0.028422,-0.114817,-0.026673,0.212007,-0.970133,171.597862,0.000343
19319,0.036527,0.446123,-0.028436,-0.114734,-0.026647,0.211740,-0.970202,171.118927,0.000343
19319,0.036527,0.446123,-0.028436,-0.114734,-0.026647,0.211740,-0.970202,170.610466,0.000343
19319,0.036527,0.446123,-0.028436,-0.114734,-0.026647,0.211740,-0.970202,170.123978,0.000343
19319,0.036527,0.446123,-0.028436,-0.114734,-0.026647,0.211740,-0.970202,169.665985,0.000343
19319,0.036527,0.446123,-0.028436,-0.114734,-0.026647,0.211740,-0.970202,169.262924,0.000343
19319,0.036527,0.446123,-0.028436,-0.114734,-0.026647,0.211740,-0.970202,168.810081,0.000343
19319,0.036527,0.446123,-0.028436,-0.114734,-0.026647,0.211740,-0.970202,168.404617,0.000343
19319,0.036527,0.446123,-0.028436,-0.114734,-0.026647,0.211740,-0.970202,168.004646,0.000343
19319,0.036527,0.446123,-0.028436,-0.114734,-0.026647,0.211740,-0.970202,167.576866,0.000343
19319,0.036527,0.446123,-0.028436,-0.114734,-0.026647,0.211740,-0.970202,167.163849,0.000343
19319,0.036527,0.446123,-0.028436,-0.114734,-0.026647,0.211740,-0.970202,166.636162,0.000343
19319,0.036527,0.446123,-0.028436,-0.114734,-0.026647,0.211740,-0.970202,166.133537,0.000343
19319,0.036527,0.446123,-0.028436,-0.114734,-0.026647,0.211740,-0.970202,165.621300,0.000343
19319,0.036527,0.446123,-0.028436,-0.114734,-0.026647,0.211740,-0.970202,165.182877,0.000343
19319,0.036527,0.446123,-0.028436,-0.114734,-0.026647,0.211740,-0.970202,164.727974,0.000343
19319,0.036527,0.446123,-0.028436,-0.114734,-0.026647,0.211740,-0.970202,164.222260,0.000687
19319,0.036527,0.446123,-0.028436,-0.114734,-0.026647,0.211740,-0.970202,163.759804,0.000343
19319,0.036527,0.446123,-0.028436,-0.114734,-0.026647,0.211740,-0.970202,163.296318,0.000343
19319,0.036527,0.446123,-0.028436,-0.114734,-0.026647,0.211740,-0.970202,162.827339,0.000343
19319,0.036527,0.446123,-0.028436,-0.114734,-0.026647,0.211740,-0.970202,162.340508,0.000343
19319,0.036527,0.446123,-0.028436,-0.114734,-0.026647,0.211740,-0.970202,161.829300,0.000343
19319,0.036527,0.446123,-0.028436,-0.114734,-0.026647,0.211740,-0.970202,161.303329,0.000343
19319,0.036527,0.446123,-0.028436,-0.114734,-0.026647,0.211740,-0.970202,160.780106,0.000343
19319,0.036527,0.446123,-0.028436,-0.114734,-0.026647,0.211740,-0.970202,160.283318,0.000343
19319,0.036527,0.446123,-0.028436,-0.114734,-0.026647,0.211740,-0.970202,159.786186,0.000343
19319,0.036527,0.446123,-0.028436,-0.114734,-0.026647,0.211740,-0.970202,159.284935,0.000343
19319,0.036527,0.446123,-0.028436,-0.114734,-0.026647,0.211740,-0.970202,158.784370,0.000343
19319,0.036527,0.446123,-0.028436,-0.114734,-0.026647,0.211740,-0.970202,158.337364,0.000343
19319,0.036527,0.446123,-0.028436,-0.114734,-0.026647,0.211740,-0.970202,157.774658,0.000343
19319,0.036527,0.446123,-0.028436,-0.114734,-0.026647,0.211740,-0.970202,157.246284,0.000343
19426,0.034000,0.446968,-0.029484,-0.107388,-0.026602,0.195178,-0.974508,156.707954,0.000343
19429,0.033921,0.446991,-0.029511,-0.107237,-0.026572,0.194793,-0.974602,156.227989,0.000343
19433,0.033805,0.447024,-0.029551,-0.106843,-0.026578,0.193976,-0.974808,155.631294,0.000343
19436,0.033733,0.447054,-0.029579,-0.106759,-0.026524,0.193589,-0.974896,155.100861,0.000343
19440,0.033620,0.447080,-0.029629,-0.106404,-0.026492,0.192831,-0.975086,154.575920,0.000343
19443,0.033534,0.447107,-0.029668,-0.106171,-0.026470,0.192282,-0.975220,154.114151,0.000343
19447,0.033422,0.447141,-0.029722,-0.105696,-0.026501,0.191470,-0.975431,153.530159,0.000343
19451,0.033319,0.447175,-0.029767,-0.105553,-0.026488,0.190966,-0.975546,152.975349,0.000343
19454,0.033246,0.447204,-0.029802,-0.105332,-0.026460,0.190473,-0.975667,152.427750,0.000687
19458,0.033145,0.447234,-0.029835,-0.104977,-0.026475,0.189805,-0.975835,151.881523,0.000343
19461,0.033074,0.447255,-0.029861,-0.104724,-0.026540,0.189310,-0.975956,151.323624,0.000343
19464,0.033010,0.447282,-0.029881,-0.104618,-0.026462,0.188983,-0.976033,150.747871,0.000343
19468,0.032903,0.447309,-0.029919,-0.104092,-0.026519,0.188116,-0.976255,150.182762,0.000343
19472,0.032810,0.447333,-0.029954,-0.103965,-0.026474,0.187641,-0.976361,149.640999,0.000343
19475,0.032727,0.447354,-0.029988,-0.103702,-0.026532,0.187074,-0.976496,149.112625,0.000343
19479,0.032613,0.447394,-0.030041,-0.103351,-0.026538,0.186426,-0.976657,148.601074,0.000343
19482,0.032526,0.447420,-0.030087,-0.103166,-0.026441,0.185878,-0.976784,147.971420,0.000343
19486,0.032402,0.447448,-0.030142,-0.102833,-0.026406,0.185146,-0.976959,147.396011,0.000343
19489,0.032324,0.447474,-0.030186,-0.102564,-0.026421,0.184453,-0.977118,146.829872,0.000343
19493,0.032221,0.447509,-0.030228,-0.102447,-0.026351,0.183882,-0.977240,146.272659,0.000343
19497,0.032108,0.447541,-0.030270,-0.101992,-0.026383,0.183101,-0.977433,145.677681,0.000343
19500,0.032014,0.447565,-0.030301,-0.101654,-0.026387,0.182435,-0.977593,145.077553,0.000687
19504,0.031896,0.447593,-0.030335,-0.101477,-0.026310,0.181724,-0.977746,144.484634,0.000343
19507,0.031814,0.447616,-0.030363,-0.101288,-0.026276,0.181267,-0.977851,143.985443,0.000343
19511,0.031687,0.447646,-0.030409,-0.100862,-0.026298,0.180382,-0.978058,143.364029,0.000343
19515,0.031572,0.447681,-0.030464,-0.100616,-0.026236,0.179704,-0.978210,142.793770,0.000343
19517,0.031509,0.447694,-0.030492,-0.100271,-0.026258,0.179290,-0.978321,142.202911,0.000343
19522,0.031359,0.447736,-0.030565,-0.099794,-0.026200,0.178413,-0.978531,141.587677,0.000343
19525,0.031284,0.447762,-0.030606,-0.099749,-0.026133,0.178086,-0.978597,140.987206,0.000343
19529,0.031166,0.447789,-0.030662,-0.099366,-0.026211,0.177135,-0.978807,140.400124,0.000343
19532,0.031083,0.447816,-0.030696,-0.099149,-0.026294,0.176638,-0.978916,139.813042,0.000343
19535,0.030998,0.447843,-0.030724,-0.098922,-0.026328,0.176152,-0.979026,139.203644,0.000343
19539,0.030868,0.447872,-0.030768,-0.098522,-0.026347,0.175340,-0.979212,138.580513,0.000343
19543,0.030736,0.447906,-0.030820,-0.097885,-0.026325,0.174323,-0.979458,137.963562,0.000343
19547,0.030614,0.447936,-0.030861,-0.097676,-0.026315,0.173653,-0.979598,137.427635,0.000343
19550,0.030530,0.447962,-0.030900,-0.097375,-0.026299,0.173077,-0.979730,136.782875,0.000343
19554,0.030407,0.447990,-0.030950,-0.097093,-0.026279,0.172220,-0.979909,136.196480,0.000343
19557,0.030304,0.448023,-0.030995,-0.096786,-0.026300,0.171608,-0.980047,135.652313,0.000343
19561,0.030162,0.448056,-0.031069,-0.096504,-0.026188,0.170551,-0.980262,134.973907,0.000343
19564,0.030061,0.448081,-0.031111,-0.096117,-0.026231,0.169879,-0.980416,134.332924,0.000343
19568,0.029931,0.448112,-0.031169,-0.095855,-0.026187,0.169099,-0.980577,133.694687,0.000343
19571,0.029834,0.448138,-0.031207,-0.095594,-0.026252,0.168447,-0.980713,133.059196,0.000343
19575,0.029697,0.448172,-0.031258,-0.095130,-0.026329,0.167578,-0.980905,132.445679,0.000343
19578,0.029614,0.448196,-0.031295,-0.094987,-0.026304,0.167034,-0.981012,131.839371,0.000343
19582,0.029500,0.448223,-0.031337,-0.094671,-0.026251,0.166339,-0.981162,131.241646,0.000343
19586,0.029390,0.448252,-0.031392,-0.094272,-0.026208,0.165575,-0.981331,130.640488,0.000343
19589,0.029305,0.448268,-0.031425,-0.094058,-0.026174,0.164902,-0.981466,130.020103,0.000343
19592,0.029214,0.448290,-0.031461,-0.093790,-0.026208,0.164312,-0.981590,129.433022,0.000343
19596,0.029077,0.448329,-0.031523,-0.093484,-0.026167,0.163500,-0.981756,128.714790,0.000343
19600,0.028922,0.448359,-0.031584,-0.093051,-0.026184,0.162567,-0.981951,128.116722,0.000343
19603,0.028809,0.448391,-0.031632,-0.092565,-0.026242,0.161790,-0.982124,127.413597,0.000343
19606,0.028707,0.448416,-0.031681,-0.092139,-0.026278,0.161070,-0.982281,126.784630,0.000343
19610,0.028581,0.448449,-0.031737,-0.091927,-0.026219,0.160378,-0.982416,126.169739,0.000343
19614,0.028444,0.448480,-0.031791,-0.091562,-0.026258,0.159584,-0.982578,125.559654,0.000343
19617,0.028345,0.448497,-0.031832,-0.091230,-0.026253,0.158909,-0.982719,124.943047,0.000687
19621,0.028219,0.448521,-0.031882,-0.090907,-0.026241,0.158136,-0.982874,124.369698,0.000343
19624,0.028117,0.448548,-0.031926,-0.090607,-0.026158,0.157406,-0.983021,123.649063,0.000343
19628,0.027968,0.448581,-0.031988,-0.090100,-0.026118,0.156438,-0.983223,122.978897,0.000343
19632,0.027821,0.448617,-0.032050,-0.089871,-0.026049,0.155459,-0.983401,122.317314,0.000343
19635,0.027715,0.448638,-0.032097,-0.089501,-0.026075,0.154873,-0.983526,121.664658,0.000343
19639,0.027589,0.448665,-0.032162,-0.088910,-0.026129,0.153891,-0.983733,121.025047,0.000343
19642,0.027501,0.448686,-0.032211,-0.088711,-0.026055,0.153377,-0.983833,120.391617,0.000343
19646,0.027397,0.448712,-0.032271,-0.088318,-0.026089,0.152597,-0.983989,119.772606,0.000343
19649,0.027318,0.448728,-0.032304,-0.088106,-0.026067,0.152127,-0.984081,119.191017,0.000343
19653,0.027186,0.448753,-0.032357,-0.087701,-0.026073,0.151218,-0.984257,118.473129,0.000343
19657,0.027044,0.448788,-0.032403,-0.087315,-0.026081,0.150309,-0.984430,117.820816,0.000343
19660,0.026937,0.448810,-0.032439,-0.086958,-0.026114,0.149634,-0.984564,117.153053,0.000343
19663,0.026805,0.448830,-0.032483,-0.086614,-0.026140,0.148892,-0.984706,116.473274,0.000343
19667,0.026622,0.448869,-0.032564,-0.086050,-0.026058,0.147672,-0.984941,115.800362,0.000343
19671,0.026471,0.448913,-0.032649,-0.085508,-0.026067,0.146564,-0.985154,115.218086,0.000343
19674,0.026368,0.448934,-0.032709,-0.085217,-0.026106,0.145927,-0.985272,114.528694,0.000343
19678,0.026240,0.448966,-0.032787,-0.084798,-0.026072,0.145148,-0.985425,113.895264,0.000343
19681,0.026126,0.448981,-0.032841,-0.084355,-0.026182,0.144380,-0.985573,113.294449,0.000343
19685,0.025962,0.449018,-0.032909,-0.084057,-0.025915,0.143565,-0.985724,112.589264,0.000343
19688,0.025854,0.449037,-0.032947,-0.083759,-0.025906,0.142934,-0.985841,111.921501,0.000343
19692,0.025712,0.449061,-0.032986,-0.083360,-0.025871,0.142013,-0.986009,111.239319,0.000343
19696,0.025565,0.449086,-0.033029,-0.082981,-0.025797,0.141192,-0.986161,110.543404,0.000343
19699,0.025477,0.449095,-0.033049,-0.082612,-0.026150,0.140303,-0.986310,109.878387,0.000343
19702,0.025380,0.449112,-0.033077,-0.082278,-0.026164,0.139668,-0.986427,109.217148,0.000343
19706,0.025240,0.449141,-0.033135,-0.081978,-0.026146,0.138769,-0.986580,108.573418,0.000343
19710,0.025108,0.449173,-0.033212,-0.081712,-0.026064,0.137904,-0.986725,107.923851,0.000343
19713,0.025009,0.449194,-0.033288,-0.081146,-0.026073,0.137141,-0.986878,107.282181,0.000343
19717,0.024876,0.449219,-0.033376,-0.080842,-0.026027,0.136403,-0.987006,106.619568,0.000343
19720,0.024762,0.449240,-0.033449,-0.080382,-0.026075,0.135666,-0.987144,106.012917,0.000343
19724,0.024589,0.449273,-0.033525,-0.079799,-0.026139,0.134472,-0.987353,105.330048,0.000343
19727,0.024468,0.449295,-0.033570,-0.079469,-0.026171,0.133729,-0.987480,104.583321,0.000343
19730,0.024352,0.449312,-0.033604,-0.079107,-0.026257,0.133043,-0.987599,103.914528,0.000343
19735,0.024156,0.449345,-0.033659,-0.078509,-0.026299,0.131907,-0.987798,103.255348,0.000343
19738,0.024047,0.449372,-0.033688,-0.078252,-0.026075,0.131543,-0.987873,102.614021,0.000343
19742,0.023925,0.449387,-0.033724,-0.077767,-0.026328,0.130488,-0.988045,101.956558,0.000343
19745,0.023826,0.449408,-0.033770,-0.077499,-0.026263,0.129896,-0.988145,101.298065,0.000343
19749,0.023685,0.449430,-0.033836,-0.076983,-0.026273,0.128947,-0.988310,100.613480,0.000000
19752,0.023568,0.449445,-0.033905,-0.076902,-0.025947,0.128232,-0.988418,99.934044,0.000343
19756,0.023429,0.449474,-0.033999,-0.076273,-0.025886,0.127148,-0.988608,99.313316,0.000343
19759,0.023322,0.449488,-0.034054,-0.076073,-0.025901,0.126516,-0.988704,98.569679,0.000343
19763,0.023180,0.449513,-0.034135,-0.075543,-0.025955,0.125650,-0.988854,97.897797,0.000343
19766,0.023073,0.449531,-0.034178,-0.075331,-0.025970,0.125051,-0.988945,97.243423,0.000343
19770,0.022944,0.449539,-0.034222,-0.074801,-0.026347,0.123978,-0.989111,96.581841,0.000343
19774,0.022791,0.449564,-0.034273,-0.074369,-0.026354,0.122985,-0.989267,95.928154,0.000343
19777,0.022656,0.449582,-0.034312,-0.074014,-0.026277,0.122139,-0.989401,95.282021,0.000343
19781,0.022487,0.449607,-0.034374,-0.073688,-0.026168,0.121064,-0.989560,94.613228,0.000000
19784,0.022357,0.449618,-0.034427,-0.073575,-0.025839,0.120328,-0.989667,93.928986,0.000000
19788,0.022192,0.449636,-0.034501,-0.072949,-0.025813,0.119277,-0.989841,93.240280,0.000000
19791,0.022077,0.449659,-0.034562,-0.072570,-0.025743,0.118627,-0.989949,92.566681,0.000343
19795,0.021942,0.449690,-0.034625,-0.072206,-0.025821,0.117824,-0.990069,91.906128,0.000000
19798,0.021857,0.449697,-0.034676,-0.071772,-0.026123,0.117037,-0.990186,91.254158,0.000000
19802,0.021718,0.449712,-0.034744,-0.071259,-0.026173,0.116143,-0.990327,90.596008,0.000000
19806,0.021583,0.449729,-0.034807,-0.070918,-0.026093,0.115383,-0.990443,89.946442,0.000343
19809,0.021491,0.449745,-0.034844,-0.070590,-0.026081,0.114747,-0.990540,89.270096,0.000000
19813,0.021356,0.449761,-0.034889,-0.070411,-0.025996,0.113993,-0.990642,88.599586,0.000000
19816,0.021240,0.449766,-0.034943,-0.070228,-0.025725,0.113137,-0.990761,87.923241,0.000000
19820,0.021101,0.449788,-0.034989,-0.069584,-0.026096,0.112101,-0.990914,87.255821,0.000000
19823,0.020986,0.449804,-0.035041,-0.069181,-0.026140,0.111308,-0.991031,86.586342,0.000000
19827,0.020855,0.449817,-0.035105,-0.068872,-0.026288,0.110371,-0.991153,85.989647,0.000000
19831,0.020691,0.449842,-0.035179,-0.068270,-0.026339,0.109269,-0.991315,85.330124,0.000000
19834,0.020576,0.449860,-0.035231,-0.067982,-0.026247,0.108771,-0.991392,84.672661,0.000000
19837,0.020467,0.449865,-0.035274,-0.067586,-0.026295,0.108100,-0.991491,83.935204,0.000000
19841,0.020320,0.449888,-0.035336,-0.067148,-0.026269,0.107287,-0.991610,83.269844,0.000000
19845,0.020164,0.449901,-0.035397,-0.066650,-0.026314,0.106208,-0.991759,82.607574,0.000000
19848,0.020049,0.449905,-0.035449,-0.066564,-0.025938,0.105509,-0.991849,81.952171,0.000000
19852,0.019926,0.449921,-0.035502,-0.065945,-0.026281,0.104415,-0.991997,81.370583,0.000000
19855,0.019824,0.449930,-0.035549,-0.065722,-0.026234,0.103761,-0.992082,80.652008,0.000000
19859,0.019688,0.449941,-0.035621,-0.065273,-0.026216,0.102923,-0.992199,80.072479,0.000000
19862,0.019585,0.449950,-0.035669,-0.064979,-0.026244,0.102362,-0.992276,79.344635,0.000000
19866,0.019442,0.449972,-0.035734,-0.064587,-0.026071,0.101573,-0.992387,78.752403,0.000000
19870,0.019306,0.449988,-0.035796,-0.064083,-0.026114,0.100666,-0.992511,78.015633,0.000000
19873,0.019211,0.450000,-0.035835,-0.063778,-0.026065,0.100060,-0.992593,77.353706,0.000000
19877,0.019116,0.450014,-0.035874,-0.063387,-0.026346,0.099166,-0.992700,76.690750,0.000000
19880,0.019002,0.450020,-0.035920,-0.063366,-0.025803,0.098649,-0.992768,76.043587,0.000000
19884,0.018848,0.450029,-0.035977,-0.062721,-0.025779,0.097681,-0.992905,75.455475,0.000000
19887,0.018719,0.450042,-0.036026,-0.062562,-0.025691,0.096925,-0.992991,74.751663,0.000000
19891,0.018574,0.450055,-0.036080,-0.061862,-0.026313,0.095800,-0.993128,74.164238,-0.000343
19894,0.018459,0.450069,-0.036142,-0.061603,-0.026094,0.095246,-0.993203,73.453560,0.000000
19898,0.018334,0.450080,-0.036205,-0.061010,-0.026477,0.094212,-0.993328,72.817726,0.000000
19901,0.018226,0.450086,-0.036264,-0.060722,-0.026373,0.093571,-0.993409,72.166786,0.000000
19905,0.018096,0.450102,-0.036332,-0.060304,-0.026360,0.092613,-0.993525,71.518936,0.000000
19909,0.017932,0.450109,-0.036403,-0.060146,-0.025828,0.091932,-0.993612,70.868683,-0.000343
19912,0.017814,0.450112,-0.036459,-0.060000,-0.025588,0.091188,-0.993695,70.225983,0.000000
19916,0.017712,0.450124,-0.036487,-0.059457,-0.026117,0.090228,-0.993802,69.588776,0.000000
19919,0.017621,0.450132,-0.036520,-0.059085,-0.026157,0.089571,-0.993882,69.015083,0.000000
19923,0.017508,0.450142,-0.036564,-0.058862,-0.026118,0.088922,-0.993955,68.304405,0.000000
19926,0.017405,0.450144,-0.036604,-0.058519,-0.026124,0.088207,-0.994039,67.668915,0.000000
19930,0.017274,0.450153,-0.036660,-0.058145,-0.026098,0.087338,-0.994138,67.037201,-0.000343
19933,0.017173,0.450163,-0.036707,-0.057882,-0.026086,0.086700,-0.994209,66.403770,-0.000343
19937,0.017036,0.450174,-0.036772,-0.057317,-0.026178,0.085907,-0.994309,65.770683,0.000000
19941,0.016869,0.450183,-0.036852,-0.056940,-0.025979,0.085031,-0.994411,65.148926,-0.000343
19944,0.016774,0.450191,-0.036897,-0.056549,-0.026231,0.084275,-0.994491,64.526482,0.000000
19948,0.016635,0.450191,-0.036959,-0.056202,-0.026150,0.083414,-0.994585,63.915710,-0.000343
19951,0.016535,0.450196,-0.037003,-0.055942,-0.026125,0.082739,-0.994657,63.367767,-0.000343
19955,0.016400,0.450199,-0.037056,-0.055631,-0.026141,0.081849,-0.994748,62.693138,-0.000343
19958,0.016314,0.450209,-0.037095,-0.055391,-0.026104,0.081249,-0.994811,62.076530,0.000000
19961,0.016224,0.450211,-0.037138,-0.054842,-0.026200,0.080553,-0.994896,61.462669,0.000000
19965,0.016096,0.450217,-0.037187,-0.054605,-0.026078,0.079766,-0.994975,60.854301,-0.000343
19969,0.015960,0.450234,-0.037244,-0.054201,-0.025989,0.078828,-0.995074,60.324211,0.000000
19973,0.015825,0.450236,-0.037297,-0.053752,-0.026038,0.078025,-0.995161,59.723053,-0.000343
19976,0.015736,0.450239,-0.037335,-0.053488,-0.026144,0.077563,-0.995208,59.121552,-0.000343
19980,0.015611,0.450248,-0.037401,-0.052947,-0.026183,0.076706,-0.995303,58.459625,-0.000343
19983,0.015517,0.450248,-0.037449,-0.052680,-0.026118,0.076180,-0.995359,57.856750,-0.000343
19987,0.015403,0.450252,-0.037507,-0.052519,-0.026104,0.075484,-0.995421,57.259712,-0.000343
19990,0.015305,0.450259,-0.037550,-0.052212,-0.026062,0.074812,-0.995489,56.676064,-0.000343
19994,0.015166,0.450261,-0.037606,-0.051711,-0.026113,0.073855,-0.995585,56.092758,-0.000343
19997,0.015066,0.450269,-0.037643,-0.051509,-0.026064,0.073242,-0.995642,55.498123,-0.000343
20001,0.014915,0.450271,-0.037708,-0.050928,-0.026030,0.072207,-0.995748,54.897308,-0.000343
20004,0.014817,0.450278,-0.037753,-0.050592,-0.025995,0.071566,-0.995813,54.285164,-0.000343
20008,0.014699,0.450287,-0.037809,-0.050214,-0.026027,0.070823,-0.995884,53.693619,-0.000343
20011,0.014611,0.450291,-0.037851,-0.049995,-0.026030,0.070318,-0.995931,53.122330,-0.000343
20015,0.014481,0.450293,-0.037912,-0.049513,-0.026071,0.069364,-0.996021,52.569923,-0.000343
20019,0.014362,0.450294,-0.037960,-0.049320,-0.026019,0.068688,-0.996079,52.019577,-0.000343
20022,0.014268,0.450298,-0.038002,-0.049063,-0.026015,0.068090,-0.996132,51.491547,-0.000343
20026,0.014139,0.450305,-0.038059,-0.048820,-0.025913,0.067293,-0.996201,50.846786,-0.000343
20029,0.014033,0.450304,-0.038102,-0.048448,-0.025967,0.066683,-0.996259,50.261421,-0.000343
20033,0.013910,0.450307,-0.038160,-0.047995,-0.025944,0.065910,-0.996333,49.686356,0.000000
20036,0.013820,0.450309,-0.038199,-0.047688,-0.025949,0.065275,-0.996389,49.126053,-0.000343
20040,0.013713,0.450314,-0.038240,-0.047249,-0.026096,0.064773,-0.996439,48.611412,-0.000343
20044,0.013592,0.450308,-0.038302,-0.046899,-0.026030,0.063819,-0.996519,48.026733,-0.000343
20047,0.013502,0.450315,-0.038339,-0.046490,-0.026093,0.063191,-0.996577,47.459908,-0.000343
20050,0.013409,0.450310,-0.038384,-0.046288,-0.026042,0.062461,-0.996633,46.867676,-0.000343
20054,0.013286,0.450314,-0.038433,-0.045910,-0.025990,0.061780,-0.996695,46.345825,-0.000343
20058,0.013154,0.450311,-0.038484,-0.045611,-0.025906,0.060937,-0.996762,45.800629,-0.000343
20061,0.013051,0.450311,-0.038528,-0.045393,-0.025940,0.060349,-0.996807,45.232086,-0.000343
20065,0.012910,0.450309,-0.038584,-0.044863,-0.026007,0.059467,-0.996882,44.661827,-0.000343
20068,0.012803,0.450310,-0.038630,-0.044447,-0.026072,0.058773,-0.996941,44.100151,-0.000343
20072,0.012678,0.450311,-0.038694,-0.044242,-0.025978,0.058001,-0.996997,43.556671,0.000000
20075,0.012585,0.450313,-0.038738,-0.043955,-0.025996,0.057353,-0.997047,43.014565,-0.000343
20079,0.012452,0.450318,-0.038809,-0.043547,-0.025918,0.056505,-0.997115,42.467995,-0.000343
20082,0.012363,0.450320,-0.038854,-0.043401,-0.025840,0.055933,-0.997156,41.932068,-0.000343
20086,0.012250,0.450318,-0.038903,-0.043028,-0.025884,0.055264,-0.997208,41.427727,-0.000687
20090,0.012141,0.450324,-0.038960,-0.042623,-0.025903,0.054421,-0.997272,40.975571,-0.000343
20093,0.012056,0.450315,-0.038994,-0.042349,-0.025986,0.053923,-0.997308,40.384712,-0.000343
20097,0.011947,0.450315,-0.039043,-0.041943,-0.025906,0.053190,-0.997367,39.836082,-0.000343
20100,0.011859,0.450318,-0.039077,-0.041739,-0.025923,0.052681,-0.997402,39.290199,-0.000343
20104,0.011735,0.450306,-0.039126,-0.041380,-0.025883,0.051807,-0.997464,38.760109,-0.000343
20107,0.011649,0.450304,-0.039159,-0.041149,-0.025872,0.051260,-0.997502,38.227959,-0.000343
20111,0.011523,0.450305,-0.039216,-0.040596,-0.025887,0.050337,-0.997571,37.759666,-0.000343
20114,0.011437,0.450307,-0.039259,-0.040368,-0.025769,0.049847,-0.997608,37.216187,-0.000343
20114,0.011437,0.450307,-0.039259,-0.040368,-0.025769,0.049847,-0.997608,36.728325,-0.000343
20114,0.011437,0.450307,-0.039259,-0.040368,-0.025769,0.049847,-0.997608,36.226387,-0.000343
20114,0.011437,0.450307,-0.039259,-0.040368,-0.025769,0.049847,-0.997608,35.724449,-0.000343
20114,0.011437,0.450307,-0.039259,-0.040368,-0.025769,0.049847,-0.997608,35.240707,-0.000343
20114,0.011437,0.450307,-0.039259,-0.040368,-0.025769,0.049847,-0.997608,34.719887,-0.000343
20114,0.011437,0.450307,-0.039259,-0.040368,-0.025769,0.049847,-0.997608,34.188423,-0.000343
20114,0.011437,0.450307,-0.039259,-0.040368,-0.025769,0.049847,-0.997608,33.672409,-0.000343
20114,0.011437,0.450307,-0.039259,-0.040368,-0.025769,0.049847,-0.997608,33.178368,0.000000
20114,0.011437,0.450307,-0.039259,-0.040368,-0.025769,0.049847,-0.997608,32.696686,-0.000343
20114,0.011437,0.450307,-0.039259,-0.040368,-0.025769,0.049847,-0.997608,32.280235,-0.000343
20114,0.011437,0.450307,-0.039259,-0.040368,-0.025769,0.049847,-0.997608,31.809196,-0.000343
20114,0.011437,0.450307,-0.039259,-0.040368,-0.025769,0.049847,-0.997608,31.296959,-0.000343
20114,0.011437,0.450307,-0.039259,-0.040368,-0.025769,0.049847,-0.997608,30.868149,-0.000343
20114,0.011437,0.450307,-0.039259,-0.040368,-0.025769,0.049847,-0.997608,30.350418,-0.000343
20114,0.011437,0.450307,-0.039259,-0.040368,-0.025769,0.049847,-0.997608,29.881783,-0.000343
20114,0.011437,0.450307,-0.039259,-0.040368,-0.025769,0.049847,-0.997608,29.386024,-0.000343
20114,0.011437,0.450307,-0.039259,-0.040368,-0.025769,0.049847,-0.997608,28.909492,-0.000343
20114,0.011437,0.450307,-0.039259,-0.040368,-0.025769,0.049847,-0.997608,28.440514,-0.000343
20114,0.011437,0.450307,-0.039259,-0.040368,-0.025769,0.049847,-0.997608,28.025780,-0.000343
20114,0.011437,0.450307,-0.039259,-0.040368,-0.025769,0.049847,-0.997608,27.529678,-0.000343
20114,0.011437,0.450307,-0.039259,-0.040368,-0.025769,0.049847,-0.997608,27.088509,-0.000343
20114,0.011437,0.450307,-0.039259,-0.040368,-0.025769,0.049847,-0.997608,26.650429,-0.000343
20114,0.011437,0.450307,-0.039259,-0.040368,-0.025769,0.049847,-0.997608,26.212692,-0.000343
20114,0.011437,0.450307,-0.039259,-0.040368,-0.025769,0.049847,-0.997608,25.763626,-0.000343
20114,0.011437,0.450307,-0.039259,-0.040368,-0.025769,0.049847,-0.997608,25.327950,-0.000343
20114,0.011437,0.450307,-0.039259,-0.040368,-0.025769,0.049847,-0.997608,24.933128,-0.000343
20114,0.011437,0.450307,-0.039259,-0.040368,-0.025769,0.049847,-0.997608,24.444580,-0.000343
20114,0.011437,0.450307,-0.039259,-0.040368,-0.025769,0.049847,-0.997608,24.057999,-0.000343
20114,0.011437,0.450307,-0.039259,-0.040368,-0.025769,0.049847,-0.997608,23.575630,-0.000343
20221,0.008544,0.450207,-0.040566,-0.031544,-0.025742,0.031271,-0.998681,23.145790,0.000000
20224,0.008476,0.450203,-0.040600,-0.031372,-0.025711,0.030873,-0.998700,22.742386,-0.000343
20228,0.008387,0.450196,-0.040636,-0.031015,-0.025732,0.030222,-0.998730,22.340355,-0.000343
20232,0.008294,0.450191,-0.040665,-0.030873,-0.025707,0.029667,-0.998752,21.928368,-0.000343
20235,0.008218,0.450184,-0.040689,-0.030542,-0.025742,0.029244,-0.998774,21.513634,-0.000343
20239,0.008121,0.450177,-0.040719,-0.030327,-0.025710,0.028535,-0.998802,21.103706,-0.000343
20242,0.008051,0.450177,-0.040751,-0.030132,-0.025672,0.028065,-0.998822,20.685539,-0.000343
20245,0.007985,0.450172,-0.040783,-0.029843,-0.025722,0.027673,-0.998840,20.283165,-0.000343
20249,0.007907,0.450167,-0.040827,-0.029493,-0.025650,0.027053,-0.998870,19.939842,-0.000343
20253,0.007836,0.450168,-0.040878,-0.029403,-0.025584,0.026561,-0.998887,19.504166,-0.000343
20257,0.007756,0.450160,-0.040924,-0.029051,-0.025635,0.026014,-0.998911,19.163589,-0.000343
20260,0.007697,0.450158,-0.040957,-0.028880,-0.025611,0.025557,-0.998928,18.780098,-0.000343
20263,0.007633,0.450152,-0.040995,-0.028628,-0.025603,0.025179,-0.998945,18.361588,-0.000343
20267,0.007552,0.450144,-0.041028,-0.028429,-0.025633,0.024657,-0.998963,17.980156,-0.000343
20271,0.007465,0.450133,-0.041061,-0.028228,-0.025566,0.024128,-0.998983,17.640610,-0.000343
20274,0.007396,0.450125,-0.041083,-0.027965,-0.025614,0.023708,-0.998999,17.233772,-0.000343
20278,0.007304,0.450115,-0.041113,-0.027882,-0.025520,0.023189,-0.999016,16.856461,-0.000343
20281,0.007234,0.450111,-0.041142,-0.027562,-0.025579,0.022742,-0.999034,16.486702,-0.000343
20285,0.007146,0.450106,-0.041176,-0.027354,-0.025613,0.022304,-0.999049,16.126900,-0.000343
20288,0.007077,0.450097,-0.041207,-0.027182,-0.025534,0.021803,-0.999067,15.808296,-0.000343
20292,0.006992,0.450094,-0.041246,-0.026866,-0.025553,0.021252,-0.999086,15.456047,-0.000343
20296,0.006914,0.450088,-0.041283,-0.026735,-0.025514,0.020725,-0.999102,15.073242,-0.000343
20299,0.006860,0.450081,-0.041315,-0.026561,-0.025512,0.020378,-0.999114,14.730263,-0.000343
20303,0.006790,0.450077,-0.041355,-0.026217,-0.025513,0.019803,-0.999134,14.427452,-0.000343
20306,0.006742,0.450075,-0.041369,-0.026209,-0.025461,0.019405,-0.999144,14.094429,-0.000343
20310,0.006667,0.450060,-0.041414,-0.025879,-0.025445,0.018941,-0.999162,13.724327,-0.000343
20313,0.006606,0.450053,-0.041436,-0.025649,-0.025484,0.018536,-0.999174,13.387871,-0.000343
20317,0.006528,0.450044,-0.041467,-0.025541,-0.025499,0.018106,-0.999185,13.062744,-0.000343
20321,0.006452,0.450038,-0.041502,-0.025227,-0.025473,0.017524,-0.999203,12.741394,-0.000343
20324,0.006395,0.450035,-0.041525,-0.025174,-0.025417,0.017226,-0.999211,12.421417,-0.000343
20328,0.006323,0.450027,-0.041558,-0.024932,-0.025482,0.016794,-0.999223,12.096634,0.000000
20331,0.006271,0.450022,-0.041579,-0.024872,-0.025458,0.016514,-0.999230,11.779747,0.000000
20335,0.006202,0.450016,-0.041612,-0.024551,-0.025469,0.015967,-0.999247,11.500969,-0.000343
20338,0.006155,0.450010,-0.041631,-0.024454,-0.025487,0.015740,-0.999252,11.204338,-0.000343
20342,0.006093,0.450008,-0.041661,-0.024331,-0.025450,0.015256,-0.999264,10.875435,-0.000343
20345,0.006047,0.450002,-0.041682,-0.024142,-0.025401,0.014961,-0.999274,10.582581,-0.000343
20349,0.005984,0.449992,-0.041706,-0.023892,-0.025433,0.014503,-0.999286,10.289040,-0.000343
20352,0.005939,0.449989,-0.041725,-0.023813,-0.025387,0.014254,-0.999292,9.997902,0.000000
20356,0.005880,0.449982,-0.041758,-0.023425,-0.025403,0.013776,-0.999308,9.700241,0.000000
20359,0.005840,0.449980,-0.041776,-0.023349,-0.025387,0.013554,-0.999313,9.412537,-0.000343
20363,0.005783,0.449975,-0.041803,-0.023213,-0.025406,0.013182,-0.999321,9.148521,-0.000343
20367,0.005723,0.449972,-0.041832,-0.023078,-0.025363,0.012847,-0.999329,8.884850,-0.000343
20370,0.005678,0.449969,-0.041848,-0.022937,-0.025406,0.012540,-0.999335,8.618431,-0.000343
20374,0.005618,0.449965,-0.041871,-0.022848,-0.025323,0.012247,-0.999343,8.341026,-0.000343
20377,0.005571,0.449962,-0.041891,-0.022686,-0.025299,0.011881,-0.999352,8.078384,-0.000343
20381,0.005517,0.449955,-0.041906,-0.022576,-0.025303,0.011622,-0.999357,7.828102,-0.000343
20384,0.005468,0.449949,-0.041924,-0.022411,-0.025283,0.011288,-0.999365,7.580566,-0.000343
20388,0.005407,0.449946,-0.041950,-0.022273,-0.025248,0.010892,-0.999374,7.333717,-0.000343
20392,0.005355,0.449938,-0.041970,-0.022172,-0.025258,0.010633,-0.999379,7.117424,-0.000343
20395,0.005313,0.449935,-0.041995,-0.022100,-0.025174,0.010304,-0.999386,6.842422,-0.000343
20398,0.005271,0.449932,-0.042023,-0.021811,-0.025176,0.009938,-0.999396,6.592484,-0.000343
20402,0.005218,0.449923,-0.042053,-0.021601,-0.025190,0.009638,-0.999403,6.352844,-0.000343
20405,0.005176,0.449922,-0.042075,-0.021554,-0.025162,0.009334,-0.999407,6.132088,-0.000343
20409,0.005119,0.449919,-0.042099,-0.021389,-0.025158,0.009109,-0.999413,5.910645,-0.000343
20413,0.005070,0.449910,-0.042114,-0.021285,-0.025213,0.008833,-0.999417,5.711517,-0.000343
20416,0.005031,0.449906,-0.042121,-0.021286,-0.025202,0.008604,-0.999419,5.481491,-0.000343
20420,0.004988,0.449900,-0.042133,-0.021000,-0.025251,0.008297,-0.999426,5.274811,-0.000343
20423,0.004960,0.449894,-0.042140,-0.020939,-0.025290,0.008104,-0.999428,5.062981,-0.000343
20427,0.004918,0.449887,-0.042154,-0.020967,-0.025226,0.007890,-0.999431,4.850121,-0.000343
20430,0.004889,0.449883,-0.042170,-0.020718,-0.025270,0.007622,-0.999437,4.667130,-0.000343
20434,0.004850,0.449877,-0.042196,-0.020569,-0.025266,0.007385,-0.999442,4.441566,-0.000343
20438,0.004812,0.449876,-0.042226,-0.020382,-0.025283,0.007050,-0.999448,4.251709,-0.000343
20441,0.004782,0.449870,-0.042245,-0.020261,-0.025331,0.006948,-0.999450,4.068718,-0.000343
20445,0.004740,0.449863,-0.042265,-0.020148,-0.025343,0.006689,-0.999453,3.885384,0.000000
20448,0.004712,0.449860,-0.042278,-0.020141,-0.025306,0.006550,-0.999455,3.712349,-0.000343
20452,0.004672,0.449857,-0.042292,-0.019886,-0.025307,0.006192,-0.999463,3.536224,-0.000343
20455,0.004646,0.449864,-0.042286,-0.019655,-0.025400,0.006269,-0.999464,3.383446,-0.000343
20459,0.004611,0.449858,-0.042293,-0.019589,-0.025416,0.006031,-0.999467,3.197021,-0.000343
20462,0.004583,0.449856,-0.042297,-0.019492,-0.025385,0.005889,-0.999470,3.037720,-0.000343
20466,0.004547,0.449852,-0.042313,-0.019417,-0.025394,0.005577,-0.999473,2.877388,-0.000343
20469,0.004520,0.449852,-0.042328,-0.019458,-0.025373,0.005487,-0.999474,2.711220,-0.000343
20473,0.004483,0.449850,-0.042353,-0.019083,-0.025492,0.005169,-0.999480,2.576637,-0.000343
20477,0.004456,0.449846,-0.042381,-0.019188,-0.025344,0.005010,-0.999482,2.418022,-0.000343
20480,0.004439,0.449847,-0.042397,-0.018986,-0.025427,0.004839,-0.999485,2.279320,-0.000343
20484,0.004416,0.449845,-0.042414,-0.018799,-0.025392,0.004660,-0.999490,2.144737,-0.000343
20487,0.004399,0.449843,-0.042423,-0.018786,-0.025386,0.004517,-0.999491,2.015648,-0.000343
20491,0.004377,0.449839,-0.042422,-0.018810,-0.025403,0.004403,-0.999491,1.906815,0.000000
20494,0.004357,0.449835,-0.042423,-0.018755,-0.025356,0.004225,-0.999494,1.773262,-0.000343
20498,0.004329,0.449831,-0.042422,-0.018662,-0.025398,0.004080,-0.999495,1.651382,0.000000
20501,0.004307,0.449826,-0.042426,-0.018773,-0.025354,0.003930,-0.999495,1.530190,-0.000343
20505,0.004279,0.449826,-0.042441,-0.018515,-0.025363,0.003772,-0.999500,1.409683,-0.000343
20508,0.004262,0.449824,-0.042453,-0.018385,-0.025383,0.003610,-0.999502,1.300507,-0.000343
20512,0.004241,0.449821,-0.042469,-0.018591,-0.025285,0.003547,-0.999501,1.192703,-0.000343
20516,0.004221,0.449821,-0.042483,-0.018363,-0.025359,0.003414,-0.999504,1.091766,-0.000343
20519,0.004206,0.449819,-0.042489,-0.018321,-0.025386,0.003282,-0.999504,0.997353,0.000000
20523,0.004189,0.449817,-0.042493,-0.018342,-0.025337,0.003234,-0.999506,0.908432,-0.000343
20526,0.004177,0.449817,-0.042493,-0.018250,-0.025358,0.003091,-0.999507,0.833588,-0.000343
20529,0.004166,0.449813,-0.042500,-0.018260,-0.025281,0.002931,-0.999509,0.757713,0.000000
20533,0.004157,0.449809,-0.042500,-0.018208,-0.025305,0.002910,-0.999510,0.691452,-0.000343
20537,0.004144,0.449808,-0.042506,-0.018145,-0.025307,0.002842,-0.999511,0.619698,-0.000343
20540,0.004133,0.449809,-0.042515,-0.018074,-0.025309,0.002768,-0.999512,0.533524,-0.000343
20544,0.004115,0.449805,-0.042524,-0.018162,-0.025304,0.002726,-0.999511,0.457649,0.000000
20547,0.004097,0.449803,-0.042537,-0.018079,-0.025293,0.002604,-0.999513,0.388985,-0.000343
20551,0.004076,0.449800,-0.042550,-0.017980,-0.025303,0.002495,-0.999515,0.328217,-0.000343
20555,0.004060,0.449801,-0.042555,-0.017955,-0.025303,0.002358,-0.999516,0.279121,-0.000343
20558,0.004051,0.449800,-0.042562,-0.018046,-0.025216,0.002377,-0.999516,0.241356,-0.000343
20562,0.004042,0.449798,-0.042562,-0.017833,-0.025322,0.002226,-0.999518,0.193977,0.000000
20565,0.004036,0.449796,-0.042563,-0.017936,-0.025270,0.002271,-0.999517,0.160675,-0.000343
20569,0.004030,0.449792,-0.042566,-0.017734,-0.025301,0.002124,-0.999520,0.122566,-0.000343
20573,0.004024,0.449791,-0.042565,-0.017819,-0.025261,0.002087,-0.999520,0.096474,-0.000343
20576,0.004021,0.449790,-0.042564,-0.017835,-0.025278,0.002067,-0.999519,0.070381,0.000000
20580,0.004012,0.449790,-0.042570,-0.017646,-0.025289,0.002011,-0.999522,0.040169,0.000000
20583,0.004008,0.449791,-0.042575,-0.017716,-0.025235,0.001972,-0.999523,0.017509,0.000000
20587,0.004006,0.449789,-0.042582,-0.017719,-0.025297,0.002007,-0.999521,0.000687,0.000000
20590,0.004002,0.449790,-0.042587,-0.017690,-0.025261,0.001965,-0.999522,-0.013046,0.000000
20594,0.003997,0.449790,-0.042590,-0.017681,-0.025290,0.001904,-0.999522,-0.018883,-0.000343
20597,0.003991,0.449787,-0.042590,-0.017687,-0.025308,0.001920,-0.999521,-0.020256,-0.000343
20601,0.003986,0.449788,-0.042589,-0.017607,-0.025291,0.001856,-0.999523,-0.020256,0.000000
20604,0.003981,0.449786,-0.042586,-0.017624,-0.025269,0.001834,-0.999524,-0.020256,0.000000
20608,0.003985,0.449789,-0.042577,-0.017643,-0.025296,0.001849,-0.999523,-0.020256,0.000000
20611,0.003983,0.449784,-0.042581,-0.017727,-0.025250,0.001876,-0.999522,-0.019913,0.000000
20615,0.003984,0.449788,-0.042581,-0.017573,-0.025310,0.001812,-0.999524,-0.019226,0.000000
20618,0.003983,0.449786,-0.042586,-0.017626,-0.025295,0.001816,-0.999523,-0.018196,0.000000
20622,0.003982,0.449785,-0.042594,-0.017607,-0.025279,0.001803,-0.999524,-0.015450,0.000000
20626,0.003984,0.449787,-0.042600,-0.017750,-0.025248,0.001875,-0.999522,-0.010300,0.000000
20629,0.003979,0.449784,-0.042602,-0.017653,-0.025298,0.001809,-0.999522,-0.003777,0.000000
20633,0.003979,0.449787,-0.042606,-0.017614,-0.025262,0.001881,-0.999524,0.002747,0.000000
20636,0.003976,0.449786,-0.042602,-0.017525,-0.025312,0.001743,-0.999525,0.006866,0.000000
20640,0.003979,0.449786,-0.042594,-0.017722,-0.025265,0.001881,-0.999522,0.009270,0.000000
20643,0.003982,0.449787,-0.042588,-0.017611,-0.025308,0.001775,-0.999523,0.010300,0.000000
20647,0.003978,0.449784,-0.042583,-0.017637,-0.025280,0.001800,-0.999523,0.010643,0.000000
20651,0.003976,0.449785,-0.042581,-0.017714,-0.025209,0.001819,-0.999524,0.010643,0.000000
20654,0.003974,0.449785,-0.042578,-0.017788,-0.025202,0.001803,-0.999523,0.010643,0.000000
20658,0.003972,0.449785,-0.042582,-0.017656,-0.025290,0.001771,-0.999523,0.010643,0.000000
20661,0.003971,0.449784,-0.042587,-0.017719,-0.025248,0.001854,-0.999522,0.010300,0.000000
20665,0.003971,0.449784,-0.042597,-0.017561,-0.025306,0.001803,-0.999524,0.010300,0.000000
20668,0.003973,0.449788,-0.042601,-0.017577,-0.025289,0.001799,-0.999524,0.010300,0.000000
20671,0.003970,0.449785,-0.042606,-0.017528,-0.025298,0.001737,-0.999525,0.010300,0.000000
20675,0.003973,0.449785,-0.042604,-0.017708,-0.025245,0.001852,-0.999523,0.009956,0.000000
20679,0.003967,0.449784,-0.042605,-0.017688,-0.025209,0.001743,-0.999524,0.009613,0.000000
20683,0.003964,0.449782,-0.042600,-0.017574,-0.025279,0.001728,-0.999524,0.009270,0.000343
20686,0.003962,0.449783,-0.042597,-0.017608,-0.025232,0.001793,-0.999525,0.008926,0.000343
20690,0.003961,0.449783,-0.042596,-0.017641,-0.025232,0.001666,-0.999525,0.008926,0.000343
20693,0.003962,0.449783,-0.042594,-0.017673,-0.025260,0.001796,-0.999523,0.008240,0.000343
20697,0.003962,0.449784,-0.042597,-0.017489,-0.025283,0.001663,-0.999526,0.007896,0.000343
20700,0.003964,0.449784,-0.042594,-0.017655,-0.025244,0.001721,-0.999524,0.006866,0.000000
20704,0.003965,0.449783,-0.042594,-0.017706,-0.025210,0.001706,-0.999524,0.006180,0.000343
20707,0.003964,0.449783,-0.042590,-0.017676,-0.025218,0.001741,-0.999524,0.005493,0.000343
20711,0.003963,0.449784,-0.042592,-0.017523,-0.025251,0.001664,-0.999526,0.005150,0.000343
20714,0.003966,0.449784,-0.042592,-0.017707,-0.025198,0.001698,-0.999524,0.004807,0.000343
20718,0.003967,0.449782,-0.042600,-0.017535,-0.025263,0.001663,-0.999526,0.004120,0.000343
20722,0.003965,0.449782,-0.042602,-0.017592,-0.025273,0.001722,-0.999524,0.003433,0.000343
20725,0.003965,0.449782,-0.042607,-0.017700,-0.025249,0.001668,-0.999523,0.003090,0.000343
20729,0.003959,0.449782,-0.042610,-0.017550,-0.025268,0.001721,-0.999525,0.002403,0.000343
20732,0.003955,0.449781,-0.042614,-0.017554,-0.025240,0.001616,-0.999526,0.001717,0.000343
20736,0.003956,0.449782,-0.042609,-0.017631,-0.025258,0.001771,-0.999524,0.001373,0.000343
20739,0.003955,0.449783,-0.042606,-0.017556,-0.025267,0.001712,-0.999525,0.001030,0.000343
20743,0.003957,0.449783,-0.042599,-0.017544,-0.025297,0.001679,-0.999525,0.000687,0.000343
20746,0.003959,0.449781,-0.042595,-0.017525,-0.025317,0.001651,-0.999525,0.000343,0.000343
20750,0.003958,0.449780,-0.042592,-0.017609,-0.025245,0.001719,-0.999525,0.000343,0.000343
20753,0.003959,0.449782,-0.042597,-0.017596,-0.025232,0.001635,-0.999525,0.000000,0.000343
20757,0.003960,0.449782,-0.042597,-0.017611,-0.025252,0.001715,-0.999525,0.000000,0.000343
20760,0.003956,0.449781,-0.042602,-0.017570,-0.025282,0.001684,-0.999525,0.000000,0.000343
20764,0.003953,0.449784,-0.042607,-0.017514,-0.025261,0.001704,-0.999526,-0.000343,0.000343
20768,0.003953,0.449782,-0.042603,-0.017671,-0.025242,0.001761,-0.999524,0.000000,0.000343
20771,0.003950,0.449781,-0.042603,-0.017641,-0.025256,0.001710,-0.999524,-0.000343,0.000343
20774,0.003946,0.449780,-0.042597,-0.017512,-0.025298,0.001593,-0.999525,-0.000343,0.000343
20778,0.003949,0.449780,-0.042592,-0.017722,-0.025211,0.001670,-0.999524,0.000000,0.000343
20782,0.003952,0.449784,-0.042592,-0.017749,-0.025184,0.001761,-0.999524,0.000000,0.000343
20786,0.003952,0.449782,-0.042595,-0.017648,-0.025215,0.001653,-0.999525,0.000000,0.000343
20789,0.003953,0.449782,-0.042597,-0.017661,-0.025240,0.001738,-0.999524,-0.000343,0.000343
20793,0.003947,0.449780,-0.042604,-0.017518,-0.025280,0.001643,-0.999526,0.000000,0.000687
20796,0.003949,0.449783,-0.042604,-0.017600,-0.025298,0.001698,-0.999524,0.000000,0.000343
20800,0.003946,0.449783,-0.042611,-0.017678,-0.025241,0.001676,-0.999524,0.000000,0.000687
20803,0.003949,0.449781,-0.042612,-0.017674,-0.025276,0.001722,-0.999523,0.000000,0.000343
20807,0.003952,0.449781,-0.042615,-0.017502,-0.025270,0.001624,-0.999526,0.000000,0.000343
20810,0.003954,0.449785,-0.042608,-0.017637,-0.025232,0.001750,-0.999525,0.000000,0.000343
20814,0.003951,0.449784,-0.042598,-0.017537,-0.025288,0.001664,-0.999525,0.000000,0.000343
20817,0.003944,0.449784,-0.042590,-0.017605,-0.025250,0.001750,-0.999525,0.000000,0.000343
20821,0.003935,0.449780,-0.042583,-0.017568,-0.025300,0.001614,-0.999524,0.000000,0.000343
20824,0.003932,0.449780,-0.042582,-0.017666,-0.025240,0.001715,-0.999524,0.000000,0.000343
20828,0.003919,0.449779,-0.042589,-0.017477,-0.025252,0.001575,-0.999527,0.000000,0.000343
20832,0.003917,0.449780,-0.042590,-0.017557,-0.025247,0.001617,-0.999526,0.000000,0.000687
20835,0.003918,0.449783,-0.042592,-0.017633,-0.025220,0.001607,-0.999525,0.000000,0.000343
20839,0.003926,0.449784,-0.042593,-0.017599,-0.025223,0.001574,-0.999526,-0.000343,0.000343
20842,0.003936,0.449784,-0.042587,-0.017525,-0.025295,0.001627,-0.999525,-0.000343,0.000343
20846,0.003950,0.449782,-0.042584,-0.017498,-0.025258,0.001653,-0.999526,-0.000343,0.000687
20849,0.003954,0.449779,-0.042579,-0.017505,-0.025296,0.001646,-0.999525,-0.000343,0.000343
20853,0.003957,0.449781,-0.042578,-0.017691,-0.025189,0.001661,-0.999525,0.000000,0.000343
20856,0.003951,0.449781,-0.042576,-0.017571,-0.025273,0.001661,-0.999525,0.000000,0.000343
20860,0.003941,0.449783,-0.042582,-0.017520,-0.025245,0.001581,-0.999527,-0.000343,0.000343
20864,0.003931,0.449781,-0.042583,-0.017658,-0.025295,0.001706,-0.999523,0.000000,0.000343
20867,0.003914,0.449778,-0.042595,-0.017675,-0.025242,0.001616,-0.999524,0.000000,0.000343
20871,0.003903,0.449779,-0.042605,-0.017594,-0.025262,0.001614,-0.999525,0.000000,0.000687
20874,0.003895,0.449779,-0.042613,-0.017525,-0.025297,0.001558,-0.999525,0.000000,0.000343
20878,0.003899,0.449783,-0.042618,-0.017577,-0.025283,0.001697,-0.999524,0.000000,0.000343
20881,0.003900,0.449781,-0.042621,-0.017469,-0.025269,0.001585,-0.999527,0.000000,0.000343
20885,0.003911,0.449780,-0.042606,-0.017629,-0.025254,0.001692,-0.999524,0.000000,0.000343
20888,0.003920,0.449781,-0.042595,-0.017527,-0.025267,0.001636,-0.999526,0.000000,0.000687
20892,0.003933,0.449784,-0.042576,-0.017587,-0.025258,0.001658,-0.999525,0.000000,0.000687
20896,0.003943,0.449781,-0.042557,-0.017645,-0.025251,0.001657,-0.999524,0.000000,0.000343
20899,0.003948,0.449782,-0.042549,-0.017687,-0.025201,0.001701,-0.999525,0.000000,0.000343
20903,0.003939,0.449779,-0.042551,-0.017579,-0.025223,0.001613,-0.999526,0.000000,0.000343
20906,0.003926,0.449779,-0.042557,-0.017641,-0.025200,0.001683,-0.999525,0.000000,0.000343
20910,0.003909,0.449780,-0.042571,-0.017579,-0.025250,0.001646,-0.999525,0.000000,0.000343
20913,0.003899,0.449782,-0.042585,-0.017665,-0.025191,0.001650,-0.999525,0.000000,0.000343
20917,0.003893,0.449777,-0.042601,-0.017553,-0.025285,0.001608,-0.999525,0.000343,0.000343
20920,0.003895,0.449780,-0.042606,-0.017656,-0.025278,0.001683,-0.999523,0.000000,0.000343
20924,0.003901,0.449783,-0.042614,-0.017551,-0.025225,0.001583,-0.999526,0.000343,0.000343
20928,0.003910,0.449781,-0.042602,-0.017521,-0.025306,0.001593,-0.999525,0.000343,0.000343
20928,0.003910,0.449781,-0.042602,-0.017521,-0.025306,0.001593,-0.999525,0.000343,0.000343
20928,0.003910,0.449781,-0.042602,-0.017521,-0.025306,0.001593,-0.999525,0.000343,0.000343
20928,0.003910,0.449781,-0.042602,-0.017521,-0.025306,0.001593,-0.999525,0.000343,0.000687
20928,0.003910,0.449781,-0.042602,-0.017521,-0.025306,0.001593,-0.999525,0.000343,0.000343
20928,0.003910,0.449781,-0.042602,-0.017521,-0.025306,0.001593,-0.999525,0.000343,0.000343
20928,0.003910,0.449781,-0.042602,-0.017521,-0.025306,0.001593,-0.999525,0.000343,0.000343
20928,0.003910,0.449781,-0.042602,-0.017521,-0.025306,0.001593,-0.999525,0.000687,0.000343
20928,0.003910,0.449781,-0.042602,-0.017521,-0.025306,0.001593,-0.999525,0.000687,0.000343
20928,0.003910,0.449781,-0.042602,-0.017521,-0.025306,0.001593,-0.999525,0.000687,0.000343
20928,0.003910,0.449781,-0.042602,-0.017521,-0.025306,0.001593,-0.999525,0.000687,0.000343
20928,0.003910,0.449781,-0.042602,-0.017521,-0.025306,0.001593,-0.999525,0.000687,0.000687
20928,0.003910,0.449781,-0.042602,-0.017521,-0.025306,0.001593,-0.999525,0.000343,0.000343
20928,0.003910,0.449781,-0.042602,-0.017521,-0.025306,0.001593,-0.999525,0.000687,0.000343
20928,0.003910,0.449781,-0.042602,-0.017521,-0.025306,0.001593,-0.999525,0.001030,0.000343
20928,0.003910,0.449781,-0.042602,-0.017521,-0.025306,0.001593,-0.999525,0.001030,0.000343
20928,0.003910,0.449781,-0.042602,-0.017521,-0.025306,0.001593,-0.999525,0.001030,0.000343
20928,0.003910,0.449781,-0.042602,-0.017521,-0.025306,0.001593,-0.999525,0.001030,0.000343
20928,0.003910,0.449781,-0.042602,-0.017521,-0.025306,0.001593,-0.999525,0.001030,0.000343
20928,0.003910,0.449781,-0.042602,-0.017521,-0.025306,0.001593,-0.999525,0.001030,0.000343
20928,0.003910,0.449781,-0.042602,-0.017521,-0.025306,0.001593,-0.999525,0.001373,0.000343
20928,0.003910,0.449781,-0.042602,-0.017521,-0.025306,0.001593,-0.999525,0.001030,0.000343
20928,0.003910,0.449781,-0.042602,-0.017521,-0.025306,0.001593,-0.999525,0.001373,0.000343
20928,0.003910,0.449781,-0.042602,-0.017521,-0.025306,0.001593,-0.999525,0.001373,0.000343
20928,0.003910,0.449781,-0.042602,-0.017521,-0.025306,0.001593,-0.999525,0.001373,0.000343
20928,0.003910,0.449781,-0.042602,-0.017521,-0.025306,0.001593,-0.999525,0.001373,0.000343
20928,0.003910,0.449781,-0.042602,-0.017521,-0.025306,0.001593,-0.999525,0.001717,0.000343
20928,0.003910,0.449781,-0.042602,-0.017521,-0.025306,0.001593,-0.999525,0.001717,0.000343
20928,0.003910,0.449781,-0.042602,-0.017521,-0.025306,0.001593,-0.999525,0.001717,0.000343
20928,0.003910,0.449781,-0.042602,-0.017521,-0.025306,0.001593,-0.999525,0.001717,0.000343
20928,0.003910,0.449781,-0.042602,-0.017521,-0.025306,0.001593,-0.999525,0.001717,0.000343
21038,0.003919,0.449782,-0.042583,-0.017580,-0.025205,0.001559,-0.999527,0.001717,0.000687
21041,0.003919,0.449782,-0.042581,-0.017534,-0.025240,0.001607,-0.999526,0.002060,0.000343
21044,0.003915,0.449779,-0.042580,-0.017502,-0.025253,0.001631,-0.999527,0.001717,0.000343
21048,0.003914,0.449780,-0.042578,-0.017738,-0.025187,0.001651,-0.999524,0.001717,0.000343
21052,0.003909,0.449780,-0.042582,-0.017460,-0.025246,0.001516,-0.999528,0.002060,0.000343
21055,0.003909,0.449780,-0.042581,-0.017531,-0.025252,0.001594,-0.999526,0.002060,0.000343
21059,0.003903,0.449778,-0.042584,-0.017493,-0.025278,0.001553,-0.999526,0.001717,0.000343
21063,0.003900,0.449779,-0.042591,-0.017469,-0.025278,0.001532,-0.999527,0.001717,0.000343
21066,0.003899,0.449780,-0.042598,-0.017574,-0.025224,0.001537,-0.999526,0.002060,0.000343
21069,0.003907,0.449779,-0.042596,-0.017599,-0.025257,0.001627,-0.999525,0.002060,0.000343
21073,0.003915,0.449783,-0.042600,-0.017461,-0.025293,0.001551,-0.999526,0.002060,0.000687
21073,0.003915,0.449783,-0.042600,-0.017461,-0.025293,0.001551,-0.999526,0.002060,0.000687
21073,0.003915,0.449783,-0.042600,-0.017461,-0.025293,0.001551,-0.999526,0.002060,0.000687
21073,0.003915,0.449783,-0.042600,-0.017461,-0.025293,0.001551,-0.999526,0.002060,0.000687
21073,0.003915,0.449783,-0.042600,-0.017461,-0.025293,0.001551,-0.999526,0.002060,0.000687
21073,0.003915,0.449783,-0.042600,-0.017461,-0.025293,0.001551,-0.999526,0.002060,0.000687
21073,0.003915,0.449783,-0.042600,-0.017461,-0.025293,0.001551,-0.999526,0.002060,0.000687
21073,0.003915,0.449783,-0.042600,-0.017461,-0.025293,0.001551,-0.999526,0.002060,0.000687
