0,0.000000,0.000000,0.000000,0.000000,0.000000,0.000000,0.000000,0.000000,0.000000
0,0.000000,0.000000,0.000000,0.000000,0.000000,0.000000,0.000000,0.000000,0.000000
0,0.000000,0.000000,0.000000,0.000000,0.000000,0.000000,0.000000,0.000000,0.000000
0,0.000000,0.000000,0.000000,0.000000,0.000000,0.000000,0.000000,0.000000,0.000000
0,0.000000,0.000000,0.000000,0.000000,0.000000,0.000000,0.000000,0.000000,0.000000
0,0.000000,0.000000,0.000000,0.000000,0.000000,0.000000,0.000000,0.000000,0.000000
0,0.000000,0.000000,0.000000,0.000000,0.000000,0.000000,0.000000,0.000000,0.000000
0,0.000000,0.000000,0.000000,0.000000,0.000000,0.000000,0.000000,0.000000,0.000000
0,0.000000,0.000000,0.000000,0.000000,0.000000,0.000000,0.000000,0.000000,0.000000
0,0.000000,0.000000,0.000000,0.000000,0.000000,0.000000,0.000000,0.000000,0.000000
0,0.000000,0.000000,0.000000,0.000000,0.000000,0.000000,0.000000,0.000000,0.000000
0,0.000000,0.000000,0.000000,0.000000,0.000000,0.000000,0.000000,0.000000,0.000000
0,0.000000,0.000000,0.000000,0.000000,0.000000,0.000000,0.000000,0.000000,0.000000
0,0.000000,0.000000,0.000000,0.000000,0.000000,0.000000,0.000000,0.000000,0.000000
0,0.000000,0.000000,0.000000,0.000000,0.000000,0.000000,0.000000,0.000000,0.000000
0,0.000000,0.000000,0.000000,0.000000,0.000000,0.000000,0.000000,0.000000,0.000000
0,0.000000,0.000000,0.000000,0.000000,0.000000,0.000000,0.000000,0.000000,0.000000
0,0.000000,0.000000,0.000000,0.000000,0.000000,0.000000,0.000000,0.000000,0.000000
0,0.000000,0.000000,0.000000,0.000000,0.000000,0.000000,0.000000,0.000000,0.000000
0,0.000000,0.000000,0.000000,0.000000,0.000000,0.000000,0.000000,0.000000,0.000000
0,0.000000,0.000000,0.000000,0.000000,0.000000,0.000000,0.000000,0.000000,0.000000
0,0.000000,0.000000,0.000000,0.000000,0.000000,0.000000,0.000000,0.000000,0.000000
0,0.000000,0.000000,0.000000,0.000000,0.000000,0.000000,0.000000,0.000000,0.000000
0,0.000000,0.000000,0.000000,0.000000,0.000000,0.000000,0.000000,0.000000,0.000000
460287,0.035115,0.450279,-0.060837,-0.010505,-0.430943,0.007408,-0.902287,0.000343,0.000343
460291,0.035111,0.450281,-0.060848,-0.010524,-0.430919,0.007409,-0.902299,0.000000,0.000000
460294,0.035105,0.450282,-0.060855,-0.010543,-0.430912,0.007444,-0.902302,0.000343,0.000343
460298,0.035124,0.450272,-0.060867,-0.011022,-0.430972,0.008093,-0.902262,0.000000,0.000343
460301,0.035115,0.450269,-0.060872,-0.011106,-0.430937,0.008170,-0.902277,0.000343,0.000343
460305,0.035106,0.450271,-0.060877,-0.011009,-0.430939,0.008105,-0.902278,0.000343,0.000343
460308,0.035104,0.450270,-0.060874,-0.011027,-0.430954,0.008092,-0.902270,0.000000,0.000000
460312,0.035106,0.450269,-0.060867,-0.011099,-0.430976,0.008175,-0.902258,0.000343,0.000000
460316,0.035104,0.450267,-0.060857,-0.011031,-0.430980,0.008032,-0.902258,0.000343,0.000343
460319,0.035110,0.450267,-0.060850,-0.011106,-0.430971,0.008090,-0.902261,0.000000,0.000343
460323,0.035113,0.450267,-0.060848,-0.011134,-0.430972,0.008144,-0.902260,0.000343,0.000343
460326,0.035119,0.450266,-0.060848,-0.011131,-0.430959,0.008166,-0.902266,0.000343,0.000343
460330,0.035121,0.450269,-0.060853,-0.011078,-0.430985,0.008077,-0.902255,0.000343,0.000343
460333,0.035126,0.450268,-0.060854,-0.011077,-0.430959,0.008174,-0.902267,0.000343,0.000000
460337,0.035124,0.450267,-0.060854,-0.011062,-0.430990,0.008117,-0.902252,0.000343,0.000000
460340,0.035121,0.450267,-0.060854,-0.011029,-0.430982,0.008131,-0.902257,0.000343,0.000343
460344,0.035118,0.450267,-0.060855,-0.011121,-0.430987,0.008153,-0.902253,0.000343,0.000000
460347,0.035111,0.450267,-0.060858,-0.011136,-0.430937,0.008185,-0.902276,0.000343,0.000000
460351,0.035097,0.450267,-0.060862,-0.011059,-0.430946,0.008065,-0.902274,0.000000,0.000000
460355,0.035087,0.450269,-0.060869,-0.011043,-0.430960,0.008106,-0.902267,0.000000,0.000000
460358,0.035081,0.450268,-0.060872,-0.011084,-0.430945,0.008127,-0.902274,0.000343,0.000343
460362,0.035080,0.450268,-0.060871,-0.011058,-0.431002,0.008076,-0.902247,0.000000,0.000000
460365,0.035084,0.450267,-0.060870,-0.011066,-0.430988,0.008141,-0.902253,0.000000,0.000000
460369,0.035095,0.450266,-0.060860,-0.011049,-0.430989,0.008045,-0.902254,0.000343,0.000000
460372,0.035106,0.450266,-0.060856,-0.011084,-0.430971,0.008087,-0.902261,0.000343,0.000000
460376,0.035117,0.450261,-0.060844,-0.011126,-0.430974,0.008124,-0.902259,0.000343,0.000343
460379,0.035123,0.450262,-0.060840,-0.011149,-0.430955,0.008195,-0.902267,0.000343,0.000000
460383,0.035121,0.450265,-0.060843,-0.011048,-0.430968,0.008050,-0.902264,0.000000,0.000000
460386,0.035119,0.450269,-0.060849,-0.011198,-0.430930,0.008190,-0.902278,0.000000,0.000000
460390,0.035106,0.450267,-0.060863,-0.011053,-0.430942,0.008092,-0.902276,0.000343,0.000343
460393,0.035100,0.450268,-0.060870,-0.011067,-0.430944,0.008139,-0.902274,0.000000,0.000000
460397,0.035090,0.450269,-0.060877,-0.011076,-0.430966,0.008123,-0.902264,0.000000,0.000343
460400,0.035089,0.450269,-0.060875,-0.011083,-0.430971,0.008166,-0.902261,0.000343,0.000000
460404,0.035086,0.450267,-0.060866,-0.011060,-0.430960,0.008045,-0.902268,0.000343,0.000000
460408,0.035091,0.450264,-0.060852,-0.011126,-0.430969,0.008105,-0.902262,0.000343,0.000000
460411,0.035099,0.450266,-0.060842,-0.011143,-0.430959,0.008155,-0.902266,0.000000,0.000000
460415,0.035099,0.450266,-0.060837,-0.011079,-0.430995,0.008081,-0.902250,0.000343,0.000000
460418,0.035103,0.450269,-0.060835,-0.011219,-0.430966,0.008169,-0.902262,0.000343,0.000000
460422,0.035093,0.450266,-0.060841,-0.011064,-0.431014,0.008082,-0.902241,0.000000,0.000000
460425,0.035089,0.450269,-0.060847,-0.011024,-0.430991,0.008107,-0.902252,0.000000,0.000343
460429,0.035084,0.450267,-0.060856,-0.011108,-0.430971,0.008109,-0.902261,0.000000,0.000000
460433,0.035083,0.450267,-0.060864,-0.011030,-0.430994,0.008014,-0.902252,0.000000,0.000000
460436,0.035088,0.450269,-0.060866,-0.011017,-0.430997,0.008072,-0.902250,0.000000,0.000000
460440,0.035098,0.450268,-0.060866,-0.011073,-0.430947,0.008086,-0.902273,0.000000,0.000000
460443,0.035107,0.450267,-0.060862,-0.011069,-0.430948,0.008133,-0.902272,0.000343,0.000000
460447,0.035111,0.450267,-0.060857,-0.011059,-0.430970,0.008089,-0.902262,0.000343,0.000000
460450,0.035116,0.450270,-0.060854,-0.011188,-0.430962,0.008165,-0.902264,0.000000,0.000000
460454,0.035106,0.450265,-0.060854,-0.011052,-0.430992,0.008049,-0.902252,0.000000,0.000000
460457,0.035103,0.450271,-0.060860,-0.011123,-0.430972,0.008117,-0.902260,0.000000,0.000000
460461,0.035095,0.450265,-0.060864,-0.011108,-0.430999,0.008109,-0.902248,0.000000,0.000000
460465,0.035088,0.450267,-0.060872,-0.010986,-0.430971,0.008007,-0.902263,0.000000,0.000000
460468,0.035093,0.450268,-0.060870,-0.011031,-0.430971,0.008028,-0.902263,0.000343,0.000000
460472,0.035097,0.450268,-0.060871,-0.011060,-0.430958,0.008106,-0.902268,0.000343,0.000000
460475,0.035100,0.450266,-0.060866,-0.010997,-0.430965,0.008099,-0.902265,0.000343,-0.000343
460479,0.035104,0.450265,-0.060860,-0.011089,-0.430974,0.008071,-0.902260,0.000343,0.000000
460482,0.035105,0.450265,-0.060861,-0.011110,-0.430961,0.008094,-0.902266,0.000000,0.000000
460486,0.035103,0.450266,-0.060861,-0.011042,-0.430960,0.008024,-0.902268,0.000000,-0.000343
460489,0.035099,0.450268,-0.060863,-0.011034,-0.430965,0.008029,-0.902265,0.000343,0.000000
460493,0.035096,0.450267,-0.060863,-0.011101,-0.430951,0.008086,-0.902271,0.000343,0.000000
460497,0.035089,0.450268,-0.060861,-0.011026,-0.430928,0.008066,-0.902283,0.000343,0.000000
460500,0.035089,0.450265,-0.060854,-0.011052,-0.430975,0.008013,-0.902261,0.000000,0.000000
460504,0.035091,0.450267,-0.060849,-0.011074,-0.430998,0.008129,-0.902248,0.000000,0.000000
460507,0.035090,0.450267,-0.060850,-0.011065,-0.430984,0.008067,-0.902256,0.000000,0.000000
460511,0.035098,0.450266,-0.060853,-0.011142,-0.430981,0.008106,-0.902256,0.000000,0.000000
460514,0.035093,0.450267,-0.060858,-0.011091,-0.430968,0.008105,-0.902263,0.000343,0.000000
460518,0.035095,0.450269,-0.060863,-0.011047,-0.430963,0.008045,-0.902266,0.000343,0.000000
460521,0.035088,0.450267,-0.060868,-0.011055,-0.430947,0.008040,-0.902274,0.000000,0.000000
460525,0.035092,0.450268,-0.060870,-0.011064,-0.430966,0.008101,-0.902264,0.000343,0.000000
460528,0.035093,0.450268,-0.060869,-0.011043,-0.430960,0.008104,-0.902267,0.000343,-0.000343
460532,0.035097,0.450267,-0.060866,-0.011021,-0.430988,0.008071,-0.902254,0.000343,0.000343
460536,0.035104,0.450268,-0.060862,-0.011114,-0.430941,0.008142,-0.902275,0.000000,0.001030
460539,0.035103,0.450266,-0.060859,-0.011050,-0.430964,0.008073,-0.902266,0.000343,0.002747
460543,0.035107,0.450265,-0.060856,-0.011114,-0.430974,0.008141,-0.902259,0.000343,0.016136
460546,0.035103,0.450264,-0.060856,-0.011141,-0.430973,0.008082,-0.902260,0.000000,0.029526
460550,0.035101,0.450266,-0.060856,-0.011095,-0.430966,0.008097,-0.902264,0.000000,0.048752
460553,0.035097,0.450268,-0.060856,-0.011056,-0.430983,0.008047,-0.902257,0.000343,0.069695
460557,0.035095,0.450265,-0.060858,-0.011111,-0.430970,0.008117,-0.902261,0.000000,0.090637
460560,0.035093,0.450267,-0.060859,-0.011044,-0.430971,0.008075,-0.902262,0.000343,0.102997
460564,0.035090,0.450266,-0.060863,-0.011076,-0.430981,0.008068,-0.902257,0.000000,0.112953
460568,0.035094,0.450267,-0.060867,-0.011137,-0.430952,0.008163,-0.902269,0.000343,0.119133
460571,0.035089,0.450268,-0.060872,-0.011038,-0.430957,0.008048,-0.902269,0.000000,0.124969
460575,0.035094,0.450267,-0.060873,-0.011098,-0.430942,0.008135,-0.902274,0.000343,0.135269
460578,0.035089,0.450267,-0.060874,-0.011107,-0.430932,0.008073,-0.902280,0.000000,0.149345
460582,0.035089,0.450268,-0.060871,-0.011047,-0.430952,0.008081,-0.902271,0.000343,0.158958
460585,0.035090,0.450267,-0.060868,-0.011042,-0.430985,0.008008,-0.902256,0.000000,0.181961
460589,0.035095,0.450266,-0.060864,-0.011146,-0.430955,0.008153,-0.902268,0.000000,0.212517
460592,0.035099,0.450265,-0.060861,-0.011085,-0.430995,0.008077,-0.902250,0.000343,0.241699
460596,0.035102,0.450268,-0.060860,-0.011180,-0.430965,0.008111,-0.902263,0.000343,0.282555
460600,0.035103,0.450264,-0.060853,-0.011118,-0.430964,0.008141,-0.902264,0.000000,0.294914
460603,0.035099,0.450266,-0.060851,-0.011046,-0.430982,0.008043,-0.902257,0.000000,0.328903
460606,0.035095,0.450265,-0.060852,-0.011042,-0.430977,0.008042,-0.902259,0.000343,0.351562
460610,0.035097,0.450264,-0.060855,-0.011081,-0.430989,0.008122,-0.902253,0.000343,0.365295
460614,0.035097,0.450267,-0.060863,-0.011026,-0.430972,0.008056,-0.902262,0.000343,0.410957
460617,0.035101,0.450265,-0.060866,-0.011068,-0.430993,0.008084,-0.902251,0.000000,0.452499
460621,0.035102,0.450267,-0.060870,-0.011118,-0.430927,0.008130,-0.902282,0.000000,0.487862
460624,0.035106,0.450269,-0.060871,-0.011147,-0.430942,0.008077,-0.902275,0.000000,0.534897
460628,0.035106,0.450265,-0.060869,-0.011122,-0.430965,0.008157,-0.902263,0.000000,0.573349
460631,0.035108,0.450265,-0.060868,-0.011107,-0.430966,0.008068,-0.902264,0.000343,0.616951
460635,0.035111,0.450267,-0.060865,-0.011087,-0.430954,0.008063,-0.902270,0.000343,0.659866
460639,0.035111,0.450265,-0.060864,-0.011148,-0.430950,0.008131,-0.902270,0.000000,0.703812
460639,0.035111,0.450265,-0.060864,-0.011148,-0.430950,0.008131,-0.902270,0.000343,0.731277
460639,0.035111,0.450265,-0.060864,-0.011148,-0.430950,0.008131,-0.902270,0.000343,0.806465
460639,0.035111,0.450265,-0.060864,-0.011148,-0.430950,0.008131,-0.902270,0.000000,0.856934
460639,0.035111,0.450265,-0.060864,-0.011148,-0.430950,0.008131,-0.902270,0.000343,0.916328
460639,0.035111,0.450265,-0.060864,-0.011148,-0.430950,0.008131,-0.902270,0.000000,0.946198
460639,0.035111,0.450265,-0.060864,-0.011148,-0.430950,0.008131,-0.902270,0.000343,1.015892
460639,0.035111,0.450265,-0.060864,-0.011148,-0.430950,0.008131,-0.902270,0.000000,1.072540
460639,0.035111,0.450265,-0.060864,-0.011148,-0.430950,0.008131,-0.902270,0.000000,1.166267
460639,0.035111,0.450265,-0.060864,-0.011148,-0.430950,0.008131,-0.902270,0.000343,1.196480
460639,0.035111,0.450265,-0.060864,-0.011148,-0.430950,0.008131,-0.902270,0.000343,1.265488
460639,0.035111,0.450265,-0.060864,-0.011148,-0.430950,0.008131,-0.902270,0.000000,1.374664
460639,0.035111,0.450265,-0.060864,-0.011148,-0.430950,0.008131,-0.902270,0.000000,1.460152
460639,0.035111,0.450265,-0.060864,-0.011148,-0.430950,0.008131,-0.902270,0.000000,1.542892
460639,0.035111,0.450265,-0.060864,-0.011148,-0.430950,0.008131,-0.902270,0.000000,1.620140
460639,0.035111,0.450265,-0.060864,-0.011148,-0.430950,0.008131,-0.902270,0.000000,1.708031
460639,0.035111,0.450265,-0.060864,-0.011148,-0.430950,0.008131,-0.902270,0.000000,1.797638
460639,0.035111,0.450265,-0.060864,-0.011148,-0.430950,0.008131,-0.902270,0.000343,1.899948
460639,0.035111,0.450265,-0.060864,-0.011148,-0.430950,0.008131,-0.902270,0.000000,1.982689
460639,0.035111,0.450265,-0.060864,-0.011148,-0.430950,0.008131,-0.902270,0.000343,2.076759
460639,0.035111,0.450265,-0.060864,-0.011148,-0.430950,0.008131,-0.902270,0.000000,2.173576
460639,0.035111,0.450265,-0.060864,-0.011148,-0.430950,0.008131,-0.902270,0.000000,2.274170
460639,0.035111,0.450265,-0.060864,-0.011148,-0.430950,0.008131,-0.902270,0.000000,2.328415
460639,0.035111,0.450265,-0.060864,-0.011148,-0.430950,0.008131,-0.902270,0.000000,2.504196
460639,0.035111,0.450265,-0.060864,-0.011148,-0.430950,0.008131,-0.902270,0.000000,2.611313
460639,0.035111,0.450265,-0.060864,-0.011148,-0.430950,0.008131,-0.902270,0.000000,2.730103
460639,0.035111,0.450265,-0.060864,-0.011148,-0.430950,0.008131,-0.902270,0.000000,2.850952
460639,0.035111,0.450265,-0.060864,-0.011148,-0.430950,0.008131,-0.902270,0.000000,2.913780
460639,0.035111,0.450265,-0.060864,-0.011148,-0.430950,0.008131,-0.902270,0.000343,3.040123
460639,0.035111,0.450265,-0.060864,-0.011148,-0.430950,0.008131,-0.902270,0.000000,3.170586
460745,0.035081,0.450267,-0.060854,-0.011105,-0.430927,0.008088,-0.902282,0.000343,3.385506
460749,0.035074,0.450266,-0.060865,-0.011058,-0.430968,0.008051,-0.902264,0.000000,3.508415
460752,0.035067,0.450271,-0.060874,-0.011004,-0.430948,0.008058,-0.902274,0.000343,3.576393
460756,0.035070,0.450271,-0.060877,-0.011102,-0.430972,0.008098,-0.902261,0.000000,3.807106
460759,0.035070,0.450268,-0.060877,-0.011061,-0.430975,0.008092,-0.902260,0.000000,3.938942
460763,0.035079,0.450267,-0.060869,-0.011067,-0.430957,0.008023,-0.902269,0.000000,4.091034
460766,0.035093,0.450267,-0.060856,-0.011102,-0.430966,0.008065,-0.902264,0.000000,4.267845
460770,0.035101,0.450265,-0.060842,-0.011139,-0.430930,0.008116,-0.902280,0.000000,4.433327
460773,0.035110,0.450263,-0.060830,-0.011158,-0.430967,0.008086,-0.902263,0.000000,4.586449
460777,0.035109,0.450264,-0.060826,-0.011116,-0.430958,0.008097,-0.902267,0.000000,4.757423
460781,0.035104,0.450265,-0.060826,-0.011131,-0.430990,0.008033,-0.902252,0.000000,4.933891
460784,0.035093,0.450267,-0.060836,-0.011070,-0.430972,0.008101,-0.902261,0.000000,5.111389
460788,0.035079,0.450266,-0.060849,-0.011107,-0.430988,0.008078,-0.902253,0.000000,5.288887
460791,0.035066,0.450268,-0.060858,-0.011105,-0.430941,0.008082,-0.902276,0.000000,5.488358
460795,0.035055,0.450269,-0.060870,-0.011067,-0.430928,0.007985,-0.902283,0.000000,5.660706
460799,0.035058,0.450271,-0.060873,-0.011081,-0.430951,0.008046,-0.902271,0.000343,5.856056
460802,0.035060,0.450271,-0.060872,-0.011043,-0.430911,0.008033,-0.902291,0.000000,6.082649
460805,0.035070,0.450272,-0.060866,-0.011064,-0.430923,0.008050,-0.902285,0.000000,6.292076
460809,0.035079,0.450270,-0.060855,-0.011107,-0.430942,0.008076,-0.902275,0.000000,6.482620
460812,0.035088,0.450267,-0.060849,-0.011163,-0.430949,0.008166,-0.902270,0.000000,6.587677
460816,0.035084,0.450266,-0.060840,-0.011118,-0.430928,0.008009,-0.902282,0.000000,6.931000
460820,0.035081,0.450267,-0.060838,-0.011111,-0.430961,0.008070,-0.902266,0.000000,7.128754
460823,0.035074,0.450269,-0.060839,-0.011149,-0.430912,0.008079,-0.902289,0.000000,7.241707
460827,0.035063,0.450269,-0.060846,-0.011048,-0.430949,0.007997,-0.902273,0.000000,7.611122
460830,0.035061,0.450270,-0.060850,-0.011104,-0.430914,0.008089,-0.902288,0.000000,7.731628
460834,0.035054,0.450272,-0.060856,-0.011068,-0.430902,0.008028,-0.902295,0.000000,8.074608
460837,0.035058,0.450272,-0.060854,-0.011033,-0.430914,0.008041,-0.902290,0.000000,8.344803
460841,0.035062,0.450270,-0.060852,-0.011105,-0.430914,0.008046,-0.902289,0.000000,8.572769
460845,0.035073,0.450270,-0.060848,-0.011027,-0.430946,0.008040,-0.902275,0.000000,8.703918
460848,0.035077,0.450268,-0.060844,-0.011054,-0.430936,0.008025,-0.902279,0.000000,9.092903
460852,0.035086,0.450271,-0.060847,-0.011182,-0.430896,0.008095,-0.902296,0.000000,9.384384
460855,0.035085,0.450266,-0.060843,-0.011152,-0.430910,0.008114,-0.902289,0.000000,9.490814
460859,0.035082,0.450270,-0.060850,-0.011035,-0.430931,0.008025,-0.902281,0.000000,9.931984
460862,0.035081,0.450268,-0.060850,-0.011111,-0.430936,0.008118,-0.902278,0.000000,10.183296
460866,0.035070,0.450269,-0.060853,-0.011071,-0.430923,0.007992,-0.902286,0.000000,10.470657
460869,0.035068,0.450271,-0.060858,-0.011055,-0.430918,0.008073,-0.902287,0.000000,10.794411
460873,0.035063,0.450270,-0.060857,-0.011100,-0.430899,0.008046,-0.902296,0.000000,11.090698
460876,0.035063,0.450272,-0.060859,-0.011099,-0.430889,0.008137,-0.902300,-0.000343,11.396942
460880,0.035060,0.450271,-0.060853,-0.011033,-0.430906,0.008036,-0.902294,0.000000,11.671944
460884,0.035065,0.450272,-0.060854,-0.011077,-0.430890,0.008156,-0.902300,0.000000,11.982651
460887,0.035065,0.450270,-0.060850,-0.011086,-0.430877,0.008155,-0.902306,0.000000,12.294388
460891,0.035066,0.450272,-0.060847,-0.011049,-0.430902,0.008145,-0.902294,0.000000,12.600975
460894,0.035069,0.450271,-0.060845,-0.011092,-0.430913,0.008208,-0.902288,0.000000,12.919922
460898,0.035066,0.450270,-0.060843,-0.011060,-0.430908,0.008171,-0.902291,0.000000,13.241959
460901,0.035074,0.450273,-0.060846,-0.011058,-0.430912,0.008215,-0.902289,-0.000343,13.608971
460905,0.035071,0.450272,-0.060847,-0.011118,-0.430863,0.008229,-0.902311,0.000000,13.910751
460909,0.035076,0.450276,-0.060853,-0.011041,-0.430871,0.008297,-0.902308,0.000000,14.252014
460912,0.035072,0.450273,-0.060854,-0.011051,-0.430882,0.008244,-0.902303,0.000000,14.593620
460916,0.035076,0.450274,-0.060855,-0.011074,-0.430878,0.008369,-0.902303,0.000000,14.806137
460919,0.035074,0.450277,-0.060856,-0.011059,-0.430858,0.008337,-0.902313,0.000000,15.296402
460923,0.035073,0.450274,-0.060857,-0.011078,-0.430867,0.008381,-0.902309,0.000000,15.653801
460926,0.035078,0.450275,-0.060859,-0.011124,-0.430883,0.008424,-0.902300,0.000000,15.863228
460930,0.035075,0.450276,-0.060859,-0.011017,-0.430896,0.008394,-0.902296,0.000000,16.187325
460933,0.035079,0.450277,-0.060864,-0.011005,-0.430916,0.008416,-0.902286,0.000000,16.768227
460937,0.035077,0.450275,-0.060863,-0.011096,-0.430881,0.008476,-0.902301,0.000000,17.097473
460940,0.035080,0.450276,-0.060866,-0.011099,-0.430910,0.008583,-0.902286,0.000000,17.280807
460944,0.035077,0.450277,-0.060864,-0.011028,-0.430922,0.008511,-0.902282,0.000000,17.846260
460948,0.035084,0.450278,-0.060866,-0.011121,-0.430908,0.008646,-0.902286,0.000000,18.031654
460951,0.035088,0.450282,-0.060865,-0.011029,-0.430934,0.008594,-0.902275,0.000000,18.609810
460954,0.035088,0.450280,-0.060861,-0.011043,-0.430897,0.008627,-0.902292,0.000000,18.800697
460958,0.035098,0.450279,-0.060857,-0.011066,-0.430962,0.008674,-0.902261,0.000000,19.424515
460962,0.035072,0.450294,-0.060857,-0.010434,-0.430888,0.007970,-0.902310,0.000000,19.817619
460965,0.035086,0.450296,-0.060859,-0.010436,-0.430906,0.008036,-0.902301,-0.000343,20.168839
460969,0.035099,0.450297,-0.060865,-0.010501,-0.430872,0.008216,-0.902314,0.000000,20.573959
460972,0.035098,0.450297,-0.060865,-0.010457,-0.430878,0.008227,-0.902312,-0.000343,20.772400
460976,0.035085,0.450296,-0.060860,-0.010458,-0.430911,0.008193,-0.902297,0.000000,21.382828
460979,0.035076,0.450298,-0.060862,-0.010501,-0.430931,0.008286,-0.902286,-0.000343,21.787605
460983,0.035062,0.450301,-0.060876,-0.010467,-0.430930,0.008295,-0.902286,0.000000,21.998749
460986,0.035057,0.450304,-0.060890,-0.010421,-0.430940,0.008360,-0.902282,-0.000343,22.662392
460990,0.035058,0.450304,-0.060905,-0.010476,-0.430927,0.008499,-0.902286,0.000000,23.035927
460994,0.035058,0.450308,-0.060905,-0.010407,-0.430901,0.008562,-0.902299,0.000000,23.461304
460997,0.035068,0.450307,-0.060897,-0.010447,-0.430924,0.008536,-0.902287,0.000000,23.877411
461001,0.035083,0.450306,-0.060877,-0.010548,-0.430929,0.008712,-0.902282,-0.000343,24.090614
461004,0.035103,0.450306,-0.060868,-0.010495,-0.430942,0.008717,-0.902277,-0.000343,24.727821
461008,0.035131,0.450304,-0.060859,-0.010514,-0.430952,0.008816,-0.902271,0.000000,25.196114
461011,0.035146,0.450309,-0.060861,-0.010588,-0.430913,0.008921,-0.902287,0.000000,25.591965
461015,0.035150,0.450310,-0.060863,-0.010602,-0.430873,0.008966,-0.902306,-0.000343,26.070900
461018,0.035136,0.450306,-0.060866,-0.010486,-0.430909,0.008892,-0.902291,-0.000343,26.465721
461022,0.035117,0.450306,-0.060879,-0.010537,-0.430926,0.009024,-0.902281,0.000000,26.918907
461026,0.035097,0.450309,-0.060897,-0.010432,-0.430929,0.009002,-0.902281,0.000000,27.135887
461029,0.035091,0.450313,-0.060910,-0.010418,-0.430915,0.009034,-0.902287,-0.000343,27.634392
461032,0.035087,0.450312,-0.060915,-0.010497,-0.430933,0.009117,-0.902277,-0.000343,28.077965
461032,0.035087,0.450312,-0.060915,-0.010497,-0.430933,0.009117,-0.902277,-0.000343,28.702469
461032,0.035087,0.450312,-0.060915,-0.010497,-0.430933,0.009117,-0.902277,-0.000343,29.155655
461032,0.035087,0.450312,-0.060915,-0.010497,-0.430933,0.009117,-0.902277,0.000000,29.601631
461032,0.035087,0.450312,-0.060915,-0.010497,-0.430933,0.009117,-0.902277,0.000000,30.099792
461032,0.035087,0.450312,-0.060915,-0.010497,-0.430933,0.009117,-0.902277,-0.000343,30.562935
461032,0.035087,0.450312,-0.060915,-0.010497,-0.430933,0.009117,-0.902277,-0.000343,30.974236
461032,0.035087,0.450312,-0.060915,-0.010497,-0.430933,0.009117,-0.902277,0.000000,31.438408
461032,0.035087,0.450312,-0.060915,-0.010497,-0.430933,0.009117,-0.902277,0.000000,31.678734
461032,0.035087,0.450312,-0.060915,-0.010497,-0.430933,0.009117,-0.902277,-0.000343,32.389069
461032,0.035087,0.450312,-0.060915,-0.010497,-0.430933,0.009117,-0.902277,0.000000,32.859077
461032,0.035087,0.450312,-0.060915,-0.010497,-0.430933,0.009117,-0.902277,-0.000343,33.102150
461032,0.035087,0.450312,-0.060915,-0.010497,-0.430933,0.009117,-0.902277,0.000000,33.848190
461032,0.035087,0.450312,-0.060915,-0.010497,-0.430933,0.009117,-0.902277,-0.000343,34.266014
461032,0.035087,0.450312,-0.060915,-0.010497,-0.430933,0.009117,-0.902277,-0.000343,34.742546
461032,0.035087,0.450312,-0.060915,-0.010497,-0.430933,0.009117,-0.902277,-0.000343,35.260277
461032,0.035087,0.450312,-0.060915,-0.010497,-0.430933,0.009117,-0.902277,-0.000343,35.495796
461032,0.035087,0.450312,-0.060915,-0.010497,-0.430933,0.009117,-0.902277,0.000000,36.217461
461032,0.035087,0.450312,-0.060915,-0.010497,-0.430933,0.009117,-0.902277,-0.000343,36.653137
461032,0.035087,0.450312,-0.060915,-0.010497,-0.430933,0.009117,-0.902277,0.000000,37.131729
461032,0.035087,0.450312,-0.060915,-0.010497,-0.430933,0.009117,-0.902277,0.000000,37.671776
461032,0.035087,0.450312,-0.060915,-0.010497,-0.430933,0.009117,-0.902277,-0.000343,37.864723
461032,0.035087,0.450312,-0.060915,-0.010497,-0.430933,0.009117,-0.902277,-0.000343,38.652306
461032,0.035087,0.450312,-0.060915,-0.010497,-0.430933,0.009117,-0.902277,-0.000343,38.853493
461032,0.035087,0.450312,-0.060915,-0.010497,-0.430933,0.009117,-0.902277,0.000000,39.625282
461032,0.035087,0.450312,-0.060915,-0.010497,-0.430933,0.009117,-0.902277,0.000000,40.059242
461032,0.035087,0.450312,-0.060915,-0.010497,-0.430933,0.009117,-0.902277,0.000000,40.544357
461032,0.035087,0.450312,-0.060915,-0.010497,-0.430933,0.009117,-0.902277,0.000000,41.087837
461032,0.035087,0.450312,-0.060915,-0.010497,-0.430933,0.009117,-0.902277,0.000000,41.325760
461032,0.035087,0.450312,-0.060915,-0.010497,-0.430933,0.009117,-0.902277,0.000000,42.016869
461139,0.035157,0.450317,-0.060894,-0.010562,-0.430844,0.009844,-0.902311,-0.000343,42.327919
461143,0.035159,0.450322,-0.060908,-0.010479,-0.430911,0.009832,-0.902280,-0.000343,43.073959
461146,0.035154,0.450324,-0.060909,-0.010458,-0.430908,0.009820,-0.902282,0.000000,43.510323
461150,0.035153,0.450323,-0.060910,-0.010483,-0.430901,0.009910,-0.902284,0.000000,43.767471
461153,0.035150,0.450325,-0.060905,-0.010452,-0.430915,0.009851,-0.902278,0.000000,44.564667
461157,0.035154,0.450324,-0.060896,-0.010488,-0.430864,0.009887,-0.902302,-0.000343,45.003777
461160,0.035155,0.450320,-0.060890,-0.010546,-0.430894,0.009878,-0.902287,-0.000343,45.303841
461164,0.035160,0.450322,-0.060887,-0.010497,-0.430868,0.009880,-0.902300,-0.000343,45.997696
461168,0.035165,0.450320,-0.060894,-0.010589,-0.430888,0.009937,-0.902289,0.000000,46.547699
461171,0.035161,0.450320,-0.060902,-0.010572,-0.430869,0.009962,-0.902297,0.000000,46.991615
461175,0.035157,0.450322,-0.060915,-0.010473,-0.430928,0.009895,-0.902271,-0.000343,47.545738
461178,0.035148,0.450324,-0.060922,-0.010454,-0.430919,0.009893,-0.902276,-0.000343,47.998238
461182,0.035146,0.450325,-0.060924,-0.010488,-0.430897,0.010005,-0.902285,0.000000,48.488159
461185,0.035141,0.450324,-0.060926,-0.010462,-0.430894,0.009956,-0.902287,0.000000,48.750801
461189,0.035150,0.450323,-0.060922,-0.010550,-0.430840,0.010022,-0.902311,0.000000,49.548340
461192,0.035158,0.450322,-0.060916,-0.010565,-0.430841,0.010066,-0.902310,-0.000343,50.054054
461196,0.035166,0.450325,-0.060913,-0.010435,-0.430855,0.009989,-0.902306,-0.000343,50.246658
461199,0.035169,0.450324,-0.060906,-0.010513,-0.430867,0.010041,-0.902298,-0.000343,51.044540
461203,0.035163,0.450323,-0.060904,-0.010535,-0.430866,0.010111,-0.902298,0.000000,51.502190
461207,0.035154,0.450325,-0.060904,-0.010449,-0.430903,0.010013,-0.902282,-0.000343,51.993141
461210,0.035146,0.450324,-0.060910,-0.010502,-0.430892,0.010062,-0.902286,-0.000343,52.490959
461214,0.035141,0.450327,-0.060918,-0.010469,-0.430851,0.010103,-0.902306,0.000000,52.743645
461217,0.035143,0.450326,-0.060921,-0.010495,-0.430852,0.010124,-0.902305,-0.000343,53.289871
461221,0.035149,0.450326,-0.060924,-0.010494,-0.430860,0.010172,-0.902301,0.000000,53.745804
461224,0.035153,0.450325,-0.060918,-0.010564,-0.430823,0.010215,-0.902317,-0.000343,54.540253
461228,0.035155,0.450324,-0.060916,-0.010413,-0.430902,0.010134,-0.902282,0.000000,55.051117
461231,0.035161,0.450326,-0.060913,-0.010428,-0.430890,0.010194,-0.902287,-0.000343,55.242691
461235,0.035160,0.450326,-0.060915,-0.010496,-0.430868,0.010289,-0.902296,-0.000343,56.039886
461239,0.035161,0.450329,-0.060923,-0.010409,-0.430875,0.010234,-0.902293,-0.000343,56.500626
461242,0.035157,0.450328,-0.060924,-0.010469,-0.430799,0.010275,-0.902329,-0.000343,57.056465
461246,0.035162,0.450330,-0.060932,-0.010434,-0.430823,0.010311,-0.902317,0.000000,57.498322
461249,0.035165,0.450330,-0.060933,-0.010468,-0.430785,0.010357,-0.902334,-0.000343,57.999916
461253,0.035171,0.450331,-0.060931,-0.010505,-0.430833,0.010447,-0.902310,0.000000,58.499451
461256,0.035173,0.450329,-0.060926,-0.010510,-0.430818,0.010514,-0.902317,0.000000,59.035034
461260,0.035167,0.450329,-0.060916,-0.010412,-0.430832,0.010423,-0.902312,-0.000343,59.482040
461264,0.035160,0.450330,-0.060912,-0.010515,-0.430768,0.010510,-0.902340,0.000000,59.990158
461267,0.035155,0.450332,-0.060918,-0.010490,-0.430777,0.010586,-0.902335,-0.000343,60.541534
461271,0.035146,0.450332,-0.060930,-0.010459,-0.430790,0.010568,-0.902330,-0.000343,60.989914
461274,0.035139,0.450332,-0.060940,-0.010451,-0.430740,0.010670,-0.902352,-0.000343,61.306801
461278,0.035139,0.450334,-0.060952,-0.010441,-0.430770,0.010689,-0.902338,-0.000343,62.057304
461281,0.035134,0.450337,-0.060955,-0.010381,-0.430730,0.010716,-0.902358,-0.000343,62.502594
461285,0.035145,0.450337,-0.060953,-0.010446,-0.430758,0.010856,-0.902342,0.000000,62.763863
461288,0.035153,0.450339,-0.060948,-0.010474,-0.430710,0.010921,-0.902364,0.000000,63.554192
461292,0.035167,0.450339,-0.060943,-0.010371,-0.430686,0.010881,-0.902377,0.000000,63.990555
461296,0.035184,0.450338,-0.060936,-0.010455,-0.430663,0.011044,-0.902385,-0.000343,64.479446
461299,0.035189,0.450340,-0.060934,-0.010473,-0.430614,0.011097,-0.902407,0.000000,65.035286
461303,0.035191,0.450341,-0.060934,-0.010430,-0.430669,0.011139,-0.902381,0.000000,65.484352
461306,0.035184,0.450341,-0.060936,-0.010443,-0.430664,0.011212,-0.902382,0.000000,65.977020
461309,0.035178,0.450344,-0.060945,-0.010468,-0.430659,0.011398,-0.902382,-0.000343,66.533890
461313,0.035166,0.450344,-0.060957,-0.010368,-0.430642,0.011298,-0.902393,0.000000,67.010765
461317,0.035166,0.450350,-0.060971,-0.010344,-0.430667,0.011492,-0.902379,-0.000343,67.509956
461320,0.035168,0.450351,-0.060975,-0.010402,-0.430624,0.011560,-0.902397,-0.000343,67.759209
461324,0.035177,0.450353,-0.060973,-0.010302,-0.430622,0.011559,-0.902400,0.000000,68.261147
461327,0.035189,0.450351,-0.060969,-0.010357,-0.430584,0.011675,-0.902416,-0.000343,68.802567
461331,0.035202,0.450351,-0.060955,-0.010367,-0.430574,0.011759,-0.902419,-0.000343,69.487152
461335,0.035217,0.450353,-0.060951,-0.010410,-0.430581,0.011894,-0.902413,0.000000,69.987373
461338,0.035217,0.450352,-0.060950,-0.010422,-0.430597,0.011994,-0.902405,-0.000343,70.226669
461341,0.035221,0.450356,-0.060956,-0.010416,-0.430580,0.012116,-0.902411,0.000000,71.031075
461345,0.035209,0.450358,-0.060967,-0.010351,-0.430567,0.012132,-0.902418,0.000000,71.528549
461349,0.035202,0.450360,-0.060986,-0.010353,-0.430544,0.012319,-0.902426,-0.000343,71.998901
461352,0.035193,0.450363,-0.060996,-0.010353,-0.430562,0.012376,-0.902417,0.000000,72.511826
461356,0.035189,0.450366,-0.061005,-0.010273,-0.430594,0.012439,-0.902402,0.000000,72.999001
461359,0.035194,0.450367,-0.061008,-0.010326,-0.430577,0.012573,-0.902407,0.000000,73.549347
461363,0.035201,0.450366,-0.061007,-0.010305,-0.430597,0.012663,-0.902397,0.000000,73.753967
461366,0.035215,0.450370,-0.061008,-0.010304,-0.430625,0.012811,-0.902381,0.000000,74.549103
461370,0.035233,0.450369,-0.061003,-0.010379,-0.430599,0.012972,-0.902390,-0.000343,74.992676
461374,0.035253,0.450372,-0.061004,-0.010299,-0.430570,0.013128,-0.902403,-0.000343,75.540276
461377,0.035259,0.450372,-0.061004,-0.010298,-0.430553,0.013230,-0.902410,-0.000343,76.031914
461381,0.035278,0.450378,-0.061009,-0.010347,-0.430573,0.013514,-0.902395,-0.000343,76.285286
461384,0.035280,0.450380,-0.061008,-0.010301,-0.430555,0.013619,-0.902403,0.000000,76.998367
461387,0.035283,0.450381,-0.061012,-0.010289,-0.430540,0.013743,-0.902408,0.000000,77.559357
461391,0.035296,0.450383,-0.061019,-0.010330,-0.430607,0.013952,-0.902373,0.000000,78.050308
461395,0.035299,0.450384,-0.061027,-0.010253,-0.430573,0.014041,-0.902388,-0.000343,78.531647
461398,0.035309,0.450386,-0.061032,-0.010279,-0.430604,0.014234,-0.902370,-0.000343,79.002342
461402,0.035318,0.450387,-0.061036,-0.010337,-0.430579,0.014481,-0.902378,0.000000,79.509087
461405,0.035328,0.450390,-0.061037,-0.010284,-0.430600,0.014608,-0.902366,-0.000343,80.054283
461409,0.035336,0.450394,-0.061036,-0.010250,-0.430612,0.014707,-0.902359,0.000000,80.496826
461412,0.035346,0.450395,-0.061041,-0.010266,-0.430554,0.014890,-0.902384,0.000000,81.044426
461416,0.035358,0.450395,-0.061045,-0.010271,-0.430607,0.015063,-0.902355,-0.000343,81.284752
461420,0.035369,0.450397,-0.061055,-0.010294,-0.430568,0.015284,-0.902370,0.000000,82.021523
461423,0.035378,0.450400,-0.061060,-0.010299,-0.430606,0.015493,-0.902348,0.000000,82.489815
461427,0.035376,0.450403,-0.061071,-0.010240,-0.430569,0.015675,-0.902363,0.000000,82.988319
461430,0.035374,0.450402,-0.061078,-0.010257,-0.430593,0.015817,-0.902350,0.000000,83.252678
461434,0.035379,0.450408,-0.061088,-0.010270,-0.430578,0.016114,-0.902351,0.000000,84.053650
461437,0.035385,0.450412,-0.061097,-0.010284,-0.430564,0.016272,-0.902355,0.000000,84.522285
461441,0.035390,0.450414,-0.061105,-0.010246,-0.430589,0.016445,-0.902340,-0.000343,85.018387
461445,0.035406,0.450415,-0.061108,-0.010223,-0.430594,0.016743,-0.902333,0.000000,85.319824
461448,0.035419,0.450417,-0.061106,-0.010240,-0.430607,0.016881,-0.902324,0.000000,86.041832
461452,0.035437,0.450415,-0.061107,-0.010229,-0.430601,0.017092,-0.902323,-0.000343,86.231346
461455,0.035456,0.450417,-0.061105,-0.010273,-0.430594,0.017258,-0.902322,0.000000,87.011375
461459,0.035469,0.450420,-0.061107,-0.010189,-0.430566,0.017432,-0.902333,-0.000343,87.482414
461462,0.035481,0.450422,-0.061110,-0.010178,-0.430607,0.017631,-0.902310,0.000000,87.761536
461466,0.035492,0.450423,-0.061118,-0.010197,-0.430593,0.018006,-0.902309,0.000000,88.239098
461469,0.035506,0.450428,-0.061131,-0.010145,-0.430615,0.018277,-0.902294,0.000000,88.823090
461473,0.035520,0.450431,-0.061144,-0.010126,-0.430606,0.018555,-0.902293,-0.000343,89.574966
461476,0.035533,0.450436,-0.061153,-0.010141,-0.430605,0.018862,-0.902286,0.000000,90.033302
461480,0.035554,0.450439,-0.061163,-0.010123,-0.430618,0.019257,-0.902272,-0.000343,90.564423
461483,0.035568,0.450440,-0.061166,-0.010126,-0.430638,0.019488,-0.902257,0.000000,90.995293
461487,0.035593,0.450446,-0.061171,-0.010182,-0.430653,0.019935,-0.902240,0.000000,91.297417
461491,0.035620,0.450448,-0.061175,-0.010178,-0.430594,0.020416,-0.902257,-0.000343,92.027321
461494,0.035644,0.450451,-0.061182,-0.010215,-0.430626,0.020853,-0.902232,0.000000,92.495956
461498,0.035669,0.450458,-0.061195,-0.010286,-0.430617,0.021474,-0.902221,0.000000,92.992744
461501,0.035686,0.450464,-0.061206,-0.010225,-0.430630,0.021862,-0.902206,-0.000343,93.538628
461505,0.035698,0.450468,-0.061224,-0.010260,-0.430625,0.022246,-0.902199,0.000000,94.035072
461509,0.035715,0.450473,-0.061241,-0.010245,-0.430612,0.022765,-0.902192,-0.000343,94.506798
461512,0.035726,0.450481,-0.061255,-0.010186,-0.430593,0.023103,-0.902193,0.000000,95.014572
461516,0.035755,0.450484,-0.061271,-0.010244,-0.430580,0.023685,-0.902183,0.000000,95.497627
461519,0.035779,0.450487,-0.061280,-0.010274,-0.430575,0.024120,-0.902174,0.000000,96.045570
461523,0.035815,0.450494,-0.061285,-0.010256,-0.430605,0.024706,-0.902144,0.000000,96.502876
461526,0.035845,0.450496,-0.061287,-0.010278,-0.430588,0.025131,-0.902140,-0.000343,97.050476
461530,0.035878,0.450500,-0.061292,-0.010368,-0.430572,0.025732,-0.902130,0.000000,97.502632
461533,0.035897,0.450502,-0.061299,-0.010380,-0.430586,0.026032,-0.902114,-0.000343,97.743988
461537,0.035918,0.450505,-0.061314,-0.010354,-0.430535,0.026477,-0.902126,-0.000343,98.537750
461540,0.035937,0.450509,-0.061329,-0.010367,-0.430522,0.026947,-0.902118,0.000000,98.980293
461544,0.035970,0.450522,-0.061352,-0.010353,-0.430521,0.027670,-0.902097,-0.000343,99.491501
461547,0.035994,0.450528,-0.061367,-0.010311,-0.430513,0.028196,-0.902085,-0.000343,100.056610
461551,0.036040,0.450532,-0.061385,-0.010350,-0.430515,0.028990,-0.902059,0.000000,100.490913
461555,0.036076,0.450537,-0.061398,-0.010276,-0.430518,0.029611,-0.902038,-0.000343,101.038170
461558,0.036115,0.450540,-0.061402,-0.010313,-0.430544,0.030206,-0.902005,0.000000,101.552124
461562,0.036149,0.450543,-0.061412,-0.010408,-0.430492,0.030823,-0.902008,0.000000,102.014580
461565,0.036178,0.450548,-0.061420,-0.010369,-0.430528,0.031246,-0.901977,0.000000,102.513084
461569,0.036201,0.450551,-0.061436,-0.010346,-0.430464,0.031736,-0.901991,0.000000,102.757874
461572,0.036216,0.450556,-0.061449,-0.010370,-0.430480,0.032082,-0.901970,-0.000343,103.288651
461576,0.036229,0.450563,-0.061467,-0.010296,-0.430505,0.032538,-0.901943,0.000000,104.025764
461579,0.036237,0.450566,-0.061478,-0.010297,-0.430505,0.032838,-0.901932,0.000000,104.477234
461583,0.036259,0.450567,-0.061493,-0.010362,-0.430510,0.033433,-0.901907,0.000000,104.708977
461587,0.036290,0.450577,-0.061507,-0.010359,-0.430500,0.034083,-0.901887,-0.000343,105.477333
461590,0.036333,0.450582,-0.061522,-0.010349,-0.430526,0.034839,-0.901846,0.000000,105.742378
461594,0.036405,0.450596,-0.061551,-0.010446,-0.430436,0.036397,-0.901827,0.000000,106.318817
461597,0.036491,0.450609,-0.061587,-0.010455,-0.430413,0.037972,-0.901772,0.000000,107.038422
461601,0.036582,0.450623,-0.061630,-0.010532,-0.430317,0.039682,-0.901744,0.000000,107.539673
461604,0.036628,0.450631,-0.061653,-0.010501,-0.430346,0.040601,-0.901689,-0.000343,107.785835
461608,0.036684,0.450637,-0.061676,-0.010527,-0.430335,0.041662,-0.901646,0.000000,108.550415
461611,0.036716,0.450644,-0.061692,-0.010555,-0.430312,0.042356,-0.901624,0.000000,108.969955
461615,0.036759,0.450643,-0.061704,-0.010579,-0.430314,0.043104,-0.901587,0.000000,109.459877
461618,0.036782,0.450650,-0.061712,-0.010536,-0.430284,0.043517,-0.901583,0.000000,109.689903
461622,0.036820,0.450655,-0.061723,-0.010502,-0.430318,0.044083,-0.901539,0.000000,110.464096
461626,0.036856,0.450660,-0.061738,-0.010536,-0.430281,0.044876,-0.901518,0.000000,110.962944
461629,0.036884,0.450664,-0.061749,-0.010546,-0.430278,0.045270,-0.901499,0.000000,111.500244
461633,0.036915,0.450669,-0.061765,-0.010561,-0.430209,0.045914,-0.901499,0.000000,112.093163
461636,0.036945,0.450674,-0.061782,-0.010577,-0.430207,0.046557,-0.901467,0.000000,112.557678
461640,0.036987,0.450679,-0.061805,-0.010589,-0.430228,0.047509,-0.901407,0.000000,113.079185
461643,0.037026,0.450686,-0.061829,-0.010582,-0.430137,0.048310,-0.901408,0.000000,113.547478
461647,0.037078,0.450695,-0.061853,-0.010647,-0.430152,0.049344,-0.901344,0.000000,113.982468
461651,0.037114,0.450700,-0.061872,-0.010585,-0.430132,0.050085,-0.901314,0.000000,114.473419
461654,0.037147,0.450705,-0.061882,-0.010597,-0.430116,0.050661,-0.901289,0.000000,114.713745
461658,0.037180,0.450711,-0.061896,-0.010599,-0.430123,0.051479,-0.901239,0.000000,115.532570
461661,0.037212,0.450715,-0.061903,-0.010619,-0.430078,0.051970,-0.901232,0.000000,115.963097
461665,0.037245,0.450719,-0.061920,-0.010618,-0.430085,0.052658,-0.901189,0.000000,116.528549
461668,0.037279,0.450722,-0.061938,-0.010655,-0.430065,0.053353,-0.901157,0.000000,117.017097
461671,0.037312,0.450729,-0.061957,-0.010651,-0.430072,0.054037,-0.901113,0.000000,117.533798
461675,0.037359,0.450736,-0.061987,-0.010618,-0.430019,0.055076,-0.901076,0.000343,118.064232
461679,0.037424,0.450745,-0.062017,-0.010668,-0.429992,0.056254,-0.901015,0.000000,118.501968
461682,0.037455,0.450754,-0.062034,-0.010646,-0.429956,0.056948,-0.900989,0.000000,119.008369
461686,0.037509,0.450759,-0.062053,-0.010703,-0.429866,0.057770,-0.900979,0.000000,119.492798
461689,0.037527,0.450764,-0.062061,-0.010662,-0.429838,0.058186,-0.900966,0.000000,120.036964
461693,0.037562,0.450769,-0.062065,-0.010647,-0.429885,0.058730,-0.900908,0.000000,120.486031
461697,0.037591,0.450771,-0.062074,-0.010684,-0.429873,0.059242,-0.900880,0.000000,120.965652
461700,0.037613,0.450774,-0.062080,-0.010717,-0.429862,0.059647,-0.900859,0.000000,121.463127
461704,0.037640,0.450779,-0.062095,-0.010608,-0.429849,0.060060,-0.900838,0.000000,121.792374
461707,0.037659,0.450780,-0.062107,-0.010654,-0.429837,0.060465,-0.900816,0.000000,122.291908
461711,0.037687,0.450787,-0.062120,-0.010595,-0.429837,0.060936,-0.900785,0.000000,123.068161
461714,0.037701,0.450788,-0.062129,-0.010562,-0.429835,0.061195,-0.900770,0.000000,123.500061
461718,0.037723,0.450788,-0.062136,-0.010609,-0.429841,0.061657,-0.900735,0.000000,123.757210
461721,0.037741,0.450792,-0.062146,-0.010570,-0.429841,0.062050,-0.900708,0.000000,124.558525
461725,0.037774,0.450796,-0.062161,-0.010568,-0.429858,0.062645,-0.900659,0.000000,125.050850
461729,0.037802,0.450797,-0.062178,-0.010637,-0.429795,0.063256,-0.900645,0.000000,125.495796
461732,0.037824,0.450799,-0.062190,-0.010600,-0.429788,0.063806,-0.900610,0.000000,125.973358
461736,0.037854,0.450803,-0.062208,-0.010530,-0.429794,0.064463,-0.900561,0.000000,126.232910
461739,0.037871,0.450806,-0.062221,-0.010512,-0.429749,0.064945,-0.900548,-0.000343,126.733131
461743,0.037898,0.450809,-0.062239,-0.010558,-0.429782,0.065640,-0.900482,0.000000,127.547493
461746,0.037921,0.450812,-0.062253,-0.010551,-0.429781,0.066142,-0.900446,0.000000,127.988319
461750,0.037955,0.450815,-0.062269,-0.010596,-0.429785,0.066752,-0.900398,0.000000,128.495064
461753,0.037981,0.450818,-0.062282,-0.010615,-0.429739,0.067312,-0.900378,0.000000,128.782768
461757,0.038026,0.450821,-0.062297,-0.010571,-0.429752,0.068048,-0.900317,0.000000,129.582367
461760,0.038073,0.450826,-0.062311,-0.010595,-0.429693,0.068998,-0.900273,0.000000,130.034866
461764,0.038204,0.450830,-0.062358,-0.010594,-0.429565,0.071410,-0.900146,0.000000,130.517921
461767,0.038302,0.450838,-0.062396,-0.010702,-0.429518,0.073026,-0.900037,0.000000,131.000977
461771,0.038352,0.450846,-0.062419,-0.010662,-0.429488,0.073957,-0.899976,0.000000,131.243019
461775,0.038417,0.450850,-0.062445,-0.010788,-0.429452,0.075005,-0.899905,0.000000,132.012749
461778,0.038443,0.450857,-0.062457,-0.010779,-0.429421,0.075704,-0.899861,0.000000,132.491684
461782,0.038495,0.450859,-0.062475,-0.010918,-0.429356,0.076769,-0.899801,0.000000,132.987785
461785,0.038553,0.450864,-0.062501,-0.010958,-0.429313,0.077832,-0.899729,0.000000,133.237724
461789,0.038612,0.450870,-0.062536,-0.010908,-0.429323,0.078977,-0.899625,0.000000,134.001961
461793,0.038655,0.450873,-0.062562,-0.010852,-0.429234,0.079828,-0.899594,0.000000,134.537201
461796,0.038691,0.450873,-0.062582,-0.010823,-0.429188,0.080403,-0.899564,0.000000,135.035019
461800,0.038738,0.450874,-0.062596,-0.010819,-0.429184,0.081134,-0.899501,0.000000,135.559959
461803,0.038772,0.450874,-0.062606,-0.010831,-0.429123,0.081790,-0.899470,0.000343,135.990486
461807,0.038820,0.450876,-0.062617,-0.010855,-0.429171,0.082840,-0.899351,0.000343,136.475945
461810,0.038854,0.450880,-0.062633,-0.010856,-0.429068,0.083625,-0.899327,0.000000,137.022514
461814,0.038913,0.450884,-0.062659,-0.010958,-0.429006,0.084788,-0.899247,0.000000,137.537155
461817,0.038947,0.450890,-0.062685,-0.011031,-0.428941,0.085543,-0.899206,0.000000,137.721519
461821,0.038973,0.450899,-0.062709,-0.010956,-0.428963,0.086232,-0.899130,0.000343,138.238564
461824,0.038990,0.450898,-0.062730,-0.010970,-0.428917,0.086744,-0.899103,0.000343,138.991814
461828,0.039020,0.450904,-0.062754,-0.010921,-0.428930,0.087563,-0.899018,0.000343,139.514351
461831,0.039048,0.450908,-0.062764,-0.010931,-0.428927,0.088107,-0.898966,0.000343,140.021782
461835,0.039089,0.450911,-0.062779,-0.010970,-0.428891,0.088773,-0.898917,0.000343,140.549469
461839,0.039132,0.450911,-0.062784,-0.010957,-0.428879,0.089523,-0.898849,0.000343,140.986519
461842,0.039167,0.450916,-0.062792,-0.010913,-0.428836,0.090086,-0.898813,0.000343,141.493607
461846,0.039225,0.450909,-0.062808,-0.010983,-0.428788,0.090987,-0.898744,0.000343,141.744919
461849,0.039270,0.450911,-0.062823,-0.010941,-0.428792,0.091713,-0.898669,0.000000,142.552414
461853,0.039324,0.450914,-0.062845,-0.010962,-0.428744,0.092586,-0.898603,0.000000,143.009377
461857,0.039370,0.450916,-0.062871,-0.010938,-0.428690,0.093580,-0.898525,0.000343,143.492775
461860,0.039403,0.450918,-0.062889,-0.010916,-0.428690,0.094239,-0.898457,0.000343,143.756104
461863,0.039439,0.450923,-0.062907,-0.010954,-0.428638,0.094958,-0.898406,0.000343,144.498024
461867,0.039478,0.450926,-0.062929,-0.011029,-0.428570,0.095772,-0.898351,0.000343,145.011292
461870,0.039514,0.450927,-0.062947,-0.011010,-0.428566,0.096427,-0.898283,0.000000,145.233078
461874,0.039560,0.450934,-0.062971,-0.011020,-0.428494,0.097262,-0.898227,0.000000,146.020660
461878,0.039623,0.450935,-0.062993,-0.011093,-0.428437,0.098401,-0.898129,0.000343,146.487579
461881,0.039671,0.450935,-0.063012,-0.011131,-0.428402,0.099244,-0.898053,0.000343,146.798286
461885,0.039718,0.450937,-0.063027,-0.011044,-0.428371,0.100081,-0.897975,0.000343,147.515831
461888,0.039742,0.450937,-0.063037,-0.011077,-0.428340,0.100580,-0.897934,0.000000,147.807999
461892,0.039770,0.450939,-0.063053,-0.011006,-0.428358,0.101224,-0.897854,0.000000,148.295174
461895,0.039791,0.450939,-0.063063,-0.010947,-0.428379,0.101615,-0.897801,0.000343,149.036407
461899,0.039815,0.450940,-0.063080,-0.010971,-0.428313,0.102188,-0.897767,0.000343,149.475517
461902,0.039835,0.450939,-0.063090,-0.010960,-0.428329,0.102663,-0.897705,0.000000,150.030327
461906,0.039862,0.450943,-0.063111,-0.010924,-0.428284,0.103260,-0.897659,0.000343,150.248337
461910,0.039898,0.450944,-0.063128,-0.010941,-0.428306,0.104059,-0.897556,0.000343,151.023216
461913,0.039926,0.450947,-0.063148,-0.010925,-0.428280,0.104593,-0.897506,0.000343,151.490822
461917,0.039962,0.450950,-0.063163,-0.010865,-0.428271,0.105241,-0.897435,0.000343,152.071037
461920,0.039990,0.450948,-0.063175,-0.010927,-0.428221,0.105741,-0.897400,0.000343,152.535896
461924,0.040031,0.450951,-0.063183,-0.010898,-0.428222,0.106478,-0.897312,0.000343,153.076973
461927,0.040070,0.450952,-0.063188,-0.010941,-0.428233,0.107014,-0.897243,0.000343,153.563118
461931,0.040115,0.450955,-0.063195,-0.011019,-0.428225,0.107811,-0.897150,0.000343,154.038277
461934,0.040147,0.450952,-0.063202,-0.011005,-0.428182,0.108268,-0.897116,0.000000,154.468460
461938,0.040182,0.450954,-0.063217,-0.010929,-0.428190,0.108866,-0.897041,0.000343,154.976234
461941,0.040208,0.450954,-0.063233,-0.010917,-0.428131,0.109360,-0.897009,0.000000,155.519371
461945,0.040251,0.450957,-0.063258,-0.010980,-0.428143,0.110231,-0.896896,0.000343,155.944748
461949,0.040283,0.450957,-0.063288,-0.010942,-0.428071,0.111027,-0.896833,0.000343,156.482048
461952,0.040315,0.450958,-0.063310,-0.010961,-0.428041,0.111632,-0.896771,0.000000,156.750183
461956,0.040353,0.450963,-0.063336,-0.010921,-0.428029,0.112472,-0.896673,0.000343,157.555618
461959,0.040388,0.450960,-0.063351,-0.010865,-0.428006,0.113051,-0.896612,0.000343,158.028717
461963,0.040435,0.450960,-0.063366,-0.010913,-0.427933,0.113934,-0.896534,0.000000,158.563614
461966,0.040466,0.450961,-0.063372,-0.010911,-0.427907,0.114421,-0.896485,0.000343,159.041176
461970,0.040508,0.450959,-0.063382,-0.010936,-0.427894,0.115116,-0.896401,0.000343,159.476852
461973,0.040532,0.450962,-0.063393,-0.010912,-0.427840,0.115620,-0.896363,0.000343,159.970551
461977,0.040563,0.450962,-0.063409,-0.010944,-0.427856,0.116350,-0.896260,0.000000,160.516090
461981,0.040586,0.450964,-0.063431,-0.010938,-0.427780,0.116980,-0.896215,0.000343,161.014595
461984,0.040607,0.450967,-0.063447,-0.010968,-0.427778,0.117454,-0.896153,0.000343,161.528206
461988,0.040634,0.450969,-0.063471,-0.010907,-0.427780,0.118175,-0.896058,0.000343,162.022591
461991,0.040663,0.450971,-0.063487,-0.010908,-0.427765,0.118729,-0.895992,0.000000,162.247124
461995,0.040709,0.450972,-0.063506,-0.010956,-0.427714,0.119563,-0.895905,0.000000,163.072472
461998,0.040742,0.450973,-0.063519,-0.010950,-0.427705,0.120086,-0.895839,0.000000,163.501282
462002,0.040793,0.450970,-0.063533,-0.010885,-0.427660,0.120861,-0.895757,0.000343,164.006653
462005,0.040829,0.450970,-0.063538,-0.010910,-0.427603,0.121442,-0.895706,0.000000,164.538803
462009,0.040879,0.450970,-0.063548,-0.010838,-0.427623,0.122193,-0.895595,0.000343,164.990273
462013,0.040923,0.450970,-0.063564,-0.010877,-0.427511,0.122962,-0.895543,0.000000,165.531006
462016,0.040955,0.450968,-0.063577,-0.010850,-0.427493,0.123480,-0.895480,0.000000,166.017838
462020,0.040994,0.450969,-0.063599,-0.010822,-0.427470,0.124142,-0.895400,0.000343,166.515312
462023,0.041017,0.450969,-0.063615,-0.010851,-0.427421,0.124613,-0.895358,0.000000,167.004890
462027,0.041046,0.450967,-0.063639,-0.010894,-0.427425,0.125376,-0.895249,0.000343,167.527771
462030,0.041067,0.450968,-0.063651,-0.010880,-0.427399,0.125735,-0.895211,0.000000,168.010139
462034,0.041093,0.450969,-0.063668,-0.010889,-0.427355,0.126286,-0.895154,0.000343,168.493195
462038,0.041119,0.450970,-0.063680,-0.010875,-0.427342,0.126805,-0.895087,0.000343,169.045601
462041,0.041138,0.450969,-0.063687,-0.010867,-0.427327,0.127149,-0.895045,0.000343,169.496727
462044,0.041153,0.450970,-0.063695,-0.010910,-0.427304,0.127477,-0.895010,0.000000,170.034714
462048,0.041180,0.450969,-0.063705,-0.010918,-0.427264,0.128060,-0.894945,0.000000,170.472107
462052,0.041208,0.450967,-0.063723,-0.010894,-0.427281,0.128614,-0.894858,0.000000,170.963402
462055,0.041233,0.450967,-0.063736,-0.010909,-0.427212,0.129102,-0.894821,0.000000,171.237030
462059,0.041272,0.450967,-0.063755,-0.010932,-0.427193,0.129918,-0.894711,0.000343,172.033195
462062,0.041303,0.450967,-0.063770,-0.010875,-0.427166,0.130498,-0.894640,0.000343,172.527580
462066,0.041352,0.450966,-0.063786,-0.010907,-0.427070,0.131339,-0.894563,0.000343,173.079643
462069,0.041384,0.450964,-0.063796,-0.010944,-0.427026,0.131930,-0.894496,0.000343,173.502274
462073,0.041430,0.450964,-0.063809,-0.010870,-0.427057,0.132768,-0.894358,0.000343,174.053993
462076,0.041460,0.450963,-0.063821,-0.010881,-0.427066,0.133327,-0.894271,0.000000,174.521942
462080,0.041498,0.450960,-0.063844,-0.010927,-0.426982,0.134174,-0.894184,0.000343,175.012894
462083,0.041532,0.450961,-0.063865,-0.010879,-0.426967,0.134813,-0.894095,0.000343,175.248070
462087,0.041574,0.450962,-0.063896,-0.010893,-0.426880,0.135643,-0.894011,0.000000,176.025352
462091,0.041615,0.450962,-0.063920,-0.010866,-0.426841,0.136413,-0.893913,0.000343,176.460342
462094,0.041645,0.450961,-0.063937,-0.010857,-0.426834,0.136983,-0.893829,0.000343,176.977386
462097,0.041676,0.450960,-0.063948,-0.010830,-0.426765,0.137498,-0.893784,0.000000,177.556915
462101,0.041721,0.450957,-0.063955,-0.010884,-0.426703,0.138207,-0.893703,0.000343,178.062286
462105,0.041771,0.450957,-0.063961,-0.010866,-0.426716,0.138955,-0.893581,0.000000,178.473930
462108,0.041809,0.450953,-0.063966,-0.010867,-0.426664,0.139536,-0.893515,0.000000,179.041443
462112,0.041862,0.450950,-0.063987,-0.010944,-0.426604,0.140678,-0.893364,0.000000,179.529991
462115,0.041904,0.450946,-0.064006,-0.010939,-0.426593,0.141577,-0.893227,0.000343,180.028152
462119,0.041979,0.450944,-0.064051,-0.011028,-0.426431,0.143268,-0.893034,0.000343,180.501938
462122,0.042050,0.450938,-0.064097,-0.011051,-0.426310,0.144754,-0.892852,0.000343,180.758743
462126,0.042178,0.450941,-0.064128,-0.010744,-0.425300,0.146002,-0.893134,0.000343,181.301537
462130,0.042265,0.450933,-0.064180,-0.010812,-0.425139,0.147888,-0.892900,0.000343,181.994019
462133,0.042329,0.450931,-0.064207,-0.010813,-0.425091,0.148989,-0.892739,0.000000,182.509689
462137,0.042382,0.450929,-0.064223,-0.010779,-0.425030,0.149933,-0.892610,0.000343,183.058319
462140,0.042436,0.450926,-0.064230,-0.010811,-0.424978,0.150739,-0.892499,0.000343,183.484383
462144,0.042493,0.450922,-0.064235,-0.010888,-0.424941,0.151725,-0.892349,0.000000,183.979111
462147,0.042525,0.450921,-0.064239,-0.010892,-0.424869,0.152245,-0.892294,0.000343,184.245872
462151,0.042573,0.450920,-0.064252,-0.010942,-0.424761,0.153027,-0.892211,0.000000,185.010452
462155,0.042614,0.450921,-0.064277,-0.010884,-0.424777,0.153862,-0.892061,0.000000,185.545006
462158,0.042644,0.450922,-0.064295,-0.010820,-0.424756,0.154427,-0.891974,0.000000,186.040764
462162,0.042673,0.450919,-0.064320,-0.010849,-0.424672,0.155203,-0.891879,0.000000,186.248817
462165,0.042707,0.450916,-0.064339,-0.010836,-0.424623,0.155903,-0.891780,0.000343,187.053223
462169,0.042754,0.450913,-0.064360,-0.010785,-0.424594,0.156767,-0.891643,0.000000,187.556534
462173,0.042798,0.450908,-0.064377,-0.010786,-0.424537,0.157596,-0.891524,0.000343,187.750168
462176,0.042836,0.450906,-0.064386,-0.010825,-0.424486,0.158198,-0.891441,0.000000,188.487282
462180,0.042876,0.450903,-0.064405,-0.010792,-0.424417,0.158911,-0.891348,0.000000,189.027328
462183,0.042914,0.450897,-0.064419,-0.010827,-0.424324,0.159567,-0.891275,0.000000,189.236412
462186,0.042946,0.450897,-0.064435,-0.010806,-0.424276,0.160181,-0.891188,0.000000,190.048370
462190,0.042988,0.450894,-0.064457,-0.010766,-0.424323,0.161093,-0.891001,0.000343,190.478554
462194,0.043030,0.450890,-0.064480,-0.010866,-0.424169,0.162011,-0.890907,0.000000,190.982895
462197,0.043059,0.450887,-0.064499,-0.010825,-0.424127,0.162702,-0.890802,0.000343,191.253433
462201,0.043089,0.450886,-0.064518,-0.010766,-0.424109,0.163351,-0.890692,0.000000,191.799660
462204,0.043108,0.450889,-0.064531,-0.010825,-0.423997,0.163766,-0.890668,0.000343,192.562523
462208,0.043140,0.450887,-0.064548,-0.010817,-0.423989,0.164448,-0.890547,0.000343,193.003006
462212,0.043176,0.450883,-0.064568,-0.010879,-0.423877,0.165237,-0.890453,0.000000,193.492241
462215,0.043212,0.450880,-0.064585,-0.010894,-0.423831,0.165929,-0.890346,0.000343,193.976326
462218,0.043243,0.450878,-0.064598,-0.010892,-0.423796,0.166508,-0.890255,0.000000,194.527359
462222,0.043281,0.450878,-0.064615,-0.010831,-0.423772,0.167141,-0.890148,0.000000,195.001144
462226,0.043324,0.450873,-0.064624,-0.010906,-0.423667,0.167914,-0.890052,0.000343,195.487976
462229,0.043355,0.450870,-0.064636,-0.010941,-0.423643,0.168508,-0.889950,0.000343,196.036949
462233,0.043390,0.450866,-0.064647,-0.010858,-0.423596,0.169025,-0.889876,0.000000,196.546440
462236,0.043418,0.450865,-0.064655,-0.010872,-0.423558,0.169516,-0.889801,0.000343,197.018852
462240,0.043448,0.450861,-0.064668,-0.010849,-0.423580,0.170048,-0.889689,0.000000,197.516670
462243,0.043470,0.450861,-0.064678,-0.010817,-0.423551,0.170489,-0.889618,0.000000,197.760429
462247,0.043491,0.450857,-0.064690,-0.010906,-0.423501,0.170999,-0.889543,0.000343,198.291550
462250,0.043510,0.450854,-0.064702,-0.010878,-0.423495,0.171427,-0.889464,0.000000,198.791084
462254,0.043536,0.450854,-0.064719,-0.010832,-0.423424,0.171965,-0.889395,0.000343,199.523735
462257,0.043560,0.450849,-0.064735,-0.010877,-0.423410,0.172533,-0.889291,0.000000,199.766808
462261,0.043601,0.450846,-0.064758,-0.010876,-0.423350,0.173324,-0.889166,0.000000,200.257759
462265,0.043636,0.450845,-0.064775,-0.010861,-0.423328,0.173929,-0.889058,0.000343,200.777893
462268,0.043659,0.450843,-0.064789,-0.010874,-0.423238,0.174434,-0.889002,0.000343,201.315880
462272,0.043698,0.450837,-0.064808,-0.010899,-0.423247,0.175217,-0.888843,0.000000,201.819191
462275,0.043730,0.450835,-0.064824,-0.010928,-0.423170,0.175858,-0.888753,0.000000,202.310143
462279,0.043777,0.450827,-0.064846,-0.010952,-0.423053,0.176794,-0.888622,0.000343,203.014641
462283,0.043823,0.450824,-0.064870,-0.010865,-0.423023,0.177638,-0.888470,0.000000,203.499069
462286,0.043857,0.450824,-0.064883,-0.010853,-0.422938,0.178274,-0.888383,0.000000,203.984184
462289,0.043892,0.450818,-0.064896,-0.010932,-0.422892,0.179013,-0.888255,0.000343,204.481316
462293,0.043941,0.450815,-0.064915,-0.010873,-0.422903,0.179888,-0.888074,0.000000,205.038528
462297,0.043980,0.450809,-0.064926,-0.010925,-0.422817,0.180537,-0.887983,0.000343,205.488625
462300,0.044004,0.450806,-0.064934,-0.010961,-0.422783,0.181089,-0.887886,0.000343,205.964127
462304,0.044035,0.450801,-0.064944,-0.010905,-0.422764,0.181694,-0.887772,0.000000,206.250458
462307,0.044057,0.450799,-0.064957,-0.010923,-0.422743,0.182157,-0.887687,0.000000,207.010574
462311,0.044087,0.450796,-0.064978,-0.010987,-0.422614,0.182873,-0.887600,0.000343,207.538605
462314,0.044113,0.450794,-0.064996,-0.010991,-0.422588,0.183364,-0.887512,0.000000,207.759018
462318,0.044139,0.450795,-0.065022,-0.010918,-0.422538,0.183910,-0.887423,0.000000,208.270569
462321,0.044166,0.450791,-0.065038,-0.010961,-0.422498,0.184468,-0.887326,0.000343,209.047165
462325,0.044209,0.450792,-0.065054,-0.010777,-0.422667,0.185190,-0.887097,0.000000,209.533310
462328,0.044242,0.450785,-0.065069,-0.010769,-0.422603,0.185777,-0.887005,0.000343,210.036278
462332,0.044287,0.450779,-0.065080,-0.010822,-0.422483,0.186566,-0.886896,0.000000,210.489464
462336,0.044336,0.450776,-0.065095,-0.010769,-0.422440,0.187395,-0.886742,0.000343,211.028824
462339,0.044371,0.450765,-0.065112,-0.010875,-0.422272,0.188026,-0.886687,0.000343,211.244431
462343,0.044420,0.450761,-0.065128,-0.010757,-0.422270,0.189025,-0.886477,0.000000,212.043343
462346,0.044464,0.450754,-0.065145,-0.010731,-0.422230,0.189892,-0.886311,0.000000,212.580299
462350,0.044517,0.450746,-0.065177,-0.010720,-0.422098,0.191021,-0.886132,0.000000,213.073311
462354,0.044569,0.450736,-0.065205,-0.010716,-0.422003,0.192245,-0.885912,0.000000,213.548813
462357,0.044605,0.450732,-0.065228,-0.010717,-0.421949,0.193001,-0.885774,0.000343,213.771629
462360,0.044641,0.450729,-0.065248,-0.010691,-0.421885,0.193777,-0.885635,0.000000,214.306183
462364,0.044691,0.450723,-0.065266,-0.010766,-0.421714,0.194689,-0.885516,0.000343,215.049133
462368,0.044740,0.450721,-0.065289,-0.010673,-0.421693,0.195587,-0.885329,0.000000,215.495796
462371,0.044775,0.450711,-0.065299,-0.010706,-0.421649,0.196208,-0.885212,0.000000,216.034126
462375,0.044828,0.450706,-0.065313,-0.010760,-0.421570,0.197108,-0.885049,0.000000,216.521645
462378,0.044862,0.450701,-0.065324,-0.010749,-0.421530,0.197665,-0.884944,-0.000343,216.981010
462382,0.044903,0.450694,-0.065339,-0.010804,-0.421400,0.198399,-0.884841,0.000343,217.507668
462385,0.044928,0.450689,-0.065349,-0.010829,-0.421359,0.198929,-0.884741,0.000000,217.720528
462389,0.044964,0.450686,-0.065367,-0.010778,-0.421370,0.199611,-0.884583,0.000000,218.247185
462392,0.044985,0.450682,-0.065380,-0.010773,-0.421286,0.200094,-0.884513,0.000000,219.011765
462396,0.045027,0.450676,-0.065400,-0.010793,-0.421211,0.200936,-0.884358,0.000000,219.521599
462399,0.045061,0.450669,-0.065420,-0.010816,-0.421179,0.201619,-0.884218,0.000000,220.066109
462403,0.045103,0.450664,-0.065446,-0.010789,-0.421078,0.202468,-0.884072,0.000000,220.550194
462407,0.045157,0.450654,-0.065468,-0.010809,-0.421034,0.203550,-0.883845,0.000000,220.988960
462410,0.045189,0.450651,-0.065483,-0.010790,-0.420996,0.204104,-0.883735,0.000000,221.477165
462414,0.045229,0.450643,-0.065499,-0.010842,-0.420880,0.204896,-0.883606,0.000000,221.979790
462417,0.045261,0.450637,-0.065516,-0.010849,-0.420774,0.205582,-0.883497,0.000000,222.552452
462421,0.045307,0.450626,-0.065545,-0.010897,-0.420704,0.206510,-0.883314,0.000000,223.054390
462425,0.045355,0.450619,-0.065561,-0.010833,-0.420657,0.207461,-0.883114,0.000000,223.470154
462428,0.045380,0.450617,-0.065576,-0.010812,-0.420623,0.207943,-0.883017,0.000343,224.034576
462432,0.045408,0.450606,-0.065599,-0.010862,-0.420514,0.208540,-0.882928,0.000000,224.570160
462435,0.045430,0.450600,-0.065607,-0.010856,-0.420462,0.209017,-0.882840,0.000000,225.080338
462439,0.045464,0.450595,-0.065625,-0.010857,-0.420404,0.209771,-0.882688,0.000000,225.503654
462442,0.045494,0.450590,-0.065636,-0.010862,-0.420346,0.210328,-0.882583,0.000000,225.989113
462446,0.045533,0.450583,-0.065653,-0.010877,-0.420254,0.211131,-0.882435,0.000000,226.527100
462449,0.045560,0.450579,-0.065664,-0.010928,-0.420192,0.211634,-0.882344,0.000343,227.024574
462453,0.045595,0.450576,-0.065678,-0.010865,-0.420178,0.212190,-0.882217,0.000000,227.497673
462457,0.045627,0.450568,-0.065690,-0.010994,-0.420095,0.212939,-0.882075,0.000000,227.994118
462460,0.045653,0.450564,-0.065701,-0.010971,-0.420090,0.213339,-0.881981,0.000000,228.536568
462463,0.045677,0.450561,-0.065715,-0.010921,-0.420075,0.213734,-0.881893,0.000000,228.981514
462467,0.045702,0.450557,-0.065728,-0.011021,-0.419966,0.214241,-0.881821,0.000000,229.547997
462470,0.045726,0.450554,-0.065737,-0.011060,-0.419891,0.214722,-0.881739,0.000000,230.072594
462474,0.045757,0.450552,-0.065755,-0.010998,-0.419888,0.215286,-0.881604,-0.000343,230.551872
462478,0.045789,0.450544,-0.065771,-0.011039,-0.419816,0.216026,-0.881456,0.000000,230.988579
462481,0.045811,0.450540,-0.065787,-0.011028,-0.419774,0.216465,-0.881369,0.000000,231.498413
462485,0.045843,0.450534,-0.065802,-0.010965,-0.419751,0.217004,-0.881248,0.000000,231.996574
462488,0.045867,0.450528,-0.065815,-0.010992,-0.419702,0.217507,-0.881147,0.000000,232.249260
462492,0.045898,0.450524,-0.065829,-0.011037,-0.419595,0.218256,-0.881012,0.000000,232.790680
462495,0.045921,0.450517,-0.065841,-0.011021,-0.419572,0.218662,-0.880923,0.000000,233.482819
462499,0.045955,0.450510,-0.065861,-0.011088,-0.419430,0.219320,-0.880826,0.000000,234.024925
462503,0.045992,0.450503,-0.065876,-0.011030,-0.419421,0.220072,-0.880643,0.000000,234.498711
462506,0.046018,0.450505,-0.065891,-0.010912,-0.419401,0.220456,-0.880558,0.000000,235.015068
462510,0.046048,0.450493,-0.065902,-0.011057,-0.419273,0.221098,-0.880457,0.000000,235.548248
462513,0.046073,0.450493,-0.065912,-0.010975,-0.419261,0.221509,-0.880360,0.000000,235.974655
462517,0.046103,0.450483,-0.065923,-0.011013,-0.419194,0.222048,-0.880256,0.000000,236.301155
462520,0.046130,0.450477,-0.065930,-0.011035,-0.419096,0.222485,-0.880192,0.000000,236.791763
462524,0.046160,0.450471,-0.065941,-0.011049,-0.419055,0.223210,-0.880028,0.000000,237.511024
462528,0.046192,0.450462,-0.065951,-0.011020,-0.418962,0.223756,-0.879933,0.000000,238.056908
462531,0.046219,0.450458,-0.065962,-0.010989,-0.418926,0.224248,-0.879825,0.000000,238.497047
462535,0.046255,0.450451,-0.065975,-0.010920,-0.418928,0.224922,-0.879653,0.000000,238.761063
462538,0.046284,0.450449,-0.065985,-0.010846,-0.418919,0.225406,-0.879535,0.000000,239.529762
462541,0.046306,0.450443,-0.065999,-0.010895,-0.418823,0.225872,-0.879460,0.000000,240.008354
462545,0.046345,0.450433,-0.066019,-0.010907,-0.418741,0.226740,-0.879276,0.000000,240.538101
462549,0.046387,0.450431,-0.066044,-0.010885,-0.418637,0.227539,-0.879119,0.000000,240.968285
462552,0.046412,0.450419,-0.066063,-0.010921,-0.418563,0.228080,-0.879014,0.000000,241.259422
462556,0.046465,0.450409,-0.066090,-0.010900,-0.418486,0.229180,-0.878765,0.000000,242.022285
462559,0.046505,0.450404,-0.066109,-0.010877,-0.418445,0.229871,-0.878604,0.000000,242.584991
462563,0.046543,0.450396,-0.066124,-0.010941,-0.418314,0.230614,-0.878471,0.000000,243.023071
462567,0.046585,0.450388,-0.066141,-0.010912,-0.418276,0.231290,-0.878312,0.000000,243.306313
462570,0.046617,0.450382,-0.066151,-0.010954,-0.418208,0.231830,-0.878201,0.000000,243.795204
462573,0.046641,0.450377,-0.066165,-0.010958,-0.418102,0.232405,-0.878100,0.000000,244.470520
462577,0.046689,0.450364,-0.066186,-0.011010,-0.418026,0.233413,-0.877868,0.000000,244.983101
462581,0.046726,0.450358,-0.066211,-0.010974,-0.417896,0.234169,-0.877729,0.000000,245.529671
462584,0.046756,0.450349,-0.066229,-0.011017,-0.417821,0.234850,-0.877582,0.000000,246.006889
462588,0.046807,0.450336,-0.066251,-0.010946,-0.417759,0.235903,-0.877330,0.000000,246.526680
462591,0.046849,0.450326,-0.066270,-0.010969,-0.417651,0.236717,-0.877162,0.000000,247.045441
462595,0.046911,0.450312,-0.066289,-0.011042,-0.417511,0.237860,-0.876918,0.000000,247.561798
462598,0.046951,0.450307,-0.066302,-0.011028,-0.417421,0.238542,-0.876776,0.000000,248.082962
462602,0.047005,0.450296,-0.066322,-0.011011,-0.417349,0.239419,-0.876571,0.000000,248.558807
462605,0.047036,0.450292,-0.066333,-0.011037,-0.417237,0.239948,-0.876480,-0.000343,248.988991
462609,0.047075,0.450280,-0.066350,-0.011045,-0.417175,0.240762,-0.876286,0.000000,249.286995
462612,0.047105,0.450274,-0.066365,-0.011006,-0.417149,0.241293,-0.876152,0.000000,249.773140
462616,0.047133,0.450268,-0.066380,-0.011072,-0.416968,0.241927,-0.876063,0.000000,250.523987
462620,0.047165,0.450260,-0.066398,-0.011008,-0.416967,0.242554,-0.875891,-0.000343,250.956917
462623,0.047188,0.450256,-0.066411,-0.011012,-0.416863,0.243079,-0.875795,-0.000343,251.255264
462627,0.047230,0.450243,-0.066436,-0.011079,-0.416735,0.244032,-0.875590,0.000000,252.066536
462630,0.047263,0.450236,-0.066452,-0.011090,-0.416687,0.244726,-0.875419,0.000000,252.552681
462634,0.047299,0.450228,-0.066472,-0.011078,-0.416580,0.245398,-0.875282,-0.000343,253.078651
462637,0.047322,0.450223,-0.066485,-0.011071,-0.416519,0.245828,-0.875190,0.000000,253.318291
462641,0.047350,0.450215,-0.066499,-0.011086,-0.416450,0.246486,-0.875038,0.000000,253.762207
462645,0.047377,0.450208,-0.066508,-0.011087,-0.416396,0.246967,-0.874928,0.000000,254.289894
462648,0.047395,0.450203,-0.066513,-0.011150,-0.416307,0.247419,-0.874842,-0.000343,255.026321
462651,0.047415,0.450199,-0.066526,-0.011156,-0.416259,0.247833,-0.874748,0.000000,255.535469
462655,0.047445,0.450195,-0.066539,-0.011087,-0.416252,0.248263,-0.874630,-0.000343,255.969086
462659,0.047476,0.450187,-0.066556,-0.011175,-0.416125,0.248907,-0.874506,0.000000,256.474800
462662,0.047500,0.450182,-0.066570,-0.011194,-0.416072,0.249317,-0.874414,0.000000,256.755638
462666,0.047528,0.450176,-0.066581,-0.011172,-0.416004,0.249915,-0.874276,0.000000,257.536354
462669,0.047553,0.450169,-0.066594,-0.011197,-0.415899,0.250467,-0.874168,0.000000,257.755394
462673,0.047590,0.450158,-0.066607,-0.011144,-0.415868,0.251224,-0.873966,0.000000,258.538513
462676,0.047620,0.450150,-0.066619,-0.011126,-0.415846,0.251786,-0.873815,0.000000,258.760300
462680,0.047659,0.450140,-0.066634,-0.011178,-0.415685,0.252534,-0.873675,-0.000343,259.543762
462684,0.047696,0.450130,-0.066652,-0.011152,-0.415678,0.253173,-0.873494,0.000000,259.993172
462687,0.047734,0.450122,-0.066667,-0.011145,-0.415602,0.253798,-0.873348,0.000000,260.229721
462691,0.047771,0.450107,-0.066684,-0.011226,-0.415420,0.254681,-0.873177,-0.000343,260.726509
462694,0.047813,0.450098,-0.066703,-0.011202,-0.415384,0.255394,-0.872986,0.000000,261.471519
462698,0.047843,0.450092,-0.066717,-0.011189,-0.415290,0.255929,-0.872874,0.000000,261.996117
462701,0.047868,0.450087,-0.066731,-0.011213,-0.415211,0.256510,-0.872741,-0.000343,262.300301
462705,0.047902,0.450078,-0.066746,-0.011227,-0.415173,0.257101,-0.872585,-0.000343,263.023682
462709,0.047933,0.450072,-0.066756,-0.011189,-0.415127,0.257671,-0.872439,-0.000343,263.497124
462712,0.047954,0.450065,-0.066765,-0.011229,-0.415057,0.258224,-0.872309,-0.000343,263.770752
462715,0.047976,0.450058,-0.066774,-0.011199,-0.415043,0.258690,-0.872177,0.000000,264.248657
462719,0.048003,0.450056,-0.066790,-0.011126,-0.414973,0.259182,-0.872066,0.000000,264.992638
462723,0.048029,0.450045,-0.066809,-0.011169,-0.414876,0.259784,-0.871932,-0.000343,265.528908
462726,0.048049,0.450038,-0.066823,-0.011135,-0.414858,0.260188,-0.871821,0.000000,266.028786
462730,0.048074,0.450033,-0.066838,-0.011130,-0.414774,0.260624,-0.871730,-0.000343,266.525917
462733,0.048096,0.450025,-0.066850,-0.011153,-0.414693,0.261090,-0.871629,0.000000,266.983910
462737,0.048123,0.450019,-0.066864,-0.011085,-0.414734,0.261613,-0.871454,0.000000,267.287750
462740,0.048152,0.450012,-0.066871,-0.011142,-0.414630,0.262070,-0.871365,-0.000343,268.059883
462744,0.048188,0.450001,-0.066879,-0.011203,-0.414497,0.262780,-0.871214,-0.000343,268.470497
462748,0.048220,0.449994,-0.066883,-0.011115,-0.414491,0.263228,-0.871082,0.000000,268.775024
462751,0.048246,0.449985,-0.066888,-0.011154,-0.414407,0.263808,-0.870946,0.000000,269.325371
462755,0.048282,0.449974,-0.066908,-0.011174,-0.414316,0.264456,-0.870793,0.000000,270.029869
462758,0.048310,0.449966,-0.066922,-0.011204,-0.414226,0.264969,-0.870679,-0.000343,270.493355
462762,0.048335,0.449961,-0.066939,-0.011215,-0.414131,0.265538,-0.870551,-0.000343,270.981903
462765,0.048362,0.449954,-0.066958,-0.011236,-0.414053,0.266131,-0.870407,-0.000343,271.240082
462769,0.048397,0.449945,-0.066977,-0.011154,-0.414012,0.266824,-0.870215,-0.000343,272.025261
462772,0.048460,0.449907,-0.066992,-0.012109,-0.413714,0.268868,-0.869715,0.000000,272.515526
462776,0.048515,0.449893,-0.067015,-0.012148,-0.413560,0.269861,-0.869480,-0.000343,273.071365
462779,0.048547,0.449881,-0.067026,-0.012171,-0.413509,0.270508,-0.869303,-0.000343,273.492622
462783,0.048591,0.449872,-0.067043,-0.012103,-0.413446,0.271167,-0.869129,-0.000343,273.778267
462786,0.048620,0.449864,-0.067051,-0.012161,-0.413309,0.271719,-0.869020,-0.000343,274.541817
462790,0.048651,0.449849,-0.067076,-0.012125,-0.413268,0.272341,-0.868846,-0.000343,275.015945
462794,0.048676,0.449838,-0.067090,-0.012172,-0.413140,0.272955,-0.868713,-0.000343,275.233269
462797,0.048693,0.449830,-0.067104,-0.012177,-0.413076,0.273457,-0.868586,0.000000,275.737953
462801,0.048711,0.449824,-0.067130,-0.012053,-0.413088,0.273955,-0.868425,-0.000343,276.491203
462804,0.048733,0.449820,-0.067140,-0.012084,-0.413001,0.274387,-0.868329,-0.000343,277.046013
462808,0.048761,0.449812,-0.067157,-0.012113,-0.412925,0.274989,-0.868175,-0.000343,277.509499
462811,0.048786,0.449805,-0.067166,-0.012124,-0.412862,0.275377,-0.868082,0.000000,278.054695
462815,0.048816,0.449796,-0.067170,-0.012123,-0.412857,0.275848,-0.867934,-0.000343,278.539810
462818,0.048838,0.449790,-0.067171,-0.012145,-0.412778,0.276232,-0.867849,-0.000343,278.981323
462822,0.048865,0.449784,-0.067171,-0.012119,-0.412791,0.276620,-0.867720,0.000000,279.534760
462825,0.048883,0.449779,-0.067177,-0.012089,-0.412767,0.276999,-0.867611,-0.000343,280.052147
462829,0.048907,0.449769,-0.067183,-0.012184,-0.412638,0.277561,-0.867491,0.000000,280.224152
462833,0.048938,0.449766,-0.067202,-0.012076,-0.412644,0.278080,-0.867324,-0.000343,281.027527
462836,0.048958,0.449759,-0.067217,-0.012124,-0.412547,0.278527,-0.867226,0.000000,281.545944
462840,0.048991,0.449753,-0.067239,-0.012100,-0.412505,0.279205,-0.867028,-0.000343,282.020760
462843,0.049013,0.449742,-0.067253,-0.012140,-0.412450,0.279670,-0.866904,-0.000343,282.314987
462847,0.049057,0.449725,-0.067268,-0.012196,-0.412326,0.280601,-0.866661,0.000000,283.015709
462850,0.049113,0.449710,-0.067293,-0.012216,-0.412108,0.281826,-0.866367,-0.000343,283.496704
462854,0.049225,0.449669,-0.067337,-0.012230,-0.411864,0.283914,-0.865801,-0.000343,283.979759
462857,0.049316,0.449646,-0.067377,-0.012279,-0.411632,0.285477,-0.865396,-0.000343,284.533882
462861,0.049395,0.449616,-0.067414,-0.012398,-0.411314,0.287018,-0.865036,0.000000,285.016937
462865,0.049447,0.449598,-0.067444,-0.012321,-0.411191,0.287934,-0.864792,-0.000343,285.498962
462868,0.049471,0.449588,-0.067454,-0.012300,-0.411143,0.288474,-0.864634,-0.000343,285.747185
462872,0.049512,0.449572,-0.067468,-0.012312,-0.411039,0.289315,-0.864403,-0.000343,286.259766
462875,0.049534,0.449562,-0.067477,-0.012290,-0.410990,0.289797,-0.864265,-0.000343,287.057991
462879,0.049566,0.449551,-0.067491,-0.012322,-0.410847,0.290432,-0.864119,0.000000,287.511177
462883,0.049605,0.449538,-0.067512,-0.012280,-0.410780,0.291222,-0.863886,0.000000,287.757339
462886,0.049633,0.449529,-0.067526,-0.012322,-0.410671,0.291708,-0.863773,0.000000,288.541832
462889,0.049664,0.449521,-0.067542,-0.012342,-0.410596,0.292256,-0.863623,0.000000,288.984718
462893,0.049697,0.449505,-0.067556,-0.012427,-0.410464,0.293049,-0.863416,-0.000343,289.483223
462896,0.049727,0.449497,-0.067569,-0.012349,-0.410451,0.293700,-0.863202,0.000000,289.708786
462900,0.049760,0.449486,-0.067582,-0.012430,-0.410304,0.294390,-0.863036,-0.000343,290.543404
462904,0.049799,0.449470,-0.067602,-0.012380,-0.410247,0.295240,-0.862773,-0.000343,290.947151
462907,0.049833,0.449465,-0.067618,-0.012358,-0.410170,0.295886,-0.862589,0.000000,291.264038
462911,0.049878,0.449448,-0.067643,-0.012344,-0.410001,0.296793,-0.862357,0.000000,291.758423
462914,0.049914,0.449439,-0.067662,-0.012332,-0.409896,0.297542,-0.862150,0.000000,292.554245
462918,0.049966,0.449418,-0.067684,-0.012354,-0.409783,0.298573,-0.861846,-0.000343,293.024597
462921,0.050056,0.449391,-0.067722,-0.012397,-0.409553,0.300148,-0.861408,-0.000343,293.278999
462925,0.050142,0.449356,-0.067751,-0.012518,-0.409318,0.301880,-0.860913,-0.000343,293.773727
462928,0.050193,0.449336,-0.067776,-0.012457,-0.409259,0.302862,-0.860597,0.000000,294.534874
462932,0.050263,0.449312,-0.067802,-0.012516,-0.408978,0.304157,-0.860273,-0.000343,295.002823
462936,0.050329,0.449294,-0.067836,-0.012379,-0.408925,0.305463,-0.859837,-0.000343,295.491028
462939,0.050363,0.449279,-0.067856,-0.012348,-0.408833,0.306112,-0.859650,-0.000343,295.959663
462939,0.050363,0.449279,-0.067856,-0.012348,-0.408833,0.306112,-0.859650,-0.000343,296.245308
462939,0.050363,0.449279,-0.067856,-0.012348,-0.408833,0.306112,-0.859650,-0.000343,297.040443
462939,0.050363,0.449279,-0.067856,-0.012348,-0.408833,0.306112,-0.859650,0.000000,297.528992
462939,0.050363,0.449279,-0.067856,-0.012348,-0.408833,0.306112,-0.859650,0.000000,297.752151
462939,0.050363,0.449279,-0.067856,-0.012348,-0.408833,0.306112,-0.859650,-0.000343,298.498535
462939,0.050363,0.449279,-0.067856,-0.012348,-0.408833,0.306112,-0.859650,-0.000343,299.005280
462939,0.050363,0.449279,-0.067856,-0.012348,-0.408833,0.306112,-0.859650,0.000000,299.493828
462939,0.050363,0.449279,-0.067856,-0.012348,-0.408833,0.306112,-0.859650,-0.000343,299.739304
462939,0.050363,0.449279,-0.067856,-0.012348,-0.408833,0.306112,-0.859650,-0.000343,300.540619
462939,0.050363,0.449279,-0.067856,-0.012348,-0.408833,0.306112,-0.859650,-0.000343,300.964622
462939,0.050363,0.449279,-0.067856,-0.012348,-0.408833,0.306112,-0.859650,-0.000343,301.238594
462939,0.050363,0.449279,-0.067856,-0.012348,-0.408833,0.306112,-0.859650,-0.000343,302.041969
462939,0.050363,0.449279,-0.067856,-0.012348,-0.408833,0.306112,-0.859650,-0.000343,302.583733
462939,0.050363,0.449279,-0.067856,-0.012348,-0.408833,0.306112,-0.859650,-0.000343,303.014259
462939,0.050363,0.449279,-0.067856,-0.012348,-0.408833,0.306112,-0.859650,-0.000343,303.282051
462939,0.050363,0.449279,-0.067856,-0.012348,-0.408833,0.306112,-0.859650,0.000000,303.781929
462939,0.050363,0.449279,-0.067856,-0.012348,-0.408833,0.306112,-0.859650,-0.000343,304.512863
462939,0.050363,0.449279,-0.067856,-0.012348,-0.408833,0.306112,-0.859650,-0.000343,305.052910
462939,0.050363,0.449279,-0.067856,-0.012348,-0.408833,0.306112,-0.859650,-0.000343,305.496140
462939,0.050363,0.449279,-0.067856,-0.012348,-0.408833,0.306112,-0.859650,-0.000343,305.972672
462939,0.050363,0.449279,-0.067856,-0.012348,-0.408833,0.306112,-0.859650,0.000000,306.234627
462939,0.050363,0.449279,-0.067856,-0.012348,-0.408833,0.306112,-0.859650,0.000000,307.019119
462939,0.050363,0.449279,-0.067856,-0.012348,-0.408833,0.306112,-0.859650,-0.000343,307.507324
462939,0.050363,0.449279,-0.067856,-0.012348,-0.408833,0.306112,-0.859650,-0.000343,307.722244
462939,0.050363,0.449279,-0.067856,-0.012348,-0.408833,0.306112,-0.859650,-0.000343,308.547249
462939,0.050363,0.449279,-0.067856,-0.012348,-0.408833,0.306112,-0.859650,-0.000343,309.012794
462939,0.050363,0.449279,-0.067856,-0.012348,-0.408833,0.306112,-0.859650,0.000000,309.524002
462939,0.050363,0.449279,-0.067856,-0.012348,-0.408833,0.306112,-0.859650,0.000000,310.019417
462939,0.050363,0.449279,-0.067856,-0.012348,-0.408833,0.306112,-0.859650,0.000000,310.549850
463046,0.051502,0.448823,-0.068378,-0.012695,-0.405428,0.328942,-0.852798,-0.000343,310.984497
463049,0.051532,0.448810,-0.068396,-0.012703,-0.405350,0.329550,-0.852600,0.000000,311.469955
463053,0.051564,0.448794,-0.068415,-0.012663,-0.405293,0.330275,-0.852347,0.000000,311.974640
463056,0.051591,0.448783,-0.068424,-0.012665,-0.405202,0.330774,-0.852197,-0.000343,312.506447
463060,0.051626,0.448764,-0.068441,-0.012742,-0.405065,0.331638,-0.851925,-0.000343,312.715874
463063,0.051652,0.448752,-0.068448,-0.012733,-0.405040,0.332105,-0.851755,0.000000,313.275833
463067,0.051686,0.448743,-0.068463,-0.012707,-0.404917,0.332694,-0.851584,-0.000343,314.034233
463071,0.051714,0.448727,-0.068471,-0.012754,-0.404794,0.333347,-0.851386,-0.000343,314.531364
463074,0.051738,0.448718,-0.068484,-0.012694,-0.404789,0.333826,-0.851202,-0.000343,315.030556
463078,0.051765,0.448705,-0.068497,-0.012754,-0.404615,0.334439,-0.851043,-0.000343,315.258522
463081,0.051785,0.448698,-0.068514,-0.012734,-0.404565,0.334867,-0.850899,0.000000,316.039238
463081,0.051785,0.448698,-0.068514,-0.012734,-0.404565,0.334867,-0.850899,0.000000,316.474571
463081,0.051785,0.448698,-0.068514,-0.012734,-0.404565,0.334867,-0.850899,-0.000343,316.977882
463081,0.051785,0.448698,-0.068514,-0.012734,-0.404565,0.334867,-0.850899,0.000000,317.539558
463081,0.051785,0.448698,-0.068514,-0.012734,-0.404565,0.334867,-0.850899,-0.000343,317.989311
463081,0.051785,0.448698,-0.068514,-0.012734,-0.404565,0.334867,-0.850899,0.000000,318.470993
463081,0.051785,0.448698,-0.068514,-0.012734,-0.404565,0.334867,-0.850899,0.000000,318.766251
463081,0.051785,0.448698,-0.068514,-0.012734,-0.404565,0.334867,-0.850899,-0.000343,319.547653
463081,0.051785,0.448698,-0.068514,-0.012734,-0.404565,0.334867,-0.850899,-0.000343,320.031052
463081,0.051785,0.448698,-0.068514,-0.012734,-0.404565,0.334867,-0.850899,0.000000,320.245628
463081,0.051785,0.448698,-0.068514,-0.012734,-0.404565,0.334867,-0.850899,0.000000,320.757866
463081,0.051785,0.448698,-0.068514,-0.012734,-0.404565,0.334867,-0.850899,0.000000,321.493263
463081,0.051785,0.448698,-0.068514,-0.012734,-0.404565,0.334867,-0.850899,0.000000,321.992111
463081,0.051785,0.448698,-0.068514,-0.012734,-0.404565,0.334867,-0.850899,-0.000343,322.553101
463081,0.051785,0.448698,-0.068514,-0.012734,-0.404565,0.334867,-0.850899,0.000000,323.010406
463081,0.051785,0.448698,-0.068514,-0.012734,-0.404565,0.334867,-0.850899,-0.000343,323.489685
463081,0.051785,0.448698,-0.068514,-0.012734,-0.404565,0.334867,-0.850899,0.000000,323.755074
463081,0.051785,0.448698,-0.068514,-0.012734,-0.404565,0.334867,-0.850899,0.000000,324.501114
463081,0.051785,0.448698,-0.068514,-0.012734,-0.404565,0.334867,-0.850899,-0.000343,324.788475
463081,0.051785,0.448698,-0.068514,-0.012734,-0.404565,0.334867,-0.850899,0.000000,325.488167
463081,0.051785,0.448698,-0.068514,-0.012734,-0.404565,0.334867,-0.850899,0.000000,325.968819
463081,0.051785,0.448698,-0.068514,-0.012734,-0.404565,0.334867,-0.850899,0.000000,326.247940
463081,0.051785,0.448698,-0.068514,-0.012734,-0.404565,0.334867,-0.850899,-0.000343,327.055779
463081,0.051785,0.448698,-0.068514,-0.012734,-0.404565,0.334867,-0.850899,-0.000343,327.516518
463081,0.051785,0.448698,-0.068514,-0.012734,-0.404565,0.334867,-0.850899,0.000000,327.752037
463081,0.051785,0.448698,-0.068514,-0.012734,-0.404565,0.334867,-0.850899,0.000000,328.556099
463081,0.051785,0.448698,-0.068514,-0.012734,-0.404565,0.334867,-0.850899,0.000000,328.978386
463081,0.051785,0.448698,-0.068514,-0.012734,-0.404565,0.334867,-0.850899,0.000000,329.482040
463081,0.051785,0.448698,-0.068514,-0.012734,-0.404565,0.334867,-0.850899,-0.000343,330.049553
463081,0.051785,0.448698,-0.068514,-0.012734,-0.404565,0.334867,-0.850899,0.000000,330.482826
463188,0.052740,0.448253,-0.068978,-0.013046,-0.401455,0.354546,-0.844370,0.000000,330.972404
463191,0.052767,0.448238,-0.068992,-0.012987,-0.401370,0.355130,-0.844166,0.000000,331.491165
463195,0.052799,0.448216,-0.069026,-0.013160,-0.401102,0.356164,-0.843855,-0.000343,332.065887
463198,0.052832,0.448197,-0.069043,-0.013213,-0.400952,0.356915,-0.843608,0.000000,332.531776
463202,0.052887,0.448177,-0.069070,-0.013170,-0.400819,0.357841,-0.843279,0.000000,333.023071
463205,0.052918,0.448158,-0.069087,-0.013190,-0.400687,0.358607,-0.843017,0.000000,333.509216
463209,0.052977,0.448127,-0.069105,-0.013539,-0.400392,0.359897,-0.842601,0.000000,334.039650
463213,0.053028,0.448102,-0.069128,-0.013554,-0.400179,0.360956,-0.842249,0.000000,334.477043
463216,0.053075,0.448074,-0.069150,-0.013627,-0.399987,0.361964,-0.841906,0.000000,334.995117
463220,0.053138,0.448039,-0.069186,-0.013559,-0.399798,0.363287,-0.841427,0.000000,335.544090
463223,0.053219,0.448021,-0.069186,-0.013315,-0.399795,0.364157,-0.841057,0.000000,335.955734
463227,0.053284,0.447983,-0.069224,-0.013348,-0.399525,0.365572,-0.840571,0.000000,336.474152
463230,0.053334,0.447956,-0.069239,-0.013651,-0.399263,0.366735,-0.840184,0.000000,337.073936
463234,0.053399,0.447919,-0.069274,-0.013615,-0.399053,0.368099,-0.839687,0.000000,337.555618
463237,0.053443,0.447895,-0.069293,-0.013646,-0.398868,0.369022,-0.839369,0.000000,337.774315
463241,0.053493,0.447871,-0.069310,-0.013596,-0.398774,0.370006,-0.838982,0.000000,338.511429
463245,0.053526,0.447851,-0.069327,-0.013657,-0.398565,0.370675,-0.838785,0.000000,339.041176
463248,0.053554,0.447838,-0.069338,-0.013655,-0.398523,0.371222,-0.838563,0.000000,339.470673
463251,0.053575,0.447828,-0.069353,-0.013675,-0.398445,0.371665,-0.838403,0.000000,340.020332
463255,0.053606,0.447816,-0.069369,-0.013607,-0.398445,0.372139,-0.838194,0.000000,340.465965
463259,0.053627,0.447801,-0.069388,-0.013607,-0.398259,0.372745,-0.838013,0.000000,340.950394
463262,0.053670,0.447782,-0.069383,-0.014511,-0.397935,0.373766,-0.837697,0.000000,341.470871
463266,0.053564,0.447613,-0.069600,-0.010873,-0.398179,0.373681,-0.837674,0.000000,341.740036
463269,0.053584,0.447601,-0.069611,-0.010885,-0.398073,0.374208,-0.837489,0.000000,342.293816
463273,0.053623,0.447580,-0.069624,-0.010914,-0.397991,0.374901,-0.837217,0.000000,342.806396
463276,0.053655,0.447569,-0.069639,-0.010881,-0.397897,0.375514,-0.836988,0.000000,343.325500
463280,0.053693,0.447544,-0.069654,-0.010994,-0.397689,0.376309,-0.836728,0.000000,344.055748
463284,0.053738,0.447520,-0.069683,-0.010950,-0.397586,0.377222,-0.836367,0.000000,344.496918
463287,0.053768,0.447503,-0.069698,-0.011011,-0.397459,0.377869,-0.836134,0.000000,344.995422
463287,0.053768,0.447503,-0.069698,-0.011011,-0.397459,0.377869,-0.836134,0.000000,345.268707
463287,0.053768,0.447503,-0.069698,-0.011011,-0.397459,0.377869,-0.836134,0.000000,345.959816
463287,0.053768,0.447503,-0.069698,-0.011011,-0.397459,0.377869,-0.836134,0.000000,346.512566
463287,0.053768,0.447503,-0.069698,-0.011011,-0.397459,0.377869,-0.836134,0.000000,347.001457
463287,0.053768,0.447503,-0.069698,-0.011011,-0.397459,0.377869,-0.836134,0.000343,347.583389
463287,0.053768,0.447503,-0.069698,-0.011011,-0.397459,0.377869,-0.836134,0.000000,348.008080
463287,0.053768,0.447503,-0.069698,-0.011011,-0.397459,0.377869,-0.836134,0.000000,348.543320
463287,0.053768,0.447503,-0.069698,-0.011011,-0.397459,0.377869,-0.836134,0.000000,348.772659
463287,0.053768,0.447503,-0.069698,-0.011011,-0.397459,0.377869,-0.836134,0.000343,349.552002
463287,0.053768,0.447503,-0.069698,-0.011011,-0.397459,0.377869,-0.836134,0.000000,350.000038
463287,0.053768,0.447503,-0.069698,-0.011011,-0.397459,0.377869,-0.836134,0.000000,350.534592
463287,0.053768,0.447503,-0.069698,-0.011011,-0.397459,0.377869,-0.836134,0.000000,350.968208
463287,0.053768,0.447503,-0.069698,-0.011011,-0.397459,0.377869,-0.836134,0.000000,351.459503
463287,0.053768,0.447503,-0.069698,-0.011011,-0.397459,0.377869,-0.836134,0.000000,351.986847
463287,0.053768,0.447503,-0.069698,-0.011011,-0.397459,0.377869,-0.836134,0.000000,352.571869
463287,0.053768,0.447503,-0.069698,-0.011011,-0.397459,0.377869,-0.836134,0.000000,352.730827
463287,0.053768,0.447503,-0.069698,-0.011011,-0.397459,0.377869,-0.836134,0.000000,353.557205
463287,0.053768,0.447503,-0.069698,-0.011011,-0.397459,0.377869,-0.836134,0.000000,354.056396
463287,0.053768,0.447503,-0.069698,-0.011011,-0.397459,0.377869,-0.836134,0.000000,354.268570
463287,0.053768,0.447503,-0.069698,-0.011011,-0.397459,0.377869,-0.836134,0.000000,355.012207
463287,0.053768,0.447503,-0.069698,-0.011011,-0.397459,0.377869,-0.836134,0.000000,355.538177
463287,0.053768,0.447503,-0.069698,-0.011011,-0.397459,0.377869,-0.836134,0.000000,355.971107
463287,0.053768,0.447503,-0.069698,-0.011011,-0.397459,0.377869,-0.836134,0.000343,356.509781
463287,0.053768,0.447503,-0.069698,-0.011011,-0.397459,0.377869,-0.836134,0.000000,356.969147
463287,0.053768,0.447503,-0.069698,-0.011011,-0.397459,0.377869,-0.836134,0.000000,357.502327
463287,0.053768,0.447503,-0.069698,-0.011011,-0.397459,0.377869,-0.836134,0.000000,357.759819
463287,0.053768,0.447503,-0.069698,-0.011011,-0.397459,0.377869,-0.836134,0.000000,358.529892
463287,0.053768,0.447503,-0.069698,-0.011011,-0.397459,0.377869,-0.836134,0.000343,359.005737
463287,0.053768,0.447503,-0.069698,-0.011011,-0.397459,0.377869,-0.836134,0.000343,359.544067
463393,0.054787,0.446923,-0.070191,-0.010866,-0.393848,0.398934,-0.828020,0.000343,360.043602
463397,0.054814,0.446903,-0.070211,-0.010923,-0.393607,0.399637,-0.827794,0.000000,360.556526
463401,0.054853,0.446881,-0.070238,-0.010841,-0.393592,0.400432,-0.827419,0.000000,360.984306
463404,0.054894,0.446859,-0.070251,-0.010869,-0.393428,0.401110,-0.827168,0.000000,361.520233
463408,0.054930,0.446838,-0.070266,-0.010926,-0.393244,0.401978,-0.826833,0.000343,361.971703
463412,0.054976,0.446811,-0.070282,-0.010929,-0.393110,0.402769,-0.826512,0.000000,362.504539
463415,0.055008,0.446790,-0.070295,-0.010966,-0.392915,0.403548,-0.826225,0.000343,363.061409
463418,0.055047,0.446765,-0.070312,-0.010972,-0.392750,0.404373,-0.825899,0.000000,363.485756
463422,0.055098,0.446736,-0.070338,-0.010917,-0.392624,0.405386,-0.825463,0.000343,363.985291
463426,0.055144,0.446705,-0.070365,-0.010934,-0.392325,0.406472,-0.825071,0.000343,364.263725
463429,0.055185,0.446681,-0.070385,-0.010880,-0.392151,0.407330,-0.824731,0.000000,365.076714
463433,0.055239,0.446638,-0.070410,-0.010876,-0.391999,0.408471,-0.824239,0.000343,365.294037
463436,0.055290,0.446609,-0.070433,-0.010881,-0.391812,0.409420,-0.823857,0.000343,365.993729
463440,0.055364,0.446562,-0.070463,-0.010975,-0.391483,0.410953,-0.823249,0.000000,366.257057
463443,0.055408,0.446531,-0.070483,-0.010967,-0.391381,0.411832,-0.822858,0.000343,367.049446
463446,0.055442,0.446512,-0.070497,-0.011005,-0.391235,0.412531,-0.822577,0.000343,367.553444
463450,0.055490,0.446487,-0.070517,-0.011060,-0.390950,0.413524,-0.822213,0.000343,367.999420
463454,0.055533,0.446465,-0.070537,-0.010913,-0.390953,0.414362,-0.821791,0.000343,368.479042
463458,0.055688,0.446612,-0.070510,-0.012340,-0.390151,0.412521,-0.823077,0.000343,368.979950
463461,0.055722,0.446594,-0.070522,-0.012392,-0.390061,0.413069,-0.822844,0.000343,369.241905
463465,0.055765,0.446577,-0.070537,-0.012408,-0.389991,0.413665,-0.822578,0.000343,370.006142
463468,0.055797,0.446566,-0.070547,-0.012521,-0.389846,0.414137,-0.822407,0.000343,370.544815
463472,0.055837,0.446544,-0.070565,-0.012554,-0.389716,0.414862,-0.822103,0.000343,370.984612
463475,0.055868,0.446530,-0.070571,-0.012582,-0.389665,0.415334,-0.821889,0.000343,371.547318
463479,0.055905,0.446514,-0.070588,-0.012671,-0.389456,0.416058,-0.821620,0.000343,372.013550
463483,0.055937,0.446494,-0.070604,-0.012699,-0.389423,0.416665,-0.821328,0.000343,372.513428
463486,0.055961,0.446484,-0.070621,-0.012718,-0.389329,0.417105,-0.821149,0.000000,372.803192
463489,0.055979,0.446475,-0.070638,-0.012726,-0.389236,0.417512,-0.820985,0.000000,373.537903
463493,0.056011,0.446451,-0.070663,-0.012830,-0.389023,0.418271,-0.820699,0.000343,373.970490
463497,0.056049,0.446434,-0.070684,-0.012860,-0.388946,0.418869,-0.820429,0.000000,374.482384
463500,0.056075,0.446418,-0.070696,-0.012915,-0.388784,0.419336,-0.820267,0.000343,374.765968
463504,0.056121,0.446398,-0.070710,-0.012954,-0.388672,0.420077,-0.819940,0.000343,375.494843
463507,0.056152,0.446385,-0.070714,-0.013025,-0.388583,0.420526,-0.819751,0.000343,375.988884
463511,0.056194,0.446362,-0.070723,-0.013117,-0.388329,0.421229,-0.819509,0.000343,376.272469
463514,0.056222,0.446349,-0.070732,-0.013209,-0.388223,0.421723,-0.819303,0.000343,377.069664
463518,0.056260,0.446332,-0.070745,-0.013241,-0.388195,0.422257,-0.819041,0.000343,377.520103
463522,0.056286,0.446317,-0.070764,-0.013343,-0.387942,0.422894,-0.818831,0.000343,377.752876
463525,0.056304,0.446307,-0.070777,-0.013328,-0.387935,0.423306,-0.818621,0.000343,378.529129
463529,0.056325,0.446298,-0.070794,-0.013324,-0.387844,0.423730,-0.818445,0.000000,378.966866
463532,0.056338,0.446288,-0.070806,-0.013332,-0.387718,0.424075,-0.818326,0.000343,379.470520
463535,0.056356,0.446279,-0.070814,-0.013329,-0.387699,0.424461,-0.818135,0.000343,379.994431
463539,0.056379,0.446265,-0.070835,-0.013307,-0.387726,0.424960,-0.817863,0.000343,380.543404
463543,0.056417,0.446245,-0.070844,-0.013360,-0.387421,0.425557,-0.817697,0.000343,380.959511
463547,0.056455,0.446224,-0.070863,-0.013322,-0.387400,0.426188,-0.817378,0.000000,381.486855
463550,0.056491,0.446207,-0.070876,-0.013378,-0.387249,0.426746,-0.817158,0.000343,382.040977
463554,0.056541,0.446186,-0.070891,-0.013483,-0.387050,0.427625,-0.816791,0.000343,382.555962
463557,0.056572,0.446168,-0.070902,-0.013513,-0.386953,0.428156,-0.816559,0.000343,383.077469
463560,0.056602,0.446155,-0.070918,-0.013527,-0.386865,0.428700,-0.816314,0.000343,383.551598
463564,0.056637,0.446138,-0.070931,-0.013697,-0.386629,0.429406,-0.816052,0.000343,383.981438
463568,0.056672,0.446121,-0.070947,-0.013678,-0.386620,0.429988,-0.815751,0.000000,384.472733
463571,0.056689,0.446112,-0.070955,-0.013680,-0.386557,0.430283,-0.815625,0.000343,384.984970
463575,0.056720,0.446095,-0.070968,-0.013819,-0.386301,0.430919,-0.815407,0.000343,385.476265
463578,0.056738,0.446084,-0.070974,-0.013848,-0.386266,0.431299,-0.815223,0.000000,386.011162
463582,0.056766,0.446068,-0.070985,-0.013818,-0.386206,0.431758,-0.815009,0.000343,386.463661
463585,0.056784,0.446060,-0.070990,-0.013850,-0.386111,0.432076,-0.814884,0.000343,386.746216
463589,0.056618,0.445735,-0.071061,-0.010886,-0.386488,0.436968,-0.812138,0.000343,387.543755
463592,0.056638,0.445722,-0.071072,-0.010938,-0.386420,0.437340,-0.811969,0.000000,387.755241
463596,0.056664,0.445704,-0.071090,-0.010916,-0.386207,0.437962,-0.811735,0.000000,388.559647
463600,0.056690,0.445687,-0.071109,-0.010780,-0.386226,0.438465,-0.811457,0.000000,389.050598
463603,0.056704,0.445672,-0.071120,-0.010809,-0.386168,0.438777,-0.811315,0.000343,389.255219
463606,0.056719,0.445663,-0.071126,-0.010875,-0.386052,0.439090,-0.811200,0.000000,389.991646
463610,0.056747,0.445653,-0.071138,-0.010764,-0.385963,0.439686,-0.810921,0.000343,390.531693
463614,0.056770,0.445638,-0.071150,-0.010785,-0.385869,0.440125,-0.810728,0.000343,390.951920
463617,0.056784,0.445625,-0.071162,-0.010760,-0.385781,0.440490,-0.810572,0.000343,391.504669
463621,0.056815,0.445607,-0.071177,-0.010769,-0.385718,0.441088,-0.810276,0.000000,391.993904
463625,0.056839,0.445588,-0.071192,-0.010845,-0.385512,0.441677,-0.810052,0.000343,392.539444
463628,0.056861,0.445567,-0.071206,-0.010846,-0.385381,0.442230,-0.809813,0.000343,392.755394
463631,0.057079,0.445882,-0.071158,-0.014129,-0.385105,0.438234,-0.812062,0.000000,393.568726
463635,0.057113,0.445861,-0.071168,-0.014095,-0.385064,0.438742,-0.811808,0.000000,394.011955
463639,0.057147,0.445839,-0.071173,-0.014168,-0.384822,0.439489,-0.811518,0.000000,394.508057
463642,0.057175,0.445825,-0.071179,-0.014160,-0.384803,0.439939,-0.811283,0.000000,394.746323
463646,0.057010,0.445467,-0.071247,-0.010832,-0.384844,0.445115,-0.808486,0.000343,395.489616
463649,0.057035,0.445445,-0.071260,-0.010841,-0.384699,0.445723,-0.808221,0.000343,395.964432
463653,0.057062,0.445419,-0.071284,-0.010769,-0.384685,0.446440,-0.807832,0.000343,396.500702
463656,0.057085,0.445401,-0.071301,-0.010792,-0.384560,0.446965,-0.807601,0.000000,396.973457
463660,0.057109,0.445379,-0.071329,-0.010834,-0.384282,0.447761,-0.807292,0.000000,397.519341
463663,0.057133,0.445358,-0.071350,-0.010809,-0.384196,0.448326,-0.807019,0.000000,397.727737
463667,0.057167,0.445335,-0.071368,-0.010821,-0.384076,0.448969,-0.806719,0.000343,398.504677
463671,0.057200,0.445311,-0.071383,-0.010848,-0.383866,0.449637,-0.806447,0.000343,399.061203
463674,0.057231,0.445289,-0.071390,-0.010827,-0.383809,0.450129,-0.806199,0.000000,399.521599
463678,0.057271,0.445269,-0.071399,-0.010844,-0.383614,0.450724,-0.805959,0.000343,400.061646
463681,0.057301,0.445244,-0.071406,-0.010891,-0.383448,0.451297,-0.805717,0.000343,400.491486
463685,0.057343,0.445218,-0.071422,-0.010830,-0.383396,0.452033,-0.805330,0.000343,400.968361
463688,0.057543,0.445524,-0.071383,-0.014147,-0.383314,0.448367,-0.807365,0.000343,401.508408
463692,0.057563,0.445501,-0.071396,-0.014182,-0.383082,0.449014,-0.807114,0.000343,401.971207
463695,0.057579,0.445484,-0.071406,-0.014104,-0.383036,0.449445,-0.806898,0.000343,402.508850
463699,0.057430,0.445154,-0.071464,-0.010776,-0.382925,0.453956,-0.804473,0.000000,403.071556
463702,0.057447,0.445138,-0.071473,-0.010794,-0.382794,0.454354,-0.804310,0.000000,403.543968
463706,0.057480,0.445117,-0.071483,-0.010731,-0.382756,0.454919,-0.804009,0.000343,403.792534
463710,0.057509,0.445094,-0.071494,-0.010806,-0.382537,0.455486,-0.803791,0.000343,404.574280
463713,0.057534,0.445074,-0.071508,-0.010804,-0.382388,0.456081,-0.803525,0.000343,405.086861
463717,0.057564,0.445053,-0.071526,-0.010780,-0.382340,0.456685,-0.803205,0.000343,405.503311
463720,0.057586,0.445038,-0.071541,-0.010752,-0.382245,0.457160,-0.802981,0.000000,405.978813
463724,0.057605,0.445018,-0.071554,-0.010817,-0.382065,0.457782,-0.802711,0.000000,406.514740
463727,0.057620,0.445003,-0.071568,-0.010795,-0.381953,0.458190,-0.802532,0.000343,407.013588
463731,0.057637,0.444989,-0.071583,-0.010806,-0.381855,0.458640,-0.802321,0.000343,407.501106
463735,0.057817,0.445259,-0.071551,-0.013829,-0.381847,0.455491,-0.804071,0.000343,408.006477
463738,0.057839,0.445244,-0.071559,-0.013821,-0.381789,0.455927,-0.803851,0.000000,408.486099
463741,0.057859,0.445226,-0.071567,-0.013784,-0.381720,0.456372,-0.803632,0.000000,408.778954
463745,0.057879,0.445194,-0.071579,-0.013748,-0.381496,0.457235,-0.803248,0.000000,409.543190
463749,0.057906,0.445173,-0.071593,-0.013666,-0.381468,0.457744,-0.802973,0.000000,410.069160
463752,0.057922,0.445152,-0.071608,-0.013619,-0.381340,0.458258,-0.802742,0.000343,410.494881
463756,0.057950,0.445128,-0.071620,-0.013745,-0.381137,0.458910,-0.802463,0.000343,410.981369
463759,0.057971,0.445110,-0.071632,-0.013654,-0.381074,0.459416,-0.802205,0.000343,411.244698
463763,0.057845,0.444814,-0.071686,-0.010849,-0.380813,0.463326,-0.800120,0.000000,411.992455
463767,0.057873,0.444792,-0.071696,-0.010876,-0.380709,0.463909,-0.799832,0.000000,412.514305
463770,0.057896,0.444778,-0.071705,-0.010861,-0.380671,0.464283,-0.799633,0.000343,413.066711
463774,0.057919,0.444757,-0.071713,-0.010933,-0.380417,0.464844,-0.799427,0.000343,413.490372
463777,0.057942,0.444741,-0.071721,-0.010938,-0.380323,0.465316,-0.799197,0.000000,414.023552
463781,0.057964,0.444729,-0.071735,-0.010809,-0.380346,0.465698,-0.798966,0.000343,414.303703
463784,0.057978,0.444715,-0.071747,-0.010822,-0.380217,0.466105,-0.798789,0.000343,415.014038
463788,0.057996,0.444699,-0.071763,-0.010836,-0.380086,0.466584,-0.798572,0.000000,415.484390
463791,0.058012,0.444685,-0.071777,-0.010788,-0.380067,0.466968,-0.798357,0.000343,415.967445
463795,0.058033,0.444670,-0.071789,-0.010833,-0.379885,0.467403,-0.798189,0.000000,416.533241
463798,0.057647,0.444131,-0.071956,-0.007432,-0.381395,0.475977,-0.792420,0.000000,417.011147
463802,0.057683,0.444116,-0.071965,-0.007274,-0.381365,0.476407,-0.792177,0.000000,417.524071
463805,0.057709,0.444104,-0.071968,-0.007278,-0.381279,0.476782,-0.791993,0.000000,417.754097
463809,0.057739,0.444084,-0.071971,-0.007393,-0.381009,0.477351,-0.791779,0.000343,418.283844
463812,0.057766,0.444068,-0.071976,-0.007368,-0.380926,0.477726,-0.791593,0.000343,418.972549
463816,0.057797,0.444052,-0.071988,-0.007374,-0.380769,0.478271,-0.791339,0.000000,419.475861
463820,0.057829,0.444031,-0.072000,-0.007432,-0.380568,0.478883,-0.791065,0.000000,420.047836
463823,0.057854,0.444014,-0.072016,-0.007436,-0.380458,0.479319,-0.790854,0.000000,420.485229
463823,0.057854,0.444014,-0.072016,-0.007436,-0.380458,0.479319,-0.790854,0.000343,420.967941
463823,0.057854,0.444014,-0.072016,-0.007436,-0.380458,0.479319,-0.790854,0.000343,421.258049
463823,0.057854,0.444014,-0.072016,-0.007436,-0.380458,0.479319,-0.790854,0.000000,422.023315
463823,0.057854,0.444014,-0.072016,-0.007436,-0.380458,0.479319,-0.790854,0.000000,422.540016
463823,0.057854,0.444014,-0.072016,-0.007436,-0.380458,0.479319,-0.790854,0.000000,422.784119
463823,0.057854,0.444014,-0.072016,-0.007436,-0.380458,0.479319,-0.790854,0.000343,423.265457
463823,0.057854,0.444014,-0.072016,-0.007436,-0.380458,0.479319,-0.790854,0.000000,423.982315
463823,0.057854,0.444014,-0.072016,-0.007436,-0.380458,0.479319,-0.790854,0.000000,424.468803
463823,0.057854,0.444014,-0.072016,-0.007436,-0.380458,0.479319,-0.790854,0.000343,424.703979
463823,0.057854,0.444014,-0.072016,-0.007436,-0.380458,0.479319,-0.790854,0.000000,425.186348
463823,0.057854,0.444014,-0.072016,-0.007436,-0.380458,0.479319,-0.790854,0.000000,425.933418
463823,0.057854,0.444014,-0.072016,-0.007436,-0.380458,0.479319,-0.790854,0.000000,426.515694
463823,0.057854,0.444014,-0.072016,-0.007436,-0.380458,0.479319,-0.790854,0.000000,427.043724
463823,0.057854,0.444014,-0.072016,-0.007436,-0.380458,0.479319,-0.790854,0.000000,427.573471
463823,0.057854,0.444014,-0.072016,-0.007436,-0.380458,0.479319,-0.790854,0.000000,428.096352
463823,0.057854,0.444014,-0.072016,-0.007436,-0.380458,0.479319,-0.790854,0.000000,428.333931
463823,0.057854,0.444014,-0.072016,-0.007436,-0.380458,0.479319,-0.790854,0.000000,428.995514
463823,0.057854,0.444014,-0.072016,-0.007436,-0.380458,0.479319,-0.790854,0.000000,429.509468
463823,0.057854,0.444014,-0.072016,-0.007436,-0.380458,0.479319,-0.790854,0.000000,430.016212
463823,0.057854,0.444014,-0.072016,-0.007436,-0.380458,0.479319,-0.790854,0.000000,430.233192
463823,0.057854,0.444014,-0.072016,-0.007436,-0.380458,0.479319,-0.790854,0.000343,430.999489
463823,0.057854,0.444014,-0.072016,-0.007436,-0.380458,0.479319,-0.790854,0.000000,431.465378
463823,0.057854,0.444014,-0.072016,-0.007436,-0.380458,0.479319,-0.790854,0.000000,432.020874
463823,0.057854,0.444014,-0.072016,-0.007436,-0.380458,0.479319,-0.790854,0.000000,432.313042
463823,0.057854,0.444014,-0.072016,-0.007436,-0.380458,0.479319,-0.790854,0.000000,432.778244
463823,0.057854,0.444014,-0.072016,-0.007436,-0.380458,0.479319,-0.790854,0.000343,433.563423
463823,0.057854,0.444014,-0.072016,-0.007436,-0.380458,0.479319,-0.790854,0.000000,434.011459
463823,0.057854,0.444014,-0.072016,-0.007436,-0.380458,0.479319,-0.790854,0.000343,434.528847
463823,0.057854,0.444014,-0.072016,-0.007436,-0.380458,0.479319,-0.790854,0.000343,434.986496
463930,0.058823,0.443418,-0.072367,-0.008058,-0.375319,0.495051,-0.783579,0.000000,435.480537
463933,0.058855,0.443399,-0.072374,-0.008072,-0.375149,0.495527,-0.783359,0.000000,436.009941
463937,0.058898,0.443363,-0.072384,-0.008148,-0.374895,0.496431,-0.782907,0.000000,436.459007
463941,0.058959,0.443312,-0.072404,-0.008390,-0.374474,0.497586,-0.782373,0.000000,437.054672
463944,0.059031,0.443269,-0.072433,-0.008429,-0.374107,0.498765,-0.781797,0.000000,437.252426
463947,0.059076,0.443236,-0.072456,-0.008489,-0.373781,0.499663,-0.781379,0.000000,438.035889
463951,0.059128,0.443198,-0.072488,-0.008438,-0.373671,0.500582,-0.780844,0.000000,438.504181
463955,0.059170,0.443167,-0.072504,-0.008600,-0.373299,0.501417,-0.780484,0.000000,439.046974
463958,0.059199,0.443146,-0.072520,-0.008622,-0.373151,0.501995,-0.780182,0.000343,439.503593
463962,0.059247,0.443119,-0.072528,-0.008610,-0.373002,0.502736,-0.779777,0.000000,440.038147
463965,0.059273,0.443100,-0.072540,-0.008636,-0.372768,0.503262,-0.779549,0.000000,440.524979
463969,0.059319,0.443070,-0.072553,-0.008702,-0.372572,0.504040,-0.779139,0.000000,440.948639
463972,0.059348,0.443054,-0.072559,-0.008713,-0.372453,0.504501,-0.778898,0.000000,441.236000
463976,0.059385,0.443029,-0.072574,-0.008725,-0.372176,0.505188,-0.778584,0.000000,441.747551
463979,0.059413,0.443008,-0.072582,-0.008787,-0.372001,0.505718,-0.778323,0.000343,442.584229
463983,0.059440,0.442983,-0.072598,-0.008728,-0.371970,0.506294,-0.777964,0.000000,443.034668
463987,0.059461,0.442962,-0.072611,-0.008789,-0.371678,0.506899,-0.777709,0.000000,443.508453
463990,0.059477,0.442947,-0.072622,-0.008801,-0.371576,0.507263,-0.777521,0.000000,444.052620
463994,0.059505,0.442925,-0.072642,-0.008758,-0.371511,0.507787,-0.777210,0.000000,444.511299
463997,0.059525,0.442911,-0.072650,-0.008835,-0.371295,0.508205,-0.777039,0.000343,445.007744
464001,0.059561,0.442886,-0.072663,-0.008835,-0.371211,0.508815,-0.776680,0.000000,445.533371
464004,0.059592,0.442868,-0.072666,-0.008880,-0.371076,0.509260,-0.776452,0.000000,445.963898
464008,0.059621,0.442843,-0.072673,-0.008966,-0.370816,0.509901,-0.776155,0.000000,446.507378
464011,0.059650,0.442829,-0.072680,-0.008994,-0.370671,0.510320,-0.775948,0.000000,446.971207
464015,0.059686,0.442803,-0.072687,-0.008956,-0.370636,0.510846,-0.775620,0.000000,447.560005
464018,0.059707,0.442788,-0.072700,-0.008991,-0.370461,0.511266,-0.775426,0.000000,448.008041
464022,0.059738,0.442768,-0.072713,-0.009068,-0.370239,0.511886,-0.775122,0.000000,448.251114
464026,0.059758,0.442748,-0.072734,-0.009063,-0.370103,0.512419,-0.774835,0.000000,448.837852
464029,0.059773,0.442734,-0.072748,-0.009110,-0.369914,0.512837,-0.774648,0.000000,449.566040
464032,0.059788,0.442714,-0.072760,-0.009109,-0.369774,0.513280,-0.774421,0.000000,449.805679
464036,0.059813,0.442695,-0.072777,-0.009035,-0.369817,0.513692,-0.774128,0.000000,450.287361
464040,0.059838,0.442676,-0.072783,-0.009124,-0.369526,0.514255,-0.773892,0.000000,451.035461
464043,0.059858,0.442659,-0.072790,-0.009123,-0.369474,0.514595,-0.773691,0.000000,451.235275
464047,0.059889,0.442639,-0.072795,-0.009152,-0.369401,0.515036,-0.773432,0.000000,451.966553
464050,0.059902,0.442626,-0.072799,-0.009206,-0.369207,0.515369,-0.773302,0.000000,452.509346
464054,0.059929,0.442605,-0.072808,-0.009227,-0.369086,0.515853,-0.773037,0.000000,452.722549
464058,0.059949,0.442588,-0.072817,-0.009247,-0.368922,0.516273,-0.772834,0.000000,453.277016
464061,0.060126,0.442824,-0.072762,-0.011100,-0.368639,0.513640,-0.774697,0.000000,454.024773
464065,0.060145,0.442802,-0.072774,-0.011057,-0.368644,0.514103,-0.774389,0.000000,454.312820
464068,0.060155,0.442793,-0.072783,-0.011030,-0.368586,0.514351,-0.774252,0.000000,454.783516
464072,0.060169,0.442776,-0.072796,-0.011100,-0.368324,0.514880,-0.774024,0.000000,455.482864
464075,0.060185,0.442765,-0.072805,-0.011046,-0.368270,0.515172,-0.773856,0.000000,455.728340
464079,0.060205,0.442743,-0.072819,-0.010976,-0.368247,0.515558,-0.773611,0.000000,456.528625
464082,0.060223,0.442733,-0.072823,-0.011010,-0.368080,0.515876,-0.773478,0.000000,456.979408
464086,0.060251,0.442705,-0.072836,-0.010945,-0.368009,0.516424,-0.773147,0.000000,457.487869
464089,0.060275,0.442690,-0.072839,-0.010946,-0.367919,0.516801,-0.772938,0.000000,457.714119
464093,0.060301,0.442662,-0.072849,-0.011003,-0.367636,0.517459,-0.772631,0.000000,458.436127
464097,0.060339,0.442622,-0.072862,-0.010966,-0.367576,0.518213,-0.772155,0.000000,458.934288
464100,0.060369,0.442596,-0.072873,-0.010980,-0.367379,0.518817,-0.771843,0.000000,459.447212
464104,0.060393,0.442562,-0.072892,-0.011037,-0.367056,0.519606,-0.771465,0.000000,460.001678
464107,0.060418,0.442535,-0.072907,-0.011028,-0.366912,0.520169,-0.771154,0.000000,460.411606
464111,0.060455,0.442496,-0.072928,-0.011009,-0.366704,0.521060,-0.770651,0.000000,460.896378
464114,0.060480,0.442470,-0.072943,-0.010944,-0.366538,0.521632,-0.770344,-0.000343,461.450157
464118,0.060630,0.442580,-0.072790,-0.013108,-0.366437,0.521442,-0.770487,0.000000,461.903343
464122,0.060669,0.442554,-0.072800,-0.013205,-0.366141,0.522126,-0.770163,0.000000,462.447166
464125,0.060704,0.442554,-0.072784,-0.013198,-0.366141,0.522679,-0.769788,0.000000,462.865334
464128,0.060732,0.442538,-0.072793,-0.013228,-0.365988,0.523180,-0.769520,0.000000,463.308220
464132,0.060751,0.442487,-0.072820,-0.012981,-0.365922,0.523943,-0.769036,0.000000,463.838997
464136,0.060777,0.442456,-0.072829,-0.013027,-0.365678,0.524617,-0.768692,0.000000,464.283600
464139,0.060793,0.442443,-0.072837,-0.013018,-0.365601,0.525034,-0.768443,0.000000,464.738159
464143,0.060816,0.442419,-0.072847,-0.013017,-0.365448,0.525547,-0.768166,0.000000,465.265160
464146,0.060833,0.442404,-0.072858,-0.013048,-0.365296,0.525961,-0.767955,0.000000,465.721436
464150,0.060858,0.442375,-0.072869,-0.013023,-0.365276,0.526529,-0.767575,0.000000,465.961418
464153,0.060874,0.442363,-0.072876,-0.013016,-0.365210,0.526883,-0.767363,0.000000,466.748657
464157,0.060892,0.442343,-0.072884,-0.013061,-0.364944,0.527437,-0.767108,-0.000343,467.167168
464161,0.060911,0.442322,-0.072891,-0.013013,-0.364957,0.527811,-0.766846,0.000000,467.408524
464164,0.060930,0.442312,-0.072898,-0.012975,-0.364865,0.528203,-0.766621,0.000000,467.857590
464168,0.060952,0.442287,-0.072903,-0.013061,-0.364631,0.528753,-0.766351,0.000000,468.334465
464171,0.060974,0.442272,-0.072911,-0.013010,-0.364609,0.529126,-0.766105,0.000000,469.025230
464175,0.060992,0.442233,-0.072934,-0.012750,-0.364386,0.529905,-0.765677,-0.000343,469.432755
464178,0.061016,0.442211,-0.072947,-0.012797,-0.364209,0.530442,-0.765388,0.000000,469.965248
464182,0.061054,0.442173,-0.072965,-0.012742,-0.364142,0.531168,-0.764917,0.000000,470.354233
464186,0.061075,0.442118,-0.073009,-0.012806,-0.363642,0.531815,-0.764705,0.000000,470.802956
464189,0.061101,0.442091,-0.073021,-0.012830,-0.363526,0.532377,-0.764368,-0.000343,471.075897
464192,0.061126,0.442073,-0.073031,-0.012801,-0.363447,0.532849,-0.764077,-0.000343,471.588478
464196,0.061158,0.442047,-0.073040,-0.012775,-0.363370,0.533404,-0.763727,0.000000,472.245255
464200,0.061187,0.442020,-0.073045,-0.012804,-0.363205,0.534029,-0.763368,0.000000,472.684364
464203,0.061206,0.441999,-0.073048,-0.012810,-0.363167,0.534450,-0.763092,-0.000343,472.885208
464207,0.061223,0.441968,-0.073062,-0.012636,-0.362944,0.535103,-0.762744,-0.000343,473.509369
464210,0.061242,0.441947,-0.073065,-0.012669,-0.362815,0.535611,-0.762447,-0.000343,473.931313
464214,0.061266,0.441920,-0.073075,-0.012615,-0.362774,0.536196,-0.762056,0.000000,474.154129
464217,0.061281,0.441901,-0.073082,-0.012648,-0.362649,0.536582,-0.761844,0.000000,474.822235
464221,0.061302,0.441878,-0.073094,-0.012695,-0.362372,0.537318,-0.761456,-0.000343,475.241089
464225,0.061327,0.441858,-0.073098,-0.012633,-0.362365,0.537957,-0.761008,-0.000343,475.672646
464228,0.061346,0.441831,-0.073108,-0.012701,-0.362137,0.538553,-0.760695,-0.000343,476.124802
464231,0.061366,0.441812,-0.073121,-0.012739,-0.361920,0.539085,-0.760420,0.000000,476.327705
464235,0.061391,0.441779,-0.073135,-0.012713,-0.361809,0.539743,-0.760006,0.000000,476.805611
464239,0.061409,0.441759,-0.073148,-0.012751,-0.361599,0.540259,-0.759739,-0.000343,477.450714
464242,0.061424,0.441744,-0.073158,-0.012746,-0.361459,0.540646,-0.759531,0.000000,477.807426
464245,0.061439,0.441726,-0.073169,-0.012701,-0.361385,0.541016,-0.759303,0.000000,478.242760
464249,0.061457,0.441705,-0.073180,-0.012646,-0.361315,0.541436,-0.759038,0.000000,478.592262
464253,0.061477,0.441682,-0.073191,-0.012666,-0.361074,0.542027,-0.758730,-0.000343,479.013863
464256,0.061492,0.441663,-0.073200,-0.012663,-0.361012,0.542401,-0.758492,-0.000343,479.216080
464260,0.061515,0.441642,-0.073210,-0.012687,-0.360816,0.542916,-0.758217,-0.000343,479.869423
464263,0.061539,0.441622,-0.073220,-0.012703,-0.360669,0.543381,-0.757954,-0.000343,480.208626
464267,0.061569,0.441592,-0.073229,-0.012658,-0.360639,0.543923,-0.757580,-0.000343,480.591774
464271,0.061597,0.441573,-0.073232,-0.012710,-0.360344,0.544482,-0.757318,0.000000,480.980072
464274,0.061617,0.441550,-0.073235,-0.012728,-0.360214,0.544946,-0.757046,0.000000,481.386909
464278,0.061653,0.441527,-0.073243,-0.012625,-0.360239,0.545441,-0.756679,-0.000343,481.798897
464281,0.061674,0.441503,-0.073248,-0.012651,-0.360078,0.545917,-0.756411,-0.000343,482.159386
464285,0.061699,0.441465,-0.073273,-0.012609,-0.359804,0.546575,-0.756068,-0.000343,482.541504
464288,0.061723,0.441444,-0.073283,-0.012575,-0.359774,0.547048,-0.755740,0.000000,482.943192
464292,0.061748,0.441421,-0.073299,-0.012603,-0.359530,0.547650,-0.755420,-0.000343,483.296814
464295,0.061764,0.441398,-0.073308,-0.012668,-0.359352,0.548110,-0.755169,-0.000343,483.628464
464299,0.061791,0.441368,-0.073325,-0.012638,-0.359349,0.548714,-0.754733,0.000000,483.995819
464302,0.061804,0.441350,-0.073329,-0.012628,-0.359225,0.549087,-0.754521,-0.000343,484.166451
464306,0.061830,0.441325,-0.073336,-0.012679,-0.358956,0.549738,-0.754174,0.000000,484.714394
464310,0.061857,0.441295,-0.073342,-0.012641,-0.358887,0.550261,-0.753825,0.000000,485.051193
464313,0.061879,0.441267,-0.073350,-0.012667,-0.358699,0.550802,-0.753520,-0.000343,485.399666
464316,0.061898,0.441247,-0.073354,-0.012660,-0.358497,0.551270,-0.753273,-0.000343,485.719986
464320,0.061923,0.441204,-0.073370,-0.012585,-0.358424,0.551981,-0.752789,-0.000343,486.093521
464324,0.061943,0.441185,-0.073381,-0.012611,-0.358151,0.552456,-0.752570,0.000000,486.392555
464328,0.061960,0.441159,-0.073394,-0.012556,-0.358139,0.552902,-0.752249,-0.000343,486.747551
464331,0.061974,0.441145,-0.073403,-0.012541,-0.358056,0.553204,-0.752067,0.000000,486.892090
464334,0.061982,0.441134,-0.073412,-0.012557,-0.357959,0.553511,-0.751886,-0.000343,487.388191
464338,0.061998,0.441115,-0.073420,-0.012602,-0.357713,0.553983,-0.751655,-0.000343,487.740440
464342,0.062013,0.441098,-0.073422,-0.012580,-0.357704,0.554248,-0.751465,-0.000343,488.071747
464345,0.062026,0.441083,-0.073427,-0.012598,-0.357552,0.554596,-0.751280,-0.000343,488.201523
464348,0.062040,0.441065,-0.073431,-0.012593,-0.357392,0.554988,-0.751066,0.000000,488.667755
464352,0.062062,0.441037,-0.073438,-0.012646,-0.357388,0.555489,-0.750697,-0.000343,488.986702
464356,0.062078,0.441017,-0.073450,-0.012680,-0.357108,0.555956,-0.750484,0.000000,489.234238
464360,0.062095,0.440994,-0.073467,-0.012615,-0.357094,0.556406,-0.750158,0.000000,489.500656
464363,0.062105,0.440980,-0.073479,-0.012629,-0.356994,0.556729,-0.749966,-0.000343,489.643135
464366,0.062113,0.440960,-0.073497,-0.012553,-0.356858,0.557122,-0.749740,0.000000,490.066109
464370,0.062125,0.440939,-0.073510,-0.012550,-0.356625,0.557653,-0.749456,0.000000,490.350037
464373,0.062143,0.440920,-0.073521,-0.012540,-0.356602,0.558002,-0.749207,-0.000343,490.486679
464377,0.062159,0.440898,-0.073527,-0.012574,-0.356429,0.558413,-0.748983,-0.000343,490.942268
464381,0.062180,0.440872,-0.073529,-0.012543,-0.356294,0.558886,-0.748695,-0.000343,491.040459
464384,0.062197,0.440851,-0.073532,-0.012536,-0.356256,0.559269,-0.748427,0.000000,491.447296
464388,0.062215,0.440832,-0.073530,-0.012599,-0.355956,0.559710,-0.748239,0.000000,491.726418
464391,0.062228,0.440811,-0.073538,-0.012624,-0.355842,0.560131,-0.747978,-0.000343,491.948204
464395,0.062251,0.440787,-0.073547,-0.012567,-0.355817,0.560544,-0.747681,-0.000343,492.159004
464398,0.062269,0.440765,-0.073558,-0.012516,-0.355671,0.560986,-0.747420,0.000000,492.274704
464402,0.062283,0.440740,-0.073568,-0.012537,-0.355471,0.561518,-0.747115,-0.000343,492.611504
464405,0.062297,0.440722,-0.073575,-0.012552,-0.355435,0.561860,-0.746875,0.000000,492.838783
464409,0.062307,0.440710,-0.073579,-0.012612,-0.355200,0.562188,-0.746738,0.000000,492.960320
464412,0.062328,0.440704,-0.073574,-0.012816,-0.355066,0.562468,-0.746588,-0.000343,493.301582
464416,0.062346,0.440687,-0.073576,-0.012823,-0.355076,0.562751,-0.746370,-0.000343,493.411789
464420,0.062359,0.440671,-0.073587,-0.012822,-0.354813,0.563146,-0.746197,-0.000343,493.655205
464423,0.062369,0.440655,-0.073593,-0.012855,-0.354754,0.563421,-0.746016,-0.000343,493.891754
464427,0.062378,0.440644,-0.073604,-0.012803,-0.354791,0.563619,-0.745851,-0.000343,494.168816
464431,0.062382,0.440629,-0.073615,-0.012862,-0.354546,0.563979,-0.745694,-0.000343,494.348030
464434,0.062386,0.440621,-0.073622,-0.012821,-0.354549,0.564104,-0.745598,0.000000,494.423561
464437,0.062386,0.440598,-0.073642,-0.012574,-0.354619,0.564356,-0.745379,-0.000343,494.669380
464441,0.062392,0.440593,-0.073647,-0.012581,-0.354411,0.564562,-0.745322,-0.000343,494.849281
464444,0.062408,0.440592,-0.073635,-0.012817,-0.354291,0.564721,-0.745254,-0.000343,494.952278
464448,0.062427,0.440582,-0.073632,-0.012777,-0.354440,0.564804,-0.745121,0.000000,495.256805
464452,0.062437,0.440572,-0.073628,-0.012784,-0.354192,0.565102,-0.745013,-0.000343,495.417480
464455,0.062450,0.440561,-0.073625,-0.012795,-0.354214,0.565268,-0.744876,-0.000343,495.593948
464459,0.062459,0.440551,-0.073624,-0.012793,-0.354227,0.565387,-0.744780,-0.000343,495.678062
464462,0.062465,0.440545,-0.073630,-0.012771,-0.354130,0.565584,-0.744677,-0.000343,495.857964
464466,0.062473,0.440533,-0.073636,-0.012799,-0.354065,0.565811,-0.744535,-0.000343,496.084900
464469,0.062477,0.440523,-0.073642,-0.012781,-0.354104,0.565928,-0.744427,0.000000,496.204720
464473,0.062479,0.440518,-0.073650,-0.012781,-0.353860,0.566153,-0.744372,0.000000,496.338272
464476,0.062482,0.440510,-0.073653,-0.012774,-0.353828,0.566318,-0.744263,-0.000343,496.494484
464480,0.062494,0.440498,-0.073658,-0.012731,-0.353962,0.566422,-0.744121,0.000000,496.624260
464484,0.062499,0.440490,-0.073661,-0.012775,-0.353719,0.566670,-0.744047,-0.000343,496.750259
464487,0.062509,0.440484,-0.073666,-0.012760,-0.353747,0.566817,-0.743921,0.000000,496.821327
464491,0.062519,0.440478,-0.073668,-0.012790,-0.353754,0.566900,-0.743854,0.000000,497.045860
464494,0.062523,0.440473,-0.073671,-0.012817,-0.353630,0.567039,-0.743807,-0.000343,497.185249
464498,0.062533,0.440460,-0.073675,-0.012780,-0.353681,0.567228,-0.743639,0.000000,497.227478
464501,0.062537,0.440451,-0.073678,-0.012657,-0.353691,0.567323,-0.743564,-0.000343,497.410469
464505,0.062542,0.440446,-0.073679,-0.012663,-0.353481,0.567542,-0.743496,0.000000,497.493896
464509,0.062553,0.440433,-0.073681,-0.012631,-0.353620,0.567667,-0.743336,-0.000343,497.592773
464512,0.062559,0.440429,-0.073682,-0.012622,-0.353567,0.567756,-0.743293,0.000000,497.685127
464515,0.062563,0.440424,-0.073689,-0.012594,-0.353491,0.567900,-0.743219,-0.000343,497.794304
464519,0.062570,0.440415,-0.073691,-0.012645,-0.353401,0.568050,-0.743146,-0.000343,497.926483
464523,0.062578,0.440412,-0.073699,-0.012612,-0.353392,0.568161,-0.743067,-0.000343,498.030510
464526,0.062581,0.440408,-0.073698,-0.012663,-0.353263,0.568293,-0.743026,0.000000,498.118057
464530,0.062591,0.440397,-0.073703,-0.012613,-0.353395,0.568438,-0.742854,0.000000,498.213158
464533,0.062595,0.440393,-0.073699,-0.012629,-0.353366,0.568478,-0.742836,-0.000343,498.315468
464537,0.062605,0.440389,-0.073698,-0.012685,-0.353139,0.568707,-0.742768,-0.000343,498.402672
464540,0.062613,0.440384,-0.073700,-0.012668,-0.353138,0.568805,-0.742694,-0.000343,498.469963
464544,0.062623,0.440378,-0.073701,-0.012667,-0.353199,0.568860,-0.742623,0.000000,498.547554
464547,0.062623,0.440373,-0.073703,-0.012662,-0.353102,0.568960,-0.742592,-0.000343,498.624458
464551,0.062625,0.440364,-0.073705,-0.012688,-0.353110,0.569103,-0.742479,0.000000,498.663940
464555,0.062623,0.440362,-0.073708,-0.012630,-0.353030,0.569220,-0.742428,0.000000,498.759727
464558,0.062618,0.440360,-0.073710,-0.012647,-0.352941,0.569314,-0.742398,0.000000,498.831139
464562,0.062622,0.440349,-0.073712,-0.012630,-0.353075,0.569393,-0.742274,0.000000,498.884697
464565,0.062619,0.440350,-0.073720,-0.012616,-0.353063,0.569428,-0.742252,0.000000,498.933105
464569,0.062622,0.440342,-0.073720,-0.012666,-0.352822,0.569659,-0.742189,0.000000,498.993187
464572,0.062626,0.440340,-0.073725,-0.012643,-0.352865,0.569681,-0.742153,-0.000343,499.036789
464576,0.062629,0.440335,-0.073723,-0.012662,-0.352897,0.569724,-0.742104,-0.000343,499.112320
464579,0.062631,0.440332,-0.073724,-0.012706,-0.352783,0.569860,-0.742053,0.000000,499.208794
464583,0.062638,0.440324,-0.073726,-0.012681,-0.352844,0.569937,-0.741965,0.000000,499.264069
464586,0.062645,0.440320,-0.073724,-0.012673,-0.352868,0.569991,-0.741912,0.000000,499.300117
464590,0.062648,0.440320,-0.073726,-0.012685,-0.352638,0.570156,-0.741895,0.000000,499.348526
464594,0.062657,0.440309,-0.073723,-0.012712,-0.352802,0.570233,-0.741757,0.000000,499.377022
464597,0.062660,0.440307,-0.073725,-0.012690,-0.352792,0.570271,-0.741733,0.000000,499.406891
464601,0.062657,0.440300,-0.073725,-0.012766,-0.352565,0.570483,-0.741677,0.000000,499.451866
464604,0.062660,0.440299,-0.073729,-0.012732,-0.352623,0.570489,-0.741644,-0.000343,499.489632
464608,0.062655,0.440296,-0.073739,-0.012709,-0.352630,0.570541,-0.741602,-0.000343,499.546280
464611,0.062649,0.440295,-0.073743,-0.012770,-0.352488,0.570631,-0.741600,0.000000,499.599152
464615,0.062640,0.440288,-0.073757,-0.012672,-0.352645,0.570706,-0.741469,0.000000,499.641724
464618,0.062631,0.440286,-0.073763,-0.012678,-0.352648,0.570716,-0.741459,0.000000,499.669189
464622,0.062625,0.440286,-0.073774,-0.012692,-0.352437,0.570898,-0.741419,-0.000343,499.693565
464625,0.062624,0.440282,-0.073778,-0.012710,-0.352427,0.570947,-0.741386,0.000000,499.710388
464629,0.062634,0.440274,-0.073778,-0.012695,-0.352515,0.570979,-0.741320,-0.000343,499.716225
464633,0.062641,0.440271,-0.073770,-0.012727,-0.352369,0.571169,-0.741242,0.000000,499.751587
464636,0.062649,0.440266,-0.073761,-0.012789,-0.352425,0.571178,-0.741208,-0.000343,499.769096
464640,0.062650,0.440264,-0.073756,-0.012728,-0.352381,0.571252,-0.741173,0.000000,499.792442
464643,0.062647,0.440263,-0.073751,-0.012741,-0.352292,0.571308,-0.741171,0.000000,499.820938
464647,0.062649,0.440256,-0.073756,-0.012704,-0.352480,0.571363,-0.741040,-0.000343,499.844627
464651,0.062637,0.440257,-0.073762,-0.012736,-0.352254,0.571474,-0.741061,-0.000343,499.866943
464654,0.062634,0.440255,-0.073763,-0.012728,-0.352229,0.571548,-0.741017,-0.000343,499.875183
464657,0.062632,0.440256,-0.073767,-0.012677,-0.352282,0.571563,-0.740981,-0.000343,499.901276
464661,0.062640,0.440252,-0.073758,-0.012707,-0.352325,0.571567,-0.740957,0.000000,499.906082
464665,0.062652,0.440247,-0.073748,-0.012709,-0.352256,0.571701,-0.740886,-0.000343,499.907455
464668,0.062668,0.440240,-0.073738,-0.012756,-0.352313,0.571709,-0.740852,-0.000343,499.912262
464672,0.062687,0.440237,-0.073732,-0.012773,-0.352205,0.571820,-0.740817,0.000000,499.917755
464675,0.062696,0.440236,-0.073733,-0.012813,-0.352113,0.571867,-0.740824,0.000000,499.929428
464679,0.062704,0.440227,-0.073746,-0.012790,-0.352316,0.571905,-0.740699,0.000000,499.945564
464682,0.062696,0.440231,-0.073754,-0.012745,-0.352293,0.571889,-0.740722,0.000000,499.960670
464686,0.062679,0.440227,-0.073769,-0.012800,-0.352070,0.572055,-0.740700,0.000000,499.971313
464690,0.062667,0.440230,-0.073781,-0.012710,-0.352233,0.571981,-0.740681,0.000000,499.981270
464693,0.062660,0.440227,-0.073787,-0.012712,-0.352153,0.572048,-0.740667,-0.000343,499.986076
464697,0.062665,0.440223,-0.073787,-0.012706,-0.352151,0.572149,-0.740590,-0.000343,499.997063
464700,0.062678,0.440222,-0.073781,-0.012695,-0.352201,0.572148,-0.740567,0.000000,500.000496
464704,0.062694,0.440219,-0.073766,-0.012780,-0.352032,0.572269,-0.740553,0.000000,500.001869
464707,0.062704,0.440213,-0.073757,-0.012795,-0.352000,0.572301,-0.740543,0.000000,500.002213
464711,0.062722,0.440206,-0.073747,-0.012812,-0.352171,0.572274,-0.740482,0.000000,500.002213
464714,0.062721,0.440208,-0.073746,-0.012818,-0.352129,0.572299,-0.740483,0.000000,500.002213
464718,0.062718,0.440204,-0.073753,-0.012805,-0.351984,0.572419,-0.740460,0.000000,500.002213
464721,0.062716,0.440206,-0.073763,-0.012778,-0.352066,0.572422,-0.740419,0.000000,500.002556
464725,0.062704,0.440203,-0.073776,-0.012772,-0.351993,0.572451,-0.740430,-0.000343,500.002213
464729,0.062699,0.440202,-0.073784,-0.012745,-0.352048,0.572473,-0.740388,0.000000,500.002556
464732,0.062698,0.440202,-0.073784,-0.012692,-0.352117,0.572463,-0.740364,0.000000,500.002213
464736,0.062695,0.440202,-0.073778,-0.012787,-0.351918,0.572542,-0.740396,-0.000343,500.002213
464739,0.062697,0.440196,-0.073773,-0.012793,-0.351914,0.572605,-0.740349,-0.000343,500.002213
464743,0.062709,0.440193,-0.073763,-0.012769,-0.352096,0.572549,-0.740306,0.000000,500.002556
464746,0.062712,0.440194,-0.073764,-0.012776,-0.352034,0.572559,-0.740328,0.000000,500.002213
464750,0.062717,0.440192,-0.073765,-0.012768,-0.351967,0.572685,-0.740262,0.000000,500.002213
464753,0.062722,0.440191,-0.073769,-0.012789,-0.352013,0.572648,-0.740268,0.000000,500.002556
464757,0.062720,0.440190,-0.073778,-0.012789,-0.351907,0.572710,-0.740271,-0.000343,500.002556
464760,0.062721,0.440188,-0.073785,-0.012721,-0.351847,0.572748,-0.740272,0.000000,500.002556
464764,0.062726,0.440186,-0.073785,-0.012770,-0.352053,0.572716,-0.740198,0.000000,500.002213
464767,0.062726,0.440187,-0.073784,-0.012772,-0.352019,0.572703,-0.740224,0.000000,500.002213
464771,0.062723,0.440183,-0.073781,-0.012787,-0.351841,0.572827,-0.740212,0.000000,500.002213
464775,0.062725,0.440182,-0.073772,-0.012780,-0.351994,0.572762,-0.740190,0.000000,500.002213
464778,0.062723,0.440179,-0.073772,-0.012756,-0.351930,0.572829,-0.740169,0.000000,500.002213
464782,0.062715,0.440178,-0.073774,-0.012726,-0.351907,0.572880,-0.740141,0.000000,500.002213
464785,0.062713,0.440176,-0.073776,-0.012734,-0.351984,0.572869,-0.740113,0.000000,500.002213
464789,0.062703,0.440183,-0.073780,-0.012798,-0.351830,0.572885,-0.740172,0.000000,500.002213
464793,0.062702,0.440177,-0.073787,-0.012702,-0.351989,0.572844,-0.740130,0.000343,500.002213
464796,0.062705,0.440177,-0.073789,-0.012746,-0.351992,0.572869,-0.740108,0.000343,500.002213
464799,0.062706,0.440176,-0.073785,-0.012760,-0.351926,0.572917,-0.740102,0.000000,500.002213
464803,0.062717,0.440174,-0.073783,-0.012774,-0.351807,0.573011,-0.740086,0.000000,500.002213
464807,0.062727,0.440174,-0.073777,-0.012763,-0.351935,0.572934,-0.740085,0.000000,500.002213
464810,0.062734,0.440170,-0.073774,-0.012760,-0.351862,0.573005,-0.740065,0.000000,500.002213
464814,0.062733,0.440168,-0.073774,-0.012748,-0.351889,0.573029,-0.740034,0.000000,500.002213
464817,0.062730,0.440165,-0.073772,-0.012762,-0.351934,0.573023,-0.740016,0.000000,500.002213
464821,0.062714,0.440170,-0.073776,-0.012777,-0.351767,0.573056,-0.740071,0.000000,500.002213
464824,0.062702,0.440170,-0.073780,-0.012794,-0.351727,0.573090,-0.740063,0.000000,500.002213
464828,0.062698,0.440168,-0.073788,-0.012722,-0.351955,0.573038,-0.739995,0.000000,500.002213
464832,0.062687,0.440170,-0.073793,-0.012728,-0.351723,0.573093,-0.740063,0.000000,500.001869
464835,0.062691,0.440166,-0.073793,-0.012732,-0.351790,0.573121,-0.740009,0.000343,500.001869
464839,0.062698,0.440169,-0.073789,-0.012697,-0.351892,0.573043,-0.740022,0.000000,500.001869
464842,0.062704,0.440166,-0.073779,-0.012756,-0.351797,0.573134,-0.739995,0.000000,500.002213
464846,0.062715,0.440162,-0.073770,-0.012760,-0.351870,0.573095,-0.739991,0.000000,500.001869
464849,0.062727,0.440159,-0.073764,-0.012789,-0.351924,0.573124,-0.739942,0.000000,500.001869
464853,0.062732,0.440161,-0.073765,-0.012816,-0.351707,0.573186,-0.739997,0.000000,500.001869
464857,0.062743,0.440159,-0.073771,-0.012789,-0.351902,0.573116,-0.739959,0.000000,500.001869
464860,0.062743,0.440159,-0.073775,-0.012761,-0.351868,0.573145,-0.739954,0.000000,500.001526
464864,0.062738,0.440164,-0.073783,-0.012758,-0.351712,0.573226,-0.739964,0.000000,500.001526
464867,0.062733,0.440159,-0.073786,-0.012748,-0.351771,0.573224,-0.739938,0.000000,500.001869
464871,0.062724,0.440161,-0.073785,-0.012738,-0.351838,0.573193,-0.739931,0.000000,500.001526
464874,0.062722,0.440163,-0.073783,-0.012741,-0.351743,0.573211,-0.739962,0.000000,500.001526
464878,0.062727,0.440158,-0.073779,-0.012729,-0.351865,0.573182,-0.739926,0.000000,500.001526
464881,0.062739,0.440156,-0.073776,-0.012715,-0.351887,0.573213,-0.739892,0.000000,500.001183
464885,0.062750,0.440158,-0.073766,-0.012784,-0.351672,0.573292,-0.739933,0.000000,500.001526
464888,0.062760,0.440154,-0.073762,-0.012789,-0.351689,0.573319,-0.739903,0.000000,500.001183
464892,0.062776,0.440151,-0.073753,-0.012766,-0.351860,0.573230,-0.739891,0.000000,500.001183
464895,0.062780,0.440148,-0.073751,-0.012789,-0.351782,0.573301,-0.739872,0.000000,500.000839
464899,0.062786,0.440149,-0.073754,-0.012808,-0.351777,0.573305,-0.739872,0.000000,500.000839
464903,0.062785,0.440149,-0.073763,-0.012812,-0.351749,0.573307,-0.739884,0.000000,500.000839
464906,0.062775,0.440150,-0.073773,-0.012799,-0.351682,0.573350,-0.739882,0.000000,500.000839
464910,0.062766,0.440147,-0.073783,-0.012773,-0.351833,0.573297,-0.739852,0.000000,500.000496
464913,0.062754,0.440151,-0.073793,-0.012736,-0.351827,0.573298,-0.739855,0.000343,500.000496
464917,0.062733,0.440153,-0.073794,-0.012763,-0.351628,0.573365,-0.739897,0.000000,500.000496
464920,0.062724,0.440155,-0.073795,-0.012720,-0.351706,0.573378,-0.739851,0.000000,500.000153
464924,0.062722,0.440152,-0.073792,-0.012728,-0.351809,0.573303,-0.739859,0.000343,499.999809
464927,0.062724,0.440151,-0.073788,-0.012745,-0.351737,0.573369,-0.739843,0.000343,499.999809
464931,0.062737,0.440149,-0.073783,-0.012730,-0.351794,0.573371,-0.739814,0.000343,499.999466
464934,0.062753,0.440144,-0.073779,-0.012773,-0.351824,0.573405,-0.739772,0.000000,499.999466
464938,0.062764,0.440147,-0.073771,-0.012809,-0.351631,0.573422,-0.739850,0.000343,499.999466
464941,0.062776,0.440142,-0.073768,-0.012812,-0.351620,0.573504,-0.739792,0.000000,499.998779
464945,0.062784,0.440141,-0.073766,-0.012801,-0.351830,0.573390,-0.739781,0.000343,499.998779
464949,0.062781,0.440142,-0.073771,-0.012807,-0.351596,0.573467,-0.739832,0.000343,499.998436
464952,0.062778,0.440142,-0.073777,-0.012776,-0.351668,0.573482,-0.739787,0.000343,499.998436
464956,0.062770,0.440145,-0.073783,-0.012763,-0.351761,0.573425,-0.739787,0.000000,499.998436
464959,0.062761,0.440145,-0.073785,-0.012766,-0.351672,0.573465,-0.739798,0.000343,499.998093
464963,0.062747,0.440144,-0.073783,-0.012771,-0.351746,0.573424,-0.739795,0.000000,499.997749
464967,0.062744,0.440146,-0.073777,-0.012781,-0.351630,0.573472,-0.739813,0.000000,499.997749
464970,0.062741,0.440147,-0.073771,-0.012803,-0.351593,0.573475,-0.739827,0.000343,499.997749
464974,0.062750,0.440139,-0.073762,-0.012767,-0.351816,0.573467,-0.739728,0.000000,499.997406
464977,0.062758,0.440142,-0.073759,-0.012761,-0.351829,0.573451,-0.739735,0.000343,499.997406
464981,0.062765,0.440140,-0.073760,-0.012807,-0.351621,0.573553,-0.739754,0.000000,499.997749
464984,0.062773,0.440140,-0.073761,-0.012807,-0.351661,0.573547,-0.739739,0.000000,499.997406
464988,0.062771,0.440139,-0.073767,-0.012802,-0.351702,0.573506,-0.739752,0.000000,499.996719
464991,0.062767,0.440139,-0.073769,-0.012814,-0.351615,0.573554,-0.739756,0.000000,499.997063
464995,0.062763,0.440135,-0.073775,-0.012784,-0.351741,0.573515,-0.739726,0.000343,499.997063
464998,0.062761,0.440137,-0.073778,-0.012754,-0.351789,0.573501,-0.739715,0.000343,499.997063
465002,0.062752,0.440141,-0.073777,-0.012785,-0.351560,0.573560,-0.739777,0.000343,499.997063
465005,0.062753,0.440143,-0.073774,-0.012780,-0.351616,0.573595,-0.739724,0.000343,499.997063
465009,0.062756,0.440137,-0.073766,-0.012728,-0.351798,0.573544,-0.739678,0.000343,499.997063
465013,0.062756,0.440136,-0.073751,-0.012815,-0.351614,0.573629,-0.739698,0.000000,499.997063
465016,0.062764,0.440135,-0.073748,-0.012801,-0.351708,0.573563,-0.739705,0.000000,499.997063
465020,0.062768,0.440135,-0.073743,-0.012828,-0.351649,0.573574,-0.739724,0.000343,499.997063
465023,0.062773,0.440136,-0.073744,-0.012845,-0.351553,0.573615,-0.739738,0.000343,499.997063
465027,0.062783,0.440131,-0.073755,-0.012785,-0.351777,0.573586,-0.739654,0.000000,499.996719
465031,0.062780,0.440131,-0.073763,-0.012822,-0.351563,0.573672,-0.739689,0.000343,499.997063
465034,0.062780,0.440136,-0.073769,-0.012818,-0.351549,0.573636,-0.739724,0.000343,499.997063
465037,0.062778,0.440136,-0.073778,-0.012764,-0.351607,0.573644,-0.739691,0.000343,499.996719
465041,0.062772,0.440132,-0.073778,-0.012791,-0.351703,0.573588,-0.739688,0.000343,499.997063
465044,0.062762,0.440134,-0.073779,-0.012768,-0.351646,0.573622,-0.739689,0.000000,499.997063
465048,0.062757,0.440135,-0.073770,-0.012819,-0.351694,0.573588,-0.739692,0.000000,499.997063
465052,0.062750,0.440135,-0.073765,-0.012819,-0.351586,0.573648,-0.739696,0.000343,499.997063
465055,0.062747,0.440137,-0.073755,-0.012842,-0.351534,0.573666,-0.739707,0.000343,499.997063
465059,0.062752,0.440129,-0.073754,-0.012769,-0.351779,0.573636,-0.739615,0.000000,499.997063
465059,0.062752,0.440129,-0.073754,-0.012769,-0.351779,0.573636,-0.739615,0.000000,499.997063
465059,0.062752,0.440129,-0.073754,-0.012769,-0.351779,0.573636,-0.739615,0.000000,499.997063
465059,0.062752,0.440129,-0.073754,-0.012769,-0.351779,0.573636,-0.739615,0.000000,499.997063
465059,0.062752,0.440129,-0.073754,-0.012769,-0.351779,0.573636,-0.739615,0.000000,499.997063
465059,0.062752,0.440129,-0.073754,-0.012769,-0.351779,0.573636,-0.739615,0.000000,499.997063
465059,0.062752,0.440129,-0.073754,-0.012769,-0.351779,0.573636,-0.739615,0.000000,499.997063
465059,0.062752,0.440129,-0.073754,-0.012769,-0.351779,0.573636,-0.739615,0.000000,499.997063
465059,0.062752,0.440129,-0.073754,-0.012769,-0.351779,0.573636,-0.739615,0.000000,499.997063
465059,0.062752,0.440129,-0.073754,-0.012769,-0.351779,0.573636,-0.739615,0.000000,499.997063
465059,0.062752,0.440129,-0.073754,-0.012769,-0.351779,0.573636,-0.739615,0.000000,499.997063
465059,0.062752,0.440129,-0.073754,-0.012769,-0.351779,0.573636,-0.739615,0.000000,499.997063
