0,0.000000,0.000000,0.000000,0.000000,0.000000,0.000000,0.000000,0.000000,0.000000
0,0.000000,0.000000,0.000000,0.000000,0.000000,0.000000,0.000000,0.000000,0.000000
0,0.000000,0.000000,0.000000,0.000000,0.000000,0.000000,0.000000,0.000000,0.000000
0,0.000000,0.000000,0.000000,0.000000,0.000000,0.000000,0.000000,0.000000,0.000000
0,0.000000,0.000000,0.000000,0.000000,0.000000,0.000000,0.000000,0.000000,0.000000
0,0.000000,0.000000,0.000000,0.000000,0.000000,0.000000,0.000000,0.000000,0.000000
0,0.000000,0.000000,0.000000,0.000000,0.000000,0.000000,0.000000,0.000000,0.000000
0,0.000000,0.000000,0.000000,0.000000,0.000000,0.000000,0.000000,0.000000,0.000000
0,0.000000,0.000000,0.000000,0.000000,0.000000,0.000000,0.000000,0.000000,0.000000
0,0.000000,0.000000,0.000000,0.000000,0.000000,0.000000,0.000000,0.000000,0.000000
0,0.000000,0.000000,0.000000,0.000000,0.000000,0.000000,0.000000,0.000000,0.000000
0,0.000000,0.000000,0.000000,0.000000,0.000000,0.000000,0.000000,0.000000,0.000000
0,0.000000,0.000000,0.000000,0.000000,0.000000,0.000000,0.000000,0.000000,0.000000
0,0.000000,0.000000,0.000000,0.000000,0.000000,0.000000,0.000000,0.000000,0.000000
0,0.000000,0.000000,0.000000,0.000000,0.000000,0.000000,0.000000,0.000000,0.000000
0,0.000000,0.000000,0.000000,0.000000,0.000000,0.000000,0.000000,0.000000,0.000000
0,0.000000,0.000000,0.000000,0.000000,0.000000,0.000000,0.000000,0.000000,0.000000
0,0.000000,0.000000,0.000000,0.000000,0.000000,0.000000,0.000000,0.000000,0.000000
0,0.000000,0.000000,0.000000,0.000000,0.000000,0.000000,0.000000,0.000000,0.000000
0,0.000000,0.000000,0.000000,0.000000,0.000000,0.000000,0.000000,0.000000,0.000000
0,0.000000,0.000000,0.000000,0.000000,0.000000,0.000000,0.000000,0.000000,0.000000
0,0.000000,0.000000,0.000000,0.000000,0.000000,0.000000,0.000000,0.000000,0.000000
0,0.000000,0.000000,0.000000,0.000000,0.000000,0.000000,0.000000,0.000000,0.000000
0,0.000000,0.000000,0.000000,0.000000,0.000000,0.000000,0.000000,0.000000,0.000000
0,0.000000,0.000000,0.000000,0.000000,0.000000,0.000000,0.000000,0.000000,0.000000
0,0.000000,0.000000,0.000000,0.000000,0.000000,0.000000,0.000000,0.000000,0.000000
42705,0.000444,0.450434,-0.049456,0.001350,-0.000393,-0.002347,-0.999996,0.000000,0.000000
42709,0.000473,0.450438,-0.049450,0.001346,-0.000362,-0.002325,-0.999996,0.000343,0.000000
42713,0.000501,0.450444,-0.049436,0.001359,-0.000365,-0.002288,-0.999996,0.000687,0.000000
42716,0.000510,0.450443,-0.049423,0.001298,-0.000329,-0.002256,-0.999997,0.000687,0.000000
42719,0.000502,0.450439,-0.049406,0.001152,-0.000300,-0.002226,-0.999997,0.000687,0.000000
42723,0.000489,0.450435,-0.049384,0.001271,-0.000400,-0.002278,-0.999997,0.000687,0.000000
42727,0.000473,0.450432,-0.049380,0.001171,-0.000307,-0.002306,-0.999997,0.000343,0.000000
42730,0.000473,0.450434,-0.049387,0.001215,-0.000355,-0.002338,-0.999996,0.000687,0.000000
42734,0.000484,0.450442,-0.049406,0.001340,-0.000386,-0.002277,-0.999996,0.000687,-0.000343
42737,0.000478,0.450444,-0.049428,0.001405,-0.000418,-0.002270,-0.999996,0.000687,0.000000
42741,0.000456,0.450438,-0.049445,0.001380,-0.000355,-0.002319,-0.999996,0.000687,0.000000
42745,0.000430,0.450438,-0.049452,0.001363,-0.000376,-0.002328,-0.999996,0.000687,0.000000
42748,0.000423,0.450437,-0.049454,0.001380,-0.000406,-0.002385,-0.999996,0.000687,0.000000
42751,0.000433,0.450438,-0.049453,0.001344,-0.000383,-0.002413,-0.999996,0.000343,0.000000
42755,0.000469,0.450444,-0.049449,0.001372,-0.000371,-0.002253,-0.999996,0.000343,0.000000
42759,0.000498,0.450439,-0.049432,0.001280,-0.000331,-0.002218,-0.999997,0.000687,0.000000
42762,0.000503,0.450440,-0.049412,0.001207,-0.000305,-0.002218,-0.999997,0.000687,0.000000
42766,0.000496,0.450436,-0.049381,0.001188,-0.000369,-0.002267,-0.999997,0.000687,0.000000
42769,0.000480,0.450438,-0.049368,0.001201,-0.000374,-0.002238,-0.999997,0.000687,0.000000
42769,0.000480,0.450438,-0.049368,0.001201,-0.000374,-0.002238,-0.999997,0.000687,0.000000
42769,0.000480,0.450438,-0.049368,0.001201,-0.000374,-0.002238,-0.999997,0.000687,0.000000
42769,0.000480,0.450438,-0.049368,0.001201,-0.000374,-0.002238,-0.999997,0.000687,0.000000
42769,0.000480,0.450438,-0.049368,0.001201,-0.000374,-0.002238,-0.999997,0.000343,0.000000
42769,0.000480,0.450438,-0.049368,0.001201,-0.000374,-0.002238,-0.999997,0.000687,0.000000
42769,0.000480,0.450438,-0.049368,0.001201,-0.000374,-0.002238,-0.999997,0.000687,0.000000
42769,0.000480,0.450438,-0.049368,0.001201,-0.000374,-0.002238,-0.999997,0.000343,0.000000
42769,0.000480,0.450438,-0.049368,0.001201,-0.000374,-0.002238,-0.999997,0.000687,0.000000
42769,0.000480,0.450438,-0.049368,0.001201,-0.000374,-0.002238,-0.999997,0.000687,0.000000
42769,0.000480,0.450438,-0.049368,0.001201,-0.000374,-0.002238,-0.999997,0.000687,0.000000
42769,0.000480,0.450438,-0.049368,0.001201,-0.000374,-0.002238,-0.999997,0.000687,0.000000
42769,0.000480,0.450438,-0.049368,0.001201,-0.000374,-0.002238,-0.999997,0.000687,0.000000
42769,0.000480,0.450438,-0.049368,0.001201,-0.000374,-0.002238,-0.999997,0.000687,0.000000
42769,0.000480,0.450438,-0.049368,0.001201,-0.000374,-0.002238,-0.999997,0.000343,0.000000
42769,0.000480,0.450438,-0.049368,0.001201,-0.000374,-0.002238,-0.999997,0.000343,0.000000
42769,0.000480,0.450438,-0.049368,0.001201,-0.000374,-0.002238,-0.999997,0.000343,0.000000
42769,0.000480,0.450438,-0.049368,0.001201,-0.000374,-0.002238,-0.999997,0.000343,0.000000
42769,0.000480,0.450438,-0.049368,0.001201,-0.000374,-0.002238,-0.999997,0.000687,0.000000
42769,0.000480,0.450438,-0.049368,0.001201,-0.000374,-0.002238,-0.999997,0.000687,0.000000
42769,0.000480,0.450438,-0.049368,0.001201,-0.000374,-0.002238,-0.999997,0.000343,0.000000
42769,0.000480,0.450438,-0.049368,0.001201,-0.000374,-0.002238,-0.999997,0.000687,0.000000
42769,0.000480,0.450438,-0.049368,0.001201,-0.000374,-0.002238,-0.999997,0.000687,0.000000
42769,0.000480,0.450438,-0.049368,0.001201,-0.000374,-0.002238,-0.999997,0.000343,0.000000
42769,0.000480,0.450438,-0.049368,0.001201,-0.000374,-0.002238,-0.999997,0.000687,0.000000
42769,0.000480,0.450438,-0.049368,0.001201,-0.000374,-0.002238,-0.999997,0.000687,0.000000
42769,0.000480,0.450438,-0.049368,0.001201,-0.000374,-0.002238,-0.999997,0.000343,0.000000
42769,0.000480,0.450438,-0.049368,0.001201,-0.000374,-0.002238,-0.999997,0.000687,0.000000
42769,0.000480,0.450438,-0.049368,0.001201,-0.000374,-0.002238,-0.999997,0.000343,0.000000
42769,0.000480,0.450438,-0.049368,0.001201,-0.000374,-0.002238,-0.999997,0.000343,0.000000
42876,0.000449,0.450435,-0.049412,0.001377,-0.000413,-0.002373,-0.999996,0.000343,0.000000
42879,0.000443,0.450436,-0.049420,0.001363,-0.000396,-0.002355,-0.999996,0.000343,0.000343
42883,0.000441,0.450435,-0.049433,0.001311,-0.000359,-0.002334,-0.999996,0.000687,0.000000
42886,0.000447,0.450435,-0.049444,0.001381,-0.000380,-0.002366,-0.999996,0.000343,0.000000
42890,0.000462,0.450441,-0.049447,0.001407,-0.000404,-0.002293,-0.999996,0.000343,-0.000343
42893,0.000458,0.450437,-0.049448,0.001405,-0.000403,-0.002346,-0.999996,0.000343,0.000000
42897,0.000459,0.450435,-0.049439,0.001334,-0.000365,-0.002296,-0.999996,0.000343,-0.000343
42901,0.000457,0.450436,-0.049430,0.001315,-0.000350,-0.002286,-0.999996,0.000687,-0.000343
42904,0.000458,0.450435,-0.049423,0.001264,-0.000324,-0.002298,-0.999997,0.000343,0.000000
42908,0.000462,0.450437,-0.049415,0.001316,-0.000352,-0.002302,-0.999996,0.000343,0.000000
42911,0.000464,0.450435,-0.049410,0.001325,-0.000368,-0.002268,-0.999996,0.000343,0.000000
42915,0.000460,0.450434,-0.049407,0.001238,-0.000348,-0.002309,-0.999997,0.000343,0.000000
42918,0.000457,0.450434,-0.049404,0.001215,-0.000300,-0.002301,-0.999997,0.000343,-0.000343
42922,0.000456,0.450436,-0.049400,0.001299,-0.000383,-0.002330,-0.999996,0.006866,-0.000343
42925,0.000452,0.450436,-0.049404,0.001247,-0.000341,-0.002271,-0.999997,0.400658,0.000000
42929,0.000501,0.450441,-0.049389,0.001108,-0.000412,-0.002016,-0.999997,1.868019,-0.000343
42932,0.000698,0.450469,-0.049301,0.000556,-0.000498,-0.000675,-1.000000,4.120216,0.000000
42936,0.001317,0.450575,-0.049025,-0.001209,-0.000485,0.003390,-0.999993,6.580124,0.000000
42940,0.001873,0.450644,-0.048801,-0.002983,-0.000522,0.006937,-0.999971,9.394684,0.000000
42943,0.002193,0.450693,-0.048672,-0.003781,-0.000523,0.008726,-0.999955,11.201591,0.000000
42947,0.002471,0.450731,-0.048535,-0.004502,-0.000431,0.010369,-0.999936,11.895103,0.000000
42950,0.002458,0.450726,-0.048516,-0.004457,-0.000429,0.010169,-0.999938,11.622505,0.000000
42954,0.002415,0.450721,-0.048469,-0.004450,-0.000449,0.010150,-0.999939,10.584984,0.000000
42957,0.002346,0.450710,-0.048437,-0.004476,-0.000455,0.009909,-0.999941,9.480171,0.000000
42961,0.002207,0.450700,-0.048473,-0.004325,-0.000320,0.009408,-0.999946,8.612251,0.000000
42965,0.002226,0.450703,-0.048455,-0.004366,-0.000346,0.009642,-0.999944,8.451233,-0.000343
42968,0.002231,0.450707,-0.048492,-0.004262,-0.000376,0.009533,-0.999945,9.003296,-0.000343
42972,0.002294,0.450710,-0.048510,-0.004312,-0.000411,0.009683,-0.999944,10.236855,0.000000
42975,0.002382,0.450720,-0.048502,-0.004513,-0.000409,0.010119,-0.999939,11.399345,0.000000
42979,0.002439,0.450732,-0.048504,-0.004624,-0.000452,0.010460,-0.999935,12.463989,-0.000343
42982,0.002558,0.450751,-0.048447,-0.005115,-0.000446,0.011388,-0.999922,13.086090,-0.000343
42986,0.002599,0.450758,-0.048421,-0.005242,-0.000526,0.011712,-0.999918,13.136559,-0.000343
42989,0.002558,0.450758,-0.048439,-0.005144,-0.000526,0.011481,-0.999921,12.830658,0.000000
42993,0.002594,0.450754,-0.048400,-0.005380,-0.000383,0.011731,-0.999917,12.306747,0.000000
42996,0.002567,0.450750,-0.048406,-0.005322,-0.000326,0.011538,-0.999919,11.985397,0.000000
43000,0.002607,0.450754,-0.048374,-0.005215,-0.000473,0.011619,-0.999919,11.974068,-0.000343
43003,0.002626,0.450751,-0.048352,-0.005397,-0.000414,0.011754,-0.999916,12.297134,0.000000
43007,0.002604,0.450750,-0.048359,-0.005214,-0.000462,0.011530,-0.999920,13.047295,-0.000343
43011,0.002668,0.450755,-0.048308,-0.005583,-0.000491,0.012056,-0.999912,13.864746,-0.000343
43014,0.002753,0.450769,-0.048269,-0.005861,-0.000559,0.012733,-0.999902,14.579887,-0.000343
43018,0.002892,0.450781,-0.048202,-0.006394,-0.000614,0.013729,-0.999885,15.163536,-0.000343
43021,0.002941,0.450792,-0.048210,-0.006365,-0.000685,0.013948,-0.999882,15.349274,-0.000343
43025,0.002968,0.450794,-0.048226,-0.006453,-0.000543,0.014066,-0.999880,15.336571,-0.000343
43029,0.002990,0.450800,-0.048230,-0.006440,-0.000573,0.014197,-0.999878,15.228424,0.000000
43032,0.002973,0.450799,-0.048229,-0.006411,-0.000635,0.014120,-0.999880,15.127831,-0.000343
43035,0.002961,0.450795,-0.048219,-0.006435,-0.000629,0.014071,-0.999880,15.145683,-0.000343
43039,0.002930,0.450790,-0.048215,-0.006526,-0.000563,0.014086,-0.999879,15.389786,-0.000343
43042,0.002938,0.450792,-0.048210,-0.006490,-0.000576,0.014039,-0.999880,15.807953,-0.000343
43046,0.003055,0.450803,-0.048160,-0.006758,-0.000615,0.014682,-0.999869,16.378212,0.000000
43050,0.003229,0.450823,-0.048084,-0.007227,-0.000570,0.015644,-0.999851,16.951904,-0.000343
43053,0.003311,0.450831,-0.048049,-0.007391,-0.000605,0.016071,-0.999843,17.357025,-0.000343
43057,0.003338,0.450831,-0.048024,-0.007554,-0.000561,0.016326,-0.999838,17.528343,0.000000
43061,0.003325,0.450834,-0.048002,-0.007584,-0.000582,0.016340,-0.999838,17.516327,-0.000343
43064,0.003295,0.450831,-0.047991,-0.007642,-0.000592,0.016270,-0.999838,17.420540,-0.000343
43067,0.003286,0.450832,-0.047982,-0.007737,-0.000592,0.016364,-0.999836,17.286644,-0.000343
43071,0.003273,0.450829,-0.047995,-0.007730,-0.000526,0.016264,-0.999838,17.252312,0.000000
43075,0.003300,0.450836,-0.048013,-0.007589,-0.000598,0.016364,-0.999837,17.317886,-0.000343
43078,0.003321,0.450839,-0.048025,-0.007563,-0.000586,0.016400,-0.999837,17.529030,-0.000343
43082,0.003349,0.450841,-0.048035,-0.007643,-0.000583,0.016511,-0.999834,17.943077,-0.000343
43085,0.003406,0.450848,-0.048009,-0.007736,-0.000727,0.016846,-0.999828,18.360214,0.000000
43089,0.003478,0.450855,-0.047969,-0.008062,-0.000625,0.017427,-0.999816,18.697701,0.000000
43092,0.003507,0.450858,-0.047949,-0.008171,-0.000605,0.017631,-0.999811,18.961716,-0.000343
43096,0.003550,0.450865,-0.047918,-0.008267,-0.000678,0.017966,-0.999804,19.060936,-0.000343
43099,0.003573,0.450867,-0.047899,-0.008279,-0.000664,0.017992,-0.999804,19.074669,-0.000343
43103,0.003585,0.450863,-0.047877,-0.008458,-0.000590,0.018103,-0.999800,19.074326,-0.000343
43107,0.003596,0.450861,-0.047851,-0.008465,-0.000615,0.018149,-0.999799,19.075699,-0.000343
43110,0.003588,0.450861,-0.047842,-0.008499,-0.000622,0.018146,-0.999799,19.148483,-0.000343
43113,0.003579,0.450861,-0.047837,-0.008517,-0.000640,0.018096,-0.999800,19.337311,-0.000343
43117,0.003593,0.450865,-0.047830,-0.008667,-0.000608,0.018366,-0.999794,19.643555,0.000000
43121,0.003651,0.450875,-0.047818,-0.008744,-0.000639,0.018708,-0.999787,19.959755,-0.000343
43124,0.003712,0.450880,-0.047811,-0.008887,-0.000629,0.019090,-0.999778,20.214844,0.000000
43128,0.003780,0.450879,-0.047821,-0.009112,-0.000551,0.019162,-0.999775,20.464439,0.000000
43132,0.003831,0.450887,-0.047821,-0.009224,-0.000515,0.019393,-0.999769,20.616531,-0.000343
43135,0.003850,0.450888,-0.047814,-0.009257,-0.000508,0.019503,-0.999767,20.691032,-0.000343
43138,0.003851,0.450890,-0.047803,-0.009352,-0.000459,0.019608,-0.999764,20.727081,-0.000343
43142,0.003844,0.450895,-0.047773,-0.009128,-0.000623,0.019763,-0.999763,20.788536,-0.000343
43146,0.003837,0.450882,-0.047750,-0.009454,-0.000474,0.019641,-0.999762,20.916252,-0.000343
43149,0.003847,0.450882,-0.047726,-0.009481,-0.000474,0.019711,-0.999761,21.088257,0.000000
43153,0.003902,0.450889,-0.047690,-0.009664,-0.000557,0.020042,-0.999752,21.355362,0.000000
43156,0.003957,0.450894,-0.047668,-0.009796,-0.000558,0.020276,-0.999746,21.576805,-0.000343
43160,0.004015,0.450898,-0.047648,-0.010039,-0.000509,0.020640,-0.999737,21.831551,-0.000343
43163,0.004047,0.450902,-0.047644,-0.010043,-0.000551,0.020771,-0.999734,22.022781,-0.000343
43167,0.004067,0.450905,-0.047636,-0.010225,-0.000510,0.021020,-0.999727,22.157707,0.000000
43171,0.004076,0.450910,-0.047640,-0.010243,-0.000563,0.021175,-0.999723,22.276154,0.000000
43174,0.004088,0.450912,-0.047638,-0.010273,-0.000560,0.021244,-0.999721,22.389450,0.000000
43177,0.004109,0.450917,-0.047639,-0.010222,-0.000616,0.021292,-0.999721,22.491074,0.000000
43181,0.004137,0.450916,-0.047639,-0.010439,-0.000502,0.021476,-0.999715,22.641449,0.000000
43185,0.004179,0.450922,-0.047624,-0.010409,-0.000575,0.021683,-0.999711,22.795944,-0.000343
43188,0.004203,0.450923,-0.047608,-0.010536,-0.000591,0.021903,-0.999704,22.985115,0.000000
43192,0.004222,0.450922,-0.047581,-0.010701,-0.000550,0.022035,-0.999700,23.227158,-0.000343
43195,0.004240,0.450923,-0.047557,-0.010784,-0.000528,0.022227,-0.999695,23.440361,-0.000343
43199,0.004269,0.450924,-0.047527,-0.010879,-0.000561,0.022438,-0.999689,23.604813,-0.000343
43202,0.004300,0.450929,-0.047509,-0.011009,-0.000502,0.022637,-0.999683,23.792953,0.000000
43206,0.004343,0.450931,-0.047492,-0.011034,-0.000549,0.022816,-0.999679,23.928566,0.000000
43209,0.004375,0.450937,-0.047479,-0.011131,-0.000534,0.023056,-0.999672,24.059372,-0.000343
43213,0.004399,0.450936,-0.047468,-0.011197,-0.000505,0.023109,-0.999670,24.174385,-0.000343
43217,0.004423,0.450939,-0.047454,-0.011227,-0.000564,0.023306,-0.999665,24.331627,0.000000
43220,0.004439,0.450942,-0.047444,-0.011182,-0.000699,0.023409,-0.999663,24.474792,-0.000343
43224,0.004463,0.450943,-0.047432,-0.011393,-0.000620,0.023628,-0.999656,24.677010,-0.000343
43227,0.004488,0.450946,-0.047428,-0.011405,-0.000675,0.023773,-0.999652,24.868584,0.000000
43231,0.004535,0.450955,-0.047416,-0.011511,-0.000712,0.024104,-0.999643,25.041275,0.000000
43234,0.004564,0.450956,-0.047410,-0.011562,-0.000721,0.024239,-0.999639,25.205040,-0.000343
43238,0.004600,0.450962,-0.047399,-0.011756,-0.000669,0.024516,-0.999630,25.363312,0.000000
43241,0.004619,0.450966,-0.047390,-0.011730,-0.000727,0.024598,-0.999628,25.485535,0.000000
43245,0.004634,0.450965,-0.047377,-0.011903,-0.000661,0.024776,-0.999622,25.600548,-0.000343
43248,0.004643,0.450966,-0.047362,-0.011939,-0.000661,0.024836,-0.999620,25.728951,-0.000343
43252,0.004667,0.450972,-0.047339,-0.012037,-0.000715,0.025046,-0.999614,25.833664,-0.000343
43256,0.004693,0.450970,-0.047319,-0.012201,-0.000672,0.025172,-0.999608,26.009102,0.000000
43259,0.004730,0.450974,-0.047297,-0.012344,-0.000629,0.025353,-0.999602,26.173897,-0.000343
43263,0.004786,0.450982,-0.047273,-0.012400,-0.000705,0.025643,-0.999594,26.382637,-0.000343
43266,0.004819,0.450983,-0.047256,-0.012582,-0.000696,0.025838,-0.999587,26.568718,-0.000343
43270,0.004843,0.450986,-0.047245,-0.012684,-0.000694,0.026013,-0.999581,26.723557,0.000000
43273,0.004855,0.450987,-0.047235,-0.012763,-0.000690,0.026163,-0.999576,26.843719,-0.000343
43277,0.004867,0.450989,-0.047230,-0.012797,-0.000730,0.026269,-0.999573,26.962166,-0.000343
43281,0.004881,0.450994,-0.047229,-0.012863,-0.000723,0.026391,-0.999569,27.079582,-0.000343
43284,0.004899,0.450999,-0.047230,-0.012880,-0.000756,0.026496,-0.999566,27.191849,0.000000
43288,0.004927,0.451000,-0.047232,-0.012999,-0.000710,0.026669,-0.999560,27.360764,-0.000343
43291,0.004952,0.451003,-0.047226,-0.013060,-0.000717,0.026807,-0.999555,27.538605,-0.000343
43295,0.004993,0.451009,-0.047205,-0.013079,-0.000752,0.027074,-0.999548,27.719536,0.000000
43298,0.005020,0.451011,-0.047186,-0.013150,-0.000793,0.027230,-0.999542,27.879181,0.000000
43302,0.005049,0.451010,-0.047160,-0.013419,-0.000685,0.027445,-0.999533,28.064575,0.000000
43305,0.005074,0.451010,-0.047134,-0.013433,-0.000722,0.027580,-0.999529,28.194008,0.000000
43309,0.005107,0.451012,-0.047102,-0.013565,-0.000744,0.027833,-0.999520,28.326874,-0.000343
43312,0.005127,0.451013,-0.047080,-0.013616,-0.000714,0.027855,-0.999519,28.440857,0.000000
43316,0.005153,0.451012,-0.047063,-0.013787,-0.000688,0.028133,-0.999509,28.549347,-0.000343
43319,0.005170,0.451013,-0.047055,-0.013719,-0.000758,0.028214,-0.999507,28.708992,-0.000343
43323,0.005198,0.451014,-0.047048,-0.013945,-0.000673,0.028454,-0.999498,28.883743,0.000000
43326,0.005221,0.451018,-0.047049,-0.013981,-0.000692,0.028624,-0.999492,29.044418,0.000000
43330,0.005258,0.451025,-0.047046,-0.014062,-0.000726,0.028865,-0.999484,29.236336,0.000000
43334,0.005280,0.451025,-0.047049,-0.014212,-0.000640,0.029038,-0.999477,29.396667,-0.000343
43337,0.005303,0.451029,-0.047045,-0.014282,-0.000664,0.029248,-0.999470,29.562836,-0.000343
43341,0.005334,0.451033,-0.047036,-0.014275,-0.000719,0.029366,-0.999467,29.682312,0.000000
43344,0.005357,0.451035,-0.047024,-0.014376,-0.000665,0.029531,-0.999460,29.805908,-0.000343
43348,0.005381,0.451032,-0.047005,-0.014445,-0.000646,0.029626,-0.999456,29.932594,-0.000343
43351,0.005401,0.451036,-0.046984,-0.014541,-0.000614,0.029805,-0.999450,30.065460,0.000000
43355,0.005425,0.451032,-0.046955,-0.014616,-0.000606,0.029888,-0.999446,30.223389,-0.000343
43359,0.005457,0.451033,-0.046928,-0.014760,-0.000588,0.030134,-0.999437,30.388870,-0.000343
43362,0.005487,0.451035,-0.046906,-0.014824,-0.000636,0.030286,-0.999431,30.557442,0.000000
43366,0.005526,0.451037,-0.046885,-0.014997,-0.000560,0.030564,-0.999420,30.757599,0.000000
43369,0.005554,0.451041,-0.046877,-0.015049,-0.000540,0.030654,-0.999417,30.905571,-0.000343
43373,0.005589,0.451048,-0.046864,-0.015095,-0.000615,0.030927,-0.999408,31.048050,0.000000
43376,0.005607,0.451052,-0.046856,-0.015048,-0.000722,0.031006,-0.999406,31.191559,0.000000
43380,0.005616,0.451048,-0.046859,-0.015317,-0.000543,0.031158,-0.999397,31.310692,0.000000
43383,0.005632,0.451054,-0.046853,-0.015206,-0.000675,0.031223,-0.999397,31.427078,0.000000
43387,0.005655,0.451057,-0.046851,-0.015392,-0.000552,0.031399,-0.999388,31.562004,-0.000343
43390,0.005678,0.451058,-0.046842,-0.015329,-0.000656,0.031477,-0.999387,31.734695,-0.000343
43394,0.005720,0.451063,-0.046822,-0.015446,-0.000659,0.031768,-0.999376,31.897087,-0.000343
43398,0.005764,0.451063,-0.046797,-0.015591,-0.000648,0.031978,-0.999367,32.064285,-0.000343
43401,0.005791,0.451062,-0.046777,-0.015751,-0.000583,0.032168,-0.999358,32.255516,-0.000343
43405,0.005829,0.451066,-0.046748,-0.015787,-0.000647,0.032341,-0.999352,32.389412,0.000000
43408,0.005849,0.451067,-0.046731,-0.015940,-0.000648,0.032552,-0.999343,32.536697,-0.000343
43412,0.005866,0.451064,-0.046716,-0.016073,-0.000570,0.032627,-0.999338,32.645874,0.000000
43416,0.005889,0.451069,-0.046706,-0.016052,-0.000653,0.032798,-0.999333,32.753334,0.000000
43419,0.005905,0.451072,-0.046704,-0.016107,-0.000620,0.032916,-0.999328,32.908859,-0.000343
43423,0.005928,0.451072,-0.046704,-0.016243,-0.000611,0.033090,-0.999320,33.093224,-0.000343
43426,0.005955,0.451076,-0.046702,-0.016275,-0.000636,0.033268,-0.999314,33.282394,0.000000
43430,0.006001,0.451084,-0.046688,-0.016435,-0.000658,0.033577,-0.999301,33.540916,-0.000343
43433,0.006034,0.451084,-0.046682,-0.016565,-0.000634,0.033806,-0.999291,33.804245,0.000000
43437,0.006093,0.451091,-0.046654,-0.016744,-0.000645,0.034219,-0.999274,34.024315,-0.000343
43440,0.006132,0.451092,-0.046633,-0.016839,-0.000682,0.034457,-0.999264,34.246788,0.000000
43444,0.006180,0.451092,-0.046596,-0.017133,-0.000622,0.034812,-0.999247,34.473038,0.000000
43448,0.006224,0.451095,-0.046554,-0.017286,-0.000693,0.035110,-0.999234,34.656715,-0.000343
43451,0.006248,0.451097,-0.046529,-0.017384,-0.000725,0.035273,-0.999226,34.814301,0.000000
43454,0.006269,0.451096,-0.046507,-0.017424,-0.000730,0.035370,-0.999222,35.020638,-0.000343
43458,0.006301,0.451096,-0.046486,-0.017661,-0.000665,0.035645,-0.999208,35.216675,0.000000
43461,0.006328,0.451097,-0.046473,-0.017681,-0.000720,0.035769,-0.999203,35.439491,0.000000
43465,0.006376,0.451103,-0.046464,-0.017838,-0.000699,0.036106,-0.999189,35.670891,-0.000343
43469,0.006431,0.451108,-0.046458,-0.017928,-0.000684,0.036389,-0.999177,35.871048,0.000000
43472,0.006475,0.451118,-0.046452,-0.017966,-0.000720,0.036632,-0.999167,36.125793,0.000000
43476,0.006532,0.451120,-0.046439,-0.018084,-0.000685,0.036939,-0.999154,36.337967,0.000000
43479,0.006569,0.451121,-0.046422,-0.018295,-0.000630,0.037175,-0.999141,36.550484,-0.000343
43483,0.006608,0.451124,-0.046396,-0.018256,-0.000741,0.037407,-0.999133,36.751328,0.000000
43487,0.006636,0.451123,-0.046365,-0.018500,-0.000653,0.037650,-0.999120,36.931915,-0.000343
43490,0.006657,0.451123,-0.046340,-0.018580,-0.000654,0.037802,-0.999112,37.088127,0.000000
43493,0.006681,0.451125,-0.046313,-0.018738,-0.000631,0.038035,-0.999101,37.283821,0.000000
43497,0.006722,0.451126,-0.046281,-0.018767,-0.000720,0.038259,-0.999091,37.528267,0.000000
43501,0.006766,0.451128,-0.046253,-0.019010,-0.000664,0.038601,-0.999074,37.761383,0.000000
43504,0.006812,0.451137,-0.046230,-0.018984,-0.000809,0.038839,-0.999065,37.986603,0.000000
43508,0.006866,0.451145,-0.046207,-0.019165,-0.000782,0.039200,-0.999047,38.231392,0.000000
43511,0.006905,0.451144,-0.046192,-0.019320,-0.000744,0.039397,-0.999037,38.461418,0.000000
43515,0.006954,0.451151,-0.046173,-0.019474,-0.000799,0.039768,-0.999019,38.648872,0.000000
43518,0.006990,0.451151,-0.046160,-0.019499,-0.000815,0.039925,-0.999012,38.835640,0.000000
43522,0.007031,0.451151,-0.046139,-0.019753,-0.000710,0.040237,-0.998995,39.016914,0.000000
43526,0.007069,0.451152,-0.046121,-0.019838,-0.000786,0.040482,-0.998983,39.179993,0.000000
43529,0.007094,0.451154,-0.046110,-0.019930,-0.000807,0.040692,-0.998973,39.383926,-0.000343
43533,0.007120,0.451154,-0.046100,-0.020123,-0.000701,0.040894,-0.998961,39.629059,-0.000343
43536,0.007142,0.451154,-0.046092,-0.020202,-0.000714,0.041068,-0.998952,39.722099,0.000000
43540,0.007175,0.451159,-0.046081,-0.020237,-0.000746,0.041304,-0.998941,39.923630,0.000000
43543,0.007198,0.451158,-0.046071,-0.020387,-0.000723,0.041527,-0.998929,40.085678,0.000000
43547,0.007236,0.451164,-0.046057,-0.020420,-0.000777,0.041731,-0.998920,40.250130,0.000000
43550,0.007262,0.451165,-0.046042,-0.020524,-0.000762,0.041941,-0.998909,40.416985,0.000000
43554,0.007291,0.451162,-0.046027,-0.020640,-0.000732,0.042029,-0.998903,40.554314,0.000000
43558,0.007326,0.451164,-0.046005,-0.020674,-0.000796,0.042201,-0.998895,40.653534,0.000000
43561,0.007348,0.451167,-0.045986,-0.020720,-0.000796,0.042303,-0.998890,40.750351,0.000000
43565,0.007368,0.451164,-0.045971,-0.020834,-0.000703,0.042399,-0.998883,40.857124,0.000000
43568,0.007384,0.451165,-0.045957,-0.020922,-0.000731,0.042533,-0.998876,40.977287,0.000000
43572,0.007412,0.451169,-0.045939,-0.020958,-0.000776,0.042670,-0.998869,41.108780,0.000000
43575,0.007432,0.451169,-0.045932,-0.021027,-0.000739,0.042793,-0.998862,41.293144,0.000000
43579,0.007463,0.451172,-0.045924,-0.021216,-0.000709,0.043028,-0.998848,41.444893,-0.000343
43582,0.007487,0.451174,-0.045918,-0.021229,-0.000745,0.043145,-0.998843,41.617241,0.000000
43586,0.007518,0.451177,-0.045912,-0.021396,-0.000689,0.043454,-0.998826,41.775513,-0.000343
43589,0.007536,0.451179,-0.045907,-0.021480,-0.000655,0.043533,-0.998821,41.921768,0.000000
43593,0.007565,0.451183,-0.045891,-0.021523,-0.000706,0.043781,-0.998809,42.031975,0.000000
43597,0.007587,0.451181,-0.045876,-0.021711,-0.000599,0.043940,-0.998798,42.129135,0.000000
43600,0.007605,0.451181,-0.045859,-0.021782,-0.000585,0.044006,-0.998794,42.236595,0.000000
43603,0.007630,0.451182,-0.045842,-0.021779,-0.000625,0.044099,-0.998790,42.379074,0.000000
43607,0.007666,0.451184,-0.045811,-0.021866,-0.000607,0.044308,-0.998778,42.522240,0.000000
43611,0.007696,0.451184,-0.045786,-0.022013,-0.000567,0.044499,-0.998767,42.662315,0.000000
43614,0.007721,0.451184,-0.045769,-0.022115,-0.000575,0.044663,-0.998757,42.830544,0.000000
43618,0.007752,0.451185,-0.045751,-0.022155,-0.000619,0.044863,-0.998747,43.009071,0.000000
43621,0.007774,0.451186,-0.045745,-0.022306,-0.000559,0.045062,-0.998735,43.164253,0.000000
43625,0.007806,0.451189,-0.045739,-0.022330,-0.000659,0.045253,-0.998726,43.292313,0.000000
43628,0.007823,0.451192,-0.045741,-0.022364,-0.000671,0.045432,-0.998717,43.403893,0.000000
43632,0.007838,0.451191,-0.045744,-0.022447,-0.000636,0.045549,-0.998710,43.536415,0.000000
43636,0.007864,0.451195,-0.045737,-0.022437,-0.000720,0.045712,-0.998702,43.639412,0.000000
43639,0.007879,0.451196,-0.045733,-0.022478,-0.000716,0.045824,-0.998696,43.767815,0.000000
43643,0.007906,0.451195,-0.045716,-0.022636,-0.000676,0.046010,-0.998684,43.917503,0.000000
43646,0.007931,0.451196,-0.045704,-0.022703,-0.000707,0.046185,-0.998675,44.052773,0.000000
43650,0.007971,0.451198,-0.045676,-0.022799,-0.000738,0.046426,-0.998661,44.207954,0.000000
43653,0.007998,0.451198,-0.045658,-0.022860,-0.000746,0.046536,-0.998655,44.388199,0.000000
43657,0.008037,0.451202,-0.045627,-0.022936,-0.000820,0.046825,-0.998640,44.535828,0.000000
43661,0.008065,0.451204,-0.045605,-0.023083,-0.000797,0.047050,-0.998625,44.661827,0.000000
43664,0.008082,0.451205,-0.045595,-0.023086,-0.000782,0.047151,-0.998621,44.803963,0.000000
43667,0.008099,0.451206,-0.045586,-0.023166,-0.000772,0.047211,-0.998616,44.932709,0.000000
43671,0.008126,0.451212,-0.045578,-0.023238,-0.000826,0.047501,-0.998601,45.042572,0.000000
43674,0.008139,0.451212,-0.045576,-0.023247,-0.000864,0.047564,-0.998597,45.159988,0.000000
43678,0.008156,0.451213,-0.045574,-0.023447,-0.000778,0.047740,-0.998584,45.305557,0.000000
43682,0.008181,0.451217,-0.045568,-0.023446,-0.000845,0.047884,-0.998577,45.446663,0.000000
43685,0.008199,0.451218,-0.045561,-0.023551,-0.000821,0.048055,-0.998567,45.587769,0.000000
43689,0.008225,0.451216,-0.045549,-0.023638,-0.000759,0.048200,-0.998558,45.762520,0.000000
43692,0.008251,0.451218,-0.045532,-0.023733,-0.000760,0.048398,-0.998546,45.897446,0.000000
43696,0.008284,0.451217,-0.045511,-0.023794,-0.000765,0.048531,-0.998538,46.060181,0.000000
43699,0.008310,0.451216,-0.045494,-0.023980,-0.000699,0.048705,-0.998525,46.201286,0.000000
43703,0.008347,0.451221,-0.045473,-0.023964,-0.000785,0.048863,-0.998518,46.336555,0.000000
43706,0.008371,0.451220,-0.045458,-0.024105,-0.000774,0.049054,-0.998505,46.437836,0.000000
43710,0.008389,0.451218,-0.045447,-0.024188,-0.000726,0.049142,-0.998499,46.562119,0.000000
43714,0.008416,0.451223,-0.045430,-0.024149,-0.000806,0.049337,-0.998490,46.685715,0.000000
43717,0.008430,0.451223,-0.045424,-0.024238,-0.000795,0.049395,-0.998485,46.826820,0.000000
43721,0.008448,0.451223,-0.045416,-0.024421,-0.000701,0.049582,-0.998471,46.983719,0.000000
43724,0.008467,0.451224,-0.045411,-0.024419,-0.000734,0.049703,-0.998465,47.117615,0.000000
43728,0.008500,0.451228,-0.045402,-0.024505,-0.000757,0.049908,-0.998453,47.294083,0.000000
43731,0.008519,0.451225,-0.045394,-0.024608,-0.000739,0.050053,-0.998443,47.452698,0.000000
43735,0.008554,0.451229,-0.045380,-0.024711,-0.000704,0.050290,-0.998429,47.600327,0.000000
43739,0.008583,0.451232,-0.045365,-0.024853,-0.000659,0.050476,-0.998416,47.711563,0.000343
43742,0.008604,0.451232,-0.045353,-0.024913,-0.000676,0.050623,-0.998407,47.843742,0.000000
43745,0.008624,0.451232,-0.045342,-0.024941,-0.000671,0.050684,-0.998403,47.954292,0.000000
43749,0.008665,0.451235,-0.045320,-0.025025,-0.000717,0.050958,-0.998387,48.078575,0.000000
43753,0.008692,0.451232,-0.045306,-0.025193,-0.000609,0.051084,-0.998376,48.223801,0.000000
43756,0.008719,0.451233,-0.045290,-0.025291,-0.000591,0.051265,-0.998365,48.338127,0.000000
43760,0.008754,0.451237,-0.045269,-0.025279,-0.000668,0.051466,-0.998355,48.499146,0.000343
43763,0.008777,0.451237,-0.045252,-0.025416,-0.000626,0.051639,-0.998342,48.675613,0.000000
43767,0.008805,0.451235,-0.045232,-0.025506,-0.000633,0.051823,-0.998330,48.839722,0.000000
43770,0.008825,0.451240,-0.045220,-0.025618,-0.000613,0.052045,-0.998316,48.995590,0.000000
43774,0.008845,0.451239,-0.045210,-0.025689,-0.000624,0.052149,-0.998309,49.121590,0.000000
43778,0.008871,0.451241,-0.045206,-0.025786,-0.000637,0.052359,-0.998295,49.227333,0.000343
43781,0.008894,0.451241,-0.045201,-0.025761,-0.000680,0.052485,-0.998289,49.361916,0.000343
43785,0.008926,0.451237,-0.045202,-0.026008,-0.000565,0.052552,-0.998279,49.464569,0.000343
43788,0.008948,0.451236,-0.045197,-0.026063,-0.000535,0.052645,-0.998273,49.584045,0.000000
43792,0.008987,0.451238,-0.045182,-0.026107,-0.000597,0.052860,-0.998260,49.727211,0.000000
43795,0.009013,0.451237,-0.045169,-0.026146,-0.000609,0.052988,-0.998253,49.907455,0.000343
43799,0.009051,0.451233,-0.045143,-0.026393,-0.000527,0.053261,-0.998232,50.080147,0.000343
43802,0.009083,0.451234,-0.045121,-0.026435,-0.000581,0.053428,-0.998222,50.225029,0.000343
43806,0.009115,0.451233,-0.045093,-0.026612,-0.000593,0.053698,-0.998202,50.388107,0.000000
43810,0.009140,0.451237,-0.045068,-0.026667,-0.000658,0.053936,-0.998188,50.523720,0.000343
43813,0.009159,0.451239,-0.045054,-0.026691,-0.000711,0.054089,-0.998179,50.642509,0.000343
43817,0.009173,0.451238,-0.045043,-0.026756,-0.000693,0.054227,-0.998170,50.747566,0.000343
43820,0.009184,0.451239,-0.045039,-0.026843,-0.000678,0.054373,-0.998160,50.843010,0.000000
43824,0.009210,0.451243,-0.045032,-0.026853,-0.000725,0.054484,-0.998153,50.978966,0.000000
43827,0.009230,0.451245,-0.045031,-0.026945,-0.000736,0.054631,-0.998143,51.106682,0.000000
43831,0.009259,0.451245,-0.045026,-0.027080,-0.000643,0.054767,-0.998132,51.291733,0.000343
43834,0.009289,0.451246,-0.045021,-0.027187,-0.000653,0.054973,-0.998118,51.442451,0.000343
43838,0.009333,0.451249,-0.045004,-0.027224,-0.000728,0.055203,-0.998104,51.631279,0.000343
43842,0.009372,0.451250,-0.044986,-0.027383,-0.000669,0.055372,-0.998090,51.779594,0.000000
43845,0.009398,0.451252,-0.044969,-0.027402,-0.000727,0.055576,-0.998078,51.905594,0.000343
43849,0.009424,0.451252,-0.044944,-0.027529,-0.000717,0.055738,-0.998066,52.021980,0.000343
43852,0.009432,0.451250,-0.044927,-0.027597,-0.000697,0.055836,-0.998058,52.127380,0.000000
43856,0.009452,0.451249,-0.044904,-0.027665,-0.000724,0.055991,-0.998048,52.238617,0.000000
43859,0.009472,0.451247,-0.044889,-0.027686,-0.000740,0.056100,-0.998041,52.362213,0.000343
43863,0.009497,0.451246,-0.044875,-0.027851,-0.000674,0.056308,-0.998025,52.509155,0.000343
43866,0.009523,0.451247,-0.044868,-0.027935,-0.000676,0.056444,-0.998015,52.680130,0.000343
43870,0.009564,0.451252,-0.044856,-0.028002,-0.000715,0.056679,-0.997999,52.851448,0.000343
43874,0.009595,0.451250,-0.044854,-0.028226,-0.000584,0.056908,-0.997980,53.003197,0.000343
43877,0.009623,0.451252,-0.044848,-0.028289,-0.000616,0.057097,-0.997968,53.173828,0.000343
43881,0.009659,0.451256,-0.044838,-0.028311,-0.000669,0.057341,-0.997953,53.303604,0.000343
43884,0.009680,0.451258,-0.044832,-0.028416,-0.000610,0.057432,-0.997945,53.421364,0.000343
43887,0.009698,0.451257,-0.044823,-0.028487,-0.000583,0.057500,-0.997939,53.536720,0.000343
43891,0.009727,0.451258,-0.044803,-0.028589,-0.000578,0.057721,-0.997923,53.638000,0.000000
43895,0.009753,0.451254,-0.044779,-0.028697,-0.000547,0.057854,-0.997912,53.779793,0.000343
43898,0.009772,0.451251,-0.044762,-0.028843,-0.000488,0.058005,-0.997899,53.906479,0.000343
43902,0.009803,0.451251,-0.044737,-0.028889,-0.000549,0.058188,-0.997887,54.072990,0.000000
43905,0.009828,0.451253,-0.044722,-0.028985,-0.000547,0.058360,-0.997875,54.238129,0.000343
43909,0.009856,0.451253,-0.044709,-0.029181,-0.000449,0.058554,-0.997858,54.390907,0.000343
43912,0.009879,0.451251,-0.044698,-0.029252,-0.000425,0.058762,-0.997843,54.555359,0.000343
43916,0.009907,0.451256,-0.044690,-0.029230,-0.000535,0.058881,-0.997837,54.697495,0.000343
43920,0.009930,0.451255,-0.044684,-0.029374,-0.000478,0.059031,-0.997824,54.823151,0.000000
43923,0.009949,0.451255,-0.044681,-0.029419,-0.000493,0.059158,-0.997815,54.929924,0.000343
43927,0.009975,0.451259,-0.044672,-0.029499,-0.000492,0.059313,-0.997803,55.040817,0.000343
43930,0.009992,0.451256,-0.044663,-0.029535,-0.000486,0.059403,-0.997797,55.152397,0.000343
43934,0.010022,0.451260,-0.044650,-0.029614,-0.000458,0.059582,-0.997784,55.287666,0.000000
43937,0.010044,0.451259,-0.044635,-0.029620,-0.000533,0.059699,-0.997777,55.463791,0.000343
43941,0.010078,0.451261,-0.044613,-0.029795,-0.000488,0.059950,-0.997757,55.638199,0.000000
43944,0.010103,0.451260,-0.044594,-0.029864,-0.000496,0.060078,-0.997747,55.796814,0.000343
43948,0.010143,0.451263,-0.044568,-0.030004,-0.000592,0.060402,-0.997723,55.935860,0.000000
43951,0.010161,0.451263,-0.044556,-0.030025,-0.000572,0.060478,-0.997718,56.073189,0.000343
43955,0.010184,0.451261,-0.044545,-0.030220,-0.000497,0.060692,-0.997699,56.205025,0.000343
43958,0.010212,0.451268,-0.044530,-0.030069,-0.000753,0.060827,-0.997695,56.320038,0.000343
43962,0.010230,0.451268,-0.044522,-0.030179,-0.000707,0.061038,-0.997679,56.434708,0.000000
43966,0.010250,0.451269,-0.044517,-0.030252,-0.000735,0.061182,-0.997668,56.559677,0.000343
43969,0.010270,0.451270,-0.044508,-0.030293,-0.000725,0.061319,-0.997658,56.683273,0.000343
43973,0.010293,0.451266,-0.044499,-0.030413,-0.000698,0.061450,-0.997647,56.854591,0.000000
43976,0.010320,0.451267,-0.044487,-0.030539,-0.000684,0.061649,-0.997630,57.017326,0.000343
43980,0.010361,0.451267,-0.044471,-0.030537,-0.000758,0.061842,-0.997618,57.163582,0.000000
43983,0.010389,0.451270,-0.044458,-0.030628,-0.000753,0.062055,-0.997602,57.325974,0.000343
43987,0.010420,0.451268,-0.044446,-0.030762,-0.000677,0.062210,-0.997589,57.471199,0.000343
43991,0.010454,0.451271,-0.044428,-0.030757,-0.000765,0.062430,-0.997575,57.603722,0.000000
43994,0.010472,0.451271,-0.044417,-0.030880,-0.000747,0.062560,-0.997563,57.718735,0.000343
43998,0.010489,0.451268,-0.044402,-0.031001,-0.000687,0.062676,-0.997552,57.837868,0.000343
44001,0.010505,0.451269,-0.044389,-0.031017,-0.000720,0.062793,-0.997544,57.965240,0.000343
44005,0.010528,0.451269,-0.044369,-0.031129,-0.000711,0.063005,-0.997527,58.109779,0.000343
44008,0.010544,0.451266,-0.044360,-0.031220,-0.000665,0.063114,-0.997518,58.242989,0.000343
44012,0.010582,0.451269,-0.044342,-0.031310,-0.000702,0.063396,-0.997497,58.396797,0.000343
44016,0.010616,0.451267,-0.044329,-0.031488,-0.000642,0.063649,-0.997475,58.550949,0.000343
44019,0.010645,0.451268,-0.044319,-0.031571,-0.000636,0.063805,-0.997463,58.717117,0.000000
44023,0.010688,0.451274,-0.044302,-0.031563,-0.000751,0.064148,-0.997441,58.874359,0.000343
44026,0.010712,0.451276,-0.044294,-0.031587,-0.000768,0.064310,-0.997430,58.996925,0.000343
44030,0.010736,0.451274,-0.044286,-0.031741,-0.000653,0.064434,-0.997417,59.112625,0.000343
44033,0.010758,0.451275,-0.044277,-0.031819,-0.000627,0.064563,-0.997406,59.218369,0.000343
44037,0.010789,0.451270,-0.044265,-0.031949,-0.000607,0.064655,-0.997396,59.354668,0.000343
44040,0.010811,0.451270,-0.044251,-0.032078,-0.000547,0.064819,-0.997381,59.505043,0.000343
44044,0.010839,0.451269,-0.044228,-0.032134,-0.000581,0.064971,-0.997370,59.649239,0.000343
44047,0.010862,0.451269,-0.044212,-0.032260,-0.000595,0.065207,-0.997350,59.782104,0.000000
44051,0.010892,0.451264,-0.044191,-0.032389,-0.000537,0.065344,-0.997337,59.960632,0.000000
44055,0.010935,0.451268,-0.044168,-0.032422,-0.000575,0.065562,-0.997322,60.100021,0.000000
44058,0.010962,0.451268,-0.044152,-0.032544,-0.000529,0.065749,-0.997305,60.245247,0.000343
44062,0.010990,0.451266,-0.044137,-0.032693,-0.000471,0.065945,-0.997287,60.382233,0.000000
44065,0.011007,0.451267,-0.044128,-0.032759,-0.000489,0.066105,-0.997275,60.516815,0.000000
44069,0.011037,0.451267,-0.044117,-0.032759,-0.000557,0.066258,-0.997265,60.628395,0.000000
44072,0.011052,0.451270,-0.044114,-0.032838,-0.000513,0.066370,-0.997254,60.748901,0.000343
44076,0.011073,0.451267,-0.044109,-0.032934,-0.000490,0.066538,-0.997240,60.887604,0.000343
44080,0.011105,0.451270,-0.044105,-0.033028,-0.000469,0.066726,-0.997225,60.999870,0.000343
44083,0.011129,0.451271,-0.044096,-0.033111,-0.000457,0.066871,-0.997212,61.180115,0.000343
44086,0.011156,0.451269,-0.044082,-0.033199,-0.000459,0.066994,-0.997201,61.364136,0.000000
44090,0.011200,0.451271,-0.044053,-0.033319,-0.000513,0.067339,-0.997174,61.524467,0.000000
44093,0.011228,0.451271,-0.044034,-0.033376,-0.000544,0.067478,-0.997162,61.688576,0.000000
44097,0.011254,0.451268,-0.044010,-0.033611,-0.000459,0.067716,-0.997138,61.811485,0.000343
44101,0.011289,0.451274,-0.043978,-0.033573,-0.000685,0.067973,-0.997122,61.902809,0.000343
44104,0.011303,0.451274,-0.043965,-0.033620,-0.000690,0.068054,-0.997115,62.001686,0.000343
44108,0.011314,0.451270,-0.043952,-0.033745,-0.000629,0.068177,-0.997102,62.110519,0.000343
44111,0.011331,0.451268,-0.043945,-0.033821,-0.000655,0.068333,-0.997089,62.239952,0.000343
44115,0.011362,0.451271,-0.043939,-0.033856,-0.000682,0.068483,-0.997077,62.397881,0.000343
44118,0.011390,0.451270,-0.043934,-0.033980,-0.000653,0.068687,-0.997059,62.592545,0.000343
44122,0.011434,0.451271,-0.043925,-0.034089,-0.000719,0.068935,-0.997038,62.761803,0.000000
44125,0.011466,0.451271,-0.043917,-0.034182,-0.000713,0.069164,-0.997019,62.908058,0.000000
44129,0.011492,0.451269,-0.043906,-0.034309,-0.000674,0.069322,-0.997004,63.073196,0.000000
44132,0.011509,0.451266,-0.043890,-0.034452,-0.000644,0.069513,-0.996986,63.196106,0.000000
44136,0.011532,0.451268,-0.043870,-0.034421,-0.000743,0.069649,-0.996977,63.291893,0.000343
44140,0.011546,0.451265,-0.043853,-0.034610,-0.000672,0.069784,-0.996961,63.394890,0.000343
44143,0.011563,0.451264,-0.043840,-0.034634,-0.000677,0.069893,-0.996953,63.526039,0.000000
44147,0.011589,0.451263,-0.043821,-0.034676,-0.000766,0.070128,-0.996935,63.667145,0.000000
44150,0.011609,0.451259,-0.043813,-0.034738,-0.000748,0.070217,-0.996926,63.802071,0.000000
44154,0.011641,0.451259,-0.043805,-0.034925,-0.000663,0.070479,-0.996901,63.962746,0.000343
44157,0.011668,0.451259,-0.043797,-0.034940,-0.000705,0.070594,-0.996893,64.155350,0.000343
44161,0.011710,0.451264,-0.043784,-0.034983,-0.000716,0.070952,-0.996866,64.315338,0.000343
44164,0.011734,0.451263,-0.043779,-0.035034,-0.000689,0.071077,-0.996855,64.478416,0.000343
44168,0.011767,0.451262,-0.043768,-0.035180,-0.000648,0.071216,-0.996840,64.593430,0.000000
44172,0.011785,0.451260,-0.043754,-0.035357,-0.000561,0.071337,-0.996825,64.685783,0.000000
44175,0.011797,0.451260,-0.043738,-0.035428,-0.000570,0.071471,-0.996813,64.806976,0.000343
44179,0.011823,0.451260,-0.043717,-0.035482,-0.000620,0.071617,-0.996801,64.921989,0.000000
44182,0.011845,0.451260,-0.043701,-0.035569,-0.000595,0.071752,-0.996788,65.070305,0.000343
44186,0.011868,0.451257,-0.043683,-0.035710,-0.000523,0.071915,-0.996771,65.192871,0.000000
44189,0.011894,0.451259,-0.043667,-0.035797,-0.000519,0.072083,-0.996756,65.376549,0.000343
44193,0.011926,0.451260,-0.043646,-0.035870,-0.000554,0.072223,-0.996743,65.555077,0.000343
44197,0.011961,0.451259,-0.043632,-0.036018,-0.000518,0.072404,-0.996725,65.704765,0.000343
44200,0.011989,0.451262,-0.043619,-0.036073,-0.000557,0.072598,-0.996709,65.845528,0.000000
44203,0.012015,0.451264,-0.043615,-0.036166,-0.000547,0.072786,-0.996692,65.983887,0.000000
44207,0.012037,0.451264,-0.043608,-0.036295,-0.000463,0.072870,-0.996681,66.083794,0.000343
44211,0.012062,0.451267,-0.043598,-0.036255,-0.000510,0.073000,-0.996673,66.204987,0.000000
44214,0.012080,0.451268,-0.043590,-0.036305,-0.000506,0.073078,-0.996665,66.337509,0.000000
44218,0.012099,0.451264,-0.043575,-0.036471,-0.000479,0.073254,-0.996646,66.442566,0.000343
44221,0.012120,0.451265,-0.043566,-0.036531,-0.000455,0.073343,-0.996637,66.605301,0.000000
44225,0.012156,0.451267,-0.043546,-0.036618,-0.000513,0.073606,-0.996615,66.772842,0.000000
44229,0.012186,0.451262,-0.043529,-0.036837,-0.000388,0.073812,-0.996592,66.934891,0.000000
44232,0.012215,0.451259,-0.043514,-0.036870,-0.000454,0.073964,-0.996579,67.111015,0.000000
44235,0.012239,0.451260,-0.043501,-0.036896,-0.000515,0.074086,-0.996569,67.248688,0.000000
44239,0.012261,0.451259,-0.043490,-0.036994,-0.000472,0.074314,-0.996548,67.366791,0.000000
44242,0.012278,0.451258,-0.043485,-0.037051,-0.000475,0.074391,-0.996541,67.491074,0.000000
44246,0.012302,0.451259,-0.043476,-0.037095,-0.000539,0.074619,-0.996522,67.612267,0.000343
44250,0.012316,0.451257,-0.043470,-0.037216,-0.000456,0.074714,-0.996510,67.727966,0.000000
44253,0.012330,0.451256,-0.043464,-0.037296,-0.000449,0.074859,-0.996496,67.847099,0.000000
44257,0.012359,0.451258,-0.043447,-0.037329,-0.000541,0.075025,-0.996483,67.985458,0.000000
44261,0.012386,0.451253,-0.043432,-0.037407,-0.000507,0.075193,-0.996467,68.164673,0.000000
44264,0.012418,0.451250,-0.043416,-0.037554,-0.000489,0.075380,-0.996447,68.303719,0.000343
44267,0.012461,0.451253,-0.043399,-0.037516,-0.000697,0.075702,-0.996424,68.486710,0.000000
44271,0.012528,0.451259,-0.043386,-0.037592,-0.000752,0.075986,-0.996400,68.635368,0.000000
44275,0.012581,0.451258,-0.043369,-0.037755,-0.000708,0.076270,-0.996372,68.767204,0.000000
44278,0.012604,0.451256,-0.043350,-0.037823,-0.000701,0.076443,-0.996356,68.905907,0.000000
44282,0.012602,0.451246,-0.043321,-0.037977,-0.000635,0.076592,-0.996339,69.019203,0.000000
44285,0.012595,0.451244,-0.043301,-0.038074,-0.000616,0.076659,-0.996330,69.136276,0.000000
44289,0.012607,0.451247,-0.043279,-0.038122,-0.000700,0.076891,-0.996310,69.254723,0.000000
44292,0.012623,0.451247,-0.043276,-0.038131,-0.000710,0.077015,-0.996300,69.409218,0.000000
44296,0.012658,0.451248,-0.043272,-0.038348,-0.000609,0.077263,-0.996273,69.553757,0.000343
44300,0.012682,0.451251,-0.043272,-0.038515,-0.000298,0.077669,-0.996235,69.698296,0.000000
44303,0.012721,0.451254,-0.043243,-0.038352,-0.000757,0.077792,-0.996231,69.878197,0.000000
44307,0.012754,0.451243,-0.043223,-0.038696,-0.000560,0.077933,-0.996207,70.045738,0.000000
44310,0.012790,0.451240,-0.043205,-0.038759,-0.000555,0.078093,-0.996192,70.169334,0.000000
44313,0.012831,0.451239,-0.043188,-0.038769,-0.000573,0.078187,-0.996185,70.299797,0.000000
44317,0.012886,0.451236,-0.043165,-0.038884,-0.000492,0.078470,-0.996158,70.431633,0.000000
44321,0.012923,0.451237,-0.043143,-0.038987,-0.000494,0.078647,-0.996140,70.555229,0.000000
44324,0.012933,0.451234,-0.043125,-0.039080,-0.000510,0.078779,-0.996126,70.650330,0.000000
44328,0.012929,0.451235,-0.043117,-0.039215,-0.000466,0.078874,-0.996113,70.787315,0.000343
44331,0.012931,0.451233,-0.043115,-0.039309,-0.000413,0.078982,-0.996101,70.953140,0.000000
44335,0.012959,0.451237,-0.043118,-0.039244,-0.000561,0.079194,-0.996086,71.110725,0.000000
44339,0.013000,0.451240,-0.043120,-0.039418,-0.000483,0.079435,-0.996060,71.289253,0.000000
44342,0.013035,0.451243,-0.043116,-0.039436,-0.000504,0.079694,-0.996039,71.447868,0.000000
44346,0.013072,0.451245,-0.043093,-0.039463,-0.000568,0.079809,-0.996029,71.587601,0.000000
44349,0.013096,0.451241,-0.043071,-0.039582,-0.000534,0.079988,-0.996010,71.695061,0.000000
44353,0.013126,0.451235,-0.043034,-0.039721,-0.000530,0.080126,-0.995993,71.814194,0.000000
44356,0.013157,0.451229,-0.043011,-0.039852,-0.000528,0.080209,-0.995981,71.936417,0.000000
44360,0.013191,0.451225,-0.042987,-0.039972,-0.000466,0.080410,-0.995960,72.033920,0.000000
44363,0.013215,0.451224,-0.042975,-0.040065,-0.000459,0.080512,-0.995948,72.182922,0.000000
44367,0.013252,0.451225,-0.042967,-0.040119,-0.000545,0.080797,-0.995923,72.326775,0.000000
44370,0.013278,0.451225,-0.042970,-0.040124,-0.000566,0.080905,-0.995914,72.525215,0.000000
44374,0.013315,0.451225,-0.042978,-0.040316,-0.000501,0.081178,-0.995884,72.675247,0.000000
44378,0.013357,0.451230,-0.042987,-0.040343,-0.000556,0.081417,-0.995863,72.837639,0.000000
44381,0.013380,0.451232,-0.042991,-0.040376,-0.000550,0.081562,-0.995850,72.993851,0.000000
44385,0.013400,0.451230,-0.042980,-0.040542,-0.000462,0.081727,-0.995830,73.118134,0.000000
44388,0.013418,0.451227,-0.042955,-0.040602,-0.000506,0.081867,-0.995816,73.212204,0.000000
44392,0.013441,0.451223,-0.042909,-0.040673,-0.000512,0.082006,-0.995801,73.324814,0.000000
44395,0.013463,0.451217,-0.042871,-0.040795,-0.000477,0.082158,-0.995784,73.442917,0.000000
44395,0.013463,0.451217,-0.042871,-0.040795,-0.000477,0.082158,-0.995784,73.572350,0.000000
44395,0.013463,0.451217,-0.042871,-0.040795,-0.000477,0.082158,-0.995784,73.733025,0.000000
44395,0.013463,0.451217,-0.042871,-0.040795,-0.000477,0.082158,-0.995784,73.918419,0.000000
44395,0.013463,0.451217,-0.042871,-0.040795,-0.000477,0.082158,-0.995784,74.079437,0.000000
44395,0.013463,0.451217,-0.042871,-0.040795,-0.000477,0.082158,-0.995784,74.240799,0.000000
44395,0.013463,0.451217,-0.042871,-0.040795,-0.000477,0.082158,-0.995784,74.365425,0.000000
44395,0.013463,0.451217,-0.042871,-0.040795,-0.000477,0.082158,-0.995784,74.498634,0.000000
44395,0.013463,0.451217,-0.042871,-0.040795,-0.000477,0.082158,-0.995784,74.595451,0.000000
44395,0.013463,0.451217,-0.042871,-0.040795,-0.000477,0.082158,-0.995784,74.704971,0.000000
44395,0.013463,0.451217,-0.042871,-0.040795,-0.000477,0.082158,-0.995784,74.850540,0.000000
44395,0.013463,0.451217,-0.042871,-0.040795,-0.000477,0.082158,-0.995784,75.005722,0.000000
44395,0.013463,0.451217,-0.042871,-0.040795,-0.000477,0.082158,-0.995784,75.157814,0.000000
44395,0.013463,0.451217,-0.042871,-0.040795,-0.000477,0.082158,-0.995784,75.312309,0.000000
44395,0.013463,0.451217,-0.042871,-0.040795,-0.000477,0.082158,-0.995784,75.489807,0.000000
44395,0.013463,0.451217,-0.042871,-0.040795,-0.000477,0.082158,-0.995784,75.649109,0.000000
44395,0.013463,0.451217,-0.042871,-0.040795,-0.000477,0.082158,-0.995784,75.765152,0.000000
44395,0.013463,0.451217,-0.042871,-0.040795,-0.000477,0.082158,-0.995784,75.902481,0.000000
44395,0.013463,0.451217,-0.042871,-0.040795,-0.000477,0.082158,-0.995784,76.002045,0.000000
44395,0.013463,0.451217,-0.042871,-0.040795,-0.000477,0.082158,-0.995784,76.139374,0.000000
44395,0.013463,0.451217,-0.042871,-0.040795,-0.000477,0.082158,-0.995784,76.264687,0.000000
44395,0.013463,0.451217,-0.042871,-0.040795,-0.000477,0.082158,-0.995784,76.414719,0.000000
44395,0.013463,0.451217,-0.042871,-0.040795,-0.000477,0.082158,-0.995784,76.559258,0.000000
44395,0.013463,0.451217,-0.042871,-0.040795,-0.000477,0.082158,-0.995784,76.711006,-0.000343
44395,0.013463,0.451217,-0.042871,-0.040795,-0.000477,0.082158,-0.995784,76.884384,0.000000
44395,0.013463,0.451217,-0.042871,-0.040795,-0.000477,0.082158,-0.995784,77.018623,0.000000
44395,0.013463,0.451217,-0.042871,-0.040795,-0.000477,0.082158,-0.995784,77.145996,0.000000
44395,0.013463,0.451217,-0.042871,-0.040795,-0.000477,0.082158,-0.995784,77.283325,0.000000
44395,0.013463,0.451217,-0.042871,-0.040795,-0.000477,0.082158,-0.995784,77.426834,0.000000
44395,0.013463,0.451217,-0.042871,-0.040795,-0.000477,0.082158,-0.995784,77.554893,0.000000
44502,0.014239,0.451183,-0.042452,-0.043334,-0.000522,0.087226,-0.995246,77.659264,0.000000
44505,0.014264,0.451184,-0.042460,-0.043374,-0.000508,0.087343,-0.995233,77.803802,0.000000
44509,0.014290,0.451184,-0.042476,-0.043480,-0.000413,0.087505,-0.995215,77.967567,0.000000
44513,0.014317,0.451189,-0.042484,-0.043534,-0.000426,0.087777,-0.995188,78.113823,-0.000343
44516,0.014329,0.451190,-0.042483,-0.043601,-0.000417,0.087876,-0.995177,78.268661,0.000000
44519,0.014337,0.451184,-0.042475,-0.043706,-0.000411,0.087956,-0.995165,78.432426,0.000000
44523,0.014365,0.451185,-0.042453,-0.043744,-0.000453,0.088206,-0.995141,78.565292,-0.000343
44527,0.014393,0.451180,-0.042425,-0.043920,-0.000356,0.088393,-0.995117,78.699532,0.000000
44530,0.014427,0.451176,-0.042401,-0.044096,-0.000345,0.088592,-0.995091,78.822098,0.000000
44534,0.014478,0.451175,-0.042364,-0.044110,-0.000429,0.088798,-0.995072,78.926125,0.000000
44537,0.014509,0.451170,-0.042340,-0.044229,-0.000424,0.088950,-0.995054,79.074783,0.000000
44541,0.014534,0.451165,-0.042316,-0.044403,-0.000379,0.089111,-0.995031,79.201469,0.000000
44544,0.014561,0.451169,-0.042292,-0.044321,-0.000632,0.089351,-0.995013,79.375877,0.000000
44548,0.014591,0.451168,-0.042282,-0.044392,-0.000660,0.089529,-0.994994,79.526596,-0.000343
44552,0.014627,0.451168,-0.042282,-0.044499,-0.000604,0.089703,-0.994974,79.667702,0.000000
44555,0.014662,0.451168,-0.042284,-0.044553,-0.000648,0.089919,-0.994952,79.818764,0.000000
44559,0.014694,0.451166,-0.042284,-0.044670,-0.000602,0.090113,-0.994929,79.947853,0.000000
44562,0.014713,0.451166,-0.042279,-0.044748,-0.000579,0.090257,-0.994913,80.081062,0.000000
44566,0.014735,0.451168,-0.042262,-0.044813,-0.000627,0.090467,-0.994891,80.216675,0.000000
44569,0.014745,0.451165,-0.042245,-0.044873,-0.000630,0.090554,-0.994880,80.333405,0.000000
44573,0.014751,0.451164,-0.042223,-0.045095,-0.000358,0.090941,-0.994835,80.472794,0.000000
44576,0.014774,0.451163,-0.042200,-0.045231,-0.000324,0.091068,-0.994817,80.616989,0.000000
44580,0.014815,0.451159,-0.042168,-0.045308,-0.000412,0.091305,-0.994792,80.769081,0.000000
44583,0.014839,0.451153,-0.042150,-0.045373,-0.000385,0.091412,-0.994779,80.919113,0.000000
44587,0.014877,0.451151,-0.042132,-0.045575,-0.000326,0.091672,-0.994746,81.052666,0.000000
44591,0.014917,0.451147,-0.042121,-0.045539,-0.000347,0.091898,-0.994726,81.227417,0.000000
44594,0.014944,0.451145,-0.042119,-0.045629,-0.000344,0.092040,-0.994709,81.354103,-0.000343
44598,0.014972,0.451148,-0.042125,-0.045701,-0.000330,0.092208,-0.994690,81.495552,-0.000343
44601,0.014997,0.451150,-0.042123,-0.045706,-0.000422,0.092377,-0.994675,81.634598,0.000000
44605,0.015017,0.451148,-0.042123,-0.045813,-0.000319,0.092501,-0.994658,81.779480,0.000000
44608,0.015035,0.451144,-0.042114,-0.045904,-0.000299,0.092654,-0.994640,81.891403,0.000000
44612,0.015067,0.451142,-0.042096,-0.045918,-0.000439,0.092833,-0.994622,82.023239,0.000000
44615,0.015084,0.451139,-0.042079,-0.046023,-0.000409,0.092958,-0.994606,82.151299,0.000000
44619,0.015106,0.451134,-0.042053,-0.046142,-0.000392,0.093121,-0.994585,82.282104,0.000000
44622,0.015131,0.451132,-0.042029,-0.046206,-0.000446,0.093284,-0.994567,82.443810,-0.000343
44626,0.015166,0.451126,-0.041997,-0.046255,-0.000514,0.093466,-0.994547,82.625427,0.000000
44630,0.015203,0.451122,-0.041979,-0.046411,-0.000483,0.093662,-0.994522,82.774773,0.000000
44633,0.015240,0.451118,-0.041971,-0.046523,-0.000533,0.093688,-0.994514,82.932701,0.000000
44637,0.015278,0.451118,-0.041969,-0.046590,-0.000491,0.093883,-0.994492,83.059387,0.000000
44640,0.015298,0.451117,-0.041968,-0.046698,-0.000462,0.094044,-0.994472,83.154831,0.000000
44644,0.015323,0.451120,-0.041961,-0.046681,-0.000523,0.094177,-0.994460,83.271217,0.000000
44647,0.015334,0.451121,-0.041956,-0.046740,-0.000525,0.094255,-0.994450,83.402710,0.000000
44651,0.015346,0.451116,-0.041946,-0.046905,-0.000436,0.094401,-0.994429,83.529739,-0.000343
44655,0.015376,0.451115,-0.041930,-0.046975,-0.000493,0.094625,-0.994404,83.713417,-0.000343
44658,0.015405,0.451112,-0.041917,-0.047021,-0.000497,0.094738,-0.994391,83.869972,-0.000343
44661,0.015439,0.451112,-0.041902,-0.047172,-0.000466,0.094927,-0.994366,84.048500,0.000000
44665,0.015474,0.451110,-0.041886,-0.047359,-0.000367,0.095188,-0.994332,84.199905,0.000000
44669,0.015504,0.451108,-0.041867,-0.047414,-0.000384,0.095378,-0.994311,84.333801,-0.000343
44672,0.015518,0.451105,-0.041855,-0.047496,-0.000346,0.095489,-0.994297,84.442291,0.000000
44676,0.015535,0.451104,-0.041840,-0.047532,-0.000385,0.095600,-0.994284,84.537392,0.000000
44679,0.015552,0.451104,-0.041829,-0.047593,-0.000408,0.095727,-0.994269,84.646912,-0.000343
44683,0.015569,0.451098,-0.041818,-0.047718,-0.000331,0.095856,-0.994251,84.774628,-0.000343
44686,0.015593,0.451099,-0.041808,-0.047798,-0.000292,0.095963,-0.994237,84.944572,-0.000343
44690,0.015634,0.451104,-0.041785,-0.047712,-0.000463,0.096271,-0.994211,85.117607,0.000000
44694,0.015675,0.451100,-0.041761,-0.047735,-0.000598,0.096413,-0.994196,85.290642,0.000000
44697,0.015702,0.451099,-0.041746,-0.047880,-0.000540,0.096631,-0.994168,85.456467,-0.000343
44701,0.015738,0.451098,-0.041729,-0.047912,-0.000599,0.096848,-0.994145,85.622978,0.000000
44704,0.015759,0.451096,-0.041722,-0.047999,-0.000580,0.096997,-0.994126,85.741768,0.000000
44708,0.015781,0.451092,-0.041713,-0.048119,-0.000536,0.097141,-0.994107,85.834465,-0.000343
44711,0.015799,0.451092,-0.041709,-0.048132,-0.000580,0.097273,-0.994093,85.943298,-0.000343
44715,0.015807,0.451097,-0.041705,-0.048197,-0.000360,0.097530,-0.994065,86.057968,-0.000343
44718,0.015822,0.451095,-0.041702,-0.048224,-0.000379,0.097664,-0.994050,86.178474,0.000000
44722,0.015851,0.451095,-0.041692,-0.048232,-0.000451,0.097883,-0.994028,86.349792,0.000000
44725,0.015876,0.451096,-0.041679,-0.048307,-0.000471,0.098043,-0.994009,86.503258,0.000000
44729,0.015908,0.451092,-0.041662,-0.048498,-0.000398,0.098279,-0.993976,86.702042,-0.000343
44733,0.015953,0.451087,-0.041633,-0.048597,-0.000467,0.098569,-0.993943,86.876450,-0.000343
44736,0.015978,0.451084,-0.041616,-0.048657,-0.000491,0.098716,-0.993925,87.006226,-0.000343
44740,0.016002,0.451079,-0.041590,-0.048878,-0.000380,0.098904,-0.993896,87.125702,-0.000343
44743,0.016024,0.451077,-0.041574,-0.048906,-0.000440,0.099034,-0.993881,87.246552,0.000000
44747,0.016049,0.451077,-0.041557,-0.048881,-0.000486,0.099171,-0.993869,87.354012,-0.000343
44750,0.016062,0.451076,-0.041550,-0.049074,-0.000432,0.099316,-0.993845,87.485504,0.000000
44754,0.016086,0.451076,-0.041546,-0.049106,-0.000516,0.099465,-0.993829,87.609444,-0.000343
44758,0.016104,0.451075,-0.041549,-0.049171,-0.000507,0.099598,-0.993812,87.746773,-0.000343
44761,0.016120,0.451073,-0.041549,-0.049266,-0.000472,0.099749,-0.993792,87.907104,0.000000
44764,0.016143,0.451074,-0.041547,-0.049366,-0.000462,0.099944,-0.993768,88.106918,0.000000
44768,0.016183,0.451076,-0.041535,-0.049376,-0.000578,0.100179,-0.993743,88.270340,-0.000343
44772,0.016212,0.451073,-0.041518,-0.049533,-0.000521,0.100348,-0.993719,88.409386,0.000000
44775,0.016235,0.451070,-0.041506,-0.049633,-0.000519,0.100555,-0.993693,88.550835,0.000000
44779,0.016265,0.451060,-0.041480,-0.049775,-0.000550,0.100601,-0.993681,88.649368,-0.000343
44782,0.016284,0.451055,-0.041462,-0.049879,-0.000544,0.100732,-0.993662,88.755798,-0.000343
44786,0.016307,0.451052,-0.041438,-0.049979,-0.000502,0.100869,-0.993643,88.867035,0.000000
44789,0.016328,0.451048,-0.041422,-0.050059,-0.000530,0.100969,-0.993629,88.995781,-0.000343
44793,0.016362,0.451049,-0.041409,-0.050128,-0.000472,0.101190,-0.993603,89.145470,0.000000
44796,0.016389,0.451044,-0.041403,-0.050223,-0.000414,0.101285,-0.993589,89.319191,-0.000343
44800,0.016439,0.451048,-0.041387,-0.050216,-0.000561,0.101634,-0.993554,89.510078,0.000000
44804,0.016472,0.451045,-0.041377,-0.050453,-0.000410,0.101880,-0.993516,89.675560,0.000000
44807,0.016492,0.451042,-0.041369,-0.050470,-0.000443,0.102006,-0.993503,89.809799,-0.000343
44811,0.016519,0.451041,-0.041355,-0.050551,-0.000456,0.102215,-0.993477,89.956055,0.000000
44814,0.016535,0.451038,-0.041345,-0.050607,-0.000455,0.102319,-0.993463,90.056648,0.000000
44818,0.016554,0.451035,-0.041333,-0.050703,-0.000389,0.102469,-0.993443,90.163422,0.000000
44821,0.016573,0.451032,-0.041320,-0.050768,-0.000419,0.102577,-0.993429,90.273285,0.000000
44821,0.016573,0.451032,-0.041320,-0.050768,-0.000419,0.102577,-0.993429,90.405807,0.000000
44821,0.016573,0.451032,-0.041320,-0.050768,-0.000419,0.102577,-0.993429,90.578156,0.000000
44821,0.016573,0.451032,-0.041320,-0.050768,-0.000419,0.102577,-0.993429,90.729561,-0.000343
44821,0.016573,0.451032,-0.041320,-0.050768,-0.000419,0.102577,-0.993429,90.895386,-0.000343
44821,0.016573,0.451032,-0.041320,-0.050768,-0.000419,0.102577,-0.993429,91.070137,-0.000343
44821,0.016573,0.451032,-0.041320,-0.050768,-0.000419,0.102577,-0.993429,91.218796,0.000000
44821,0.016573,0.451032,-0.041320,-0.050768,-0.000419,0.102577,-0.993429,91.336212,-0.000343
44821,0.016573,0.451032,-0.041320,-0.050768,-0.000419,0.102577,-0.993429,91.456032,0.000000
44821,0.016573,0.451032,-0.041320,-0.050768,-0.000419,0.102577,-0.993429,91.576881,-0.000343
44821,0.016573,0.451032,-0.041320,-0.050768,-0.000419,0.102577,-0.993429,91.698418,-0.000343
44821,0.016573,0.451032,-0.041320,-0.050768,-0.000419,0.102577,-0.993429,91.822701,-0.000343
44821,0.016573,0.451032,-0.041320,-0.050768,-0.000419,0.102577,-0.993429,91.986122,-0.000343
44821,0.016573,0.451032,-0.041320,-0.050768,-0.000419,0.102577,-0.993429,92.124825,-0.000343
44821,0.016573,0.451032,-0.041320,-0.050768,-0.000419,0.102577,-0.993429,92.307129,0.000000
44821,0.016573,0.451032,-0.041320,-0.050768,-0.000419,0.102577,-0.993429,92.455101,0.000000
44821,0.016573,0.451032,-0.041320,-0.050768,-0.000419,0.102577,-0.993429,92.620926,0.000000
44821,0.016573,0.451032,-0.041320,-0.050768,-0.000419,0.102577,-0.993429,92.731819,0.000000
44821,0.016573,0.451032,-0.041320,-0.050768,-0.000419,0.102577,-0.993429,92.872581,-0.000343
44821,0.016573,0.451032,-0.041320,-0.050768,-0.000419,0.102577,-0.993429,92.983475,-0.000343
44821,0.016573,0.451032,-0.041320,-0.050768,-0.000419,0.102577,-0.993429,93.116684,-0.000343
44821,0.016573,0.451032,-0.041320,-0.050768,-0.000419,0.102577,-0.993429,93.258133,0.000000
44821,0.016573,0.451032,-0.041320,-0.050768,-0.000419,0.102577,-0.993429,93.378639,0.000000
44821,0.016573,0.451032,-0.041320,-0.050768,-0.000419,0.102577,-0.993429,93.535881,-0.000343
44821,0.016573,0.451032,-0.041320,-0.050768,-0.000419,0.102577,-0.993429,93.725739,-0.000343
44821,0.016573,0.451032,-0.041320,-0.050768,-0.000419,0.102577,-0.993429,93.867531,-0.000343
44821,0.016573,0.451032,-0.041320,-0.050768,-0.000419,0.102577,-0.993429,94.029922,-0.000343
44821,0.016573,0.451032,-0.041320,-0.050768,-0.000419,0.102577,-0.993429,94.162788,-0.000343
44821,0.016573,0.451032,-0.041320,-0.050768,-0.000419,0.102577,-0.993429,94.267159,0.000000
44821,0.016573,0.451032,-0.041320,-0.050768,-0.000419,0.102577,-0.993429,94.386978,0.000000
44928,0.017347,0.450961,-0.040946,-0.053408,-0.000230,0.107508,-0.992769,94.503365,-0.000343
44931,0.017367,0.450960,-0.040936,-0.053427,-0.000243,0.107613,-0.992756,94.640007,0.000000
44935,0.017391,0.450958,-0.040920,-0.053516,-0.000270,0.107793,-0.992732,94.790039,0.000000
44939,0.017417,0.450950,-0.040899,-0.053754,-0.000177,0.108025,-0.992694,94.940414,0.000000
44942,0.017441,0.450945,-0.040881,-0.053815,-0.000233,0.108164,-0.992675,95.114822,0.000000
44946,0.017479,0.450943,-0.040860,-0.053964,-0.000261,0.108459,-0.992635,95.283737,-0.000343
44949,0.017504,0.450940,-0.040850,-0.054041,-0.000230,0.108586,-0.992617,95.435486,0.000000
44953,0.017535,0.450939,-0.040840,-0.054090,-0.000319,0.108818,-0.992589,95.582771,-0.000343
44956,0.017558,0.450940,-0.040832,-0.054112,-0.000301,0.108939,-0.992574,95.695381,0.000000
44960,0.017572,0.450934,-0.040822,-0.054241,-0.000190,0.109042,-0.992556,95.781555,-0.000343
44963,0.017582,0.450931,-0.040811,-0.054304,-0.000217,0.109138,-0.992542,95.898972,-0.000343
44967,0.017605,0.450931,-0.040791,-0.054295,-0.000291,0.109288,-0.992526,96.042824,-0.000343
44970,0.017621,0.450926,-0.040780,-0.054348,-0.000276,0.109376,-0.992514,96.198006,-0.000343
44974,0.017655,0.450922,-0.040767,-0.054423,-0.000236,0.109541,-0.992491,96.352844,-0.000343
44978,0.017680,0.450923,-0.040763,-0.054566,0.000050,0.109801,-0.992455,96.517639,0.000000
44981,0.017727,0.450915,-0.040746,-0.054651,-0.000288,0.109790,-0.992451,96.691704,0.000000
44985,0.017735,0.450919,-0.040743,-0.054769,0.000078,0.110107,-0.992410,96.831093,-0.000343
44988,0.017755,0.450919,-0.040735,-0.054820,0.000048,0.110309,-0.992384,96.961899,0.000000
44992,0.017771,0.450917,-0.040723,-0.054934,0.000136,0.110412,-0.992367,97.080688,-0.000343
44995,0.017786,0.450914,-0.040716,-0.055005,0.000166,0.110480,-0.992355,97.197075,-0.000343
44999,0.017818,0.450916,-0.040697,-0.054967,0.000048,0.110660,-0.992337,97.322731,-0.000343
45002,0.017839,0.450913,-0.040682,-0.055001,0.000055,0.110786,-0.992321,97.462120,0.000000
45006,0.017862,0.450906,-0.040666,-0.055162,0.000102,0.110953,-0.992294,97.591553,0.000000
45009,0.017892,0.450910,-0.040636,-0.055022,-0.000232,0.111141,-0.992280,97.770424,0.000000
45013,0.017921,0.450908,-0.040619,-0.055148,-0.000228,0.111365,-0.992248,97.946892,-0.000343
45017,0.017951,0.450901,-0.040602,-0.055327,-0.000157,0.111617,-0.992210,98.094177,0.000000
45020,0.017979,0.450900,-0.040593,-0.055349,-0.000233,0.111771,-0.992191,98.231163,-0.000343
45024,0.018011,0.450901,-0.040586,-0.055510,-0.000198,0.112040,-0.992152,98.383598,-0.000343
45027,0.018030,0.450897,-0.040580,-0.055566,-0.000164,0.112159,-0.992135,98.489342,-0.000343
45031,0.018055,0.450895,-0.040573,-0.055600,-0.000254,0.112331,-0.992114,98.607788,0.000000
45034,0.018071,0.450894,-0.040565,-0.055648,-0.000254,0.112435,-0.992100,98.729668,0.000000
45038,0.018087,0.450888,-0.040554,-0.055849,-0.000134,0.112566,-0.992073,98.880043,0.000000
45041,0.018106,0.450885,-0.040542,-0.055927,-0.000157,0.112705,-0.992053,99.024239,-0.000343
45045,0.018142,0.450881,-0.040524,-0.055954,-0.000232,0.112880,-0.992032,99.208946,0.000000
45049,0.018178,0.450875,-0.040500,-0.056123,-0.000178,0.113047,-0.992003,99.373055,-0.000343
45052,0.018213,0.450872,-0.040486,-0.056183,-0.000194,0.113246,-0.991977,99.499054,0.000000
45056,0.018248,0.450866,-0.040468,-0.056261,-0.000224,0.113405,-0.991955,99.639816,0.000000
45059,0.018271,0.450862,-0.040454,-0.056393,-0.000185,0.113577,-0.991928,99.779549,0.000000
45063,0.018298,0.450860,-0.040440,-0.056451,-0.000214,0.113732,-0.991906,99.874992,0.000000
45066,0.018317,0.450858,-0.040428,-0.056515,-0.000249,0.113865,-0.991888,100.013695,-0.000343
45070,0.018342,0.450853,-0.040418,-0.056639,-0.000157,0.114048,-0.991859,100.136604,-0.000343
45074,0.018366,0.450850,-0.040406,-0.056698,-0.000217,0.114255,-0.991832,100.293846,0.000000
45077,0.018387,0.450847,-0.040401,-0.056698,-0.000242,0.114331,-0.991824,100.437355,-0.000343
45080,0.018409,0.450846,-0.040392,-0.056739,-0.000277,0.114495,-0.991802,100.627213,0.000000
45084,0.018439,0.450838,-0.040382,-0.056969,-0.000168,0.114664,-0.991769,100.783768,-0.000343
45088,0.018479,0.450839,-0.040368,-0.057010,-0.000236,0.114927,-0.991737,100.923157,-0.000343
45091,0.018501,0.450835,-0.040360,-0.057069,-0.000215,0.115025,-0.991722,101.051903,-0.000343
45095,0.018527,0.450833,-0.040345,-0.057194,-0.000154,0.115220,-0.991692,101.183052,-0.000343
45098,0.018549,0.450829,-0.040329,-0.057187,-0.000236,0.115318,-0.991681,101.280212,-0.000343
45102,0.018574,0.450825,-0.040308,-0.057356,-0.000164,0.115505,-0.991650,101.393509,0.000000
45105,0.018593,0.450825,-0.040294,-0.057449,-0.000137,0.115590,-0.991634,101.533928,0.000000
45109,0.018628,0.450821,-0.040270,-0.057517,-0.000247,0.115798,-0.991606,101.680527,0.000000
45112,0.018651,0.450812,-0.040262,-0.057722,-0.000235,0.115868,-0.991586,101.862488,0.000000
45116,0.018673,0.450811,-0.040246,-0.057749,-0.000154,0.116107,-0.991556,102.022133,0.000000
45120,0.018710,0.450805,-0.040240,-0.057817,-0.000224,0.116171,-0.991545,102.169418,0.000000
45123,0.018733,0.450804,-0.040236,-0.057936,-0.000190,0.116370,-0.991515,102.311554,0.000000
45127,0.018758,0.450801,-0.040234,-0.058003,-0.000156,0.116521,-0.991493,102.466049,0.000000
45130,0.018778,0.450800,-0.040233,-0.058071,-0.000125,0.116618,-0.991478,102.586899,0.000000
45134,0.018803,0.450798,-0.040223,-0.058126,-0.000163,0.116780,-0.991455,102.689552,0.000000
45137,0.018816,0.450803,-0.040212,-0.058118,-0.000149,0.116979,-0.991432,102.802162,0.000000
45141,0.018827,0.450803,-0.040198,-0.058214,0.000097,0.117230,-0.991397,102.946701,0.000000
45144,0.018853,0.450801,-0.040178,-0.058240,0.000033,0.117365,-0.991380,103.115616,-0.000343
45148,0.018881,0.450794,-0.040153,-0.058389,0.000107,0.117564,-0.991347,103.270454,-0.000343
45152,0.018922,0.450792,-0.040123,-0.058481,0.000027,0.117835,-0.991310,103.412590,-0.000343
45155,0.018948,0.450788,-0.040108,-0.058513,-0.000007,0.117960,-0.991293,103.585968,0.000000
45159,0.018982,0.450780,-0.040093,-0.058744,0.000118,0.118232,-0.991247,103.726387,0.000000
45162,0.019009,0.450782,-0.040083,-0.058760,0.000074,0.118392,-0.991227,103.863716,0.000000
45166,0.019039,0.450778,-0.040076,-0.058767,0.000010,0.118620,-0.991199,104.007568,0.000000
45169,0.019054,0.450774,-0.040076,-0.058822,0.000030,0.118714,-0.991185,104.121895,0.000000
45173,0.019073,0.450771,-0.040071,-0.058916,0.000044,0.118898,-0.991157,104.244804,0.000000
45176,0.019099,0.450776,-0.040057,-0.058788,-0.000254,0.119060,-0.991145,104.389000,0.000000
45180,0.019120,0.450770,-0.040048,-0.058893,-0.000226,0.119243,-0.991117,104.507103,0.000000
45183,0.019141,0.450768,-0.040039,-0.058971,-0.000204,0.119335,-0.991101,104.645119,0.000000
45187,0.019176,0.450764,-0.040020,-0.059019,-0.000288,0.119548,-0.991073,104.816780,0.000000
45191,0.019206,0.450759,-0.039997,-0.059147,-0.000242,0.119695,-0.991047,104.975052,0.000000
45194,0.019231,0.450753,-0.039977,-0.059324,-0.000191,0.119906,-0.991011,105.132980,0.000000
45198,0.019266,0.450748,-0.039951,-0.059360,-0.000324,0.120059,-0.990991,105.304642,0.000000
45201,0.019287,0.450747,-0.039938,-0.059428,-0.000279,0.120199,-0.990970,105.438194,-0.000343
45205,0.019308,0.450741,-0.039924,-0.059598,-0.000199,0.120312,-0.990946,105.555954,0.000000
45209,0.019335,0.450739,-0.039914,-0.059626,-0.000313,0.120541,-0.990916,105.648651,0.000000
45212,0.019347,0.450740,-0.039910,-0.059709,-0.000271,0.120561,-0.990909,105.766411,0.000000
45215,0.019356,0.450734,-0.039907,-0.059783,-0.000250,0.120689,-0.990889,105.904083,0.000000
45219,0.019379,0.450735,-0.039901,-0.059819,-0.000302,0.120825,-0.990870,106.044846,0.000000
45222,0.019401,0.450732,-0.039891,-0.059886,-0.000352,0.120949,-0.990851,106.220284,0.000000
45226,0.019439,0.450728,-0.039882,-0.060044,-0.000286,0.121228,-0.990807,106.417007,0.000000
45230,0.019485,0.450721,-0.039861,-0.060176,-0.000392,0.121463,-0.990770,106.580429,0.000000
45233,0.019513,0.450720,-0.039850,-0.060193,-0.000433,0.121564,-0.990757,106.725655,0.000000
45237,0.019534,0.450711,-0.039834,-0.060397,-0.000306,0.121782,-0.990718,106.842728,0.000000
45240,0.019552,0.450706,-0.039820,-0.060413,-0.000348,0.121843,-0.990709,106.957741,0.000000
45244,0.019569,0.450701,-0.039804,-0.060511,-0.000353,0.121991,-0.990685,107.035332,0.000000
45247,0.019584,0.450700,-0.039791,-0.060514,-0.000377,0.122115,-0.990669,107.169571,0.000000
45251,0.019604,0.450697,-0.039781,-0.060553,-0.000366,0.122260,-0.990649,107.289734,0.000000
45254,0.019623,0.450693,-0.039770,-0.060590,-0.000412,0.122359,-0.990635,107.471695,0.000000
45258,0.019658,0.450688,-0.039760,-0.060749,-0.000354,0.122564,-0.990600,107.647820,0.000000
45262,0.019696,0.450684,-0.039747,-0.060780,-0.000405,0.122728,-0.990577,107.815704,0.000000
45265,0.019717,0.450686,-0.039743,-0.060863,-0.000220,0.123029,-0.990535,107.978783,0.000000
45269,0.019743,0.450682,-0.039734,-0.060972,-0.000146,0.123223,-0.990504,108.141174,0.000000
45272,0.019762,0.450679,-0.039725,-0.061089,-0.000121,0.123358,-0.990480,108.253098,0.000000
45276,0.019787,0.450677,-0.039711,-0.061021,-0.000240,0.123502,-0.990466,108.343391,0.000000
45279,0.019800,0.450675,-0.039703,-0.061096,-0.000243,0.123632,-0.990446,108.437805,0.000000
45283,0.019817,0.450669,-0.039693,-0.061239,-0.000172,0.123757,-0.990421,108.567924,0.000000
45286,0.019836,0.450667,-0.039681,-0.061300,-0.000172,0.123861,-0.990404,108.721733,0.000000
45290,0.019864,0.450663,-0.039667,-0.061373,-0.000193,0.124073,-0.990373,108.886528,0.000000
45294,0.019900,0.450658,-0.039649,-0.061545,-0.000159,0.124347,-0.990328,109.053726,0.000000
45297,0.019934,0.450654,-0.039633,-0.061564,-0.000220,0.124513,-0.990306,109.254570,0.000000
45301,0.019975,0.450649,-0.039611,-0.061726,-0.000147,0.124812,-0.990259,109.417648,0.000000
45304,0.020001,0.450644,-0.039598,-0.061824,-0.000110,0.124882,-0.990244,109.548454,0.000000
45308,0.020039,0.450643,-0.039577,-0.061864,-0.000203,0.125086,-0.990215,109.653854,0.000000
45311,0.020060,0.450640,-0.039565,-0.061935,-0.000165,0.125148,-0.990203,109.753418,0.000000
45315,0.020080,0.450635,-0.039556,-0.062094,-0.000038,0.125301,-0.990174,109.853668,0.000000
45318,0.020096,0.450635,-0.039546,-0.062157,-0.000050,0.125392,-0.990158,109.990997,0.000000
45322,0.020124,0.450632,-0.039530,-0.062176,-0.000145,0.125586,-0.990133,110.126266,0.000000
45325,0.020137,0.450630,-0.039525,-0.062225,-0.000117,0.125665,-0.990119,110.300674,0.000000
45329,0.020172,0.450634,-0.039502,-0.062124,-0.000404,0.125875,-0.990099,110.463066,0.000000
45332,0.020198,0.450631,-0.039492,-0.062213,-0.000465,0.126100,-0.990065,110.676270,0.000000
45336,0.020229,0.450611,-0.039491,-0.062653,-0.000183,0.126082,-0.990039,110.808792,0.000000
45340,0.020267,0.450624,-0.039472,-0.062465,-0.000456,0.126443,-0.990005,110.947495,0.000000
45343,0.020286,0.450610,-0.039472,-0.062785,-0.000232,0.126393,-0.989991,111.060448,-0.000343
45347,0.020308,0.450606,-0.039461,-0.062867,-0.000147,0.126523,-0.989969,111.171684,0.000000
45350,0.020323,0.450603,-0.039450,-0.062959,-0.000130,0.126638,-0.989949,111.285324,0.000000
45354,0.020360,0.450603,-0.039424,-0.062987,-0.000262,0.126818,-0.989924,111.404114,0.000000
45358,0.020380,0.450595,-0.039410,-0.063239,-0.000108,0.126986,-0.989887,111.531830,0.000000
45361,0.020403,0.450593,-0.039393,-0.063237,-0.000168,0.127088,-0.989874,111.715508,0.000000
45365,0.020444,0.450591,-0.039373,-0.063365,-0.000221,0.127400,-0.989825,111.878242,0.000000
45368,0.020466,0.450586,-0.039361,-0.063457,-0.000222,0.127518,-0.989804,112.058830,0.000000
45372,0.020491,0.450581,-0.039349,-0.063598,-0.000173,0.127762,-0.989764,112.215729,0.000000
45375,0.020507,0.450578,-0.039342,-0.063609,-0.000226,0.127856,-0.989751,112.339325,0.000000
45379,0.020525,0.450575,-0.039334,-0.063767,-0.000143,0.128073,-0.989713,112.480087,-0.000343
45382,0.020543,0.450572,-0.039332,-0.063785,-0.000140,0.128148,-0.989702,112.590294,0.000000
45386,0.020572,0.450572,-0.039321,-0.063814,-0.000255,0.128339,-0.989675,112.681961,0.000000
45389,0.020592,0.450568,-0.039317,-0.063836,-0.000237,0.128418,-0.989663,112.814140,0.000000
45393,0.020614,0.450563,-0.039308,-0.064045,-0.000103,0.128570,-0.989630,112.958336,0.000000
45397,0.020650,0.450560,-0.039287,-0.064011,-0.000261,0.128729,-0.989612,113.121758,0.000000
45400,0.020675,0.450555,-0.039272,-0.064172,-0.000178,0.128939,-0.989574,113.286552,0.000000
45404,0.020711,0.450548,-0.039252,-0.064306,-0.000191,0.129116,-0.989542,113.451691,0.000000
45407,0.020739,0.450543,-0.039239,-0.064391,-0.000168,0.129343,-0.989507,113.599663,0.000000
45411,0.020770,0.450537,-0.039219,-0.064460,-0.000194,0.129497,-0.989482,113.757591,0.000000
45414,0.020789,0.450532,-0.039211,-0.064520,-0.000152,0.129681,-0.989455,113.881874,0.000000
45418,0.020806,0.450529,-0.039199,-0.064535,-0.000219,0.129791,-0.989439,113.987617,0.000000
45421,0.020818,0.450526,-0.039193,-0.064601,-0.000208,0.129929,-0.989417,114.114990,0.000000
45425,0.020831,0.450520,-0.039190,-0.064689,-0.000114,0.130021,-0.989399,114.259529,0.000343
45429,0.020857,0.450519,-0.039182,-0.064702,-0.000210,0.130263,-0.989366,114.389305,0.000000
45432,0.020876,0.450518,-0.039177,-0.064734,-0.000229,0.130340,-0.989354,114.552040,0.000000
45435,0.020898,0.450512,-0.039171,-0.064772,-0.000228,0.130448,-0.989337,114.712715,0.000000
45439,0.020931,0.450509,-0.039161,-0.064915,-0.000171,0.130648,-0.989301,114.850731,0.000343
45443,0.020972,0.450505,-0.039140,-0.065025,-0.000217,0.130882,-0.989263,115.011063,0.000000
45446,0.021000,0.450500,-0.039128,-0.065061,-0.000231,0.131008,-0.989244,115.151482,0.000000
45450,0.021028,0.450493,-0.039107,-0.065184,-0.000207,0.131183,-0.989213,115.298080,0.000000
45453,0.021053,0.450493,-0.039091,-0.065224,-0.000263,0.131319,-0.989192,115.413437,0.000000
45457,0.021067,0.450486,-0.039073,-0.065331,-0.000182,0.131458,-0.989167,115.560379,0.000000
45460,0.021084,0.450482,-0.039061,-0.065437,-0.000156,0.131569,-0.989145,115.685349,0.000000
45464,0.021108,0.450478,-0.039049,-0.065453,-0.000236,0.131727,-0.989123,115.796242,0.000000
45467,0.021125,0.450476,-0.039045,-0.065474,-0.000246,0.131803,-0.989111,115.943871,0.000000
45471,0.021145,0.450474,-0.039042,-0.065608,-0.000113,0.131961,-0.989081,116.119652,0.000000
45475,0.021183,0.450473,-0.039031,-0.065627,-0.000206,0.132119,-0.989059,116.279984,0.000000
45478,0.021211,0.450471,-0.039021,-0.065738,-0.000177,0.132326,-0.989024,116.425896,0.000000
45482,0.021229,0.450464,-0.039004,-0.065890,-0.000093,0.132434,-0.988999,116.584511,0.000343
45485,0.021242,0.450459,-0.038985,-0.065949,-0.000124,0.132580,-0.988976,116.701584,0.000000
45489,0.021257,0.450451,-0.038960,-0.066055,-0.000084,0.132636,-0.988961,116.836510,0.000343
45492,0.021283,0.450449,-0.038946,-0.066157,-0.000070,0.132785,-0.988935,116.953239,0.000343
45496,0.021333,0.450447,-0.038935,-0.066177,-0.000069,0.132928,-0.988914,117.050743,0.000343
45499,0.021369,0.450446,-0.038930,-0.066218,-0.000114,0.133076,-0.988891,117.205582,0.000343
45503,0.021399,0.450440,-0.038926,-0.066346,0.000002,0.133237,-0.988861,117.366600,0.000000
45507,0.021420,0.450432,-0.038908,-0.066445,-0.000109,0.133463,-0.988824,117.547188,0.000343
45510,0.021432,0.450430,-0.038899,-0.066457,-0.000152,0.133580,-0.988807,117.689323,0.000343
45514,0.021448,0.450427,-0.038894,-0.066698,0.000034,0.133746,-0.988769,117.862015,0.000000
45517,0.021475,0.450422,-0.038890,-0.066725,-0.000045,0.133908,-0.988745,118.006897,0.000343
45521,0.021508,0.450419,-0.038878,-0.066806,-0.000065,0.134168,-0.988704,118.125687,0.000343
45524,0.021521,0.450412,-0.038863,-0.066860,-0.000037,0.134254,-0.988689,118.245163,0.000000
45528,0.021526,0.450410,-0.038835,-0.066971,-0.000086,0.134404,-0.988661,118.342323,0.000000
45531,0.021530,0.450404,-0.038815,-0.066992,-0.000156,0.134498,-0.988647,118.472786,0.000343
45535,0.021552,0.450397,-0.038798,-0.067129,-0.000040,0.134595,-0.988624,118.596382,0.000343
45538,0.021589,0.450392,-0.038789,-0.067204,-0.000043,0.134736,-0.988600,118.782120,0.000343
45542,0.021663,0.450387,-0.038775,-0.067229,-0.000136,0.134977,-0.988565,118.932838,0.000000
45546,0.021712,0.450382,-0.038767,-0.067348,-0.000043,0.135179,-0.988530,119.126129,0.000000
45549,0.021739,0.450376,-0.038753,-0.067487,-0.000043,0.135384,-0.988492,119.274101,0.000343
45553,0.021758,0.450375,-0.038739,-0.067475,-0.000140,0.135524,-0.988474,119.406967,0.000343
45556,0.021764,0.450367,-0.038730,-0.067591,-0.000087,0.135661,-0.988447,119.539146,0.000000
45560,0.021775,0.450362,-0.038724,-0.067703,-0.000071,0.135793,-0.988421,119.652443,0.000000
45563,0.021786,0.450359,-0.038718,-0.067744,-0.000130,0.135959,-0.988396,119.753723,0.000343
45567,0.021805,0.450359,-0.038711,-0.067824,-0.000101,0.136092,-0.988372,119.891739,0.000343
45571,0.021823,0.450355,-0.038699,-0.067944,-0.000080,0.136323,-0.988332,120.044861,0.000000
45574,0.021846,0.450349,-0.038686,-0.067989,-0.000145,0.136393,-0.988319,120.188713,0.000343
45578,0.021881,0.450345,-0.038672,-0.068166,-0.000090,0.136692,-0.988265,120.359688,0.000000
45581,0.021918,0.450340,-0.038662,-0.068264,-0.000076,0.136799,-0.988244,120.545082,0.000343
45585,0.021978,0.450339,-0.038640,-0.068337,-0.000185,0.137118,-0.988195,120.687904,0.000000
45588,0.022009,0.450334,-0.038621,-0.068417,-0.000169,0.137269,-0.988168,120.830727,0.000000
45592,0.022034,0.450325,-0.038594,-0.068601,-0.000054,0.137443,-0.988131,120.948143,0.000343
45595,0.022053,0.450320,-0.038571,-0.068654,-0.000101,0.137565,-0.988111,121.074486,0.000343
45599,0.022077,0.450313,-0.038542,-0.068676,-0.000179,0.137775,-0.988080,121.177826,0.000343
45603,0.022097,0.450309,-0.038528,-0.068742,-0.000144,0.137902,-0.988057,121.315498,0.000000
45606,0.022115,0.450307,-0.038520,-0.068774,-0.000190,0.138082,-0.988030,121.428452,0.000343
45609,0.022127,0.450303,-0.038519,-0.068814,-0.000228,0.138229,-0.988007,121.613159,0.000000
45613,0.022136,0.450299,-0.038523,-0.068942,-0.000164,0.138398,-0.987974,121.788254,0.000000
45617,0.022153,0.450309,-0.038525,-0.068861,-0.000113,0.138764,-0.987929,121.943436,0.000343
45620,0.022188,0.450295,-0.038527,-0.068982,-0.000283,0.138790,-0.987916,122.104111,0.000343
45624,0.022225,0.450290,-0.038529,-0.069084,-0.000220,0.139001,-0.987880,122.239380,0.000343
45627,0.022262,0.450286,-0.038521,-0.069139,-0.000160,0.139157,-0.987854,122.350273,0.000343
45631,0.022299,0.450292,-0.038491,-0.069043,-0.000192,0.139519,-0.987809,122.488632,0.000000
45634,0.022325,0.450289,-0.038464,-0.069127,-0.000175,0.139656,-0.987784,122.606735,0.000343
45638,0.022355,0.450280,-0.038408,-0.069071,-0.000428,0.139768,-0.987772,122.706642,0.000343
45641,0.022376,0.450276,-0.038380,-0.069136,-0.000482,0.139899,-0.987749,122.874184,0.000000
45645,0.022401,0.450268,-0.038350,-0.069248,-0.000429,0.140056,-0.987719,123.018379,0.000343
45648,0.022426,0.450262,-0.038336,-0.069384,-0.000376,0.140222,-0.987686,123.210640,0.000343
45652,0.022464,0.450257,-0.038324,-0.069425,-0.000444,0.140460,-0.987649,123.362732,0.000000
45656,0.022487,0.450254,-0.038327,-0.069607,-0.000385,0.140723,-0.987599,123.495255,0.000000
45659,0.022501,0.450252,-0.038336,-0.069624,-0.000358,0.140804,-0.987586,123.634300,0.000343
45663,0.022529,0.450251,-0.038340,-0.069667,-0.000425,0.140990,-0.987557,123.770599,0.000343
45666,0.022552,0.450251,-0.038344,-0.069708,-0.000435,0.141109,-0.987537,123.889046,0.000343
45670,0.022575,0.450245,-0.038342,-0.069892,-0.000273,0.141256,-0.987503,124.021912,0.000343
45673,0.022603,0.450242,-0.038328,-0.069940,-0.000334,0.141406,-0.987478,124.135208,0.000343
45677,0.022638,0.450238,-0.038297,-0.070038,-0.000339,0.141564,-0.987448,124.292107,0.000343
45680,0.022650,0.450235,-0.038275,-0.070200,-0.000035,0.141825,-0.987400,124.438705,0.000000
45684,0.022694,0.450208,-0.038242,-0.070568,-0.000085,0.141646,-0.987399,124.608650,0.000000
45687,0.022721,0.450203,-0.038216,-0.070634,-0.000123,0.141836,-0.987367,124.750786,0.000343
45691,0.022749,0.450198,-0.038198,-0.070829,0.000003,0.142012,-0.987328,124.921761,0.000343
45695,0.022777,0.450195,-0.038187,-0.070798,-0.000093,0.142151,-0.987310,125.066986,0.000000
45698,0.022794,0.450192,-0.038187,-0.070895,-0.000086,0.142337,-0.987276,125.176849,0.000000
45702,0.022808,0.450190,-0.038200,-0.070948,0.000016,0.142459,-0.987255,125.301476,0.000000
45705,0.022823,0.450190,-0.038205,-0.071000,0.000043,0.142591,-0.987232,125.440521,0.000000
45709,0.022850,0.450190,-0.038205,-0.070996,-0.000052,0.142712,-0.987215,125.559998,0.000343
45712,0.022869,0.450185,-0.038201,-0.071070,-0.000063,0.142867,-0.987187,125.719986,0.000343
45716,0.022897,0.450178,-0.038185,-0.071202,0.000024,0.143002,-0.987158,125.866241,0.000000
45720,0.022930,0.450169,-0.038156,-0.071355,0.000022,0.143251,-0.987111,126.005630,0.000343
45723,0.022957,0.450165,-0.038133,-0.071419,0.000049,0.143332,-0.987094,126.171455,0.000343
45727,0.022994,0.450155,-0.038099,-0.071592,0.000047,0.143612,-0.987041,126.353073,0.000343
45730,0.023021,0.450152,-0.038079,-0.071631,-0.000024,0.143779,-0.987014,126.486969,0.000343
45734,0.023045,0.450144,-0.038065,-0.071817,0.000128,0.143934,-0.986978,126.597862,0.000343
45737,0.023064,0.450140,-0.038057,-0.071875,0.000120,0.144026,-0.986960,126.728668,0.000343
45741,0.023088,0.450139,-0.038051,-0.071896,-0.000014,0.144258,-0.986925,126.858444,0.000000
45744,0.023101,0.450136,-0.038051,-0.071930,0.000010,0.144305,-0.986916,126.981010,0.000343
45748,0.023115,0.450134,-0.038055,-0.072088,0.000134,0.144476,-0.986879,127.097054,0.000343
45751,0.023133,0.450129,-0.038054,-0.072119,0.000096,0.144614,-0.986856,127.253952,0.000343
45755,0.023169,0.450124,-0.038046,-0.072183,0.000033,0.144824,-0.986821,127.429390,0.000343
45758,0.023195,0.450117,-0.038034,-0.072312,0.000100,0.145032,-0.986781,127.602081,0.000000
45762,0.023233,0.450111,-0.038012,-0.072442,0.000016,0.145256,-0.986738,127.773056,0.000000
45766,0.023252,0.450104,-0.037992,-0.072494,0.000045,0.145344,-0.986722,127.890816,0.000000
45769,0.023269,0.450097,-0.037975,-0.072635,0.000049,0.145541,-0.986682,128.014412,0.000343
45773,0.023302,0.450097,-0.037958,-0.072630,-0.000011,0.145679,-0.986662,128.147278,0.000343
45777,0.023327,0.450088,-0.037945,-0.072778,0.000059,0.145889,-0.986620,128.247185,0.000343
45780,0.023346,0.450085,-0.037940,-0.072796,0.000069,0.145934,-0.986612,128.359108,0.000000
45784,0.023377,0.450081,-0.037927,-0.072829,0.000002,0.146128,-0.986581,128.512917,0.000000
45787,0.023398,0.450077,-0.037917,-0.072836,-0.000032,0.146269,-0.986560,128.664322,0.000000
45791,0.023426,0.450070,-0.037902,-0.073058,0.000087,0.146496,-0.986510,128.857613,0.000343
45794,0.023456,0.450063,-0.037884,-0.073094,0.000025,0.146631,-0.986487,129.038887,0.000343
45798,0.023497,0.450059,-0.037870,-0.073195,0.000055,0.146921,-0.986436,129.208145,0.000343
45801,0.023519,0.450055,-0.037858,-0.073242,0.000091,0.147014,-0.986419,129.342384,0.000343
45805,0.023548,0.450051,-0.037845,-0.073320,0.000053,0.147244,-0.986379,129.436798,0.000343
45808,0.023559,0.450049,-0.037837,-0.073317,0.000051,0.147284,-0.986373,129.530182,0.000000
45812,0.023572,0.450041,-0.037831,-0.073468,0.000120,0.147414,-0.986343,129.648628,0.000000
45815,0.023584,0.450040,-0.037826,-0.073504,0.000146,0.147483,-0.986330,129.762268,0.000343
45819,0.023615,0.450037,-0.037817,-0.073527,0.000034,0.147678,-0.986299,129.941483,0.000343
45822,0.023641,0.450033,-0.037811,-0.073580,0.000043,0.147832,-0.986272,130.124817,0.000000
45826,0.023681,0.450027,-0.037796,-0.073737,0.000149,0.148005,-0.986234,130.286522,0.000343
45830,0.023729,0.450024,-0.037775,-0.073710,0.000030,0.148235,-0.986202,130.467110,0.000343
45833,0.023757,0.450018,-0.037755,-0.073850,0.000121,0.148394,-0.986167,130.608902,0.000343
45837,0.023793,0.450011,-0.037727,-0.073945,0.000057,0.148581,-0.986132,130.730095,0.000343
45840,0.023812,0.450007,-0.037707,-0.074055,0.000058,0.148755,-0.986097,130.817986,0.000343
45844,0.023828,0.450001,-0.037685,-0.074138,0.000103,0.148836,-0.986079,130.928879,0.000343
45847,0.023839,0.449997,-0.037671,-0.074264,0.000175,0.148972,-0.986049,131.068954,0.000343
45851,0.023865,0.449991,-0.037653,-0.074276,0.000067,0.149102,-0.986028,131.222420,0.000343
45855,0.023887,0.449983,-0.037647,-0.074469,0.000140,0.149426,-0.985965,131.367989,0.000343
45858,0.023908,0.449980,-0.037646,-0.074513,0.000133,0.149505,-0.985949,131.559906,0.000343
45862,0.023950,0.449975,-0.037647,-0.074614,0.000072,0.149803,-0.985896,131.715775,0.000000
45865,0.023976,0.449971,-0.037650,-0.074654,0.000075,0.149927,-0.985875,131.876106,0.000343
45869,0.024012,0.449965,-0.037655,-0.074822,0.000193,0.150143,-0.985829,132.020302,0.000343
45872,0.024038,0.449962,-0.037653,-0.074839,0.000161,0.150229,-0.985815,132.120552,0.000000
45876,0.024072,0.449952,-0.037642,-0.074910,0.000165,0.150443,-0.985777,132.229729,0.000343
45879,0.024094,0.449950,-0.037635,-0.074964,0.000185,0.150481,-0.985767,132.359505,0.000000
45883,0.024130,0.449944,-0.037611,-0.075081,0.000169,0.150713,-0.985722,132.505417,0.000000
45887,0.024162,0.449932,-0.037588,-0.075174,0.000203,0.150830,-0.985697,132.635193,0.000343
45890,0.024180,0.449926,-0.037567,-0.075330,0.000237,0.151022,-0.985656,132.803764,0.000343
45894,0.024207,0.449920,-0.037538,-0.075327,0.000130,0.151172,-0.985633,132.951050,0.000343
45897,0.024219,0.449914,-0.037517,-0.075452,0.000135,0.151400,-0.985589,133.129578,0.000000
45901,0.024229,0.449907,-0.037502,-0.075585,0.000204,0.151582,-0.985551,133.290596,0.000343
45904,0.024240,0.449904,-0.037493,-0.075662,0.000213,0.151747,-0.985519,133.418655,0.000343
45908,0.024267,0.449901,-0.037487,-0.075596,0.000057,0.151844,-0.985509,133.553238,0.000000
45911,0.024287,0.449899,-0.037485,-0.075734,0.000148,0.152059,-0.985466,133.649025,0.000000
45915,0.024321,0.449896,-0.037482,-0.075770,0.000133,0.152149,-0.985449,133.783264,0.000000
45918,0.024360,0.449896,-0.037473,-0.075847,0.000113,0.152358,-0.985411,133.912010,0.000343
45922,0.024400,0.449890,-0.037459,-0.075935,0.000120,0.152511,-0.985380,134.055519,0.000000
45926,0.024452,0.449888,-0.037437,-0.076013,0.000115,0.152780,-0.985333,134.213448,0.000000
45929,0.024487,0.449885,-0.037417,-0.076031,0.000040,0.152930,-0.985308,134.402618,0.000000
45933,0.024525,0.449878,-0.037392,-0.076249,0.000115,0.153241,-0.985243,134.543037,0.000343
45936,0.024546,0.449877,-0.037372,-0.076304,0.000094,0.153345,-0.985222,134.689980,0.000000
45940,0.024572,0.449871,-0.037345,-0.076382,0.000021,0.153557,-0.985183,134.835205,0.000343
45943,0.024587,0.449866,-0.037331,-0.076392,0.000001,0.153629,-0.985171,134.950218,0.000000
45947,0.024609,0.449862,-0.037324,-0.076569,0.000138,0.153803,-0.985130,135.071754,0.000343
45950,0.024638,0.449857,-0.037325,-0.076544,0.000084,0.153884,-0.985120,135.199471,0.000000
45954,0.024685,0.449858,-0.037324,-0.076563,0.000084,0.154083,-0.985087,135.327187,0.000000
45957,0.024714,0.449850,-0.037331,-0.076570,0.000103,0.154183,-0.985071,135.467949,0.000000
45961,0.024746,0.449848,-0.037335,-0.076667,0.000116,0.154383,-0.985032,135.648193,0.000000
45965,0.024768,0.449843,-0.037334,-0.076711,0.000126,0.154495,-0.985011,135.806465,0.000000
45968,0.024782,0.449840,-0.037334,-0.076851,0.000182,0.154650,-0.984976,135.953751,0.000000
45972,0.024803,0.449839,-0.037323,-0.076810,0.000035,0.154789,-0.984957,136.111679,0.000000
45975,0.024819,0.449834,-0.037312,-0.076901,0.000027,0.154974,-0.984921,136.259308,0.000343
45979,0.024831,0.449828,-0.037294,-0.076975,0.000157,0.155071,-0.984900,136.373978,0.000343
45982,0.024847,0.449821,-0.037272,-0.077096,0.000138,0.155248,-0.984863,136.494141,0.000000
45986,0.024875,0.449814,-0.037239,-0.077060,0.000041,0.155347,-0.984850,136.632843,0.000000
45990,0.024907,0.449802,-0.037209,-0.077313,0.000184,0.155546,-0.984798,136.748543,0.000000
45993,0.024940,0.449799,-0.037187,-0.077346,0.000143,0.155659,-0.984778,136.895828,0.000000
45996,0.024975,0.449793,-0.037169,-0.077433,0.000119,0.155891,-0.984735,137.041054,0.000000
46000,0.025009,0.449787,-0.037154,-0.077545,0.000186,0.156010,-0.984707,137.217865,0.000000
46004,0.025041,0.449782,-0.037144,-0.077677,0.000176,0.156307,-0.984649,137.363091,0.000000
46007,0.025059,0.449777,-0.037140,-0.077693,0.000152,0.156405,-0.984633,137.528572,0.000000
46011,0.025077,0.449771,-0.037145,-0.077846,0.000259,0.156650,-0.984581,137.668991,0.000000
46014,0.025092,0.449768,-0.037150,-0.077894,0.000236,0.156724,-0.984566,137.795334,0.000000
46018,0.025114,0.449765,-0.037155,-0.077912,0.000102,0.156966,-0.984526,137.930260,0.000343
46021,0.025124,0.449763,-0.037155,-0.077947,0.000136,0.157036,-0.984512,138.053513,0.000000
46025,0.025136,0.449758,-0.037146,-0.078134,0.000250,0.157258,-0.984462,138.168182,0.000000
46028,0.025153,0.449753,-0.037132,-0.078137,0.000173,0.157309,-0.984453,138.306541,0.000343
46032,0.025189,0.449746,-0.037104,-0.078262,0.000169,0.157544,-0.984406,138.449707,0.000000
46036,0.025237,0.449735,-0.037075,-0.078379,0.000172,0.157729,-0.984367,138.632011,0.000343
46039,0.025285,0.449727,-0.037047,-0.078482,0.000169,0.157974,-0.984320,138.798866,0.000000
46043,0.025339,0.449716,-0.037018,-0.078662,0.000236,0.158179,-0.984272,138.951988,0.000000
46046,0.025371,0.449712,-0.036998,-0.078776,0.000260,0.158466,-0.984217,139.095497,0.000000
46050,0.025407,0.449706,-0.036980,-0.078761,0.000132,0.158589,-0.984198,139.229736,0.000000
46053,0.025424,0.449703,-0.036971,-0.078881,0.000155,0.158743,-0.984164,139.354706,0.000000
46057,0.025434,0.449696,-0.036968,-0.078942,0.000240,0.158865,-0.984139,139.453926,0.000000
46060,0.025445,0.449696,-0.036965,-0.079010,0.000239,0.159012,-0.984110,139.567223,0.000000
46064,0.025462,0.449691,-0.036963,-0.078965,0.000107,0.159112,-0.984098,139.719315,0.000000
46068,0.025474,0.449683,-0.036960,-0.079175,0.000218,0.159298,-0.984051,139.865913,0.000000
46071,0.025493,0.449677,-0.036949,-0.079211,0.000156,0.159407,-0.984030,140.049934,0.000000
46075,0.025530,0.449671,-0.036934,-0.079358,0.000172,0.159704,-0.983970,140.232925,0.000000
46078,0.025553,0.449664,-0.036922,-0.079451,0.000189,0.159844,-0.983940,140.391541,0.000000
46082,0.025601,0.449659,-0.036900,-0.079531,0.000151,0.160114,-0.983889,140.535049,0.000000
46085,0.025631,0.449653,-0.036883,-0.079593,0.000109,0.160199,-0.983871,140.647316,0.000000
46089,0.025664,0.449640,-0.036864,-0.079834,0.000295,0.160393,-0.983819,140.749969,0.000000
46092,0.025685,0.449637,-0.036848,-0.079873,0.000272,0.160455,-0.983806,140.865669,0.000000
46096,0.025719,0.449630,-0.036827,-0.079964,0.000191,0.160631,-0.983770,140.986862,0.000000
46100,0.025737,0.449623,-0.036819,-0.080080,0.000294,0.160809,-0.983732,141.114578,0.000000
46103,0.025758,0.449618,-0.036809,-0.080176,0.000260,0.160941,-0.983702,141.294136,0.000000
46106,0.025787,0.449612,-0.036802,-0.080211,0.000205,0.161108,-0.983672,141.481934,0.000000
46110,0.025822,0.449606,-0.036791,-0.080325,0.000223,0.161423,-0.983611,141.658401,0.000000
46114,0.025854,0.449596,-0.036786,-0.080437,0.000224,0.161600,-0.983573,141.798820,0.000000
46117,0.025878,0.449590,-0.036779,-0.080499,0.000239,0.161805,-0.983534,141.941986,0.000000
46121,0.025904,0.449582,-0.036768,-0.080577,0.000287,0.161915,-0.983509,142.065239,0.000000
46124,0.025924,0.449579,-0.036758,-0.080700,0.000365,0.162107,-0.983468,142.173386,0.000000
46128,0.025958,0.449571,-0.036737,-0.080691,0.000219,0.162202,-0.983453,142.277412,0.000000
46131,0.025980,0.449564,-0.036716,-0.080800,0.000237,0.162399,-0.983411,142.414398,0.000000
46135,0.026003,0.449552,-0.036694,-0.080924,0.000296,0.162521,-0.983381,142.567520,0.000000
46138,0.026030,0.449545,-0.036674,-0.081028,0.000305,0.162720,-0.983340,142.708626,0.000000
46142,0.026065,0.449539,-0.036652,-0.081047,0.000205,0.162930,-0.983303,142.885437,0.000000
46146,0.026095,0.449528,-0.036643,-0.081274,0.000311,0.163229,-0.983235,143.073235,0.000000
46149,0.026120,0.449523,-0.036637,-0.081283,0.000258,0.163381,-0.983209,143.229446,0.000000
46153,0.026148,0.449518,-0.036635,-0.081392,0.000269,0.163657,-0.983154,143.347893,0.000000
46156,0.026163,0.449516,-0.036638,-0.081421,0.000314,0.163726,-0.983140,143.471832,0.000000
46156,0.026163,0.449516,-0.036638,-0.081421,0.000314,0.163726,-0.983140,143.585129,0.000000
46156,0.026163,0.449516,-0.036638,-0.081421,0.000314,0.163726,-0.983140,143.712158,0.000000
46156,0.026163,0.449516,-0.036638,-0.081421,0.000314,0.163726,-0.983140,143.837128,0.000000
46156,0.026163,0.449516,-0.036638,-0.081421,0.000314,0.163726,-0.983140,143.988876,-0.000343
46156,0.026163,0.449516,-0.036638,-0.081421,0.000314,0.163726,-0.983140,144.137192,0.000000
46156,0.026163,0.449516,-0.036638,-0.081421,0.000314,0.163726,-0.983140,144.327736,0.000000
46156,0.026163,0.449516,-0.036638,-0.081421,0.000314,0.163726,-0.983140,144.481544,0.000000
46156,0.026163,0.449516,-0.036638,-0.081421,0.000314,0.163726,-0.983140,144.646683,0.000000
46156,0.026163,0.449516,-0.036638,-0.081421,0.000314,0.163726,-0.983140,144.780922,0.000000
46156,0.026163,0.449516,-0.036638,-0.081421,0.000314,0.163726,-0.983140,144.886665,0.000000
46156,0.026163,0.449516,-0.036638,-0.081421,0.000314,0.163726,-0.983140,145.004768,0.000000
46156,0.026163,0.449516,-0.036638,-0.081421,0.000314,0.163726,-0.983140,145.119095,0.000000
46156,0.026163,0.449516,-0.036638,-0.081421,0.000314,0.163726,-0.983140,145.256081,0.000000
46156,0.026163,0.449516,-0.036638,-0.081421,0.000314,0.163726,-0.983140,145.408859,0.000000
46156,0.026163,0.449516,-0.036638,-0.081421,0.000314,0.163726,-0.983140,145.560608,0.000000
46156,0.026163,0.449516,-0.036638,-0.081421,0.000314,0.163726,-0.983140,145.754585,0.000000
46156,0.026163,0.449516,-0.036638,-0.081421,0.000314,0.163726,-0.983140,145.903931,0.000000
46156,0.026163,0.449516,-0.036638,-0.081421,0.000314,0.163726,-0.983140,146.065636,0.000000
46156,0.026163,0.449516,-0.036638,-0.081421,0.000314,0.163726,-0.983140,146.205025,0.000000
46156,0.026163,0.449516,-0.036638,-0.081421,0.000314,0.163726,-0.983140,146.308022,0.000000
46156,0.026163,0.449516,-0.036638,-0.081421,0.000314,0.163726,-0.983140,146.408958,0.000000
46156,0.026163,0.449516,-0.036638,-0.081421,0.000314,0.163726,-0.983140,146.543541,0.000000
46156,0.026163,0.449516,-0.036638,-0.081421,0.000314,0.163726,-0.983140,146.661987,0.000000
46156,0.026163,0.449516,-0.036638,-0.081421,0.000314,0.163726,-0.983140,146.809273,0.000000
46156,0.026163,0.449516,-0.036638,-0.081421,0.000314,0.163726,-0.983140,146.981277,0.000000
46156,0.026163,0.449516,-0.036638,-0.081421,0.000314,0.163726,-0.983140,147.163925,0.000000
46156,0.026163,0.449516,-0.036638,-0.081421,0.000314,0.163726,-0.983140,147.309151,0.000000
46156,0.026163,0.449516,-0.036638,-0.081421,0.000314,0.163726,-0.983140,147.484932,0.000000
46156,0.026163,0.449516,-0.036638,-0.081421,0.000314,0.163726,-0.983140,147.620544,0.000000
46263,0.026931,0.449337,-0.036229,-0.083981,0.000262,0.168720,-0.982080,147.723198,0.000000
46266,0.026941,0.449332,-0.036221,-0.084064,0.000272,0.168880,-0.982045,147.837524,-0.000343
46270,0.026960,0.449326,-0.036215,-0.084104,0.000187,0.168983,-0.982024,147.968330,0.000000
46273,0.026976,0.449322,-0.036207,-0.084216,0.000165,0.169146,-0.981986,148.111496,0.000000
46277,0.027000,0.449317,-0.036205,-0.084311,0.000268,0.169279,-0.981955,148.261871,0.000000
46280,0.027024,0.449311,-0.036197,-0.084412,0.000284,0.169465,-0.981915,148.398514,0.000000
46284,0.027070,0.449302,-0.036180,-0.084403,0.000122,0.169662,-0.981881,148.570518,-0.000343
46288,0.027108,0.449291,-0.036158,-0.084618,0.000245,0.169923,-0.981818,148.741150,-0.000343
46291,0.027142,0.449283,-0.036135,-0.084683,0.000186,0.170104,-0.981781,148.883972,0.000000
46295,0.027182,0.449271,-0.036102,-0.084777,0.000150,0.170393,-0.981723,149.031601,0.000000
46298,0.027202,0.449260,-0.036077,-0.084843,0.000138,0.170459,-0.981705,149.173393,0.000000
46302,0.027227,0.449251,-0.036054,-0.084985,0.000203,0.170715,-0.981649,149.290810,0.000000
46306,0.027251,0.449243,-0.036035,-0.085027,0.000171,0.170921,-0.981609,149.395866,-0.000343
46309,0.027267,0.449237,-0.036032,-0.085121,0.000219,0.171032,-0.981582,149.526672,0.000000
46313,0.027290,0.449233,-0.036036,-0.085142,0.000137,0.171164,-0.981557,149.669838,-0.000343
46316,0.027313,0.449232,-0.036039,-0.085172,0.000094,0.171320,-0.981527,149.807854,0.000000
46319,0.027337,0.449226,-0.036044,-0.085163,0.000060,0.171446,-0.981506,150.004234,0.000000
46323,0.027367,0.449220,-0.036043,-0.085407,0.000252,0.171692,-0.981442,150.166626,0.000000
46327,0.027407,0.449212,-0.036032,-0.085390,0.000107,0.171900,-0.981407,150.320778,-0.000343
46330,0.027438,0.449207,-0.036016,-0.085462,0.000108,0.172126,-0.981361,150.474586,0.000000
46334,0.027473,0.449196,-0.035987,-0.085619,0.000191,0.172276,-0.981321,150.599899,-0.000343
46337,0.027503,0.449192,-0.035962,-0.085684,0.000178,0.172410,-0.981292,150.691910,0.000000
46341,0.027533,0.449185,-0.035926,-0.085761,0.000169,0.172544,-0.981261,150.778427,0.000000
46344,0.027549,0.449183,-0.035903,-0.085874,0.000195,0.172711,-0.981222,150.902367,-0.000343
46348,0.027569,0.449174,-0.035879,-0.085945,0.000160,0.172795,-0.981201,151.066475,0.000000
46351,0.027593,0.449168,-0.035859,-0.086020,0.000140,0.173000,-0.981158,151.256332,0.000000
46355,0.027622,0.449158,-0.035849,-0.086165,0.000255,0.173208,-0.981109,151.425591,0.000000
46359,0.027669,0.449150,-0.035839,-0.086238,0.000151,0.173515,-0.981048,151.607895,0.000000
46362,0.027693,0.449154,-0.035838,-0.086127,0.000060,0.173768,-0.981013,151.780930,0.000000
46366,0.027717,0.449137,-0.035848,-0.086453,0.000294,0.173865,-0.980967,151.894913,0.000000
46369,0.027736,0.449143,-0.035842,-0.086350,0.000208,0.174054,-0.980943,151.996536,0.000000
46373,0.027761,0.449130,-0.035843,-0.086515,0.000216,0.174093,-0.980922,152.077217,-0.000343
46376,0.027776,0.449127,-0.035835,-0.086543,0.000244,0.174164,-0.980906,152.182617,-0.000343
46376,0.027776,0.449127,-0.035835,-0.086543,0.000244,0.174164,-0.980906,152.333679,0.000000
46376,0.027776,0.449127,-0.035835,-0.086543,0.000244,0.174164,-0.980906,152.509804,-0.000343
46376,0.027776,0.449127,-0.035835,-0.086543,0.000244,0.174164,-0.980906,152.671852,0.000000
46376,0.027776,0.449127,-0.035835,-0.086543,0.000244,0.174164,-0.980906,152.877846,0.000000
46376,0.027776,0.449127,-0.035835,-0.086543,0.000244,0.174164,-0.980906,153.046074,-0.000343
46376,0.027776,0.449127,-0.035835,-0.086543,0.000244,0.174164,-0.980906,153.189926,0.000000
46376,0.027776,0.449127,-0.035835,-0.086543,0.000244,0.174164,-0.980906,153.289146,-0.000343
46376,0.027776,0.449127,-0.035835,-0.086543,0.000244,0.174164,-0.980906,153.393517,-0.000343
46376,0.027776,0.449127,-0.035835,-0.086543,0.000244,0.174164,-0.980906,153.504410,0.000000
46376,0.027776,0.449127,-0.035835,-0.086543,0.000244,0.174164,-0.980906,153.614273,-0.000343
46376,0.027776,0.449127,-0.035835,-0.086543,0.000244,0.174164,-0.980906,153.744049,-0.000343
46376,0.027776,0.449127,-0.035835,-0.086543,0.000244,0.174164,-0.980906,153.915367,-0.000343
46376,0.027776,0.449127,-0.035835,-0.086543,0.000244,0.174164,-0.980906,154.076042,0.000000
46376,0.027776,0.449127,-0.035835,-0.086543,0.000244,0.174164,-0.980906,154.263496,0.000000
46376,0.027776,0.449127,-0.035835,-0.086543,0.000244,0.174164,-0.980906,154.408722,0.000000
46376,0.027776,0.449127,-0.035835,-0.086543,0.000244,0.174164,-0.980906,154.549484,0.000000
46376,0.027776,0.449127,-0.035835,-0.086543,0.000244,0.174164,-0.980906,154.661751,0.000000
46376,0.027776,0.449127,-0.035835,-0.086543,0.000244,0.174164,-0.980906,154.756851,-0.000343
46376,0.027776,0.449127,-0.035835,-0.086543,0.000244,0.174164,-0.980906,154.883194,-0.000343
46376,0.027776,0.449127,-0.035835,-0.086543,0.000244,0.174164,-0.980906,155.014343,0.000000
46376,0.027776,0.449127,-0.035835,-0.086543,0.000244,0.174164,-0.980906,155.134850,0.000000
46376,0.027776,0.449127,-0.035835,-0.086543,0.000244,0.174164,-0.980906,155.289688,-0.000343
46376,0.027776,0.449127,-0.035835,-0.086543,0.000244,0.174164,-0.980906,155.456886,0.000000
46376,0.027776,0.449127,-0.035835,-0.086543,0.000244,0.174164,-0.980906,155.630608,0.000000
46376,0.027776,0.449127,-0.035835,-0.086543,0.000244,0.174164,-0.980906,155.787849,-0.000343
46376,0.027776,0.449127,-0.035835,-0.086543,0.000244,0.174164,-0.980906,155.922432,0.000000
46376,0.027776,0.449127,-0.035835,-0.086543,0.000244,0.174164,-0.980906,156.044312,0.000000
46376,0.027776,0.449127,-0.035835,-0.086543,0.000244,0.174164,-0.980906,156.160011,0.000000
46376,0.027776,0.449127,-0.035835,-0.086543,0.000244,0.174164,-0.980906,156.265755,0.000000
46483,0.028541,0.448910,-0.035413,-0.089115,0.000135,0.179334,-0.979744,156.393471,-0.000343
46487,0.028557,0.448905,-0.035407,-0.089254,0.000255,0.179451,-0.979710,156.511230,-0.000343
46490,0.028582,0.448900,-0.035403,-0.089277,0.000190,0.179573,-0.979685,156.676025,-0.000343
46493,0.028610,0.448896,-0.035391,-0.089323,0.000177,0.179804,-0.979639,156.823997,-0.000343
46497,0.028647,0.448886,-0.035374,-0.089420,0.000154,0.179966,-0.979600,156.993599,0.000000
46501,0.028686,0.448879,-0.035351,-0.089531,0.000168,0.180240,-0.979540,157.163887,0.000000
46504,0.028712,0.448874,-0.035333,-0.089565,0.000121,0.180363,-0.979514,157.298126,-0.000343
46508,0.028738,0.448873,-0.035310,-0.089580,0.000149,0.180659,-0.979458,157.421036,0.000000
46511,0.028757,0.448859,-0.035304,-0.089770,0.000250,0.180633,-0.979445,157.541199,-0.000343
46515,0.028790,0.448859,-0.035285,-0.089693,0.000048,0.180985,-0.979387,157.656898,0.000000
46518,0.028808,0.448856,-0.035282,-0.089688,0.000039,0.181063,-0.979373,157.762299,-0.000343
46522,0.028829,0.448850,-0.035281,-0.089868,0.000182,0.181254,-0.979322,157.895508,0.000000
46525,0.028850,0.448849,-0.035278,-0.089851,0.000160,0.181315,-0.979312,158.060989,-0.000343
46529,0.028887,0.448831,-0.035271,-0.090054,0.000235,0.181437,-0.979271,158.206558,0.000000
46533,0.028917,0.448822,-0.035254,-0.090169,0.000279,0.181614,-0.979227,158.376503,0.000000
46536,0.028945,0.448815,-0.035231,-0.090268,0.000243,0.181835,-0.979177,158.517952,0.000000
46540,0.028979,0.448802,-0.035203,-0.090396,0.000282,0.182017,-0.979131,158.662491,-0.000343
46543,0.029001,0.448795,-0.035181,-0.090565,0.000363,0.182198,-0.979082,158.808746,-0.000343
46547,0.029034,0.448784,-0.035156,-0.090643,0.000262,0.182338,-0.979049,158.906593,0.000000
46550,0.029049,0.448779,-0.035142,-0.090714,0.000255,0.182493,-0.979014,159.031563,0.000000
46554,0.029066,0.448771,-0.035131,-0.090835,0.000337,0.182599,-0.978982,159.168205,0.000000
46558,0.029094,0.448769,-0.035124,-0.090844,0.000207,0.182804,-0.978943,159.289742,0.000000
46561,0.029116,0.448764,-0.035125,-0.090872,0.000221,0.182932,-0.978917,159.433250,0.000000
46564,0.029140,0.448759,-0.035125,-0.090987,0.000250,0.183173,-0.978861,159.591866,0.000000
46568,0.029174,0.448750,-0.035124,-0.091058,0.000268,0.183321,-0.978827,159.756317,-0.000343
46572,0.029219,0.448742,-0.035116,-0.091160,0.000218,0.183624,-0.978761,159.898109,0.000000
46575,0.029242,0.448735,-0.035104,-0.091252,0.000246,0.183774,-0.978724,160.067368,-0.000343
46579,0.029277,0.448727,-0.035082,-0.091366,0.000230,0.184030,-0.978665,160.194397,0.000000
46582,0.029297,0.448720,-0.035063,-0.091400,0.000188,0.184088,-0.978651,160.317307,-0.000343
46586,0.029319,0.448710,-0.035035,-0.091630,0.000303,0.184318,-0.978586,160.436096,-0.000343
46590,0.029347,0.448702,-0.035004,-0.091733,0.000243,0.184488,-0.978544,160.548019,0.000000
46593,0.029364,0.448696,-0.034980,-0.091816,0.000199,0.184640,-0.978508,160.680542,0.000000
46596,0.029378,0.448691,-0.034964,-0.091831,0.000184,0.184703,-0.978495,160.806198,0.000000
46600,0.029392,0.448681,-0.034955,-0.092031,0.000295,0.184920,-0.978435,160.947990,-0.000343
46603,0.029416,0.448684,-0.034944,-0.091931,0.000229,0.185184,-0.978394,161.115189,-0.000343
46607,0.029456,0.448677,-0.034941,-0.092039,0.000200,0.185495,-0.978325,161.309853,0.000000
46611,0.029494,0.448668,-0.034945,-0.092131,0.000247,0.185704,-0.978277,161.455078,-0.000343
46614,0.029517,0.448664,-0.034944,-0.092195,0.000219,0.185879,-0.978238,161.574554,-0.000343
46618,0.029542,0.448657,-0.034939,-0.092275,0.000236,0.186035,-0.978200,161.704330,0.000000
46621,0.029557,0.448649,-0.034931,-0.092370,0.000288,0.186176,-0.978165,161.820374,-0.000343
46625,0.029590,0.448641,-0.034912,-0.092381,0.000150,0.186286,-0.978143,161.917534,0.000000
46628,0.029618,0.448633,-0.034897,-0.092470,0.000177,0.186476,-0.978098,162.038040,0.000000
46632,0.029639,0.448622,-0.034878,-0.092552,0.000266,0.186585,-0.978070,162.176743,-0.000343
46635,0.029668,0.448614,-0.034858,-0.092646,0.000266,0.186804,-0.978019,162.322998,-0.000343
46639,0.029706,0.448603,-0.034829,-0.092652,0.000130,0.186998,-0.977981,162.512856,-0.000343
46643,0.029734,0.448590,-0.034804,-0.092862,0.000237,0.187217,-0.977920,162.676964,0.000000
46646,0.029760,0.448582,-0.034786,-0.092908,0.000163,0.187381,-0.977884,162.825623,0.000000
46650,0.029787,0.448573,-0.034770,-0.093005,0.000152,0.187630,-0.977827,162.982521,0.000000
46653,0.029802,0.448565,-0.034763,-0.093068,0.000181,0.187732,-0.977801,163.093758,-0.000343
46657,0.029829,0.448559,-0.034750,-0.093140,0.000123,0.187976,-0.977748,163.208771,0.000000
46660,0.029844,0.448549,-0.034752,-0.093252,0.000150,0.187893,-0.977753,163.300438,-0.000343
46664,0.029859,0.448548,-0.034742,-0.093314,0.000213,0.188173,-0.977693,163.406525,-0.000343
46667,0.029876,0.448533,-0.034744,-0.093451,0.000279,0.188113,-0.977691,163.550720,0.000000
46671,0.029914,0.448527,-0.034736,-0.093534,0.000165,0.188368,-0.977634,163.693542,0.000000
46675,0.029947,0.448516,-0.034727,-0.093698,0.000309,0.188557,-0.977582,163.887520,-0.000343
46678,0.029980,0.448509,-0.034720,-0.093760,0.000286,0.188755,-0.977538,164.063988,0.000000
46682,0.030019,0.448498,-0.034707,-0.093838,0.000224,0.188956,-0.977492,164.203720,0.000000
46685,0.030039,0.448489,-0.034697,-0.093961,0.000268,0.189149,-0.977443,164.349976,0.000000
46689,0.030063,0.448483,-0.034680,-0.094076,0.000257,0.189293,-0.977404,164.480438,-0.000343
46692,0.030080,0.448480,-0.034664,-0.094153,0.000236,0.189423,-0.977371,164.580688,0.000000
46696,0.030089,0.448472,-0.034647,-0.094246,0.000352,0.189462,-0.977354,164.673042,-0.000343
46699,0.030106,0.448467,-0.034629,-0.094337,0.000391,0.189651,-0.977309,164.807625,-0.000343
46703,0.030137,0.448459,-0.034602,-0.094308,0.000304,0.189707,-0.977301,164.948387,0.000000
46706,0.030160,0.448453,-0.034581,-0.094410,0.000320,0.189917,-0.977250,165.090523,0.000000
46710,0.030195,0.448442,-0.034561,-0.094526,0.000429,0.190025,-0.977218,165.269737,0.000000
46714,0.030238,0.448431,-0.034542,-0.094601,0.000343,0.190244,-0.977168,165.421829,0.000000
46717,0.030267,0.448423,-0.034535,-0.094685,0.000380,0.190395,-0.977131,165.608597,-0.000343
46721,0.030296,0.448412,-0.034533,-0.094884,0.000491,0.190615,-0.977068,165.751419,0.000000
46724,0.030320,0.448406,-0.034532,-0.094926,0.000442,0.190733,-0.977041,165.862999,-0.000343
46728,0.030340,0.448401,-0.034533,-0.094981,0.000461,0.190929,-0.976998,165.975266,-0.000343
46731,0.030347,0.448396,-0.034535,-0.095062,0.000511,0.190986,-0.976979,166.076202,-0.000343
46735,0.030371,0.448391,-0.034527,-0.095096,0.000423,0.191185,-0.976936,166.203918,0.000000
46738,0.030384,0.448386,-0.034519,-0.095089,0.000384,0.191267,-0.976921,166.322365,-0.000343
46742,0.030404,0.448376,-0.034504,-0.095299,0.000544,0.191451,-0.976865,166.473770,0.000000
46746,0.030437,0.448368,-0.034479,-0.095286,0.000396,0.191635,-0.976830,166.625175,-0.000343
46749,0.030467,0.448358,-0.034457,-0.095410,0.000386,0.191832,-0.976779,166.815376,-0.000343
46753,0.030505,0.448345,-0.034433,-0.095579,0.000513,0.192039,-0.976722,166.958199,0.000000
46756,0.030536,0.448337,-0.034416,-0.095691,0.000541,0.192202,-0.976679,167.096214,0.000000
46760,0.030571,0.448337,-0.034397,-0.095576,0.000429,0.192548,-0.976622,167.230453,-0.000343
46763,0.030592,0.448331,-0.034387,-0.095718,0.000519,0.192701,-0.976578,167.354393,-0.000343
46767,0.030617,0.448323,-0.034379,-0.095771,0.000466,0.192815,-0.976550,167.468719,0.000000
46770,0.030637,0.448319,-0.034372,-0.095809,0.000446,0.192991,-0.976512,167.587852,-0.000343
46774,0.030648,0.448309,-0.034369,-0.095945,0.000541,0.193088,-0.976479,167.695656,-0.000343
46777,0.030663,0.448308,-0.034363,-0.096016,0.000572,0.193229,-0.976444,167.861481,-0.000343
46781,0.030696,0.448299,-0.034346,-0.096002,0.000389,0.193405,-0.976411,168.022499,0.000000
46785,0.030725,0.448278,-0.034333,-0.096331,0.000526,0.193562,-0.976347,168.184547,-0.000343
46788,0.030755,0.448270,-0.034314,-0.096355,0.000492,0.193744,-0.976309,168.351746,0.000000
46792,0.030793,0.448257,-0.034290,-0.096436,0.000391,0.194002,-0.976250,168.489761,-0.000343
46795,0.030811,0.448251,-0.034277,-0.096481,0.000442,0.194094,-0.976227,168.615761,0.000000
46799,0.030843,0.448241,-0.034260,-0.096638,0.000479,0.194307,-0.976169,168.743477,0.000000
46802,0.030864,0.448235,-0.034251,-0.096632,0.000394,0.194431,-0.976145,168.847160,0.000000
46806,0.030892,0.448227,-0.034242,-0.096702,0.000413,0.194658,-0.976093,168.971100,0.000000
46809,0.030911,0.448221,-0.034243,-0.096743,0.000462,0.194718,-0.976077,169.090576,-0.000343
46813,0.030942,0.448216,-0.034232,-0.096806,0.000336,0.194970,-0.976020,169.248848,-0.000343
46816,0.030966,0.448209,-0.034227,-0.096802,0.000306,0.195102,-0.975994,169.419479,0.000000
46820,0.030992,0.448197,-0.034214,-0.097020,0.000435,0.195341,-0.975925,169.553032,-0.000343
46824,0.031027,0.448185,-0.034192,-0.097055,0.000316,0.195543,-0.975881,169.725380,-0.000343
46827,0.031053,0.448177,-0.034175,-0.097181,0.000341,0.195745,-0.975828,169.852409,0.000000
46831,0.031078,0.448165,-0.034151,-0.097294,0.000392,0.195921,-0.975781,170.003471,-0.000343
46834,0.031104,0.448159,-0.034132,-0.097375,0.000359,0.196129,-0.975731,170.110931,0.000000
46838,0.031129,0.448149,-0.034111,-0.097469,0.000305,0.196252,-0.975697,170.237961,0.000000
46841,0.031150,0.448143,-0.034100,-0.097628,0.000375,0.196403,-0.975651,170.362930,0.000000
46845,0.031178,0.448137,-0.034084,-0.097663,0.000325,0.196522,-0.975623,170.480003,0.000000
46848,0.031204,0.448130,-0.034076,-0.097768,0.000278,0.196726,-0.975572,170.644455,0.000000
46852,0.031225,0.448125,-0.034073,-0.097869,0.000391,0.196828,-0.975541,170.791397,0.000000
46856,0.031263,0.448117,-0.034062,-0.097909,0.000275,0.197072,-0.975488,170.930443,-0.000343
46859,0.031287,0.448114,-0.034058,-0.097945,0.000278,0.197172,-0.975464,171.095581,0.000000
46863,0.031313,0.448101,-0.034048,-0.098170,0.000407,0.197400,-0.975395,171.249046,-0.000343
46866,0.031338,0.448094,-0.034040,-0.098225,0.000344,0.197508,-0.975368,171.377106,0.000000
46870,0.031366,0.448086,-0.034022,-0.098265,0.000287,0.197732,-0.975318,171.513062,0.000000
46873,0.031379,0.448077,-0.034010,-0.098358,0.000354,0.197795,-0.975296,171.624985,0.000000
46877,0.031397,0.448068,-0.033993,-0.098439,0.000330,0.197996,-0.975247,171.745148,0.000000
46880,0.031416,0.448062,-0.033976,-0.098411,0.000285,0.198072,-0.975235,171.875267,0.000000
46884,0.031437,0.448052,-0.033958,-0.098601,0.000396,0.198288,-0.975172,172.016716,-0.000343
46888,0.031471,0.448046,-0.033939,-0.098609,0.000288,0.198500,-0.975128,172.149239,0.000000
46891,0.031496,0.448039,-0.033930,-0.098655,0.000273,0.198652,-0.975092,172.296181,0.000000
46895,0.031526,0.448027,-0.033916,-0.098819,0.000430,0.198832,-0.975039,172.461662,0.000000
46898,0.031557,0.448018,-0.033908,-0.098877,0.000434,0.199049,-0.974989,172.629890,0.000000
46902,0.031590,0.448008,-0.033894,-0.098902,0.000363,0.199234,-0.974948,172.777519,0.000000
46906,0.031616,0.448000,-0.033883,-0.099011,0.000419,0.199406,-0.974902,172.899055,0.000000
46909,0.031634,0.447992,-0.033873,-0.099076,0.000407,0.199588,-0.974858,173.036728,0.000000
46912,0.031653,0.447985,-0.033861,-0.099161,0.000395,0.199746,-0.974817,173.151741,0.000000
46916,0.031674,0.447977,-0.033849,-0.099234,0.000432,0.199858,-0.974787,173.260574,0.000000
46920,0.031693,0.447968,-0.033839,-0.099327,0.000456,0.199982,-0.974752,173.382797,0.000000
46923,0.031714,0.447961,-0.033830,-0.099364,0.000413,0.200133,-0.974717,173.505363,-0.000343
46927,0.031742,0.447963,-0.033811,-0.099372,0.000459,0.200457,-0.974650,173.668098,0.000000
46930,0.031769,0.447954,-0.033802,-0.099465,0.000445,0.200631,-0.974604,173.827057,0.000000
46934,0.031818,0.447943,-0.033779,-0.099579,0.000344,0.200909,-0.974536,174.016914,-0.000343
46937,0.031849,0.447935,-0.033767,-0.099640,0.000335,0.201050,-0.974500,174.180336,-0.000343
46941,0.031880,0.447924,-0.033749,-0.099871,0.000477,0.201313,-0.974422,174.315605,0.000000
46944,0.031908,0.447916,-0.033730,-0.099947,0.000409,0.201433,-0.974390,174.443665,0.000000
46948,0.031937,0.447900,-0.033718,-0.100143,0.000448,0.201507,-0.974354,174.519882,0.000000
46951,0.031944,0.447902,-0.033699,-0.100060,0.000392,0.201663,-0.974331,174.616013,-0.000343
46955,0.031963,0.447895,-0.033685,-0.100158,0.000367,0.201892,-0.974273,174.742012,0.000000
46959,0.031977,0.447888,-0.033673,-0.100196,0.000357,0.201991,-0.974249,174.887924,0.000000
46962,0.031994,0.447872,-0.033671,-0.100442,0.000479,0.202004,-0.974221,175.053406,0.000000
46966,0.032031,0.447860,-0.033661,-0.100512,0.000398,0.202192,-0.974174,175.222321,0.000000
46969,0.032061,0.447852,-0.033654,-0.100540,0.000338,0.202398,-0.974129,175.417328,0.000000
46973,0.032088,0.447841,-0.033655,-0.100680,0.000496,0.202547,-0.974083,175.577316,0.000000
46977,0.032123,0.447833,-0.033645,-0.100671,0.000319,0.202731,-0.974046,175.694046,0.000000
46980,0.032144,0.447828,-0.033640,-0.100722,0.000333,0.202845,-0.974017,175.799446,0.000000
46983,0.032155,0.447821,-0.033629,-0.100824,0.000397,0.202994,-0.973975,175.898666,0.000000
46987,0.032176,0.447814,-0.033617,-0.100934,0.000428,0.203080,-0.973946,176.003036,0.000000
46990,0.032194,0.447808,-0.033600,-0.100993,0.000403,0.203234,-0.973908,176.119766,0.000000
46994,0.032216,0.447795,-0.033577,-0.101093,0.000418,0.203323,-0.973879,176.270485,0.000000
46998,0.032247,0.447786,-0.033554,-0.101204,0.000408,0.203523,-0.973825,176.430817,0.000000
47001,0.032273,0.447777,-0.033538,-0.101286,0.000388,0.203654,-0.973790,176.626167,0.000000
47005,0.032310,0.447766,-0.033522,-0.101472,0.000468,0.203910,-0.973717,176.798172,0.000000
47009,0.032349,0.447757,-0.033507,-0.101559,0.000377,0.204164,-0.973654,176.935501,0.000000
47012,0.032371,0.447751,-0.033503,-0.101594,0.000376,0.204276,-0.973627,177.066650,0.000000
47015,0.032390,0.447747,-0.033498,-0.101611,0.000370,0.204362,-0.973607,177.177544,0.000000
47019,0.032405,0.447740,-0.033497,-0.101770,0.000488,0.204544,-0.973552,177.274017,0.000000
47022,0.032421,0.447736,-0.033492,-0.101794,0.000475,0.204604,-0.973537,177.404480,0.000000
47026,0.032451,0.447727,-0.033479,-0.101871,0.000405,0.204857,-0.973476,177.538033,0.000000
47030,0.032473,0.447718,-0.033466,-0.101983,0.000478,0.204999,-0.973435,177.661285,0.000000
47033,0.032493,0.447712,-0.033450,-0.102041,0.000403,0.205162,-0.973394,177.821274,0.000000
47037,0.032521,0.447700,-0.033432,-0.102151,0.000455,0.205322,-0.973349,177.991219,0.000000
47040,0.032542,0.447690,-0.033416,-0.102297,0.000502,0.205518,-0.973292,178.180046,0.000000
47044,0.032584,0.447678,-0.033395,-0.102350,0.000375,0.205725,-0.973243,178.311539,0.000000
47048,0.032610,0.447670,-0.033385,-0.102449,0.000475,0.205865,-0.973203,178.429985,0.000000
47051,0.032633,0.447664,-0.033375,-0.102513,0.000478,0.206092,-0.973148,178.549805,0.000000
47054,0.032654,0.447657,-0.033369,-0.102591,0.000486,0.206272,-0.973102,178.678894,0.000000
47058,0.032687,0.447650,-0.033358,-0.102517,0.000308,0.206433,-0.973075,178.804207,0.000000
47061,0.032709,0.447642,-0.033349,-0.102638,0.000360,0.206615,-0.973024,178.913727,0.000000
47065,0.032729,0.447632,-0.033338,-0.102723,0.000381,0.206723,-0.972992,179.070625,0.000000
47069,0.032761,0.447621,-0.033319,-0.102749,0.000331,0.206948,-0.972942,179.208298,0.000000
47072,0.032781,0.447610,-0.033302,-0.102879,0.000402,0.207092,-0.972897,179.385109,0.000000
47076,0.032821,0.447599,-0.033277,-0.102988,0.000372,0.207369,-0.972827,179.538918,0.000000
47080,0.032855,0.447592,-0.033249,-0.103029,0.000343,0.207773,-0.972736,179.668694,0.000000
47083,0.032880,0.447583,-0.033237,-0.103076,0.000392,0.207877,-0.972709,179.804993,0.000000
47086,0.032904,0.447575,-0.033226,-0.103112,0.000421,0.207995,-0.972680,179.951935,-0.000343
47090,0.032938,0.447566,-0.033208,-0.103201,0.000271,0.208269,-0.972612,180.075874,0.000343
47094,0.032955,0.447549,-0.033209,-0.103464,0.000517,0.208289,-0.972579,180.192261,0.000000
47097,0.032972,0.447545,-0.033203,-0.103493,0.000496,0.208408,-0.972551,180.309677,0.000000
47101,0.033000,0.447538,-0.033194,-0.103497,0.000403,0.208552,-0.972520,180.452843,0.000000
47104,0.033016,0.447532,-0.033189,-0.103549,0.000425,0.208689,-0.972485,180.589142,0.000000
47108,0.033044,0.447521,-0.033177,-0.103685,0.000442,0.208830,-0.972440,180.759430,0.000000
47111,0.033066,0.447513,-0.033164,-0.103749,0.000420,0.209003,-0.972396,180.894699,0.000000
47115,0.033089,0.447500,-0.033148,-0.103891,0.000484,0.209183,-0.972342,181.045074,0.000000
47118,0.033111,0.447493,-0.033132,-0.104023,0.000511,0.209382,-0.972285,181.210899,0.000343
47122,0.033144,0.447482,-0.033110,-0.104057,0.000412,0.209509,-0.972254,181.336555,0.000343
47125,0.033168,0.447475,-0.033097,-0.104129,0.000396,0.209679,-0.972210,181.446075,0.000000
47129,0.033186,0.447469,-0.033088,-0.104229,0.000541,0.209790,-0.972175,181.578941,0.000000
47133,0.033223,0.447459,-0.033071,-0.104235,0.000338,0.209960,-0.972138,181.690865,0.000000
47136,0.033239,0.447452,-0.033065,-0.104278,0.000355,0.210058,-0.972112,181.822357,0.000000
47140,0.033263,0.447446,-0.033054,-0.104458,0.000464,0.210226,-0.972056,181.961746,0.000000
47143,0.033283,0.447436,-0.033044,-0.104510,0.000420,0.210334,-0.972027,182.107315,0.000000
47147,0.033313,0.447426,-0.033028,-0.104619,0.000390,0.210568,-0.971965,182.284813,0.000000
47150,0.033335,0.447417,-0.033018,-0.104722,0.000448,0.210677,-0.971930,182.448578,0.000000
47154,0.033372,0.447405,-0.033002,-0.104774,0.000378,0.210944,-0.971867,182.594833,0.000000
47157,0.033400,0.447399,-0.032990,-0.104823,0.000322,0.211108,-0.971826,182.720146,0.000000
47161,0.033423,0.447389,-0.032980,-0.105029,0.000482,0.211293,-0.971763,182.855072,0.000000
47165,0.033455,0.447378,-0.032966,-0.105047,0.000372,0.211450,-0.971727,182.965622,0.000000
47168,0.033475,0.447373,-0.032956,-0.105070,0.000323,0.211595,-0.971693,183.098488,0.000000
47172,0.033490,0.447361,-0.032946,-0.105236,0.000506,0.211748,-0.971642,183.227577,0.000000
47175,0.033509,0.447356,-0.032937,-0.105280,0.000441,0.211893,-0.971605,183.326797,0.000000
47179,0.033538,0.447347,-0.032922,-0.105294,0.000340,0.212064,-0.971567,183.492622,0.000000
47182,0.033563,0.447338,-0.032907,-0.105427,0.000416,0.212251,-0.971511,183.659477,0.000343
47186,0.033597,0.447323,-0.032890,-0.105541,0.000388,0.212465,-0.971452,183.822212,0.000000
47189,0.033626,0.447313,-0.032873,-0.105657,0.000365,0.212673,-0.971394,183.974648,0.000000
47193,0.033651,0.447301,-0.032862,-0.105801,0.000477,0.212847,-0.971340,184.131546,0.000000
47196,0.033670,0.447292,-0.032850,-0.105896,0.000529,0.213014,-0.971294,184.251366,0.000000
47200,0.033699,0.447283,-0.032833,-0.105878,0.000380,0.213159,-0.971264,184.362602,0.000000
47204,0.033718,0.447275,-0.032827,-0.106046,0.000468,0.213345,-0.971204,184.480705,0.000000
47207,0.033735,0.447269,-0.032819,-0.106094,0.000495,0.213458,-0.971174,184.574776,0.000000
47211,0.033763,0.447263,-0.032811,-0.106117,0.000393,0.213568,-0.971148,184.706612,0.000000
47214,0.033780,0.447254,-0.032806,-0.106176,0.000408,0.213717,-0.971108,184.876900,0.000343
47218,0.033808,0.447244,-0.032798,-0.106347,0.000512,0.213934,-0.971042,185.053024,0.000000
47221,0.033834,0.447233,-0.032785,-0.106375,0.000427,0.214080,-0.971007,185.216446,0.000343
47225,0.033869,0.447221,-0.032771,-0.106509,0.000503,0.214322,-0.970939,185.381584,0.000343
47229,0.033900,0.447212,-0.032755,-0.106594,0.000479,0.214554,-0.970878,185.513763,0.000000
47232,0.033925,0.447206,-0.032741,-0.106596,0.000393,0.214704,-0.970845,185.648003,0.000000
47235,0.033942,0.447199,-0.032729,-0.106604,0.000384,0.214765,-0.970830,185.747910,0.000343
47239,0.033959,0.447189,-0.032715,-0.106819,0.000526,0.214944,-0.970767,185.850563,0.000343
47243,0.033985,0.447181,-0.032699,-0.106841,0.000392,0.215091,-0.970732,185.966606,0.000000
47246,0.033998,0.447174,-0.032689,-0.106871,0.000420,0.215165,-0.970712,186.090546,0.000343
47250,0.034014,0.447165,-0.032681,-0.107023,0.000540,0.215319,-0.970662,186.272850,0.000343
47253,0.034038,0.447159,-0.032670,-0.107088,0.000505,0.215490,-0.970616,186.436615,0.000000
47257,0.034077,0.447149,-0.032660,-0.107115,0.000396,0.215752,-0.970555,186.593857,0.000343
47260,0.034097,0.447142,-0.032652,-0.107223,0.000457,0.215911,-0.970508,186.742172,0.000000
47264,0.034130,0.447130,-0.032645,-0.107275,0.000425,0.216040,-0.970473,186.898384,0.000000
47267,0.034153,0.447124,-0.032635,-0.107301,0.000416,0.216178,-0.970440,187.015114,0.000343
47271,0.034168,0.447114,-0.032626,-0.107418,0.000519,0.216241,-0.970413,187.110558,0.000343
47275,0.034194,0.447107,-0.032613,-0.107430,0.000446,0.216369,-0.970383,187.233124,0.000000
47278,0.034215,0.447100,-0.032600,-0.107475,0.000419,0.216484,-0.970352,187.341957,0.000343
47282,0.034238,0.447093,-0.032586,-0.107679,0.000555,0.216617,-0.970300,187.497139,0.000343
47285,0.034259,0.447086,-0.032574,-0.107786,0.000572,0.216739,-0.970261,187.636185,0.000343
47289,0.034297,0.447074,-0.032549,-0.107884,0.000459,0.216961,-0.970200,187.798576,0.000343
47292,0.034315,0.447065,-0.032540,-0.107958,0.000487,0.217089,-0.970163,187.983284,0.000000
47296,0.034346,0.447052,-0.032522,-0.108105,0.000526,0.217347,-0.970089,188.155632,0.000343
47299,0.034372,0.447044,-0.032509,-0.108137,0.000494,0.217471,-0.970058,188.297081,0.000000
47303,0.034402,0.447032,-0.032498,-0.108294,0.000550,0.217658,-0.969998,188.419647,0.000343
47307,0.034432,0.447025,-0.032488,-0.108369,0.000532,0.217843,-0.969949,188.513374,0.000343
47310,0.034454,0.447020,-0.032475,-0.108385,0.000468,0.217945,-0.969924,188.624268,0.000000
47314,0.034474,0.447009,-0.032468,-0.108544,0.000583,0.218113,-0.969868,188.732071,0.000000
47317,0.034489,0.447001,-0.032458,-0.108595,0.000595,0.218222,-0.969838,188.871803,0.000343
47321,0.034519,0.446990,-0.032439,-0.108599,0.000449,0.218371,-0.969804,189.024925,0.000000
47324,0.034541,0.446983,-0.032427,-0.108676,0.000455,0.218570,-0.969751,189.180450,0.000343
47328,0.034570,0.446966,-0.032410,-0.108819,0.000555,0.218767,-0.969690,189.382668,0.000343
47331,0.034600,0.446954,-0.032399,-0.108898,0.000518,0.218986,-0.969632,189.517593,0.000343
47335,0.034630,0.446944,-0.032385,-0.108876,0.000472,0.219153,-0.969597,189.673462,0.000343
47338,0.034650,0.446933,-0.032377,-0.109032,0.000542,0.219320,-0.969541,189.793282,0.000000
47342,0.034672,0.446921,-0.032364,-0.109035,0.000447,0.219443,-0.969513,189.894218,0.000343
47346,0.034692,0.446922,-0.032357,-0.109070,0.000537,0.219415,-0.969516,190.005112,0.000343
47349,0.034707,0.446907,-0.032346,-0.109220,0.000580,0.219690,-0.969436,190.116005,0.000343
47353,0.034737,0.446899,-0.032332,-0.109220,0.000423,0.219909,-0.969387,190.253677,0.000343
47356,0.034756,0.446894,-0.032323,-0.109233,0.000410,0.219999,-0.969365,190.421219,0.000343
47360,0.034785,0.446880,-0.032309,-0.109509,0.000544,0.220254,-0.969276,190.600433,0.000000
47363,0.034817,0.446870,-0.032297,-0.109590,0.000543,0.220415,-0.969230,190.771751,0.000343
47367,0.034852,0.446856,-0.032276,-0.109670,0.000425,0.220718,-0.969152,190.903244,0.000343
47370,0.034873,0.446848,-0.032269,-0.109773,0.000477,0.220823,-0.969117,191.047096,0.000343
47374,0.034896,0.446839,-0.032255,-0.109897,0.000485,0.221054,-0.969050,191.172409,0.000343
47377,0.034917,0.446834,-0.032242,-0.109903,0.000421,0.221160,-0.969025,191.284676,0.000343
47381,0.034939,0.446826,-0.032229,-0.110023,0.000511,0.221342,-0.968970,191.391449,0.000343
47384,0.034950,0.446818,-0.032222,-0.110080,0.000532,0.221427,-0.968944,191.506805,0.000000
47388,0.034984,0.446813,-0.032206,-0.110135,0.000384,0.221678,-0.968880,191.655121,0.000343
47392,0.035001,0.446803,-0.032195,-0.110269,0.000521,0.221816,-0.968833,191.810303,0.000000
47395,0.035024,0.446796,-0.032187,-0.110360,0.000528,0.221994,-0.968782,191.964111,0.000343
47399,0.035060,0.446784,-0.032170,-0.110370,0.000400,0.222212,-0.968731,192.118607,0.000343
47402,0.035082,0.446776,-0.032160,-0.110419,0.000378,0.222384,-0.968686,192.268295,0.000000
47406,0.035103,0.446763,-0.032149,-0.110545,0.000465,0.222550,-0.968634,192.413177,0.000000
47410,0.035134,0.446754,-0.032132,-0.110556,0.000332,0.222692,-0.968600,192.557030,0.000343
47413,0.035150,0.446747,-0.032125,-0.110631,0.000390,0.222835,-0.968558,192.653503,0.000343
47417,0.035168,0.446736,-0.032115,-0.110748,0.000454,0.222915,-0.968527,192.768517,0.000343
47420,0.035193,0.446732,-0.032108,-0.110799,0.000401,0.223041,-0.968492,192.894859,0.000000
47424,0.035211,0.446723,-0.032099,-0.110887,0.000460,0.223212,-0.968442,193.047638,0.000343
47427,0.035232,0.446716,-0.032090,-0.110982,0.000491,0.223316,-0.968407,193.193550,0.000343
47431,0.035269,0.446706,-0.032074,-0.110998,0.000360,0.223545,-0.968353,193.340149,0.000343
47434,0.035290,0.446696,-0.032063,-0.111033,0.000362,0.223672,-0.968319,193.508377,0.000343
47438,0.035316,0.446682,-0.032049,-0.111234,0.000510,0.223885,-0.968247,193.651886,0.000343
47442,0.035353,0.446669,-0.032026,-0.111300,0.000416,0.224158,-0.968176,193.793335,0.000000
47445,0.035378,0.446660,-0.032015,-0.111372,0.000438,0.224245,-0.968148,193.930664,0.000343
47448,0.035393,0.446652,-0.032000,-0.111457,0.000498,0.224299,-0.968125,194.074860,0.000000
47452,0.035422,0.446641,-0.031984,-0.111608,0.000514,0.224536,-0.968053,194.193993,0.000343
47456,0.035448,0.446633,-0.031969,-0.111669,0.000510,0.224707,-0.968007,194.311409,0.000343
47459,0.035472,0.446626,-0.031960,-0.111747,0.000519,0.224847,-0.967965,194.450798,0.000343
47463,0.035498,0.446618,-0.031954,-0.111820,0.000467,0.224974,-0.967927,194.568558,0.000000
47466,0.035519,0.446614,-0.031948,-0.111796,0.000414,0.225109,-0.967898,194.696960,0.000343
47470,0.035537,0.446603,-0.031946,-0.111960,0.000589,0.225245,-0.967848,194.869995,0.000687
47474,0.035569,0.446606,-0.031936,-0.111843,0.000431,0.225161,-0.967881,195.031700,0.000000
47477,0.035594,0.446584,-0.031920,-0.112032,0.000413,0.225618,-0.967753,195.176582,0.000000
47480,0.035611,0.446576,-0.031909,-0.112143,0.000451,0.225753,-0.967708,195.344124,0.000343
47484,0.035632,0.446563,-0.031894,-0.112159,0.000490,0.225868,-0.967680,195.474586,0.000343
47488,0.035657,0.446552,-0.031872,-0.112228,0.000438,0.226008,-0.967639,195.602989,0.000343
47491,0.035674,0.446544,-0.031859,-0.112316,0.000486,0.226128,-0.967601,195.702209,0.000343
47495,0.035698,0.446536,-0.031843,-0.112368,0.000480,0.226230,-0.967571,195.807610,0.000000
47498,0.035716,0.446528,-0.031835,-0.112432,0.000456,0.226362,-0.967532,195.932922,0.000000
47502,0.035740,0.446520,-0.031829,-0.112518,0.000548,0.226527,-0.967484,196.080894,0.000000
47505,0.035760,0.446514,-0.031821,-0.112603,0.000562,0.226661,-0.967443,196.240196,0.000000
47509,0.035802,0.446501,-0.031811,-0.112615,0.000363,0.226898,-0.967386,196.433144,0.000000
47512,0.035824,0.446493,-0.031807,-0.112657,0.000394,0.227020,-0.967352,196.581459,0.000343
47516,0.035846,0.446482,-0.031799,-0.112855,0.000514,0.227192,-0.967289,196.723251,0.000343
47519,0.035869,0.446473,-0.031791,-0.112857,0.000487,0.227276,-0.967269,196.868477,0.000000
47523,0.035891,0.446460,-0.031775,-0.112960,0.000484,0.227457,-0.967214,196.977997,0.000343
47527,0.035909,0.446454,-0.031760,-0.113061,0.000545,0.227614,-0.967165,197.076530,0.000000
47530,0.035924,0.446447,-0.031744,-0.113103,0.000500,0.227702,-0.967140,197.178497,0.000343
47534,0.035942,0.446438,-0.031729,-0.113183,0.000517,0.227841,-0.967098,197.316513,0.000343
47537,0.035957,0.446431,-0.031718,-0.113264,0.000553,0.227950,-0.967062,197.462082,0.000343
47541,0.035997,0.446415,-0.031703,-0.113359,0.000423,0.228182,-0.966997,197.629967,0.000343
47544,0.036023,0.446408,-0.031693,-0.113406,0.000417,0.228310,-0.966961,197.816734,0.000000
47548,0.036049,0.446394,-0.031689,-0.113604,0.000563,0.228504,-0.966892,197.979469,0.000000
47552,0.036085,0.446385,-0.031678,-0.113567,0.000383,0.228700,-0.966850,198.120575,0.000000
47555,0.036103,0.446377,-0.031671,-0.113699,0.000458,0.228877,-0.966793,198.253441,0.000000
47558,0.036119,0.446369,-0.031665,-0.113803,0.000482,0.228993,-0.966753,198.338242,0.000343
47562,0.036133,0.446361,-0.031656,-0.113879,0.000550,0.229058,-0.966728,198.452568,0.000000
47566,0.036155,0.446353,-0.031642,-0.113932,0.000471,0.229205,-0.966687,198.555908,0.000343
47569,0.036168,0.446344,-0.031633,-0.114062,0.000553,0.229319,-0.966645,198.697357,0.000000
47573,0.036200,0.446335,-0.031615,-0.114091,0.000489,0.229529,-0.966592,198.865929,0.000343
47577,0.036233,0.446321,-0.031600,-0.114236,0.000533,0.229793,-0.966512,199.016304,0.000000
47580,0.036259,0.446313,-0.031587,-0.114328,0.000543,0.229938,-0.966466,199.210968,0.000000
47583,0.036286,0.446298,-0.031578,-0.114429,0.000564,0.230103,-0.966415,199.378853,0.000343
47587,0.036327,0.446286,-0.031555,-0.114462,0.000408,0.230361,-0.966350,199.510689,0.000343
47591,0.036349,0.446276,-0.031544,-0.114675,0.000612,0.230589,-0.966270,199.627762,0.000343
47594,0.036368,0.446271,-0.031531,-0.114680,0.000554,0.230645,-0.966256,199.718056,0.000000
47597,0.036386,0.446264,-0.031519,-0.114681,0.000471,0.230738,-0.966234,199.837875,0.000343
47601,0.036409,0.446255,-0.031507,-0.114759,0.000486,0.230932,-0.966178,199.966621,0.000000
47605,0.036432,0.446246,-0.031494,-0.114843,0.000517,0.231101,-0.966128,200.089874,0.000343
47608,0.036452,0.446240,-0.031488,-0.114828,0.000449,0.231219,-0.966102,200.230293,0.000343
47612,0.036472,0.446229,-0.031481,-0.114944,0.000518,0.231399,-0.966044,200.422554,0.000000
47615,0.036495,0.446219,-0.031473,-0.115021,0.000550,0.231549,-0.965999,200.604515,0.000000
47619,0.036532,0.446206,-0.031459,-0.115083,0.000436,0.231800,-0.965932,200.745621,0.000000
47622,0.036559,0.446198,-0.031450,-0.115124,0.000393,0.231982,-0.965883,200.877800,0.000343
47626,0.036574,0.446188,-0.031441,-0.115290,0.000588,0.232090,-0.965837,201.003113,0.000000
47630,0.036605,0.446179,-0.031420,-0.115246,0.000381,0.232257,-0.965803,201.108856,0.000000
47633,0.036619,0.446172,-0.031408,-0.115335,0.000405,0.232391,-0.965760,201.232796,0.000000
47637,0.036641,0.446162,-0.031388,-0.115477,0.000495,0.232504,-0.965716,201.347122,0.000000
47640,0.036665,0.446151,-0.031376,-0.115558,0.000441,0.232656,-0.965669,201.493721,0.000000
47644,0.036691,0.446142,-0.031362,-0.115607,0.000408,0.232800,-0.965629,201.649246,0.000000
47648,0.036723,0.446133,-0.031350,-0.115721,0.000433,0.233077,-0.965548,201.795158,0.000343
47651,0.036745,0.446126,-0.031341,-0.115727,0.000339,0.233195,-0.965519,201.959267,0.000000
47654,0.036770,0.446116,-0.031334,-0.115767,0.000278,0.233397,-0.965466,202.116508,0.000000
47658,0.036788,0.446108,-0.031329,-0.115934,0.000420,0.233565,-0.965405,202.254181,0.000343
47662,0.036818,0.446096,-0.031318,-0.116014,0.000333,0.233810,-0.965336,202.372627,0.000000
47665,0.036836,0.446090,-0.031309,-0.116024,0.000272,0.233892,-0.965315,202.502060,0.000000
47669,0.036854,0.446081,-0.031298,-0.116195,0.000477,0.234057,-0.965254,202.631149,0.000000
47672,0.036875,0.446073,-0.031283,-0.116193,0.000439,0.234164,-0.965229,202.748566,0.000343
47676,0.036907,0.446062,-0.031260,-0.116274,0.000376,0.234337,-0.965177,202.872162,0.000343
47679,0.036926,0.446053,-0.031247,-0.116301,0.000397,0.234436,-0.965150,203.028717,0.000000
47683,0.036955,0.446040,-0.031229,-0.116376,0.000396,0.234615,-0.965097,203.175659,0.000343
47686,0.036982,0.446030,-0.031215,-0.116448,0.000377,0.234731,-0.965060,203.344231,0.000343
47690,0.037008,0.446016,-0.031205,-0.116600,0.000460,0.234928,-0.964994,203.502502,0.000000
47694,0.037039,0.446001,-0.031196,-0.116622,0.000382,0.235038,-0.964964,203.627472,0.000000
47697,0.037062,0.445992,-0.031192,-0.116674,0.000399,0.235219,-0.964914,203.779564,0.000000
47701,0.037077,0.445985,-0.031191,-0.116750,0.000538,0.235345,-0.964874,203.896637,0.000343
47704,0.037093,0.445977,-0.031186,-0.116883,0.000571,0.235496,-0.964821,204.009590,0.000343
47708,0.037119,0.445966,-0.031175,-0.116849,0.000352,0.235636,-0.964791,204.151726,0.000000
47711,0.037137,0.445956,-0.031164,-0.116946,0.000439,0.235777,-0.964745,204.284248,0.000000
47715,0.037162,0.445948,-0.031149,-0.117084,0.000521,0.235878,-0.964703,204.412308,0.000000
47718,0.037188,0.445937,-0.031132,-0.117156,0.000486,0.236038,-0.964656,204.555817,0.000000
47722,0.037219,0.445924,-0.031113,-0.117254,0.000511,0.236237,-0.964595,204.711342,0.000000
47726,0.037254,0.445911,-0.031088,-0.117428,0.000507,0.236502,-0.964509,204.863091,0.000000
47729,0.037277,0.445901,-0.031072,-0.117470,0.000431,0.236633,-0.964471,205.017586,0.000000
47732,0.037299,0.445896,-0.031062,-0.117525,0.000435,0.236782,-0.964428,205.160751,0.000000
47736,0.037318,0.445883,-0.031050,-0.117693,0.000543,0.236965,-0.964363,205.296707,0.000000
47740,0.037347,0.445874,-0.031041,-0.117771,0.000443,0.237140,-0.964310,205.408974,0.000000
47743,0.037361,0.445866,-0.031037,-0.117777,0.000442,0.237225,-0.964289,205.530510,0.000000
47747,0.037383,0.445858,-0.031037,-0.117944,0.000620,0.237411,-0.964222,205.669212,0.000000
47750,0.037400,0.445851,-0.031031,-0.117973,0.000570,0.237529,-0.964190,205.788689,0.000343
47754,0.037430,0.445840,-0.031019,-0.117978,0.000503,0.237732,-0.964139,205.929451,0.000000
47757,0.037451,0.445830,-0.031012,-0.118050,0.000550,0.237840,-0.964104,206.082230,0.000343
47757,0.037451,0.445830,-0.031012,-0.118050,0.000550,0.237840,-0.964104,206.271057,0.000343
47757,0.037451,0.445830,-0.031012,-0.118050,0.000550,0.237840,-0.964104,206.415596,0.000000
47757,0.037451,0.445830,-0.031012,-0.118050,0.000550,0.237840,-0.964104,206.547432,0.000000
47757,0.037451,0.445830,-0.031012,-0.118050,0.000550,0.237840,-0.964104,206.687851,0.000000
47757,0.037451,0.445830,-0.031012,-0.118050,0.000550,0.237840,-0.964104,206.796684,0.000000
47757,0.037451,0.445830,-0.031012,-0.118050,0.000550,0.237840,-0.964104,206.923370,0.000000
47757,0.037451,0.445830,-0.031012,-0.118050,0.000550,0.237840,-0.964104,207.030487,0.000000
47757,0.037451,0.445830,-0.031012,-0.118050,0.000550,0.237840,-0.964104,207.154083,0.000000
47757,0.037451,0.445830,-0.031012,-0.118050,0.000550,0.237840,-0.964104,207.322311,0.000000
47757,0.037451,0.445830,-0.031012,-0.118050,0.000550,0.237840,-0.964104,207.492599,0.000000
47757,0.037451,0.445830,-0.031012,-0.118050,0.000550,0.237840,-0.964104,207.640915,0.000000
47757,0.037451,0.445830,-0.031012,-0.118050,0.000550,0.237840,-0.964104,207.817726,0.000000
47757,0.037451,0.445830,-0.031012,-0.118050,0.000550,0.237840,-0.964104,207.960205,0.000000
47757,0.037451,0.445830,-0.031012,-0.118050,0.000550,0.237840,-0.964104,208.089638,0.000000
47757,0.037451,0.445830,-0.031012,-0.118050,0.000550,0.237840,-0.964104,208.186111,0.000343
47757,0.037451,0.445830,-0.031012,-0.118050,0.000550,0.237840,-0.964104,208.282242,0.000000
47757,0.037451,0.445830,-0.031012,-0.118050,0.000550,0.237840,-0.964104,208.409271,0.000000
47757,0.037451,0.445830,-0.031012,-0.118050,0.000550,0.237840,-0.964104,208.524971,0.000343
47757,0.037451,0.445830,-0.031012,-0.118050,0.000550,0.237840,-0.964104,208.679810,0.000000
47757,0.037451,0.445830,-0.031012,-0.118050,0.000550,0.237840,-0.964104,208.862457,0.000000
47757,0.037451,0.445830,-0.031012,-0.118050,0.000550,0.237840,-0.964104,209.035835,0.000000
47757,0.037451,0.445830,-0.031012,-0.118050,0.000550,0.237840,-0.964104,209.211273,0.000000
47757,0.037451,0.445830,-0.031012,-0.118050,0.000550,0.237840,-0.964104,209.357529,0.000000
47757,0.037451,0.445830,-0.031012,-0.118050,0.000550,0.237840,-0.964104,209.462585,0.000000
47757,0.037451,0.445830,-0.031012,-0.118050,0.000550,0.237840,-0.964104,209.560432,0.000000
47757,0.037451,0.445830,-0.031012,-0.118050,0.000550,0.237840,-0.964104,209.678535,0.000000
47757,0.037451,0.445830,-0.031012,-0.118050,0.000550,0.237840,-0.964104,209.794579,0.000000
47757,0.037451,0.445830,-0.031012,-0.118050,0.000550,0.237840,-0.964104,209.937744,0.000000
47757,0.037451,0.445830,-0.031012,-0.118050,0.000550,0.237840,-0.964104,210.089493,0.000000
47864,0.038192,0.445510,-0.030653,-0.120412,0.000358,0.242562,-0.962634,210.266991,0.000000
47867,0.038214,0.445500,-0.030642,-0.120483,0.000402,0.242735,-0.962582,210.434532,0.000000
47871,0.038244,0.445486,-0.030625,-0.120625,0.000465,0.242944,-0.962511,210.583878,0.000000
47874,0.038271,0.445471,-0.030608,-0.120663,0.000412,0.243115,-0.962463,210.758629,0.000000
47878,0.038302,0.445459,-0.030591,-0.120737,0.000447,0.243313,-0.962404,210.920677,0.000000
47882,0.038335,0.445445,-0.030569,-0.120825,0.000426,0.243572,-0.962328,211.075516,0.000000
47885,0.038361,0.445434,-0.030554,-0.120830,0.000392,0.243728,-0.962287,211.249924,-0.000343
47889,0.038383,0.445419,-0.030543,-0.121080,0.000604,0.243975,-0.962193,211.386566,0.000000
47892,0.038401,0.445414,-0.030535,-0.121096,0.000583,0.244069,-0.962167,211.482010,0.000000
47896,0.038425,0.445406,-0.030526,-0.121138,0.000478,0.244202,-0.962128,211.459694,0.000000
47899,0.038430,0.445404,-0.030528,-0.121161,0.000462,0.244215,-0.962122,210.771675,0.000000
47903,0.038390,0.445420,-0.030547,-0.121142,0.000644,0.244133,-0.962145,208.898163,0.000000
47906,0.038257,0.445459,-0.030587,-0.120932,0.000709,0.243424,-0.962351,205.283661,0.000000
47910,0.038106,0.445509,-0.030634,-0.120673,0.000801,0.242861,-0.962526,201.034012,0.000000
47914,0.037756,0.445626,-0.030724,-0.119939,0.001035,0.240960,-0.963095,197.084770,0.000000
47917,0.037433,0.445782,-0.030911,-0.118758,0.001188,0.239067,-0.963713,193.214149,0.000000
47921,0.037092,0.445919,-0.031066,-0.117679,0.001289,0.236920,-0.964375,191.537704,0.000000
47924,0.036997,0.445945,-0.031098,-0.117544,0.001350,0.236546,-0.964483,191.441917,0.000000
47928,0.037050,0.445939,-0.031114,-0.117486,0.001132,0.236859,-0.964414,192.782936,0.000000
47932,0.037077,0.445930,-0.031134,-0.117662,0.001247,0.236883,-0.964386,194.380417,0.000000
47935,0.037133,0.445929,-0.031150,-0.117576,0.001206,0.237127,-0.964337,195.726242,0.000000
47938,0.037123,0.445925,-0.031154,-0.117608,0.001235,0.236979,-0.964369,195.989571,0.000000
47942,0.037144,0.445927,-0.031151,-0.117520,0.001167,0.237142,-0.964340,194.971619,0.000000
47946,0.037106,0.445923,-0.031122,-0.117734,0.001283,0.237065,-0.964333,193.355942,0.000000
47949,0.037072,0.445938,-0.031120,-0.117513,0.001208,0.236800,-0.964425,191.338921,0.000000
47953,0.036963,0.445982,-0.031146,-0.117217,0.001236,0.236247,-0.964596,189.621277,0.000000
47956,0.036831,0.446049,-0.031216,-0.116651,0.001303,0.235286,-0.964900,188.983040,0.000000
47960,0.036802,0.446069,-0.031229,-0.116536,0.001241,0.235127,-0.964952,189.118996,0.000000
47963,0.036835,0.446046,-0.031197,-0.116705,0.001166,0.235266,-0.964898,190.085106,-0.000343
47967,0.036815,0.446062,-0.031241,-0.116579,0.001210,0.235215,-0.964926,191.073875,0.000000
47970,0.036839,0.446051,-0.031236,-0.116689,0.001225,0.235356,-0.964878,191.896477,0.000000
47974,0.036831,0.446047,-0.031244,-0.116702,0.001188,0.235372,-0.964873,191.961708,0.000000
47977,0.036823,0.446062,-0.031283,-0.116563,0.001133,0.235367,-0.964891,191.399689,0.000000
47981,0.036822,0.446050,-0.031268,-0.116770,0.001262,0.235359,-0.964867,190.173340,0.000000
47985,0.036779,0.446076,-0.031305,-0.116453,0.001134,0.235079,-0.964974,189.046211,0.000000
47988,0.036748,0.446088,-0.031317,-0.116436,0.001260,0.234866,-0.965028,187.883720,0.000000
47992,0.036648,0.446127,-0.031360,-0.116109,0.001373,0.234050,-0.965266,187.332344,0.000000
47995,0.036604,0.446156,-0.031395,-0.115828,0.001333,0.233747,-0.965373,187.276382,0.000343
47999,0.036607,0.446140,-0.031355,-0.116010,0.001397,0.233849,-0.965326,187.542801,0.000000
48002,0.036583,0.446149,-0.031370,-0.115989,0.001461,0.233717,-0.965361,188.031693,-0.000343
48006,0.036601,0.446144,-0.031366,-0.115852,0.001233,0.233803,-0.965356,188.344803,0.000000
48010,0.036604,0.446144,-0.031362,-0.116027,0.001436,0.233864,-0.965320,188.368149,0.000000
48013,0.036603,0.446152,-0.031384,-0.115886,0.001406,0.233758,-0.965363,188.043709,0.000000
48017,0.036606,0.446148,-0.031371,-0.115983,0.001355,0.233800,-0.965341,187.289429,0.000000
48020,0.036576,0.446162,-0.031393,-0.115792,0.001353,0.233641,-0.965403,186.451721,0.000000
48024,0.036481,0.446194,-0.031440,-0.115555,0.001364,0.233025,-0.965580,185.764046,0.000000
48027,0.036384,0.446231,-0.031486,-0.115209,0.001324,0.232360,-0.965782,185.202370,0.000000
48031,0.036322,0.446258,-0.031521,-0.115064,0.001381,0.232021,-0.965880,184.961700,-0.000343
48034,0.036302,0.446261,-0.031523,-0.115043,0.001402,0.231903,-0.965911,184.949684,0.000000
48038,0.036313,0.446270,-0.031547,-0.114949,0.001301,0.231879,-0.965928,185.048904,0.000000
48041,0.036320,0.446269,-0.031551,-0.114938,0.001273,0.231859,-0.965934,185.128212,0.000000
48045,0.036324,0.446269,-0.031561,-0.115013,0.001408,0.231880,-0.965920,185.118599,-0.000343
48048,0.036314,0.446275,-0.031567,-0.114992,0.001401,0.231838,-0.965933,184.899902,0.000000
48052,0.036298,0.446275,-0.031555,-0.114935,0.001371,0.231732,-0.965965,184.464912,0.000000
48056,0.036248,0.446299,-0.031576,-0.114698,0.001324,0.231344,-0.966086,183.879890,0.000000
48059,0.036161,0.446336,-0.031612,-0.114425,0.001292,0.230754,-0.966260,183.321304,0.000000
48063,0.036051,0.446384,-0.031662,-0.113873,0.001181,0.229951,-0.966517,182.792587,0.000000
48066,0.035987,0.446407,-0.031686,-0.113677,0.001250,0.229553,-0.966634,182.418022,0.000000
48070,0.035940,0.446427,-0.031709,-0.113496,0.001140,0.229229,-0.966732,182.277603,0.000000
48073,0.035930,0.446434,-0.031723,-0.113405,0.001067,0.229150,-0.966762,182.255287,-0.000343
48077,0.035908,0.446437,-0.031743,-0.113384,0.001192,0.229069,-0.966783,182.245674,0.000000
48081,0.035906,0.446444,-0.031768,-0.113358,0.001156,0.229085,-0.966783,182.145767,-0.000343
48084,0.035893,0.446449,-0.031781,-0.113256,0.001110,0.228969,-0.966822,181.936340,-0.000343
48088,0.035871,0.446465,-0.031807,-0.113198,0.001151,0.228807,-0.966867,181.524353,0.000000
48091,0.035816,0.446490,-0.031836,-0.112975,0.001067,0.228336,-0.967005,181.043015,-0.000343
48095,0.035727,0.446526,-0.031871,-0.112734,0.001060,0.227842,-0.967149,180.563736,-0.000343
48098,0.035669,0.446546,-0.031887,-0.112545,0.001070,0.227454,-0.967263,180.218697,0.000000
48102,0.035598,0.446571,-0.031905,-0.112404,0.001104,0.227055,-0.967373,179.881554,-0.000343
48105,0.035563,0.446588,-0.031917,-0.112227,0.001047,0.226788,-0.967456,179.683800,0.000000
48109,0.035535,0.446593,-0.031920,-0.112220,0.001039,0.226645,-0.967490,179.562950,0.000000
48112,0.035520,0.446602,-0.031930,-0.112187,0.001089,0.226522,-0.967523,179.425278,0.000000
48116,0.035509,0.446611,-0.031945,-0.112058,0.001011,0.226399,-0.967567,179.230614,0.000000
48120,0.035486,0.446624,-0.031968,-0.111980,0.001065,0.226134,-0.967638,178.960762,0.000000
48123,0.035450,0.446638,-0.031996,-0.111918,0.001028,0.225974,-0.967682,178.669281,0.000000
48127,0.035384,0.446666,-0.032037,-0.111496,0.000862,0.225459,-0.967852,178.250084,-0.000343
48130,0.035321,0.446686,-0.032071,-0.111368,0.000875,0.225158,-0.967936,177.833633,0.000000
48134,0.035234,0.446717,-0.032112,-0.111090,0.000897,0.224607,-0.968096,177.481041,-0.000343
48137,0.035184,0.446735,-0.032135,-0.110965,0.000881,0.224329,-0.968175,177.162437,-0.000343
48141,0.035135,0.446753,-0.032153,-0.110759,0.000816,0.223965,-0.968283,176.926231,0.000000
48144,0.035114,0.446761,-0.032166,-0.110766,0.000862,0.223814,-0.968317,176.793709,0.000000
48148,0.035096,0.446768,-0.032176,-0.110634,0.000857,0.223620,-0.968377,176.722984,-0.000343
48151,0.035091,0.446773,-0.032173,-0.110607,0.000816,0.223573,-0.968391,176.646423,0.000000
48155,0.035075,0.446779,-0.032179,-0.110586,0.000881,0.223527,-0.968404,176.535187,0.000000
48158,0.035059,0.446782,-0.032180,-0.110610,0.000939,0.223398,-0.968431,176.399231,0.000000
48162,0.035044,0.446793,-0.032185,-0.110430,0.000770,0.223288,-0.968477,176.173668,0.000000
48166,0.035010,0.446802,-0.032204,-0.110490,0.000905,0.223116,-0.968509,175.937805,0.000000
48169,0.034986,0.446812,-0.032221,-0.110351,0.000886,0.222868,-0.968582,175.686836,-0.000343
48173,0.034948,0.446829,-0.032245,-0.110188,0.000825,0.222645,-0.968652,175.459213,0.000000
48176,0.034915,0.446840,-0.032265,-0.110068,0.000866,0.222377,-0.968727,175.289268,0.000000
48180,0.034875,0.446852,-0.032284,-0.109986,0.000924,0.222145,-0.968790,175.137520,0.000000
48183,0.034853,0.446861,-0.032293,-0.109891,0.000870,0.221982,-0.968838,175.023193,-0.000343
48187,0.034831,0.446868,-0.032307,-0.109823,0.000866,0.221899,-0.968865,174.921570,0.000000
48191,0.034815,0.446871,-0.032316,-0.109711,0.000856,0.221687,-0.968926,174.803123,-0.000343
48194,0.034813,0.446879,-0.032323,-0.109670,0.000835,0.221696,-0.968929,174.632149,0.000000
48198,0.034788,0.446889,-0.032335,-0.109607,0.000933,0.221439,-0.968994,174.439888,0.000000
48201,0.034767,0.446896,-0.032342,-0.109564,0.000962,0.221330,-0.969024,174.254494,0.000000
48205,0.034733,0.446910,-0.032356,-0.109272,0.000792,0.221008,-0.969131,174.000435,-0.000343
48208,0.034699,0.446919,-0.032364,-0.109246,0.000828,0.220863,-0.969167,173.781395,-0.000343
48212,0.034657,0.446933,-0.032382,-0.109150,0.000884,0.220571,-0.969244,173.596687,0.000000
48216,0.034629,0.446944,-0.032392,-0.109101,0.000838,0.220431,-0.969282,173.436699,0.000000
48219,0.034609,0.446952,-0.032406,-0.108995,0.000865,0.220254,-0.969334,173.303833,0.000000
48222,0.034592,0.446960,-0.032418,-0.108983,0.000910,0.220159,-0.969356,173.189850,-0.000343
48226,0.034575,0.446967,-0.032432,-0.108907,0.000863,0.220030,-0.969394,173.058357,0.000000
48229,0.034561,0.446976,-0.032443,-0.108837,0.000837,0.219926,-0.969426,172.918968,0.000000
48233,0.034535,0.446986,-0.032460,-0.108796,0.000896,0.219805,-0.969458,172.732887,-0.000343
48237,0.034512,0.446998,-0.032476,-0.108697,0.000835,0.219669,-0.969500,172.547836,-0.000343
48240,0.034485,0.447008,-0.032489,-0.108595,0.000798,0.219454,-0.969560,172.318497,-0.000343
48244,0.034448,0.447025,-0.032509,-0.108592,0.000926,0.219248,-0.969607,172.105293,0.000000
48247,0.034421,0.447037,-0.032520,-0.108482,0.000876,0.219039,-0.969666,171.926765,0.000000
48251,0.034396,0.447048,-0.032527,-0.108345,0.000828,0.218881,-0.969718,171.749954,-0.000343
48254,0.034371,0.447056,-0.032535,-0.108271,0.000838,0.218710,-0.969764,171.610909,0.000000
48258,0.034344,0.447063,-0.032540,-0.108248,0.000840,0.218578,-0.969797,171.485596,-0.000343
48261,0.034324,0.447071,-0.032547,-0.108143,0.000790,0.218429,-0.969842,171.343117,0.000000
48265,0.034295,0.447077,-0.032557,-0.108140,0.000842,0.218294,-0.969873,171.167336,-0.000343
48269,0.034270,0.447087,-0.032576,-0.107945,0.000758,0.218048,-0.969950,170.993614,0.000000
48272,0.034253,0.447097,-0.032589,-0.107908,0.000740,0.217952,-0.969975,170.818176,0.000000
48276,0.034213,0.447110,-0.032620,-0.107715,0.000808,0.217687,-0.970056,170.591583,-0.000343
48279,0.034182,0.447118,-0.032638,-0.107628,0.000784,0.217547,-0.970098,170.408249,0.000000
48283,0.034152,0.447131,-0.032654,-0.107408,0.000616,0.217334,-0.970170,170.255814,-0.000343
48286,0.034123,0.447138,-0.032669,-0.107374,0.000664,0.217192,-0.970205,170.080376,0.000000
48290,0.034087,0.447151,-0.032684,-0.107319,0.000728,0.216944,-0.970267,169.934807,-0.000343
48293,0.034068,0.447156,-0.032693,-0.107218,0.000712,0.216838,-0.970302,169.810867,0.000000
48297,0.034041,0.447167,-0.032704,-0.107156,0.000735,0.216629,-0.970355,169.625473,-0.000343
48301,0.034019,0.447178,-0.032719,-0.107055,0.000741,0.216530,-0.970388,169.435272,-0.000343
48304,0.033995,0.447188,-0.032729,-0.106895,0.000683,0.216288,-0.970460,169.248848,0.000000
48308,0.033963,0.447202,-0.032743,-0.106837,0.000715,0.216149,-0.970497,169.083710,-0.000343
48311,0.033934,0.447210,-0.032752,-0.106754,0.000723,0.215905,-0.970561,168.897285,-0.000343
48315,0.033904,0.447222,-0.032765,-0.106642,0.000635,0.215692,-0.970620,168.742104,0.000000
48318,0.033877,0.447230,-0.032776,-0.106543,0.000608,0.215509,-0.970672,168.573875,0.000000
48322,0.033844,0.447239,-0.032792,-0.106576,0.000793,0.215354,-0.970703,168.422127,-0.000343
48325,0.033826,0.447248,-0.032804,-0.106463,0.000733,0.215205,-0.970748,168.233643,-0.000343
48329,0.033797,0.447261,-0.032816,-0.106346,0.000686,0.215005,-0.970805,168.052025,0.000000
48333,0.033759,0.447272,-0.032835,-0.106219,0.000691,0.214710,-0.970884,167.893410,-0.000343
48336,0.033733,0.447282,-0.032844,-0.106187,0.000660,0.214590,-0.970915,167.718658,0.000000
48340,0.033697,0.447294,-0.032858,-0.106040,0.000663,0.214274,-0.971000,167.531204,0.000000
48343,0.033673,0.447304,-0.032873,-0.106031,0.000725,0.214197,-0.971018,167.370186,-0.000343
48347,0.033655,0.447315,-0.032889,-0.105797,0.000620,0.213925,-0.971104,167.232857,-0.000343
48350,0.033644,0.447323,-0.032899,-0.105755,0.000617,0.213876,-0.971119,167.049522,-0.000343
48354,0.033613,0.447333,-0.032917,-0.105665,0.000685,0.213606,-0.971188,166.875801,-0.000343
48357,0.033594,0.447342,-0.032925,-0.105609,0.000705,0.213522,-0.971213,166.698990,-0.000343
48361,0.033559,0.447354,-0.032935,-0.105431,0.000586,0.213246,-0.971293,166.537285,0.000000
48364,0.033530,0.447363,-0.032944,-0.105350,0.000625,0.213088,-0.971336,166.339874,0.000000
48368,0.033487,0.447373,-0.032957,-0.105299,0.000709,0.212814,-0.971402,166.167526,0.000000
48372,0.033458,0.447386,-0.032966,-0.105218,0.000669,0.212707,-0.971434,166.017838,0.000000
48375,0.033433,0.447394,-0.032980,-0.105109,0.000680,0.212480,-0.971496,165.847206,0.000000
48379,0.033405,0.447404,-0.032990,-0.105034,0.000684,0.212359,-0.971530,165.675888,0.000000
48382,0.033386,0.447412,-0.033004,-0.104912,0.000604,0.212150,-0.971589,165.500450,-0.000343
48386,0.033346,0.447423,-0.033024,-0.104896,0.000728,0.211993,-0.971625,165.337029,-0.000343
48389,0.033326,0.447434,-0.033039,-0.104818,0.000747,0.211829,-0.971669,165.161934,0.000000
48393,0.033296,0.447446,-0.033057,-0.104672,0.000645,0.211662,-0.971722,164.973106,0.000000
48396,0.033276,0.447455,-0.033073,-0.104547,0.000640,0.211462,-0.971778,164.815521,-0.000343
48400,0.033246,0.447464,-0.033095,-0.104537,0.000779,0.211329,-0.971808,164.667549,0.000000
48403,0.033228,0.447471,-0.033105,-0.104418,0.000710,0.211174,-0.971855,164.509964,-0.000343
48407,0.033202,0.447481,-0.033118,-0.104293,0.000702,0.211016,-0.971903,164.331436,0.000000
48411,0.033167,0.447489,-0.033127,-0.104197,0.000702,0.210736,-0.971974,164.184837,0.000000
48414,0.033149,0.447498,-0.033133,-0.104121,0.000649,0.210690,-0.971992,164.000473,0.000000
48418,0.033110,0.447508,-0.033146,-0.104033,0.000711,0.210380,-0.972068,163.790016,0.000000
48421,0.033085,0.447518,-0.033156,-0.104015,0.000755,0.210270,-0.972094,163.615952,0.000000
48425,0.033057,0.447530,-0.033171,-0.103780,0.000630,0.209998,-0.972178,163.439827,-0.000343
48428,0.033036,0.447536,-0.033180,-0.103732,0.000660,0.209880,-0.972209,163.280869,0.000000
48432,0.033002,0.447546,-0.033206,-0.103647,0.000740,0.209623,-0.972273,163.120537,0.000000
48436,0.032978,0.447556,-0.033224,-0.103582,0.000647,0.209484,-0.972310,162.945442,0.000000
48439,0.032957,0.447566,-0.033241,-0.103425,0.000603,0.209332,-0.972360,162.774467,-0.000343
48443,0.032918,0.447574,-0.033265,-0.103450,0.000753,0.209192,-0.972387,162.599716,-0.000343
48446,0.032899,0.447584,-0.033281,-0.103311,0.000664,0.208985,-0.972446,162.427368,0.000000
48450,0.032871,0.447596,-0.033298,-0.103220,0.000643,0.208880,-0.972479,162.278366,-0.000343
48453,0.032845,0.447605,-0.033310,-0.103154,0.000645,0.208634,-0.972538,162.086449,0.000000
48457,0.032813,0.447616,-0.033324,-0.103076,0.000604,0.208473,-0.972581,161.931953,0.000000
48460,0.032788,0.447625,-0.033329,-0.102956,0.000547,0.208287,-0.972634,161.751709,-0.000343
48464,0.032747,0.447636,-0.033346,-0.102954,0.000676,0.208059,-0.972683,161.598930,0.000000
48468,0.032716,0.447648,-0.033353,-0.102804,0.000556,0.207787,-0.972757,161.450272,0.000000
48471,0.032697,0.447656,-0.033360,-0.102764,0.000571,0.207684,-0.972783,161.273460,0.000000
48474,0.032670,0.447664,-0.033373,-0.102696,0.000561,0.207488,-0.972832,161.076736,0.000000
48478,0.032637,0.447674,-0.033389,-0.102637,0.000664,0.207236,-0.972892,160.907478,-0.000343
48482,0.032605,0.447687,-0.033407,-0.102380,0.000549,0.206941,-0.972982,160.688438,-0.000343
48485,0.032577,0.447695,-0.033420,-0.102379,0.000618,0.206813,-0.973009,160.510941,0.000000
48489,0.032544,0.447706,-0.033440,-0.102247,0.000630,0.206496,-0.973090,160.352669,0.000000
48492,0.032525,0.447713,-0.033450,-0.102193,0.000610,0.206358,-0.973125,160.206757,0.000000
48496,0.032491,0.447723,-0.033471,-0.102123,0.000671,0.206152,-0.973176,160.059814,-0.000343
48500,0.032464,0.447734,-0.033484,-0.102036,0.000637,0.206018,-0.973214,159.931068,-0.000343
48503,0.032439,0.447743,-0.033497,-0.101901,0.000603,0.205768,-0.973281,159.765244,-0.000343
48507,0.032393,0.447751,-0.033514,-0.101859,0.000712,0.205609,-0.973319,159.598389,-0.000343
48510,0.032363,0.447761,-0.033527,-0.101730,0.000692,0.205365,-0.973384,159.437714,0.000000
48514,0.032325,0.447775,-0.033545,-0.101568,0.000597,0.205166,-0.973443,159.265709,0.000000
48517,0.032291,0.447785,-0.033558,-0.101470,0.000584,0.204930,-0.973502,159.108467,0.000000
48521,0.032255,0.447795,-0.033578,-0.101433,0.000696,0.204775,-0.973539,158.957405,0.000000
48524,0.032230,0.447805,-0.033592,-0.101277,0.000629,0.204563,-0.973600,158.793297,0.000000
48528,0.032207,0.447816,-0.033607,-0.101176,0.000605,0.204450,-0.973634,158.648758,0.000000
48531,0.032184,0.447823,-0.033617,-0.101071,0.000624,0.204255,-0.973686,158.521729,0.000000
48535,0.032161,0.447831,-0.033629,-0.100969,0.000541,0.204104,-0.973728,158.360367,-0.000343
48539,0.032127,0.447841,-0.033645,-0.100863,0.000637,0.203837,-0.973795,158.216171,-0.000343
48542,0.032100,0.447849,-0.033654,-0.100863,0.000700,0.203723,-0.973819,158.050690,-0.000343
48546,0.032074,0.447863,-0.033670,-0.100610,0.000545,0.203479,-0.973896,157.874222,-0.000343
48549,0.032049,0.447870,-0.033676,-0.100606,0.000577,0.203395,-0.973914,157.714577,0.000000
48553,0.032011,0.447883,-0.033698,-0.100513,0.000642,0.203084,-0.973989,157.545662,0.000000
48556,0.031984,0.447900,-0.033700,-0.100347,0.000575,0.203119,-0.973998,157.388763,-0.000343
48560,0.031954,0.447903,-0.033718,-0.100258,0.000549,0.202746,-0.974085,157.236671,0.000000
48563,0.031931,0.447921,-0.033722,-0.100117,0.000570,0.202773,-0.974094,157.086639,-0.000343
48567,0.031901,0.447917,-0.033741,-0.100140,0.000613,0.202393,-0.974171,156.948280,0.000000
48570,0.031887,0.447927,-0.033752,-0.100088,0.000593,0.202297,-0.974196,156.786232,-0.000343
48574,0.031856,0.447945,-0.033764,-0.099853,0.000594,0.202209,-0.974239,156.642723,-0.000343
48578,0.031836,0.447944,-0.033789,-0.099890,0.000603,0.201983,-0.974282,156.507111,-0.000343
48581,0.031812,0.447960,-0.033797,-0.099614,0.000499,0.201884,-0.974330,156.335449,0.000000
48585,0.031780,0.447970,-0.033817,-0.099619,0.000633,0.201793,-0.974349,156.199493,0.000000
48588,0.031751,0.447977,-0.033831,-0.099478,0.000621,0.201544,-0.974415,156.031952,0.000000
48592,0.031725,0.447976,-0.033846,-0.099496,0.000583,0.201284,-0.974467,155.879173,-0.000343
48595,0.031694,0.447984,-0.033859,-0.099399,0.000560,0.201088,-0.974517,155.730858,-0.000343
48599,0.031657,0.447994,-0.033870,-0.099370,0.000642,0.200889,-0.974561,155.539970,0.000000
48602,0.031632,0.448001,-0.033884,-0.099244,0.000568,0.200725,-0.974607,155.372086,0.000000
48606,0.031601,0.448012,-0.033899,-0.099150,0.000574,0.200499,-0.974664,155.236130,0.000000
48609,0.031582,0.448020,-0.033910,-0.099112,0.000606,0.200315,-0.974705,155.078888,0.000000
48613,0.031557,0.448030,-0.033923,-0.098975,0.000517,0.200128,-0.974758,154.920273,-0.000343
48617,0.031529,0.448039,-0.033936,-0.098931,0.000549,0.199860,-0.974817,154.801140,0.000000
48620,0.031512,0.448046,-0.033943,-0.098922,0.000598,0.199766,-0.974837,154.659004,-0.000343
48624,0.031485,0.448054,-0.033954,-0.098722,0.000476,0.199530,-0.974906,154.498672,0.000000
48627,0.031466,0.448060,-0.033961,-0.098680,0.000487,0.199458,-0.974925,154.331474,0.000000
48631,0.031429,0.448070,-0.033979,-0.098626,0.000537,0.199186,-0.974986,154.182816,-0.000343
48634,0.031407,0.448082,-0.033993,-0.098535,0.000540,0.199072,-0.975019,153.997421,0.000000
48638,0.031368,0.448092,-0.034013,-0.098412,0.000472,0.198818,-0.975083,153.849449,0.000000
48641,0.031339,0.448100,-0.034034,-0.098362,0.000457,0.198698,-0.975112,153.697701,-0.000343
48645,0.031303,0.448112,-0.034058,-0.098270,0.000512,0.198435,-0.975175,153.546295,-0.000343
48649,0.031280,0.448120,-0.034078,-0.098250,0.000562,0.198366,-0.975191,153.409996,0.000000
48652,0.031260,0.448129,-0.034092,-0.098110,0.000561,0.198174,-0.975244,153.256187,0.000000
48656,0.031240,0.448136,-0.034101,-0.098049,0.000531,0.198082,-0.975269,153.086243,0.000000
48659,0.031225,0.448143,-0.034108,-0.097908,0.000488,0.197910,-0.975318,152.935867,-0.000343
48663,0.031197,0.448149,-0.034113,-0.097986,0.000619,0.197765,-0.975340,152.785492,0.000000
48666,0.031182,0.448157,-0.034116,-0.097823,0.000553,0.197599,-0.975390,152.603188,0.000000
48670,0.031155,0.448163,-0.034121,-0.097707,0.000520,0.197442,-0.975433,152.445946,0.000000
48674,0.031122,0.448168,-0.034134,-0.097615,0.000592,0.197220,-0.975487,152.315483,0.000000
48677,0.031101,0.448174,-0.034141,-0.097557,0.000581,0.197120,-0.975513,152.157555,0.000000
48680,0.031080,0.448181,-0.034153,-0.097444,0.000548,0.196933,-0.975562,152.012329,-0.000343
48684,0.031051,0.448187,-0.034174,-0.097364,0.000552,0.196836,-0.975590,151.872597,0.000000
48688,0.031021,0.448196,-0.034195,-0.097200,0.000541,0.196484,-0.975677,151.713638,0.000000
48691,0.031006,0.448205,-0.034213,-0.097168,0.000545,0.196434,-0.975690,151.548157,0.000000
48695,0.030969,0.448216,-0.034232,-0.097081,0.000616,0.196180,-0.975750,151.368256,0.000000
48698,0.030948,0.448221,-0.034242,-0.097059,0.000647,0.196079,-0.975773,151.213074,0.000000
48702,0.030922,0.448230,-0.034255,-0.096882,0.000553,0.195797,-0.975847,151.059952,-0.000343
48705,0.030903,0.448236,-0.034259,-0.096867,0.000586,0.195713,-0.975865,150.898590,-0.000343
48709,0.030880,0.448242,-0.034270,-0.096812,0.000638,0.195496,-0.975914,150.756798,-0.000343
48712,0.030862,0.448249,-0.034275,-0.096795,0.000650,0.195417,-0.975932,150.608139,0.000000
48716,0.030840,0.448260,-0.034285,-0.096655,0.000595,0.195208,-0.975987,150.457077,0.000000
48720,0.030805,0.448266,-0.034297,-0.096699,0.000708,0.195047,-0.976015,150.314941,-0.000343
48723,0.030779,0.448274,-0.034310,-0.096546,0.000627,0.194860,-0.976068,150.173492,0.000000
48727,0.030743,0.448285,-0.034329,-0.096510,0.000683,0.194702,-0.976103,150.009384,0.000000
48730,0.030713,0.448302,-0.034341,-0.096282,0.000690,0.194541,-0.976157,149.857979,0.000000
48734,0.030676,0.448317,-0.034362,-0.096167,0.000628,0.194325,-0.976212,149.665031,0.000000
48737,0.030642,0.448328,-0.034378,-0.096024,0.000606,0.194071,-0.976276,149.493370,0.000000
48741,0.030604,0.448329,-0.034402,-0.096128,0.000754,0.193719,-0.976336,149.347801,-0.000343
48744,0.030574,0.448336,-0.034413,-0.095979,0.000707,0.193491,-0.976396,149.205322,0.000000
48748,0.030552,0.448346,-0.034427,-0.095858,0.000633,0.193327,-0.976440,149.067993,0.000000
48751,0.030530,0.448350,-0.034440,-0.095783,0.000642,0.193183,-0.976476,148.919678,0.000000
48755,0.030507,0.448357,-0.034455,-0.095774,0.000684,0.193054,-0.976503,148.769302,0.000000
48759,0.030482,0.448369,-0.034472,-0.095507,0.000574,0.192782,-0.976583,148.632317,-0.000343
48762,0.030459,0.448376,-0.034481,-0.095520,0.000613,0.192696,-0.976598,148.468895,0.000000
48766,0.030421,0.448388,-0.034500,-0.095361,0.000560,0.192362,-0.976680,148.278351,0.000000
48769,0.030391,0.448395,-0.034509,-0.095300,0.000536,0.192264,-0.976705,148.119049,0.000000
48773,0.030351,0.448407,-0.034523,-0.095223,0.000614,0.192018,-0.976761,147.951164,0.000000
48776,0.030326,0.448412,-0.034528,-0.095192,0.000651,0.191888,-0.976789,147.813835,0.000000
48780,0.030306,0.448422,-0.034537,-0.094949,0.000473,0.191712,-0.976848,147.669640,0.000000
48783,0.030285,0.448426,-0.034545,-0.094937,0.000508,0.191610,-0.976869,147.543983,0.000000
48787,0.030264,0.448433,-0.034555,-0.094933,0.000546,0.191419,-0.976906,147.382278,0.000000
48791,0.030248,0.448441,-0.034566,-0.094838,0.000476,0.191356,-0.976928,147.226067,0.000000
48794,0.030226,0.448450,-0.034580,-0.094748,0.000478,0.191118,-0.976983,147.061958,0.000000
48798,0.030195,0.448461,-0.034600,-0.094708,0.000537,0.191017,-0.977007,146.893730,0.000000
48801,0.030167,0.448469,-0.034616,-0.094563,0.000467,0.190794,-0.977065,146.718636,0.000000
48805,0.030138,0.448477,-0.034634,-0.094518,0.000482,0.190707,-0.977086,146.557961,0.000000
48809,0.030102,0.448486,-0.034651,-0.094354,0.000383,0.190475,-0.977147,146.435051,0.000000
48812,0.030083,0.448493,-0.034658,-0.094307,0.000367,0.190396,-0.977167,146.280556,0.000000
48815,0.030058,0.448500,-0.034669,-0.094195,0.000339,0.190230,-0.977210,146.147003,0.000000
48819,0.030021,0.448505,-0.034681,-0.094238,0.000447,0.190063,-0.977238,145.998344,-0.000343
48822,0.030000,0.448510,-0.034689,-0.094105,0.000406,0.189897,-0.977284,145.851059,0.000000
48826,0.029965,0.448520,-0.034699,-0.093938,0.000333,0.189713,-0.977335,145.654678,0.000000
48830,0.029930,0.448538,-0.034715,-0.093661,0.000281,0.189543,-0.977395,145.491257,0.000000
48833,0.029903,0.448546,-0.034727,-0.093632,0.000319,0.189421,-0.977422,145.310326,0.000000
48833,0.029903,0.448546,-0.034727,-0.093632,0.000319,0.189421,-0.977422,145.168877,0.000000
48833,0.029903,0.448546,-0.034727,-0.093632,0.000319,0.189421,-0.977422,145.038414,0.000000
48833,0.029903,0.448546,-0.034727,-0.093632,0.000319,0.189421,-0.977422,144.892159,0.000000
48833,0.029903,0.448546,-0.034727,-0.093632,0.000319,0.189421,-0.977422,144.754829,0.000000
48833,0.029903,0.448546,-0.034727,-0.093632,0.000319,0.189421,-0.977422,144.635010,0.000000
48833,0.029903,0.448546,-0.034727,-0.093632,0.000319,0.189421,-0.977422,144.452705,0.000000
48833,0.029903,0.448546,-0.034727,-0.093632,0.000319,0.189421,-0.977422,144.272118,0.000000
48833,0.029903,0.448546,-0.034727,-0.093632,0.000319,0.189421,-0.977422,144.104576,0.000000
48833,0.029903,0.448546,-0.034727,-0.093632,0.000319,0.189421,-0.977422,143.920898,0.000000
48833,0.029903,0.448546,-0.034727,-0.093632,0.000319,0.189421,-0.977422,143.779449,0.000000
48833,0.029903,0.448546,-0.034727,-0.093632,0.000319,0.189421,-0.977422,143.651390,0.000000
48833,0.029903,0.448546,-0.034727,-0.093632,0.000319,0.189421,-0.977422,143.535347,0.000000
48833,0.029903,0.448546,-0.034727,-0.093632,0.000319,0.189421,-0.977422,143.403168,0.000000
48833,0.029903,0.448546,-0.034727,-0.093632,0.000319,0.189421,-0.977422,143.279228,0.000000
48833,0.029903,0.448546,-0.034727,-0.093632,0.000319,0.189421,-0.977422,143.093491,0.000000
48833,0.029903,0.448546,-0.034727,-0.093632,0.000319,0.189421,-0.977422,142.880630,0.000000
48833,0.029903,0.448546,-0.034727,-0.093632,0.000319,0.189421,-0.977422,142.660904,0.000000
48833,0.029903,0.448546,-0.034727,-0.093632,0.000319,0.189421,-0.977422,142.425385,0.000000
48833,0.029903,0.448546,-0.034727,-0.093632,0.000319,0.189421,-0.977422,142.230377,0.000000
48833,0.029903,0.448546,-0.034727,-0.093632,0.000319,0.189421,-0.977422,141.985931,0.000000
48833,0.029903,0.448546,-0.034727,-0.093632,0.000319,0.189421,-0.977422,141.775818,0.000000
48833,0.029903,0.448546,-0.034727,-0.093632,0.000319,0.189421,-0.977422,141.596260,0.000000
48833,0.029903,0.448546,-0.034727,-0.093632,0.000319,0.189421,-0.977422,141.397133,0.000000
48833,0.029903,0.448546,-0.034727,-0.093632,0.000319,0.189421,-0.977422,141.176033,0.000000
48833,0.029903,0.448546,-0.034727,-0.093632,0.000319,0.189421,-0.977422,140.971756,0.000000
48833,0.029903,0.448546,-0.034727,-0.093632,0.000319,0.189421,-0.977422,140.783272,0.000000
48833,0.029903,0.448546,-0.034727,-0.093632,0.000319,0.189421,-0.977422,140.543289,0.000000
48833,0.029903,0.448546,-0.034727,-0.093632,0.000319,0.189421,-0.977422,140.281334,0.000000
48833,0.029903,0.448546,-0.034727,-0.093632,0.000319,0.189421,-0.977422,140.042725,0.000000
48940,0.028956,0.448816,-0.035211,-0.090730,0.000389,0.182858,-0.978944,139.844284,0.000000
48943,0.028916,0.448826,-0.035228,-0.090541,0.000346,0.182519,-0.979025,139.601212,0.000000
48947,0.028874,0.448837,-0.035243,-0.090403,0.000315,0.182295,-0.979079,139.427490,0.000000
48951,0.028823,0.448855,-0.035258,-0.090188,0.000273,0.182098,-0.979136,139.244156,0.000000
48954,0.028790,0.448862,-0.035270,-0.090121,0.000231,0.181955,-0.979168,139.063225,0.000000
48957,0.028758,0.448860,-0.035289,-0.090163,0.000275,0.181634,-0.979224,138.846588,0.000000
48961,0.028717,0.448871,-0.035317,-0.090055,0.000268,0.181424,-0.979273,138.647804,0.000000
48965,0.028670,0.448881,-0.035346,-0.089885,0.000211,0.181029,-0.979362,138.404732,0.000000
48968,0.028638,0.448893,-0.035374,-0.089786,0.000227,0.180860,-0.979402,138.146553,0.000000
48972,0.028577,0.448906,-0.035411,-0.089628,0.000351,0.180392,-0.979503,137.889748,0.000000
48975,0.028536,0.448914,-0.035432,-0.089589,0.000409,0.180214,-0.979539,137.670021,0.000000
48979,0.028487,0.448931,-0.035456,-0.089292,0.000308,0.179829,-0.979637,137.477417,0.000000
48982,0.028452,0.448937,-0.035463,-0.089241,0.000353,0.179674,-0.979670,137.272797,0.000000
48986,0.028416,0.448946,-0.035473,-0.089149,0.000353,0.179376,-0.979733,137.095985,0.000000
48990,0.028383,0.448952,-0.035473,-0.089051,0.000296,0.179143,-0.979784,136.893768,0.000000
48993,0.028356,0.448962,-0.035481,-0.088956,0.000346,0.178883,-0.979841,136.702538,0.000000
48996,0.028324,0.448969,-0.035487,-0.088936,0.000385,0.178720,-0.979872,136.472168,0.000000
49000,0.028281,0.448981,-0.035503,-0.088771,0.000339,0.178412,-0.979943,136.256905,0.000000
49004,0.028235,0.448993,-0.035529,-0.088708,0.000414,0.178214,-0.979985,136.058121,0.000000
49007,0.028197,0.449004,-0.035557,-0.088544,0.000462,0.177940,-0.980049,135.805092,0.000000
49011,0.028154,0.449024,-0.035598,-0.088365,0.000359,0.177686,-0.980112,135.587769,0.000000
49014,0.028117,0.449038,-0.035630,-0.088180,0.000339,0.177373,-0.980185,135.329933,0.000000
49018,0.028068,0.449051,-0.035672,-0.088090,0.000439,0.177131,-0.980237,135.146942,0.000000
49021,0.028030,0.449065,-0.035694,-0.087853,0.000374,0.176765,-0.980324,134.909019,0.000000
49025,0.027983,0.449078,-0.035715,-0.087674,0.000374,0.176497,-0.980389,134.717789,0.000000
49028,0.027947,0.449084,-0.035720,-0.087572,0.000353,0.176278,-0.980437,134.504585,0.000000
49032,0.027900,0.449090,-0.035719,-0.087510,0.000409,0.176020,-0.980489,134.317818,0.000000
49035,0.027873,0.449098,-0.035720,-0.087354,0.000373,0.175827,-0.980538,134.100494,0.000000
49039,0.027833,0.449101,-0.035718,-0.087333,0.000402,0.175590,-0.980582,133.921967,0.000000
49042,0.027809,0.449116,-0.035719,-0.087085,0.000311,0.175499,-0.980620,133.697777,0.000000
49046,0.027771,0.449128,-0.035732,-0.086936,0.000226,0.175211,-0.980685,133.452988,0.000000
49050,0.027726,0.449142,-0.035764,-0.086767,0.000286,0.174911,-0.980753,133.213692,0.000343
49053,0.027687,0.449149,-0.035793,-0.086758,0.000324,0.174722,-0.980788,133.001862,0.000000
49057,0.027643,0.449157,-0.035843,-0.086598,0.000282,0.174287,-0.980880,132.753639,0.000000
49060,0.027610,0.449167,-0.035874,-0.086553,0.000331,0.174126,-0.980912,132.563438,0.000000
49064,0.027563,0.449176,-0.035910,-0.086462,0.000306,0.173825,-0.980974,132.351608,0.000000
49068,0.027524,0.449186,-0.035936,-0.086312,0.000256,0.173677,-0.981013,132.160034,0.000000
49071,0.027490,0.449191,-0.035946,-0.086214,0.000288,0.173377,-0.981075,131.971893,0.000343
49074,0.027460,0.449197,-0.035956,-0.086143,0.000320,0.173210,-0.981111,131.753540,0.000000
49078,0.027421,0.449205,-0.035959,-0.085929,0.000281,0.172932,-0.981178,131.537933,0.000343
49082,0.027386,0.449211,-0.035964,-0.085934,0.000356,0.172741,-0.981211,131.323357,0.000343
49085,0.027352,0.449218,-0.035971,-0.085818,0.000369,0.172463,-0.981270,131.110497,0.000000
49089,0.027319,0.449230,-0.035980,-0.085656,0.000238,0.172247,-0.981323,130.869484,0.000000
49093,0.027267,0.449237,-0.036008,-0.085565,0.000349,0.171865,-0.981397,130.666580,0.000343
49096,0.027235,0.449248,-0.036027,-0.085541,0.000404,0.171695,-0.981429,130.426254,0.000343
49099,0.027203,0.449261,-0.036051,-0.085388,0.000375,0.171436,-0.981488,130.191765,0.000343
49103,0.027145,0.449278,-0.036087,-0.085202,0.000384,0.171113,-0.981560,129.971008,0.000343
49106,0.027098,0.449290,-0.036120,-0.085096,0.000403,0.170815,-0.981622,129.729652,0.000343
49110,0.027042,0.449308,-0.036150,-0.084955,0.000390,0.170504,-0.981688,129.546318,0.000000
49114,0.026993,0.449318,-0.036178,-0.084716,0.000357,0.170145,-0.981771,129.386673,0.000343
49117,0.026963,0.449324,-0.036194,-0.084716,0.000456,0.170008,-0.981794,129.233208,0.000000
49121,0.026940,0.449331,-0.036202,-0.084573,0.000406,0.169740,-0.981853,129.082489,0.000343
49124,0.026926,0.449336,-0.036208,-0.084533,0.000399,0.169693,-0.981865,128.949966,0.000000
49128,0.026897,0.449340,-0.036214,-0.084475,0.000503,0.169419,-0.981917,128.820534,0.000343
49131,0.026877,0.449345,-0.036217,-0.084427,0.000519,0.169332,-0.981936,128.670845,0.000000
49135,0.026847,0.449353,-0.036222,-0.084218,0.000427,0.169081,-0.981997,128.495407,0.000000
49139,0.026814,0.449360,-0.036230,-0.084245,0.000520,0.168945,-0.982018,128.362541,0.000343
49142,0.026786,0.449365,-0.036243,-0.084049,0.000466,0.168694,-0.982078,128.185730,0.000000
49146,0.026760,0.449371,-0.036258,-0.083989,0.000432,0.168609,-0.982098,128.049431,0.000343
49149,0.026736,0.449376,-0.036276,-0.083846,0.000453,0.168403,-0.982146,127.884636,0.000000
49153,0.026710,0.449383,-0.036292,-0.083813,0.000473,0.168305,-0.982165,127.757950,0.000000
49156,0.026697,0.449389,-0.036309,-0.083682,0.000445,0.168134,-0.982206,127.654610,0.000343
49160,0.026675,0.449393,-0.036324,-0.083691,0.000489,0.168074,-0.982215,127.519684,0.000343
49163,0.026661,0.449398,-0.036336,-0.083596,0.000494,0.167921,-0.982250,127.382355,0.000000
49167,0.026641,0.449403,-0.036349,-0.083558,0.000450,0.167821,-0.982270,127.241592,0.000000
49170,0.026623,0.449408,-0.036358,-0.083407,0.000418,0.167641,-0.982313,127.096710,0.000343
49174,0.026586,0.449413,-0.036376,-0.083450,0.000546,0.167498,-0.982334,126.920586,0.000343
49178,0.026558,0.449421,-0.036386,-0.083210,0.000443,0.167231,-0.982400,126.773300,0.000343
49181,0.026534,0.449427,-0.036395,-0.083243,0.000528,0.167182,-0.982406,126.647987,0.000343
49185,0.026500,0.449431,-0.036405,-0.083167,0.000517,0.166922,-0.982456,126.522675,0.000343
49188,0.026481,0.449436,-0.036411,-0.083126,0.000525,0.166872,-0.982468,126.385689,0.000000
49192,0.026447,0.449440,-0.036419,-0.083019,0.000522,0.166606,-0.982522,126.251106,0.000000
49195,0.026427,0.449444,-0.036430,-0.083055,0.000586,0.166559,-0.982527,126.102104,0.000343
49199,0.026403,0.449453,-0.036448,-0.082875,0.000518,0.166274,-0.982591,125.944862,0.000343
49202,0.026382,0.449457,-0.036460,-0.082834,0.000520,0.166174,-0.982611,125.809593,0.000343
49206,0.026349,0.449467,-0.036490,-0.082751,0.000627,0.165894,-0.982665,125.639305,0.000343
49209,0.026322,0.449471,-0.036504,-0.082725,0.000624,0.165777,-0.982687,125.494423,0.000343
49213,0.026294,0.449480,-0.036528,-0.082468,0.000506,0.165565,-0.982745,125.366364,0.000000
49217,0.026259,0.449484,-0.036543,-0.082495,0.000587,0.165437,-0.982764,125.254097,0.000343
49220,0.026238,0.449489,-0.036555,-0.082334,0.000521,0.165239,-0.982811,125.114365,0.000343
49224,0.026211,0.449495,-0.036564,-0.082280,0.000544,0.165134,-0.982833,124.983215,0.000343
49224,0.026211,0.449495,-0.036564,-0.082280,0.000544,0.165134,-0.982833,124.852753,0.000343
49224,0.026211,0.449495,-0.036564,-0.082280,0.000544,0.165134,-0.982833,124.694824,0.000000
49224,0.026211,0.449495,-0.036564,-0.082280,0.000544,0.165134,-0.982833,124.520073,0.000343
49224,0.026211,0.449495,-0.036564,-0.082280,0.000544,0.165134,-0.982833,124.361458,0.000343
49224,0.026211,0.449495,-0.036564,-0.082280,0.000544,0.165134,-0.982833,124.235802,0.000343
49224,0.026211,0.449495,-0.036564,-0.082280,0.000544,0.165134,-0.982833,124.081993,0.000000
49224,0.026211,0.449495,-0.036564,-0.082280,0.000544,0.165134,-0.982833,123.973503,0.000000
49224,0.026211,0.449495,-0.036564,-0.082280,0.000544,0.165134,-0.982833,123.833427,0.000000
49224,0.026211,0.449495,-0.036564,-0.082280,0.000544,0.165134,-0.982833,123.702621,0.000343
49224,0.026211,0.449495,-0.036564,-0.082280,0.000544,0.165134,-0.982833,123.583145,0.000343
49224,0.026211,0.449495,-0.036564,-0.082280,0.000544,0.165134,-0.982833,123.426590,0.000000
49224,0.026211,0.449495,-0.036564,-0.082280,0.000544,0.165134,-0.982833,123.251495,0.000343
49224,0.026211,0.449495,-0.036564,-0.082280,0.000544,0.165134,-0.982833,123.092880,0.000000
49224,0.026211,0.449495,-0.036564,-0.082280,0.000544,0.165134,-0.982833,122.959671,0.000343
49224,0.026211,0.449495,-0.036564,-0.082280,0.000544,0.165134,-0.982833,122.821999,0.000343
49224,0.026211,0.449495,-0.036564,-0.082280,0.000544,0.165134,-0.982833,122.675743,0.000343
49224,0.026211,0.449495,-0.036564,-0.082280,0.000544,0.165134,-0.982833,122.545280,0.000343
49224,0.026211,0.449495,-0.036564,-0.082280,0.000544,0.165134,-0.982833,122.436104,0.000000
49224,0.026211,0.449495,-0.036564,-0.082280,0.000544,0.165134,-0.982833,122.296715,0.000343
49224,0.026211,0.449495,-0.036564,-0.082280,0.000544,0.165134,-0.982833,122.156639,0.000000
49224,0.026211,0.449495,-0.036564,-0.082280,0.000544,0.165134,-0.982833,122.016907,0.000000
49224,0.026211,0.449495,-0.036564,-0.082280,0.000544,0.165134,-0.982833,121.836319,0.000343
49224,0.026211,0.449495,-0.036564,-0.082280,0.000544,0.165134,-0.982833,121.669807,0.000000
49224,0.026211,0.449495,-0.036564,-0.082280,0.000544,0.165134,-0.982833,121.540031,0.000000
49224,0.026211,0.449495,-0.036564,-0.082280,0.000544,0.165134,-0.982833,121.388626,0.000343
49224,0.026211,0.449495,-0.036564,-0.082280,0.000544,0.165134,-0.982833,121.284599,0.000000
49224,0.026211,0.449495,-0.036564,-0.082280,0.000544,0.165134,-0.982833,121.159286,0.000000
49224,0.026211,0.449495,-0.036564,-0.082280,0.000544,0.165134,-0.982833,121.020241,0.000343
49224,0.026211,0.449495,-0.036564,-0.082280,0.000544,0.165134,-0.982833,120.881882,0.000343
49330,0.025477,0.449674,-0.036916,-0.079912,0.000636,0.160539,-0.983789,120.750732,0.000000
49334,0.025454,0.449681,-0.036922,-0.079644,0.000494,0.160309,-0.983848,120.588341,0.000343
49337,0.025431,0.449685,-0.036928,-0.079648,0.000558,0.160230,-0.983861,120.414276,0.000343
49341,0.025401,0.449687,-0.036935,-0.079536,0.000513,0.159938,-0.983917,120.254631,0.000343
49345,0.025367,0.449697,-0.036949,-0.079422,0.000544,0.159742,-0.983959,120.125198,0.000343
49348,0.025341,0.449701,-0.036961,-0.079383,0.000571,0.159558,-0.983991,119.990959,0.000000
49351,0.025322,0.449705,-0.036978,-0.079379,0.000622,0.159487,-0.984003,119.857750,0.000000
49355,0.025299,0.449711,-0.036999,-0.079188,0.000554,0.159242,-0.984058,119.736557,0.000343
49359,0.025276,0.449718,-0.037020,-0.079203,0.000609,0.159160,-0.984070,119.618111,0.000000
49362,0.025253,0.449725,-0.037036,-0.079092,0.000594,0.158979,-0.984109,119.477005,0.000343
49366,0.025228,0.449734,-0.037052,-0.078994,0.000499,0.158863,-0.984135,119.337959,0.000000
49369,0.025202,0.449740,-0.037063,-0.078890,0.000533,0.158621,-0.984183,119.193077,0.000000
49373,0.025165,0.449740,-0.037075,-0.078910,0.000657,0.158450,-0.984209,119.013519,0.000343
49376,0.025138,0.449747,-0.037083,-0.078740,0.000619,0.158204,-0.984262,118.867264,0.000000
49380,0.025106,0.449756,-0.037088,-0.078686,0.000679,0.158061,-0.984289,118.702469,0.000343
49383,0.025082,0.449759,-0.037096,-0.078615,0.000676,0.157799,-0.984337,118.579903,0.000000
49387,0.025058,0.449766,-0.037102,-0.078541,0.000625,0.157690,-0.984360,118.444977,0.000000
49391,0.025030,0.449771,-0.037119,-0.078384,0.000628,0.157441,-0.984413,118.322754,0.000343
49394,0.025004,0.449775,-0.037132,-0.078392,0.000687,0.157351,-0.984426,118.163109,0.000000
49398,0.024972,0.449785,-0.037152,-0.078155,0.000605,0.157060,-0.984492,118.017197,0.000000
49401,0.024946,0.449790,-0.037171,-0.078137,0.000619,0.156984,-0.984505,117.884674,0.000000
49405,0.024901,0.449795,-0.037196,-0.078020,0.000644,0.156715,-0.984557,117.749062,0.000000
49408,0.024877,0.449802,-0.037214,-0.077982,0.000649,0.156626,-0.984574,117.599716,0.000343
49408,0.024877,0.449802,-0.037214,-0.077982,0.000649,0.156626,-0.984574,117.460327,0.000000
49408,0.024877,0.449802,-0.037214,-0.077982,0.000649,0.156626,-0.984574,117.319221,0.000000
49408,0.024877,0.449802,-0.037214,-0.077982,0.000649,0.156626,-0.984574,117.184296,0.000343
49408,0.024877,0.449802,-0.037214,-0.077982,0.000649,0.156626,-0.984574,117.057953,0.000000
49408,0.024877,0.449802,-0.037214,-0.077982,0.000649,0.156626,-0.984574,116.908951,0.000000
49408,0.024877,0.449802,-0.037214,-0.077982,0.000649,0.156626,-0.984574,116.768188,0.000343
49408,0.024877,0.449802,-0.037214,-0.077982,0.000649,0.156626,-0.984574,116.633949,0.000000
49408,0.024877,0.449802,-0.037214,-0.077982,0.000649,0.156626,-0.984574,116.475334,0.000000
49408,0.024877,0.449802,-0.037214,-0.077982,0.000649,0.156626,-0.984574,116.314659,0.000343
49408,0.024877,0.449802,-0.037214,-0.077982,0.000649,0.156626,-0.984574,116.181793,0.000000
49408,0.024877,0.449802,-0.037214,-0.077982,0.000649,0.156626,-0.984574,116.040344,0.000343
49408,0.024877,0.449802,-0.037214,-0.077982,0.000649,0.156626,-0.984574,115.896492,0.000000
49408,0.024877,0.449802,-0.037214,-0.077982,0.000649,0.156626,-0.984574,115.769463,0.000343
49408,0.024877,0.449802,-0.037214,-0.077982,0.000649,0.156626,-0.984574,115.614624,0.000000
49408,0.024877,0.449802,-0.037214,-0.077982,0.000649,0.156626,-0.984574,115.482445,0.000343
49408,0.024877,0.449802,-0.037214,-0.077982,0.000649,0.156626,-0.984574,115.363312,0.000343
49408,0.024877,0.449802,-0.037214,-0.077982,0.000649,0.156626,-0.984574,115.225296,0.000000
49408,0.024877,0.449802,-0.037214,-0.077982,0.000649,0.156626,-0.984574,115.062904,0.000000
49408,0.024877,0.449802,-0.037214,-0.077982,0.000649,0.156626,-0.984574,114.928665,0.000343
49408,0.024877,0.449802,-0.037214,-0.077982,0.000649,0.156626,-0.984574,114.784470,0.000000
49408,0.024877,0.449802,-0.037214,-0.077982,0.000649,0.156626,-0.984574,114.616241,0.000000
49408,0.024877,0.449802,-0.037214,-0.077982,0.000649,0.156626,-0.984574,114.485779,0.000000
49408,0.024877,0.449802,-0.037214,-0.077982,0.000649,0.156626,-0.984574,114.345703,0.000000
49408,0.024877,0.449802,-0.037214,-0.077982,0.000649,0.156626,-0.984574,114.215927,0.000000
49408,0.024877,0.449802,-0.037214,-0.077982,0.000649,0.156626,-0.984574,114.088211,0.000000
49408,0.024877,0.449802,-0.037214,-0.077982,0.000649,0.156626,-0.984574,113.948479,0.000000
49408,0.024877,0.449802,-0.037214,-0.077982,0.000649,0.156626,-0.984574,113.815269,0.000343
49408,0.024877,0.449802,-0.037214,-0.077982,0.000649,0.156626,-0.984574,113.697166,0.000000
49408,0.024877,0.449802,-0.037214,-0.077982,0.000649,0.156626,-0.984574,113.537865,0.000000
49515,0.024111,0.449961,-0.037606,-0.075646,0.000855,0.151608,-0.985542,113.376503,0.000000
49518,0.024085,0.449966,-0.037615,-0.075495,0.000803,0.151366,-0.985590,113.221664,0.000000
49522,0.024055,0.449975,-0.037627,-0.075376,0.000776,0.151214,-0.985623,113.034554,0.000000
49525,0.024025,0.449981,-0.037632,-0.075318,0.000755,0.151023,-0.985656,112.896881,0.000000
49529,0.023995,0.449985,-0.037635,-0.075280,0.000793,0.150909,-0.985677,112.767105,0.000000
49532,0.023976,0.449991,-0.037637,-0.075162,0.000755,0.150703,-0.985717,112.645226,0.000000
49536,0.023952,0.449994,-0.037641,-0.075173,0.000825,0.150642,-0.985726,112.520943,0.000000
49540,0.023933,0.450000,-0.037653,-0.075047,0.000767,0.150437,-0.985767,112.400436,0.000000
49543,0.023917,0.450006,-0.037662,-0.074979,0.000729,0.150373,-0.985782,112.260361,0.000000
49547,0.023885,0.450010,-0.037688,-0.074913,0.000829,0.150136,-0.985823,112.123032,0.000000
49550,0.023859,0.450014,-0.037707,-0.074915,0.000872,0.150010,-0.985842,111.946220,0.000343
49554,0.023830,0.450024,-0.037731,-0.074662,0.000760,0.149778,-0.985896,111.798935,0.000000
49558,0.023794,0.450029,-0.037754,-0.074579,0.000830,0.149543,-0.985938,111.666756,0.000000
49561,0.023776,0.450031,-0.037771,-0.074528,0.000824,0.149432,-0.985959,111.530457,0.000000
49565,0.023754,0.450037,-0.037779,-0.074402,0.000766,0.149314,-0.985986,111.386261,0.000000
49568,0.023736,0.450037,-0.037782,-0.074352,0.000793,0.149153,-0.986014,111.275368,0.000343
49572,0.023711,0.450039,-0.037787,-0.074322,0.000834,0.149045,-0.986033,111.140099,0.000000
49575,0.023694,0.450042,-0.037787,-0.074256,0.000793,0.148873,-0.986064,110.978737,0.000343
49579,0.023669,0.450046,-0.037795,-0.074229,0.000869,0.148773,-0.986081,110.812569,0.000000
49583,0.023640,0.450050,-0.037807,-0.074130,0.000805,0.148610,-0.986113,110.668030,0.000343
49586,0.023617,0.450057,-0.037820,-0.074022,0.000746,0.148440,-0.986147,110.504265,0.000000
49589,0.023594,0.450063,-0.037839,-0.073842,0.000729,0.148226,-0.986193,110.344963,0.000000
49593,0.023558,0.450067,-0.037862,-0.073913,0.000837,0.148092,-0.986207,110.225487,0.000000
49596,0.023541,0.450070,-0.037877,-0.073757,0.000763,0.147928,-0.986244,110.103951,0.000000
49600,0.023517,0.450076,-0.037893,-0.073757,0.000759,0.147832,-0.986258,110.000610,0.000000
49603,0.023500,0.450080,-0.037903,-0.073654,0.000770,0.147679,-0.986289,109.869461,0.000000
49607,0.023476,0.450082,-0.037910,-0.073648,0.000757,0.147593,-0.986302,109.740028,0.000000
49611,0.023451,0.450087,-0.037920,-0.073565,0.000730,0.147439,-0.986331,109.572487,0.000000
49614,0.023427,0.450091,-0.037925,-0.073522,0.000764,0.147285,-0.986358,109.403915,0.000343
49618,0.023398,0.450096,-0.037937,-0.073353,0.000669,0.147033,-0.986408,109.264526,0.000000
49621,0.023375,0.450100,-0.037949,-0.073327,0.000696,0.146927,-0.986426,109.105225,0.000000
49625,0.023339,0.450106,-0.037968,-0.073282,0.000787,0.146653,-0.986470,108.962402,0.000000
49628,0.023320,0.450112,-0.037984,-0.073249,0.000833,0.146563,-0.986485,108.837776,0.000000
49632,0.023297,0.450121,-0.038000,-0.073012,0.000710,0.146324,-0.986538,108.694267,0.000000
49635,0.023277,0.450125,-0.038014,-0.073012,0.000773,0.146269,-0.986547,108.584747,0.000000
49639,0.023245,0.450129,-0.038031,-0.072896,0.000781,0.145995,-0.986596,108.447075,0.000000
49643,0.023220,0.450134,-0.038038,-0.072805,0.000730,0.145850,-0.986624,108.311806,0.000000
49646,0.023195,0.450138,-0.038045,-0.072775,0.000797,0.145655,-0.986655,108.153877,0.000000
49650,0.023168,0.450142,-0.038052,-0.072684,0.000771,0.145512,-0.986683,108.000069,0.000343
49654,0.023140,0.450147,-0.038060,-0.072606,0.000799,0.145357,-0.986711,107.859650,0.000000
49657,0.023117,0.450153,-0.038071,-0.072480,0.000794,0.145166,-0.986749,107.713737,0.000000
49660,0.023099,0.450157,-0.038087,-0.072338,0.000791,0.144972,-0.986788,107.549629,0.000000
49664,0.023075,0.450165,-0.038103,-0.072224,0.000693,0.144849,-0.986814,107.431183,0.000000
49668,0.023046,0.450170,-0.038125,-0.072181,0.000817,0.144707,-0.986838,107.294197,0.000000
49671,0.023025,0.450175,-0.038139,-0.072084,0.000780,0.144551,-0.986868,107.164764,0.000000
49675,0.023004,0.450183,-0.038151,-0.071909,0.000697,0.144384,-0.986905,107.044945,0.000000
49678,0.022980,0.450187,-0.038161,-0.071844,0.000736,0.144237,-0.986932,106.889076,0.000000
49682,0.022949,0.450192,-0.038170,-0.071811,0.000747,0.144037,-0.986963,106.722221,0.000000
49685,0.022928,0.450196,-0.038175,-0.071719,0.000681,0.143944,-0.986983,106.581802,0.000000
49689,0.022895,0.450199,-0.038182,-0.071609,0.000712,0.143688,-0.987029,106.422157,0.000000
49692,0.022878,0.450205,-0.038190,-0.071591,0.000741,0.143570,-0.987047,106.300964,0.000000
49696,0.022857,0.450209,-0.038199,-0.071412,0.000658,0.143333,-0.987095,106.168098,0.000000
49700,0.022832,0.450214,-0.038220,-0.071373,0.000730,0.143191,-0.987118,106.042786,0.000000
49703,0.022811,0.450218,-0.038235,-0.071341,0.000715,0.143118,-0.987131,105.905113,0.000000
49707,0.022793,0.450223,-0.038252,-0.071162,0.000562,0.142953,-0.987168,105.768814,0.000000
49710,0.022770,0.450230,-0.038267,-0.071073,0.000581,0.142881,-0.987185,105.621185,0.000000
49714,0.022734,0.450245,-0.038273,-0.070793,0.000413,0.142811,-0.987215,105.486603,0.000000
49717,0.022710,0.450250,-0.038284,-0.070669,0.000361,0.142688,-0.987242,105.309792,0.000000
49721,0.022672,0.450256,-0.038292,-0.070561,0.000315,0.142446,-0.987284,105.162849,0.000000
49724,0.022644,0.450258,-0.038301,-0.070490,0.000337,0.142266,-0.987315,104.999771,0.000000
49728,0.022614,0.450265,-0.038311,-0.070385,0.000311,0.142088,-0.987348,104.872742,0.000000
49731,0.022588,0.450267,-0.038319,-0.070254,0.000281,0.141908,-0.987384,104.722366,0.000000
49735,0.022556,0.450273,-0.038336,-0.070217,0.000350,0.141788,-0.987404,104.596710,0.000000
49739,0.022532,0.450277,-0.038352,-0.070091,0.000263,0.141651,-0.987432,104.483757,0.000000
49742,0.022511,0.450283,-0.038370,-0.069973,0.000242,0.141517,-0.987460,104.355698,0.000000
49746,0.022464,0.450281,-0.038407,-0.070180,0.000723,0.141277,-0.987479,104.226952,0.000000
49749,0.022447,0.450287,-0.038424,-0.070085,0.000706,0.141179,-0.987500,104.068680,0.000000
49753,0.022418,0.450293,-0.038440,-0.069901,0.000631,0.141005,-0.987538,103.933754,0.000000
49756,0.022397,0.450298,-0.038449,-0.069875,0.000648,0.140858,-0.987561,103.763466,0.000000
49760,0.022373,0.450291,-0.038459,-0.069884,0.000503,0.140484,-0.987614,103.628540,0.000000
49763,0.022353,0.450293,-0.038462,-0.069832,0.000475,0.140344,-0.987637,103.478508,0.000000
49767,0.022326,0.450299,-0.038471,-0.069751,0.000527,0.140121,-0.987674,103.317833,0.000000
49770,0.022306,0.450300,-0.038475,-0.069751,0.000563,0.139998,-0.987692,103.180161,0.000000
49774,0.022287,0.450307,-0.038485,-0.069602,0.000479,0.139808,-0.987729,103.061028,0.000000
49777,0.022267,0.450309,-0.038498,-0.069564,0.000489,0.139712,-0.987746,102.939491,0.000000
49781,0.022235,0.450315,-0.038521,-0.069539,0.000583,0.139517,-0.987775,102.797012,0.000000
49785,0.022209,0.450321,-0.038543,-0.069359,0.000458,0.139307,-0.987817,102.660370,0.000000
49788,0.022185,0.450324,-0.038563,-0.069322,0.000474,0.139184,-0.987837,102.532654,0.000000
49792,0.022151,0.450329,-0.038584,-0.069297,0.000546,0.138975,-0.987868,102.369232,0.000000
49795,0.022131,0.450334,-0.038592,-0.069223,0.000516,0.138842,-0.987892,102.211304,0.000000
49799,0.022099,0.450338,-0.038606,-0.069147,0.000561,0.138636,-0.987926,102.078094,0.000000
49802,0.022074,0.450339,-0.038609,-0.069153,0.000605,0.138450,-0.987952,101.906776,0.000000
49806,0.022052,0.450345,-0.038614,-0.069037,0.000531,0.138322,-0.987978,101.765327,0.000000
49810,0.022028,0.450347,-0.038619,-0.069074,0.000611,0.138227,-0.987989,101.647568,-0.000343
49813,0.022014,0.450352,-0.038626,-0.068989,0.000612,0.138066,-0.988017,101.525002,0.000000
49817,0.022000,0.450355,-0.038639,-0.068912,0.000557,0.137973,-0.988036,101.390419,0.000000
49820,0.021986,0.450358,-0.038648,-0.068815,0.000519,0.137785,-0.988069,101.259270,0.000000
49824,0.021955,0.450364,-0.038667,-0.068834,0.000665,0.137655,-0.988085,101.127777,0.000000
49827,0.021931,0.450365,-0.038680,-0.068731,0.000639,0.137511,-0.988113,100.972595,0.000000
49831,0.021902,0.450372,-0.038696,-0.068579,0.000568,0.137347,-0.988146,100.796127,0.000000
49834,0.021874,0.450374,-0.038708,-0.068532,0.000602,0.137174,-0.988173,100.638885,0.000000
49838,0.021846,0.450379,-0.038717,-0.068399,0.000546,0.136982,-0.988209,100.503616,0.000000
49841,0.021831,0.450385,-0.038722,-0.068292,0.000537,0.136840,-0.988236,100.360107,0.000000
49845,0.021801,0.450395,-0.038726,-0.068141,0.000569,0.136794,-0.988253,100.233421,0.000000
49848,0.021791,0.450390,-0.038736,-0.068256,0.000634,0.136536,-0.988281,100.111542,0.000000
49852,0.021774,0.450393,-0.038745,-0.068077,0.000529,0.136374,-0.988316,100.004082,0.000000
49856,0.021746,0.450398,-0.038767,-0.067984,0.000591,0.136132,-0.988355,99.874992,0.000000
49859,0.021723,0.450401,-0.038781,-0.067925,0.000597,0.136047,-0.988371,99.722900,0.000000
49863,0.021704,0.450413,-0.038791,-0.067870,0.000329,0.135884,-0.988397,99.539566,0.000000
49866,0.021666,0.450414,-0.038819,-0.067707,0.000524,0.135676,-0.988437,99.377861,-0.000343
49870,0.021622,0.450417,-0.038838,-0.067604,0.000526,0.135405,-0.988481,99.230232,0.000000
49873,0.021595,0.450424,-0.038850,-0.067516,0.000503,0.135265,-0.988506,99.066124,0.000000
49877,0.021560,0.450427,-0.038861,-0.067434,0.000549,0.135044,-0.988542,98.952484,0.000000
49880,0.021539,0.450430,-0.038864,-0.067437,0.000607,0.134912,-0.988560,98.817215,0.000000
49884,0.021520,0.450432,-0.038865,-0.067301,0.000510,0.134767,-0.988589,98.702545,0.000000
49888,0.021499,0.450433,-0.038873,-0.067366,0.000611,0.134718,-0.988591,98.603325,0.000000
49891,0.021484,0.450437,-0.038878,-0.067256,0.000618,0.134523,-0.988625,98.473549,0.000000
49895,0.021470,0.450441,-0.038890,-0.067149,0.000518,0.134430,-0.988645,98.304634,0.000000
49898,0.021451,0.450448,-0.038905,-0.067052,0.000511,0.134251,-0.988676,98.132286,0.000000
49902,0.021416,0.450452,-0.038928,-0.067022,0.000602,0.134077,-0.988702,97.984314,0.000000
49905,0.021391,0.450457,-0.038946,-0.066903,0.000553,0.133904,-0.988733,97.829132,-0.000343
49909,0.021359,0.450466,-0.038961,-0.066784,0.000544,0.133750,-0.988762,97.665710,-0.000343
49913,0.021323,0.450468,-0.038977,-0.066660,0.000498,0.133483,-0.988807,97.533188,0.000000
49916,0.021302,0.450472,-0.038980,-0.066623,0.000465,0.133433,-0.988816,97.419548,-0.000343
49920,0.021273,0.450475,-0.038991,-0.066523,0.000505,0.133182,-0.988857,97.293892,0.000000
49923,0.021255,0.450475,-0.038996,-0.066524,0.000541,0.133110,-0.988866,97.185402,-0.000343
49927,0.021238,0.450481,-0.039006,-0.066330,0.000415,0.132919,-0.988905,97.038803,0.000000
49930,0.021218,0.450484,-0.039017,-0.066288,0.000431,0.132836,-0.988919,96.892548,0.000000
49934,0.021183,0.450486,-0.039039,-0.066204,0.000418,0.132601,-0.988956,96.749039,0.000000
49937,0.021161,0.450491,-0.039053,-0.066123,0.000436,0.132479,-0.988978,96.579437,0.000000
49941,0.021126,0.450496,-0.039072,-0.065959,0.000294,0.132307,-0.989012,96.423912,0.000000
49945,0.021087,0.450503,-0.039095,-0.065974,0.000380,0.132112,-0.989037,96.287270,-0.000343
49948,0.021058,0.450508,-0.039108,-0.065765,0.000289,0.131884,-0.989081,96.136551,-0.000343
49951,0.021036,0.450510,-0.039117,-0.065675,0.000254,0.131744,-0.989106,96.004028,0.000000
49955,0.021004,0.450516,-0.039128,-0.065628,0.000326,0.131564,-0.989133,95.878029,0.000000
49959,0.020981,0.450517,-0.039137,-0.065585,0.000283,0.131457,-0.989150,95.752716,0.000000
49962,0.020963,0.450523,-0.039143,-0.065465,0.000267,0.131285,-0.989181,95.628433,0.000000
49966,0.020930,0.450525,-0.039159,-0.065531,0.000413,0.131081,-0.989203,95.473251,0.000000
49969,0.020907,0.450528,-0.039170,-0.065423,0.000367,0.130917,-0.989232,95.327339,0.000000
49973,0.020877,0.450533,-0.039184,-0.065257,0.000319,0.130766,-0.989263,95.183144,-0.000343
49976,0.020848,0.450538,-0.039200,-0.065175,0.000324,0.130541,-0.989298,95.016975,0.000000
49980,0.020808,0.450546,-0.039220,-0.065137,0.000365,0.130358,-0.989325,94.872780,0.000000
49983,0.020787,0.450552,-0.039231,-0.065004,0.000302,0.130178,-0.989357,94.747124,0.000000
49987,0.020761,0.450558,-0.039247,-0.064931,0.000318,0.130024,-0.989382,94.613914,0.000000
49991,0.020737,0.450561,-0.039257,-0.064864,0.000249,0.129771,-0.989420,94.491692,0.000000
49994,0.020723,0.450566,-0.039264,-0.064828,0.000264,0.129708,-0.989431,94.367065,0.000000
49998,0.020692,0.450567,-0.039273,-0.064740,0.000320,0.129468,-0.989468,94.217720,0.000000
50001,0.020673,0.450569,-0.039280,-0.064755,0.000356,0.129352,-0.989482,94.074211,-0.000343
50005,0.020648,0.450575,-0.039289,-0.064491,0.000238,0.129102,-0.989532,93.930359,0.000000
50008,0.020625,0.450579,-0.039302,-0.064457,0.000280,0.128982,-0.989550,93.750458,-0.000343
50012,0.020586,0.450586,-0.039324,-0.064335,0.000306,0.128681,-0.989597,93.610725,0.000000
50015,0.020561,0.450589,-0.039339,-0.064235,0.000271,0.128523,-0.989624,93.450737,0.000000
50019,0.020526,0.450595,-0.039361,-0.064080,0.000256,0.128293,-0.989664,93.318901,-0.000343
50022,0.020498,0.450597,-0.039372,-0.064065,0.000308,0.128153,-0.989683,93.200111,-0.000343
50026,0.020472,0.450604,-0.039387,-0.063905,0.000262,0.127964,-0.989718,93.059692,-0.000343
50030,0.020443,0.450606,-0.039394,-0.063894,0.000326,0.127873,-0.989730,92.954292,0.000000
50033,0.020422,0.450607,-0.039403,-0.063837,0.000308,0.127706,-0.989755,92.827606,-0.000343
50037,0.020404,0.450623,-0.039398,-0.063496,0.000058,0.127721,-0.989776,92.677574,0.000000
50040,0.020381,0.450613,-0.039416,-0.063618,0.000254,0.127392,-0.989810,92.536812,0.000000
50044,0.020348,0.450628,-0.039422,-0.063394,0.000159,0.127386,-0.989825,92.359657,-0.000343
50047,0.020323,0.450630,-0.039437,-0.063239,0.000092,0.127188,-0.989861,92.201042,0.000000
50051,0.020294,0.450636,-0.039460,-0.063075,0.000052,0.127048,-0.989889,92.057877,0.000000
50055,0.020260,0.450640,-0.039483,-0.062928,0.000043,0.126805,-0.989930,91.905098,0.000000
50058,0.020232,0.450637,-0.039509,-0.063068,0.000378,0.126646,-0.989941,91.785278,0.000000
50062,0.020203,0.450642,-0.039525,-0.062930,0.000372,0.126423,-0.989978,91.667862,-0.000343
50065,0.020185,0.450642,-0.039533,-0.062961,0.000417,0.126389,-0.989981,91.548729,0.000000
50069,0.020162,0.450645,-0.039538,-0.062818,0.000370,0.126173,-0.990017,91.410370,0.000000
50072,0.020147,0.450647,-0.039537,-0.062791,0.000370,0.126142,-0.990023,91.270638,0.000000
50076,0.020120,0.450649,-0.039547,-0.062697,0.000410,0.125933,-0.990056,91.138802,-0.000343
50079,0.020101,0.450648,-0.039550,-0.062707,0.000430,0.125827,-0.990068,90.965767,0.000000
50083,0.020084,0.450655,-0.039559,-0.062430,0.000282,0.125640,-0.990110,90.822601,-0.000343
50086,0.020060,0.450657,-0.039573,-0.062421,0.000356,0.125531,-0.990124,90.646477,-0.000343
50090,0.020026,0.450658,-0.039595,-0.062340,0.000414,0.125308,-0.990157,90.514641,0.000000
50093,0.020007,0.450662,-0.039613,-0.062230,0.000340,0.125219,-0.990176,90.376968,-0.000343
50097,0.019973,0.450667,-0.039637,-0.062136,0.000345,0.125037,-0.990204,90.241699,0.000000
50101,0.019946,0.450674,-0.039658,-0.062097,0.000364,0.124966,-0.990216,90.137672,0.000000
50104,0.019925,0.450674,-0.039671,-0.061972,0.000311,0.124807,-0.990244,89.994164,0.000000
50108,0.019894,0.450679,-0.039685,-0.061920,0.000347,0.124708,-0.990260,89.856834,0.000000
50111,0.019871,0.450680,-0.039692,-0.061861,0.000385,0.124523,-0.990286,89.702339,-0.000343
50115,0.019850,0.450685,-0.039695,-0.061773,0.000287,0.124381,-0.990310,89.547501,0.000000
50118,0.019826,0.450686,-0.039701,-0.061698,0.000285,0.124214,-0.990335,89.408455,0.000000
50122,0.019795,0.450688,-0.039709,-0.061717,0.000422,0.124040,-0.990356,89.252930,0.000000
50125,0.019780,0.450692,-0.039719,-0.061635,0.000381,0.123891,-0.990380,89.111824,-0.000343
50129,0.019758,0.450699,-0.039729,-0.061499,0.000350,0.123767,-0.990404,88.987541,0.000000
50133,0.019745,0.450698,-0.039744,-0.061338,0.000111,0.123387,-0.990461,88.846436,-0.000343
50136,0.019727,0.450702,-0.039753,-0.061310,0.000098,0.123340,-0.990469,88.728333,0.000000
50140,0.019696,0.450705,-0.039774,-0.061189,0.000057,0.123111,-0.990505,88.617783,-0.000343
50143,0.019671,0.450708,-0.039786,-0.061182,0.000125,0.123014,-0.990517,88.458138,0.000000
50147,0.019645,0.450717,-0.039799,-0.061028,0.000022,0.122778,-0.990556,88.309479,-0.000343
50150,0.019618,0.450721,-0.039809,-0.060961,0.000066,0.122623,-0.990579,88.115501,0.000000
50154,0.019576,0.450723,-0.039824,-0.060875,0.000096,0.122344,-0.990619,87.973709,0.000000
50157,0.019549,0.450726,-0.039836,-0.060856,0.000153,0.122220,-0.990636,87.812004,-0.000343
50161,0.019521,0.450732,-0.039842,-0.060670,0.000035,0.121990,-0.990675,87.687721,-0.000343
50165,0.019490,0.450734,-0.039858,-0.060781,0.000241,0.121873,-0.990683,87.579231,-0.000343
50168,0.019476,0.450737,-0.039866,-0.060574,0.000141,0.121688,-0.990718,87.467308,0.000000
50172,0.019460,0.450743,-0.039882,-0.060502,0.000177,0.121619,-0.990731,87.342682,0.000000
50175,0.019441,0.450747,-0.039895,-0.060422,0.000157,0.121499,-0.990751,87.218056,0.000000
50179,0.019417,0.450751,-0.039911,-0.060344,0.000145,0.121335,-0.990776,87.064934,-0.000343
50182,0.019395,0.450756,-0.039925,-0.060174,0.000101,0.121157,-0.990808,86.898079,0.000000
50186,0.019353,0.450759,-0.039943,-0.060175,0.000259,0.120986,-0.990829,86.725388,0.000000
50189,0.019324,0.450761,-0.039957,-0.060061,0.000233,0.120786,-0.990860,86.585312,0.000000
50193,0.019293,0.450765,-0.039967,-0.059914,0.000166,0.120626,-0.990888,86.428413,0.000000
50197,0.019256,0.450770,-0.039984,-0.059833,0.000264,0.120379,-0.990923,86.298637,0.000000
50200,0.019236,0.450770,-0.039991,-0.059813,0.000285,0.120305,-0.990933,86.191177,0.000000
50204,0.019218,0.450776,-0.040002,-0.059559,0.000151,0.120085,-0.990976,86.074791,0.000000
50207,0.019197,0.450779,-0.040014,-0.059563,0.000232,0.120035,-0.990981,85.926819,-0.000343
50211,0.019171,0.450783,-0.040028,-0.059459,0.000200,0.119776,-0.991019,85.798416,-0.000343
50214,0.019153,0.450788,-0.040043,-0.059378,0.000197,0.119692,-0.991034,85.642891,-0.000343
50218,0.019110,0.450784,-0.040071,-0.059427,0.000492,0.119362,-0.991071,85.466766,0.000000
50221,0.019088,0.450787,-0.040084,-0.059387,0.000521,0.119238,-0.991088,85.309525,-0.000343
50225,0.019063,0.450796,-0.040098,-0.059195,0.000451,0.118954,-0.991134,85.179405,0.000000
50228,0.019039,0.450796,-0.040107,-0.059143,0.000483,0.118837,-0.991151,85.042763,-0.000343
50232,0.019007,0.450797,-0.040123,-0.059128,0.000583,0.118556,-0.991185,84.910927,-0.000343
50235,0.018986,0.450800,-0.040130,-0.059055,0.000541,0.118474,-0.991199,84.788704,0.000000
50239,0.018960,0.450805,-0.040141,-0.058947,0.000498,0.118272,-0.991230,84.674034,-0.000343
50243,0.018926,0.450806,-0.040157,-0.059023,0.000604,0.118181,-0.991236,84.536362,-0.000343
50246,0.018903,0.450812,-0.040171,-0.058813,0.000540,0.117988,-0.991272,84.371910,-0.000343
50250,0.018867,0.450816,-0.040189,-0.058760,0.000589,0.117816,-0.991295,84.217072,0.000000
50253,0.018839,0.450817,-0.040207,-0.058698,0.000603,0.117629,-0.991321,84.051933,0.000000
50257,0.018803,0.450821,-0.040227,-0.058628,0.000603,0.117397,-0.991353,83.897781,0.000000
50260,0.018793,0.450815,-0.040234,-0.058548,0.000258,0.117029,-0.991401,83.774529,-0.000343
50264,0.018757,0.450816,-0.040254,-0.058532,0.000363,0.116850,-0.991423,83.644753,0.000000
50268,0.018733,0.450827,-0.040263,-0.058232,0.000216,0.116750,-0.991453,83.513947,-0.000343
50271,0.018718,0.450831,-0.040271,-0.058219,0.000245,0.116704,-0.991459,83.383141,-0.000343
50275,0.018685,0.450830,-0.040286,-0.058126,0.000274,0.116472,-0.991492,83.254395,-0.000343
50278,0.018669,0.450834,-0.040293,-0.058089,0.000263,0.116388,-0.991504,83.115692,-0.000343
50282,0.018636,0.450837,-0.040306,-0.057931,0.000192,0.116149,-0.991541,82.966690,-0.000343
50285,0.018608,0.450840,-0.040316,-0.057883,0.000264,0.116053,-0.991555,82.823181,0.000000
50289,0.018569,0.450842,-0.040328,-0.057734,0.000239,0.115717,-0.991603,82.653580,-0.000343
50293,0.018530,0.450846,-0.040344,-0.057679,0.000285,0.115591,-0.991621,82.520370,0.000000
50296,0.018503,0.450848,-0.040355,-0.057562,0.000275,0.115382,-0.991652,82.365875,-0.000343
50299,0.018479,0.450850,-0.040365,-0.057561,0.000327,0.115226,-0.991670,82.226143,0.000000
50303,0.018461,0.450855,-0.040382,-0.057342,0.000172,0.115059,-0.991702,82.099113,-0.000343
50306,0.018441,0.450857,-0.040395,-0.057289,0.000243,0.114939,-0.991719,81.978607,0.000000
50310,0.018418,0.450859,-0.040413,-0.057287,0.000260,0.114767,-0.991739,81.832352,-0.000343
50314,0.018396,0.450864,-0.040430,-0.057158,0.000218,0.114655,-0.991760,81.707039,0.000000
50317,0.018375,0.450866,-0.040442,-0.057128,0.000239,0.114468,-0.991783,81.572456,-0.000343
50321,0.018345,0.450872,-0.040457,-0.057082,0.000259,0.114369,-0.991797,81.437531,0.000000
50324,0.018320,0.450876,-0.040466,-0.056956,0.000230,0.114183,-0.991826,81.267586,0.000000
50328,0.018285,0.450881,-0.040477,-0.056934,0.000284,0.114055,-0.991842,81.130943,0.000000
50331,0.018256,0.450884,-0.040482,-0.056844,0.000284,0.113892,-0.991866,80.970612,0.000000
50335,0.018227,0.450886,-0.040488,-0.056711,0.000197,0.113725,-0.991892,80.825729,-0.000343
50339,0.018191,0.450890,-0.040501,-0.056656,0.000279,0.113489,-0.991922,80.698700,-0.000343
50342,0.018171,0.450893,-0.040510,-0.056647,0.000324,0.113426,-0.991930,80.562401,0.000000
50346,0.018151,0.450898,-0.040527,-0.056377,0.000211,0.113203,-0.991971,80.427818,0.000000
50349,0.018137,0.450902,-0.040539,-0.056378,0.000229,0.113193,-0.991972,80.303535,-0.000343
50353,0.018112,0.450904,-0.040561,-0.056262,0.000256,0.112942,-0.992007,80.171700,0.000000
50356,0.018096,0.450907,-0.040574,-0.056220,0.000249,0.112853,-0.992020,80.041924,0.000000
50360,0.018067,0.450911,-0.040593,-0.056042,0.000219,0.112628,-0.992056,79.893951,-0.000343
50363,0.018042,0.450915,-0.040605,-0.056038,0.000283,0.112508,-0.992069,79.724693,-0.000343
50367,0.018013,0.450921,-0.040617,-0.055821,0.000196,0.112252,-0.992111,79.587364,0.000000
50370,0.017989,0.450923,-0.040623,-0.055742,0.000195,0.112106,-0.992132,79.412613,0.000000
50374,0.017938,0.450916,-0.040648,-0.055866,0.000574,0.111791,-0.992160,79.283180,-0.000343
50378,0.017915,0.450921,-0.040654,-0.055772,0.000513,0.111679,-0.992178,79.145164,-0.000343
50381,0.017897,0.450923,-0.040659,-0.055661,0.000496,0.111478,-0.992207,79.038048,0.000000
50385,0.017872,0.450924,-0.040676,-0.055737,0.000618,0.111410,-0.992210,78.916512,0.000000
50388,0.017857,0.450924,-0.040687,-0.055584,0.000571,0.111205,-0.992242,78.770256,-0.000343
50392,0.017834,0.450929,-0.040707,-0.055523,0.000580,0.111109,-0.992256,78.631897,0.000000
50396,0.017798,0.450933,-0.040730,-0.055425,0.000653,0.110838,-0.992292,78.500404,0.000000
50399,0.017777,0.450935,-0.040746,-0.055358,0.000596,0.110764,-0.992304,78.320847,0.000000
50402,0.017751,0.450940,-0.040760,-0.055175,0.000499,0.110572,-0.992335,78.156738,-0.000343
50406,0.017724,0.450937,-0.040770,-0.055081,0.000240,0.110280,-0.992373,78.018379,0.000000
50409,0.017703,0.450939,-0.040782,-0.055007,0.000240,0.110104,-0.992397,77.866974,-0.000343
50413,0.017676,0.450939,-0.040790,-0.054894,0.000179,0.109974,-0.992418,77.739601,0.000000
50417,0.017649,0.450941,-0.040798,-0.054826,0.000230,0.109791,-0.992441,77.637291,0.000000
50420,0.017633,0.450942,-0.040800,-0.054841,0.000235,0.109716,-0.992449,77.507858,0.000000
50424,0.017619,0.450946,-0.040810,-0.054613,0.000119,0.109574,-0.992477,77.381172,-0.000343
50427,0.017598,0.450948,-0.040823,-0.054676,0.000193,0.109516,-0.992480,77.233887,0.000000
50431,0.017573,0.450950,-0.040838,-0.054586,0.000163,0.109286,-0.992510,77.095528,-0.000343
50434,0.017553,0.450956,-0.040854,-0.054514,0.000142,0.109179,-0.992526,76.910477,0.000000
50438,0.017513,0.450958,-0.040876,-0.054385,0.000145,0.108903,-0.992564,76.765251,0.000000
50441,0.017485,0.450960,-0.040890,-0.054345,0.000208,0.108768,-0.992581,76.613159,0.000000
50445,0.017451,0.450966,-0.040905,-0.054129,0.000101,0.108530,-0.992618,76.464500,0.000000
50449,0.017417,0.450967,-0.040918,-0.054148,0.000196,0.108410,-0.992630,76.347427,0.000000
50452,0.017395,0.450972,-0.040927,-0.053991,0.000195,0.108201,-0.992662,76.231728,-0.000343
50456,0.017381,0.450976,-0.040934,-0.053928,0.000124,0.108090,-0.992677,76.114655,0.000000
50459,0.017366,0.450978,-0.040944,-0.053808,0.000129,0.107889,-0.992706,76.000328,0.000000
50463,0.017337,0.450979,-0.040960,-0.053815,0.000264,0.107796,-0.992715,75.837593,-0.000343
50466,0.017316,0.450984,-0.040974,-0.053604,0.000198,0.107565,-0.992752,75.674858,0.000000
50470,0.017279,0.450988,-0.040993,-0.053471,0.000236,0.107384,-0.992779,75.506973,0.000000
50473,0.017244,0.450991,-0.041009,-0.053378,0.000245,0.107135,-0.992811,75.367584,0.000000
50477,0.017206,0.450997,-0.041027,-0.053246,0.000229,0.106947,-0.992838,75.201759,-0.000343
50481,0.017165,0.450999,-0.041045,-0.053089,0.000222,0.106669,-0.992876,75.075760,0.000000
50484,0.017141,0.451002,-0.041057,-0.053043,0.000281,0.106575,-0.992889,74.951820,-0.000343
50488,0.017113,0.451006,-0.041069,-0.052845,0.000186,0.106349,-0.992924,74.829254,-0.000343
50491,0.017097,0.451009,-0.041077,-0.052815,0.000200,0.106308,-0.992930,74.726601,-0.000343
50495,0.017066,0.451012,-0.041089,-0.052783,0.000283,0.106095,-0.992954,74.596138,-0.000343
50498,0.017046,0.451012,-0.041099,-0.052733,0.000268,0.105989,-0.992968,74.428940,0.000000
50502,0.017019,0.451016,-0.041116,-0.052538,0.000177,0.105784,-0.993000,74.211960,0.000000
50505,0.017007,0.451020,-0.041119,-0.052352,-0.000111,0.105662,-0.993023,74.131966,0.000000
50509,0.016973,0.451025,-0.041139,-0.052198,-0.000157,0.105389,-0.993060,73.973007,0.000000
50512,0.016949,0.451027,-0.041154,-0.052126,-0.000154,0.105263,-0.993077,73.819885,0.000000
50516,0.016909,0.451029,-0.041175,-0.052022,-0.000107,0.105023,-0.993108,73.672256,0.000000
50520,0.016871,0.451025,-0.041198,-0.052111,0.000156,0.104800,-0.993127,73.555870,0.000000
50523,0.016852,0.451029,-0.041207,-0.051962,0.000131,0.104617,-0.993154,73.443260,0.000000
50527,0.016821,0.451029,-0.041216,-0.052041,0.000265,0.104509,-0.993161,73.317947,0.000000
50530,0.016803,0.451029,-0.041223,-0.051900,0.000195,0.104322,-0.993189,73.176498,0.000000
50534,0.016779,0.451034,-0.041229,-0.051823,0.000150,0.104194,-0.993206,73.011360,-0.000343
50537,0.016754,0.451034,-0.041239,-0.051713,0.000183,0.103984,-0.993234,72.884331,0.000000
50541,0.016730,0.451026,-0.041253,-0.051794,0.000139,0.103704,-0.993259,72.725372,-0.000343
50544,0.016704,0.451030,-0.041268,-0.051615,0.000082,0.103475,-0.993292,72.566414,-0.000343
50548,0.016671,0.451035,-0.041292,-0.051513,0.000113,0.103352,-0.993310,72.413979,-0.000343
50552,0.016638,0.451045,-0.041311,-0.051239,-0.000017,0.103168,-0.993343,72.281799,0.000000
50555,0.016619,0.451051,-0.041329,-0.051173,-0.000013,0.103100,-0.993354,72.153740,0.000000
50559,0.016579,0.451051,-0.041349,-0.051140,0.000010,0.102850,-0.993381,72.047310,0.000000
50562,0.016559,0.451054,-0.041356,-0.051120,0.000044,0.102803,-0.993387,71.909981,0.000000
50566,0.016531,0.451057,-0.041367,-0.050878,-0.000080,0.102579,-0.993423,71.783295,-0.000343
50569,0.016511,0.451059,-0.041371,-0.050906,-0.000059,0.102522,-0.993427,71.625710,0.000000
50573,0.016479,0.451056,-0.041386,-0.050869,0.000011,0.102178,-0.993465,71.470528,0.000000
50577,0.016454,0.451060,-0.041394,-0.050744,-0.000049,0.101999,-0.993490,71.325645,0.000000
50580,0.016429,0.451062,-0.041408,-0.050656,-0.000075,0.101904,-0.993504,71.157417,-0.000343
50583,0.016407,0.451063,-0.041420,-0.050670,-0.000012,0.101777,-0.993516,71.027641,0.000000
50587,0.016379,0.451067,-0.041439,-0.050534,-0.000099,0.101546,-0.993547,70.888939,0.000000
50591,0.016350,0.451070,-0.041459,-0.050473,-0.000027,0.101430,-0.993562,70.740280,0.000000
50594,0.016325,0.451077,-0.041467,-0.050301,-0.000075,0.101331,-0.993580,70.626297,0.000000
50598,0.016302,0.451084,-0.041479,-0.050225,-0.000132,0.101247,-0.993593,70.492744,-0.000343
50601,0.016279,0.451084,-0.041487,-0.050086,-0.000176,0.101048,-0.993620,70.378418,0.000000
50605,0.016252,0.451086,-0.041500,-0.050157,-0.000066,0.100948,-0.993627,70.246239,0.000000
50608,0.016230,0.451085,-0.041508,-0.050029,-0.000100,0.100734,-0.993655,70.106163,0.000000
50612,0.016210,0.451090,-0.041517,-0.049925,-0.000143,0.100622,-0.993671,69.935875,0.000000
50615,0.016183,0.451090,-0.041527,-0.049810,-0.000110,0.100362,-0.993703,69.780006,0.000000
50619,0.016149,0.451091,-0.041542,-0.049738,-0.000098,0.100206,-0.993723,69.616928,0.000000
50623,0.016110,0.451096,-0.041559,-0.049538,-0.000102,0.099934,-0.993760,69.464149,0.000000
50626,0.016083,0.451095,-0.041572,-0.049513,-0.000034,0.099779,-0.993777,69.339867,0.000000
50630,0.016055,0.451100,-0.041592,-0.049363,-0.000110,0.099552,-0.993807,69.208717,0.000000
50633,0.016035,0.451100,-0.041610,-0.049270,-0.000073,0.099473,-0.993820,69.108467,0.000000
50637,0.016010,0.451104,-0.041630,-0.049207,-0.000001,0.099249,-0.993845,68.988304,0.000000
50640,0.015990,0.451105,-0.041642,-0.049202,0.000071,0.099158,-0.993855,68.839989,0.000000
50644,0.015965,0.451108,-0.041656,-0.048936,-0.000052,0.098909,-0.993893,68.699913,0.000000
50648,0.015927,0.451108,-0.041668,-0.048946,0.000015,0.098742,-0.993909,68.564644,0.000000
50651,0.015903,0.451109,-0.041675,-0.048874,0.000006,0.098519,-0.993934,68.399506,0.000000
50654,0.015880,0.451111,-0.041682,-0.048792,0.000003,0.098407,-0.993949,68.222008,0.000000
50658,0.015847,0.451113,-0.041694,-0.048663,0.000000,0.098106,-0.993986,68.069916,0.000000
50662,0.015830,0.451108,-0.041706,-0.048661,-0.000130,0.097782,-0.994018,67.935677,0.000000
50665,0.015810,0.451112,-0.041714,-0.048512,-0.000217,0.097604,-0.994042,67.826500,0.000000
50669,0.015784,0.451112,-0.041731,-0.048535,-0.000149,0.097493,-0.994052,67.703590,0.000000
50672,0.015751,0.451115,-0.041750,-0.048494,0.000031,0.097317,-0.994071,67.579994,0.000000
50676,0.015727,0.451118,-0.041765,-0.048405,-0.000062,0.097198,-0.994087,67.424126,0.000000
50679,0.015700,0.451119,-0.041784,-0.048268,-0.000070,0.096972,-0.994116,67.279243,0.000000
50683,0.015666,0.451114,-0.041809,-0.048383,0.000095,0.096701,-0.994137,67.120972,0.000000
50686,0.015647,0.451118,-0.041825,-0.048239,0.000028,0.096506,-0.994163,66.967506,0.000000
50690,0.015623,0.451120,-0.041843,-0.048133,0.000057,0.096352,-0.994183,66.836357,0.000000
50693,0.015603,0.451122,-0.041855,-0.048076,0.000063,0.096147,-0.994205,66.690445,0.000000
50697,0.015580,0.451123,-0.041867,-0.047994,0.000062,0.096016,-0.994222,66.558609,0.000000
50701,0.015554,0.451123,-0.041875,-0.047879,0.000022,0.095792,-0.994249,66.387291,0.000000
50704,0.015534,0.451124,-0.041880,-0.047914,0.000064,0.095765,-0.994250,66.320343,0.000000
50708,0.015512,0.451126,-0.041887,-0.047750,-0.000023,0.095521,-0.994282,66.190567,0.000000
50711,0.015493,0.451128,-0.041892,-0.047717,-0.000011,0.095457,-0.994289,66.058388,0.000000
50715,0.015456,0.451127,-0.041905,-0.047614,0.000012,0.095214,-0.994317,65.895653,0.000000
50718,0.015430,0.451130,-0.041914,-0.047630,0.000012,0.095161,-0.994322,65.734291,0.000000
50722,0.015393,0.451134,-0.041932,-0.047324,-0.000102,0.094887,-0.994363,65.576706,0.000000
50725,0.015360,0.451133,-0.041946,-0.047287,-0.000053,0.094785,-0.994374,65.423241,0.000000
50729,0.015321,0.451140,-0.041967,-0.047071,-0.000079,0.094626,-0.994400,65.273209,0.000000
50733,0.015292,0.451143,-0.041986,-0.046978,-0.000074,0.094510,-0.994415,65.164375,0.000000
50736,0.015265,0.451142,-0.042001,-0.046910,-0.000061,0.094320,-0.994436,65.044899,0.000000
50740,0.015243,0.451147,-0.042017,-0.046825,-0.000092,0.094199,-0.994452,64.911346,0.000000
50743,0.015233,0.451150,-0.042032,-0.046719,-0.000111,0.094049,-0.994471,64.797363,0.000000
50747,0.015214,0.451151,-0.042049,-0.046762,-0.000004,0.093959,-0.994477,64.657974,0.000000
50750,0.015196,0.451152,-0.042063,-0.046633,-0.000012,0.093779,-0.994500,64.511719,0.000000
50754,0.015165,0.451156,-0.042072,-0.046538,-0.000060,0.093614,-0.994520,64.334908,0.000000
50757,0.015127,0.451155,-0.042083,-0.046405,-0.000073,0.093357,-0.994551,64.178696,0.000343
50761,0.015076,0.451157,-0.042096,-0.046404,0.000052,0.093163,-0.994569,64.036903,0.000000
50764,0.015046,0.451160,-0.042107,-0.046258,0.000014,0.092916,-0.994599,63.905411,0.000000
50768,0.015015,0.451164,-0.042127,-0.046162,0.000086,0.092790,-0.994615,63.763275,0.000000
50772,0.014984,0.451167,-0.042142,-0.046025,0.000027,0.092569,-0.994642,63.652725,0.000000
50775,0.014965,0.451171,-0.042152,-0.046005,0.000034,0.092506,-0.994649,63.519173,0.000000
50779,0.014927,0.451170,-0.042163,-0.045898,0.000063,0.092234,-0.994679,63.400726,0.000000
50782,0.014900,0.451170,-0.042174,-0.045872,0.000129,0.092126,-0.994690,63.250694,0.000000
50786,0.014876,0.451173,-0.042191,-0.045672,0.000028,0.091831,-0.994727,63.082466,0.000000
50790,0.014854,0.451179,-0.042207,-0.045708,0.000076,0.091715,-0.994736,62.942390,0.000000
50793,0.014833,0.451182,-0.042223,-0.045630,0.000085,0.091516,-0.994758,62.773476,0.000343
50796,0.014826,0.451179,-0.042229,-0.045540,-0.000159,0.091298,-0.994782,62.645416,0.000000
50800,0.014786,0.451181,-0.042247,-0.045284,-0.000252,0.091005,-0.994820,62.513580,0.000000
50803,0.014751,0.451183,-0.042262,-0.045267,-0.000193,0.090902,-0.994830,62.391014,0.000000
50807,0.014717,0.451187,-0.042280,-0.045151,-0.000233,0.090618,-0.994862,62.255745,0.000000
50811,0.014687,0.451190,-0.042298,-0.045033,-0.000230,0.090519,-0.994876,62.126999,0.000000
50814,0.014666,0.451192,-0.042311,-0.044952,-0.000221,0.090325,-0.994897,62.004433,0.000000
50818,0.014631,0.451188,-0.042334,-0.045008,-0.000013,0.090136,-0.994912,61.842041,0.000343
50821,0.014602,0.451188,-0.042344,-0.044851,-0.000026,0.089870,-0.994943,61.711578,0.000000
50825,0.014568,0.451186,-0.042351,-0.044904,0.000058,0.089731,-0.994953,61.550903,0.000000
50829,0.014546,0.451189,-0.042359,-0.044727,-0.000020,0.089500,-0.994982,61.375122,0.000000
50832,0.014530,0.451193,-0.042369,-0.044661,-0.000005,0.089388,-0.994995,61.227150,0.000000
50836,0.014506,0.451192,-0.042384,-0.044581,0.000053,0.089138,-0.995021,61.098404,0.000000
50839,0.014492,0.451193,-0.042391,-0.044528,0.000060,0.089045,-0.995032,60.973091,0.000000
50843,0.014469,0.451198,-0.042404,-0.044325,-0.000027,0.088839,-0.995059,60.861168,0.000343
50846,0.014448,0.451198,-0.042417,-0.044378,0.000065,0.088753,-0.995065,60.743065,0.000000
50850,0.014425,0.451201,-0.042436,-0.044187,-0.000041,0.088559,-0.995090,60.606079,0.000000
50853,0.014408,0.451202,-0.042450,-0.044163,-0.000018,0.088476,-0.995099,60.454330,0.000343
50857,0.014370,0.451201,-0.042475,-0.044024,0.000024,0.088209,-0.995129,60.306015,0.000000
50861,0.014342,0.451204,-0.042488,-0.043849,-0.000075,0.088027,-0.995153,60.150833,0.000343
50864,0.014325,0.451210,-0.042503,-0.043748,-0.000109,0.087866,-0.995171,59.995651,0.000000
50867,0.014310,0.451212,-0.042516,-0.043741,-0.000056,0.087817,-0.995176,59.849739,0.000343
50870,0.014290,0.451218,-0.042530,-0.043627,0.000050,0.087809,-0.995182,59.696274,0.000343
50870,0.014290,0.451218,-0.042530,-0.043627,0.000050,0.087809,-0.995182,59.575768,0.000000
50870,0.014290,0.451218,-0.042530,-0.043627,0.000050,0.087809,-0.995182,59.429512,0.000000
50870,0.014290,0.451218,-0.042530,-0.043627,0.000050,0.087809,-0.995182,59.306602,0.000000
50870,0.014290,0.451218,-0.042530,-0.043627,0.000050,0.087809,-0.995182,59.210472,0.000343
50870,0.014290,0.451218,-0.042530,-0.043627,0.000050,0.087809,-0.995182,59.066963,0.000000
50870,0.014290,0.451218,-0.042530,-0.043627,0.000050,0.087809,-0.995182,58.937187,0.000000
50870,0.014290,0.451218,-0.042530,-0.043627,0.000050,0.087809,-0.995182,58.766212,0.000000
50870,0.014290,0.451218,-0.042530,-0.043627,0.000050,0.087809,-0.995182,58.594551,0.000343
50870,0.014290,0.451218,-0.042530,-0.043627,0.000050,0.087809,-0.995182,58.452415,0.000343
50870,0.014290,0.451218,-0.042530,-0.043627,0.000050,0.087809,-0.995182,58.304787,0.000343
50870,0.014290,0.451218,-0.042530,-0.043627,0.000050,0.087809,-0.995182,58.176384,0.000000
50870,0.014290,0.451218,-0.042530,-0.043627,0.000050,0.087809,-0.995182,58.045921,0.000343
50870,0.014290,0.451218,-0.042530,-0.043627,0.000050,0.087809,-0.995182,57.934685,0.000000
50870,0.014290,0.451218,-0.042530,-0.043627,0.000050,0.087809,-0.995182,57.815895,0.000343
50870,0.014290,0.451218,-0.042530,-0.043627,0.000050,0.087809,-0.995182,57.674446,0.000343
50870,0.014290,0.451218,-0.042530,-0.043627,0.000050,0.087809,-0.995182,57.543297,0.000343
50870,0.014290,0.451218,-0.042530,-0.043627,0.000050,0.087809,-0.995182,57.373352,0.000343
50870,0.014290,0.451218,-0.042530,-0.043627,0.000050,0.087809,-0.995182,57.234306,0.000343
50870,0.014290,0.451218,-0.042530,-0.043627,0.000050,0.087809,-0.995182,57.081184,0.000000
50870,0.014290,0.451218,-0.042530,-0.043627,0.000050,0.087809,-0.995182,56.908836,0.000343
50870,0.014290,0.451218,-0.042530,-0.043627,0.000050,0.087809,-0.995182,56.779404,0.000343
50870,0.014290,0.451218,-0.042530,-0.043627,0.000050,0.087809,-0.995182,56.642418,0.000343
50870,0.014290,0.451218,-0.042530,-0.043627,0.000050,0.087809,-0.995182,56.526718,0.000343
50870,0.014290,0.451218,-0.042530,-0.043627,0.000050,0.087809,-0.995182,56.412392,0.000343
50870,0.014290,0.451218,-0.042530,-0.043627,0.000050,0.087809,-0.995182,56.279526,0.000343
50870,0.014290,0.451218,-0.042530,-0.043627,0.000050,0.087809,-0.995182,56.150093,0.000343
50870,0.014290,0.451218,-0.042530,-0.043627,0.000050,0.087809,-0.995182,55.987701,0.000000
50870,0.014290,0.451218,-0.042530,-0.043627,0.000050,0.087809,-0.995182,55.843849,0.000000
50870,0.014290,0.451218,-0.042530,-0.043627,0.000050,0.087809,-0.995182,55.660172,0.000000
50978,0.013461,0.451243,-0.042947,-0.041084,-0.000039,0.082305,-0.995760,55.529366,0.000000
50981,0.013441,0.451244,-0.042956,-0.041045,-0.000039,0.082213,-0.995769,55.388260,0.000343
50985,0.013421,0.451245,-0.042953,-0.040836,-0.000157,0.082017,-0.995794,55.251961,0.000000
50988,0.013404,0.451244,-0.042947,-0.040866,-0.000121,0.081928,-0.995800,55.130768,0.000343
50992,0.013385,0.451240,-0.042942,-0.040791,-0.000116,0.081682,-0.995823,55.013008,0.000343
50995,0.013374,0.451241,-0.042944,-0.040751,-0.000152,0.081644,-0.995828,54.902458,0.000343
50999,0.013348,0.451240,-0.042958,-0.040620,-0.000106,0.081377,-0.995855,54.750023,0.000343
51002,0.013328,0.451243,-0.042976,-0.040613,-0.000066,0.081289,-0.995863,54.591408,0.000000
51006,0.013288,0.451249,-0.043007,-0.040347,-0.000185,0.080964,-0.995900,54.441719,0.000343
51009,0.013249,0.451251,-0.043032,-0.040311,-0.000137,0.080840,-0.995912,54.283104,0.000343
51013,0.013192,0.451255,-0.043070,-0.040201,-0.000064,0.080491,-0.995944,54.115219,0.000343
51017,0.013156,0.451261,-0.043093,-0.039971,-0.000174,0.080356,-0.995964,53.996429,0.000343
51020,0.013132,0.451264,-0.043112,-0.039851,-0.000199,0.080209,-0.995981,53.855324,0.000000
51024,0.013105,0.451261,-0.043125,-0.039860,-0.000098,0.080095,-0.995990,53.754730,0.000000
51027,0.013090,0.451262,-0.043126,-0.039742,-0.000164,0.079936,-0.996008,53.642464,0.000000
51031,0.013066,0.451259,-0.043120,-0.039724,-0.000105,0.079835,-0.996016,53.502388,0.000343
51034,0.013045,0.451255,-0.043118,-0.039703,-0.000096,0.079640,-0.996033,53.369522,0.000000
51038,0.013024,0.451255,-0.043120,-0.039625,-0.000118,0.079515,-0.996046,53.217773,0.000343
51042,0.012997,0.451256,-0.043138,-0.039516,-0.000100,0.079275,-0.996069,53.032722,0.000000
51045,0.012977,0.451259,-0.043155,-0.039475,-0.000071,0.079183,-0.996078,52.876167,0.000000
51049,0.012942,0.451260,-0.043180,-0.039275,-0.000168,0.078934,-0.996106,52.736778,0.000000
51052,0.012909,0.451260,-0.043200,-0.039248,-0.000153,0.078794,-0.996118,52.587090,0.000343
51056,0.012857,0.451260,-0.043228,-0.039105,-0.000153,0.078538,-0.996144,52.478600,0.000343
51059,0.012831,0.451261,-0.043240,-0.039071,-0.000206,0.078447,-0.996152,52.367020,0.000000
51063,0.012790,0.451269,-0.043268,-0.038979,0.000107,0.078333,-0.996165,52.252007,0.000343
51066,0.012777,0.451268,-0.043277,-0.038972,0.000112,0.078317,-0.996167,52.120857,0.000343
51070,0.012757,0.451271,-0.043288,-0.038849,0.000057,0.078066,-0.996191,51.957436,0.000343
51074,0.012747,0.451266,-0.043286,-0.038731,-0.000259,0.077740,-0.996221,51.804657,0.000000
51077,0.012723,0.451266,-0.043293,-0.038679,-0.000252,0.077551,-0.996238,51.669388,0.000000
51080,0.012699,0.451266,-0.043300,-0.038652,-0.000222,0.077442,-0.996247,51.490860,0.000343
51084,0.012673,0.451271,-0.043316,-0.038369,-0.000355,0.077147,-0.996281,51.352501,0.000000
51088,0.012639,0.451270,-0.043336,-0.038375,-0.000252,0.076972,-0.996295,51.202126,0.000343
51091,0.012620,0.451272,-0.043351,-0.038233,-0.000296,0.076805,-0.996313,51.084366,0.000343
51095,0.012595,0.451276,-0.043364,-0.038159,-0.000322,0.076642,-0.996328,50.981026,0.000343
51098,0.012569,0.451278,-0.043375,-0.038058,-0.000341,0.076497,-0.996343,50.846100,0.000000
51102,0.012536,0.451277,-0.043391,-0.038102,-0.000268,0.076396,-0.996349,50.707741,0.000343
51105,0.012507,0.451275,-0.043408,-0.038035,-0.000167,0.076155,-0.996370,50.558739,0.000343
51109,0.012476,0.451275,-0.043426,-0.038005,-0.000115,0.076000,-0.996383,50.428619,0.000343
51112,0.012452,0.451276,-0.043437,-0.037905,-0.000091,0.075773,-0.996404,50.257301,0.000000
51116,0.012428,0.451276,-0.043449,-0.037835,-0.000136,0.075616,-0.996419,50.102806,0.000000
51120,0.012392,0.451277,-0.043469,-0.037740,-0.000087,0.075358,-0.996442,49.953117,0.000000
51123,0.012372,0.451277,-0.043480,-0.037751,-0.000038,0.075232,-0.996451,49.825401,0.000343
51127,0.012357,0.451281,-0.043495,-0.037516,-0.000128,0.074997,-0.996478,49.707642,0.000343
51130,0.012342,0.451282,-0.043504,-0.037488,-0.000094,0.074952,-0.996482,49.567223,0.000343
51134,0.012316,0.451283,-0.043517,-0.037398,-0.000057,0.074695,-0.996505,49.445686,0.000000
51137,0.012297,0.451283,-0.043520,-0.037389,-0.000043,0.074636,-0.996510,49.332390,0.000000
51141,0.012267,0.451283,-0.043527,-0.037231,-0.000077,0.074379,-0.996535,49.200554,0.000343
51144,0.012242,0.451284,-0.043531,-0.037272,-0.000037,0.074301,-0.996539,49.034729,0.000000
51148,0.012214,0.451283,-0.043539,-0.037131,-0.000120,0.074025,-0.996565,48.873711,0.000343
51152,0.012178,0.451284,-0.043559,-0.037020,-0.000038,0.073847,-0.996582,48.726082,0.000343
51155,0.012151,0.451283,-0.043576,-0.036944,-0.000037,0.073659,-0.996599,48.577080,0.000343
51159,0.012123,0.451288,-0.043596,-0.036769,-0.000120,0.073532,-0.996615,48.418808,0.000000
51162,0.012096,0.451289,-0.043616,-0.036623,-0.000145,0.073318,-0.996636,48.286629,0.000000
51166,0.012064,0.451287,-0.043641,-0.036655,-0.000037,0.073180,-0.996645,48.163719,0.000000
51169,0.012046,0.451289,-0.043659,-0.036513,-0.000095,0.073001,-0.996663,48.053856,0.000343
51173,0.012025,0.451289,-0.043675,-0.036416,-0.000098,0.072899,-0.996674,47.925453,0.000343
51176,0.012003,0.451287,-0.043683,-0.036317,-0.000115,0.072713,-0.996691,47.810440,0.000343
51180,0.011971,0.451286,-0.043688,-0.036303,-0.000075,0.072624,-0.996699,47.673111,0.000343
51183,0.011943,0.451284,-0.043689,-0.036148,-0.000171,0.072410,-0.996720,47.497330,0.000343
51187,0.011898,0.451281,-0.043696,-0.036140,-0.000119,0.072279,-0.996729,47.336311,0.000343
51191,0.011864,0.451277,-0.043708,-0.035967,-0.000195,0.072001,-0.996756,47.175293,0.000343
51194,0.011840,0.451279,-0.043720,-0.035885,-0.000231,0.071894,-0.996767,47.038307,0.000000
51198,0.011804,0.451278,-0.043747,-0.035766,-0.000217,0.071620,-0.996791,46.885185,0.000000
51201,0.011784,0.451279,-0.043766,-0.035718,-0.000169,0.071483,-0.996802,46.774979,0.000343
51205,0.011759,0.451283,-0.043790,-0.035468,-0.000294,0.071270,-0.996826,46.666832,0.000343
51208,0.011738,0.451281,-0.043807,-0.035475,-0.000272,0.071206,-0.996831,46.544952,0.000000
51212,0.011711,0.451281,-0.043825,-0.035328,-0.000276,0.070960,-0.996853,46.432343,0.000000
51215,0.011692,0.451282,-0.043834,-0.035290,-0.000288,0.070898,-0.996859,46.272354,0.000000
51219,0.011662,0.451282,-0.043847,-0.035154,-0.000347,0.070612,-0.996884,46.130905,0.000000
51222,0.011639,0.451282,-0.043854,-0.035184,-0.000275,0.070507,-0.996891,45.971260,0.000000
51226,0.011609,0.451285,-0.043862,-0.034957,-0.000370,0.070215,-0.996919,45.800972,0.000000
51230,0.011578,0.451286,-0.043871,-0.034918,-0.000302,0.070001,-0.996936,45.643387,0.000343
51233,0.011553,0.451285,-0.043880,-0.034840,-0.000324,0.069825,-0.996951,45.516014,0.000000
51237,0.011535,0.451289,-0.043891,-0.034740,-0.000373,0.069676,-0.996965,45.374565,0.000000
51240,0.011518,0.451290,-0.043906,-0.034611,-0.000366,0.069503,-0.996981,45.254059,0.000343
51244,0.011487,0.451288,-0.043927,-0.034595,-0.000271,0.069339,-0.996993,45.143852,0.000000
51247,0.011467,0.451288,-0.043941,-0.034458,-0.000325,0.069127,-0.997012,45.031929,0.000000
51251,0.011432,0.451291,-0.043959,-0.034359,-0.000302,0.069003,-0.997025,44.876404,0.000000
51255,0.011393,0.451292,-0.043979,-0.034213,-0.000308,0.068736,-0.997048,44.718132,0.000343
51258,0.011355,0.451290,-0.043998,-0.034223,-0.000136,0.068522,-0.997063,44.571877,0.000000
51262,0.011310,0.451288,-0.044017,-0.034112,-0.000094,0.068211,-0.997088,44.394722,0.000000
51265,0.011282,0.451288,-0.044029,-0.034047,-0.000053,0.068055,-0.997100,44.248466,0.000343
51269,0.011253,0.451290,-0.044044,-0.033879,-0.000104,0.067768,-0.997126,44.116287,0.000343
51272,0.011238,0.451290,-0.044052,-0.033825,-0.000103,0.067723,-0.997131,44.010887,0.000343
51276,0.011208,0.451286,-0.044073,-0.033737,-0.000044,0.067436,-0.997153,43.898964,0.000343
51279,0.011195,0.451287,-0.044083,-0.033710,-0.000036,0.067374,-0.997158,43.777428,0.000343
51283,0.011177,0.451293,-0.044096,-0.033449,-0.000141,0.067185,-0.997180,43.651428,0.000343
51286,0.011156,0.451292,-0.044106,-0.033443,-0.000107,0.067138,-0.997183,43.491096,0.000000
51290,0.011121,0.451289,-0.044117,-0.033282,-0.000171,0.066843,-0.997208,43.331451,0.000000
51294,0.011079,0.451290,-0.044130,-0.033216,-0.000142,0.066636,-0.997224,43.179703,0.000000
51297,0.011049,0.451289,-0.044140,-0.033125,-0.000129,0.066416,-0.997242,43.003235,0.000343
51301,0.011016,0.451289,-0.044153,-0.033030,-0.000164,0.066232,-0.997257,42.852173,0.000343
51304,0.010993,0.451289,-0.044164,-0.032872,-0.000195,0.066039,-0.997275,42.723427,0.000000
51308,0.010966,0.451288,-0.044180,-0.032904,-0.000112,0.065925,-0.997282,42.583008,0.000343
51311,0.010950,0.451287,-0.044195,-0.032776,-0.000159,0.065749,-0.997298,42.481041,0.000343
51314,0.010935,0.451287,-0.044210,-0.032735,-0.000154,0.065662,-0.997305,42.389030,0.000343
51318,0.010914,0.451288,-0.044230,-0.032605,-0.000214,0.065471,-0.997322,42.248955,0.000000
51322,0.010887,0.451288,-0.044253,-0.032589,-0.000172,0.065385,-0.997328,42.105103,0.000343
51325,0.010864,0.451291,-0.044269,-0.032449,-0.000224,0.065164,-0.997347,41.946831,0.000000
51329,0.010826,0.451295,-0.044283,-0.032305,-0.000254,0.065098,-0.997356,41.801949,0.000000
51332,0.010791,0.451296,-0.044293,-0.032161,-0.000235,0.064815,-0.997379,41.641960,0.000000
51336,0.010756,0.451296,-0.044298,-0.032038,-0.000329,0.064661,-0.997393,41.474075,0.000000
51340,0.010713,0.451288,-0.044311,-0.032098,-0.000238,0.064353,-0.997411,41.348419,0.000000
51343,0.010691,0.451288,-0.044314,-0.032111,-0.000206,0.064288,-0.997415,41.217613,0.000000
51347,0.010672,0.451292,-0.044319,-0.031895,-0.000319,0.064105,-0.997433,41.112213,0.000000
51350,0.010658,0.451291,-0.044328,-0.031916,-0.000269,0.064041,-0.997437,40.999947,0.000000
51354,0.010634,0.451287,-0.044346,-0.031831,-0.000228,0.063808,-0.997454,40.870857,0.000000
51357,0.010619,0.451289,-0.044360,-0.031806,-0.000231,0.063745,-0.997459,40.735245,0.000000
51361,0.010593,0.451290,-0.044383,-0.031565,-0.000329,0.063508,-0.997482,40.557404,0.000000
51365,0.010561,0.451292,-0.044408,-0.031538,-0.000283,0.063294,-0.997497,40.390205,0.000000
51368,0.010538,0.451293,-0.044425,-0.031381,-0.000358,0.063107,-0.997513,40.246010,0.000343
51372,0.010506,0.451293,-0.044440,-0.031332,-0.000327,0.062954,-0.997524,40.097694,0.000000
51375,0.010480,0.451292,-0.044449,-0.031231,-0.000326,0.062756,-0.997540,39.958649,0.000000
51379,0.010455,0.451293,-0.044450,-0.031159,-0.000374,0.062651,-0.997549,39.856339,0.000000
51382,0.010438,0.451293,-0.044455,-0.031035,-0.000382,0.062449,-0.997565,39.731026,0.000343
51386,0.010410,0.451288,-0.044460,-0.031157,-0.000303,0.062388,-0.997566,39.621162,0.000000
51390,0.010391,0.451290,-0.044467,-0.030975,-0.000331,0.062187,-0.997584,39.483833,0.000000
51393,0.010369,0.451290,-0.044479,-0.030913,-0.000351,0.062042,-0.997595,39.337921,0.000000
51396,0.010340,0.451288,-0.044498,-0.030803,-0.000360,0.061856,-0.997610,39.167633,0.000000
51400,0.010303,0.451290,-0.044520,-0.030746,-0.000312,0.061656,-0.997624,39.004898,0.000343
51404,0.010255,0.451288,-0.044552,-0.030659,-0.000187,0.061357,-0.997645,38.861732,0.000343
51407,0.010226,0.451290,-0.044570,-0.030665,-0.000148,0.061236,-0.997652,38.721313,0.000000
51411,0.010196,0.451290,-0.044589,-0.030488,-0.000215,0.060965,-0.997674,38.582611,0.000000
51414,0.010179,0.451291,-0.044600,-0.030456,-0.000158,0.060888,-0.997680,38.462791,0.000000
51418,0.010151,0.451285,-0.044611,-0.030396,-0.000096,0.060646,-0.997696,38.343315,0.000000
51421,0.010134,0.451285,-0.044617,-0.030399,-0.000037,0.060567,-0.997701,38.219376,0.000000
51425,0.010114,0.451286,-0.044621,-0.030157,-0.000160,0.060354,-0.997721,38.058014,0.000000
51428,0.010092,0.451283,-0.044630,-0.030150,-0.000102,0.060263,-0.997727,37.938881,0.000000
51432,0.010057,0.451281,-0.044642,-0.030050,-0.000068,0.059971,-0.997748,37.779922,0.000000
51436,0.010026,0.451282,-0.044655,-0.029936,-0.000134,0.059774,-0.997763,37.626457,0.000000
51439,0.009993,0.451278,-0.044671,-0.029826,-0.000086,0.059577,-0.997778,37.491531,0.000000
51443,0.009958,0.451277,-0.044691,-0.029817,-0.000066,0.059385,-0.997790,37.350426,0.000000
51446,0.009932,0.451278,-0.044705,-0.029652,-0.000131,0.059202,-0.997806,37.212753,0.000000
51450,0.009903,0.451278,-0.044725,-0.029585,-0.000088,0.059106,-0.997813,37.074394,0.000000
51453,0.009885,0.451279,-0.044740,-0.029478,-0.000093,0.058895,-0.997829,36.953888,0.000000
51457,0.009867,0.451279,-0.044752,-0.029406,-0.000155,0.058817,-0.997836,36.822739,0.000000
51460,0.009852,0.451280,-0.044763,-0.029239,-0.000220,0.058629,-0.997852,36.690216,0.000000
51464,0.009827,0.451276,-0.044773,-0.029307,-0.000098,0.058499,-0.997857,36.565590,0.000000
51467,0.009811,0.451277,-0.044781,-0.029156,-0.000174,0.058302,-0.997873,36.409721,0.000000
51471,0.009781,0.451275,-0.044792,-0.029047,-0.000164,0.058142,-0.997886,36.265526,0.000000
51475,0.009743,0.451276,-0.044809,-0.028951,-0.000183,0.057909,-0.997902,36.112061,0.000000
51478,0.009716,0.451278,-0.044822,-0.028900,-0.000197,0.057760,-0.997912,35.947266,0.000000
51482,0.009675,0.451277,-0.044841,-0.028735,-0.000245,0.057501,-0.997932,35.805817,0.000000
51485,0.009639,0.451275,-0.044856,-0.028692,-0.000222,0.057387,-0.997940,35.683594,0.000000
51489,0.009602,0.451276,-0.044873,-0.028466,-0.000330,0.057102,-0.997962,35.541115,0.000000
51492,0.009579,0.451276,-0.044885,-0.028422,-0.000319,0.057012,-0.997969,35.438461,0.000000
51496,0.009545,0.451273,-0.044902,-0.028361,-0.000269,0.056783,-0.997984,35.305595,0.000000
51499,0.009532,0.451274,-0.044910,-0.028380,-0.000245,0.056715,-0.997987,35.189896,0.000000
51503,0.009511,0.451276,-0.044923,-0.028118,-0.000355,0.056501,-0.998006,35.034027,0.000000
51506,0.009490,0.451275,-0.044933,-0.028106,-0.000314,0.056438,-0.998010,34.898415,0.000000
51510,0.009463,0.451274,-0.044948,-0.027990,-0.000318,0.056125,-0.998031,34.742203,0.000000
51514,0.009431,0.451272,-0.044963,-0.027927,-0.000328,0.055959,-0.998042,34.587708,0.000000
51517,0.009404,0.451272,-0.044978,-0.027813,-0.000321,0.055742,-0.998058,34.416733,0.000000
51521,0.009369,0.451272,-0.044995,-0.027740,-0.000276,0.055577,-0.998069,34.280434,0.000000
51525,0.009337,0.451272,-0.045006,-0.027636,-0.000283,0.055451,-0.998079,34.173660,0.000000
51528,0.009315,0.451270,-0.045015,-0.027590,-0.000288,0.055294,-0.998089,34.055557,0.000000
51531,0.009294,0.451268,-0.045023,-0.027494,-0.000276,0.055113,-0.998101,33.925438,0.000000
51535,0.009273,0.451271,-0.045031,-0.027418,-0.000322,0.055034,-0.998108,33.800812,0.000000
51539,0.009244,0.451266,-0.045046,-0.027356,-0.000266,0.054795,-0.998123,33.654213,0.000000
51542,0.009225,0.451265,-0.045061,-0.027298,-0.000265,0.054691,-0.998130,33.491478,0.000343
51546,0.009196,0.451263,-0.045081,-0.027176,-0.000184,0.054450,-0.998147,33.352776,0.000000
51549,0.009171,0.451262,-0.045096,-0.027115,-0.000145,0.054286,-0.998157,33.191071,0.000000
51553,0.009135,0.451259,-0.045119,-0.026989,-0.000135,0.054011,-0.998176,33.032112,0.000000
51556,0.009112,0.451261,-0.045130,-0.026941,-0.000136,0.053903,-0.998183,32.902679,0.000000
51560,0.009074,0.451258,-0.045148,-0.026789,-0.000123,0.053619,-0.998202,32.781487,0.000000
51563,0.009050,0.451257,-0.045160,-0.026821,-0.000083,0.053528,-0.998206,32.673340,-0.000343
51567,0.009021,0.451260,-0.045174,-0.026590,-0.000159,0.053259,-0.998227,32.537041,0.000000
51570,0.008995,0.451265,-0.045179,-0.026462,-0.000204,0.053318,-0.998227,32.404175,0.000000
51574,0.008959,0.451265,-0.045196,-0.026392,-0.000166,0.053023,-0.998245,32.265472,0.000000
51577,0.008936,0.451258,-0.045208,-0.026490,-0.000103,0.052821,-0.998253,32.131233,0.000000
51581,0.008906,0.451260,-0.045221,-0.026266,-0.000192,0.052574,-0.998272,31.953392,0.000000
51585,0.008870,0.451265,-0.045234,-0.026144,-0.000199,0.052529,-0.998277,31.799927,0.000000
51588,0.008852,0.451262,-0.045243,-0.025976,-0.000272,0.052314,-0.998293,31.661568,0.000000
51592,0.008828,0.451264,-0.045255,-0.025946,-0.000228,0.052198,-0.998300,31.516685,0.000000
51595,0.008807,0.451260,-0.045267,-0.025895,-0.000227,0.052042,-0.998309,31.391716,0.000000
51599,0.008785,0.451260,-0.045277,-0.025778,-0.000236,0.051936,-0.998318,31.291122,0.000000
51603,0.008758,0.451260,-0.045290,-0.025717,-0.000231,0.051755,-0.998329,31.170273,0.000000
51606,0.008737,0.451257,-0.045302,-0.025714,-0.000192,0.051631,-0.998335,31.042900,0.000000
51609,0.008715,0.451256,-0.045314,-0.025546,-0.000234,0.051414,-0.998351,30.884628,0.000000
51613,0.008688,0.451257,-0.045329,-0.025464,-0.000281,0.051254,-0.998361,30.732193,0.000000
51617,0.008649,0.451254,-0.045348,-0.025397,-0.000214,0.050980,-0.998377,30.588684,0.000000
51620,0.008626,0.451252,-0.045360,-0.025365,-0.000266,0.050897,-0.998382,30.438995,0.000000
51624,0.008598,0.451252,-0.045377,-0.025136,-0.000318,0.050638,-0.998401,30.271797,0.000000
51627,0.008574,0.451250,-0.045389,-0.025131,-0.000256,0.050521,-0.998407,30.135155,0.000000
51631,0.008543,0.451248,-0.045405,-0.024967,-0.000329,0.050287,-0.998423,30.022202,0.000000
51634,0.008522,0.451249,-0.045413,-0.024917,-0.000354,0.050246,-0.998426,29.891396,0.000000
51638,0.008488,0.451246,-0.045428,-0.024852,-0.000299,0.049955,-0.998442,29.771919,0.000000
51642,0.008464,0.451247,-0.045439,-0.024714,-0.000347,0.049825,-0.998452,29.657249,0.000000
51645,0.008442,0.451244,-0.045448,-0.024638,-0.000373,0.049649,-0.998463,29.517174,0.000000
51649,0.008409,0.451241,-0.045464,-0.024624,-0.000302,0.049513,-0.998470,29.370918,0.000000
51652,0.008385,0.451241,-0.045475,-0.024482,-0.000339,0.049337,-0.998482,29.203377,0.000000
51656,0.008361,0.451242,-0.045489,-0.024374,-0.000392,0.049184,-0.998492,29.060555,0.000000
51659,0.008338,0.451241,-0.045503,-0.024255,-0.000382,0.048974,-0.998506,28.915672,0.000000
51663,0.008307,0.451239,-0.045522,-0.024243,-0.000343,0.048835,-0.998513,28.759117,0.000000
51666,0.008287,0.451237,-0.045533,-0.024099,-0.000381,0.048646,-0.998525,28.631058,0.000000
51670,0.008261,0.451238,-0.045547,-0.024096,-0.000357,0.048551,-0.998530,28.521194,0.000000
51673,0.008239,0.451237,-0.045557,-0.024003,-0.000380,0.048374,-0.998541,28.384895,-0.000343
51677,0.008216,0.451237,-0.045565,-0.023933,-0.000432,0.048303,-0.998546,28.268166,0.000000
51680,0.008196,0.451237,-0.045572,-0.023785,-0.000450,0.048070,-0.998561,28.120880,0.000000
51684,0.008161,0.451231,-0.045585,-0.023848,-0.000385,0.047956,-0.998565,27.964325,0.000000
51688,0.008142,0.451232,-0.045594,-0.023632,-0.000450,0.047751,-0.998580,27.832832,0.000000
51691,0.008122,0.451231,-0.045606,-0.023568,-0.000469,0.047606,-0.998588,27.684174,0.000000
51695,0.008091,0.451225,-0.045626,-0.023433,-0.000408,0.047363,-0.998603,27.522812,0.000000
51698,0.008072,0.451225,-0.045640,-0.023400,-0.000391,0.047216,-0.998611,27.398529,0.000000
51702,0.008042,0.451223,-0.045662,-0.023281,-0.000347,0.046980,-0.998624,27.269440,0.000000
51705,0.008020,0.451221,-0.045677,-0.023303,-0.000278,0.046899,-0.998628,27.126961,0.000000
51709,0.007989,0.451218,-0.045693,-0.023121,-0.000309,0.046598,-0.998646,26.998558,0.000000
51713,0.007953,0.451215,-0.045710,-0.023077,-0.000293,0.046423,-0.998655,26.882172,0.000000
51716,0.007923,0.451213,-0.045722,-0.023038,-0.000262,0.046195,-0.998667,26.737633,0.000000
51719,0.007893,0.451211,-0.045733,-0.022995,-0.000197,0.046059,-0.998674,26.610260,0.000000
51723,0.007865,0.451215,-0.045748,-0.022740,-0.000298,0.045799,-0.998692,26.445122,0.000000
51727,0.007830,0.451210,-0.045763,-0.022785,-0.000183,0.045602,-0.998700,26.280670,0.000000
51730,0.007804,0.451208,-0.045778,-0.022637,-0.000218,0.045402,-0.998712,26.145401,0.000000
51734,0.007776,0.451208,-0.045790,-0.022523,-0.000243,0.045215,-0.998723,26.010132,-0.000343
51737,0.007755,0.451207,-0.045802,-0.022445,-0.000224,0.044993,-0.998735,25.886192,0.000000
51741,0.007733,0.451206,-0.045816,-0.022435,-0.000172,0.044882,-0.998740,25.746803,0.000000
51744,0.007716,0.451206,-0.045825,-0.022289,-0.000238,0.044683,-0.998753,25.614624,-0.000343
51748,0.007689,0.451205,-0.045841,-0.022300,-0.000158,0.044617,-0.998755,25.499611,-0.000343
51751,0.007668,0.451204,-0.045850,-0.022195,-0.000172,0.044394,-0.998768,25.371552,-0.000343
51755,0.007642,0.451202,-0.045860,-0.022128,-0.000244,0.044325,-0.998772,25.218086,0.000000
51759,0.007604,0.451197,-0.045874,-0.022045,-0.000179,0.044078,-0.998785,25.085564,0.000000
51762,0.007579,0.451197,-0.045885,-0.022045,-0.000168,0.043941,-0.998791,24.933815,0.000000
51766,0.007545,0.451198,-0.045899,-0.021756,-0.000273,0.043673,-0.998809,24.785156,-0.000343
51769,0.007521,0.451196,-0.045913,-0.021714,-0.000267,0.043551,-0.998815,24.634781,0.000000
51773,0.007484,0.451191,-0.045934,-0.021598,-0.000272,0.043300,-0.998829,24.479599,0.000000
51777,0.007461,0.451194,-0.045954,-0.021425,-0.000361,0.043111,-0.998841,24.349480,0.000000
51780,0.007436,0.451187,-0.045972,-0.021342,-0.000340,0.042966,-0.998849,24.240990,0.000000
51784,0.007412,0.451187,-0.045992,-0.021294,-0.000343,0.042817,-0.998856,24.122200,-0.000343
51787,0.007395,0.451189,-0.046002,-0.021182,-0.000357,0.042691,-0.998864,23.999290,0.000000
51791,0.007365,0.451186,-0.046017,-0.021157,-0.000351,0.042589,-0.998869,23.847885,-0.000343
51794,0.007339,0.451183,-0.046026,-0.021099,-0.000321,0.042399,-0.998878,23.711929,-0.000343
51798,0.007308,0.451184,-0.046033,-0.020968,-0.000379,0.042275,-0.998886,23.577003,-0.000343
51801,0.007279,0.451182,-0.046041,-0.020848,-0.000430,0.042072,-0.998897,23.399162,0.000000
51805,0.007238,0.451177,-0.046053,-0.020883,-0.000296,0.041863,-0.998905,23.248444,0.000000
51808,0.007218,0.451176,-0.046061,-0.020736,-0.000358,0.041679,-0.998916,23.104935,-0.000343
51812,0.007187,0.451175,-0.046077,-0.020650,-0.000366,0.041557,-0.998923,22.982368,0.000000
51815,0.007168,0.451175,-0.046092,-0.020552,-0.000349,0.041360,-0.998933,22.838173,0.000000
51819,0.007144,0.451175,-0.046111,-0.020537,-0.000314,0.041219,-0.998939,22.715263,0.000000
51822,0.007126,0.451177,-0.046125,-0.020357,-0.000375,0.041066,-0.998949,22.597847,0.000000
51826,0.007098,0.451175,-0.046145,-0.020356,-0.000337,0.040959,-0.998953,22.450218,-0.000343
51830,0.007070,0.451176,-0.046159,-0.020162,-0.000375,0.040709,-0.998968,22.320786,0.000000
51833,0.007051,0.451175,-0.046165,-0.020142,-0.000378,0.040631,-0.998971,22.195816,-0.000343
51837,0.007013,0.451172,-0.046175,-0.020090,-0.000316,0.040330,-0.998984,22.045441,0.000000
51840,0.006993,0.451170,-0.046180,-0.020074,-0.000308,0.040230,-0.998989,21.890259,0.000000
51844,0.006967,0.451169,-0.046187,-0.019848,-0.000394,0.039999,-0.999003,21.735077,0.000000
51847,0.006949,0.451166,-0.046193,-0.019821,-0.000337,0.039912,-0.999007,21.604614,0.000000
51851,0.006927,0.451164,-0.046206,-0.019691,-0.000360,0.039692,-0.999018,21.485825,-0.000343
51854,0.006912,0.451162,-0.046218,-0.019661,-0.000383,0.039634,-0.999021,21.358109,0.000000
51858,0.006886,0.451160,-0.046238,-0.019531,-0.000394,0.039411,-0.999032,21.220779,-0.000343
51862,0.006854,0.451157,-0.046262,-0.019554,-0.000242,0.039205,-0.999040,21.089630,0.000000
51865,0.006832,0.451155,-0.046277,-0.019393,-0.000272,0.039022,-0.999050,20.966377,0.000000
51869,0.006795,0.451151,-0.046295,-0.019402,-0.000189,0.038869,-0.999056,20.815659,-0.000343
51872,0.006771,0.451148,-0.046308,-0.019292,-0.000203,0.038687,-0.999065,20.630264,0.000000
51876,0.006740,0.451149,-0.046318,-0.019178,-0.000259,0.038536,-0.999073,20.486755,0.000000
51879,0.006714,0.451148,-0.046327,-0.019041,-0.000265,0.038324,-0.999084,20.325394,-0.000343
51883,0.006679,0.451143,-0.046337,-0.019094,-0.000225,0.038172,-0.999089,20.207977,-0.000343
51886,0.006659,0.451142,-0.046345,-0.018974,-0.000276,0.037958,-0.999099,20.081978,-0.000343
51890,0.006636,0.451140,-0.046355,-0.018914,-0.000246,0.037892,-0.999103,19.967308,-0.000343
51893,0.006617,0.451139,-0.046367,-0.018836,-0.000256,0.037666,-0.999113,19.871178,-0.000343
51897,0.006598,0.451137,-0.046382,-0.018776,-0.000253,0.037613,-0.999116,19.731102,0.000000
51901,0.006572,0.451140,-0.046403,-0.018668,-0.000251,0.037390,-0.999126,19.599266,0.000000
51904,0.006548,0.451136,-0.046419,-0.018617,-0.000225,0.037252,-0.999132,19.439964,-0.000343
51908,0.006516,0.451137,-0.046440,-0.018416,-0.000285,0.036956,-0.999147,19.261780,-0.000343
51912,0.006472,0.451132,-0.046459,-0.018329,-0.000260,0.036703,-0.999158,19.122734,-0.000343
51915,0.006445,0.451130,-0.046470,-0.018319,-0.000250,0.036550,-0.999164,18.961372,0.000000
51919,0.006414,0.451126,-0.046481,-0.018168,-0.000317,0.036349,-0.999174,18.840179,0.000000
51922,0.006397,0.451126,-0.046488,-0.018054,-0.000340,0.036253,-0.999180,18.725166,-0.000343
51925,0.006378,0.451122,-0.046493,-0.018100,-0.000283,0.036171,-0.999182,18.600197,0.000000
51929,0.006359,0.451118,-0.046506,-0.018014,-0.000298,0.035889,-0.999193,18.476601,0.000000
51933,0.006339,0.451118,-0.046522,-0.017962,-0.000284,0.035788,-0.999198,18.356438,0.000000
51936,0.006318,0.451114,-0.046537,-0.017890,-0.000288,0.035614,-0.999205,18.208466,-0.000343
51940,0.006290,0.451117,-0.046556,-0.017771,-0.000304,0.035473,-0.999213,18.045387,-0.000343
51943,0.006264,0.451117,-0.046575,-0.017588,-0.000312,0.035260,-0.999223,17.908401,0.000000
51947,0.006225,0.451112,-0.046594,-0.017602,-0.000237,0.035120,-0.999228,17.739487,0.000000
51950,0.006194,0.451110,-0.046608,-0.017436,-0.000227,0.034847,-0.999241,17.592545,0.000000
51954,0.006164,0.451110,-0.046616,-0.017371,-0.000281,0.034735,-0.999246,17.472382,0.000000
51957,0.006137,0.451107,-0.046625,-0.017234,-0.000268,0.034510,-0.999256,17.354965,-0.000343
51961,0.006108,0.451102,-0.046633,-0.017273,-0.000203,0.034392,-0.999259,17.221413,-0.000343
51965,0.006084,0.451101,-0.046643,-0.017117,-0.000256,0.034209,-0.999268,17.096786,0.000000
51968,0.006064,0.451100,-0.046651,-0.017050,-0.000232,0.034138,-0.999272,16.972504,0.000000
51972,0.006035,0.451096,-0.046670,-0.016917,-0.000228,0.033886,-0.999283,16.814575,-0.000343
51975,0.006016,0.451098,-0.046682,-0.016865,-0.000255,0.033785,-0.999287,16.672096,-0.000343
51979,0.005985,0.451094,-0.046707,-0.016715,-0.000255,0.033529,-0.999298,16.534081,-0.000343
51982,0.005963,0.451094,-0.046723,-0.016723,-0.000188,0.033413,-0.999302,16.362762,0.000000
51986,0.005935,0.451092,-0.046743,-0.016444,-0.000273,0.033153,-0.999315,16.231956,0.000000
51989,0.005912,0.451090,-0.046754,-0.016446,-0.000238,0.033045,-0.999319,16.104584,0.000000
51993,0.005878,0.451084,-0.046764,-0.016328,-0.000231,0.032777,-0.999329,15.979958,0.000000
51997,0.005857,0.451083,-0.046765,-0.016190,-0.000290,0.032617,-0.999337,15.847092,-0.000343
52000,0.005840,0.451079,-0.046768,-0.016129,-0.000292,0.032461,-0.999343,15.735512,-0.000343
52004,0.005820,0.451075,-0.046773,-0.016174,-0.000211,0.032312,-0.999347,15.584106,0.000000
52007,0.005805,0.451075,-0.046779,-0.016016,-0.000261,0.032123,-0.999356,15.460167,-0.000343
52011,0.005780,0.451076,-0.046792,-0.015945,-0.000257,0.031991,-0.999361,15.307388,-0.000343
52014,0.005754,0.451073,-0.046810,-0.015822,-0.000258,0.031762,-0.999370,15.140533,-0.000343
52018,0.005719,0.451074,-0.046833,-0.015678,-0.000292,0.031628,-0.999377,14.989815,-0.000343
52022,0.005670,0.451069,-0.046866,-0.015665,-0.000170,0.031401,-0.999384,14.869652,-0.000343
52025,0.005639,0.451067,-0.046887,-0.015602,-0.000155,0.031244,-0.999390,14.712753,0.000000
52028,0.005607,0.451063,-0.046907,-0.015468,-0.000219,0.031057,-0.999398,14.581261,-0.000343
52032,0.005573,0.451063,-0.046925,-0.015447,-0.000225,0.030928,-0.999402,14.450798,0.000000
52036,0.005537,0.451055,-0.046936,-0.015322,-0.000158,0.030636,-0.999413,14.326515,0.000000
52039,0.005515,0.451053,-0.046940,-0.015303,-0.000201,0.030604,-0.999415,14.219398,0.000000
52043,0.005492,0.451053,-0.046942,-0.015126,-0.000254,0.030368,-0.999424,14.072456,0.000000
52046,0.005472,0.451050,-0.046947,-0.015160,-0.000210,0.030285,-0.999426,13.950233,0.000000
52050,0.005448,0.451046,-0.046955,-0.015003,-0.000245,0.030033,-0.999436,13.788872,-0.000343
52053,0.005431,0.451046,-0.046963,-0.014960,-0.000263,0.029946,-0.999440,13.635406,0.000000
52057,0.005399,0.451042,-0.046984,-0.014859,-0.000239,0.029672,-0.999449,13.497734,-0.000343
52060,0.005375,0.451042,-0.046999,-0.014846,-0.000220,0.029587,-0.999452,13.334999,-0.000343
52064,0.005341,0.451042,-0.047023,-0.014601,-0.000331,0.029317,-0.999463,13.210030,-0.000343
52068,0.005305,0.451041,-0.047044,-0.014609,-0.000300,0.029145,-0.999468,13.078194,0.000000
52071,0.005279,0.451038,-0.047059,-0.014451,-0.000352,0.028989,-0.999475,12.964897,-0.000343
52075,0.005254,0.451037,-0.047068,-0.014403,-0.000377,0.028865,-0.999479,12.833748,-0.000343
52078,0.005235,0.451034,-0.047079,-0.014320,-0.000372,0.028690,-0.999486,12.725601,-0.000343
52082,0.005209,0.451031,-0.047090,-0.014287,-0.000320,0.028552,-0.999490,12.583122,0.000000
52085,0.005197,0.451030,-0.047098,-0.014131,-0.000398,0.028378,-0.999497,12.422447,0.000000
52089,0.005173,0.451028,-0.047111,-0.014126,-0.000345,0.028278,-0.999500,12.291641,0.000000
52092,0.005150,0.451024,-0.047123,-0.014016,-0.000346,0.028017,-0.999509,12.114830,-0.000343
52096,0.005123,0.451023,-0.047139,-0.013887,-0.000370,0.027853,-0.999516,11.958961,-0.000343
52099,0.005095,0.451023,-0.047155,-0.013734,-0.000390,0.027625,-0.999524,11.828842,0.000000
52103,0.005058,0.451019,-0.047170,-0.013808,-0.000319,0.027464,-0.999527,11.696320,0.000000
52106,0.005034,0.451018,-0.047180,-0.013690,-0.000335,0.027239,-0.999535,11.589890,-0.000343
52110,0.005006,0.451018,-0.047188,-0.013621,-0.000365,0.027181,-0.999538,11.463203,-0.000343
52114,0.004970,0.451014,-0.047199,-0.013518,-0.000326,0.026948,-0.999545,11.338577,0.000000
52117,0.004949,0.451014,-0.047205,-0.013504,-0.000350,0.026878,-0.999547,11.213608,-0.000343
52121,0.004919,0.451011,-0.047220,-0.013318,-0.000393,0.026629,-0.999557,11.074562,-0.000343
52124,0.004895,0.451005,-0.047232,-0.013336,-0.000361,0.026559,-0.999558,10.913887,0.000000
52128,0.004869,0.451005,-0.047250,-0.013114,-0.000431,0.026294,-0.999568,10.737419,0.000000
52132,0.004840,0.451001,-0.047274,-0.013031,-0.000362,0.026102,-0.999574,10.599060,0.000000
52135,0.004821,0.450997,-0.047292,-0.012960,-0.000360,0.025907,-0.999580,10.449028,0.000000
52139,0.004805,0.450999,-0.047307,-0.012775,-0.000446,0.025820,-0.999585,10.319939,-0.000343
52142,0.004789,0.450996,-0.047319,-0.012664,-0.000418,0.025646,-0.999591,10.212822,0.000000
52146,0.004760,0.450989,-0.047330,-0.012736,-0.000347,0.025505,-0.999593,10.095406,0.000000
52149,0.004743,0.450987,-0.047332,-0.012578,-0.000372,0.025339,-0.999600,9.983482,0.000000
52153,0.004713,0.450983,-0.047333,-0.012507,-0.000385,0.025249,-0.999603,9.855766,0.000000
52156,0.004687,0.450978,-0.047335,-0.012425,-0.000379,0.025062,-0.999609,9.693375,-0.000343
52160,0.004656,0.450976,-0.047341,-0.012392,-0.000366,0.024911,-0.999613,9.528236,0.000000
52163,0.004630,0.450973,-0.047355,-0.012211,-0.000378,0.024697,-0.999620,9.378548,0.000000
52167,0.004598,0.450968,-0.047376,-0.012145,-0.000326,0.024501,-0.999626,9.208946,0.000000
52170,0.004573,0.450964,-0.047399,-0.011999,-0.000334,0.024253,-0.999634,9.076767,-0.000343
52174,0.004550,0.450965,-0.047427,-0.011816,-0.000408,0.024115,-0.999639,8.949394,0.000000
52177,0.004528,0.450963,-0.047448,-0.011713,-0.000395,0.023914,-0.999645,8.828201,0.000000
52181,0.004492,0.450957,-0.047479,-0.011783,-0.000193,0.023750,-0.999649,8.723831,-0.000343
52185,0.004470,0.450958,-0.047495,-0.011562,-0.000267,0.023495,-0.999657,8.617058,0.000000
52188,0.004447,0.450955,-0.047501,-0.011563,-0.000261,0.023447,-0.999658,8.473549,0.000000
52192,0.004413,0.450949,-0.047510,-0.011462,-0.000282,0.023192,-0.999665,8.336906,0.000000
52195,0.004386,0.450948,-0.047512,-0.011459,-0.000245,0.023046,-0.999669,8.155289,-0.000343
52199,0.004343,0.450942,-0.047518,-0.011314,-0.000277,0.022762,-0.999677,7.991524,-0.000343
52202,0.004311,0.450937,-0.047525,-0.011330,-0.000202,0.022608,-0.999680,7.841148,0.000000
52205,0.004282,0.450934,-0.047534,-0.011296,-0.000177,0.022441,-0.999684,7.699699,0.000000
52205,0.004282,0.450934,-0.047534,-0.011296,-0.000177,0.022441,-0.999684,7.582283,-0.000343
52205,0.004282,0.450934,-0.047534,-0.011296,-0.000177,0.022441,-0.999684,7.464180,-0.000343
52205,0.004282,0.450934,-0.047534,-0.011296,-0.000177,0.022441,-0.999684,7.353287,0.000000
52205,0.004282,0.450934,-0.047534,-0.011296,-0.000177,0.022441,-0.999684,7.224541,0.000000
52205,0.004282,0.450934,-0.047534,-0.011296,-0.000177,0.022441,-0.999684,7.105064,-0.000343
52205,0.004282,0.450934,-0.047534,-0.011296,-0.000177,0.022441,-0.999684,6.958122,-0.000343
52205,0.004282,0.450934,-0.047534,-0.011296,-0.000177,0.022441,-0.999684,6.810493,0.000000
52205,0.004282,0.450934,-0.047534,-0.011296,-0.000177,0.022441,-0.999684,6.640205,-0.000343
52205,0.004282,0.450934,-0.047534,-0.011296,-0.000177,0.022441,-0.999684,6.487083,-0.000343
52205,0.004282,0.450934,-0.047534,-0.011296,-0.000177,0.022441,-0.999684,6.351471,-0.000343
52205,0.004282,0.450934,-0.047534,-0.011296,-0.000177,0.022441,-0.999684,6.206589,0.000000
52205,0.004282,0.450934,-0.047534,-0.011296,-0.000177,0.022441,-0.999684,6.091576,0.000000
52205,0.004282,0.450934,-0.047534,-0.011296,-0.000177,0.022441,-0.999684,5.986519,-0.000343
52205,0.004282,0.450934,-0.047534,-0.011296,-0.000177,0.022441,-0.999684,5.850906,0.000000
52205,0.004282,0.450934,-0.047534,-0.011296,-0.000177,0.022441,-0.999684,5.728340,0.000000
52205,0.004282,0.450934,-0.047534,-0.011296,-0.000177,0.022441,-0.999684,5.582085,0.000000
52205,0.004282,0.450934,-0.047534,-0.011296,-0.000177,0.022441,-0.999684,5.420723,0.000000
52205,0.004282,0.450934,-0.047534,-0.011296,-0.000177,0.022441,-0.999684,5.267601,-0.000343
52205,0.004282,0.450934,-0.047534,-0.011296,-0.000177,0.022441,-0.999684,5.115852,0.000000
52205,0.004282,0.450934,-0.047534,-0.011296,-0.000177,0.022441,-0.999684,4.988823,-0.000343
52205,0.004282,0.450934,-0.047534,-0.011296,-0.000177,0.022441,-0.999684,4.848404,-0.000343
52205,0.004282,0.450934,-0.047534,-0.011296,-0.000177,0.022441,-0.999684,4.720345,-0.000343
52205,0.004282,0.450934,-0.047534,-0.011296,-0.000177,0.022441,-0.999684,4.606705,0.000000
52205,0.004282,0.450934,-0.047534,-0.011296,-0.000177,0.022441,-0.999684,4.470749,-0.000343
52205,0.004282,0.450934,-0.047534,-0.011296,-0.000177,0.022441,-0.999684,4.355736,0.000000
52205,0.004282,0.450934,-0.047534,-0.011296,-0.000177,0.022441,-0.999684,4.223213,0.000000
52205,0.004282,0.450934,-0.047534,-0.011296,-0.000177,0.022441,-0.999684,4.082451,0.000000
52205,0.004282,0.450934,-0.047534,-0.011296,-0.000177,0.022441,-0.999684,3.915596,0.000000
52205,0.004282,0.450934,-0.047534,-0.011296,-0.000177,0.022441,-0.999684,3.766937,-0.000343
52312,0.003520,0.450863,-0.047946,-0.008442,-0.000339,0.017433,-0.999812,3.603516,0.000000
52316,0.003499,0.450861,-0.047947,-0.008354,-0.000384,0.017297,-0.999815,3.465157,0.000000
52319,0.003477,0.450855,-0.047954,-0.008238,-0.000398,0.017121,-0.999819,3.349800,-0.000343
52323,0.003449,0.450849,-0.047962,-0.008291,-0.000314,0.016963,-0.999822,3.204575,0.000000
52327,0.003425,0.450849,-0.047979,-0.008042,-0.000403,0.016749,-0.999827,3.084755,0.000000
52330,0.003405,0.450845,-0.047997,-0.008096,-0.000322,0.016703,-0.999828,2.981415,0.000000
52334,0.003374,0.450844,-0.048026,-0.007989,-0.000297,0.016460,-0.999833,2.856445,0.000000
52337,0.003355,0.450844,-0.048045,-0.007974,-0.000270,0.016374,-0.999834,2.708817,0.000000
52341,0.003325,0.450845,-0.048066,-0.007738,-0.000367,0.016150,-0.999840,2.558098,0.000000
52345,0.003290,0.450840,-0.048084,-0.007757,-0.000271,0.015929,-0.999843,2.400856,0.000000
52348,0.003264,0.450837,-0.048091,-0.007549,-0.000416,0.015748,-0.999847,2.266617,0.000000
52351,0.003240,0.450833,-0.048096,-0.007538,-0.000358,0.015593,-0.999850,2.100105,-0.000343
52355,0.003204,0.450825,-0.048106,-0.007460,-0.000337,0.015365,-0.999854,1.957970,0.000000
52359,0.003180,0.450823,-0.048105,-0.007361,-0.000365,0.015257,-0.999856,1.845360,0.000000
52362,0.003162,0.450820,-0.048112,-0.007213,-0.000406,0.015056,-0.999861,1.732063,0.000000
52366,0.003134,0.450814,-0.048123,-0.007313,-0.000308,0.014961,-0.999861,1.608124,0.000000
52369,0.003119,0.450813,-0.048136,-0.007157,-0.000339,0.014798,-0.999865,1.494827,0.000000
52373,0.003095,0.450816,-0.048154,-0.007054,-0.000390,0.014652,-0.999868,1.356468,0.000000
52376,0.003070,0.450810,-0.048179,-0.006946,-0.000393,0.014524,-0.999870,1.195793,0.000000
52380,0.003039,0.450806,-0.048203,-0.006953,-0.000342,0.014383,-0.999872,1.043701,0.000000
52383,0.003017,0.450807,-0.048218,-0.006812,-0.000390,0.014187,-0.999876,0.898819,0.000000
52387,0.002986,0.450802,-0.048231,-0.006770,-0.000348,0.014053,-0.999878,0.746040,0.000000
52391,0.002960,0.450798,-0.048242,-0.006602,-0.000427,0.013802,-0.999883,0.592232,-0.000343
52394,0.002945,0.450796,-0.048243,-0.006593,-0.000406,0.013756,-0.999884,0.472755,0.000000
52398,0.002922,0.450789,-0.048249,-0.006549,-0.000321,0.013479,-0.999888,0.356712,0.000000
52401,0.002909,0.450786,-0.048254,-0.006587,-0.000300,0.013444,-0.999888,0.237236,0.000000
52405,0.002893,0.450788,-0.048261,-0.006395,-0.000412,0.013289,-0.999891,0.125313,0.000000
52408,0.002872,0.450785,-0.048271,-0.006391,-0.000334,0.013206,-0.999892,-0.011673,-0.000343
52412,0.002838,0.450780,-0.048295,-0.006223,-0.000348,0.012886,-0.999898,-0.153122,0.000000
52416,0.002805,0.450780,-0.048316,-0.006112,-0.000363,0.012706,-0.999901,-0.313454,0.000000
52419,0.002775,0.450776,-0.048337,-0.005998,-0.000339,0.012511,-0.999904,-0.486145,0.000000
52423,0.002733,0.450776,-0.048359,-0.005930,-0.000304,0.012307,-0.999907,-0.623474,0.000000
52426,0.002705,0.450773,-0.048370,-0.005735,-0.000350,0.012107,-0.999910,-0.752907,0.000000
52430,0.002674,0.450768,-0.048381,-0.005789,-0.000286,0.012000,-0.999911,-0.892982,0.000000
52433,0.002653,0.450763,-0.048387,-0.005721,-0.000256,0.011785,-0.999914,-1.009712,0.000000
52437,0.002643,0.450763,-0.048387,-0.005617,-0.000316,0.011737,-0.999915,-1.112709,0.000000
52440,0.002631,0.450761,-0.048393,-0.005537,-0.000298,0.011548,-0.999918,-1.247292,0.000000
52444,0.002612,0.450754,-0.048402,-0.005577,-0.000199,0.011422,-0.999919,-1.382904,0.000000
52447,0.002595,0.450751,-0.048413,-0.005443,-0.000253,0.011234,-0.999922,-1.521950,0.000000
52451,0.002574,0.450748,-0.048427,-0.005341,-0.000239,0.011109,-0.999924,-1.695671,0.000000
52455,0.002542,0.450745,-0.048449,-0.005164,-0.000234,0.010814,-0.999928,-1.848106,0.000000
52458,0.002517,0.450744,-0.048464,-0.005137,-0.000216,0.010707,-0.999929,-2.011528,0.000000
52462,0.002482,0.450738,-0.048484,-0.004979,-0.000240,0.010419,-0.999933,-2.148170,0.000000
52465,0.002458,0.450734,-0.048493,-0.004983,-0.000172,0.010320,-0.999934,-2.252884,0.000000
52469,0.002434,0.450732,-0.048500,-0.004786,-0.000279,0.010126,-0.999937,-2.362404,0.000000
52472,0.002414,0.450729,-0.048504,-0.004776,-0.000249,0.010072,-0.999938,-2.490807,0.000000
52476,0.002385,0.450720,-0.048518,-0.004711,-0.000234,0.009834,-0.999941,-2.602386,0.000000
52479,0.002370,0.450719,-0.048524,-0.004703,-0.000209,0.009761,-0.999941,-2.736969,0.000000
52483,0.002350,0.450716,-0.048541,-0.004479,-0.000298,0.009543,-0.999944,-2.887688,0.000000
52486,0.002330,0.450712,-0.048557,-0.004488,-0.000255,0.009451,-0.999945,-3.061066,0.000000
52490,0.002300,0.450705,-0.048586,-0.004381,-0.000244,0.009171,-0.999948,-3.215561,0.000000
52494,0.002271,0.450702,-0.048611,-0.004336,-0.000184,0.008998,-0.999950,-3.346367,0.000000
52497,0.002247,0.450700,-0.048630,-0.004233,-0.000193,0.008816,-0.999952,-3.498802,-0.000343
52501,0.002215,0.450694,-0.048648,-0.004184,-0.000200,0.008663,-0.999954,-3.611412,0.000000
52504,0.002191,0.450691,-0.048656,-0.003975,-0.000229,0.008474,-0.999956,-3.744621,0.000000
52508,0.002156,0.450685,-0.048662,-0.004084,-0.000179,0.008363,-0.999957,-3.850708,-0.000343
52511,0.002127,0.450681,-0.048664,-0.003950,-0.000223,0.008212,-0.999958,-3.983574,0.000000
52515,0.002097,0.450678,-0.048660,-0.003891,-0.000270,0.008119,-0.999959,-4.117126,0.000000
52518,0.002069,0.450671,-0.048665,-0.003814,-0.000284,0.007916,-0.999961,-4.268188,0.000000
52522,0.002029,0.450662,-0.048685,-0.003799,-0.000219,0.007745,-0.999963,-4.404488,0.000000
52525,0.002008,0.450661,-0.048703,-0.003628,-0.000260,0.007536,-0.999965,-4.554176,0.000000
52529,0.001981,0.450659,-0.048733,-0.003497,-0.000285,0.007423,-0.999966,-4.716911,0.000000
52533,0.001953,0.450655,-0.048768,-0.003322,-0.000277,0.007112,-0.999969,-4.856300,0.000000
52536,0.001936,0.450656,-0.048787,-0.003249,-0.000266,0.006994,-0.999970,-4.972343,0.000000
52540,0.001908,0.450651,-0.048812,-0.003079,-0.000296,0.006755,-0.999972,-5.104523,0.000000
52543,0.001888,0.450650,-0.048821,-0.003132,-0.000222,0.006651,-0.999973,-5.227089,0.000000
52547,0.001861,0.450645,-0.048827,-0.002896,-0.000273,0.006401,-0.999975,-5.357895,-0.000343
52550,0.001842,0.450642,-0.048824,-0.002893,-0.000267,0.006303,-0.999976,-5.492821,0.000000
52554,0.001803,0.450634,-0.048826,-0.002787,-0.000238,0.006025,-0.999978,-5.632210,0.000000
52558,0.001773,0.450632,-0.048826,-0.002645,-0.000277,0.005850,-0.999979,-5.757866,0.000000
52561,0.001746,0.450626,-0.048837,-0.002528,-0.000299,0.005649,-0.999981,-5.927467,0.000000
52565,0.001711,0.450621,-0.048856,-0.002516,-0.000225,0.005464,-0.999982,-6.064796,0.000000
52568,0.001687,0.450620,-0.048876,-0.002354,-0.000259,0.005248,-0.999983,-6.206589,0.000000
52572,0.001657,0.450620,-0.048903,-0.002314,-0.000221,0.005138,-0.999984,-6.354218,0.000000
52575,0.001631,0.450618,-0.048926,-0.002140,-0.000256,0.004910,-0.999986,-6.482964,0.000000
52579,0.001610,0.450619,-0.048945,-0.002101,-0.000248,0.004833,-0.999986,-6.608276,0.000000
52582,0.001591,0.450618,-0.048957,-0.001948,-0.000274,0.004624,-0.999987,-6.719170,0.000000
52586,0.001563,0.450612,-0.048967,-0.002020,-0.000204,0.004521,-0.999988,-6.856499,0.000000
52590,0.001542,0.450612,-0.048968,-0.001828,-0.000304,0.004332,-0.999989,-6.983528,0.000000
52593,0.001518,0.450607,-0.048969,-0.001841,-0.000248,0.004221,-0.999989,-7.122917,0.000000
52597,0.001479,0.450598,-0.048972,-0.001764,-0.000211,0.003982,-0.999991,-7.271233,0.000000
52600,0.001455,0.450596,-0.048977,-0.001783,-0.000204,0.003866,-0.999991,-7.401352,0.000000
52603,0.001428,0.450592,-0.048988,-0.001639,-0.000233,0.003694,-0.999992,-7.552757,0.000000
52607,0.001396,0.450586,-0.049009,-0.001523,-0.000187,0.003502,-0.999993,-7.709656,0.000343
52611,0.001367,0.450583,-0.049035,-0.001314,-0.000235,0.003215,-0.999994,-7.848701,0.000000
52614,0.001352,0.450581,-0.049052,-0.001235,-0.000247,0.003148,-0.999994,-7.967148,0.000000
52614,0.001352,0.450581,-0.049052,-0.001235,-0.000247,0.003148,-0.999994,-8.108940,0.000000
52614,0.001352,0.450581,-0.049052,-0.001235,-0.000247,0.003148,-0.999994,-8.228073,0.000343
52614,0.001352,0.450581,-0.049052,-0.001235,-0.000247,0.003148,-0.999994,-8.334160,0.000000
52614,0.001352,0.450581,-0.049052,-0.001235,-0.000247,0.003148,-0.999994,-8.482819,0.000000
52614,0.001352,0.450581,-0.049052,-0.001235,-0.000247,0.003148,-0.999994,-8.620491,0.000343
52614,0.001352,0.450581,-0.049052,-0.001235,-0.000247,0.003148,-0.999994,-8.757820,0.000000
52614,0.001352,0.450581,-0.049052,-0.001235,-0.000247,0.003148,-0.999994,-8.907509,0.000343
52614,0.001352,0.450581,-0.049052,-0.001235,-0.000247,0.003148,-0.999994,-9.075737,0.000343
52614,0.001352,0.450581,-0.049052,-0.001235,-0.000247,0.003148,-0.999994,-9.218903,0.000000
52614,0.001352,0.450581,-0.049052,-0.001235,-0.000247,0.003148,-0.999994,-9.339752,0.000000
52614,0.001352,0.450581,-0.049052,-0.001235,-0.000247,0.003148,-0.999994,-9.465752,0.000000
52614,0.001352,0.450581,-0.049052,-0.001235,-0.000247,0.003148,-0.999994,-9.591751,0.000000
52614,0.001352,0.450581,-0.049052,-0.001235,-0.000247,0.003148,-0.999994,-9.707451,0.000000
52614,0.001352,0.450581,-0.049052,-0.001235,-0.000247,0.003148,-0.999994,-9.832420,0.000000
52614,0.001352,0.450581,-0.049052,-0.001235,-0.000247,0.003148,-0.999994,-9.972496,0.000343
52614,0.001352,0.450581,-0.049052,-0.001235,-0.000247,0.003148,-0.999994,-10.113945,0.000000
52614,0.001352,0.450581,-0.049052,-0.001235,-0.000247,0.003148,-0.999994,-10.284920,0.000000
52614,0.001352,0.450581,-0.049052,-0.001235,-0.000247,0.003148,-0.999994,-10.433235,0.000000
52614,0.001352,0.450581,-0.049052,-0.001235,-0.000247,0.003148,-0.999994,-10.567818,0.000000
52614,0.001352,0.450581,-0.049052,-0.001235,-0.000247,0.003148,-0.999994,-10.718193,0.000343
52614,0.001352,0.450581,-0.049052,-0.001235,-0.000247,0.003148,-0.999994,-10.836639,0.000343
52614,0.001352,0.450581,-0.049052,-0.001235,-0.000247,0.003148,-0.999994,-10.942726,0.000000
52614,0.001352,0.450581,-0.049052,-0.001235,-0.000247,0.003148,-0.999994,-11.056023,0.000343
52614,0.001352,0.450581,-0.049052,-0.001235,-0.000247,0.003148,-0.999994,-11.196098,0.000000
52614,0.001352,0.450581,-0.049052,-0.001235,-0.000247,0.003148,-0.999994,-11.336517,0.000343
52614,0.001352,0.450581,-0.049052,-0.001235,-0.000247,0.003148,-0.999994,-11.463203,0.000000
52614,0.001352,0.450581,-0.049052,-0.001235,-0.000247,0.003148,-0.999994,-11.639328,0.000343
52614,0.001352,0.450581,-0.049052,-0.001235,-0.000247,0.003148,-0.999994,-11.801033,0.000343
52614,0.001352,0.450581,-0.049052,-0.001235,-0.000247,0.003148,-0.999994,-11.940422,0.000000
52721,0.000623,0.450466,-0.049415,0.000942,-0.000193,-0.001634,-0.999998,-12.080841,0.000000
52724,0.000603,0.450464,-0.049433,0.001152,-0.000244,-0.001861,-0.999998,-12.197914,0.000343
52728,0.000580,0.450461,-0.049462,0.001192,-0.000167,-0.001961,-0.999997,-12.311211,0.000000
52731,0.000560,0.450458,-0.049488,0.001362,-0.000196,-0.002166,-0.999997,-12.432404,0.000343
52735,0.000545,0.450461,-0.049516,0.001548,-0.000242,-0.002234,-0.999996,-12.555313,0.000343
52738,0.000525,0.450456,-0.049531,0.001666,-0.000295,-0.002435,-0.999996,-12.679253,0.000000
52742,0.000491,0.450451,-0.049547,0.001598,-0.000190,-0.002562,-0.999995,-12.831688,0.000000
52745,0.000466,0.450446,-0.049547,0.001720,-0.000233,-0.002743,-0.999995,-12.981377,0.000343
52749,0.000427,0.450440,-0.049546,0.001811,-0.000227,-0.002936,-0.999994,-13.162651,0.000000
52753,0.000387,0.450429,-0.049545,0.001910,-0.000217,-0.003253,-0.999993,-13.309937,0.000343
52756,0.000365,0.450428,-0.049543,0.001976,-0.000206,-0.003361,-0.999992,-13.431816,0.000343
52760,0.000339,0.450423,-0.049551,0.002077,-0.000208,-0.003606,-0.999991,-13.562622,0.000000
52763,0.000318,0.450420,-0.049561,0.002064,-0.000174,-0.003674,-0.999991,-13.679352,0.000343
52767,0.000296,0.450415,-0.049586,0.002284,-0.000276,-0.003858,-0.999990,-13.791962,0.000343
52770,0.000282,0.450417,-0.049605,0.002334,-0.000231,-0.003918,-0.999990,-13.900452,0.000000
52774,0.000255,0.450414,-0.049637,0.002438,-0.000205,-0.004125,-0.999989,-14.033318,0.000343
52778,0.000234,0.450414,-0.049656,0.002571,-0.000285,-0.004204,-0.999988,-14.170990,0.000000
52781,0.000206,0.450409,-0.049674,0.002726,-0.000314,-0.004414,-0.999987,-14.341621,0.000000
52785,0.000168,0.450398,-0.049686,0.002625,-0.000230,-0.004619,-0.999986,-14.520836,0.000343
52788,0.000145,0.450392,-0.049690,0.002790,-0.000277,-0.004829,-0.999984,-14.669151,0.000000
52792,0.000116,0.450383,-0.049691,0.002818,-0.000267,-0.004991,-0.999984,-14.789314,0.000000
52795,0.000095,0.450378,-0.049695,0.002885,-0.000252,-0.005197,-0.999982,-14.926300,0.000343
52799,0.000071,0.450375,-0.049706,0.002981,-0.000253,-0.005322,-0.999981,-15.037880,0.000000
52802,0.000052,0.450372,-0.049717,0.003136,-0.000283,-0.005521,-0.999980,-15.130234,0.000343
52806,0.000022,0.450367,-0.049741,0.003088,-0.000188,-0.005659,-0.999979,-15.259323,0.000343
52809,-0.000004,0.450361,-0.049763,0.003193,-0.000197,-0.005861,-0.999978,-15.398369,0.000343
52813,-0.000034,0.450359,-0.049789,0.003341,-0.000231,-0.006038,-0.999976,-15.537758,0.000343
52813,-0.000034,0.450359,-0.049789,0.003341,-0.000231,-0.006038,-0.999976,-15.693970,0.000343
52813,-0.000034,0.450359,-0.049789,0.003341,-0.000231,-0.006038,-0.999976,-15.848808,0.000000
52813,-0.000034,0.450359,-0.049789,0.003341,-0.000231,-0.006038,-0.999976,-16.018410,0.000000
52813,-0.000034,0.450359,-0.049789,0.003341,-0.000231,-0.006038,-0.999976,-16.157455,0.000343
52813,-0.000034,0.450359,-0.049789,0.003341,-0.000231,-0.006038,-0.999976,-16.269722,0.000343
52813,-0.000034,0.450359,-0.049789,0.003341,-0.000231,-0.006038,-0.999976,-16.377525,0.000000
52813,-0.000034,0.450359,-0.049789,0.003341,-0.000231,-0.006038,-0.999976,-16.501808,0.000000
52813,-0.000034,0.450359,-0.049789,0.003341,-0.000231,-0.006038,-0.999976,-16.618538,0.000000
52813,-0.000034,0.450359,-0.049789,0.003341,-0.000231,-0.006038,-0.999976,-16.785049,0.000343
52813,-0.000034,0.450359,-0.049789,0.003341,-0.000231,-0.006038,-0.999976,-16.957741,0.000343
52813,-0.000034,0.450359,-0.049789,0.003341,-0.000231,-0.006038,-0.999976,-17.165451,0.000343
52813,-0.000034,0.450359,-0.049789,0.003341,-0.000231,-0.006038,-0.999976,-17.385521,0.000343
52813,-0.000034,0.450359,-0.049789,0.003341,-0.000231,-0.006038,-0.999976,-17.579842,0.000343
52813,-0.000034,0.450359,-0.049789,0.003341,-0.000231,-0.006038,-0.999976,-17.656746,0.000343
52813,-0.000034,0.450359,-0.049789,0.003341,-0.000231,-0.006038,-0.999976,-17.668076,0.000343
52813,-0.000034,0.450359,-0.049789,0.003341,-0.000231,-0.006038,-0.999976,-17.635803,0.000343
52813,-0.000034,0.450359,-0.049789,0.003341,-0.000231,-0.006038,-0.999976,-17.549973,0.000343
52813,-0.000034,0.450359,-0.049789,0.003341,-0.000231,-0.006038,-0.999976,-17.403374,0.000000
52813,-0.000034,0.450359,-0.049789,0.003341,-0.000231,-0.006038,-0.999976,-17.285271,0.000343
52813,-0.000034,0.450359,-0.049789,0.003341,-0.000231,-0.006038,-0.999976,-17.218666,0.000000
52813,-0.000034,0.450359,-0.049789,0.003341,-0.000231,-0.006038,-0.999976,-17.214546,0.000343
52813,-0.000034,0.450359,-0.049789,0.003341,-0.000231,-0.006038,-0.999976,-17.231026,0.000343
52813,-0.000034,0.450359,-0.049789,0.003341,-0.000231,-0.006038,-0.999976,-17.297630,0.000343
52813,-0.000034,0.450359,-0.049789,0.003341,-0.000231,-0.006038,-0.999976,-17.387581,0.000343
52813,-0.000034,0.450359,-0.049789,0.003341,-0.000231,-0.006038,-0.999976,-17.459335,0.000000
52813,-0.000034,0.450359,-0.049789,0.003341,-0.000231,-0.006038,-0.999976,-17.508774,0.000343
52813,-0.000034,0.450359,-0.049789,0.003341,-0.000231,-0.006038,-0.999976,-17.523880,0.000343
52813,-0.000034,0.450359,-0.049789,0.003341,-0.000231,-0.006038,-0.999976,-17.523880,0.000000
52813,-0.000034,0.450359,-0.049789,0.003341,-0.000231,-0.006038,-0.999976,-17.508774,0.000343
52919,-0.000515,0.450260,-0.050013,0.004802,-0.000077,-0.009294,-0.999945,-17.472725,0.000343
52923,-0.000509,0.450265,-0.050013,0.004978,-0.000176,-0.009298,-0.999944,-17.416077,0.000343
52927,-0.000512,0.450262,-0.050018,0.004858,-0.000092,-0.009312,-0.999945,-17.370415,0.000343
52930,-0.000511,0.450264,-0.050023,0.004927,-0.000095,-0.009359,-0.999944,-17.336426,0.000000
52934,-0.000508,0.450267,-0.050021,0.004955,-0.000158,-0.009287,-0.999945,-17.327156,0.000343
52937,-0.000513,0.450265,-0.050025,0.004981,-0.000155,-0.009338,-0.999944,-17.327843,0.000343
52941,-0.000514,0.450262,-0.050026,0.004882,-0.000126,-0.009319,-0.999945,-17.336769,0.000343
52944,-0.000514,0.450264,-0.050025,0.004939,-0.000165,-0.009359,-0.999944,-17.348442,0.000343
52948,-0.000511,0.450264,-0.050023,0.004874,-0.000090,-0.009305,-0.999945,-17.378654,0.000343
52952,-0.000508,0.450264,-0.050020,0.004918,-0.000113,-0.009309,-0.999945,-17.405434,0.000000
52955,-0.000506,0.450265,-0.050020,0.004921,-0.000150,-0.009262,-0.999945,-17.420883,0.000343
52958,-0.000504,0.450265,-0.050020,0.004986,-0.000182,-0.009309,-0.999944,-17.435303,0.000343
52962,-0.000512,0.450262,-0.050022,0.004845,-0.000067,-0.009308,-0.999945,-17.440796,0.000343
52966,-0.000509,0.450266,-0.050025,0.004946,-0.000130,-0.009337,-0.999944,-17.440796,0.000343
52969,-0.000511,0.450269,-0.050029,0.004906,-0.000122,-0.009282,-0.999945,-17.440453,0.000000
52973,-0.000514,0.450264,-0.050036,0.004905,-0.000087,-0.009346,-0.999944,-17.440796,0.000343
52976,-0.000515,0.450266,-0.050035,0.004937,-0.000106,-0.009329,-0.999944,-17.439079,0.000000
52980,-0.000517,0.450267,-0.050034,0.004984,-0.000148,-0.009360,-0.999944,-17.434616,0.000343
52984,-0.000524,0.450263,-0.050027,0.004932,-0.000143,-0.009375,-0.999944,-17.427063,0.000343
52987,-0.000525,0.450264,-0.050022,0.004932,-0.000137,-0.009367,-0.999944,-17.415047,0.000343
52991,-0.000529,0.450261,-0.050015,0.004922,-0.000125,-0.009394,-0.999944,-17.403030,0.000343
52994,-0.000529,0.450258,-0.050013,0.004903,-0.000090,-0.009416,-0.999944,-17.395134,0.000000
52998,-0.000520,0.450265,-0.050007,0.004967,-0.000183,-0.009336,-0.999944,-17.390671,0.000343
53001,-0.000521,0.450262,-0.050010,0.005005,-0.000154,-0.009391,-0.999943,-17.389984,0.000343
53005,-0.000516,0.450263,-0.050008,0.004880,-0.000090,-0.009385,-0.999944,-17.389984,0.000000
53009,-0.000515,0.450263,-0.050009,0.004908,-0.000114,-0.009347,-0.999944,-17.389984,0.000000
53012,-0.000514,0.450264,-0.050009,0.004959,-0.000139,-0.009347,-0.999944,-17.389984,0.000000
53015,-0.000513,0.450261,-0.050009,0.004959,-0.000142,-0.009407,-0.999943,-17.390327,0.000343
53019,-0.000513,0.450260,-0.050012,0.004909,-0.000103,-0.009382,-0.999944,-17.391014,0.000000
53023,-0.000507,0.450263,-0.050011,0.004919,-0.000108,-0.009337,-0.999944,-17.392044,0.000343
53026,-0.000509,0.450263,-0.050013,0.004899,-0.000098,-0.009324,-0.999945,-17.393417,0.000000
53030,-0.000502,0.450264,-0.050011,0.004932,-0.000138,-0.009377,-0.999944,-17.395477,0.000000
53033,-0.000503,0.450264,-0.050011,0.004916,-0.000122,-0.009338,-0.999944,-17.397194,0.000343
53037,-0.000509,0.450258,-0.050012,0.004858,-0.000070,-0.009385,-0.999944,-17.399254,0.000343
53040,-0.000507,0.450261,-0.050010,0.004858,-0.000085,-0.009353,-0.999945,-17.401314,0.000343
53044,-0.000505,0.450263,-0.050012,0.004959,-0.000149,-0.009365,-0.999944,-17.403030,0.000000
53047,-0.000500,0.450262,-0.050011,0.004902,-0.000102,-0.009333,-0.999944,-17.404747,0.000000
53051,-0.000501,0.450261,-0.050016,0.004952,-0.000115,-0.009395,-0.999944,-17.405777,0.000000
53055,-0.000500,0.450262,-0.050015,0.004962,-0.000131,-0.009386,-0.999944,-17.406464,0.000343
53058,-0.000507,0.450262,-0.050017,0.004986,-0.000132,-0.009434,-0.999943,-17.407150,0.000000
53062,-0.000517,0.450260,-0.050020,0.004959,-0.000145,-0.009404,-0.999943,-17.407837,0.000343
53065,-0.000525,0.450260,-0.050022,0.005011,-0.000195,-0.009399,-0.999943,-17.408180,0.000000
53069,-0.000538,0.450259,-0.050026,0.004913,-0.000089,-0.009421,-0.999944,-17.408180,0.000343
53072,-0.000541,0.450261,-0.050028,0.004986,-0.000093,-0.009486,-0.999943,-17.408524,0.000343
53076,-0.000544,0.450262,-0.050026,0.005001,-0.000141,-0.009407,-0.999943,-17.408524,0.000343
53080,-0.000545,0.450260,-0.050023,0.004844,-0.000064,-0.009415,-0.999944,-17.408524,0.000343
53083,-0.000541,0.450259,-0.050017,0.004909,-0.000112,-0.009446,-0.999943,-17.408524,0.000000
53086,-0.000535,0.450259,-0.050013,0.004965,-0.000148,-0.009460,-0.999943,-17.408524,0.000000
53090,-0.000527,0.450261,-0.050002,0.004936,-0.000128,-0.009388,-0.999944,-17.408524,0.000343
53093,-0.000524,0.450259,-0.049999,0.004959,-0.000123,-0.009444,-0.999943,-17.408524,0.000000
53097,-0.000514,0.450261,-0.049995,0.004927,-0.000114,-0.009369,-0.999944,-17.408524,0.000343
53101,-0.000516,0.450257,-0.049999,0.004886,-0.000086,-0.009371,-0.999944,-17.408524,0.000343
53104,-0.000516,0.450256,-0.050005,0.004869,-0.000074,-0.009397,-0.999944,-17.408524,0.000343
53108,-0.000517,0.450260,-0.050016,0.004947,-0.000134,-0.009401,-0.999944,-17.408524,0.000000
53111,-0.000522,0.450262,-0.050022,0.004938,-0.000132,-0.009392,-0.999944,-17.408524,0.000343
53115,-0.000539,0.450259,-0.050033,0.004901,-0.000095,-0.009419,-0.999944,-17.408524,0.000343
53118,-0.000542,0.450258,-0.050035,0.004875,-0.000084,-0.009409,-0.999944,-17.408524,0.000000
53122,-0.000542,0.450261,-0.050032,0.004997,-0.000150,-0.009432,-0.999943,-17.408524,0.000000
53125,-0.000539,0.450260,-0.050029,0.004943,-0.000087,-0.009426,-0.999943,-17.408524,0.000000
53129,-0.000528,0.450260,-0.050019,0.004964,-0.000140,-0.009421,-0.999943,-17.408524,0.000000
53133,-0.000521,0.450260,-0.050014,0.004984,-0.000132,-0.009448,-0.999943,-17.408524,0.000000
53136,-0.000519,0.450258,-0.050009,0.004924,-0.000133,-0.009438,-0.999943,-17.408524,0.000000
53140,-0.000520,0.450259,-0.050006,0.004974,-0.000139,-0.009429,-0.999943,-17.408524,0.000000
53143,-0.000528,0.450260,-0.050004,0.004988,-0.000152,-0.009442,-0.999943,-17.408524,0.000000
53147,-0.000542,0.450258,-0.050009,0.004919,-0.000069,-0.009481,-0.999943,-17.408524,0.000000
53150,-0.000549,0.450261,-0.050015,0.004954,-0.000100,-0.009485,-0.999943,-17.408524,0.000000
53154,-0.000547,0.450266,-0.050019,0.005011,-0.000181,-0.009435,-0.999943,-17.408524,0.000000
53157,-0.000550,0.450264,-0.050026,0.005057,-0.000153,-0.009490,-0.999942,-17.408524,0.000343
53161,-0.000555,0.450262,-0.050027,0.004933,-0.000093,-0.009464,-0.999943,-17.408524,0.000000
53164,-0.000561,0.450260,-0.050023,0.005020,-0.000162,-0.009484,-0.999942,-17.408524,0.000343
53168,-0.000560,0.450261,-0.050010,0.004919,-0.000122,-0.009438,-0.999943,-17.408524,0.000000
53171,-0.000562,0.450257,-0.050003,0.004928,-0.000096,-0.009522,-0.999943,-17.408524,0.000000
53175,-0.000551,0.450262,-0.049990,0.004927,-0.000127,-0.009403,-0.999944,-17.408524,0.000000
53179,-0.000546,0.450256,-0.049986,0.004848,-0.000090,-0.009409,-0.999944,-17.408524,0.000000
53182,-0.000542,0.450256,-0.049987,0.004832,-0.000064,-0.009434,-0.999944,-17.408524,0.000000
53186,-0.000536,0.450261,-0.049993,0.004926,-0.000087,-0.009439,-0.999943,-17.408524,0.000000
53189,-0.000541,0.450263,-0.050001,0.004911,-0.000122,-0.009398,-0.999944,-17.408524,0.000000
53193,-0.000555,0.450259,-0.050018,0.004927,-0.000092,-0.009465,-0.999943,-17.408524,0.000000
53196,-0.000561,0.450259,-0.050029,0.004875,-0.000080,-0.009425,-0.999944,-17.408524,0.000000
53200,-0.000566,0.450262,-0.050039,0.004996,-0.000119,-0.009479,-0.999943,-17.408524,0.000000
53204,-0.000567,0.450264,-0.050045,0.004968,-0.000128,-0.009505,-0.999942,-17.408524,0.000000
53207,-0.000563,0.450264,-0.050044,0.004996,-0.000138,-0.009483,-0.999943,-17.408524,0.000000
53211,-0.000559,0.450263,-0.050036,0.004989,-0.000113,-0.009498,-0.999942,-17.408524,0.000000
53214,-0.000560,0.450261,-0.050029,0.004921,-0.000106,-0.009488,-0.999943,-17.408524,0.000000
53218,-0.000551,0.450263,-0.050014,0.004985,-0.000153,-0.009445,-0.999943,-17.408524,0.000000
53221,-0.000553,0.450262,-0.050006,0.005004,-0.000140,-0.009480,-0.999943,-17.408524,0.000000
53225,-0.000554,0.450260,-0.049997,0.004889,-0.000086,-0.009485,-0.999943,-17.408524,0.000000
53228,-0.000554,0.450259,-0.049992,0.004952,-0.000124,-0.009498,-0.999943,-17.408180,0.000000
53232,-0.000553,0.450260,-0.049990,0.004946,-0.000117,-0.009441,-0.999943,-17.408524,0.000000
53236,-0.000561,0.450258,-0.049995,0.004862,-0.000070,-0.009435,-0.999944,-17.408524,0.000000
53239,-0.000563,0.450259,-0.050001,0.004894,-0.000104,-0.009469,-0.999943,-17.408524,0.000343
53243,-0.000566,0.450264,-0.050007,0.004947,-0.000108,-0.009433,-0.999943,-17.408524,0.000000
53246,-0.000573,0.450261,-0.050016,0.004913,-0.000073,-0.009463,-0.999943,-17.408524,0.000343
53250,-0.000575,0.450263,-0.050020,0.004956,-0.000122,-0.009467,-0.999943,-17.408524,0.000000
53253,-0.000577,0.450264,-0.050025,0.004958,-0.000127,-0.009454,-0.999943,-17.408180,0.000000
53257,-0.000575,0.450262,-0.050030,0.004948,-0.000095,-0.009484,-0.999943,-17.408180,0.000000
53260,-0.000565,0.450264,-0.050031,0.004873,-0.000045,-0.009471,-0.999943,-17.408524,0.000000
53264,-0.000559,0.450266,-0.050028,0.005005,-0.000130,-0.009463,-0.999943,-17.408180,0.000000
53267,-0.000554,0.450264,-0.050024,0.004935,-0.000119,-0.009409,-0.999944,-17.408180,0.000000
53271,-0.000559,0.450261,-0.050017,0.004955,-0.000089,-0.009493,-0.999943,-17.408180,0.000000
53274,-0.000556,0.450261,-0.050009,0.004886,-0.000097,-0.009414,-0.999944,-17.408180,0.000000
53278,-0.000559,0.450260,-0.050003,0.004974,-0.000119,-0.009495,-0.999943,-17.408180,0.000000
53282,-0.000558,0.450257,-0.049995,0.004975,-0.000119,-0.009526,-0.999942,-17.408180,0.000000
53285,-0.000557,0.450259,-0.049993,0.004943,-0.000163,-0.009477,-0.999943,-17.407837,0.000000
53289,-0.000557,0.450258,-0.049993,0.004953,-0.000108,-0.009509,-0.999943,-17.407837,0.000000
53292,-0.000561,0.450258,-0.049998,0.004940,-0.000101,-0.009527,-0.999942,-17.407837,0.000000
53296,-0.000559,0.450262,-0.050007,0.005005,-0.000137,-0.009508,-0.999942,-17.407494,0.000000
53300,-0.000560,0.450262,-0.050019,0.004882,-0.000077,-0.009445,-0.999944,-17.407494,0.000000
53303,-0.000560,0.450261,-0.050030,0.004919,-0.000101,-0.009473,-0.999943,-17.407150,0.000000
53306,-0.000558,0.450263,-0.050034,0.005002,-0.000156,-0.009488,-0.999943,-17.407150,0.000000
53310,-0.000559,0.450266,-0.050036,0.004970,-0.000141,-0.009470,-0.999943,-17.407150,0.000000
53314,-0.000566,0.450262,-0.050033,0.004924,-0.000080,-0.009450,-0.999943,-17.406807,0.000000
53317,-0.000567,0.450262,-0.050025,0.004949,-0.000118,-0.009483,-0.999943,-17.406807,0.000000
53321,-0.000571,0.450260,-0.050011,0.004964,-0.000102,-0.009489,-0.999943,-17.406807,0.000000
53324,-0.000572,0.450257,-0.050002,0.004901,-0.000079,-0.009456,-0.999943,-17.406464,0.000000
53328,-0.000569,0.450258,-0.049990,0.004937,-0.000123,-0.009481,-0.999943,-17.406464,0.000000
53331,-0.000566,0.450258,-0.049987,0.004940,-0.000138,-0.009455,-0.999943,-17.406464,0.000000
53335,-0.000567,0.450255,-0.049993,0.004855,-0.000055,-0.009519,-0.999943,-17.406120,0.000000
53338,-0.000564,0.450255,-0.050000,0.004861,-0.000038,-0.009474,-0.999943,-17.406120,0.000000
53342,-0.000559,0.450260,-0.050011,0.005020,-0.000135,-0.009452,-0.999943,-17.406120,0.000000
53346,-0.000559,0.450260,-0.050028,0.004997,-0.000119,-0.009497,-0.999942,-17.405777,0.000000
53349,-0.000559,0.450262,-0.050035,0.005013,-0.000108,-0.009501,-0.999942,-17.405777,0.000000
53353,-0.000561,0.450264,-0.050040,0.005017,-0.000134,-0.009520,-0.999942,-17.405777,0.000000
53356,-0.000565,0.450261,-0.050038,0.005011,-0.000130,-0.009514,-0.999942,-17.405777,0.000000
53360,-0.000572,0.450259,-0.050027,0.005023,-0.000128,-0.009549,-0.999942,-17.405777,0.000000
53364,-0.000570,0.450259,-0.050011,0.004938,-0.000097,-0.009458,-0.999943,-17.405777,0.000000
53367,-0.000573,0.450256,-0.050006,0.004949,-0.000092,-0.009519,-0.999942,-17.405777,0.000000
53370,-0.000571,0.450256,-0.049998,0.004948,-0.000084,-0.009571,-0.999942,-17.405777,0.000000
53374,-0.000560,0.450258,-0.049988,0.004997,-0.000154,-0.009507,-0.999942,-17.405777,0.000000
53378,-0.000561,0.450256,-0.049993,0.004812,-0.000031,-0.009456,-0.999944,-17.405777,0.000000
53381,-0.000558,0.450253,-0.049998,0.004875,-0.000077,-0.009508,-0.999943,-17.405777,0.000000
53385,-0.000554,0.450260,-0.050008,0.004964,-0.000085,-0.009454,-0.999943,-17.405777,0.000000
53388,-0.000554,0.450260,-0.050014,0.004949,-0.000097,-0.009474,-0.999943,-17.405777,0.000000
53392,-0.000561,0.450261,-0.050022,0.004930,-0.000074,-0.009460,-0.999943,-17.405777,0.000000
53395,-0.000567,0.450258,-0.050024,0.005012,-0.000108,-0.009494,-0.999942,-17.406120,0.000000
53399,-0.000572,0.450258,-0.050022,0.004929,-0.000084,-0.009506,-0.999943,-17.405777,0.000000
53403,-0.000573,0.450258,-0.050018,0.005024,-0.000172,-0.009540,-0.999942,-17.405777,0.000000
53406,-0.000568,0.450260,-0.050008,0.004975,-0.000150,-0.009480,-0.999943,-17.405777,0.000000
53410,-0.000568,0.450256,-0.050002,0.004978,-0.000117,-0.009557,-0.999942,-17.405777,0.000000
53413,-0.000564,0.450255,-0.049995,0.004897,-0.000069,-0.009510,-0.999943,-17.405777,-0.000343
53417,-0.000564,0.450258,-0.049990,0.005027,-0.000156,-0.009522,-0.999942,-17.405777,0.000000
53420,-0.000569,0.450257,-0.049988,0.004980,-0.000119,-0.009507,-0.999942,-17.405777,0.000000
53424,-0.000579,0.450255,-0.049994,0.004972,-0.000111,-0.009580,-0.999942,-17.405777,0.000000
53427,-0.000585,0.450255,-0.050000,0.004976,-0.000137,-0.009553,-0.999942,-17.405777,0.000000
53431,-0.000585,0.450259,-0.050009,0.004976,-0.000139,-0.009545,-0.999942,-17.405777,0.000000
53434,-0.000589,0.450257,-0.050019,0.004991,-0.000097,-0.009551,-0.999942,-17.405777,0.000000
53438,-0.000582,0.450262,-0.050022,0.005040,-0.000122,-0.009558,-0.999942,-17.405777,-0.000343
53442,-0.000580,0.450259,-0.050025,0.004922,-0.000078,-0.009476,-0.999943,-17.405777,0.000000
53445,-0.000574,0.450258,-0.050019,0.004989,-0.000111,-0.009541,-0.999942,-17.405777,0.000000
53449,-0.000565,0.450260,-0.050012,0.004956,-0.000133,-0.009457,-0.999943,-17.405777,0.000000
53452,-0.000561,0.450260,-0.050006,0.005005,-0.000159,-0.009481,-0.999943,-17.405777,0.000000
53456,-0.000559,0.450257,-0.050002,0.004850,-0.000062,-0.009455,-0.999944,-17.405777,0.000000
53459,-0.000557,0.450256,-0.049999,0.004900,-0.000085,-0.009524,-0.999943,-17.405777,-0.000343
53463,-0.000553,0.450258,-0.049993,0.004958,-0.000106,-0.009451,-0.999943,-17.405777,-0.000343
53466,-0.000553,0.450258,-0.049993,0.004929,-0.000087,-0.009467,-0.999943,-17.405777,0.000000
53470,-0.000557,0.450256,-0.049994,0.004951,-0.000104,-0.009469,-0.999943,-17.405777,0.000000
53473,-0.000563,0.450258,-0.049995,0.004968,-0.000125,-0.009492,-0.999943,-17.405777,-0.000343
53477,-0.000572,0.450256,-0.049997,0.004912,-0.000065,-0.009511,-0.999943,-17.405777,0.000000
53480,-0.000573,0.450255,-0.049999,0.004867,-0.000060,-0.009520,-0.999943,-17.405777,-0.000343
53484,-0.000567,0.450259,-0.050002,0.004977,-0.000128,-0.009504,-0.999943,-17.405777,0.000000
53488,-0.000562,0.450256,-0.050011,0.004977,-0.000104,-0.009545,-0.999942,-17.405777,0.000000
53491,-0.000557,0.450256,-0.050016,0.004976,-0.000076,-0.009550,-0.999942,-17.405777,0.000000
53495,-0.000548,0.450263,-0.050016,0.005088,-0.000166,-0.009526,-0.999942,-17.405777,-0.000343
53498,-0.000550,0.450260,-0.050019,0.005045,-0.000139,-0.009508,-0.999942,-17.405777,0.000000
53502,-0.000552,0.450258,-0.050014,0.004989,-0.000120,-0.009551,-0.999942,-17.405777,-0.000343
53505,-0.000553,0.450260,-0.050010,0.005003,-0.000165,-0.009539,-0.999942,-17.405777,0.000000
53509,-0.000555,0.450256,-0.050005,0.004997,-0.000117,-0.009565,-0.999942,-17.405777,0.000000
53512,-0.000551,0.450255,-0.050000,0.004957,-0.000114,-0.009562,-0.999942,-17.405777,0.000000
53516,-0.000544,0.450260,-0.049995,0.005054,-0.000131,-0.009503,-0.999942,-17.405777,-0.000343
53520,-0.000544,0.450257,-0.049990,0.004875,-0.000072,-0.009460,-0.999943,-17.405777,0.000000
53523,-0.000550,0.450255,-0.049994,0.004946,-0.000107,-0.009510,-0.999943,-17.405777,0.000000
53527,-0.000558,0.450258,-0.049992,0.004943,-0.000128,-0.009480,-0.999943,-17.405777,-0.000343
53530,-0.000567,0.450259,-0.049997,0.004994,-0.000157,-0.009521,-0.999942,-17.405777,0.000000
53534,-0.000576,0.450255,-0.050008,0.004892,-0.000057,-0.009526,-0.999943,-17.405777,0.000000
53537,-0.000576,0.450256,-0.050016,0.004962,-0.000107,-0.009523,-0.999942,-17.405777,0.000000
53541,-0.000571,0.450260,-0.050022,0.004984,-0.000118,-0.009486,-0.999943,-17.405777,-0.000343
53544,-0.000565,0.450262,-0.050025,0.004957,-0.000103,-0.009458,-0.999943,-17.405777,-0.000343
53548,-0.000565,0.450262,-0.050024,0.005018,-0.000153,-0.009477,-0.999942,-17.405777,0.000000
53552,-0.000567,0.450258,-0.050017,0.005013,-0.000136,-0.009555,-0.999942,-17.405777,-0.000343
53555,-0.000572,0.450257,-0.050012,0.004906,-0.000067,-0.009552,-0.999942,-17.405777,0.000000
53559,-0.000566,0.450258,-0.050002,0.005068,-0.000163,-0.009547,-0.999942,-17.405777,-0.000343
53562,-0.000560,0.450260,-0.049994,0.004973,-0.000124,-0.009487,-0.999943,-17.405777,-0.000343
53566,-0.000561,0.450255,-0.049991,0.004940,-0.000062,-0.009555,-0.999942,-17.406120,0.000000
53569,-0.000556,0.450256,-0.049988,0.004947,-0.000089,-0.009527,-0.999942,-17.406120,-0.000343
53573,-0.000555,0.450258,-0.049991,0.005007,-0.000167,-0.009539,-0.999942,-17.406120,0.000000
53576,-0.000561,0.450255,-0.049995,0.005003,-0.000118,-0.009541,-0.999942,-17.406120,-0.000343
53580,-0.000568,0.450258,-0.050004,0.005015,-0.000133,-0.009562,-0.999942,-17.406120,-0.000343
53583,-0.000571,0.450258,-0.050007,0.005033,-0.000157,-0.009545,-0.999942,-17.406120,0.000000
53587,-0.000582,0.450253,-0.050012,0.004979,-0.000096,-0.009582,-0.999942,-17.406120,0.000000
53591,-0.000578,0.450258,-0.050007,0.005005,-0.000124,-0.009478,-0.999943,-17.406120,0.000000
53594,-0.000576,0.450258,-0.050005,0.005035,-0.000169,-0.009511,-0.999942,-17.406120,0.000000
53598,-0.000577,0.450255,-0.050002,0.004911,-0.000082,-0.009517,-0.999943,-17.406120,-0.000343
53601,-0.000571,0.450256,-0.049999,0.004939,-0.000109,-0.009547,-0.999942,-17.406464,0.000000
53601,-0.000571,0.450256,-0.049999,0.004939,-0.000109,-0.009547,-0.999942,-17.406464,0.000000
53601,-0.000571,0.450256,-0.049999,0.004939,-0.000109,-0.009547,-0.999942,-17.406464,0.000000
53601,-0.000571,0.450256,-0.049999,0.004939,-0.000109,-0.009547,-0.999942,-17.406464,0.000000
53601,-0.000571,0.450256,-0.049999,0.004939,-0.000109,-0.009547,-0.999942,-17.406464,0.000000
53601,-0.000571,0.450256,-0.049999,0.004939,-0.000109,-0.009547,-0.999942,-17.406464,0.000000
53601,-0.000571,0.450256,-0.049999,0.004939,-0.000109,-0.009547,-0.999942,-17.406464,0.000000
53601,-0.000571,0.450256,-0.049999,0.004939,-0.000109,-0.009547,-0.999942,-17.406464,0.000000
53601,-0.000571,0.450256,-0.049999,0.004939,-0.000109,-0.009547,-0.999942,-17.406464,0.000000
53601,-0.000571,0.450256,-0.049999,0.004939,-0.000109,-0.009547,-0.999942,-17.406464,0.000000
53601,-0.000571,0.450256,-0.049999,0.004939,-0.000109,-0.009547,-0.999942,-17.406464,0.000000
53601,-0.000571,0.450256,-0.049999,0.004939,-0.000109,-0.009547,-0.999942,-17.406464,0.000000
53601,-0.000571,0.450256,-0.049999,0.004939,-0.000109,-0.009547,-0.999942,-17.406464,0.000000
53601,-0.000571,0.450256,-0.049999,0.004939,-0.000109,-0.009547,-0.999942,-17.406464,0.000000
53601,-0.000571,0.450256,-0.049999,0.004939,-0.000109,-0.009547,-0.999942,-17.406464,0.000000
53601,-0.000571,0.450256,-0.049999,0.004939,-0.000109,-0.009547,-0.999942,-17.406464,0.000000
53601,-0.000571,0.450256,-0.049999,0.004939,-0.000109,-0.009547,-0.999942,-17.406464,0.000000
