0,0.000000,0.000000,0.000000,0.000000,0.000000,0.000000,0.000000,0.000000,0.000000
0,0.000000,0.000000,0.000000,0.000000,0.000000,0.000000,0.000000,0.000000,0.000000
0,0.000000,0.000000,0.000000,0.000000,0.000000,0.000000,0.000000,0.000000,0.000000
0,0.000000,0.000000,0.000000,0.000000,0.000000,0.000000,0.000000,0.000000,0.000000
0,0.000000,0.000000,0.000000,0.000000,0.000000,0.000000,0.000000,0.000000,0.000000
0,0.000000,0.000000,0.000000,0.000000,0.000000,0.000000,0.000000,0.000000,0.000000
0,0.000000,0.000000,0.000000,0.000000,0.000000,0.000000,0.000000,0.000000,0.000000
0,0.000000,0.000000,0.000000,0.000000,0.000000,0.000000,0.000000,0.000000,0.000000
0,0.000000,0.000000,0.000000,0.000000,0.000000,0.000000,0.000000,0.000000,0.000000
0,0.000000,0.000000,0.000000,0.000000,0.000000,0.000000,0.000000,0.000000,0.000000
0,0.000000,0.000000,0.000000,0.000000,0.000000,0.000000,0.000000,0.000000,0.000000
0,0.000000,0.000000,0.000000,0.000000,0.000000,0.000000,0.000000,0.000000,0.000000
0,0.000000,0.000000,0.000000,0.000000,0.000000,0.000000,0.000000,0.000000,0.000000
0,0.000000,0.000000,0.000000,0.000000,0.000000,0.000000,0.000000,0.000000,0.000000
0,0.000000,0.000000,0.000000,0.000000,0.000000,0.000000,0.000000,0.000000,0.000000
0,0.000000,0.000000,0.000000,0.000000,0.000000,0.000000,0.000000,0.000000,0.000000
0,0.000000,0.000000,0.000000,0.000000,0.000000,0.000000,0.000000,0.000000,0.000000
0,0.000000,0.000000,0.000000,0.000000,0.000000,0.000000,0.000000,0.000000,0.000000
0,0.000000,0.000000,0.000000,0.000000,0.000000,0.000000,0.000000,0.000000,0.000000
0,0.000000,0.000000,0.000000,0.000000,0.000000,0.000000,0.000000,0.000000,0.000000
0,0.000000,0.000000,0.000000,0.000000,0.000000,0.000000,0.000000,0.000000,0.000000
0,0.000000,0.000000,0.000000,0.000000,0.000000,0.000000,0.000000,0.000000,0.000000
0,0.000000,0.000000,0.000000,0.000000,0.000000,0.000000,0.000000,0.000000,0.000000
0,0.000000,0.000000,0.000000,0.000000,0.000000,0.000000,0.000000,0.000000,0.000000
0,0.000000,0.000000,0.000000,0.000000,0.000000,0.000000,0.000000,0.000000,0.000000
0,0.000000,0.000000,0.000000,0.000000,0.000000,0.000000,0.000000,0.000000,0.000000
0,0.000000,0.000000,0.000000,0.000000,0.000000,0.000000,0.000000,0.000000,0.000000
0,0.000000,0.000000,0.000000,0.000000,0.000000,0.000000,0.000000,0.000000,0.000000
0,0.000000,0.000000,0.000000,0.000000,0.000000,0.000000,0.000000,0.000000,0.000000
0,0.000000,0.000000,0.000000,0.000000,0.000000,0.000000,0.000000,0.000000,0.000000
25367,0.000253,0.450173,-0.049079,0.006638,-0.014764,-0.013463,-0.999778,-17.407150,-0.000343
25371,0.000258,0.450172,-0.049060,0.006768,-0.014854,-0.013439,-0.999777,-17.407150,0.000000
25374,0.000260,0.450171,-0.049052,0.006603,-0.014773,-0.013446,-0.999779,-17.407150,-0.000343
25378,0.000264,0.450169,-0.049048,0.006748,-0.014826,-0.013483,-0.999776,-17.407150,-0.000343
25382,0.000265,0.450171,-0.049051,0.006734,-0.014793,-0.013537,-0.999776,-17.407494,0.000000
25385,0.000260,0.450169,-0.049059,0.006702,-0.014825,-0.013472,-0.999777,-17.407150,-0.000343
25389,0.000257,0.450175,-0.049071,0.006768,-0.014838,-0.013548,-0.999775,-17.407150,-0.000343
25392,0.000254,0.450176,-0.049077,0.006844,-0.014904,-0.013475,-0.999775,-17.407150,0.000000
25396,0.000245,0.450172,-0.049092,0.006711,-0.014747,-0.013577,-0.999777,-17.407150,-0.000343
25399,0.000243,0.450172,-0.049092,0.006784,-0.014806,-0.013501,-0.999776,-17.407150,0.000000
25403,0.000246,0.450172,-0.049083,0.006828,-0.014885,-0.013552,-0.999774,-17.407150,-0.000343
25407,0.000245,0.450171,-0.049075,0.006599,-0.014748,-0.013443,-0.999779,-17.407494,0.000000
25410,0.000246,0.450168,-0.049068,0.006764,-0.014834,-0.013541,-0.999775,-17.407494,0.000000
25414,0.000253,0.450171,-0.049056,0.006764,-0.014866,-0.013424,-0.999777,-17.407494,-0.000343
25417,0.000255,0.450172,-0.049052,0.006714,-0.014820,-0.013487,-0.999777,-17.407494,-0.000343
25421,0.000251,0.450168,-0.049052,0.006580,-0.014714,-0.013455,-0.999780,-17.407150,-0.000343
25424,0.000253,0.450170,-0.049048,0.006822,-0.014920,-0.013465,-0.999775,-17.407494,-0.000343
25428,0.000255,0.450169,-0.049055,0.006706,-0.014816,-0.013447,-0.999777,-17.407494,-0.000343
25431,0.000258,0.450167,-0.049062,0.006643,-0.014759,-0.013459,-0.999779,-17.407494,-0.000343
25435,0.000265,0.450170,-0.049067,0.006779,-0.014855,-0.013440,-0.999776,-17.407494,0.000000
25439,0.000262,0.450171,-0.049080,0.006677,-0.014774,-0.013524,-0.999777,-17.407494,-0.000343
25442,0.000256,0.450173,-0.049083,0.006596,-0.014745,-0.013437,-0.999779,-17.407494,-0.000343
25446,0.000252,0.450174,-0.049089,0.006883,-0.014901,-0.013529,-0.999774,-17.407494,-0.000343
25449,0.000250,0.450176,-0.049088,0.006724,-0.014825,-0.013412,-0.999778,-17.407494,-0.000343
25453,0.000241,0.450170,-0.049095,0.006783,-0.014802,-0.013572,-0.999775,-17.407494,-0.000343
25456,0.000241,0.450173,-0.049095,0.006652,-0.014759,-0.013455,-0.999778,-17.407494,-0.000343
25460,0.000241,0.450176,-0.049086,0.006786,-0.014810,-0.013557,-0.999775,-17.407494,-0.000343
25463,0.000234,0.450174,-0.049080,0.006674,-0.014768,-0.013504,-0.999778,-17.407494,-0.000343
25467,0.000231,0.450173,-0.049067,0.006739,-0.014804,-0.013558,-0.999776,-17.407494,0.000000
25471,0.000233,0.450173,-0.049048,0.006730,-0.014851,-0.013461,-0.999777,-17.407494,-0.000343
25474,0.000234,0.450169,-0.049043,0.006670,-0.014806,-0.013537,-0.999777,-17.407494,0.000000
25478,0.000244,0.450173,-0.049033,0.006728,-0.014837,-0.013420,-0.999777,-17.407494,0.000000
25481,0.000249,0.450172,-0.049034,0.006814,-0.014874,-0.013520,-0.999775,-17.407837,0.000000
25485,0.000249,0.450170,-0.049040,0.006662,-0.014800,-0.013426,-0.999778,-17.407494,0.000000
25488,0.000245,0.450173,-0.049048,0.006676,-0.014795,-0.013430,-0.999778,-17.407494,0.000000
25492,0.000242,0.450175,-0.049066,0.006625,-0.014778,-0.013459,-0.999778,-17.407494,-0.000343
25495,0.000238,0.450177,-0.049077,0.006745,-0.014845,-0.013493,-0.999776,-17.407837,-0.000343
25499,0.000230,0.450174,-0.049095,0.006737,-0.014805,-0.013451,-0.999777,-17.407494,-0.000343
25502,0.000229,0.450174,-0.049106,0.006699,-0.014772,-0.013532,-0.999777,-17.407494,-0.000343
25506,0.000233,0.450175,-0.049110,0.006761,-0.014817,-0.013437,-0.999777,-17.407837,0.000000
25509,0.000235,0.450174,-0.049106,0.006778,-0.014814,-0.013498,-0.999776,-17.407494,-0.000343
25513,0.000244,0.450177,-0.049092,0.006662,-0.014766,-0.013466,-0.999778,-17.407494,-0.000343
25517,0.000245,0.450173,-0.049075,0.006695,-0.014764,-0.013538,-0.999777,-17.407494,-0.000343
25520,0.000247,0.450171,-0.049060,0.006692,-0.014760,-0.013472,-0.999778,-17.407494,-0.000343
25524,0.000252,0.450171,-0.049045,0.006725,-0.014837,-0.013481,-0.999776,-17.407494,0.000000
25527,0.000252,0.450172,-0.049039,0.006775,-0.014897,-0.013404,-0.999776,-17.407494,-0.000343
25531,0.000242,0.450168,-0.049046,0.006733,-0.014791,-0.013518,-0.999777,-17.406807,0.000000
25534,0.000238,0.450169,-0.049053,0.006697,-0.014779,-0.013466,-0.999778,-17.399597,-0.000343
25538,0.000235,0.450172,-0.049066,0.006761,-0.014817,-0.013559,-0.999775,-17.375908,0.000000
25542,0.000228,0.450172,-0.049082,0.006634,-0.014746,-0.013490,-0.999778,-17.331619,0.000000
25545,0.000226,0.450173,-0.049091,0.006817,-0.014856,-0.013559,-0.999775,-17.276001,-0.000343
25548,0.000225,0.450175,-0.049095,0.006805,-0.014872,-0.013512,-0.999775,-17.220039,0.000000
25552,0.000231,0.450176,-0.049095,0.006758,-0.014818,-0.013550,-0.999776,-17.160301,0.000000
25555,0.000234,0.450175,-0.049089,0.006808,-0.014847,-0.013517,-0.999775,-17.112236,-0.000343
25559,0.000240,0.450175,-0.049081,0.006744,-0.014814,-0.013500,-0.999776,-17.065201,-0.000343
25563,0.000239,0.450173,-0.049069,0.006542,-0.014713,-0.013422,-0.999780,-17.026062,0.000000
25566,0.000240,0.450171,-0.049062,0.006631,-0.014725,-0.013525,-0.999778,-16.973534,0.000000
25570,0.000243,0.450175,-0.049055,0.006616,-0.014798,-0.013419,-0.999779,-16.916885,-0.000343
25573,0.000239,0.450172,-0.049056,0.006804,-0.014908,-0.013482,-0.999775,-16.839981,0.000000
25577,0.000235,0.450172,-0.049059,0.006616,-0.014764,-0.013425,-0.999779,-16.740761,-0.000343
25580,0.000232,0.450171,-0.049065,0.006768,-0.014885,-0.013477,-0.999775,-16.622658,-0.000343
25584,0.000232,0.450175,-0.049073,0.006719,-0.014841,-0.013417,-0.999777,-16.497002,-0.000343
25588,0.000230,0.450175,-0.049082,0.006824,-0.014876,-0.013493,-0.999775,-16.368942,-0.000343
25591,0.000236,0.450175,-0.049083,0.006700,-0.014814,-0.013400,-0.999778,-16.227150,-0.000343
25595,0.000238,0.450174,-0.049082,0.006671,-0.014790,-0.013489,-0.999777,-16.111450,-0.000343
25598,0.000240,0.450173,-0.049077,0.006689,-0.014845,-0.013391,-0.999778,-15.973778,-0.000343
25602,0.000248,0.450176,-0.049066,0.006804,-0.014901,-0.013458,-0.999775,-15.818253,-0.000343
25605,0.000255,0.450178,-0.049058,0.006649,-0.014831,-0.013372,-0.999779,-15.650024,-0.000343
25609,0.000253,0.450171,-0.049057,0.006716,-0.014842,-0.013396,-0.999778,-15.442314,-0.000343
25612,0.000257,0.450173,-0.049052,0.006686,-0.014829,-0.013335,-0.999779,-15.259323,0.000000
25616,0.000259,0.450174,-0.049056,0.006775,-0.014892,-0.013377,-0.999777,-15.027237,0.000000
25620,0.000256,0.450177,-0.049058,0.006492,-0.014767,-0.013267,-0.999782,-14.831543,-0.000343
25623,0.000254,0.450176,-0.049061,0.006713,-0.014853,-0.013318,-0.999779,-14.613533,0.000000
25627,0.000262,0.450181,-0.049059,0.006645,-0.014900,-0.013179,-0.999780,-14.383850,-0.000343
25630,0.000265,0.450181,-0.049059,0.006693,-0.014908,-0.013216,-0.999779,-14.147644,-0.000343
25634,0.000265,0.450179,-0.049056,0.006586,-0.014879,-0.013077,-0.999782,-13.906975,-0.000343
25637,0.000272,0.450184,-0.049052,0.006622,-0.014944,-0.013104,-0.999781,-13.653603,0.000000
25641,0.000278,0.450181,-0.049046,0.006507,-0.014808,-0.013058,-0.999784,-13.396454,-0.000343
25644,0.000284,0.450182,-0.049038,0.006441,-0.014753,-0.013113,-0.999785,-13.134155,-0.000343
25648,0.000293,0.450180,-0.049027,0.006542,-0.014865,-0.013017,-0.999783,-12.860184,-0.000343
25651,0.000296,0.450180,-0.049021,0.006605,-0.014902,-0.013059,-0.999782,-12.575912,-0.000343
25655,0.000299,0.450181,-0.049023,0.006315,-0.014712,-0.013006,-0.999787,-12.284088,-0.000343
25658,0.000302,0.450180,-0.049027,0.006503,-0.014834,-0.013048,-0.999784,-12.008057,-0.000343
25662,0.000314,0.450184,-0.049030,0.006471,-0.014846,-0.012963,-0.999785,-11.727219,-0.000343
25666,0.000320,0.450182,-0.049036,0.006502,-0.014822,-0.012981,-0.999785,-11.432648,0.000000
25669,0.000323,0.450184,-0.049036,0.006405,-0.014825,-0.012863,-0.999787,-11.129837,-0.000343
25673,0.000336,0.450189,-0.049027,0.006485,-0.014894,-0.012868,-0.999785,-10.820847,0.000000
25677,0.000346,0.450192,-0.049012,0.006300,-0.014844,-0.012707,-0.999789,-10.517006,0.000000
25680,0.000361,0.450192,-0.048999,0.006337,-0.014902,-0.012670,-0.999789,-10.212822,-0.000343
25684,0.000384,0.450191,-0.048980,0.006258,-0.014875,-0.012526,-0.999791,-9.906921,0.000000
25687,0.000402,0.450197,-0.048963,0.006206,-0.014916,-0.012383,-0.999793,-9.598618,-0.000343
25691,0.000433,0.450200,-0.048954,0.006103,-0.014882,-0.012214,-0.999796,-9.289627,-0.000343
25694,0.000457,0.450206,-0.048947,0.006192,-0.014972,-0.012183,-0.999795,-8.979263,0.000000
25698,0.000486,0.450207,-0.048948,0.005846,-0.014833,-0.011971,-0.999801,-8.668556,-0.000343
25701,0.000505,0.450208,-0.048947,0.006032,-0.014905,-0.011950,-0.999799,-8.354759,-0.000343
25705,0.000531,0.450217,-0.048940,0.005956,-0.014982,-0.011731,-0.999801,-8.032036,-0.000343
25708,0.000542,0.450218,-0.048935,0.005975,-0.014985,-0.011746,-0.999801,-7.691460,-0.000343
25712,0.000559,0.450221,-0.048921,0.005764,-0.014920,-0.011527,-0.999806,-7.412338,-0.000343
25716,0.000589,0.450228,-0.048903,0.005764,-0.014946,-0.011413,-0.999807,-7.101631,0.000000
25719,0.000614,0.450230,-0.048891,0.005658,-0.014935,-0.011263,-0.999809,-6.778564,0.000000
25723,0.000653,0.450234,-0.048876,0.005697,-0.014996,-0.011126,-0.999809,-6.443825,-0.000343
25726,0.000684,0.450241,-0.048866,0.005545,-0.014976,-0.010950,-0.999812,-6.173630,-0.000343
25730,0.000719,0.450243,-0.048861,0.005507,-0.015009,-0.010873,-0.999813,-5.881462,-0.000343
25733,0.000746,0.450245,-0.048857,0.005318,-0.014943,-0.010653,-0.999817,-5.599594,-0.000343
25737,0.000783,0.450253,-0.048859,0.005344,-0.014971,-0.010600,-0.999817,-5.319786,-0.000343
25740,0.000810,0.450256,-0.048854,0.005290,-0.014990,-0.010359,-0.999820,-5.050964,-0.000343
25744,0.000840,0.450263,-0.048854,0.005094,-0.014905,-0.010264,-0.999823,-4.734077,-0.000343
25747,0.000867,0.450267,-0.048843,0.005090,-0.014957,-0.009988,-0.999825,-4.468346,-0.000343
25751,0.000899,0.450275,-0.048823,0.005151,-0.015052,-0.009839,-0.999825,-4.172401,0.000000
25755,0.000928,0.450281,-0.048794,0.004804,-0.014977,-0.009563,-0.999831,-3.900490,0.000000
25758,0.000950,0.450283,-0.048774,0.004860,-0.015095,-0.009417,-0.999830,-3.653984,-0.000343
25761,0.000971,0.450287,-0.048753,0.004696,-0.015052,-0.009225,-0.999833,-3.421555,0.000000
25765,0.001002,0.450291,-0.048730,0.004529,-0.015045,-0.009062,-0.999836,-3.162346,-0.000343
25769,0.001044,0.450301,-0.048710,0.004518,-0.015096,-0.008786,-0.999837,-2.950859,-0.000343
25772,0.001074,0.450306,-0.048704,0.004445,-0.015098,-0.008683,-0.999839,-2.739029,-0.000343
25776,0.001116,0.450307,-0.048696,0.004135,-0.014969,-0.008485,-0.999843,-2.517929,-0.000343
25779,0.001142,0.450310,-0.048694,0.004115,-0.014984,-0.008396,-0.999844,-2.304039,-0.000343
25783,0.001183,0.450331,-0.048682,0.004156,-0.015103,-0.007966,-0.999846,-2.098732,-0.000343
25787,0.001207,0.450328,-0.048680,0.004076,-0.015061,-0.007834,-0.999848,-1.901665,-0.000343
25790,0.001228,0.450332,-0.048675,0.003986,-0.015073,-0.007626,-0.999849,-1.690521,0.000000
25793,0.001250,0.450339,-0.048665,0.003879,-0.015075,-0.007547,-0.999850,-1.531219,0.000000
25797,0.001269,0.450334,-0.048655,0.003718,-0.015052,-0.007395,-0.999853,-1.363335,-0.000343
25801,0.001290,0.450347,-0.048637,0.003845,-0.015118,-0.007186,-0.999853,-1.216049,-0.000343
25804,0.001304,0.450344,-0.048627,0.003528,-0.015027,-0.007093,-0.999856,-1.068764,-0.000343
25808,0.001326,0.450357,-0.048605,0.003758,-0.015164,-0.006955,-0.999854,-0.966110,-0.000343
25811,0.001341,0.450350,-0.048600,0.003290,-0.014974,-0.006866,-0.999859,-0.861397,0.000000
25815,0.001369,0.450364,-0.048579,0.003670,-0.015206,-0.006730,-0.999855,-0.768013,-0.000343
25818,0.001388,0.450369,-0.048569,0.003439,-0.015128,-0.006557,-0.999858,-0.672913,-0.000343
25822,0.001405,0.450368,-0.048562,0.003421,-0.015101,-0.006553,-0.999859,-0.579529,-0.000343
25825,0.001420,0.450370,-0.048554,0.003286,-0.015051,-0.006401,-0.999861,-0.488892,-0.000343
25829,0.001441,0.450363,-0.048558,0.003151,-0.015024,-0.006473,-0.999861,-0.405807,-0.000343
25833,0.001453,0.450362,-0.048558,0.003055,-0.014988,-0.006373,-0.999863,-0.338516,0.000000
25836,0.001464,0.450376,-0.048556,0.003230,-0.015073,-0.006201,-0.999862,-0.281181,-0.000343
25840,0.001474,0.450380,-0.048556,0.003174,-0.015084,-0.006110,-0.999863,-0.236893,-0.000343
25843,0.001471,0.450367,-0.048562,0.003098,-0.015025,-0.006268,-0.999863,-0.195351,-0.000343
25847,0.001475,0.450381,-0.048549,0.003240,-0.015147,-0.005994,-0.999862,-0.161705,0.000000
25850,0.001478,0.450384,-0.048545,0.003267,-0.015160,-0.006006,-0.999862,-0.127029,0.000000
25854,0.001474,0.450369,-0.048546,0.002975,-0.014994,-0.006064,-0.999865,-0.097160,-0.000343
25857,0.001476,0.450380,-0.048534,0.003256,-0.015124,-0.005979,-0.999862,-0.071068,0.000000
25861,0.001479,0.450381,-0.048530,0.003120,-0.015092,-0.005871,-0.999864,-0.048065,-0.000343
25864,0.001480,0.450385,-0.048529,0.003140,-0.015115,-0.005914,-0.999863,-0.029182,-0.000343
25868,0.001475,0.450374,-0.048537,0.002769,-0.014909,-0.005951,-0.999867,-0.016823,-0.000343
25872,0.001481,0.450385,-0.048535,0.003209,-0.015153,-0.005833,-0.999863,-0.010300,-0.000343
25875,0.001482,0.450386,-0.048545,0.003055,-0.015078,-0.005774,-0.999865,-0.004120,-0.000343
25879,0.001477,0.450382,-0.048553,0.003170,-0.015060,-0.005847,-0.999865,-0.000343,0.000000
25882,0.001480,0.450383,-0.048549,0.003187,-0.015104,-0.005810,-0.999864,0.002747,-0.000343
25886,0.001482,0.450376,-0.048554,0.002935,-0.014980,-0.005949,-0.999866,0.004807,0.000000
25889,0.001484,0.450380,-0.048539,0.003086,-0.015045,-0.005821,-0.999865,0.006523,0.000000
25893,0.001494,0.450384,-0.048524,0.003078,-0.015081,-0.005822,-0.999865,0.007210,0.000000
25896,0.001497,0.450382,-0.048507,0.003080,-0.015105,-0.005741,-0.999865,0.010300,-0.000343
25900,0.001488,0.450377,-0.048495,0.003051,-0.015067,-0.005872,-0.999865,0.377312,0.000000
25904,0.001591,0.450399,-0.048437,0.002710,-0.015152,-0.005061,-0.999869,1.756783,-0.000343
25907,0.001914,0.450462,-0.048295,0.001829,-0.015180,-0.002785,-0.999879,3.680420,0.000000
25911,0.002470,0.450553,-0.048060,0.000169,-0.015339,0.000932,-0.999882,6.333961,-0.000343
25914,0.002873,0.450617,-0.047907,-0.001046,-0.015263,0.003391,-0.999877,8.925705,-0.000343
25918,0.003408,0.450692,-0.047695,-0.002454,-0.015260,0.006737,-0.999858,10.864449,-0.000343
25921,0.003641,0.450723,-0.047593,-0.002991,-0.015310,0.008141,-0.999845,11.784897,-0.000343
25925,0.003664,0.450719,-0.047555,-0.003240,-0.015202,0.008282,-0.999845,11.700783,-0.000343
25928,0.003636,0.450710,-0.047523,-0.003132,-0.015304,0.008222,-0.999844,10.790634,0.000000
25932,0.003545,0.450704,-0.047506,-0.003360,-0.015073,0.007997,-0.999849,9.621964,-0.000343
25936,0.003432,0.450699,-0.047543,-0.003101,-0.015006,0.007454,-0.999855,8.723831,-0.000343
25939,0.003436,0.450701,-0.047549,-0.003017,-0.015079,0.007615,-0.999853,8.497925,0.000000
25943,0.003441,0.450705,-0.047598,-0.003053,-0.015001,0.007486,-0.999855,8.956261,-0.000343
25943,0.003441,0.450705,-0.047598,-0.003053,-0.015001,0.007486,-0.999855,9.392967,-0.000343
25950,0.003574,0.450721,-0.047609,-0.003097,-0.015204,0.008039,-0.999847,11.242790,0.000000
25953,0.003633,0.450727,-0.047589,-0.003302,-0.015226,0.008468,-0.999843,12.340050,-0.000343
25957,0.003794,0.450741,-0.047502,-0.003776,-0.015308,0.009526,-0.999830,13.040771,0.000000
25960,0.003875,0.450753,-0.047438,-0.004077,-0.015282,0.010086,-0.999824,13.131409,0.000000
25964,0.003836,0.450750,-0.047446,-0.003964,-0.015200,0.009744,-0.999829,12.876663,0.000000
25967,0.003873,0.450748,-0.047404,-0.004123,-0.015089,0.010062,-0.999827,12.413177,0.000000
25971,0.003852,0.450744,-0.047396,-0.003896,-0.015197,0.009781,-0.999829,12.048912,-0.000343
25974,0.003852,0.450747,-0.047390,-0.004086,-0.015143,0.009831,-0.999829,11.965828,0.000000
25978,0.003864,0.450745,-0.047390,-0.004095,-0.015134,0.009874,-0.999828,12.245293,0.000000
25982,0.003830,0.450748,-0.047431,-0.003794,-0.015279,0.009732,-0.999829,12.881470,-0.000343
25985,0.003867,0.450755,-0.047424,-0.003928,-0.015284,0.010018,-0.999825,13.705444,-0.000343
25989,0.003970,0.450777,-0.047395,-0.004378,-0.015302,0.010892,-0.999814,14.565125,0.000000
25992,0.004083,0.450790,-0.047343,-0.004605,-0.015344,0.011585,-0.999805,15.044060,-0.000343
25996,0.004172,0.450804,-0.047313,-0.004810,-0.015373,0.012084,-0.999797,15.290222,-0.000343
26000,0.004210,0.450806,-0.047292,-0.005140,-0.015136,0.012219,-0.999798,15.313225,-0.000343
26003,0.004242,0.450803,-0.047264,-0.005100,-0.015194,0.012396,-0.999795,15.238037,-0.000343
26006,0.004250,0.450801,-0.047241,-0.005076,-0.015280,0.012302,-0.999795,15.159760,0.000000
26010,0.004241,0.450798,-0.047211,-0.005308,-0.015183,0.012377,-0.999794,15.161476,0.000000
26014,0.004211,0.450792,-0.047208,-0.005206,-0.015203,0.012307,-0.999795,15.345840,0.000000
26017,0.004212,0.450797,-0.047217,-0.005198,-0.015209,0.012355,-0.999795,15.774651,0.000000
26021,0.004310,0.450807,-0.047211,-0.005457,-0.015244,0.012941,-0.999785,16.326714,0.000000
26024,0.004430,0.450821,-0.047194,-0.005777,-0.015309,0.013718,-0.999772,16.881866,-0.000343
26028,0.004541,0.450843,-0.047193,-0.006042,-0.015309,0.014354,-0.999762,17.328529,0.000000
26031,0.004572,0.450853,-0.047183,-0.006173,-0.015252,0.014653,-0.999757,17.491608,-0.000343
26035,0.004561,0.450849,-0.047158,-0.006279,-0.015202,0.014698,-0.999757,17.500191,-0.000343
26038,0.004534,0.450841,-0.047126,-0.006244,-0.015243,0.014692,-0.999756,17.435303,-0.000343
26042,0.004529,0.450839,-0.047068,-0.006269,-0.015317,0.014613,-0.999756,17.335396,0.000000
26045,0.004535,0.450835,-0.047045,-0.006378,-0.015248,0.014648,-0.999756,17.293854,0.000000
26049,0.004566,0.450832,-0.047034,-0.006330,-0.015195,0.014651,-0.999757,17.325096,-0.000343
26053,0.004611,0.450837,-0.047036,-0.006255,-0.015292,0.014734,-0.999755,17.507744,-0.000343
26056,0.004632,0.450839,-0.047051,-0.006373,-0.015239,0.014773,-0.999754,17.854843,0.000000
26060,0.004681,0.450847,-0.047057,-0.006489,-0.015261,0.015126,-0.999748,18.265800,0.000000
26063,0.004728,0.450859,-0.047051,-0.006659,-0.015309,0.015520,-0.999740,18.643456,0.000000
26067,0.004762,0.450866,-0.047053,-0.006733,-0.015295,0.015890,-0.999734,18.907127,0.000000
26071,0.004797,0.450875,-0.047039,-0.006861,-0.015327,0.016179,-0.999728,19.040680,-0.000343
26074,0.004814,0.450874,-0.047021,-0.006880,-0.015358,0.016272,-0.999726,19.060249,0.000000
26078,0.004814,0.450868,-0.046993,-0.007012,-0.015259,0.016299,-0.999726,19.060249,0.000000
26081,0.004824,0.450870,-0.046964,-0.007166,-0.015199,0.016333,-0.999725,19.062309,0.000000
26085,0.004830,0.450871,-0.046941,-0.006994,-0.015356,0.016295,-0.999725,19.141960,-0.000343
26088,0.004835,0.450872,-0.046945,-0.007176,-0.015251,0.016361,-0.999724,19.351387,0.000000
26092,0.004863,0.450876,-0.046950,-0.007208,-0.015229,0.016521,-0.999722,19.614372,0.000000
26095,0.004910,0.450884,-0.046947,-0.007319,-0.015284,0.016821,-0.999715,19.919586,0.000000
26099,0.004990,0.450896,-0.046936,-0.007572,-0.015210,0.017255,-0.999707,20.227547,-0.000343
26103,0.005057,0.450903,-0.046917,-0.007587,-0.015298,0.017550,-0.999700,20.435257,0.000000
26106,0.005098,0.450908,-0.046895,-0.007772,-0.015212,0.017772,-0.999696,20.574646,0.000000
26109,0.005128,0.450908,-0.046863,-0.007878,-0.015224,0.017994,-0.999691,20.645370,0.000000
26113,0.005132,0.450903,-0.046822,-0.007916,-0.015245,0.018027,-0.999690,20.700302,0.000000
26117,0.005130,0.450908,-0.046781,-0.007928,-0.015321,0.018050,-0.999688,20.784760,0.000000
26120,0.005120,0.450906,-0.046768,-0.007928,-0.015356,0.018123,-0.999686,20.906296,0.000000
26124,0.005126,0.450907,-0.046777,-0.008023,-0.015303,0.018182,-0.999685,21.108856,0.000000
26127,0.005162,0.450915,-0.046793,-0.008157,-0.015233,0.018378,-0.999682,21.313133,0.000000
26131,0.005235,0.450924,-0.046821,-0.008244,-0.015321,0.018731,-0.999673,21.558952,0.000000
26134,0.005278,0.450929,-0.046842,-0.008315,-0.015293,0.018968,-0.999669,21.795845,0.000000
26138,0.005320,0.450937,-0.046848,-0.008316,-0.015346,0.019279,-0.999662,21.995659,0.000000
26142,0.005349,0.450940,-0.046819,-0.008608,-0.015268,0.019519,-0.999656,22.143288,0.000000
26145,0.005359,0.450938,-0.046782,-0.008642,-0.015251,0.019541,-0.999655,22.254868,0.000000
26149,0.005381,0.450936,-0.046717,-0.008661,-0.015303,0.019714,-0.999651,22.355804,0.000000
26152,0.005400,0.450934,-0.046673,-0.008721,-0.015347,0.019829,-0.999648,22.465668,0.000000
26156,0.005431,0.450936,-0.046632,-0.009024,-0.015225,0.020009,-0.999643,22.610893,0.000000
26159,0.005456,0.450934,-0.046618,-0.008950,-0.015304,0.020129,-0.999640,22.789764,0.000000
26163,0.005493,0.450942,-0.046622,-0.009121,-0.015282,0.020387,-0.999634,22.991638,0.000000
26166,0.005507,0.450945,-0.046641,-0.009074,-0.015378,0.020535,-0.999630,23.199005,0.000000
26170,0.005525,0.450953,-0.046676,-0.009200,-0.015273,0.020782,-0.999625,23.404312,-0.000343
26174,0.005558,0.450962,-0.046697,-0.009229,-0.015306,0.020934,-0.999621,23.600693,0.000000
26177,0.005581,0.450964,-0.046699,-0.009256,-0.015323,0.021112,-0.999617,23.744888,0.000000
26180,0.005617,0.450965,-0.046681,-0.009463,-0.015218,0.021306,-0.999612,23.889771,0.000000
26184,0.005662,0.450965,-0.046634,-0.009461,-0.015295,0.021519,-0.999607,24.020576,0.000000
26187,0.005692,0.450963,-0.046587,-0.009625,-0.015283,0.021705,-0.999601,24.168549,0.000000
26191,0.005718,0.450957,-0.046529,-0.009817,-0.015248,0.021855,-0.999597,24.303474,0.000000
26195,0.005750,0.450963,-0.046488,-0.009964,-0.015323,0.022014,-0.999591,24.473076,0.000000
26198,0.005768,0.450963,-0.046479,-0.009915,-0.015402,0.022195,-0.999586,24.655037,0.000000
26202,0.005792,0.450966,-0.046499,-0.009983,-0.015306,0.022385,-0.999582,24.861374,0.000000
26205,0.005815,0.450974,-0.046523,-0.010181,-0.015281,0.022603,-0.999576,25.009346,0.000000
26209,0.005848,0.450984,-0.046555,-0.010107,-0.015331,0.022787,-0.999572,25.172768,0.000000
26213,0.005873,0.450986,-0.046569,-0.010208,-0.015270,0.023017,-0.999566,25.311127,0.000000
26216,0.005894,0.450989,-0.046566,-0.010157,-0.015342,0.023102,-0.999564,25.447083,0.000000
26219,0.005915,0.450992,-0.046544,-0.010175,-0.015379,0.023215,-0.999560,25.586472,0.000000
26223,0.005942,0.450990,-0.046491,-0.010386,-0.015338,0.023358,-0.999556,25.703201,0.000000
26227,0.005974,0.450986,-0.046430,-0.010598,-0.015326,0.023609,-0.999548,25.849800,0.000343
26230,0.006002,0.450987,-0.046390,-0.010654,-0.015347,0.023728,-0.999544,26.004982,0.000000
26234,0.006043,0.450988,-0.046353,-0.010818,-0.015352,0.023975,-0.999536,26.180077,0.000000
26237,0.006071,0.450992,-0.046348,-0.010904,-0.015312,0.024127,-0.999532,26.367531,0.000000
26241,0.006110,0.451002,-0.046353,-0.010881,-0.015393,0.024355,-0.999526,26.512413,0.000343
26244,0.006126,0.451008,-0.046371,-0.011020,-0.015325,0.024486,-0.999522,26.659698,0.000343
26248,0.006129,0.451010,-0.046394,-0.011034,-0.015298,0.024616,-0.999519,26.807671,0.000000
26251,0.006138,0.451016,-0.046401,-0.011153,-0.015275,0.024743,-0.999515,26.949806,0.000000
26255,0.006153,0.451016,-0.046395,-0.011114,-0.015301,0.024897,-0.999511,27.082329,0.000000
26259,0.006181,0.451018,-0.046370,-0.011134,-0.015303,0.024975,-0.999509,27.198715,0.000000
26262,0.006209,0.451022,-0.046344,-0.011374,-0.015231,0.025152,-0.999503,27.361450,0.000343
26266,0.006250,0.451019,-0.046299,-0.011327,-0.015359,0.025290,-0.999498,27.508736,0.000000
26269,0.006277,0.451020,-0.046271,-0.011616,-0.015261,0.025487,-0.999491,27.688637,0.000000
26273,0.006322,0.451026,-0.046242,-0.011657,-0.015382,0.025694,-0.999484,27.848969,0.000343
26276,0.006352,0.451032,-0.046239,-0.011711,-0.015395,0.025884,-0.999478,28.011360,0.000343
26280,0.006390,0.451040,-0.046248,-0.011766,-0.015355,0.026034,-0.999474,28.176155,0.000000
26284,0.006425,0.451042,-0.046253,-0.011789,-0.015440,0.026319,-0.999465,28.317261,0.000343
26287,0.006441,0.451043,-0.046253,-0.011715,-0.015497,0.026375,-0.999463,28.433647,0.000000
26290,0.006453,0.451047,-0.046246,-0.011875,-0.015451,0.026455,-0.999460,28.577499,0.000000
26294,0.006466,0.451038,-0.046228,-0.012151,-0.015349,0.026513,-0.999457,28.721008,0.000000
26298,0.006494,0.451049,-0.046186,-0.012199,-0.015419,0.026921,-0.999444,28.860054,0.000343
26301,0.006516,0.451035,-0.046163,-0.012319,-0.015371,0.026893,-0.999444,29.023476,0.000000
26305,0.006552,0.451034,-0.046133,-0.012602,-0.015319,0.027191,-0.999433,29.187241,0.000000
26308,0.006576,0.451036,-0.046121,-0.012630,-0.015364,0.027317,-0.999429,29.351692,0.000343
26312,0.006608,0.451054,-0.046110,-0.012590,-0.015432,0.027664,-0.999419,29.513054,0.000343
26315,0.006630,0.451056,-0.046118,-0.012531,-0.015489,0.027826,-0.999414,29.651756,0.000343
26319,0.006662,0.451050,-0.046138,-0.012828,-0.015370,0.027875,-0.999411,29.789429,0.000000
26322,0.006690,0.451057,-0.046143,-0.012887,-0.015415,0.028032,-0.999405,29.917831,0.000343
26326,0.006709,0.451058,-0.046144,-0.013079,-0.015283,0.028164,-0.999401,30.051727,0.000343
26329,0.006727,0.451061,-0.046132,-0.013163,-0.015301,0.028345,-0.999394,30.210686,0.000000
26333,0.006764,0.451064,-0.046100,-0.013167,-0.015366,0.028516,-0.999389,30.367584,0.000343
26337,0.006795,0.451059,-0.046062,-0.013319,-0.015323,0.028698,-0.999382,30.556755,0.000000
26340,0.006826,0.451059,-0.046033,-0.013464,-0.015319,0.028921,-0.999374,30.702667,0.000000
26344,0.006861,0.451060,-0.046000,-0.013376,-0.015447,0.029106,-0.999367,30.880165,0.000000
26347,0.006883,0.451061,-0.045987,-0.013521,-0.015406,0.029293,-0.999361,31.012688,0.000343
26351,0.006915,0.451065,-0.045979,-0.013663,-0.015408,0.029428,-0.999355,31.156883,0.000000
26354,0.006939,0.451069,-0.045979,-0.013656,-0.015470,0.029619,-0.999348,31.288033,0.000343
26358,0.006960,0.451067,-0.045984,-0.013639,-0.015458,0.029754,-0.999345,31.441841,0.000343
26362,0.006989,0.451074,-0.045984,-0.013808,-0.015442,0.030000,-0.999335,31.565781,0.000343
26365,0.007009,0.451079,-0.045977,-0.013779,-0.015511,0.030100,-0.999332,31.735039,0.000343
26369,0.007030,0.451081,-0.045959,-0.014032,-0.015414,0.030352,-0.999322,31.883698,0.000343
26372,0.007050,0.451079,-0.045943,-0.014109,-0.015432,0.030505,-0.999316,32.053299,0.000343
26376,0.007086,0.451081,-0.045919,-0.014086,-0.015504,0.030733,-0.999308,32.205734,0.000343
26379,0.007108,0.451082,-0.045911,-0.014272,-0.015408,0.030841,-0.999304,32.359200,0.000343
26383,0.007136,0.451085,-0.045896,-0.014349,-0.015382,0.031080,-0.999296,32.507515,0.000343
26387,0.007167,0.451093,-0.045887,-0.014372,-0.015417,0.031190,-0.999291,32.640724,0.000343
26390,0.007187,0.451091,-0.045882,-0.014406,-0.015389,0.031398,-0.999285,32.757111,0.000343
26393,0.007208,0.451092,-0.045879,-0.014515,-0.015340,0.031460,-0.999282,32.892036,0.000343
26397,0.007251,0.451101,-0.045860,-0.014638,-0.015323,0.031657,-0.999274,33.056145,0.000343
26401,0.007292,0.451098,-0.045835,-0.014763,-0.015282,0.031819,-0.999268,33.261795,0.000000
26404,0.007325,0.451099,-0.045806,-0.014874,-0.015286,0.032063,-0.999258,33.486671,0.000343
26408,0.007373,0.451099,-0.045763,-0.014913,-0.015376,0.032324,-0.999248,33.741760,0.000343
26411,0.007405,0.451102,-0.045733,-0.015041,-0.015388,0.032597,-0.999237,34.000969,0.000343
26415,0.007448,0.451108,-0.045706,-0.015267,-0.015353,0.032863,-0.999225,34.224129,0.000343
26418,0.007473,0.451108,-0.045697,-0.015322,-0.015361,0.033101,-0.999217,34.432869,0.000343
26422,0.007516,0.451122,-0.045697,-0.015405,-0.015418,0.033286,-0.999208,34.647789,0.000343
26425,0.007537,0.451118,-0.045704,-0.015444,-0.015427,0.033528,-0.999199,34.812241,0.000343
26429,0.007568,0.451122,-0.045713,-0.015542,-0.015411,0.033717,-0.999192,35.001755,0.000000
26432,0.007594,0.451128,-0.045710,-0.015578,-0.015430,0.033896,-0.999185,35.183716,0.000343
26436,0.007637,0.451135,-0.045693,-0.015847,-0.015379,0.034188,-0.999171,35.391426,0.000343
26440,0.007683,0.451132,-0.045659,-0.015990,-0.015379,0.034541,-0.999157,35.637932,0.000000
26443,0.007733,0.451135,-0.045627,-0.016114,-0.015399,0.034782,-0.999146,35.849075,0.000000
26447,0.007806,0.451144,-0.045581,-0.016418,-0.015361,0.035226,-0.999126,36.071892,0.000343
26450,0.007846,0.451140,-0.045551,-0.016461,-0.015406,0.035496,-0.999116,36.281319,0.000343
26454,0.007907,0.451145,-0.045510,-0.016643,-0.015491,0.035853,-0.999098,36.498299,0.000343
26457,0.007946,0.451149,-0.045490,-0.016724,-0.015513,0.036070,-0.999089,36.696053,0.000343
26461,0.007977,0.451149,-0.045483,-0.016992,-0.015312,0.036366,-0.999077,36.899986,0.000343
26465,0.008016,0.451155,-0.045481,-0.016976,-0.015404,0.036589,-0.999068,37.103920,0.000343
26468,0.008043,0.451158,-0.045477,-0.017155,-0.015342,0.036845,-0.999056,37.301331,0.000343
26472,0.008070,0.451158,-0.045474,-0.017113,-0.015393,0.037022,-0.999049,37.508698,0.000343
26475,0.008101,0.451161,-0.045461,-0.017236,-0.015367,0.037284,-0.999038,37.737350,0.000343
26479,0.008148,0.451166,-0.045434,-0.017437,-0.015389,0.037592,-0.999023,37.961540,0.000000
26482,0.008180,0.451166,-0.045411,-0.017508,-0.015384,0.037821,-0.999013,38.199463,0.000000
26486,0.008235,0.451173,-0.045378,-0.017653,-0.015375,0.038054,-0.999002,38.388290,0.000343
26489,0.008269,0.451174,-0.045351,-0.017690,-0.015402,0.038289,-0.998991,38.591537,0.000343
26493,0.008309,0.451175,-0.045321,-0.017786,-0.015430,0.038517,-0.998981,38.807831,0.000000
26496,0.008343,0.451176,-0.045300,-0.018056,-0.015348,0.038765,-0.998967,38.984299,0.000343
26500,0.008398,0.451184,-0.045275,-0.018115,-0.015457,0.039037,-0.998954,39.170723,0.000343
26504,0.008435,0.451186,-0.045266,-0.018373,-0.015340,0.039325,-0.998940,39.360580,0.000343
26507,0.008466,0.451187,-0.045264,-0.018276,-0.015409,0.039424,-0.998937,39.552841,0.000343
26511,0.008511,0.451190,-0.045267,-0.018484,-0.015370,0.039748,-0.998921,39.722099,0.000343
26514,0.008532,0.451194,-0.045266,-0.018584,-0.015325,0.039850,-0.998915,39.909554,0.000343
26518,0.008559,0.451193,-0.045258,-0.018796,-0.015272,0.040157,-0.998900,40.062675,0.000000
26521,0.008581,0.451194,-0.045246,-0.018801,-0.015329,0.040225,-0.998896,40.225410,0.000000
26524,0.008603,0.451196,-0.045227,-0.018770,-0.015432,0.040363,-0.998890,40.383682,0.000343
26528,0.008631,0.451198,-0.045203,-0.019010,-0.015321,0.040581,-0.998878,40.502472,0.000000
26532,0.008665,0.451200,-0.045172,-0.018977,-0.015415,0.040762,-0.998870,40.623665,0.000343
26536,0.008688,0.451199,-0.045147,-0.019040,-0.015450,0.040891,-0.998863,40.756874,0.000343
26539,0.008707,0.451199,-0.045130,-0.019360,-0.015293,0.041065,-0.998852,40.869484,0.000343
26542,0.008724,0.451199,-0.045115,-0.019317,-0.015336,0.041147,-0.998849,40.975571,0.000343
26546,0.008758,0.451205,-0.045097,-0.019278,-0.015468,0.041366,-0.998838,41.113930,0.000343
26550,0.008777,0.451204,-0.045094,-0.019394,-0.015381,0.041483,-0.998833,41.260185,0.000343
26553,0.008801,0.451207,-0.045091,-0.019483,-0.015378,0.041725,-0.998821,41.418457,0.000343
26557,0.008831,0.451207,-0.045093,-0.019602,-0.015366,0.041863,-0.998813,41.574326,0.000343
26561,0.008853,0.451209,-0.045092,-0.019693,-0.015367,0.042122,-0.998800,41.747360,0.000343
26564,0.008872,0.451212,-0.045092,-0.019639,-0.015416,0.042223,-0.998796,41.873360,0.000000
26568,0.008897,0.451214,-0.045092,-0.019870,-0.015333,0.042448,-0.998783,42.019272,0.000000
26571,0.008914,0.451213,-0.045086,-0.019757,-0.015372,0.042503,-0.998783,42.130165,0.000343
26575,0.008944,0.451215,-0.045069,-0.020027,-0.015325,0.042732,-0.998768,42.243462,0.000000
26578,0.008964,0.451217,-0.045052,-0.019961,-0.015387,0.042770,-0.998767,42.367401,0.000000
26582,0.008991,0.451214,-0.045019,-0.020217,-0.015296,0.042988,-0.998754,42.507820,0.000000
26585,0.009016,0.451211,-0.044994,-0.020164,-0.015356,0.043083,-0.998750,42.660599,0.000000
26589,0.009067,0.451214,-0.044955,-0.020404,-0.015384,0.043383,-0.998732,42.810287,0.000000
26592,0.009097,0.451213,-0.044937,-0.020327,-0.015421,0.043449,-0.998730,42.966499,0.000343
26596,0.009138,0.451216,-0.044921,-0.020651,-0.015299,0.043758,-0.998712,43.116875,0.000343
26600,0.009172,0.451220,-0.044911,-0.020578,-0.015405,0.043938,-0.998703,43.273773,0.000343
26603,0.009179,0.451216,-0.044913,-0.020641,-0.015375,0.044122,-0.998695,43.398399,0.000343
26607,0.009184,0.451219,-0.044918,-0.020603,-0.015431,0.044180,-0.998692,43.516159,0.000343
26610,0.009190,0.451223,-0.044923,-0.020677,-0.015450,0.044347,-0.998683,43.626022,0.000343
26613,0.009196,0.451227,-0.044934,-0.020797,-0.015367,0.044425,-0.998678,43.763351,0.000343
26617,0.009221,0.451230,-0.044936,-0.020918,-0.015364,0.044639,-0.998666,43.909607,0.000000
26621,0.009254,0.451229,-0.044934,-0.020834,-0.015417,0.044774,-0.998661,44.055176,0.000000
26624,0.009282,0.451233,-0.044916,-0.021021,-0.015397,0.044991,-0.998647,44.206924,0.000343
26628,0.009306,0.451229,-0.044893,-0.021161,-0.015298,0.045105,-0.998641,44.349060,0.000000
26631,0.009325,0.451225,-0.044860,-0.021260,-0.015305,0.045281,-0.998631,44.511108,0.000000
26635,0.009364,0.451226,-0.044820,-0.021226,-0.015381,0.045392,-0.998625,44.645691,0.000000
26639,0.009401,0.451225,-0.044788,-0.021471,-0.015311,0.045624,-0.998611,44.773064,0.000343
26642,0.009429,0.451224,-0.044774,-0.021490,-0.015331,0.045717,-0.998606,44.892197,0.000343
26645,0.009458,0.451229,-0.044763,-0.021656,-0.015285,0.045895,-0.998595,45.023346,0.000000
26649,0.009482,0.451231,-0.044763,-0.021729,-0.015271,0.046030,-0.998587,45.165482,0.000000
26653,0.009502,0.451235,-0.044766,-0.021856,-0.015268,0.046255,-0.998574,45.305901,0.000000
26656,0.009512,0.451233,-0.044773,-0.021683,-0.015373,0.046305,-0.998574,45.460739,0.000000
26660,0.009531,0.451237,-0.044783,-0.021957,-0.015226,0.046518,-0.998560,45.588455,0.000343
26663,0.009553,0.451240,-0.044783,-0.021977,-0.015211,0.046624,-0.998555,45.735741,0.000343
26667,0.009595,0.451245,-0.044764,-0.022047,-0.015335,0.046948,-0.998536,45.876846,0.000000
26670,0.009616,0.451242,-0.044742,-0.021991,-0.015357,0.046977,-0.998536,46.006622,0.000343
26674,0.009650,0.451243,-0.044706,-0.022308,-0.015270,0.047235,-0.998518,46.153564,0.000343
26677,0.009672,0.451243,-0.044681,-0.022418,-0.015267,0.047327,-0.998511,46.285057,0.000343
26681,0.009703,0.451242,-0.044647,-0.022365,-0.015397,0.047612,-0.998497,46.426506,0.000000
26685,0.009732,0.451245,-0.044630,-0.022507,-0.015424,0.047746,-0.998487,46.560059,0.000000
26688,0.009750,0.451249,-0.044629,-0.022582,-0.015414,0.047915,-0.998477,46.695328,0.000343
26692,0.009770,0.451252,-0.044636,-0.022590,-0.015431,0.048015,-0.998472,46.843987,0.000000
26695,0.009779,0.451250,-0.044644,-0.022622,-0.015434,0.048199,-0.998462,46.971016,0.000000
26699,0.009799,0.451252,-0.044657,-0.022767,-0.015314,0.048229,-0.998459,47.113838,0.000000
26702,0.009822,0.451256,-0.044651,-0.022814,-0.015337,0.048465,-0.998447,47.250824,0.000343
26706,0.009843,0.451252,-0.044639,-0.022807,-0.015348,0.048583,-0.998441,47.390556,0.000000
26709,0.009871,0.451253,-0.044617,-0.022921,-0.015356,0.048785,-0.998428,47.530289,0.000343
26713,0.009911,0.451255,-0.044585,-0.022872,-0.015506,0.048904,-0.998421,47.692680,0.000343
26717,0.009946,0.451252,-0.044554,-0.023225,-0.015365,0.049141,-0.998404,47.832756,0.000000
26720,0.009979,0.451258,-0.044533,-0.023264,-0.015466,0.049293,-0.998394,47.959785,0.000000
26724,0.010013,0.451257,-0.044521,-0.023285,-0.015441,0.049521,-0.998382,48.091965,0.000000
26727,0.010038,0.451261,-0.044516,-0.023332,-0.015496,0.049616,-0.998376,48.231354,0.000000
26731,0.010059,0.451261,-0.044517,-0.023501,-0.015376,0.049850,-0.998362,48.364563,0.000343
26734,0.010072,0.451264,-0.044507,-0.023343,-0.015529,0.049887,-0.998361,48.490562,0.000343
26738,0.010085,0.451263,-0.044494,-0.023538,-0.015468,0.050164,-0.998344,48.632011,0.000000
26742,0.010106,0.451262,-0.044475,-0.023590,-0.015435,0.050310,-0.998336,48.793030,0.000343
26745,0.010131,0.451264,-0.044459,-0.023754,-0.015431,0.050509,-0.998322,48.930702,0.000000
26748,0.010153,0.451263,-0.044440,-0.023674,-0.015535,0.050604,-0.998317,49.072838,0.000343
26752,0.010181,0.451264,-0.044430,-0.023979,-0.015370,0.050849,-0.998300,49.210854,0.000343
26756,0.010209,0.451263,-0.044430,-0.023950,-0.015393,0.051010,-0.998292,49.363289,0.000000
26759,0.010229,0.451263,-0.044433,-0.023989,-0.015413,0.051184,-0.998282,49.486885,0.000343
26763,0.010258,0.451266,-0.044442,-0.023977,-0.015367,0.051304,-0.998277,49.615974,0.000343
26766,0.010288,0.451268,-0.044442,-0.024078,-0.015377,0.051493,-0.998265,49.748497,0.000000
26770,0.010321,0.451269,-0.044432,-0.024049,-0.015421,0.051631,-0.998258,49.873810,0.000000
26773,0.010351,0.451271,-0.044411,-0.024317,-0.015316,0.051846,-0.998241,50.025902,0.000000
26777,0.010389,0.451272,-0.044364,-0.024419,-0.015346,0.052036,-0.998229,50.187263,0.000000
26781,0.010417,0.451262,-0.044309,-0.024526,-0.015368,0.052293,-0.998212,50.343819,0.000343
26784,0.010441,0.451264,-0.044281,-0.024717,-0.015287,0.052432,-0.998202,50.465012,0.000343
26788,0.010477,0.451266,-0.044255,-0.024774,-0.015346,0.052695,-0.998185,50.604057,0.000000
26791,0.010497,0.451266,-0.044254,-0.024694,-0.015430,0.052784,-0.998181,50.745506,0.000000
26795,0.010526,0.451269,-0.044273,-0.024976,-0.015276,0.053030,-0.998164,50.872192,0.000000
26798,0.010544,0.451271,-0.044291,-0.024859,-0.015331,0.053109,-0.998162,50.991325,0.000000
26802,0.010572,0.451278,-0.044307,-0.024885,-0.015386,0.053321,-0.998149,51.134491,0.000000
26805,0.010591,0.451282,-0.044312,-0.024906,-0.015356,0.053400,-0.998144,51.266670,0.000000
26809,0.010625,0.451283,-0.044291,-0.025097,-0.015310,0.053634,-0.998128,51.422882,0.000000
26813,0.010657,0.451283,-0.044247,-0.025221,-0.015338,0.053846,-0.998113,51.586990,0.000000
26816,0.010680,0.451278,-0.044207,-0.025396,-0.015308,0.054005,-0.998100,51.737709,0.000000
26820,0.010708,0.451283,-0.044152,-0.025562,-0.015339,0.054188,-0.998086,51.868172,0.000000
26823,0.010721,0.451278,-0.044128,-0.025660,-0.015341,0.054345,-0.998075,52.007217,0.000000
26827,0.010739,0.451277,-0.044120,-0.025665,-0.015354,0.054455,-0.998068,52.144547,0.000000
26830,0.010755,0.451282,-0.044141,-0.025818,-0.015236,0.054599,-0.998058,52.250633,0.000000
26834,0.010789,0.451294,-0.044173,-0.025702,-0.015374,0.054690,-0.998054,52.373543,0.000000
26837,0.010805,0.451295,-0.044198,-0.025630,-0.015420,0.054843,-0.998047,52.519455,0.000000
26841,0.010830,0.451294,-0.044225,-0.025914,-0.015227,0.054880,-0.998041,52.656097,0.000000
26844,0.010859,0.451301,-0.044205,-0.025767,-0.015378,0.055172,-0.998026,52.806816,0.000343
26848,0.010898,0.451291,-0.044173,-0.025955,-0.015337,0.055206,-0.998020,52.966461,0.000000
26851,0.010934,0.451290,-0.044130,-0.026114,-0.015293,0.055455,-0.998002,53.116150,0.000000
26855,0.010986,0.451288,-0.044061,-0.026133,-0.015454,0.055666,-0.997988,53.263779,0.000000
26859,0.011028,0.451287,-0.044011,-0.026385,-0.015322,0.055889,-0.997971,53.398018,0.000000
26862,0.011044,0.451287,-0.043983,-0.026374,-0.015390,0.056147,-0.997956,53.517151,0.000000
26866,0.011067,0.451296,-0.043976,-0.026509,-0.015371,0.056335,-0.997942,53.640404,0.000000
26869,0.011075,0.451289,-0.043995,-0.026541,-0.015410,0.056316,-0.997941,53.767776,0.000000
26873,0.011090,0.451302,-0.044025,-0.026508,-0.015427,0.056589,-0.997926,53.920555,0.000000
26876,0.011108,0.451301,-0.044057,-0.026588,-0.015371,0.056584,-0.997925,54.051704,0.000000
26880,0.011144,0.451311,-0.044068,-0.026600,-0.015496,0.056837,-0.997909,54.201393,0.000000
26883,0.011164,0.451313,-0.044063,-0.026687,-0.015440,0.056931,-0.997902,54.359322,0.000000
26887,0.011187,0.451304,-0.044033,-0.026922,-0.015353,0.057197,-0.997882,54.526520,0.000000
26891,0.011225,0.451304,-0.043976,-0.027108,-0.015305,0.057467,-0.997862,54.650803,-0.000343
26894,0.011249,0.451304,-0.043927,-0.027029,-0.015425,0.057733,-0.997847,54.795341,0.000000
26897,0.011273,0.451299,-0.043894,-0.027147,-0.015392,0.057807,-0.997840,54.910355,0.000000
26901,0.011311,0.451295,-0.043874,-0.027507,-0.015266,0.057983,-0.997822,55.032921,0.000000
26905,0.011338,0.451295,-0.043874,-0.027624,-0.015247,0.058130,-0.997810,55.166473,0.000000
26908,0.011354,0.451298,-0.043888,-0.027596,-0.015275,0.058289,-0.997801,55.303459,0.000000
26912,0.011379,0.451304,-0.043917,-0.027500,-0.015363,0.058368,-0.997798,55.457268,0.000000
26915,0.011399,0.451311,-0.043939,-0.027668,-0.015294,0.058532,-0.997785,55.588760,0.000000
26919,0.011423,0.451312,-0.043955,-0.027615,-0.015305,0.058677,-0.997778,55.746689,0.000000
26923,0.011466,0.451318,-0.043937,-0.027692,-0.015398,0.058864,-0.997763,55.898438,0.000000
26926,0.011488,0.451313,-0.043909,-0.027709,-0.015442,0.059021,-0.997753,56.042290,0.000000
26930,0.011518,0.451308,-0.043860,-0.027954,-0.015374,0.059228,-0.997735,56.181679,0.000000
26933,0.011547,0.451304,-0.043813,-0.028022,-0.015380,0.059344,-0.997726,56.312485,0.000000
26937,0.011580,0.451300,-0.043761,-0.028292,-0.015301,0.059571,-0.997706,56.437454,0.000000
26940,0.011604,0.451298,-0.043731,-0.028250,-0.015324,0.059665,-0.997701,56.557274,-0.000343
26944,0.011628,0.451300,-0.043717,-0.028495,-0.015266,0.059866,-0.997683,56.689453,0.000000
26947,0.011640,0.451301,-0.043720,-0.028314,-0.015375,0.059897,-0.997684,56.831245,0.000000
26951,0.011653,0.451304,-0.043748,-0.028534,-0.015244,0.060169,-0.997664,57.003937,0.000000
26955,0.011679,0.451313,-0.043779,-0.028630,-0.015274,0.060346,-0.997650,57.156029,-0.000343
26958,0.011693,0.451315,-0.043800,-0.028516,-0.015350,0.060466,-0.997645,57.287521,0.000000
26961,0.011711,0.451316,-0.043813,-0.028594,-0.015315,0.060561,-0.997637,57.428970,0.000000
26965,0.011729,0.451315,-0.043811,-0.028797,-0.015210,0.060773,-0.997620,57.568703,0.000000
26968,0.011746,0.451314,-0.043793,-0.028816,-0.015259,0.060852,-0.997614,57.703629,0.000000
26972,0.011773,0.451315,-0.043751,-0.029004,-0.015251,0.061094,-0.997594,57.825165,0.000000
26976,0.011805,0.451311,-0.043705,-0.029057,-0.015236,0.061284,-0.997581,57.956657,0.000000
26980,0.011846,0.451309,-0.043657,-0.028978,-0.015405,0.061386,-0.997575,58.098793,0.000000
26983,0.011877,0.451306,-0.043631,-0.029100,-0.015390,0.061622,-0.997557,58.223419,0.000000
26986,0.011909,0.451306,-0.043611,-0.029301,-0.015279,0.061761,-0.997544,58.375511,0.000000
26990,0.011946,0.451309,-0.043592,-0.029184,-0.015455,0.061930,-0.997534,58.522797,0.000000
26993,0.011966,0.451313,-0.043588,-0.029361,-0.015390,0.062134,-0.997517,58.672485,0.000000
26997,0.011981,0.451308,-0.043596,-0.029461,-0.015334,0.062228,-0.997509,58.829384,-0.000343
27001,0.012005,0.451311,-0.043603,-0.029334,-0.015469,0.062382,-0.997501,58.973579,0.000000
27004,0.012022,0.451311,-0.043611,-0.029356,-0.015459,0.062500,-0.997493,59.089279,0.000000
27008,0.012040,0.451307,-0.043622,-0.029526,-0.015318,0.062682,-0.997479,59.220772,-0.000343
27011,0.012064,0.451312,-0.043616,-0.029609,-0.015376,0.062848,-0.997465,59.355011,0.000000
27015,0.012099,0.451313,-0.043604,-0.029608,-0.015436,0.063021,-0.997454,59.494400,-0.000343
27018,0.012125,0.451314,-0.043592,-0.029733,-0.015376,0.063144,-0.997443,59.634819,-0.000343
27022,0.012164,0.451315,-0.043555,-0.029785,-0.015471,0.063356,-0.997427,59.775238,-0.000343
27026,0.012191,0.451311,-0.043526,-0.029874,-0.015410,0.063595,-0.997410,59.933167,0.000000
27029,0.012211,0.451310,-0.043499,-0.029919,-0.015406,0.063717,-0.997400,60.067749,0.000000
27033,0.012244,0.451311,-0.043465,-0.030142,-0.015398,0.063939,-0.997380,60.213318,-0.000343
27036,0.012262,0.451310,-0.043446,-0.030100,-0.015441,0.064082,-0.997371,60.343781,0.000000
27040,0.012284,0.451306,-0.043434,-0.030295,-0.015363,0.064302,-0.997352,60.494156,-0.000343
27043,0.012305,0.451309,-0.043433,-0.030416,-0.015373,0.064422,-0.997341,60.621872,-0.000343
27047,0.012330,0.451312,-0.043441,-0.030343,-0.015423,0.064638,-0.997328,60.774994,0.000000
27050,0.012350,0.451313,-0.043449,-0.030402,-0.015439,0.064752,-0.997319,60.893440,-0.000343
27054,0.012374,0.451316,-0.043466,-0.030556,-0.015312,0.064920,-0.997305,61.025620,0.000000
27057,0.012399,0.451316,-0.043464,-0.030559,-0.015373,0.065063,-0.997295,61.163635,-0.000343
27061,0.012434,0.451316,-0.043454,-0.030624,-0.015336,0.065193,-0.997285,61.310921,0.000000
27065,0.012476,0.451313,-0.043428,-0.030737,-0.015328,0.065373,-0.997270,61.474686,-0.000343
27068,0.012512,0.451317,-0.043396,-0.030926,-0.015315,0.065598,-0.997249,61.600342,-0.000343
27071,0.012543,0.451315,-0.043363,-0.030964,-0.015385,0.065805,-0.997233,61.748657,-0.000343
27075,0.012571,0.451307,-0.043325,-0.031104,-0.015347,0.065982,-0.997218,61.885986,0.000000
27079,0.012602,0.451308,-0.043290,-0.031239,-0.015387,0.066117,-0.997204,62.027092,0.000000
27082,0.012619,0.451308,-0.043273,-0.031323,-0.015379,0.066309,-0.997189,62.153435,-0.000343
27086,0.012635,0.451305,-0.043273,-0.031493,-0.015251,0.066461,-0.997175,62.276001,-0.000343
27090,0.012667,0.451310,-0.043280,-0.031538,-0.015358,0.066707,-0.997156,62.417793,-0.000343
27093,0.012690,0.451311,-0.043285,-0.031417,-0.015449,0.066786,-0.997153,62.564049,-0.000343
27096,0.012709,0.451310,-0.043298,-0.031513,-0.015399,0.066938,-0.997141,62.715797,-0.000343
27100,0.012747,0.451313,-0.043299,-0.031767,-0.015309,0.067248,-0.997113,62.873039,0.000000
27104,0.012771,0.451311,-0.043284,-0.031765,-0.015390,0.067451,-0.997098,63.016205,0.000000
27107,0.012787,0.451311,-0.043274,-0.031907,-0.015339,0.067596,-0.997084,63.154564,-0.000343
27111,0.012821,0.451313,-0.043243,-0.032072,-0.015351,0.067821,-0.997064,63.286057,-0.000343
27114,0.012842,0.451309,-0.043225,-0.032169,-0.015334,0.067958,-0.997052,63.403130,0.000000
27118,0.012869,0.451305,-0.043202,-0.032352,-0.015233,0.068114,-0.997037,63.521233,0.000000
27121,0.012894,0.451303,-0.043186,-0.032319,-0.015269,0.068237,-0.997029,63.663712,-0.000343
27125,0.012931,0.451304,-0.043165,-0.032371,-0.015344,0.068425,-0.997013,63.812027,-0.000343
27128,0.012964,0.451308,-0.043153,-0.032535,-0.015337,0.068604,-0.996995,63.961372,0.000000
27132,0.012998,0.451304,-0.043139,-0.032694,-0.015234,0.068797,-0.996978,64.114838,-0.000343
27136,0.013034,0.451305,-0.043124,-0.032641,-0.015337,0.068945,-0.996968,64.269676,0.000000
27139,0.013054,0.451299,-0.043112,-0.032642,-0.015360,0.069119,-0.996956,64.412498,-0.000343
27143,0.013083,0.451301,-0.043100,-0.032777,-0.015325,0.069254,-0.996943,64.547424,0.000000
27146,0.013107,0.451301,-0.043091,-0.032921,-0.015286,0.069443,-0.996925,64.665184,-0.000343
27150,0.013131,0.451301,-0.043090,-0.032982,-0.015277,0.069529,-0.996918,64.791527,-0.000343
27153,0.013147,0.451299,-0.043090,-0.032988,-0.015277,0.069723,-0.996904,64.918556,-0.000343
27157,0.013175,0.451302,-0.043087,-0.033014,-0.015315,0.069890,-0.996891,65.054512,-0.000343
27160,0.013202,0.451309,-0.043080,-0.033135,-0.015286,0.070069,-0.996875,65.202484,-0.000343
27164,0.013234,0.451313,-0.043056,-0.033197,-0.015357,0.070275,-0.996857,65.352173,-0.000343
27167,0.013252,0.451306,-0.043035,-0.033210,-0.015372,0.070396,-0.996848,65.517654,0.000000
27171,0.013299,0.451311,-0.042997,-0.033427,-0.015351,0.070634,-0.996824,65.686226,0.000000
27175,0.013333,0.451304,-0.042962,-0.033722,-0.015243,0.070946,-0.996794,65.829391,0.000000
27178,0.013357,0.451301,-0.042940,-0.033685,-0.015280,0.071014,-0.996789,65.938225,-0.000343
27182,0.013386,0.451301,-0.042921,-0.033811,-0.015283,0.071279,-0.996766,66.064568,-0.000343
27185,0.013399,0.451303,-0.042921,-0.033942,-0.015221,0.071331,-0.996759,66.185760,-0.000343
27189,0.013411,0.451300,-0.042931,-0.033928,-0.015255,0.071500,-0.996747,66.324120,0.000000
27192,0.013428,0.451306,-0.042943,-0.033999,-0.015272,0.071626,-0.996735,66.466942,0.000000
27196,0.013452,0.451308,-0.042966,-0.034108,-0.015243,0.071788,-0.996720,66.602554,-0.000343
27199,0.013474,0.451307,-0.042975,-0.034051,-0.015273,0.071941,-0.996711,66.756020,-0.000343
27203,0.013514,0.451307,-0.042970,-0.034101,-0.015327,0.072141,-0.996693,66.911201,0.000000
27206,0.013541,0.451307,-0.042948,-0.034180,-0.015311,0.072268,-0.996682,67.066383,-0.000343
27210,0.013569,0.451306,-0.042903,-0.034458,-0.015174,0.072544,-0.996654,67.212639,-0.000343
27213,0.013590,0.451301,-0.042862,-0.034568,-0.015193,0.072725,-0.996637,67.335892,-0.000343
27217,0.013618,0.451295,-0.042808,-0.034529,-0.015266,0.072851,-0.996628,67.468071,-0.000343
27221,0.013655,0.451292,-0.042773,-0.034834,-0.015200,0.073016,-0.996606,67.595787,0.000000
27224,0.013680,0.451287,-0.042760,-0.034785,-0.015260,0.073185,-0.996595,67.726250,-0.000343
27228,0.013708,0.451291,-0.042760,-0.034949,-0.015237,0.073346,-0.996578,67.853622,0.000000
27231,0.013721,0.451294,-0.042773,-0.035010,-0.015225,0.073519,-0.996563,67.996101,-0.000343
27235,0.013736,0.451293,-0.042797,-0.034909,-0.015279,0.073617,-0.996558,68.159523,0.000000
27238,0.013758,0.451300,-0.042810,-0.035029,-0.015284,0.073824,-0.996539,68.303375,0.000000
27242,0.013784,0.451300,-0.042818,-0.035124,-0.015215,0.074020,-0.996522,68.451347,0.000000
27246,0.013824,0.451298,-0.042802,-0.035180,-0.015290,0.074289,-0.996499,68.592110,-0.000343
27249,0.013851,0.451294,-0.042784,-0.035234,-0.015316,0.074421,-0.996487,68.731842,-0.000343
27253,0.013884,0.451290,-0.042748,-0.035573,-0.015147,0.074697,-0.996457,68.866425,-0.000343
27256,0.013910,0.451285,-0.042718,-0.035583,-0.015200,0.074804,-0.996447,68.995171,0.000000
27260,0.013946,0.451287,-0.042686,-0.035664,-0.015224,0.075024,-0.996428,69.118080,0.000000
27263,0.013964,0.451287,-0.042674,-0.035771,-0.015182,0.075120,-0.996417,69.256783,-0.000343
27267,0.013984,0.451287,-0.042665,-0.035931,-0.015118,0.075360,-0.996394,69.395828,0.000000
27270,0.014004,0.451289,-0.042667,-0.035940,-0.015193,0.075496,-0.996382,69.547234,0.000000
27274,0.014035,0.451288,-0.042668,-0.035937,-0.015185,0.075652,-0.996371,69.688683,0.000000
27277,0.014065,0.451293,-0.042670,-0.036090,-0.015127,0.075821,-0.996353,69.836998,-0.000343
27281,0.014110,0.451295,-0.042656,-0.036095,-0.015154,0.075999,-0.996339,69.992180,-0.000343
27285,0.014143,0.451290,-0.042631,-0.036119,-0.015148,0.076161,-0.996326,70.124702,0.000000
27288,0.014169,0.451286,-0.042601,-0.036313,-0.015068,0.076344,-0.996306,70.266495,0.000000
27292,0.014207,0.451287,-0.042555,-0.036288,-0.015207,0.076542,-0.996290,70.396614,-0.000343
27295,0.014232,0.451286,-0.042530,-0.036500,-0.015097,0.076713,-0.996271,70.532570,-0.000343
27299,0.014258,0.451283,-0.042512,-0.036680,-0.015011,0.076883,-0.996252,70.666466,-0.000343
27302,0.014277,0.451281,-0.042508,-0.036615,-0.015093,0.077074,-0.996238,70.811005,0.000000
27306,0.014304,0.451287,-0.042522,-0.036627,-0.015165,0.077212,-0.996226,70.957947,-0.000343
27310,0.014326,0.451295,-0.042547,-0.036866,-0.015032,0.077477,-0.996199,71.085320,-0.000343
27313,0.014343,0.451295,-0.042563,-0.036830,-0.015093,0.077555,-0.996193,71.230545,-0.000343
27317,0.014374,0.451299,-0.042563,-0.036924,-0.015076,0.077839,-0.996168,71.387444,-0.000343
27320,0.014397,0.451295,-0.042548,-0.036938,-0.015079,0.077922,-0.996161,71.532326,-0.000343
27324,0.014442,0.451300,-0.042499,-0.037054,-0.015217,0.078299,-0.996125,71.660042,-0.000343
27327,0.014471,0.451294,-0.042458,-0.037077,-0.015279,0.078381,-0.996117,71.802864,-0.000343
27331,0.014507,0.451284,-0.042406,-0.037408,-0.015138,0.078642,-0.996086,71.943970,0.000000
27334,0.014544,0.451286,-0.042372,-0.037601,-0.015111,0.078792,-0.996067,72.071342,0.000000
27338,0.014585,0.451283,-0.042346,-0.037559,-0.015239,0.079066,-0.996045,72.195969,-0.000343
27341,0.014604,0.451286,-0.042344,-0.037556,-0.015242,0.079189,-0.996035,72.343254,-0.000343
27345,0.014627,0.451285,-0.042360,-0.037785,-0.015117,0.079358,-0.996015,72.505989,0.000000
27349,0.014649,0.451290,-0.042376,-0.037624,-0.015298,0.079496,-0.996008,72.647095,0.000000
27352,0.014671,0.451285,-0.042385,-0.037791,-0.015256,0.079654,-0.995989,72.783737,-0.000343
27356,0.014701,0.451291,-0.042387,-0.037886,-0.015236,0.079852,-0.995970,72.921753,0.000000
27359,0.014727,0.451286,-0.042380,-0.037949,-0.015260,0.079971,-0.995958,73.064919,0.000000
27363,0.014757,0.451279,-0.042351,-0.038055,-0.015207,0.080105,-0.995944,73.199844,0.000000
27366,0.014777,0.451274,-0.042322,-0.038258,-0.015153,0.080322,-0.995919,73.346100,0.000000
27370,0.014808,0.451274,-0.042272,-0.038378,-0.015202,0.080557,-0.995895,73.455276,-0.000343
27373,0.014824,0.451271,-0.042241,-0.038408,-0.015226,0.080685,-0.995883,73.585739,-0.000343
27377,0.014844,0.451268,-0.042221,-0.038500,-0.015141,0.080855,-0.995867,73.728218,-0.000343
27380,0.014870,0.451263,-0.042216,-0.038648,-0.015142,0.080978,-0.995851,73.885803,0.000000
27384,0.014912,0.451269,-0.042220,-0.038720,-0.015181,0.081206,-0.995829,74.036865,-0.000343
27388,0.014944,0.451271,-0.042233,-0.038955,-0.015051,0.081480,-0.995800,74.189301,-0.000343
27391,0.014968,0.451272,-0.042242,-0.038877,-0.015158,0.081597,-0.995792,74.336929,-0.000343
27395,0.014999,0.451276,-0.042244,-0.038996,-0.015115,0.081888,-0.995764,74.494858,0.000000
27398,0.015015,0.451271,-0.042239,-0.038934,-0.015204,0.081939,-0.995761,74.607468,-0.000343
27402,0.015049,0.451269,-0.042218,-0.039067,-0.015198,0.082173,-0.995736,74.723167,-0.000343
27405,0.015079,0.451272,-0.042191,-0.039184,-0.015145,0.082232,-0.995727,74.845390,0.000000
27409,0.015108,0.451263,-0.042158,-0.039374,-0.015036,0.082442,-0.995704,74.981689,-0.000343
27412,0.015130,0.451261,-0.042131,-0.039403,-0.015053,0.082525,-0.995696,75.148888,-0.000343
27416,0.015164,0.451255,-0.042095,-0.039421,-0.015181,0.082788,-0.995672,75.287933,-0.000343
27419,0.015191,0.451258,-0.042078,-0.039577,-0.015132,0.082921,-0.995655,75.444832,0.000000
27423,0.015216,0.451255,-0.042070,-0.039774,-0.015016,0.083142,-0.995630,75.589371,0.000000
27427,0.015244,0.451256,-0.042070,-0.039589,-0.015182,0.083275,-0.995624,75.727730,0.000000
27430,0.015266,0.451259,-0.042073,-0.039782,-0.015090,0.083451,-0.995603,75.862312,0.000000
27434,0.015289,0.451256,-0.042076,-0.039759,-0.015120,0.083554,-0.995595,75.980415,0.000000
27437,0.015312,0.451258,-0.042072,-0.039795,-0.015130,0.083712,-0.995580,76.104355,0.000000
27441,0.015335,0.451257,-0.042063,-0.039936,-0.015115,0.083816,-0.995566,76.245804,-0.000343
27444,0.015350,0.451249,-0.042054,-0.040022,-0.015106,0.084015,-0.995546,76.399956,-0.000343
27448,0.015378,0.451252,-0.042034,-0.040011,-0.015196,0.084176,-0.995531,76.544838,0.000000
27452,0.015404,0.451250,-0.042013,-0.040276,-0.015079,0.084448,-0.995499,76.695557,-0.000343
27455,0.015423,0.451247,-0.042002,-0.040322,-0.015084,0.084531,-0.995490,76.846619,0.000000
27459,0.015459,0.451248,-0.041980,-0.040414,-0.015150,0.084800,-0.995463,77.017937,0.000000
27462,0.015481,0.451245,-0.041969,-0.040333,-0.015214,0.084883,-0.995458,77.133636,-0.000343
27465,0.015505,0.451246,-0.041959,-0.040482,-0.015152,0.084991,-0.995444,77.261009,0.000000
27469,0.015531,0.451243,-0.041944,-0.040583,-0.015125,0.085184,-0.995424,77.397308,-0.000343
27473,0.015574,0.451248,-0.041918,-0.040567,-0.015330,0.085464,-0.995397,77.534981,0.000000
27476,0.015596,0.451243,-0.041906,-0.040523,-0.015329,0.085507,-0.995395,77.676773,-0.000343
27480,0.015630,0.451242,-0.041888,-0.040665,-0.015258,0.085718,-0.995372,77.811012,-0.000343
27483,0.015657,0.451242,-0.041876,-0.040730,-0.015328,0.085882,-0.995354,77.949715,0.000000
27487,0.015684,0.451240,-0.041865,-0.040811,-0.015315,0.086112,-0.995331,78.103867,0.000000
27491,0.015712,0.451238,-0.041859,-0.040863,-0.015358,0.086243,-0.995317,78.231583,0.000000
27494,0.015734,0.451239,-0.041855,-0.040997,-0.015345,0.086489,-0.995291,78.373718,0.000000
27498,0.015754,0.451237,-0.041854,-0.041115,-0.015286,0.086565,-0.995280,78.512764,-0.000343
27501,0.015770,0.451234,-0.041850,-0.041176,-0.015265,0.086719,-0.995265,78.660049,0.000000
27505,0.015806,0.451238,-0.041836,-0.041138,-0.015378,0.086878,-0.995250,78.811798,-0.000343
27508,0.015830,0.451240,-0.041825,-0.041390,-0.015271,0.087137,-0.995219,78.939514,0.000000
27512,0.015865,0.451236,-0.041802,-0.041485,-0.015229,0.087241,-0.995207,79.069633,-0.000343
27516,0.015900,0.451236,-0.041771,-0.041571,-0.015289,0.087472,-0.995182,79.216232,0.000000
27519,0.015919,0.451231,-0.041755,-0.041651,-0.015219,0.087579,-0.995170,79.353218,0.000000
27523,0.015945,0.451224,-0.041727,-0.041751,-0.015235,0.087865,-0.995140,79.500847,-0.000343
27526,0.015965,0.451224,-0.041714,-0.041748,-0.015279,0.087952,-0.995132,79.642296,-0.000343
27530,0.015992,0.451223,-0.041706,-0.041880,-0.015228,0.088238,-0.995102,79.791985,-0.000343
27533,0.016013,0.451223,-0.041708,-0.042053,-0.015153,0.088317,-0.995089,79.912148,-0.000343
27537,0.016047,0.451226,-0.041712,-0.042088,-0.015233,0.088594,-0.995062,80.052223,-0.000343
27540,0.016068,0.451220,-0.041718,-0.042013,-0.015296,0.088701,-0.995054,80.198822,0.000000
27544,0.016103,0.451217,-0.041718,-0.042265,-0.015153,0.088982,-0.995021,80.335464,0.000000
27548,0.016143,0.451220,-0.041701,-0.042230,-0.015249,0.089223,-0.994999,80.476913,-0.000343
27551,0.016172,0.451218,-0.041682,-0.042423,-0.015209,0.089493,-0.994967,80.612869,0.000000
27555,0.016209,0.451211,-0.041650,-0.042574,-0.015141,0.089561,-0.994956,80.773544,0.000000
27558,0.016239,0.451207,-0.041621,-0.042720,-0.015114,0.089799,-0.994929,80.896797,-0.000343
27561,0.016266,0.451202,-0.041593,-0.042800,-0.015135,0.089931,-0.994913,81.039619,0.000000
27565,0.016296,0.451198,-0.041565,-0.043021,-0.015040,0.090144,-0.994886,81.173515,0.000000
27569,0.016328,0.451198,-0.041549,-0.043079,-0.015083,0.090293,-0.994869,81.308784,0.000000
27572,0.016349,0.451198,-0.041546,-0.043203,-0.015072,0.090528,-0.994842,81.468773,0.000000
27576,0.016365,0.451194,-0.041555,-0.043256,-0.015026,0.090639,-0.994831,81.593056,0.000000
27579,0.016380,0.451197,-0.041560,-0.043386,-0.014972,0.090825,-0.994809,81.739998,0.000000
27583,0.016410,0.451200,-0.041563,-0.043319,-0.015099,0.090978,-0.994796,81.884880,0.000000
27586,0.016430,0.451196,-0.041557,-0.043464,-0.015037,0.091156,-0.994774,82.027016,0.000000
27590,0.016457,0.451192,-0.041544,-0.043514,-0.015017,0.091309,-0.994758,82.171898,-0.000343
27594,0.016495,0.451191,-0.041513,-0.043668,-0.015078,0.091564,-0.994727,82.310944,0.000000
27597,0.016515,0.451187,-0.041489,-0.043573,-0.015103,0.091614,-0.994726,82.431450,0.000000
27600,0.016541,0.451184,-0.041467,-0.043778,-0.015051,0.091790,-0.994702,82.574615,0.000000
27604,0.016574,0.451180,-0.041440,-0.043829,-0.015121,0.092005,-0.994679,82.721901,0.000000
27608,0.016613,0.451184,-0.041418,-0.043845,-0.015265,0.092318,-0.994647,82.865410,0.000000
27611,0.016638,0.451187,-0.041416,-0.043952,-0.015201,0.092354,-0.994640,83.019562,0.000000
27615,0.016677,0.451187,-0.041414,-0.044052,-0.015256,0.092636,-0.994608,83.159294,0.000000
27619,0.016700,0.451182,-0.041413,-0.044065,-0.015226,0.092750,-0.994597,83.306923,0.000000
27622,0.016726,0.451186,-0.041408,-0.044237,-0.015127,0.092933,-0.994574,83.420563,0.000000
27625,0.016726,0.451183,-0.041407,-0.044273,-0.014888,0.093137,-0.994557,83.541412,0.000000
27629,0.016759,0.451186,-0.041384,-0.044418,-0.014918,0.093346,-0.994531,83.675652,0.000000
27632,0.016795,0.451182,-0.041355,-0.044400,-0.015186,0.093340,-0.994528,83.822937,0.000000
27636,0.016807,0.451176,-0.041337,-0.044688,-0.014813,0.093666,-0.994490,83.983955,0.000000
27640,0.016848,0.451175,-0.041311,-0.044681,-0.014908,0.093823,-0.994474,84.140511,0.000000
27643,0.016883,0.451168,-0.041291,-0.044635,-0.015209,0.093944,-0.994460,84.308395,0.000000
27647,0.016907,0.451169,-0.041293,-0.044809,-0.014911,0.094160,-0.994436,84.434052,0.000000
27650,0.016936,0.451173,-0.041290,-0.044878,-0.014901,0.094376,-0.994413,84.559021,0.000000
27654,0.016962,0.451169,-0.041293,-0.045015,-0.014818,0.094493,-0.994397,84.671288,0.000000
27657,0.016974,0.451169,-0.041289,-0.044950,-0.014846,0.094644,-0.994385,84.798317,0.000000
27661,0.016999,0.451169,-0.041277,-0.044917,-0.014989,0.094756,-0.994374,84.945259,0.000000
27665,0.017017,0.451163,-0.041260,-0.045213,-0.014823,0.094995,-0.994340,85.081902,0.000000
27668,0.017040,0.451160,-0.041240,-0.045152,-0.014899,0.095090,-0.994333,85.264206,0.000000
27672,0.017089,0.451158,-0.041201,-0.045232,-0.015153,0.095415,-0.994294,85.409775,0.000000
27675,0.017114,0.451150,-0.041191,-0.045341,-0.015146,0.095489,-0.994282,85.561180,0.000000
27679,0.017144,0.451146,-0.041181,-0.045518,-0.015050,0.095732,-0.994252,85.704689,0.000000
27682,0.017174,0.451151,-0.041176,-0.045588,-0.015063,0.095844,-0.994238,85.830002,0.000000
27686,0.017204,0.451147,-0.041175,-0.045635,-0.015073,0.096118,-0.994209,85.943298,0.000000
27690,0.017238,0.451150,-0.041172,-0.045756,-0.015062,0.096286,-0.994187,86.061401,-0.000343
27693,0.017261,0.451146,-0.041164,-0.045796,-0.015062,0.096464,-0.994168,86.189461,0.000000
27696,0.017281,0.451143,-0.041152,-0.045756,-0.015086,0.096553,-0.994161,86.351509,0.000000
27700,0.017309,0.451137,-0.041128,-0.045985,-0.014977,0.096791,-0.994129,86.494331,0.000000
27703,0.017337,0.451135,-0.041104,-0.046086,-0.015003,0.096896,-0.994114,86.662216,0.000000
27707,0.017376,0.451136,-0.041071,-0.046255,-0.015035,0.097188,-0.994077,86.820488,0.000000
27711,0.017397,0.451130,-0.041046,-0.046378,-0.014979,0.097342,-0.994057,86.973267,0.000000
27714,0.017414,0.451126,-0.041035,-0.046427,-0.014949,0.097494,-0.994040,87.119865,0.000000
27718,0.017440,0.451128,-0.041029,-0.046485,-0.015028,0.097620,-0.994024,87.234879,0.000000
27721,0.017454,0.451126,-0.041032,-0.046611,-0.014998,0.097787,-0.994002,87.350578,0.000000
27725,0.017480,0.451127,-0.041041,-0.046597,-0.015024,0.097884,-0.993993,87.473488,0.000000
27728,0.017506,0.451128,-0.041045,-0.046662,-0.015017,0.098048,-0.993974,87.594337,0.000000
27732,0.017538,0.451125,-0.041047,-0.046704,-0.015015,0.098200,-0.993957,87.741280,0.000000
27735,0.017564,0.451124,-0.041037,-0.046727,-0.015008,0.098309,-0.993945,87.896805,0.000000
27739,0.017604,0.451123,-0.041015,-0.046832,-0.015061,0.098518,-0.993919,88.060913,0.000000
27743,0.017638,0.451121,-0.040986,-0.047071,-0.014977,0.098808,-0.993880,88.226738,0.000000
27746,0.017659,0.451116,-0.040961,-0.047020,-0.015010,0.098879,-0.993875,88.370590,0.000000
27750,0.017694,0.451115,-0.040928,-0.047198,-0.015073,0.099120,-0.993841,88.496933,0.000000
27753,0.017708,0.451116,-0.040907,-0.047146,-0.015094,0.099252,-0.993830,88.633232,0.000000
27757,0.017729,0.451113,-0.040895,-0.047502,-0.014913,0.099412,-0.993800,88.748589,0.000000
27760,0.017753,0.451116,-0.040880,-0.047286,-0.015160,0.099511,-0.993797,88.886948,0.000343
27764,0.017788,0.451117,-0.040877,-0.047397,-0.015177,0.099792,-0.993763,89.023247,0.000000
27768,0.017817,0.451117,-0.040879,-0.047418,-0.015188,0.099921,-0.993749,89.174309,0.000000
27771,0.017834,0.451124,-0.040880,-0.047624,-0.014918,0.100225,-0.993713,89.304428,0.000000
27774,0.017858,0.451118,-0.040872,-0.047567,-0.014987,0.100352,-0.993701,89.467506,0.000000
27778,0.017888,0.451113,-0.040853,-0.047736,-0.014895,0.100570,-0.993673,89.626808,0.000000
27782,0.017923,0.451110,-0.040827,-0.047774,-0.015004,0.100692,-0.993657,89.768944,0.000000
27785,0.017940,0.451109,-0.040807,-0.047863,-0.014950,0.100945,-0.993628,89.918976,0.000343
27789,0.017959,0.451104,-0.040790,-0.047982,-0.014873,0.101060,-0.993611,90.030899,0.000000
27792,0.017979,0.451103,-0.040778,-0.048218,-0.014807,0.101243,-0.993582,90.162392,0.000000
27796,0.018008,0.451102,-0.040766,-0.048221,-0.014981,0.101376,-0.993566,90.295944,0.000000
27800,0.018019,0.451096,-0.040763,-0.048351,-0.014865,0.101640,-0.993535,90.419197,0.000000
27803,0.018042,0.451093,-0.040762,-0.048322,-0.014942,0.101642,-0.993534,90.555496,0.000343
27807,0.018076,0.451092,-0.040754,-0.048454,-0.014987,0.101971,-0.993494,90.713768,0.000000
27810,0.018108,0.451090,-0.040748,-0.048630,-0.014944,0.102115,-0.993471,90.870323,0.000000
27814,0.018151,0.451084,-0.040731,-0.048697,-0.014989,0.102364,-0.993441,91.023445,0.000343
27817,0.018185,0.451084,-0.040717,-0.048793,-0.014997,0.102469,-0.993426,91.171417,0.000343
27821,0.018226,0.451078,-0.040692,-0.049039,-0.014983,0.102688,-0.993391,91.310463,0.000343
27824,0.018252,0.451076,-0.040671,-0.049076,-0.015051,0.102778,-0.993379,91.441956,0.000343
27828,0.018277,0.451068,-0.040648,-0.049111,-0.015088,0.102961,-0.993358,91.560402,0.000343
27831,0.018297,0.451071,-0.040631,-0.049187,-0.015122,0.103077,-0.993341,91.694984,0.000000
27835,0.018315,0.451065,-0.040620,-0.049363,-0.015018,0.103270,-0.993314,91.827850,0.000343
27838,0.018328,0.451060,-0.040615,-0.049329,-0.015039,0.103338,-0.993308,91.973763,0.000343
27842,0.018359,0.451060,-0.040608,-0.049387,-0.015101,0.103608,-0.993277,92.139931,0.000000
27846,0.018385,0.451054,-0.040604,-0.049476,-0.015066,0.103728,-0.993260,92.288246,0.000343
27849,0.018413,0.451059,-0.040598,-0.049657,-0.015046,0.103961,-0.993227,92.423859,0.000343
27853,0.018440,0.451056,-0.040587,-0.049702,-0.015057,0.104057,-0.993215,92.566681,0.000000
27856,0.018454,0.451048,-0.040576,-0.049732,-0.015044,0.104250,-0.993193,92.706413,0.000343
27860,0.018487,0.451051,-0.040560,-0.049826,-0.015076,0.104403,-0.993172,92.831383,0.000000
27863,0.018508,0.451049,-0.040547,-0.049887,-0.015030,0.104554,-0.993154,92.971802,0.000000
27867,0.018532,0.451044,-0.040540,-0.049985,-0.014941,0.104671,-0.993138,93.101921,0.000343
27871,0.018565,0.451048,-0.040523,-0.050089,-0.014995,0.105006,-0.993096,93.254356,0.000343
27874,0.018576,0.451042,-0.040522,-0.049974,-0.015068,0.105036,-0.993098,93.379326,0.000343
27877,0.018599,0.451041,-0.040516,-0.050152,-0.014977,0.105120,-0.993081,93.521118,0.000343
27881,0.018618,0.451036,-0.040504,-0.050140,-0.014972,0.105284,-0.993065,93.674240,0.000343
27884,0.018647,0.451038,-0.040496,-0.050297,-0.014929,0.105440,-0.993041,93.824615,0.000343
27888,0.018684,0.451029,-0.040481,-0.050402,-0.014953,0.105620,-0.993016,93.973274,0.000000
27892,0.018720,0.451026,-0.040461,-0.050520,-0.014860,0.105856,-0.992986,94.105110,0.000343
27895,0.018751,0.451026,-0.040445,-0.050604,-0.014888,0.105957,-0.992971,94.249649,0.000000
27899,0.018760,0.451022,-0.040440,-0.051006,-0.014233,0.106307,-0.992922,94.392128,0.000343
27902,0.018781,0.451016,-0.040425,-0.050971,-0.014250,0.106410,-0.992913,94.532547,0.000000
27906,0.018819,0.451015,-0.040402,-0.051070,-0.014356,0.106661,-0.992879,94.664726,0.000343
27909,0.018841,0.451017,-0.040394,-0.051168,-0.014350,0.106750,-0.992865,94.787636,0.000343
27913,0.018861,0.451013,-0.040391,-0.051319,-0.014215,0.106967,-0.992836,94.927368,0.000000
27917,0.018890,0.451012,-0.040381,-0.051182,-0.014415,0.107108,-0.992824,95.096970,0.000343
27920,0.018917,0.451013,-0.040377,-0.051362,-0.014337,0.107356,-0.992790,95.238075,0.000343
27924,0.018941,0.451006,-0.040367,-0.051392,-0.014358,0.107534,-0.992768,95.380211,0.000343
27927,0.018968,0.451012,-0.040348,-0.051416,-0.014529,0.107771,-0.992739,95.525093,0.000343
27931,0.018991,0.451005,-0.040329,-0.051364,-0.014627,0.107897,-0.992727,95.658989,0.000343
27934,0.019007,0.451002,-0.040315,-0.051497,-0.014546,0.108045,-0.992705,95.795975,0.000343
27938,0.019034,0.450999,-0.040299,-0.051621,-0.014606,0.108252,-0.992675,95.920601,0.000000
27942,0.019061,0.450996,-0.040287,-0.051735,-0.014549,0.108466,-0.992647,96.061363,0.000000
27945,0.019083,0.450999,-0.040282,-0.051799,-0.014533,0.108560,-0.992633,96.185989,0.000343
27949,0.019120,0.450995,-0.040274,-0.051860,-0.014629,0.108804,-0.992602,96.338081,0.000000
27952,0.019166,0.450996,-0.040255,-0.051726,-0.015066,0.108795,-0.992603,96.496353,0.000000
27956,0.019195,0.450990,-0.040246,-0.051940,-0.014958,0.109058,-0.992565,96.648445,0.000343
27959,0.019206,0.450993,-0.040247,-0.052122,-0.014623,0.109306,-0.992533,96.798134,0.000000
27963,0.019252,0.450986,-0.040217,-0.052103,-0.014980,0.109413,-0.992517,96.954346,0.000343
27966,0.019268,0.450983,-0.040199,-0.052010,-0.014966,0.109531,-0.992509,97.085152,0.000343
27970,0.019281,0.450975,-0.040184,-0.052287,-0.014599,0.109723,-0.992479,97.192612,0.000343
27973,0.019304,0.450976,-0.040166,-0.052382,-0.014651,0.109861,-0.992458,97.323418,0.000343
27977,0.019327,0.450970,-0.040148,-0.052464,-0.014622,0.110000,-0.992438,97.451477,0.000000
27980,0.019345,0.450967,-0.040139,-0.052430,-0.014677,0.110106,-0.992428,97.589836,0.000343
27984,0.019378,0.450968,-0.040128,-0.052527,-0.014734,0.110293,-0.992401,97.744331,0.000343
27988,0.019406,0.450968,-0.040125,-0.052668,-0.014653,0.110436,-0.992379,97.893677,0.000343
27991,0.019425,0.450965,-0.040124,-0.052799,-0.014618,0.110624,-0.992351,98.048515,0.000343
27993,0.019443,0.450967,-0.040119,-0.052740,-0.014708,0.110681,-0.992347,98.210220,0.000343
27993,0.019443,0.450967,-0.040119,-0.052740,-0.014708,0.110681,-0.992347,98.341026,0.000343
27993,0.019443,0.450967,-0.040119,-0.052740,-0.014708,0.110681,-0.992347,98.462219,0.000343
27993,0.019443,0.450967,-0.040119,-0.052740,-0.014708,0.110681,-0.992347,98.595428,0.000343
27993,0.019443,0.450967,-0.040119,-0.052740,-0.014708,0.110681,-0.992347,98.733101,0.000343
27993,0.019443,0.450967,-0.040119,-0.052740,-0.014708,0.110681,-0.992347,98.865967,0.000000
27993,0.019443,0.450967,-0.040119,-0.052740,-0.014708,0.110681,-0.992347,99.013596,0.000000
27993,0.019443,0.450967,-0.040119,-0.052740,-0.014708,0.110681,-0.992347,99.162941,0.000343
27993,0.019443,0.450967,-0.040119,-0.052740,-0.014708,0.110681,-0.992347,99.309883,0.000000
27993,0.019443,0.450967,-0.040119,-0.052740,-0.014708,0.110681,-0.992347,99.461632,0.000343
27993,0.019443,0.450967,-0.040119,-0.052740,-0.014708,0.110681,-0.992347,99.601021,0.000343
27993,0.019443,0.450967,-0.040119,-0.052740,-0.014708,0.110681,-0.992347,99.738007,0.000343
27993,0.019443,0.450967,-0.040119,-0.052740,-0.014708,0.110681,-0.992347,99.880142,0.000343
27993,0.019443,0.450967,-0.040119,-0.052740,-0.014708,0.110681,-0.992347,100.010948,0.000343
27993,0.019443,0.450967,-0.040119,-0.052740,-0.014708,0.110681,-0.992347,100.156174,0.000343
27993,0.019443,0.450967,-0.040119,-0.052740,-0.014708,0.110681,-0.992347,100.296936,0.000343
27993,0.019443,0.450967,-0.040119,-0.052740,-0.014708,0.110681,-0.992347,100.436325,0.000000
27993,0.019443,0.450967,-0.040119,-0.052740,-0.014708,0.110681,-0.992347,100.585327,0.000000
27993,0.019443,0.450967,-0.040119,-0.052740,-0.014708,0.110681,-0.992347,100.730553,0.000343
27993,0.019443,0.450967,-0.040119,-0.052740,-0.014708,0.110681,-0.992347,100.876122,0.000000
27993,0.019443,0.450967,-0.040119,-0.052740,-0.014708,0.110681,-0.992347,101.001091,0.000343
27993,0.019443,0.450967,-0.040119,-0.052740,-0.014708,0.110681,-0.992347,101.141510,0.000343
27993,0.019443,0.450967,-0.040119,-0.052740,-0.014708,0.110681,-0.992347,101.274719,0.000343
27993,0.019443,0.450967,-0.040119,-0.052740,-0.014708,0.110681,-0.992347,101.422005,0.000000
27993,0.019443,0.450967,-0.040119,-0.052740,-0.014708,0.110681,-0.992347,101.556587,0.000343
27993,0.019443,0.450967,-0.040119,-0.052740,-0.014708,0.110681,-0.992347,101.709709,0.000000
27993,0.019443,0.450967,-0.040119,-0.052740,-0.014708,0.110681,-0.992347,101.846695,0.000343
27993,0.019443,0.450967,-0.040119,-0.052740,-0.014708,0.110681,-0.992347,102.000847,0.000343
27993,0.019443,0.450967,-0.040119,-0.052740,-0.014708,0.110681,-0.992347,102.148819,0.000000
27993,0.019443,0.450967,-0.040119,-0.052740,-0.014708,0.110681,-0.992347,102.288551,0.000000
28101,0.020251,0.450869,-0.039735,-0.055218,-0.014623,0.115867,-0.991621,102.427940,0.000000
28105,0.020285,0.450871,-0.039722,-0.055370,-0.014634,0.116056,-0.991590,102.541580,0.000000
28108,0.020306,0.450867,-0.039714,-0.055375,-0.014675,0.116178,-0.991575,102.676163,0.000000
28112,0.020336,0.450866,-0.039701,-0.055591,-0.014612,0.116381,-0.991540,102.809029,0.000000
28115,0.020362,0.450866,-0.039691,-0.055688,-0.014579,0.116446,-0.991527,102.957344,0.000343
28119,0.020402,0.450862,-0.039677,-0.055702,-0.014659,0.116674,-0.991499,103.104286,0.000343
28123,0.020432,0.450859,-0.039665,-0.055809,-0.014582,0.116808,-0.991478,103.272858,0.000687
28126,0.020459,0.450856,-0.039650,-0.055904,-0.014591,0.117051,-0.991444,103.401604,0.000000
28130,0.020488,0.450849,-0.039633,-0.055813,-0.014740,0.117181,-0.991431,103.544426,0.000343
28133,0.020505,0.450846,-0.039622,-0.055950,-0.014665,0.117358,-0.991404,103.682442,0.000343
28137,0.020523,0.450841,-0.039610,-0.055999,-0.014675,0.117481,-0.991386,103.816338,0.000000
28140,0.020542,0.450843,-0.039598,-0.056139,-0.014701,0.117618,-0.991362,103.953667,0.000000
28144,0.020562,0.450840,-0.039589,-0.056191,-0.014676,0.117766,-0.991342,104.076576,0.000343
28147,0.020572,0.450832,-0.039588,-0.056227,-0.014660,0.117922,-0.991321,104.219742,0.000343
28151,0.020612,0.450833,-0.039578,-0.056314,-0.014699,0.118098,-0.991295,104.370804,0.000000
28154,0.020640,0.450829,-0.039570,-0.056372,-0.014726,0.118267,-0.991271,104.525299,0.000343
28158,0.020681,0.450825,-0.039560,-0.056451,-0.014666,0.118507,-0.991239,104.667435,0.000343
28162,0.020729,0.450815,-0.039541,-0.056496,-0.014801,0.118682,-0.991213,104.820557,0.000343
28165,0.020760,0.450815,-0.039528,-0.056616,-0.014785,0.118841,-0.991188,104.949646,0.000343
28169,0.020791,0.450807,-0.039509,-0.056844,-0.014666,0.119078,-0.991148,105.091782,0.000343
28172,0.020813,0.450803,-0.039487,-0.056793,-0.014761,0.119244,-0.991129,105.229797,0.000343
28176,0.020837,0.450801,-0.039468,-0.056902,-0.014788,0.119443,-0.991099,105.368500,0.000000
28179,0.020834,0.450804,-0.039465,-0.057076,-0.014402,0.119700,-0.991063,105.515785,0.000000
28183,0.020870,0.450794,-0.039448,-0.057124,-0.014717,0.119757,-0.991049,105.657234,0.000343
28187,0.020878,0.450797,-0.039448,-0.057189,-0.014456,0.119984,-0.991022,105.812416,0.000000
28190,0.020897,0.450793,-0.039446,-0.057253,-0.014466,0.120166,-0.990996,105.927773,0.000000
28193,0.020916,0.450794,-0.039443,-0.057320,-0.014429,0.120338,-0.990972,106.058235,0.000343
28197,0.020951,0.450793,-0.039435,-0.057372,-0.014520,0.120463,-0.990952,106.198997,0.000000
28201,0.020973,0.450786,-0.039424,-0.057384,-0.014511,0.120631,-0.990931,106.355553,0.000000
28204,0.021002,0.450789,-0.039407,-0.057562,-0.014403,0.120799,-0.990902,106.507988,0.000000
28208,0.021044,0.450782,-0.039384,-0.057624,-0.014522,0.120974,-0.990875,106.670380,0.000000
28211,0.021065,0.450780,-0.039366,-0.057590,-0.014560,0.121147,-0.990856,106.798439,0.000000
28215,0.021090,0.450775,-0.039348,-0.057758,-0.014501,0.121285,-0.990830,106.934395,0.000000
28218,0.021115,0.450773,-0.039335,-0.057903,-0.014535,0.121466,-0.990799,107.062454,0.000343
28222,0.021151,0.450776,-0.039313,-0.057802,-0.014845,0.121652,-0.990777,107.181587,0.000343
28226,0.021171,0.450774,-0.039306,-0.057944,-0.014761,0.121874,-0.990743,107.320290,0.000343
28229,0.021194,0.450772,-0.039305,-0.057791,-0.014873,0.121900,-0.990747,107.462082,0.000000
28233,0.021228,0.450769,-0.039298,-0.057920,-0.014846,0.122120,-0.990713,107.638550,0.000343
28236,0.021255,0.450765,-0.039291,-0.057993,-0.014821,0.122247,-0.990693,107.775879,0.000000
28240,0.021297,0.450761,-0.039267,-0.058086,-0.014896,0.122472,-0.990659,107.933121,0.000000
28243,0.021323,0.450762,-0.039249,-0.058225,-0.014879,0.122614,-0.990633,108.080063,0.000000
28247,0.021343,0.450753,-0.039228,-0.058368,-0.014774,0.122807,-0.990603,108.218765,0.000343
28250,0.021363,0.450748,-0.039209,-0.058454,-0.014811,0.122937,-0.990581,108.340988,0.000000
28254,0.021389,0.450745,-0.039195,-0.058474,-0.014817,0.123031,-0.990568,108.447762,0.000000
28258,0.021409,0.450740,-0.039186,-0.058543,-0.014809,0.123147,-0.990549,108.592644,0.000000
28261,0.021429,0.450741,-0.039183,-0.058720,-0.014787,0.123296,-0.990521,108.718643,0.000000
28264,0.021447,0.450740,-0.039181,-0.058769,-0.014804,0.123463,-0.990497,108.870392,0.000000
28268,0.021469,0.450732,-0.039176,-0.058786,-0.014825,0.123584,-0.990480,109.028320,0.000343
28272,0.021500,0.450731,-0.039167,-0.058822,-0.014862,0.123754,-0.990457,109.190025,0.000000
28275,0.021525,0.450726,-0.039157,-0.059026,-0.014810,0.123940,-0.990422,109.343491,0.000000
28279,0.021555,0.450724,-0.039138,-0.059135,-0.014728,0.124158,-0.990389,109.495239,0.000000
28282,0.021574,0.450716,-0.039122,-0.059221,-0.014727,0.124283,-0.990368,109.638062,-0.000343
28286,0.021604,0.450712,-0.039096,-0.059352,-0.014789,0.124516,-0.990331,109.731445,0.000000
28290,0.021622,0.450706,-0.039083,-0.059538,-0.014652,0.124673,-0.990302,109.863968,0.000000
28293,0.021648,0.450699,-0.039075,-0.059498,-0.014745,0.124722,-0.990296,109.977951,0.000000
28296,0.021678,0.450699,-0.039069,-0.059588,-0.014755,0.124889,-0.990270,110.128670,0.000000
28300,0.021719,0.450696,-0.039064,-0.059580,-0.014817,0.125133,-0.990239,110.299644,0.000000
28304,0.021756,0.450694,-0.039057,-0.059829,-0.014660,0.125460,-0.990185,110.452080,0.000000
28307,0.021785,0.450689,-0.039046,-0.059750,-0.014742,0.125581,-0.990173,110.616875,0.000000
28311,0.021822,0.450683,-0.039026,-0.059884,-0.014740,0.125833,-0.990133,110.787506,0.000000
28314,0.021833,0.450681,-0.039016,-0.059987,-0.014483,0.126081,-0.990099,110.906296,0.000000
28318,0.021863,0.450676,-0.038989,-0.060052,-0.014546,0.126237,-0.990074,111.031952,0.000000
28321,0.021879,0.450673,-0.038971,-0.060180,-0.014528,0.126352,-0.990052,111.150398,0.000000
28325,0.021892,0.450667,-0.038956,-0.060306,-0.014397,0.126476,-0.990030,111.269875,0.000000
28328,0.021909,0.450664,-0.038945,-0.060380,-0.014451,0.126614,-0.990007,111.403084,0.000000
28332,0.021937,0.450660,-0.038943,-0.060281,-0.014605,0.126757,-0.989993,111.548309,0.000343
28336,0.021974,0.450654,-0.038945,-0.060474,-0.014655,0.126780,-0.989977,111.697311,0.000000
28339,0.021987,0.450656,-0.038949,-0.060410,-0.014549,0.127100,-0.989942,111.864510,0.000343
28343,0.022026,0.450656,-0.038943,-0.060517,-0.014591,0.127309,-0.989908,112.040977,0.000000
28346,0.022049,0.450647,-0.038934,-0.060558,-0.014596,0.127482,-0.989883,112.182426,0.000000
28350,0.022086,0.450638,-0.038913,-0.060712,-0.014772,0.127592,-0.989857,112.317352,0.000000
28353,0.022098,0.450646,-0.038894,-0.060864,-0.014647,0.127839,-0.989817,112.451935,0.000000
28357,0.022116,0.450640,-0.038870,-0.060977,-0.014544,0.128013,-0.989789,112.567978,-0.000343
28361,0.022128,0.450634,-0.038862,-0.061308,-0.014206,0.128227,-0.989746,112.698097,0.000000
28364,0.022170,0.450625,-0.038837,-0.061033,-0.014773,0.128195,-0.989759,112.813797,0.000000
28367,0.022189,0.450624,-0.038831,-0.061101,-0.014772,0.128280,-0.989744,112.959709,0.000000
28371,0.022210,0.450622,-0.038833,-0.061286,-0.014526,0.128590,-0.989696,113.114891,0.000000
28375,0.022264,0.450616,-0.038824,-0.061333,-0.014718,0.128733,-0.989671,113.276939,0.000000
28378,0.022299,0.450618,-0.038822,-0.061487,-0.014647,0.128867,-0.989645,113.428001,0.000000
28382,0.022337,0.450614,-0.038810,-0.061606,-0.014588,0.129079,-0.989611,113.575630,0.000000
28385,0.022351,0.450615,-0.038794,-0.061511,-0.014446,0.129324,-0.989587,113.722572,0.000000
28389,0.022376,0.450608,-0.038767,-0.061595,-0.014406,0.129464,-0.989564,113.844452,0.000000
28392,0.022404,0.450594,-0.038741,-0.061745,-0.014576,0.129465,-0.989552,113.979721,0.000000
28396,0.022432,0.450593,-0.038711,-0.061800,-0.014642,0.129559,-0.989536,114.099197,0.000000
28399,0.022450,0.450590,-0.038698,-0.061935,-0.014620,0.129729,-0.989505,114.239616,0.000000
28403,0.022461,0.450583,-0.038696,-0.061996,-0.014543,0.129812,-0.989492,114.382439,0.000000
28406,0.022476,0.450582,-0.038696,-0.062035,-0.014536,0.129964,-0.989470,114.535561,0.000000
28410,0.022503,0.450583,-0.038700,-0.062019,-0.014629,0.130109,-0.989450,114.698296,0.000000
28414,0.022521,0.450579,-0.038707,-0.062129,-0.014559,0.130247,-0.989426,114.832878,0.000000
28417,0.022545,0.450578,-0.038706,-0.062178,-0.014560,0.130398,-0.989403,114.973640,0.000000
28421,0.022576,0.450574,-0.038693,-0.062235,-0.014611,0.130566,-0.989376,115.112343,0.000000
28424,0.022590,0.450576,-0.038681,-0.062294,-0.014426,0.130772,-0.989348,115.250015,0.000000
28428,0.022633,0.450568,-0.038653,-0.062550,-0.014573,0.130966,-0.989304,115.382195,0.000343
28431,0.022648,0.450568,-0.038632,-0.062540,-0.014487,0.131126,-0.989285,115.528450,0.000000
28435,0.022677,0.450560,-0.038606,-0.062725,-0.014440,0.131401,-0.989238,115.677452,0.000000
28439,0.022709,0.450555,-0.038586,-0.062810,-0.014515,0.131615,-0.989203,115.816498,0.000000
28442,0.022738,0.450547,-0.038576,-0.062845,-0.014658,0.131623,-0.989197,115.952454,0.000000
28446,0.022751,0.450544,-0.038577,-0.062913,-0.014452,0.131853,-0.989165,116.096992,0.000000
28449,0.022778,0.450539,-0.038575,-0.062988,-0.014581,0.131890,-0.989154,116.236382,0.000000
28453,0.022819,0.450540,-0.038568,-0.063021,-0.014658,0.132094,-0.989123,116.381607,0.000000
28456,0.022839,0.450534,-0.038561,-0.063020,-0.014676,0.132221,-0.989106,116.537819,-0.000343
28460,0.022873,0.450533,-0.038546,-0.063262,-0.014541,0.132371,-0.989072,116.663475,0.000000
28463,0.022897,0.450526,-0.038524,-0.063353,-0.014570,0.132558,-0.989041,116.811104,0.000000
28467,0.022922,0.450515,-0.038498,-0.063358,-0.014651,0.132704,-0.989020,116.961136,0.000000
28470,0.022948,0.450514,-0.038477,-0.063582,-0.014579,0.132901,-0.988980,117.098122,0.000000
28474,0.022973,0.450503,-0.038458,-0.063541,-0.014679,0.133002,-0.988968,117.222748,0.000000
28477,0.022973,0.450516,-0.038457,-0.063719,-0.014258,0.133381,-0.988912,117.356300,0.000000
28481,0.022981,0.450505,-0.038461,-0.063744,-0.014151,0.133430,-0.988905,117.503586,0.000000
28485,0.023031,0.450502,-0.038453,-0.063801,-0.014661,0.133468,-0.988889,117.662888,0.000000
28488,0.023021,0.450501,-0.038463,-0.063791,-0.014296,0.133721,-0.988860,117.801247,0.000000
28492,0.023044,0.450500,-0.038468,-0.064034,-0.014129,0.133915,-0.988821,117.940979,0.000000
28495,0.023079,0.450485,-0.038454,-0.063892,-0.014622,0.133854,-0.988831,118.082771,0.000000
28499,0.023110,0.450480,-0.038435,-0.063974,-0.014663,0.134071,-0.988796,118.236237,0.000000
28503,0.023134,0.450473,-0.038415,-0.064124,-0.014535,0.134267,-0.988762,118.371162,0.000000
28506,0.023159,0.450466,-0.038394,-0.064176,-0.014577,0.134350,-0.988746,118.479309,0.000000
28509,0.023179,0.450462,-0.038376,-0.064197,-0.014610,0.134451,-0.988731,118.618011,0.000000
28513,0.023214,0.450464,-0.038357,-0.064438,-0.014510,0.134693,-0.988684,118.765297,0.000000
28517,0.023246,0.450456,-0.038342,-0.064544,-0.014546,0.134857,-0.988654,118.927002,0.000000
28520,0.023253,0.450457,-0.038341,-0.064516,-0.014334,0.135176,-0.988615,119.070854,0.000000
28524,0.023277,0.450454,-0.038338,-0.064647,-0.014220,0.135317,-0.988589,119.233589,0.000000
28527,0.023313,0.450445,-0.038325,-0.064737,-0.014485,0.135331,-0.988577,119.362335,0.000000
28531,0.023334,0.450449,-0.038319,-0.064719,-0.014315,0.135590,-0.988545,119.509277,0.000000
28534,0.023368,0.450438,-0.038302,-0.064812,-0.014600,0.135649,-0.988527,119.637680,-0.000343
28538,0.023386,0.450443,-0.038291,-0.065034,-0.014268,0.135930,-0.988479,119.762306,0.000000
28541,0.023417,0.450439,-0.038265,-0.064845,-0.014540,0.136112,-0.988462,119.889336,0.000000
28545,0.023447,0.450433,-0.038243,-0.064895,-0.014601,0.136210,-0.988444,120.021858,0.000000
28549,0.023474,0.450428,-0.038223,-0.065051,-0.014552,0.136391,-0.988410,120.177040,0.000000
28552,0.023504,0.450427,-0.038211,-0.065161,-0.014587,0.136598,-0.988374,120.328445,0.000000
28556,0.023529,0.450423,-0.038200,-0.065268,-0.014527,0.136811,-0.988338,120.503883,-0.000343
28559,0.023547,0.450418,-0.038193,-0.065228,-0.014646,0.136943,-0.988321,120.634346,0.000000
28563,0.023576,0.450419,-0.038190,-0.065378,-0.014645,0.137178,-0.988278,120.784378,0.000000
28566,0.023592,0.450414,-0.038189,-0.065303,-0.014738,0.137283,-0.988267,120.930634,0.000000
28570,0.023615,0.450414,-0.038182,-0.065574,-0.014575,0.137476,-0.988225,121.042557,0.000000
28573,0.023627,0.450406,-0.038179,-0.065541,-0.014520,0.137515,-0.988222,121.174393,0.000000
28577,0.023674,0.450407,-0.038153,-0.065712,-0.014669,0.137831,-0.988165,121.308289,-0.000343
28581,0.023696,0.450394,-0.038134,-0.065794,-0.014531,0.138021,-0.988135,121.455574,0.000000
28584,0.023731,0.450389,-0.038114,-0.065844,-0.014604,0.138135,-0.988114,121.598396,0.000000
28588,0.023775,0.450384,-0.038090,-0.065899,-0.014640,0.138333,-0.988083,121.754265,-0.000343
28591,0.023807,0.450384,-0.038075,-0.066094,-0.014565,0.138535,-0.988042,121.907730,-0.000343
28595,0.023839,0.450368,-0.038063,-0.066230,-0.014579,0.138593,-0.988025,122.064629,0.000000
28598,0.023865,0.450364,-0.038052,-0.066308,-0.014589,0.138781,-0.987993,122.201614,-0.000343
28602,0.023884,0.450362,-0.038044,-0.066468,-0.014506,0.138910,-0.987965,122.338600,0.000000
28605,0.023898,0.450362,-0.038031,-0.066397,-0.014540,0.139196,-0.987929,122.464600,-0.000343
28609,0.023915,0.450366,-0.038026,-0.066392,-0.014371,0.139405,-0.987903,122.591972,0.000000
28612,0.023949,0.450345,-0.038018,-0.066570,-0.014592,0.139361,-0.987894,122.727242,-0.000343
28616,0.023974,0.450339,-0.038012,-0.066626,-0.014514,0.139472,-0.987876,122.856331,0.000000
28619,0.023988,0.450351,-0.038005,-0.066719,-0.014288,0.139867,-0.987817,123.008080,-0.000343
28623,0.024026,0.450346,-0.037994,-0.066722,-0.014391,0.139993,-0.987797,123.164635,0.000000
28627,0.024053,0.450333,-0.037983,-0.066806,-0.014306,0.140185,-0.987765,123.323593,-0.000343
28630,0.024089,0.450337,-0.037976,-0.066928,-0.014341,0.140329,-0.987736,123.465042,-0.000343
28634,0.024115,0.450328,-0.037963,-0.066951,-0.014338,0.140554,-0.987703,123.620911,0.000000
28637,0.024136,0.450330,-0.037951,-0.067152,-0.014308,0.140675,-0.987672,123.747253,-0.000343
28641,0.024159,0.450324,-0.037927,-0.067285,-0.014364,0.140901,-0.987630,123.883896,-0.000343
28644,0.024171,0.450319,-0.037912,-0.067252,-0.014433,0.140987,-0.987619,124.010239,0.000000
28648,0.024182,0.450308,-0.037896,-0.067428,-0.014328,0.141182,-0.987581,124.132118,0.000000
28651,0.024196,0.450305,-0.037887,-0.067447,-0.014366,0.141247,-0.987570,124.281807,0.000000
28655,0.024234,0.450308,-0.037878,-0.067605,-0.014390,0.141510,-0.987521,124.449005,0.000000
28659,0.024261,0.450302,-0.037878,-0.067706,-0.014307,0.141684,-0.987490,124.590797,-0.000343
28662,0.024287,0.450294,-0.037875,-0.067683,-0.014356,0.141860,-0.987466,124.729156,-0.000343
28666,0.024325,0.450289,-0.037866,-0.067695,-0.014444,0.142009,-0.987442,124.882278,0.000000
28669,0.024351,0.450288,-0.037861,-0.067929,-0.014339,0.142225,-0.987397,125.007248,-0.000343
28673,0.024391,0.450272,-0.037843,-0.067953,-0.014547,0.142194,-0.987397,125.159340,0.000000
28676,0.024418,0.450266,-0.037826,-0.068017,-0.014579,0.142385,-0.987364,125.296669,0.000000
28680,0.024441,0.450260,-0.037805,-0.068079,-0.014552,0.142508,-0.987342,125.448418,-0.000343
28684,0.024473,0.450258,-0.037781,-0.068230,-0.014555,0.142723,-0.987301,125.565834,0.000000
28687,0.024478,0.450257,-0.037768,-0.068158,-0.014505,0.142936,-0.987276,125.704880,-0.000343
28691,0.024504,0.450255,-0.037751,-0.068423,-0.014367,0.143182,-0.987224,125.850105,-0.000343
28694,0.024525,0.450253,-0.037744,-0.068443,-0.014383,0.143247,-0.987213,126.000481,0.000000
28698,0.024569,0.450243,-0.037735,-0.068488,-0.014604,0.143321,-0.987196,126.129913,-0.000343
28701,0.024588,0.450237,-0.037734,-0.068436,-0.014614,0.143388,-0.987189,126.276855,0.000000
28705,0.024618,0.450231,-0.037730,-0.068621,-0.014478,0.143604,-0.987147,126.428947,0.000000
28708,0.024647,0.450229,-0.037722,-0.068709,-0.014477,0.143716,-0.987125,126.582756,-0.000343
28712,0.024675,0.450221,-0.037711,-0.068754,-0.014495,0.143947,-0.987088,126.724548,0.000000
28715,0.024694,0.450216,-0.037703,-0.068809,-0.014473,0.143999,-0.987077,126.849861,-0.000343
28719,0.024720,0.450211,-0.037691,-0.068881,-0.014513,0.144240,-0.987036,126.990623,-0.000343
28723,0.024741,0.450205,-0.037681,-0.068946,-0.014462,0.144356,-0.987015,127.131386,-0.000343
28726,0.024762,0.450207,-0.037671,-0.069211,-0.014389,0.144573,-0.986966,127.265282,0.000000
28730,0.024790,0.450200,-0.037659,-0.069079,-0.014524,0.144634,-0.986964,127.400551,-0.000343
28733,0.024809,0.450194,-0.037650,-0.069220,-0.014445,0.144805,-0.986930,127.545776,-0.000343
28737,0.024836,0.450190,-0.037636,-0.069446,-0.014310,0.144971,-0.986892,127.708511,-0.000343
28740,0.024863,0.450186,-0.037617,-0.069458,-0.014355,0.145166,-0.986862,127.852364,-0.000343
28744,0.024895,0.450179,-0.037596,-0.069459,-0.014432,0.145261,-0.986847,127.995872,-0.000343
28747,0.024921,0.450178,-0.037581,-0.069699,-0.014334,0.145437,-0.986805,128.132172,-0.000343
28751,0.024944,0.450167,-0.037565,-0.069711,-0.014372,0.145562,-0.986786,128.269844,0.000000
28754,0.024967,0.450163,-0.037552,-0.069747,-0.014456,0.145779,-0.986750,128.392067,0.000000
28758,0.024993,0.450165,-0.037545,-0.069904,-0.014356,0.145883,-0.986725,128.520813,-0.000343
28762,0.025015,0.450155,-0.037538,-0.069861,-0.014397,0.146058,-0.986701,128.679771,-0.000343
28765,0.025036,0.450152,-0.037532,-0.069895,-0.014440,0.146146,-0.986685,128.820877,0.000000
28769,0.025062,0.450147,-0.037521,-0.070080,-0.014312,0.146387,-0.986638,128.994942,-0.000343
28772,0.025088,0.450146,-0.037508,-0.070179,-0.014284,0.146510,-0.986613,129.129181,0.000000
28776,0.025115,0.450137,-0.037491,-0.070185,-0.014396,0.146668,-0.986588,129.274063,-0.000343
28779,0.025135,0.450132,-0.037481,-0.070219,-0.014389,0.146778,-0.986569,129.414139,0.000000
28783,0.025154,0.450124,-0.037470,-0.070425,-0.014225,0.146983,-0.986526,129.552155,-0.000343
28786,0.025180,0.450125,-0.037463,-0.070499,-0.014250,0.147083,-0.986506,129.669914,-0.000343
28790,0.025207,0.450122,-0.037456,-0.070564,-0.014315,0.147300,-0.986468,129.792824,0.000000
28793,0.025225,0.450118,-0.037459,-0.070617,-0.014228,0.147345,-0.986458,129.939079,-0.000343
28797,0.025254,0.450114,-0.037453,-0.070709,-0.014271,0.147614,-0.986411,130.072975,-0.000343
28800,0.025277,0.450108,-0.037447,-0.070643,-0.014318,0.147681,-0.986405,130.246010,0.000000
28804,0.025312,0.450100,-0.037431,-0.070846,-0.014199,0.147939,-0.986354,130.414581,0.000000
28808,0.025349,0.450097,-0.037406,-0.070833,-0.014317,0.148149,-0.986321,130.564613,0.000000
28811,0.025379,0.450095,-0.037385,-0.071047,-0.014298,0.148433,-0.986264,130.722885,-0.000343
28815,0.025405,0.450084,-0.037363,-0.071082,-0.014221,0.148583,-0.986240,130.833092,0.000000
28818,0.025428,0.450079,-0.037345,-0.071188,-0.014248,0.148772,-0.986203,130.945015,0.000000
28822,0.025456,0.450076,-0.037325,-0.071135,-0.014352,0.148872,-0.986190,131.066208,-0.000343
28826,0.025473,0.450072,-0.037315,-0.071416,-0.014271,0.149135,-0.986131,131.194267,0.000000
28829,0.025488,0.450066,-0.037311,-0.071380,-0.014294,0.149197,-0.986124,131.350479,-0.000343
28833,0.025519,0.450064,-0.037303,-0.071447,-0.014340,0.149461,-0.986079,131.531754,-0.000343
28836,0.025537,0.450059,-0.037299,-0.071495,-0.014325,0.149572,-0.986059,131.673546,0.000000
28840,0.025569,0.450058,-0.037291,-0.071713,-0.014281,0.149845,-0.986002,131.825981,-0.000343
28843,0.025592,0.450053,-0.037282,-0.071646,-0.014379,0.149944,-0.985990,131.979446,-0.000343
28847,0.025617,0.450045,-0.037270,-0.071835,-0.014307,0.150206,-0.985938,132.113342,-0.000343
28850,0.025641,0.450042,-0.037259,-0.071988,-0.014240,0.150266,-0.985918,132.215996,-0.000343
28854,0.025672,0.450036,-0.037241,-0.072035,-0.014362,0.150485,-0.985880,132.345772,-0.000343
28857,0.025688,0.450028,-0.037232,-0.071971,-0.014407,0.150540,-0.985875,132.485504,0.000000
28861,0.025716,0.450022,-0.037222,-0.072147,-0.014264,0.150788,-0.985827,132.639656,0.000000
28865,0.025755,0.450018,-0.037211,-0.072098,-0.014401,0.150948,-0.985804,132.791061,-0.000343
28868,0.025781,0.450013,-0.037204,-0.072326,-0.014339,0.151136,-0.985759,132.949333,-0.000343
28872,0.025807,0.450004,-0.037199,-0.072272,-0.014378,0.151269,-0.985742,133.103828,0.000000
28875,0.025830,0.450001,-0.037189,-0.072342,-0.014387,0.151465,-0.985707,133.248711,-0.000343
28879,0.025852,0.449995,-0.037174,-0.072404,-0.014378,0.151566,-0.985687,133.394279,0.000000
28882,0.025871,0.449992,-0.037159,-0.072610,-0.014287,0.151715,-0.985650,133.502083,0.000000
28886,0.025898,0.449986,-0.037133,-0.072445,-0.014475,0.151828,-0.985642,133.629112,-0.000343
28889,0.025925,0.449983,-0.037114,-0.072694,-0.014397,0.151979,-0.985602,133.768158,-0.000343
28893,0.025950,0.449973,-0.037096,-0.072686,-0.014337,0.152113,-0.985583,133.922310,-0.000343
28896,0.025983,0.449970,-0.037084,-0.072846,-0.014285,0.152336,-0.985537,134.058609,0.000000
28900,0.026014,0.449964,-0.037073,-0.072771,-0.014416,0.152435,-0.985525,134.223061,-0.000343
28904,0.026037,0.449956,-0.037071,-0.072989,-0.014268,0.152674,-0.985474,134.360046,-0.000343
28907,0.026057,0.449954,-0.037067,-0.072961,-0.014303,0.152749,-0.985464,134.520378,0.000000
28911,0.026085,0.449951,-0.037063,-0.073049,-0.014389,0.153037,-0.985412,134.658394,0.000000
28914,0.026101,0.449948,-0.037059,-0.073171,-0.014287,0.152913,-0.985424,134.792290,0.000000
28918,0.026129,0.449946,-0.037050,-0.073283,-0.014299,0.153363,-0.985345,134.919319,-0.000343
28921,0.026144,0.449941,-0.037040,-0.073194,-0.014380,0.153416,-0.985342,135.047035,-0.000343
28925,0.026168,0.449933,-0.037023,-0.073357,-0.014245,0.153578,-0.985307,135.206680,-0.000343
28928,0.026194,0.449928,-0.037009,-0.073433,-0.014252,0.153727,-0.985278,135.331650,0.000000
28932,0.026235,0.449923,-0.036986,-0.073505,-0.014314,0.153951,-0.985237,135.486145,-0.000343
28935,0.026268,0.449923,-0.036971,-0.073587,-0.014297,0.154065,-0.985213,135.636177,-0.000343
28939,0.026296,0.449913,-0.036957,-0.073776,-0.014165,0.154293,-0.985165,135.805435,-0.000343
28943,0.026329,0.449909,-0.036943,-0.073729,-0.014300,0.154450,-0.985142,135.942421,0.000000
28946,0.026346,0.449903,-0.036932,-0.073771,-0.014248,0.154619,-0.985113,136.076317,0.000000
28950,0.026363,0.449898,-0.036923,-0.073870,-0.014211,0.154708,-0.985092,136.190300,-0.000343
28953,0.026381,0.449892,-0.036917,-0.073935,-0.014229,0.154894,-0.985058,136.333122,-0.000343
28957,0.026408,0.449890,-0.036905,-0.074090,-0.014182,0.155011,-0.985028,136.477318,-0.000343
28960,0.026421,0.449880,-0.036901,-0.074108,-0.014172,0.155140,-0.985007,136.614304,-0.000343
28964,0.026451,0.449878,-0.036891,-0.074071,-0.014236,0.155236,-0.984994,136.764336,0.000000
28968,0.026473,0.449870,-0.036880,-0.074252,-0.014160,0.155484,-0.984942,136.917801,-0.000343
28971,0.026492,0.449868,-0.036872,-0.074307,-0.014129,0.155522,-0.984932,137.065086,0.000000
28975,0.026512,0.449874,-0.036857,-0.074421,-0.013987,0.155974,-0.984854,137.190742,-0.000343
28978,0.026540,0.449858,-0.036848,-0.074462,-0.014206,0.155844,-0.984869,137.334595,0.000000
28982,0.026559,0.449853,-0.036839,-0.074716,-0.014079,0.156095,-0.984811,137.474327,0.000000
28985,0.026574,0.449848,-0.036827,-0.074686,-0.014150,0.156186,-0.984798,137.619209,-0.000343
28989,0.026603,0.449845,-0.036814,-0.074757,-0.014213,0.156436,-0.984752,137.760658,0.000000
28992,0.026616,0.449837,-0.036806,-0.074717,-0.014236,0.156478,-0.984748,137.899361,0.000000
28996,0.026646,0.449831,-0.036794,-0.074848,-0.014223,0.156682,-0.984706,138.057976,-0.000343
29000,0.026681,0.449831,-0.036782,-0.074906,-0.014266,0.156858,-0.984673,138.198738,-0.000343
29003,0.026703,0.449821,-0.036773,-0.074957,-0.014220,0.157012,-0.984645,138.326454,-0.000343
29006,0.026724,0.449829,-0.036764,-0.075053,-0.013996,0.157295,-0.984596,138.457603,0.000000
29010,0.026768,0.449815,-0.036746,-0.075011,-0.014308,0.157304,-0.984593,138.615189,0.000000
29013,0.026793,0.449812,-0.036733,-0.075166,-0.014285,0.157450,-0.984559,138.750114,0.000000
29017,0.026813,0.449804,-0.036719,-0.075316,-0.014167,0.157616,-0.984522,138.904610,-0.000343
29021,0.026842,0.449801,-0.036702,-0.075239,-0.014364,0.157785,-0.984498,139.049835,-0.000343
29024,0.026857,0.449797,-0.036691,-0.075354,-0.014316,0.157915,-0.984469,139.184761,0.000000
29028,0.026877,0.449791,-0.036685,-0.075520,-0.014240,0.158045,-0.984437,139.325867,-0.000343
29032,0.026904,0.449785,-0.036676,-0.075527,-0.014332,0.158288,-0.984396,139.479675,-0.000343
29035,0.026928,0.449786,-0.036672,-0.075608,-0.014312,0.158388,-0.984374,139.596748,-0.000343
29038,0.026941,0.449780,-0.036669,-0.075603,-0.014292,0.158529,-0.984352,139.720345,-0.000343
29042,0.026972,0.449776,-0.036658,-0.075622,-0.014318,0.158683,-0.984325,139.868660,0.000000
29046,0.027006,0.449768,-0.036641,-0.075747,-0.014294,0.158922,-0.984277,140.021095,0.000000
29049,0.027032,0.449762,-0.036625,-0.075802,-0.014269,0.159047,-0.984253,140.186920,-0.000343
29053,0.027075,0.449751,-0.036599,-0.075920,-0.014364,0.159346,-0.984194,140.330086,-0.000343
29056,0.027101,0.449749,-0.036583,-0.075932,-0.014385,0.159452,-0.984176,140.485611,-0.000343
29060,0.027124,0.449741,-0.036571,-0.076115,-0.014236,0.159675,-0.984128,140.619850,0.000000
29063,0.027145,0.449736,-0.036562,-0.076249,-0.014224,0.159796,-0.984098,140.749969,0.000000
29067,0.027169,0.449729,-0.036554,-0.076207,-0.014320,0.160002,-0.984066,140.877342,-0.000343
29071,0.027188,0.449724,-0.036552,-0.076311,-0.014238,0.160106,-0.984043,140.999222,-0.000343
29074,0.027213,0.449724,-0.036549,-0.076440,-0.014244,0.160330,-0.983996,141.136894,0.000000
29078,0.027249,0.449717,-0.036542,-0.076459,-0.014314,0.160428,-0.983978,141.287956,0.000000
29081,0.027274,0.449706,-0.036535,-0.076538,-0.014271,0.160610,-0.983942,141.452408,0.000000
29085,0.027318,0.449698,-0.036515,-0.076632,-0.014318,0.160808,-0.983902,141.599693,-0.000343
29088,0.027351,0.449695,-0.036495,-0.076839,-0.014282,0.161031,-0.983850,141.751785,0.000000
29092,0.027374,0.449683,-0.036472,-0.076863,-0.014219,0.161117,-0.983835,141.912804,0.000000
29095,0.027393,0.449677,-0.036449,-0.077014,-0.014180,0.161299,-0.983794,142.052879,0.000000
29099,0.027423,0.449671,-0.036423,-0.076985,-0.014332,0.161436,-0.983772,142.161713,-0.000343
29102,0.027442,0.449667,-0.036416,-0.077174,-0.014239,0.161559,-0.983738,142.281189,0.000000
29106,0.027458,0.449656,-0.036412,-0.077251,-0.014192,0.161734,-0.983704,142.408218,-0.000343
29109,0.027483,0.449659,-0.036413,-0.077411,-0.014173,0.161857,-0.983671,142.542458,0.000000
29113,0.027508,0.449649,-0.036417,-0.077363,-0.014226,0.162027,-0.983646,142.707596,-0.000343
29117,0.027539,0.449641,-0.036413,-0.077547,-0.014137,0.162300,-0.983588,142.878571,0.000000
29120,0.027566,0.449639,-0.036407,-0.077640,-0.014178,0.162431,-0.983558,143.025513,0.000000
29124,0.027602,0.449632,-0.036390,-0.077762,-0.014113,0.162676,-0.983509,143.185501,0.000000
29127,0.027623,0.449622,-0.036371,-0.077726,-0.014147,0.162785,-0.983494,143.320427,0.000000
29131,0.027662,0.449618,-0.036339,-0.077782,-0.014224,0.162983,-0.983455,143.449860,0.000000
29134,0.027687,0.449613,-0.036318,-0.077922,-0.014213,0.163147,-0.983417,143.575172,0.000000
29138,0.027702,0.449601,-0.036297,-0.078034,-0.014068,0.163270,-0.983390,143.703575,0.000000
29141,0.027722,0.449595,-0.036283,-0.078076,-0.014084,0.163408,-0.983363,143.834381,0.000000
29145,0.027754,0.449589,-0.036270,-0.078074,-0.014208,0.163577,-0.983334,143.982353,0.000000
29149,0.027780,0.449584,-0.036270,-0.078142,-0.014099,0.163721,-0.983306,144.125862,0.000000
29152,0.027805,0.449580,-0.036269,-0.078222,-0.014133,0.163940,-0.983263,144.285507,0.000000
29156,0.027844,0.449576,-0.036266,-0.078237,-0.014188,0.164087,-0.983236,144.439659,-0.000343
29159,0.027870,0.449572,-0.036262,-0.078319,-0.014181,0.164319,-0.983191,144.594498,0.000000
29163,0.027909,0.449571,-0.036247,-0.078488,-0.014162,0.164467,-0.983153,144.734917,0.000000
29167,0.027937,0.449559,-0.036226,-0.078511,-0.014162,0.164703,-0.983112,144.877052,0.000000
29170,0.027957,0.449559,-0.036208,-0.078706,-0.014080,0.164796,-0.983082,144.993095,0.000343
29173,0.027972,0.449548,-0.036190,-0.078708,-0.014112,0.164947,-0.983056,145.122528,0.000000
29177,0.028003,0.449545,-0.036160,-0.078835,-0.014168,0.165124,-0.983015,145.266380,-0.000343
29180,0.028017,0.449538,-0.036148,-0.078809,-0.014225,0.165250,-0.982995,145.403023,-0.000343
29184,0.028037,0.449536,-0.036138,-0.079064,-0.014081,0.165464,-0.982941,145.553741,0.000000
29188,0.028065,0.449528,-0.036131,-0.079020,-0.014238,0.165722,-0.982899,145.727119,0.000000
29191,0.028086,0.449524,-0.036130,-0.079060,-0.014227,0.165816,-0.982880,145.869255,-0.000343
29195,0.028112,0.449521,-0.036131,-0.079297,-0.014079,0.166091,-0.982816,146.023064,0.000000
29198,0.028131,0.449517,-0.036127,-0.079178,-0.014218,0.166204,-0.982805,146.149063,0.000000
29202,0.028163,0.449513,-0.036121,-0.079395,-0.014140,0.166426,-0.982751,146.281586,0.000000
29205,0.028180,0.449508,-0.036109,-0.079389,-0.014171,0.166547,-0.982730,146.419601,-0.000343
29209,0.028210,0.449500,-0.036091,-0.079452,-0.014226,0.166700,-0.982699,146.544914,0.000000
29213,0.028235,0.449492,-0.036071,-0.079525,-0.014225,0.166814,-0.982673,146.691170,0.000000
29216,0.028257,0.449491,-0.036060,-0.079701,-0.014122,0.166987,-0.982631,146.822662,0.000000
29219,0.028275,0.449481,-0.036047,-0.079710,-0.014157,0.167146,-0.982603,147.000504,0.000000
29223,0.028313,0.449477,-0.036030,-0.079781,-0.014210,0.167321,-0.982566,147.137146,0.000000
29223,0.028313,0.449477,-0.036030,-0.079781,-0.014210,0.167321,-0.982566,147.282715,0.000000
29223,0.028313,0.449477,-0.036030,-0.079781,-0.014210,0.167321,-0.982566,147.425880,0.000000
29223,0.028313,0.449477,-0.036030,-0.079781,-0.014210,0.167321,-0.982566,147.565613,0.000000
29223,0.028313,0.449477,-0.036030,-0.079781,-0.014210,0.167321,-0.982566,147.717018,0.000000
29223,0.028313,0.449477,-0.036030,-0.079781,-0.014210,0.167321,-0.982566,147.828255,0.000000
29223,0.028313,0.449477,-0.036030,-0.079781,-0.014210,0.167321,-0.982566,147.967987,0.000000
29223,0.028313,0.449477,-0.036030,-0.079781,-0.014210,0.167321,-0.982566,148.100166,0.000000
29223,0.028313,0.449477,-0.036030,-0.079781,-0.014210,0.167321,-0.982566,148.246422,0.000000
29223,0.028313,0.449477,-0.036030,-0.079781,-0.014210,0.167321,-0.982566,148.397484,-0.000343
29223,0.028313,0.449477,-0.036030,-0.079781,-0.014210,0.167321,-0.982566,148.538246,0.000000
29223,0.028313,0.449477,-0.036030,-0.079781,-0.014210,0.167321,-0.982566,148.700638,-0.000343
29223,0.028313,0.449477,-0.036030,-0.079781,-0.014210,0.167321,-0.982566,148.854446,0.000000
29223,0.028313,0.449477,-0.036030,-0.079781,-0.014210,0.167321,-0.982566,148.991089,0.000000
29223,0.028313,0.449477,-0.036030,-0.079781,-0.014210,0.167321,-0.982566,149.123611,0.000000
29223,0.028313,0.449477,-0.036030,-0.079781,-0.014210,0.167321,-0.982566,149.257507,0.000000
29223,0.028313,0.449477,-0.036030,-0.079781,-0.014210,0.167321,-0.982566,149.389000,0.000000
29223,0.028313,0.449477,-0.036030,-0.079781,-0.014210,0.167321,-0.982566,149.534225,0.000000
29223,0.028313,0.449477,-0.036030,-0.079781,-0.014210,0.167321,-0.982566,149.675331,0.000343
29223,0.028313,0.449477,-0.036030,-0.079781,-0.014210,0.167321,-0.982566,149.827766,0.000343
29223,0.028313,0.449477,-0.036030,-0.079781,-0.014210,0.167321,-0.982566,149.952049,0.000000
29223,0.028313,0.449477,-0.036030,-0.079781,-0.014210,0.167321,-0.982566,150.103111,0.000000
29223,0.028313,0.449477,-0.036030,-0.079781,-0.014210,0.167321,-0.982566,150.261726,0.000000
29223,0.028313,0.449477,-0.036030,-0.079781,-0.014210,0.167321,-0.982566,150.410728,0.000000
29223,0.028313,0.449477,-0.036030,-0.079781,-0.014210,0.167321,-0.982566,150.554924,0.000000
29223,0.028313,0.449477,-0.036030,-0.079781,-0.014210,0.167321,-0.982566,150.706329,0.000000
29223,0.028313,0.449477,-0.036030,-0.079781,-0.014210,0.167321,-0.982566,150.827522,0.000000
29223,0.028313,0.449477,-0.036030,-0.079781,-0.014210,0.167321,-0.982566,150.951805,0.000000
29223,0.028313,0.449477,-0.036030,-0.079781,-0.014210,0.167321,-0.982566,151.085701,0.000000
29223,0.028313,0.449477,-0.036030,-0.079781,-0.014210,0.167321,-0.982566,151.226120,0.000343
29330,0.029078,0.449288,-0.035666,-0.082065,-0.014169,0.172143,-0.981545,151.400528,0.000000
29333,0.029104,0.449286,-0.035660,-0.082223,-0.014196,0.172345,-0.981496,151.534767,0.000000
29337,0.029124,0.449278,-0.035661,-0.082344,-0.014128,0.172497,-0.981461,151.709862,0.000000
29340,0.029140,0.449273,-0.035666,-0.082340,-0.014096,0.172582,-0.981446,151.846161,0.000000
29344,0.029175,0.449266,-0.035664,-0.082361,-0.014226,0.172793,-0.981406,151.988640,0.000000
29347,0.029201,0.449265,-0.035661,-0.082437,-0.014219,0.172970,-0.981368,152.112923,0.000343
29351,0.029228,0.449259,-0.035651,-0.082543,-0.014120,0.173116,-0.981335,152.211456,0.000000
29355,0.029259,0.449250,-0.035628,-0.082547,-0.014265,0.173250,-0.981309,152.336082,0.000000
29358,0.029285,0.449250,-0.035604,-0.082729,-0.014177,0.173471,-0.981256,152.495384,0.000000
29362,0.029316,0.449237,-0.035571,-0.082929,-0.014093,0.173609,-0.981216,152.669792,0.000000
29365,0.029345,0.449224,-0.035548,-0.082963,-0.014201,0.173830,-0.981172,152.820854,0.000000
29369,0.029385,0.449216,-0.035520,-0.083111,-0.014221,0.174103,-0.981111,152.988052,0.000000
29372,0.029405,0.449209,-0.035510,-0.083221,-0.014159,0.174273,-0.981072,153.140831,0.000343
29376,0.029433,0.449201,-0.035503,-0.083280,-0.014202,0.174511,-0.981024,153.281937,0.000343
29379,0.029453,0.449199,-0.035498,-0.083242,-0.014267,0.174671,-0.980998,153.402443,0.000343
29383,0.029468,0.449194,-0.035506,-0.083370,-0.014163,0.174799,-0.980966,153.494453,0.000000
29386,0.029486,0.449191,-0.035506,-0.083501,-0.014101,0.174894,-0.980939,153.606033,0.000343
29390,0.029517,0.449185,-0.035497,-0.083557,-0.014217,0.175074,-0.980900,153.737869,0.000000
29393,0.029536,0.449180,-0.035487,-0.083568,-0.014221,0.175160,-0.980884,153.894424,0.000343
29397,0.029567,0.449167,-0.035466,-0.083820,-0.014059,0.175401,-0.980822,154.052010,0.000000
29401,0.029608,0.449157,-0.035442,-0.083879,-0.014198,0.175637,-0.980772,154.214058,0.000000
29404,0.029628,0.449147,-0.035425,-0.083895,-0.014177,0.175807,-0.980741,154.365807,0.000343
29408,0.029656,0.449139,-0.035416,-0.084123,-0.014100,0.175988,-0.980690,154.528542,0.000343
29411,0.029672,0.449133,-0.035411,-0.084035,-0.014181,0.176097,-0.980677,154.644585,0.000343
29415,0.029687,0.449127,-0.035409,-0.084112,-0.014138,0.176227,-0.980647,154.755135,0.000343
29418,0.029701,0.449125,-0.035410,-0.084254,-0.014068,0.176380,-0.980609,154.866371,0.000000
29422,0.029728,0.449118,-0.035402,-0.084272,-0.014163,0.176510,-0.980582,154.990997,0.000343
29425,0.029749,0.449114,-0.035390,-0.084231,-0.014215,0.176681,-0.980554,155.135536,0.000343
29429,0.029780,0.449104,-0.035375,-0.084366,-0.014090,0.176854,-0.980513,155.283508,0.000000
29433,0.029825,0.449092,-0.035346,-0.084416,-0.014219,0.177071,-0.980468,155.440407,0.000343
29436,0.029862,0.449092,-0.035312,-0.084621,-0.014442,0.177292,-0.980407,155.609322,0.000000
29440,0.029891,0.449073,-0.035299,-0.084735,-0.014099,0.177445,-0.980375,155.765190,0.000343
29443,0.029917,0.449065,-0.035283,-0.084751,-0.014132,0.177542,-0.980355,155.885696,0.000343
29447,0.029947,0.449062,-0.035272,-0.084830,-0.014192,0.177781,-0.980304,156.007576,0.000343
29450,0.029965,0.449062,-0.035272,-0.084964,-0.014102,0.177871,-0.980278,156.120186,0.000343
29454,0.029980,0.449056,-0.035273,-0.084948,-0.014094,0.178041,-0.980248,156.249275,0.000343
29458,0.030001,0.449051,-0.035268,-0.085063,-0.014100,0.178224,-0.980205,156.391754,0.000343
29461,0.030017,0.449045,-0.035261,-0.085106,-0.014094,0.178348,-0.980179,156.527023,0.000000
29465,0.030046,0.449037,-0.035245,-0.085231,-0.014133,0.178520,-0.980136,156.668129,0.000343
29468,0.030076,0.449037,-0.035227,-0.085324,-0.014127,0.178679,-0.980099,156.822624,0.000343
29472,0.030104,0.449024,-0.035206,-0.085420,-0.014017,0.178837,-0.980063,156.998405,0.000000
29475,0.030135,0.449018,-0.035188,-0.085581,-0.013971,0.179031,-0.980015,157.136421,0.000343
29479,0.030174,0.449009,-0.035168,-0.085620,-0.014132,0.179236,-0.979972,157.251778,0.000343
29482,0.030196,0.449006,-0.035162,-0.085709,-0.014056,0.179331,-0.979947,157.381554,0.000343
29486,0.030213,0.448994,-0.035161,-0.085705,-0.014006,0.179468,-0.979923,157.506866,0.000343
29489,0.030237,0.448992,-0.035157,-0.085759,-0.014045,0.179633,-0.979888,157.647285,0.000343
29493,0.030263,0.448987,-0.035155,-0.085764,-0.014110,0.179784,-0.979859,157.780151,0.000343
29496,0.030283,0.448985,-0.035151,-0.085966,-0.014026,0.179970,-0.979808,157.907867,0.000000
29500,0.030302,0.448974,-0.035141,-0.085875,-0.014146,0.180023,-0.979805,158.047256,0.000343
29504,0.030327,0.448967,-0.035121,-0.085930,-0.014142,0.180235,-0.979761,158.193512,0.000343
29507,0.030354,0.448963,-0.035100,-0.086113,-0.014085,0.180428,-0.979710,158.346977,0.000343
29511,0.030395,0.448948,-0.035068,-0.086094,-0.014245,0.180660,-0.979667,158.486710,0.000343
29514,0.030421,0.448941,-0.035049,-0.086156,-0.014285,0.180809,-0.979633,158.621979,0.000343
29518,0.030450,0.448935,-0.035032,-0.086460,-0.014098,0.181049,-0.979565,158.761711,0.000000
29521,0.030471,0.448925,-0.035021,-0.086383,-0.014169,0.181161,-0.979550,158.918266,0.000000
29525,0.030506,0.448922,-0.035010,-0.086525,-0.014224,0.181392,-0.979494,159.031563,0.000343
29528,0.030516,0.448916,-0.035009,-0.086502,-0.014242,0.181510,-0.979474,159.156876,0.000343
29532,0.030534,0.448909,-0.035012,-0.086599,-0.014165,0.181698,-0.979431,159.292488,0.000343
29536,0.030555,0.448905,-0.035009,-0.086656,-0.014183,0.181846,-0.979399,159.428787,0.000343
29539,0.030572,0.448898,-0.035004,-0.086709,-0.014150,0.181990,-0.979368,159.579163,0.000343
29542,0.030592,0.448893,-0.034995,-0.086772,-0.014122,0.182068,-0.979348,159.714432,0.000343
29546,0.030626,0.448881,-0.034975,-0.086900,-0.014134,0.182291,-0.979295,159.860001,0.000343
29550,0.030660,0.448872,-0.034953,-0.087070,-0.014068,0.182497,-0.979242,159.999390,0.000343
29553,0.030692,0.448863,-0.034937,-0.087327,-0.013976,0.182695,-0.979184,160.144615,0.000343
29557,0.030735,0.448854,-0.034911,-0.087215,-0.014188,0.182905,-0.979152,160.281601,0.000343
29560,0.030764,0.448846,-0.034901,-0.087411,-0.014103,0.183111,-0.979097,160.410004,0.000343
29564,0.030787,0.448841,-0.034893,-0.087511,-0.014008,0.183216,-0.979070,160.541840,0.000343
29568,0.030819,0.448834,-0.034878,-0.087570,-0.014135,0.183423,-0.979024,160.678139,0.000343
29571,0.030832,0.448824,-0.034875,-0.087553,-0.014120,0.183529,-0.979006,160.834007,0.000343
29575,0.030858,0.448818,-0.034862,-0.087659,-0.014113,0.183785,-0.978948,160.954857,0.000343
29578,0.030882,0.448812,-0.034855,-0.087733,-0.014138,0.183900,-0.978920,161.098366,0.000000
29582,0.030914,0.448805,-0.034842,-0.087843,-0.014098,0.184180,-0.978858,161.243248,0.000343
29585,0.030939,0.448796,-0.034828,-0.087920,-0.014069,0.184288,-0.978831,161.397743,0.000343
29589,0.030984,0.448792,-0.034806,-0.088120,-0.014133,0.184596,-0.978754,161.549492,0.000343
29592,0.031003,0.448785,-0.034789,-0.088051,-0.014225,0.184680,-0.978743,161.666908,0.000000
29596,0.031024,0.448774,-0.034774,-0.088253,-0.014100,0.184899,-0.978685,161.807671,0.000343
29599,0.031049,0.448771,-0.034765,-0.088382,-0.014108,0.185006,-0.978653,161.937790,0.000000
29603,0.031083,0.448765,-0.034750,-0.088419,-0.014189,0.185229,-0.978607,162.072372,0.000343
29607,0.031094,0.448753,-0.034744,-0.088460,-0.014092,0.185358,-0.978580,162.181206,0.000343
29610,0.031114,0.448756,-0.034735,-0.088574,-0.014107,0.185553,-0.978532,162.321281,0.000000
29613,0.031131,0.448744,-0.034729,-0.088533,-0.014161,0.185628,-0.978521,162.472000,0.000000
29617,0.031165,0.448733,-0.034715,-0.088691,-0.014157,0.185863,-0.978462,162.636108,0.000343
29621,0.031208,0.448721,-0.034701,-0.088778,-0.014198,0.186083,-0.978412,162.782364,0.000000
29624,0.031239,0.448716,-0.034686,-0.088826,-0.014230,0.186314,-0.978363,162.919006,0.000343
29628,0.031273,0.448707,-0.034675,-0.088933,-0.014141,0.186465,-0.978326,163.067322,0.000343
29631,0.031303,0.448696,-0.034662,-0.089126,-0.014041,0.186660,-0.978273,163.181305,0.000343
29635,0.031345,0.448689,-0.034644,-0.089080,-0.014182,0.186799,-0.978248,163.306961,0.000000
29638,0.031373,0.448682,-0.034630,-0.089310,-0.014116,0.187012,-0.978188,163.426781,0.000000
29642,0.031392,0.448673,-0.034614,-0.089385,-0.014029,0.187114,-0.978163,163.554497,0.000000
29646,0.031422,0.448665,-0.034593,-0.089463,-0.014116,0.187302,-0.978118,163.698349,0.000000
29649,0.031436,0.448652,-0.034577,-0.089436,-0.014132,0.187423,-0.978097,163.871040,0.000343
29653,0.031467,0.448645,-0.034559,-0.089685,-0.014027,0.187737,-0.978016,164.026909,0.000343
29656,0.031492,0.448636,-0.034546,-0.089730,-0.014061,0.187821,-0.977995,164.162178,0.000343
29660,0.031522,0.448626,-0.034536,-0.089814,-0.014056,0.188093,-0.977935,164.309120,0.000000
29663,0.031542,0.448621,-0.034534,-0.089871,-0.014000,0.188181,-0.977914,164.449883,0.000000
29667,0.031577,0.448611,-0.034524,-0.089930,-0.014092,0.188424,-0.977860,164.577599,0.000343
29670,0.031594,0.448606,-0.034518,-0.089801,-0.014124,0.188497,-0.977857,164.687119,0.000343
29674,0.031611,0.448598,-0.034515,-0.090023,-0.013950,0.188666,-0.977807,164.802818,0.000343
29678,0.031645,0.448596,-0.034500,-0.090085,-0.014061,0.188874,-0.977759,164.928818,0.000343
29681,0.031659,0.448585,-0.034489,-0.090085,-0.014088,0.188938,-0.977747,165.074043,0.000000
29685,0.031683,0.448576,-0.034476,-0.090242,-0.013978,0.189130,-0.977697,165.236092,0.000343
29688,0.031707,0.448567,-0.034460,-0.090355,-0.013977,0.189324,-0.977649,165.390244,0.000343
29692,0.031741,0.448558,-0.034441,-0.090370,-0.014052,0.189499,-0.977612,165.545082,0.000343
29695,0.031774,0.448556,-0.034425,-0.090572,-0.014008,0.189788,-0.977538,165.685501,0.000000
29699,0.031809,0.448548,-0.034414,-0.090661,-0.014004,0.189902,-0.977508,165.821114,0.000343
29702,0.031836,0.448538,-0.034403,-0.090652,-0.014040,0.190040,-0.977481,165.940590,0.000343
29706,0.031861,0.448535,-0.034390,-0.090689,-0.013988,0.190244,-0.977439,166.061783,0.000343
29709,0.031886,0.448533,-0.034380,-0.090901,-0.013919,0.190432,-0.977384,166.192932,0.000343
29713,0.031923,0.448529,-0.034360,-0.090868,-0.014093,0.190597,-0.977352,166.325455,0.000343
29716,0.031939,0.448518,-0.034346,-0.090941,-0.014076,0.190741,-0.977318,166.473427,0.000000
29720,0.031965,0.448514,-0.034331,-0.091146,-0.013996,0.190936,-0.977261,166.615906,0.000343
29724,0.031992,0.448499,-0.034315,-0.091133,-0.014163,0.191146,-0.977219,166.774864,0.000343
29727,0.032014,0.448497,-0.034307,-0.091245,-0.014119,0.191290,-0.977181,166.925240,0.000343
29731,0.032040,0.448484,-0.034304,-0.091471,-0.013976,0.191462,-0.977129,167.076988,0.000343
29734,0.032056,0.448474,-0.034301,-0.091388,-0.014061,0.191506,-0.977126,167.206078,0.000343
29738,0.032087,0.448472,-0.034293,-0.091553,-0.014012,0.191788,-0.977056,167.348213,0.000343
29741,0.032096,0.448462,-0.034287,-0.091469,-0.014041,0.191835,-0.977055,167.461853,0.000000
29745,0.032129,0.448460,-0.034273,-0.091616,-0.014082,0.192126,-0.976983,167.584419,0.000343
29749,0.032150,0.448452,-0.034261,-0.091751,-0.013984,0.192215,-0.976954,167.714195,0.000343
29752,0.032164,0.448447,-0.034250,-0.091860,-0.013958,0.192414,-0.976905,167.842255,0.000343
29756,0.032191,0.448437,-0.034232,-0.091830,-0.014076,0.192513,-0.976887,167.997780,0.000343
29759,0.032210,0.448425,-0.034220,-0.091855,-0.014085,0.192651,-0.976857,168.149872,0.000000
29763,0.032234,0.448417,-0.034208,-0.091942,-0.014029,0.192830,-0.976814,168.304024,0.000343
29766,0.032267,0.448413,-0.034200,-0.092131,-0.013972,0.193062,-0.976752,168.437920,0.000343
29770,0.032299,0.448403,-0.034191,-0.092122,-0.014058,0.193188,-0.976726,168.578339,0.000000
29773,0.032329,0.448400,-0.034184,-0.092274,-0.013957,0.193405,-0.976670,168.724937,0.000343
29777,0.032364,0.448385,-0.034169,-0.092259,-0.014016,0.193503,-0.976652,168.844757,0.000000
29780,0.032393,0.448378,-0.034156,-0.092360,-0.014035,0.193756,-0.976592,168.975563,0.000343
29784,0.032426,0.448372,-0.034137,-0.092550,-0.013922,0.193907,-0.976545,169.091606,0.000000
29788,0.032452,0.448365,-0.034115,-0.092626,-0.013992,0.194108,-0.976497,169.237862,0.000000
29791,0.032468,0.448356,-0.034100,-0.092595,-0.014058,0.194161,-0.976489,169.381371,0.000000
29795,0.032489,0.448343,-0.034080,-0.092840,-0.013927,0.194381,-0.976423,169.556122,0.000343
29798,0.032516,0.448341,-0.034070,-0.092938,-0.013932,0.194527,-0.976385,169.686584,0.000343
29802,0.032545,0.448327,-0.034058,-0.092940,-0.014036,0.194757,-0.976337,169.818764,0.000343
29805,0.032561,0.448323,-0.034055,-0.092984,-0.014055,0.194878,-0.976309,169.946480,0.000000
29809,0.032584,0.448318,-0.034056,-0.093196,-0.013936,0.195164,-0.976233,170.086899,0.000343
29812,0.032604,0.448307,-0.034049,-0.093158,-0.014005,0.195244,-0.976220,170.223198,0.000000
29816,0.032636,0.448298,-0.034038,-0.093247,-0.014007,0.195503,-0.976160,170.361900,0.000343
29819,0.032661,0.448297,-0.034029,-0.093336,-0.013963,0.195622,-0.976128,170.491333,0.000000
29823,0.032694,0.448281,-0.034009,-0.093380,-0.014011,0.195809,-0.976085,170.628662,0.000000
29827,0.032720,0.448271,-0.033992,-0.093466,-0.013981,0.195927,-0.976054,170.778694,0.000343
29830,0.032745,0.448262,-0.033977,-0.093603,-0.013949,0.196137,-0.975999,170.914993,0.000000
29834,0.032782,0.448258,-0.033956,-0.093690,-0.014074,0.196332,-0.975950,171.056786,0.000343
29837,0.032803,0.448250,-0.033943,-0.093719,-0.014066,0.196493,-0.975915,171.189651,0.000343
29841,0.032828,0.448243,-0.033934,-0.093913,-0.013928,0.196633,-0.975870,171.345863,0.000000
29844,0.032850,0.448231,-0.033929,-0.093865,-0.013978,0.196789,-0.975842,171.472893,0.000000
29848,0.032888,0.448223,-0.033917,-0.093858,-0.014118,0.196957,-0.975807,171.601295,0.000000
29852,0.032920,0.448223,-0.033903,-0.094038,-0.013999,0.197253,-0.975732,171.737251,0.000000
29855,0.032945,0.448207,-0.033894,-0.094084,-0.014035,0.197258,-0.975726,171.877670,0.000000
29859,0.032983,0.448195,-0.033870,-0.094209,-0.014042,0.197510,-0.975663,172.021523,0.000000
29862,0.033007,0.448192,-0.033854,-0.094210,-0.014010,0.197627,-0.975639,172.159538,0.000000
29866,0.033047,0.448181,-0.033833,-0.094426,-0.014009,0.197926,-0.975558,172.293091,0.000000
29869,0.033068,0.448174,-0.033821,-0.094441,-0.014034,0.198013,-0.975538,172.432480,0.000000
29873,0.033087,0.448160,-0.033809,-0.094611,-0.013930,0.198228,-0.975479,172.572212,0.000000
29876,0.033109,0.448157,-0.033802,-0.094689,-0.013940,0.198328,-0.975452,172.719154,0.000343
29880,0.033135,0.448153,-0.033791,-0.094708,-0.014035,0.198600,-0.975393,172.853737,0.000000
29883,0.033142,0.448139,-0.033792,-0.094737,-0.014060,0.198650,-0.975380,172.998962,0.000000
29887,0.033158,0.448134,-0.033788,-0.094883,-0.013944,0.198882,-0.975320,173.133202,0.000000
29891,0.033185,0.448127,-0.033777,-0.094891,-0.014080,0.199041,-0.975285,173.270874,0.000343
29894,0.033205,0.448123,-0.033769,-0.095080,-0.014020,0.199254,-0.975224,173.398933,0.000000
29898,0.033229,0.448111,-0.033754,-0.095078,-0.014029,0.199337,-0.975207,173.519440,0.000000
29901,0.033255,0.448105,-0.033738,-0.095129,-0.014070,0.199532,-0.975161,173.659515,0.000000
29905,0.033285,0.448094,-0.033720,-0.095240,-0.013993,0.199644,-0.975129,173.808861,0.000000
29908,0.033319,0.448092,-0.033703,-0.095417,-0.013932,0.199854,-0.975069,173.962669,0.000000
29912,0.033361,0.448080,-0.033687,-0.095399,-0.014060,0.200030,-0.975033,174.101715,0.000000
29915,0.033382,0.448071,-0.033676,-0.095426,-0.014036,0.200175,-0.975001,174.268570,0.000000
29919,0.033407,0.448061,-0.033669,-0.095522,-0.013942,0.200336,-0.974960,174.393883,0.000000
29923,0.033442,0.448057,-0.033652,-0.095644,-0.014052,0.200592,-0.974894,174.540825,0.000000
29926,0.033455,0.448045,-0.033645,-0.095607,-0.014066,0.200658,-0.974883,174.648628,0.000000
29930,0.033475,0.448033,-0.033631,-0.095793,-0.013939,0.200887,-0.974820,174.765358,0.000000
29933,0.033501,0.448032,-0.033616,-0.095844,-0.013986,0.200994,-0.974792,174.888954,0.000000
29937,0.033534,0.448017,-0.033597,-0.095845,-0.014008,0.201207,-0.974748,175.011864,0.000000
29940,0.033564,0.448014,-0.033584,-0.095990,-0.013917,0.201333,-0.974709,175.185585,0.000000
29944,0.033607,0.448010,-0.033563,-0.096041,-0.013900,0.201751,-0.974618,175.352440,0.000000
29947,0.033637,0.447994,-0.033552,-0.096047,-0.013969,0.201813,-0.974603,175.514832,0.000000
29951,0.033664,0.447990,-0.033545,-0.096322,-0.013820,0.202082,-0.974522,175.659370,0.000000
29955,0.033690,0.447976,-0.033535,-0.096326,-0.013935,0.202220,-0.974492,175.797043,0.000000
29958,0.033705,0.447970,-0.033531,-0.096392,-0.013947,0.202388,-0.974450,175.916176,0.000000
29962,0.033714,0.447967,-0.033532,-0.096542,-0.013813,0.202529,-0.974408,176.012993,0.000000
29965,0.033727,0.447961,-0.033526,-0.096618,-0.013815,0.202677,-0.974370,176.123199,0.000000
29969,0.033746,0.447944,-0.033517,-0.096601,-0.013965,0.202686,-0.974367,176.257782,-0.000343
29972,0.033764,0.447934,-0.033505,-0.096715,-0.013946,0.202885,-0.974315,176.440430,0.000000
29976,0.033801,0.447926,-0.033486,-0.096955,-0.013896,0.203101,-0.974247,176.580505,0.000000
29979,0.033832,0.447918,-0.033471,-0.097073,-0.013934,0.203320,-0.974189,176.749763,0.000000
29983,0.033867,0.447901,-0.033455,-0.097103,-0.013908,0.203469,-0.974155,176.917648,0.000000
29986,0.033896,0.447896,-0.033447,-0.097350,-0.013814,0.203685,-0.974087,177.046738,0.000000
29990,0.033938,0.447889,-0.033434,-0.097334,-0.013953,0.203884,-0.974045,177.166557,0.000000
29994,0.033960,0.447878,-0.033422,-0.097507,-0.013838,0.204075,-0.973989,177.276077,0.000000
29997,0.033972,0.447871,-0.033413,-0.097404,-0.013880,0.204123,-0.973989,177.387657,0.000000
30001,0.033998,0.447865,-0.033390,-0.097472,-0.014020,0.204294,-0.973944,177.524986,0.000000
30004,0.034012,0.447857,-0.033377,-0.097555,-0.014051,0.204415,-0.973910,177.669525,0.000000
30008,0.034040,0.447851,-0.033364,-0.097791,-0.013884,0.204623,-0.973845,177.818871,0.000000
30011,0.034067,0.447843,-0.033352,-0.097791,-0.013927,0.204706,-0.973827,177.981949,0.000000
30015,0.034104,0.447833,-0.033336,-0.097787,-0.014022,0.204970,-0.973770,178.125801,0.000000
30018,0.034127,0.447823,-0.033330,-0.097853,-0.013950,0.205051,-0.973748,178.279610,0.000000
30022,0.034158,0.447813,-0.033319,-0.097940,-0.013962,0.205320,-0.973682,178.412819,0.000000
30026,0.034174,0.447805,-0.033313,-0.097993,-0.013938,0.205388,-0.973663,178.536758,0.000000
30029,0.034191,0.447803,-0.033309,-0.098167,-0.013878,0.205609,-0.973599,178.650055,0.000000
30033,0.034212,0.447798,-0.033302,-0.098164,-0.013973,0.205688,-0.973582,178.774681,0.000000
30036,0.034228,0.447788,-0.033293,-0.098135,-0.014049,0.205881,-0.973543,178.916473,0.000000
30040,0.034253,0.447783,-0.033285,-0.098329,-0.013910,0.206046,-0.973490,179.065132,0.000000
30043,0.034270,0.447770,-0.033276,-0.098344,-0.013879,0.206164,-0.973464,179.200401,0.000000
30047,0.034302,0.447764,-0.033259,-0.098327,-0.014027,0.206323,-0.973430,179.353180,0.000000
30050,0.034324,0.447760,-0.033241,-0.098471,-0.014003,0.206530,-0.973372,179.510422,0.000000
30054,0.034361,0.447751,-0.033224,-0.098666,-0.013951,0.206722,-0.973312,179.650154,0.000000
30057,0.034390,0.447745,-0.033211,-0.098788,-0.013971,0.206936,-0.973254,179.776840,0.000000
30061,0.034419,0.447728,-0.033197,-0.098727,-0.013948,0.207049,-0.973237,179.905243,-0.000343
30065,0.034455,0.447718,-0.033179,-0.098882,-0.013927,0.207314,-0.973165,180.033646,0.000000
30068,0.034483,0.447717,-0.033165,-0.098963,-0.013966,0.207462,-0.973124,180.178185,0.000000
30072,0.034514,0.447704,-0.033145,-0.099147,-0.013887,0.207734,-0.973049,180.311737,0.000000
30075,0.034537,0.447692,-0.033132,-0.099080,-0.013878,0.207742,-0.973054,180.451126,0.000000
30079,0.034579,0.447685,-0.033115,-0.099205,-0.013955,0.208044,-0.972976,180.592232,0.000000
30082,0.034601,0.447674,-0.033102,-0.099279,-0.013953,0.208170,-0.972941,180.740547,0.000000
30086,0.034628,0.447662,-0.033091,-0.099459,-0.013794,0.208458,-0.972863,180.895042,0.000000
30090,0.034660,0.447649,-0.033076,-0.099377,-0.013942,0.208601,-0.972839,181.025505,0.000000
30093,0.034682,0.447641,-0.033070,-0.099521,-0.013869,0.208733,-0.972797,181.147385,0.000000
30096,0.034699,0.447633,-0.033066,-0.099550,-0.013846,0.208839,-0.972772,181.291924,0.000000
30100,0.034736,0.447627,-0.033056,-0.099741,-0.013818,0.209075,-0.972702,181.440582,0.000000
30104,0.034759,0.447611,-0.033045,-0.099731,-0.013883,0.209175,-0.972680,181.570358,0.000000
30107,0.034775,0.447605,-0.033035,-0.099834,-0.013804,0.209362,-0.972631,181.708031,0.000000
30111,0.034803,0.447594,-0.033017,-0.099863,-0.013912,0.209466,-0.972604,181.849480,0.000000
30114,0.034826,0.447590,-0.033003,-0.100095,-0.013884,0.209700,-0.972530,181.975136,0.000000
30118,0.034847,0.447574,-0.032992,-0.100107,-0.013808,0.209835,-0.972500,182.130318,0.000000
30121,0.034875,0.447569,-0.032982,-0.100308,-0.013773,0.210058,-0.972432,182.247734,0.000000
30125,0.034910,0.447561,-0.032970,-0.100305,-0.013956,0.210230,-0.972393,182.393303,0.000000
30128,0.034929,0.447548,-0.032963,-0.100305,-0.013880,0.210345,-0.972369,182.532005,-0.000343
30132,0.034961,0.447544,-0.032954,-0.100517,-0.013856,0.210562,-0.972300,182.682037,0.000000
30136,0.034992,0.447528,-0.032941,-0.100549,-0.013922,0.210786,-0.972248,182.829666,0.000000
30139,0.035016,0.447527,-0.032932,-0.100685,-0.013864,0.210898,-0.972210,182.971802,-0.000343
30142,0.035037,0.447522,-0.032920,-0.100768,-0.013834,0.211095,-0.972159,183.101921,-0.000343
30146,0.035069,0.447507,-0.032896,-0.100705,-0.013969,0.211249,-0.972130,183.233414,0.000000
30150,0.035098,0.447494,-0.032873,-0.100920,-0.013855,0.211479,-0.972060,183.350143,0.000000
30153,0.035121,0.447489,-0.032858,-0.101075,-0.013804,0.211585,-0.972021,183.478546,0.000000
30157,0.035157,0.447478,-0.032834,-0.101151,-0.013952,0.211844,-0.971955,183.627548,0.000000
30160,0.035175,0.447469,-0.032822,-0.101069,-0.014022,0.211974,-0.971934,183.775864,-0.000343
30164,0.035201,0.447455,-0.032814,-0.101265,-0.013849,0.212213,-0.971864,183.945122,0.000000
30167,0.035233,0.447452,-0.032812,-0.101397,-0.013873,0.212365,-0.971817,184.066658,0.000000
30171,0.035270,0.447445,-0.032803,-0.101445,-0.013900,0.212582,-0.971764,184.214973,0.000000
30175,0.035291,0.447429,-0.032800,-0.101466,-0.013887,0.212706,-0.971735,184.357109,0.000000
30178,0.035316,0.447424,-0.032789,-0.101478,-0.013915,0.212950,-0.971679,184.496155,-0.000343
30181,0.035339,0.447415,-0.032778,-0.101585,-0.013951,0.213090,-0.971637,184.614601,-0.000343
30185,0.035358,0.447407,-0.032765,-0.101782,-0.013808,0.213265,-0.971580,184.713478,-0.000343
30189,0.035375,0.447395,-0.032750,-0.101678,-0.013937,0.213345,-0.971572,184.850807,0.000000
30192,0.035397,0.447390,-0.032737,-0.101854,-0.013923,0.213562,-0.971506,185.000153,-0.000343
30196,0.035418,0.447378,-0.032730,-0.101929,-0.013811,0.213661,-0.971478,185.169411,0.000000
30199,0.035441,0.447367,-0.032719,-0.101900,-0.013857,0.213963,-0.971414,185.313263,0.000000
30203,0.035486,0.447360,-0.032709,-0.102003,-0.013980,0.214101,-0.971371,185.466728,-0.000343
30207,0.035513,0.447352,-0.032703,-0.102202,-0.013771,0.214334,-0.971301,185.619507,-0.000343
30210,0.035531,0.447339,-0.032690,-0.102155,-0.013812,0.214375,-0.971296,185.746536,-0.000343
30214,0.035567,0.447329,-0.032672,-0.102258,-0.013837,0.214610,-0.971233,185.868073,-0.000343
30217,0.035588,0.447323,-0.032655,-0.102308,-0.013814,0.214695,-0.971210,185.971069,0.000000
30221,0.035617,0.447319,-0.032635,-0.102547,-0.013733,0.214931,-0.971134,186.095695,0.000000
30224,0.035635,0.447307,-0.032620,-0.102495,-0.013793,0.214917,-0.971141,186.237144,-0.000343
30228,0.035661,0.447299,-0.032602,-0.102824,-0.013652,0.215195,-0.971047,186.395073,0.000000
30232,0.035691,0.447289,-0.032587,-0.102845,-0.013754,0.215364,-0.971006,186.563988,-0.000343
30235,0.035710,0.447280,-0.032579,-0.102928,-0.013771,0.215538,-0.970958,186.708870,0.000000
30238,0.035723,0.447269,-0.032576,-0.102872,-0.013763,0.215555,-0.970960,186.857185,-0.000343
30242,0.035744,0.447262,-0.032575,-0.103003,-0.013628,0.215788,-0.970897,187.002754,-0.000343
30246,0.035780,0.447257,-0.032572,-0.103062,-0.013745,0.215936,-0.970856,187.126350,0.000000
30249,0.035796,0.447244,-0.032568,-0.103097,-0.013693,0.216072,-0.970823,187.248230,-0.000343
30253,0.035818,0.447237,-0.032563,-0.103178,-0.013630,0.216151,-0.970797,187.353973,0.000000
30256,0.035846,0.447240,-0.032551,-0.103320,-0.013619,0.216378,-0.970732,187.494392,-0.000343
30260,0.035869,0.447228,-0.032541,-0.103372,-0.013626,0.216442,-0.970712,187.630692,-0.000343
30263,0.035887,0.447214,-0.032530,-0.103396,-0.013605,0.216595,-0.970676,187.786217,0.000000
30267,0.035928,0.447210,-0.032514,-0.103475,-0.013708,0.216817,-0.970616,187.939682,-0.000343
30270,0.035953,0.447202,-0.032502,-0.103539,-0.013717,0.216995,-0.970569,188.090744,-0.000343
30274,0.035973,0.447185,-0.032493,-0.103552,-0.013641,0.217119,-0.970541,188.234253,-0.000343
30278,0.036010,0.447180,-0.032474,-0.103698,-0.013723,0.217367,-0.970469,188.381538,-0.000343
30281,0.036028,0.447174,-0.032463,-0.103752,-0.013767,0.217457,-0.970442,188.486252,0.000000
30285,0.036039,0.447163,-0.032447,-0.103844,-0.013628,0.217639,-0.970394,188.623581,-0.000343
30288,0.036061,0.447154,-0.032436,-0.103850,-0.013681,0.217710,-0.970376,188.739624,0.000000
30292,0.036099,0.447145,-0.032417,-0.104004,-0.013757,0.217954,-0.970304,188.874893,0.000000
30295,0.036117,0.447139,-0.032406,-0.103991,-0.013770,0.218019,-0.970291,189.018059,-0.000343
30299,0.036155,0.447131,-0.032391,-0.104212,-0.013744,0.218349,-0.970193,189.159164,-0.000343
30302,0.036174,0.447118,-0.032385,-0.104181,-0.013793,0.218363,-0.970193,189.316063,0.000000
30306,0.036207,0.447111,-0.032372,-0.104459,-0.013677,0.218708,-0.970087,189.502831,-0.000343
30310,0.036238,0.447092,-0.032361,-0.104400,-0.013775,0.218829,-0.970064,189.635353,-0.000343
30313,0.036262,0.447088,-0.032350,-0.104455,-0.013831,0.219051,-0.970007,189.763756,0.000000
30317,0.036281,0.447077,-0.032346,-0.104587,-0.013693,0.219174,-0.969968,189.892845,-0.000343
30320,0.036300,0.447070,-0.032336,-0.104700,-0.013674,0.219365,-0.969912,190.009575,-0.000343
30324,0.036335,0.447067,-0.032321,-0.104736,-0.013846,0.219526,-0.969870,190.132141,-0.000343
30327,0.036353,0.447056,-0.032311,-0.104732,-0.013818,0.219678,-0.969836,190.266380,-0.000343
30331,0.036381,0.447050,-0.032297,-0.104902,-0.013796,0.219851,-0.969779,190.382423,0.000000
30334,0.036401,0.447035,-0.032289,-0.104909,-0.013758,0.219935,-0.969759,190.541039,-0.000343
30338,0.036438,0.447027,-0.032274,-0.105036,-0.013813,0.220173,-0.969691,190.708580,0.000000
30341,0.036461,0.447016,-0.032265,-0.105174,-0.013721,0.220360,-0.969635,190.868912,0.000000
30345,0.036496,0.447003,-0.032246,-0.105199,-0.013810,0.220530,-0.969592,191.008644,-0.000343
30349,0.036518,0.446988,-0.032235,-0.105292,-0.013721,0.220749,-0.969534,191.144600,-0.000343
30352,0.036537,0.446981,-0.032224,-0.105305,-0.013744,0.220855,-0.969508,191.280556,0.000000
30356,0.036568,0.446969,-0.032206,-0.105398,-0.013826,0.221084,-0.969444,191.396255,-0.000343
30359,0.036592,0.446962,-0.032195,-0.105419,-0.013891,0.221201,-0.969414,191.517792,-0.000343
30363,0.036615,0.446959,-0.032180,-0.105669,-0.013680,0.221444,-0.969335,191.635551,-0.000343
30366,0.036628,0.446945,-0.032171,-0.105590,-0.013737,0.221468,-0.969337,191.786613,0.000000
30370,0.036661,0.446934,-0.032151,-0.105628,-0.013812,0.221752,-0.969267,191.943512,-0.000343
30374,0.036685,0.446923,-0.032137,-0.105764,-0.013723,0.221880,-0.969224,192.109680,0.000000
30377,0.036708,0.446911,-0.032127,-0.105845,-0.013766,0.222081,-0.969168,192.250443,-0.000343
30381,0.036735,0.446904,-0.032120,-0.105878,-0.013785,0.222193,-0.969139,192.396355,0.000000
30384,0.036752,0.446903,-0.032116,-0.106093,-0.013684,0.222404,-0.969068,192.509995,0.000000
30387,0.036759,0.446888,-0.032115,-0.106069,-0.013699,0.222451,-0.969060,192.645607,-0.000343
30391,0.036789,0.446878,-0.032107,-0.106082,-0.013816,0.222659,-0.969009,192.771606,-0.000343
30395,0.036809,0.446871,-0.032107,-0.106158,-0.013684,0.222735,-0.968985,192.900352,-0.000343
30398,0.036841,0.446871,-0.032101,-0.106327,-0.013682,0.222986,-0.968909,193.036652,0.000000
30402,0.036881,0.446864,-0.032085,-0.106297,-0.013806,0.223139,-0.968875,193.181190,-0.000343
30406,0.036914,0.446850,-0.032069,-0.106531,-0.013679,0.223365,-0.968799,193.354225,0.000000
30409,0.036941,0.446836,-0.032049,-0.106511,-0.013713,0.223460,-0.968779,193.476448,-0.000343
30412,0.036971,0.446834,-0.032028,-0.106697,-0.013709,0.223658,-0.968713,193.622017,-0.000343
30416,0.036996,0.446822,-0.032000,-0.106723,-0.013740,0.223820,-0.968672,193.756599,-0.000343
30420,0.037014,0.446807,-0.031979,-0.106800,-0.013717,0.224036,-0.968614,193.894958,0.000000
30423,0.037039,0.446798,-0.031968,-0.106806,-0.013780,0.224106,-0.968596,194.036407,0.000000
30427,0.037067,0.446795,-0.031961,-0.106982,-0.013675,0.224377,-0.968516,194.154854,-0.000343
30430,0.037085,0.446789,-0.031962,-0.107042,-0.013643,0.224429,-0.968498,194.289093,-0.000343
30434,0.037115,0.446778,-0.031960,-0.107130,-0.013772,0.224693,-0.968425,194.427452,0.000000
30437,0.037130,0.446769,-0.031958,-0.107024,-0.013792,0.224759,-0.968421,194.582977,0.000000
30441,0.037154,0.446757,-0.031957,-0.107222,-0.013651,0.224973,-0.968351,194.730949,0.000000
30444,0.037177,0.446754,-0.031948,-0.107368,-0.013637,0.225071,-0.968313,194.857292,-0.000343
30448,0.037202,0.446738,-0.031930,-0.107349,-0.013715,0.225263,-0.968269,194.991875,-0.000343
30452,0.037222,0.446724,-0.031909,-0.107488,-0.013650,0.225395,-0.968224,195.139160,0.000000
30455,0.037247,0.446721,-0.031889,-0.107625,-0.013661,0.225645,-0.968150,195.281639,0.000000
30459,0.037270,0.446708,-0.031869,-0.107696,-0.013705,0.225743,-0.968119,195.419312,-0.000343
30462,0.037282,0.446695,-0.031859,-0.107737,-0.013652,0.225864,-0.968087,195.559731,0.000000
30466,0.037322,0.446691,-0.031851,-0.107796,-0.013694,0.226002,-0.968047,195.708733,-0.000343
30469,0.037349,0.446676,-0.031847,-0.107814,-0.013735,0.226180,-0.968003,195.839539,0.000000
30473,0.037382,0.446670,-0.031849,-0.107879,-0.013654,0.226327,-0.967963,195.948372,-0.000343
30476,0.037407,0.446665,-0.031846,-0.107944,-0.013639,0.226499,-0.967916,196.074715,-0.000343
30480,0.037450,0.446661,-0.031831,-0.107992,-0.013788,0.226670,-0.967868,196.219597,-0.000343
30483,0.037470,0.446655,-0.031813,-0.108076,-0.013780,0.226872,-0.967811,196.377182,-0.000343
30487,0.037495,0.446637,-0.031789,-0.108304,-0.013674,0.227016,-0.967754,196.526184,-0.000343
30491,0.037525,0.446623,-0.031761,-0.108389,-0.013789,0.227282,-0.967680,196.696815,-0.000343
30494,0.037534,0.446609,-0.031749,-0.108382,-0.013753,0.227302,-0.967677,196.828308,-0.000343
30498,0.037553,0.446595,-0.031734,-0.108570,-0.013691,0.227549,-0.967598,196.963921,0.000000
30501,0.037575,0.446598,-0.031726,-0.108583,-0.013783,0.227706,-0.967559,197.091637,-0.000343
30505,0.037593,0.446588,-0.031728,-0.108721,-0.013732,0.227912,-0.967495,197.194977,-0.000343
30508,0.037598,0.446578,-0.031731,-0.108682,-0.013699,0.227887,-0.967506,197.318230,0.000000
30512,0.037625,0.446570,-0.031730,-0.108705,-0.013824,0.228099,-0.967452,197.464142,0.000000
30516,0.037645,0.446560,-0.031729,-0.108806,-0.013707,0.228196,-0.967419,197.619324,-0.000343
30519,0.037671,0.446552,-0.031721,-0.108886,-0.013687,0.228387,-0.967365,197.762833,-0.000343
30523,0.037709,0.446540,-0.031695,-0.108875,-0.013861,0.228546,-0.967327,197.917328,-0.000343
30526,0.037728,0.446528,-0.031680,-0.109010,-0.013808,0.228780,-0.967257,198.070450,-0.000343
30530,0.037754,0.446522,-0.031661,-0.109212,-0.013677,0.228908,-0.967206,198.220825,-0.000343
30533,0.037773,0.446512,-0.031646,-0.109286,-0.013747,0.229130,-0.967144,198.352661,-0.000343
30537,0.037789,0.446498,-0.031635,-0.109223,-0.013814,0.229142,-0.967147,198.462524,-0.000343
30540,0.037803,0.446490,-0.031634,-0.109297,-0.013738,0.229306,-0.967101,198.589211,-0.000343
30544,0.037832,0.446483,-0.031631,-0.109300,-0.013801,0.229366,-0.967085,198.696327,0.000000
30547,0.037864,0.446487,-0.031627,-0.109421,-0.013768,0.229583,-0.967021,198.840866,-0.000343
30551,0.037897,0.446473,-0.031624,-0.109497,-0.013681,0.229707,-0.966984,198.997765,0.000000
30555,0.037940,0.446462,-0.031603,-0.109587,-0.013744,0.229916,-0.966923,199.162216,0.000000
30558,0.037965,0.446451,-0.031588,-0.109639,-0.013756,0.230019,-0.966893,199.305382,0.000000
30562,0.037992,0.446436,-0.031562,-0.109892,-0.013581,0.230223,-0.966818,199.462280,-0.000343
30565,0.038011,0.446422,-0.031542,-0.109864,-0.013641,0.230337,-0.966793,199.608879,0.000000
30569,0.038042,0.446411,-0.031522,-0.109987,-0.013739,0.230574,-0.966721,199.733162,-0.000343
30572,0.038049,0.446404,-0.031517,-0.110018,-0.013700,0.230594,-0.966713,199.850235,0.000000
30576,0.038064,0.446400,-0.031517,-0.110244,-0.013639,0.230852,-0.966627,199.965591,-0.000343
30579,0.038073,0.446398,-0.031517,-0.110200,-0.013701,0.230953,-0.966607,200.084724,0.000000
30583,0.038086,0.446386,-0.031522,-0.110264,-0.013661,0.231135,-0.966557,200.227547,-0.000343
30587,0.038109,0.446379,-0.031521,-0.110322,-0.013712,0.231264,-0.966519,200.377235,0.000000
30590,0.038132,0.446373,-0.031513,-0.110338,-0.013762,0.231484,-0.966463,200.541344,-0.000343
30594,0.038165,0.446365,-0.031499,-0.110549,-0.013657,0.231740,-0.966379,200.708542,0.000000
30597,0.038190,0.446349,-0.031480,-0.110658,-0.013629,0.231891,-0.966331,200.867844,0.000000
30601,0.038230,0.446342,-0.031451,-0.110673,-0.013840,0.232099,-0.966276,200.980110,-0.000343
30604,0.038248,0.446328,-0.031431,-0.110721,-0.013824,0.232218,-0.966242,201.099243,0.000000
30608,0.038266,0.446317,-0.031414,-0.110836,-0.013707,0.232301,-0.966211,201.217346,0.000000
30611,0.038293,0.446315,-0.031401,-0.110934,-0.013747,0.232526,-0.966145,201.348495,0.000000
30615,0.038316,0.446301,-0.031394,-0.110876,-0.013835,0.232605,-0.966132,201.481018,0.000000
30619,0.038340,0.446293,-0.031393,-0.110950,-0.013745,0.232800,-0.966077,201.609764,0.000000
30622,0.038363,0.446289,-0.031390,-0.110888,-0.013853,0.232912,-0.966056,201.773872,-0.000343
30626,0.038393,0.446277,-0.031384,-0.111016,-0.013780,0.233130,-0.965990,201.953773,0.000000
30629,0.038423,0.446275,-0.031372,-0.111177,-0.013725,0.233261,-0.965940,202.100716,-0.000343
30632,0.038449,0.446265,-0.031358,-0.111228,-0.013724,0.233465,-0.965885,202.225685,0.000000
30636,0.038487,0.446254,-0.031332,-0.111229,-0.013897,0.233593,-0.965852,202.352028,0.000000
30640,0.038506,0.446233,-0.031311,-0.111343,-0.013698,0.233733,-0.965807,202.475624,0.000000
30643,0.038531,0.446232,-0.031292,-0.111384,-0.013776,0.233891,-0.965763,202.606430,0.000000
30647,0.038561,0.446214,-0.031274,-0.111431,-0.013829,0.234060,-0.965716,202.755432,0.000000
30650,0.038578,0.446210,-0.031268,-0.111535,-0.013757,0.234154,-0.965682,202.888641,-0.000343
30654,0.038590,0.446196,-0.031268,-0.111569,-0.013735,0.234346,-0.965632,203.033867,0.000000
30657,0.038611,0.446196,-0.031270,-0.111642,-0.013792,0.234492,-0.965588,203.163986,0.000000
30661,0.038629,0.446187,-0.031274,-0.111762,-0.013698,0.234662,-0.965534,203.321571,0.000000
30665,0.038654,0.446175,-0.031274,-0.111785,-0.013802,0.234804,-0.965495,203.457870,0.000000
30668,0.038674,0.446170,-0.031264,-0.111836,-0.013807,0.235033,-0.965433,203.592453,0.000000
30672,0.038694,0.446158,-0.031256,-0.111971,-0.013681,0.235114,-0.965400,203.727379,0.000000
30675,0.038710,0.446142,-0.031239,-0.112050,-0.013612,0.235222,-0.965365,203.860931,0.000000
30679,0.038748,0.446128,-0.031212,-0.112068,-0.013789,0.235383,-0.965322,203.999634,-0.000343
30682,0.038777,0.446124,-0.031191,-0.112251,-0.013741,0.235611,-0.965245,204.130440,0.000000
30686,0.038804,0.446111,-0.031175,-0.112386,-0.013662,0.235707,-0.965207,204.271889,0.000000
30689,0.038825,0.446097,-0.031168,-0.112408,-0.013701,0.235849,-0.965169,204.406128,0.000000
30693,0.038851,0.446089,-0.031161,-0.112400,-0.013756,0.235977,-0.965138,204.553413,0.000000
30696,0.038880,0.446086,-0.031157,-0.112613,-0.013676,0.236159,-0.965070,204.694519,0.000000
30700,0.038909,0.446075,-0.031153,-0.112636,-0.013740,0.236273,-0.965038,204.852104,0.000000
30704,0.038940,0.446061,-0.031143,-0.112744,-0.013672,0.236510,-0.964969,204.974670,0.000000
30707,0.038957,0.446048,-0.031131,-0.112704,-0.013644,0.236564,-0.964961,205.115433,0.000000
30711,0.038999,0.446034,-0.031108,-0.112785,-0.013735,0.236779,-0.964897,205.256195,0.000000
30714,0.039025,0.446022,-0.031089,-0.112878,-0.013736,0.236831,-0.964873,205.387688,0.000000
30718,0.039045,0.446012,-0.031069,-0.113081,-0.013573,0.237041,-0.964800,205.525360,0.000000
30721,0.039061,0.446001,-0.031054,-0.113099,-0.013604,0.237124,-0.964778,205.662689,0.000000
30725,0.039087,0.445995,-0.031041,-0.113154,-0.013700,0.237394,-0.964703,205.818558,-0.000343
30728,0.039099,0.445987,-0.031044,-0.113243,-0.013679,0.237449,-0.964680,205.940437,0.000000
30732,0.039115,0.445981,-0.031050,-0.113306,-0.013603,0.237637,-0.964627,206.078110,0.000000
30736,0.039135,0.445975,-0.031060,-0.113345,-0.013670,0.237790,-0.964584,206.215439,-0.000343
30739,0.039149,0.445968,-0.031061,-0.113437,-0.013605,0.237987,-0.964525,206.378174,0.000000
30743,0.039176,0.445963,-0.031053,-0.113530,-0.013692,0.238165,-0.964469,206.505203,0.000000
30746,0.039193,0.445946,-0.031041,-0.113557,-0.013737,0.238293,-0.964434,206.652145,0.000000
30749,0.039216,0.445944,-0.031027,-0.113694,-0.013763,0.238439,-0.964381,206.795654,0.000000
30753,0.039242,0.445930,-0.031004,-0.113821,-0.013600,0.238602,-0.964328,206.920624,-0.000343
30757,0.039279,0.445914,-0.030977,-0.113734,-0.013771,0.238664,-0.964321,207.057610,0.000000
30760,0.039308,0.445909,-0.030957,-0.113914,-0.013731,0.238952,-0.964229,207.178459,0.000000
30764,0.039326,0.445892,-0.030944,-0.113979,-0.013633,0.238978,-0.964216,207.314072,0.000000
30767,0.039354,0.445890,-0.030930,-0.114128,-0.013654,0.239218,-0.964139,207.451057,0.000000
30771,0.039378,0.445880,-0.030919,-0.114167,-0.013703,0.239286,-0.964116,207.619629,0.000000
30775,0.039398,0.445866,-0.030911,-0.114190,-0.013698,0.239541,-0.964051,207.766228,0.000000
30778,0.039427,0.445862,-0.030906,-0.114276,-0.013744,0.239672,-0.964007,207.894630,0.000000
30782,0.039458,0.445854,-0.030899,-0.114382,-0.013697,0.239874,-0.963945,208.030243,-0.000343
30785,0.039478,0.445846,-0.030895,-0.114425,-0.013655,0.239966,-0.963917,208.165512,0.000000
30789,0.039510,0.445829,-0.030881,-0.114497,-0.013742,0.240178,-0.963855,208.305588,0.000000
30792,0.039527,0.445821,-0.030869,-0.114428,-0.013801,0.240240,-0.963847,208.427467,0.000000
30796,0.039541,0.445814,-0.030859,-0.114691,-0.013598,0.240493,-0.963755,208.564796,0.000000
30799,0.039554,0.445806,-0.030851,-0.114705,-0.013641,0.240537,-0.963742,208.685989,0.000000
30803,0.039582,0.445795,-0.030834,-0.114740,-0.013739,0.240827,-0.963664,208.838425,0.000000
30807,0.039597,0.445780,-0.030826,-0.114757,-0.013677,0.240942,-0.963634,208.999443,0.000000
30810,0.039622,0.445769,-0.030819,-0.114816,-0.013655,0.241101,-0.963588,209.146385,0.000000
30814,0.039649,0.445757,-0.030814,-0.114850,-0.013745,0.241280,-0.963537,209.285774,0.000000
30817,0.039669,0.445752,-0.030810,-0.115005,-0.013693,0.241504,-0.963464,209.428940,0.000000
30821,0.039695,0.445737,-0.030801,-0.114947,-0.013818,0.241648,-0.963433,209.564896,0.000000
30824,0.039720,0.445731,-0.030796,-0.115115,-0.013783,0.241841,-0.963365,209.677849,0.000000
30828,0.039741,0.445723,-0.030787,-0.115165,-0.013679,0.241929,-0.963338,209.798355,0.000000
30831,0.039757,0.445712,-0.030775,-0.115209,-0.013646,0.242012,-0.963312,209.920921,0.000000
30835,0.039793,0.445706,-0.030751,-0.115255,-0.013838,0.242223,-0.963251,210.061684,0.000000
30838,0.039817,0.445692,-0.030736,-0.115359,-0.013773,0.242375,-0.963201,210.232315,0.000000
30842,0.039849,0.445679,-0.030710,-0.115552,-0.013683,0.242523,-0.963142,210.402260,0.000000
30846,0.039885,0.445666,-0.030689,-0.115638,-0.013790,0.242766,-0.963069,210.544395,0.000000
30849,0.039904,0.445649,-0.030674,-0.115620,-0.013767,0.242803,-0.963063,210.701637,0.000000
30853,0.039935,0.445636,-0.030664,-0.115784,-0.013685,0.243044,-0.962983,210.878792,0.000000
30856,0.039970,0.445634,-0.030653,-0.115906,-0.013736,0.243233,-0.962920,211.053200,0.000343
30860,0.040006,0.445617,-0.030643,-0.116035,-0.013691,0.243483,-0.962842,211.231041,0.000000
30863,0.040026,0.445603,-0.030637,-0.115982,-0.013670,0.243553,-0.962831,211.399612,0.000000
30867,0.040063,0.445589,-0.030625,-0.116100,-0.013743,0.243869,-0.962736,211.507072,0.000000
30871,0.040080,0.445582,-0.030627,-0.116232,-0.013642,0.243929,-0.962706,211.490593,0.000000
30874,0.040081,0.445581,-0.030627,-0.116290,-0.013567,0.243978,-0.962688,210.893211,0.000000
30877,0.040062,0.445586,-0.030630,-0.116227,-0.013601,0.243955,-0.962701,209.130592,0.000000
30881,0.039913,0.445632,-0.030662,-0.116053,-0.013561,0.243358,-0.962873,206.042747,0.000000
30885,0.039741,0.445681,-0.030711,-0.115636,-0.013347,0.242705,-0.963091,201.911888,0.000000
30888,0.039522,0.445741,-0.030753,-0.115436,-0.013092,0.241568,-0.963405,197.494011,0.000000
30892,0.039075,0.445943,-0.030974,-0.114006,-0.013051,0.238807,-0.964263,193.477821,0.000343
30895,0.038805,0.446064,-0.031116,-0.112909,-0.013058,0.237278,-0.964769,191.654778,0.000000
30899,0.038625,0.446123,-0.031174,-0.112650,-0.012957,0.236248,-0.965054,191.395912,0.000000
30902,0.038664,0.446118,-0.031202,-0.112486,-0.013046,0.236544,-0.964999,192.471542,0.000000
30906,0.038682,0.446109,-0.031208,-0.112634,-0.012976,0.236453,-0.965005,194.213219,0.000000
30910,0.038764,0.446105,-0.031217,-0.112520,-0.013117,0.236853,-0.964919,195.727272,0.000000
30913,0.038768,0.446106,-0.031198,-0.112658,-0.013082,0.236750,-0.964928,196.040726,0.000000
30916,0.038776,0.446095,-0.031183,-0.112684,-0.013028,0.236848,-0.964902,195.268936,0.000000
30920,0.038756,0.446088,-0.031140,-0.112778,-0.013004,0.236741,-0.964918,193.553352,0.000343
30924,0.038714,0.446098,-0.031116,-0.112703,-0.013128,0.236625,-0.964953,191.518135,0.000000
30927,0.038632,0.446125,-0.031135,-0.112515,-0.013041,0.236073,-0.965111,189.860229,0.000343
30931,0.038453,0.446202,-0.031233,-0.111905,-0.012816,0.234966,-0.965455,189.031105,0.000343
30935,0.038410,0.446238,-0.031287,-0.111702,-0.012929,0.234712,-0.965539,189.133072,0.000000
30938,0.038442,0.446220,-0.031286,-0.111763,-0.012958,0.234929,-0.965479,189.902115,0.000000
30941,0.038430,0.446236,-0.031330,-0.111754,-0.012929,0.234805,-0.965511,190.973969,0.000000
30945,0.038464,0.446225,-0.031347,-0.111695,-0.013041,0.235016,-0.965465,191.798286,0.000343
30949,0.038453,0.446216,-0.031342,-0.111817,-0.012905,0.234982,-0.965460,191.978531,0.000000
30952,0.038447,0.446234,-0.031353,-0.111751,-0.012915,0.235037,-0.965455,191.478310,0.000000
30956,0.038454,0.446221,-0.031302,-0.111869,-0.013026,0.235030,-0.965441,190.433578,0.000000
30959,0.038415,0.446223,-0.031301,-0.111765,-0.012982,0.234805,-0.965509,189.152985,0.000000
30963,0.038375,0.446246,-0.031314,-0.111731,-0.012825,0.234519,-0.965584,188.048172,0.000000
30966,0.038313,0.446268,-0.031330,-0.111712,-0.012781,0.234123,-0.965683,187.420235,0.000343
30970,0.038231,0.446317,-0.031403,-0.111100,-0.012909,0.233430,-0.965920,187.283592,0.000343
30973,0.038229,0.446306,-0.031401,-0.111294,-0.012898,0.233591,-0.965858,187.509499,0.000343
30977,0.038200,0.446316,-0.031431,-0.111151,-0.012931,0.233360,-0.965930,187.929726,0.000343
30980,0.038207,0.446328,-0.031456,-0.111161,-0.012968,0.233503,-0.965894,188.285408,0.000343
30984,0.038220,0.446315,-0.031442,-0.111295,-0.012885,0.233493,-0.965882,188.349609,0.000343
30988,0.038232,0.446328,-0.031458,-0.111120,-0.012914,0.233490,-0.965903,188.085594,0.000343
30991,0.038229,0.446316,-0.031427,-0.111106,-0.012946,0.233433,-0.965918,187.468987,0.000343
30995,0.038208,0.446320,-0.031414,-0.111174,-0.012847,0.233363,-0.965928,186.636086,0.000343
30998,0.038151,0.446342,-0.031430,-0.110960,-0.012927,0.232815,-0.966084,185.839577,0.000000
31002,0.037998,0.446398,-0.031486,-0.110450,-0.012993,0.231779,-0.966390,185.263824,0.000343
31005,0.037929,0.446437,-0.031532,-0.110107,-0.013025,0.231400,-0.966520,184.994659,0.000343
31009,0.037875,0.446438,-0.031555,-0.110088,-0.012902,0.231236,-0.966563,184.959641,0.000343
31012,0.037871,0.446457,-0.031598,-0.109898,-0.013009,0.231128,-0.966609,185.008392,0.000343
31016,0.037881,0.446463,-0.031629,-0.109881,-0.013012,0.231198,-0.966594,185.085297,0.000000
31020,0.037884,0.446462,-0.031650,-0.109763,-0.012978,0.231151,-0.966619,185.088043,0.000343
31023,0.037884,0.446471,-0.031654,-0.109801,-0.012957,0.231168,-0.966611,184.959297,0.000000
31027,0.037875,0.446464,-0.031625,-0.109898,-0.012939,0.231108,-0.966615,184.580269,0.000343
31030,0.037847,0.446470,-0.031620,-0.109749,-0.012981,0.230901,-0.966681,183.999367,0.000343
31034,0.037727,0.446517,-0.031643,-0.109339,-0.013094,0.230022,-0.966935,183.375893,0.000343
31037,0.037638,0.446559,-0.031673,-0.109161,-0.013062,0.229486,-0.967083,182.858849,0.000343
31041,0.037559,0.446585,-0.031702,-0.108871,-0.012998,0.228992,-0.967234,182.476044,0.000343
31044,0.037519,0.446601,-0.031737,-0.108804,-0.012979,0.228722,-0.967305,182.324638,0.000343
31048,0.037505,0.446620,-0.031787,-0.108489,-0.013195,0.228524,-0.967385,182.280350,0.000343
31052,0.037486,0.446628,-0.031822,-0.108628,-0.012965,0.228441,-0.967392,182.268677,0.000343
31055,0.037476,0.446640,-0.031844,-0.108441,-0.013040,0.228433,-0.967413,182.175636,0.000000
31059,0.037463,0.446644,-0.031844,-0.108463,-0.013016,0.228345,-0.967432,181.938057,0.000000
31062,0.037438,0.446643,-0.031840,-0.108307,-0.013062,0.228117,-0.967503,181.575165,0.000343
31066,0.037385,0.446670,-0.031841,-0.108168,-0.013128,0.227727,-0.967609,181.057434,0.000343
31069,0.037308,0.446691,-0.031845,-0.107803,-0.013216,0.227155,-0.967783,180.618324,0.000343
31073,0.037222,0.446720,-0.031862,-0.107689,-0.013100,0.226666,-0.967912,180.217667,0.000343
31076,0.037171,0.446738,-0.031876,-0.107522,-0.013142,0.226309,-0.968014,179.933739,0.000343
31080,0.037130,0.446756,-0.031910,-0.107400,-0.013287,0.226092,-0.968076,179.754181,0.000343
31084,0.037095,0.446776,-0.031957,-0.107392,-0.013208,0.225959,-0.968109,179.619942,0.000000
31087,0.037070,0.446779,-0.031997,-0.107290,-0.013204,0.225845,-0.968147,179.493256,0.000343
31090,0.037059,0.446796,-0.032032,-0.107193,-0.013276,0.225699,-0.968191,179.313698,0.000343
31094,0.037039,0.446808,-0.032060,-0.107090,-0.013294,0.225603,-0.968224,179.002647,0.000343
31098,0.036993,0.446828,-0.032082,-0.106897,-0.013287,0.225307,-0.968315,178.668251,0.000343
31101,0.036945,0.446839,-0.032089,-0.106708,-0.013360,0.224943,-0.968419,178.234634,0.000343
31105,0.036874,0.446861,-0.032093,-0.106424,-0.013351,0.224371,-0.968583,177.824364,0.000343
31108,0.036829,0.446882,-0.032094,-0.106430,-0.013262,0.224094,-0.968648,177.486534,0.000343
31112,0.036784,0.446903,-0.032096,-0.106153,-0.013426,0.223685,-0.968771,177.217369,0.000343
31115,0.036751,0.446906,-0.032104,-0.106035,-0.013453,0.223471,-0.968832,177.025795,0.000000
31119,0.036707,0.446919,-0.032133,-0.105929,-0.013332,0.223194,-0.968910,176.894302,0.000343
31122,0.036690,0.446928,-0.032149,-0.105885,-0.013343,0.223187,-0.968916,176.787186,0.000343
31126,0.036675,0.446941,-0.032178,-0.105748,-0.013461,0.222966,-0.968980,176.681786,0.000343
31130,0.036648,0.446953,-0.032204,-0.105785,-0.013360,0.222818,-0.969012,176.548233,0.000343
31133,0.036624,0.446955,-0.032219,-0.105652,-0.013386,0.222697,-0.969053,176.369362,0.000343
31137,0.036597,0.446972,-0.032231,-0.105611,-0.013399,0.222556,-0.969090,176.139679,0.000343
31137,0.036597,0.446972,-0.032231,-0.105611,-0.013399,0.222556,-0.969090,175.940552,0.000000
31137,0.036597,0.446972,-0.032231,-0.105611,-0.013399,0.222556,-0.969090,175.719795,0.000343
31137,0.036597,0.446972,-0.032231,-0.105611,-0.013399,0.222556,-0.969090,175.522041,0.000343
31137,0.036597,0.446972,-0.032231,-0.105611,-0.013399,0.222556,-0.969090,175.350380,0.000343
31137,0.036597,0.446972,-0.032231,-0.105611,-0.013399,0.222556,-0.969090,175.196915,0.000000
31137,0.036597,0.446972,-0.032231,-0.105611,-0.013399,0.222556,-0.969090,175.063362,0.000343
31137,0.036597,0.446972,-0.032231,-0.105611,-0.013399,0.222556,-0.969090,174.914360,0.000000
31137,0.036597,0.446972,-0.032231,-0.105611,-0.013399,0.222556,-0.969090,174.784927,0.000343
31137,0.036597,0.446972,-0.032231,-0.105611,-0.013399,0.222556,-0.969090,174.611893,0.000000
31137,0.036597,0.446972,-0.032231,-0.105611,-0.013399,0.222556,-0.969090,174.421005,0.000343
31137,0.036597,0.446972,-0.032231,-0.105611,-0.013399,0.222556,-0.969090,174.229088,0.000343
31137,0.036597,0.446972,-0.032231,-0.105611,-0.013399,0.222556,-0.969090,174.047470,0.000343
31137,0.036597,0.446972,-0.032231,-0.105611,-0.013399,0.222556,-0.969090,173.846283,0.000343
31137,0.036597,0.446972,-0.032231,-0.105611,-0.013399,0.222556,-0.969090,173.680801,0.000000
31137,0.036597,0.446972,-0.032231,-0.105611,-0.013399,0.222556,-0.969090,173.535576,0.000000
31137,0.036597,0.446972,-0.032231,-0.105611,-0.013399,0.222556,-0.969090,173.372841,0.000343
31137,0.036597,0.446972,-0.032231,-0.105611,-0.013399,0.222556,-0.969090,173.211823,0.000000
31137,0.036597,0.446972,-0.032231,-0.105611,-0.013399,0.222556,-0.969090,173.050804,0.000343
31137,0.036597,0.446972,-0.032231,-0.105611,-0.013399,0.222556,-0.969090,172.880516,0.000343
31137,0.036597,0.446972,-0.032231,-0.105611,-0.013399,0.222556,-0.969090,172.677956,0.000343
31137,0.036597,0.446972,-0.032231,-0.105611,-0.013399,0.222556,-0.969090,172.515907,0.000343
31137,0.036597,0.446972,-0.032231,-0.105611,-0.013399,0.222556,-0.969090,172.331886,0.000343
31137,0.036597,0.446972,-0.032231,-0.105611,-0.013399,0.222556,-0.969090,172.162628,0.000343
31137,0.036597,0.446972,-0.032231,-0.105611,-0.013399,0.222556,-0.969090,171.994400,0.000343
31137,0.036597,0.446972,-0.032231,-0.105611,-0.013399,0.222556,-0.969090,171.841621,0.000343
31137,0.036597,0.446972,-0.032231,-0.105611,-0.013399,0.222556,-0.969090,171.669617,0.000343
31137,0.036597,0.446972,-0.032231,-0.105611,-0.013399,0.222556,-0.969090,171.519928,0.000343
31137,0.036597,0.446972,-0.032231,-0.105611,-0.013399,0.222556,-0.969090,171.349983,0.000343
31137,0.036597,0.446972,-0.032231,-0.105611,-0.013399,0.222556,-0.969090,171.179352,0.000343
31243,0.035768,0.447268,-0.032602,-0.103145,-0.013367,0.217080,-0.970597,170.997734,0.000343
31247,0.035740,0.447279,-0.032613,-0.102948,-0.013498,0.216837,-0.970671,170.802040,0.000343
31250,0.035722,0.447291,-0.032623,-0.102974,-0.013485,0.216754,-0.970686,170.628662,0.000000
31254,0.035694,0.447301,-0.032628,-0.102869,-0.013434,0.216527,-0.970749,170.441895,0.000000
31257,0.035681,0.447309,-0.032628,-0.102810,-0.013475,0.216442,-0.970774,170.305595,0.000343
31261,0.035658,0.447319,-0.032635,-0.102691,-0.013527,0.216189,-0.970842,170.143547,0.000343
31264,0.035629,0.447317,-0.032644,-0.102623,-0.013466,0.216022,-0.970887,169.988022,0.000343
31268,0.035605,0.447326,-0.032654,-0.102423,-0.013598,0.215790,-0.970958,169.812241,0.000000
31272,0.035570,0.447349,-0.032675,-0.102347,-0.013538,0.215642,-0.971000,169.631996,0.000343
31275,0.035534,0.447350,-0.032696,-0.102256,-0.013525,0.215412,-0.971061,169.444885,0.000343
31279,0.035499,0.447365,-0.032720,-0.102018,-0.013709,0.215213,-0.971127,169.248161,0.000000
31282,0.035471,0.447381,-0.032735,-0.101971,-0.013710,0.215102,-0.971157,169.093666,0.000343
31286,0.035418,0.447387,-0.032760,-0.101924,-0.013610,0.214837,-0.971222,168.923035,0.000000
31289,0.035391,0.447395,-0.032772,-0.101829,-0.013664,0.214676,-0.971266,168.768196,0.000000
31293,0.035364,0.447407,-0.032783,-0.101771,-0.013695,0.214512,-0.971308,168.611641,0.000000
31297,0.035337,0.447420,-0.032791,-0.101702,-0.013634,0.214406,-0.971340,168.447876,0.000000
31300,0.035322,0.447429,-0.032801,-0.101745,-0.013648,0.214255,-0.971368,168.273125,0.000000
31304,0.035298,0.447440,-0.032812,-0.101648,-0.013657,0.214073,-0.971419,168.081207,0.000000
31307,0.035270,0.447446,-0.032820,-0.101460,-0.013651,0.213861,-0.971485,167.924309,0.000343
31311,0.035245,0.447462,-0.032836,-0.101528,-0.013659,0.213639,-0.971527,167.745094,0.000000
31314,0.035217,0.447466,-0.032848,-0.101327,-0.013742,0.213427,-0.971593,167.571030,0.000000
31318,0.035183,0.447483,-0.032866,-0.101329,-0.013583,0.213248,-0.971634,167.383575,0.000343
31321,0.035160,0.447488,-0.032878,-0.101268,-0.013571,0.213057,-0.971683,167.222214,0.000000
31325,0.035136,0.447499,-0.032898,-0.100958,-0.013277,0.212619,-0.971815,167.061539,0.000000
31328,0.035118,0.447510,-0.032898,-0.101067,-0.013652,0.212710,-0.971779,166.886787,0.000000
31332,0.035086,0.447522,-0.032908,-0.100974,-0.013597,0.212499,-0.971835,166.711006,0.000000
31335,0.035070,0.447527,-0.032914,-0.100924,-0.013615,0.212379,-0.971866,166.543808,0.000343
31339,0.035037,0.447532,-0.032925,-0.100700,-0.013651,0.212092,-0.971952,166.379700,0.000343
31343,0.035014,0.447541,-0.032938,-0.100600,-0.013646,0.211864,-0.972012,166.224518,0.000343
31346,0.034997,0.447547,-0.032949,-0.100533,-0.013711,0.211757,-0.972041,166.043243,0.000000
31350,0.034964,0.447560,-0.032972,-0.100444,-0.013625,0.211536,-0.972100,165.888405,0.000343
31353,0.034937,0.447569,-0.032989,-0.100388,-0.013577,0.211352,-0.972146,165.718117,0.000343
31357,0.034905,0.447582,-0.033007,-0.100198,-0.013716,0.211164,-0.972205,165.549889,0.000343
31361,0.034860,0.447594,-0.033025,-0.100316,-0.013528,0.211019,-0.972227,165.374107,0.000000
31364,0.034824,0.447601,-0.033037,-0.100091,-0.013583,0.210769,-0.972303,165.190773,0.000000
31368,0.034790,0.447619,-0.033046,-0.100018,-0.013660,0.210600,-0.972346,165.008125,0.000343
31371,0.034757,0.447624,-0.033055,-0.099827,-0.013690,0.210368,-0.972416,164.850883,0.000000
31374,0.034728,0.447632,-0.033065,-0.099735,-0.013656,0.210184,-0.972466,164.682312,0.000000
31378,0.034701,0.447647,-0.033078,-0.099737,-0.013681,0.210114,-0.972480,164.498291,0.000000
31382,0.034669,0.447659,-0.033094,-0.099648,-0.013654,0.209873,-0.972541,164.331093,0.000000
31385,0.034645,0.447668,-0.033107,-0.099574,-0.013624,0.209746,-0.972577,164.155998,0.000000
31389,0.034621,0.447679,-0.033125,-0.099487,-0.013721,0.209566,-0.972623,163.970947,0.000000
31392,0.034600,0.447686,-0.033138,-0.099394,-0.013759,0.209388,-0.972671,163.824692,0.000000
31396,0.034567,0.447695,-0.033154,-0.099260,-0.013681,0.209120,-0.972743,163.670197,0.000000
31400,0.034557,0.447708,-0.033168,-0.099047,-0.013834,0.208861,-0.972818,163.508492,0.000000
31403,0.034555,0.447721,-0.033173,-0.099100,-0.013769,0.208852,-0.972816,163.330650,0.000000
31407,0.034528,0.447727,-0.033178,-0.098928,-0.013720,0.208551,-0.972899,163.137016,0.000343
31410,0.034504,0.447736,-0.033176,-0.099011,-0.013695,0.208441,-0.972914,162.988701,0.000343
31414,0.034448,0.447737,-0.033172,-0.098815,-0.013819,0.208091,-0.973007,162.795410,0.000343
31417,0.034406,0.447750,-0.033179,-0.098859,-0.013737,0.207937,-0.973037,162.628212,0.000343
31421,0.034359,0.447766,-0.033202,-0.098738,-0.013801,0.207704,-0.973098,162.457924,0.000000
31424,0.034335,0.447771,-0.033230,-0.098542,-0.013827,0.207495,-0.973162,162.273560,0.000343
31428,0.034307,0.447787,-0.033273,-0.098489,-0.013768,0.207353,-0.973198,162.113914,0.000343
31431,0.034274,0.447795,-0.033302,-0.098314,-0.013803,0.207199,-0.973248,161.942596,0.000000
31435,0.034232,0.447808,-0.033329,-0.098145,-0.013862,0.206898,-0.973329,161.776428,0.000000
31439,0.034185,0.447818,-0.033347,-0.098193,-0.013716,0.206699,-0.973368,161.594810,0.000000
31442,0.034168,0.447830,-0.033353,-0.098160,-0.013764,0.206541,-0.973404,161.438942,0.000000
31446,0.034156,0.447838,-0.033351,-0.098050,-0.013836,0.206406,-0.973443,161.273804,0.000000
31449,0.034134,0.447838,-0.033355,-0.097934,-0.013832,0.206169,-0.973505,161.106606,0.000343
31453,0.034090,0.447847,-0.033358,-0.097924,-0.013732,0.205960,-0.973552,160.933228,0.000000
31456,0.034051,0.447861,-0.033363,-0.097889,-0.013754,0.205743,-0.973601,160.754356,0.000000
31460,0.033989,0.447869,-0.033392,-0.097680,-0.013779,0.205381,-0.973698,160.577545,0.000000
31463,0.033956,0.447886,-0.033417,-0.097678,-0.013692,0.205263,-0.973724,160.422020,0.000000
31467,0.033926,0.447900,-0.033458,-0.097488,-0.013771,0.205043,-0.973788,160.251045,0.000000
31470,0.033898,0.447912,-0.033487,-0.097198,-0.013890,0.204868,-0.973853,160.085220,0.000000
31474,0.033865,0.447924,-0.033510,-0.097141,-0.013720,0.204561,-0.973925,159.930038,0.000000
31477,0.033848,0.447935,-0.033510,-0.097233,-0.013690,0.204440,-0.973942,159.773483,0.000000
31481,0.033829,0.447947,-0.033491,-0.096956,-0.013765,0.204215,-0.974016,159.617271,0.000000
31485,0.033810,0.447946,-0.033471,-0.097014,-0.013698,0.203946,-0.974067,159.464836,0.000000
31488,0.033802,0.447943,-0.033462,-0.096928,-0.013717,0.203807,-0.974105,159.315147,0.000000
31492,0.033793,0.447957,-0.033460,-0.096851,-0.013784,0.203655,-0.974143,159.155502,0.000000
31495,0.033762,0.447971,-0.033475,-0.096617,-0.013711,0.203545,-0.974190,158.962555,0.000000
31499,0.033716,0.447983,-0.033515,-0.096441,-0.013773,0.203307,-0.974257,158.807716,0.000000
31503,0.033659,0.448000,-0.033564,-0.096315,-0.013743,0.203096,-0.974313,158.625069,0.000000
31506,0.033619,0.448007,-0.033604,-0.096156,-0.013788,0.202778,-0.974395,158.483963,0.000000
31510,0.033574,0.448024,-0.033639,-0.096061,-0.013839,0.202667,-0.974426,158.338051,0.000000
31513,0.033552,0.448036,-0.033659,-0.096050,-0.013859,0.202532,-0.974455,158.204155,0.000000
31517,0.033517,0.448039,-0.033669,-0.096092,-0.013760,0.202415,-0.974477,158.079185,0.000000
31520,0.033495,0.448040,-0.033660,-0.095903,-0.013794,0.202203,-0.974539,157.921944,0.000000
31524,0.033489,0.448050,-0.033647,-0.095906,-0.013859,0.202122,-0.974555,157.784615,0.000000
31527,0.033473,0.448049,-0.033643,-0.095800,-0.013843,0.201909,-0.974610,157.614326,0.000000
31531,0.033455,0.448058,-0.033642,-0.095819,-0.013750,0.201704,-0.974651,157.449532,0.000000
31534,0.033446,0.448071,-0.033645,-0.095746,-0.013821,0.201635,-0.974672,157.288513,0.000000
31538,0.033415,0.448081,-0.033660,-0.095675,-0.013822,0.201376,-0.974732,157.118912,0.000000
31541,0.033386,0.448089,-0.033676,-0.095635,-0.013777,0.201201,-0.974773,156.953773,0.000000
31545,0.033347,0.448100,-0.033693,-0.095389,-0.013942,0.200964,-0.974844,156.795845,0.000000
31549,0.033304,0.448112,-0.033715,-0.095315,-0.013898,0.200729,-0.974900,156.656113,0.000000
31552,0.033284,0.448121,-0.033729,-0.095381,-0.013838,0.200615,-0.974918,156.499214,0.000000
31556,0.033251,0.448131,-0.033745,-0.095195,-0.013928,0.200354,-0.974988,156.339912,0.000000
31559,0.033223,0.448138,-0.033755,-0.095120,-0.013891,0.200258,-0.975016,156.219063,0.000000
31563,0.033189,0.448144,-0.033775,-0.095125,-0.013841,0.200006,-0.975068,156.069717,0.000000
31566,0.033162,0.448148,-0.033792,-0.094950,-0.013876,0.199823,-0.975122,155.908012,0.000000
31570,0.033142,0.448157,-0.033812,-0.094793,-0.013901,0.199570,-0.975189,155.733948,0.000000
31574,0.033122,0.448172,-0.033832,-0.094746,-0.013812,0.199470,-0.975215,155.559540,0.000000
31577,0.033112,0.448182,-0.033847,-0.094709,-0.013821,0.199264,-0.975261,155.421524,0.000000
31580,0.033091,0.448183,-0.033853,-0.094530,-0.013870,0.199052,-0.975320,155.268402,0.000000
31584,0.033058,0.448197,-0.033855,-0.094554,-0.013824,0.198964,-0.975337,155.122833,0.000000
31588,0.033019,0.448201,-0.033857,-0.094550,-0.013825,0.198798,-0.975371,154.983444,0.000000
31591,0.032988,0.448211,-0.033855,-0.094378,-0.013915,0.198735,-0.975399,154.823456,0.000000
31595,0.032940,0.448209,-0.033874,-0.094402,-0.013764,0.198419,-0.975463,154.661407,0.000000
31598,0.032915,0.448220,-0.033891,-0.094402,-0.013791,0.198322,-0.975483,154.499359,0.000000
31602,0.032887,0.448229,-0.033920,-0.094091,-0.013904,0.198104,-0.975555,154.344521,0.000000
31606,0.032856,0.448242,-0.033954,-0.093984,-0.013859,0.197888,-0.975610,154.169426,0.000000
31609,0.032842,0.448255,-0.033972,-0.094050,-0.013831,0.197862,-0.975610,154.023514,0.000000
31613,0.032819,0.448259,-0.033990,-0.093740,-0.013990,0.197571,-0.975696,153.874168,0.000000
31616,0.032805,0.448266,-0.033995,-0.093738,-0.013900,0.197458,-0.975721,153.736839,0.000000
31619,0.032793,0.448271,-0.033992,-0.093761,-0.013879,0.197404,-0.975729,153.579941,0.000000
31623,0.032779,0.448277,-0.033981,-0.093661,-0.013916,0.197179,-0.975784,153.446388,0.000000
31627,0.032752,0.448280,-0.033969,-0.093619,-0.013857,0.196977,-0.975830,153.261337,-0.000343
31630,0.032728,0.448291,-0.033963,-0.093533,-0.013842,0.196930,-0.975848,153.105469,-0.000343
31634,0.032692,0.448301,-0.033964,-0.093386,-0.013947,0.196724,-0.975902,152.939301,0.000000
31637,0.032660,0.448301,-0.033984,-0.093354,-0.013970,0.196480,-0.975954,152.781029,0.000000
31641,0.032612,0.448313,-0.034018,-0.093382,-0.013828,0.196281,-0.975993,152.634430,0.000000
31644,0.032582,0.448323,-0.034048,-0.093220,-0.013859,0.196149,-0.976035,152.489204,0.000000
31648,0.032550,0.448335,-0.034084,-0.093097,-0.013929,0.195937,-0.976088,152.334709,-0.000343
31651,0.032525,0.448346,-0.034111,-0.093014,-0.013892,0.195779,-0.976128,152.188110,-0.000343
31655,0.032502,0.448354,-0.034138,-0.092958,-0.013821,0.195607,-0.976169,152.027435,0.000000
31659,0.032483,0.448367,-0.034153,-0.092908,-0.013839,0.195465,-0.976202,151.873627,0.000000
31662,0.032462,0.448370,-0.034158,-0.092803,-0.013818,0.195262,-0.976253,151.703339,0.000000
31666,0.032443,0.448379,-0.034154,-0.092748,-0.013840,0.195078,-0.976294,151.560516,-0.000343
31669,0.032419,0.448384,-0.034151,-0.092599,-0.013929,0.194878,-0.976347,151.416664,0.000000
31673,0.032381,0.448391,-0.034149,-0.092573,-0.013823,0.194633,-0.976400,151.263199,-0.000343
31677,0.032345,0.448401,-0.034155,-0.092324,-0.013936,0.194348,-0.976479,151.086388,0.000000
31680,0.032318,0.448411,-0.034166,-0.092379,-0.013909,0.194286,-0.976486,150.939102,0.000000
31684,0.032277,0.448423,-0.034186,-0.092292,-0.013850,0.194001,-0.976552,150.774307,0.000000
31687,0.032248,0.448431,-0.034205,-0.092204,-0.013894,0.193893,-0.976581,150.622215,0.000000
31691,0.032215,0.448443,-0.034230,-0.092046,-0.013993,0.193610,-0.976651,150.457420,0.000000
31694,0.032188,0.448452,-0.034248,-0.091967,-0.013983,0.193485,-0.976683,150.322151,0.000000
31698,0.032154,0.448457,-0.034268,-0.091834,-0.013964,0.193181,-0.976756,150.175209,0.000000
31701,0.032138,0.448461,-0.034277,-0.091769,-0.014017,0.193043,-0.976789,150.023460,-0.000343
31705,0.032116,0.448471,-0.034285,-0.091718,-0.013924,0.192882,-0.976827,149.862785,0.000000
31708,0.032098,0.448477,-0.034287,-0.091682,-0.013921,0.192740,-0.976858,149.705544,0.000000
31712,0.032077,0.448484,-0.034286,-0.091556,-0.014010,0.192566,-0.976903,149.540405,0.000000
31715,0.032057,0.448499,-0.034287,-0.091484,-0.014030,0.192512,-0.976920,149.386940,-0.000343
31719,0.032021,0.448504,-0.034291,-0.091504,-0.013935,0.192373,-0.976947,149.236221,-0.000343
31722,0.031996,0.448510,-0.034303,-0.091430,-0.013957,0.192163,-0.976995,149.095116,-0.000343
31726,0.031963,0.448518,-0.034326,-0.091335,-0.013987,0.192006,-0.977034,148.941650,-0.000343
31729,0.031931,0.448517,-0.034350,-0.091182,-0.013958,0.191679,-0.977113,148.785095,0.000000
31733,0.031898,0.448524,-0.034379,-0.091154,-0.013887,0.191529,-0.977146,148.627510,0.000000
31737,0.031871,0.448539,-0.034405,-0.090943,-0.013927,0.191292,-0.977212,148.474388,-0.000343
31740,0.031854,0.448552,-0.034419,-0.090981,-0.013890,0.191244,-0.977218,148.303757,-0.000343
31744,0.031825,0.448553,-0.034435,-0.090775,-0.013954,0.190933,-0.977297,148.151321,-0.000343
31747,0.031807,0.448558,-0.034439,-0.090749,-0.013961,0.190825,-0.977321,147.997856,0.000000
31751,0.031770,0.448564,-0.034444,-0.090702,-0.013871,0.190583,-0.977374,147.858467,-0.000343
31754,0.031749,0.448574,-0.034447,-0.090733,-0.013831,0.190519,-0.977384,147.707405,0.000000
31758,0.031717,0.448582,-0.034454,-0.090477,-0.013947,0.190237,-0.977461,147.561150,0.000000
31762,0.031679,0.448586,-0.034466,-0.090383,-0.013895,0.189969,-0.977522,147.405624,-0.000343
31765,0.031663,0.448598,-0.034474,-0.090389,-0.013894,0.189900,-0.977535,147.221260,0.000000
31769,0.031632,0.448607,-0.034487,-0.090214,-0.014006,0.189669,-0.977594,147.066078,-0.000343
31772,0.031600,0.448611,-0.034503,-0.090071,-0.013975,0.189419,-0.977657,146.896133,0.000000
31776,0.031563,0.448624,-0.034517,-0.090090,-0.013927,0.189318,-0.977675,146.742325,-0.000343
31779,0.031534,0.448625,-0.034529,-0.089948,-0.013968,0.189038,-0.977742,146.605682,0.000000
31783,0.031501,0.448635,-0.034542,-0.089909,-0.013961,0.188902,-0.977772,146.458397,-0.000343
31784,0.031496,0.448639,-0.034544,-0.089920,-0.013948,0.188890,-0.977773,146.319008,0.000000
31790,0.031454,0.448656,-0.034572,-0.089842,-0.014012,0.188640,-0.977828,146.157646,-0.000343
31793,0.031431,0.448665,-0.034589,-0.089731,-0.014011,0.188452,-0.977874,146.022720,-0.000343
31797,0.031394,0.448671,-0.034615,-0.089657,-0.013996,0.188295,-0.977912,145.857925,-0.000343
31801,0.031369,0.448687,-0.034636,-0.089511,-0.014072,0.188109,-0.977960,145.684204,-0.000343
31804,0.031342,0.448694,-0.034651,-0.089463,-0.014061,0.187912,-0.978002,145.496407,-0.000343
31808,0.031309,0.448706,-0.034669,-0.089364,-0.013969,0.187684,-0.978056,145.357018,0.000000
31811,0.031292,0.448712,-0.034670,-0.089266,-0.014044,0.187598,-0.978080,145.199776,0.000000
31815,0.031268,0.448720,-0.034674,-0.089164,-0.014089,0.187348,-0.978137,145.061073,0.000000
31818,0.031255,0.448730,-0.034672,-0.089235,-0.014012,0.187275,-0.978146,144.923744,-0.000343
31822,0.031229,0.448733,-0.034670,-0.089142,-0.014059,0.187013,-0.978203,144.781609,0.000000
31826,0.031197,0.448744,-0.034675,-0.088970,-0.014102,0.186853,-0.978249,144.628487,-0.000343
31829,0.031166,0.448743,-0.034685,-0.088925,-0.014031,0.186646,-0.978294,144.459915,-0.000343
31833,0.031135,0.448756,-0.034705,-0.088745,-0.014106,0.186437,-0.978349,144.282417,-0.000343
31836,0.031107,0.448764,-0.034721,-0.088612,-0.014144,0.186315,-0.978384,144.134102,-0.000343
31839,0.031077,0.448769,-0.034740,-0.088615,-0.014082,0.186213,-0.978404,143.969307,-0.000343
31843,0.031035,0.448777,-0.034769,-0.088521,-0.014046,0.185932,-0.978466,143.818932,-0.000343
31847,0.031010,0.448790,-0.034789,-0.088468,-0.014094,0.185752,-0.978504,143.671989,-0.000343
31850,0.030991,0.448791,-0.034803,-0.088322,-0.014074,0.185584,-0.978550,143.556633,-0.000343
31854,0.030976,0.448800,-0.034816,-0.088308,-0.014000,0.185463,-0.978575,143.413811,0.000000
31857,0.030966,0.448811,-0.034817,-0.088222,-0.014075,0.185366,-0.978600,143.265495,-0.000343
31861,0.030934,0.448810,-0.034813,-0.088194,-0.014015,0.185222,-0.978631,143.092117,0.000000
31865,0.030896,0.448823,-0.034805,-0.088138,-0.014055,0.185125,-0.978654,142.921143,-0.000343
31868,0.030862,0.448822,-0.034814,-0.088109,-0.014041,0.184823,-0.978714,142.715149,0.000000
31872,0.030810,0.448834,-0.034836,-0.087877,-0.014006,0.184569,-0.978783,142.488556,-0.000343
31875,0.030783,0.448846,-0.034864,-0.087781,-0.013981,0.184389,-0.978826,142.263680,-0.000343
31879,0.030748,0.448861,-0.034902,-0.087531,-0.014049,0.184089,-0.978904,142.048073,-0.000343
31882,0.030713,0.448868,-0.034934,-0.087513,-0.014044,0.183743,-0.978970,141.815300,-0.000343
31886,0.030661,0.448888,-0.034966,-0.087381,-0.013960,0.183409,-0.979046,141.580811,0.000000
31889,0.030623,0.448892,-0.034979,-0.087208,-0.014008,0.183157,-0.979108,141.359367,-0.000343
31893,0.030587,0.448909,-0.034991,-0.087051,-0.014074,0.182812,-0.979185,141.171227,0.000000
31897,0.030562,0.448915,-0.034989,-0.087026,-0.014066,0.182549,-0.979237,140.979309,0.000000
31900,0.030540,0.448917,-0.034984,-0.086843,-0.014111,0.182368,-0.979286,140.790825,-0.000343
31903,0.030518,0.448926,-0.034983,-0.086928,-0.014083,0.182251,-0.979301,140.594101,0.000000
31907,0.030464,0.448936,-0.034990,-0.086796,-0.014027,0.181891,-0.979380,140.381584,-0.000343
31911,0.030407,0.448948,-0.035015,-0.086622,-0.014097,0.181628,-0.979443,140.150528,0.000000
31914,0.030358,0.448960,-0.035047,-0.086424,-0.014101,0.181305,-0.979520,139.910545,-0.000343
31918,0.030294,0.448977,-0.035098,-0.086372,-0.013992,0.181002,-0.979583,139.648933,-0.000343
31921,0.030243,0.448987,-0.035139,-0.086114,-0.014002,0.180667,-0.979667,139.435387,-0.000343
31925,0.030194,0.449003,-0.035178,-0.086014,-0.014064,0.180401,-0.979724,139.212227,-0.000343
31928,0.030154,0.449011,-0.035199,-0.085881,-0.014073,0.180157,-0.979781,139.010696,-0.000343
31932,0.030113,0.449019,-0.035212,-0.085849,-0.014004,0.179967,-0.979819,138.815689,0.000000
31936,0.030087,0.449032,-0.035209,-0.085793,-0.013995,0.179742,-0.979866,138.627892,0.000000
31939,0.030061,0.449033,-0.035205,-0.085710,-0.013989,0.179546,-0.979909,138.427391,-0.000343
31943,0.030026,0.449039,-0.035197,-0.085587,-0.014031,0.179294,-0.979965,138.211784,-0.000343
31946,0.030000,0.449048,-0.035198,-0.085606,-0.014014,0.179122,-0.979995,137.983475,-0.000343
31950,0.029954,0.449057,-0.035214,-0.085445,-0.013983,0.178803,-0.980068,137.785034,0.000000
31953,0.029919,0.449066,-0.035237,-0.085414,-0.013966,0.178642,-0.980100,137.559814,-0.000343
31957,0.029877,0.449082,-0.035277,-0.085089,-0.014102,0.178306,-0.980188,137.317772,0.000000
31960,0.029842,0.449087,-0.035308,-0.084926,-0.014106,0.178108,-0.980238,137.120705,-0.000343
31964,0.029790,0.449103,-0.035349,-0.084736,-0.014032,0.177710,-0.980328,136.905098,-0.000343
31968,0.029745,0.449115,-0.035371,-0.084570,-0.014104,0.177390,-0.980399,136.682281,-0.000343
31971,0.029715,0.449123,-0.035379,-0.084544,-0.014061,0.177227,-0.980431,136.462898,-0.000343
31975,0.029672,0.449133,-0.035386,-0.084485,-0.014061,0.176941,-0.980488,136.231842,-0.000343
31978,0.029647,0.449137,-0.035387,-0.084293,-0.014090,0.176693,-0.980549,136.030312,-0.000343
31982,0.029612,0.449151,-0.035392,-0.084284,-0.014058,0.176534,-0.980579,135.827408,-0.000343
31985,0.029576,0.449157,-0.035405,-0.084129,-0.014073,0.176251,-0.980643,135.621414,-0.000343
31989,0.029529,0.449170,-0.035425,-0.084111,-0.014057,0.176013,-0.980687,135.425377,0.000000
31992,0.029486,0.449183,-0.035445,-0.083834,-0.014127,0.175743,-0.980758,135.189857,0.000000
31996,0.029428,0.449193,-0.035482,-0.083856,-0.014028,0.175509,-0.980800,135.003433,-0.000343
32000,0.029383,0.449211,-0.035514,-0.083650,-0.014096,0.175239,-0.980865,134.749031,-0.000343
32003,0.029353,0.449223,-0.035532,-0.083557,-0.014101,0.175071,-0.980902,134.535828,-0.000343
32007,0.029303,0.449230,-0.035554,-0.083441,-0.013996,0.174750,-0.980971,134.304428,0.000000
32010,0.029275,0.449235,-0.035560,-0.083386,-0.014012,0.174587,-0.981005,134.095688,-0.000343
32014,0.029240,0.449246,-0.035563,-0.083156,-0.014033,0.174316,-0.981072,133.887291,0.000000
32017,0.029214,0.449251,-0.035566,-0.083169,-0.013984,0.174135,-0.981104,133.691597,-0.000343
32021,0.029187,0.449259,-0.035577,-0.083019,-0.014044,0.173806,-0.981174,133.489037,-0.000343
32024,0.029165,0.449268,-0.035590,-0.083030,-0.014002,0.173656,-0.981200,133.264847,-0.000343
32028,0.029124,0.449277,-0.035617,-0.082803,-0.013964,0.173307,-0.981282,133.031731,0.000000
32032,0.029093,0.449301,-0.035630,-0.082806,-0.014251,0.173153,-0.981304,132.820244,-0.000343
32035,0.029049,0.449297,-0.035664,-0.082424,-0.014066,0.172801,-0.981401,132.629356,-0.000343
32038,0.029019,0.449308,-0.035683,-0.082463,-0.013990,0.172700,-0.981417,132.425079,0.000000
32042,0.028966,0.449314,-0.035705,-0.082201,-0.013999,0.172309,-0.981507,132.207413,-0.000343
32045,0.028935,0.449323,-0.035715,-0.082280,-0.013953,0.172219,-0.981517,131.984253,0.000000
32049,0.028887,0.449332,-0.035725,-0.081999,-0.014065,0.171843,-0.981605,131.744957,-0.000343
32053,0.028840,0.449338,-0.035732,-0.081995,-0.013994,0.171625,-0.981645,131.537247,-0.000343
32056,0.028801,0.449347,-0.035745,-0.081788,-0.014072,0.171344,-0.981710,131.315804,-0.000343
32060,0.028745,0.449361,-0.035769,-0.081727,-0.014002,0.171091,-0.981760,131.105003,0.000000
32064,0.028692,0.449371,-0.035796,-0.081565,-0.014032,0.170880,-0.981810,130.887680,-0.000343
32067,0.028655,0.449382,-0.035826,-0.081549,-0.014007,0.170667,-0.981848,130.702286,-0.000343
32070,0.028607,0.449390,-0.035854,-0.081207,-0.014062,0.170344,-0.981932,130.482903,0.000000
32074,0.028553,0.449398,-0.035890,-0.081252,-0.013940,0.170111,-0.981971,130.258369,-0.000343
32078,0.028510,0.449414,-0.035916,-0.080961,-0.014042,0.169804,-0.982046,130.001564,-0.000343
32081,0.028477,0.449419,-0.035928,-0.080909,-0.014035,0.169610,-0.982084,129.782867,-0.000343
32085,0.028435,0.449430,-0.035941,-0.080793,-0.013928,0.169330,-0.982144,129.552155,-0.000343
32088,0.028411,0.449433,-0.035942,-0.080792,-0.013924,0.169162,-0.982173,129.388390,0.000000
32092,0.028386,0.449445,-0.035940,-0.080679,-0.013932,0.168875,-0.982231,129.223251,-0.000343
32095,0.028360,0.449445,-0.035943,-0.080582,-0.013915,0.168784,-0.982255,129.078026,-0.000343
32099,0.028340,0.449452,-0.035948,-0.080457,-0.013974,0.168559,-0.982303,128.956490,0.000000
32103,0.028317,0.449457,-0.035962,-0.080381,-0.013973,0.168391,-0.982338,128.833580,-0.000343
32106,0.028303,0.449465,-0.035977,-0.080440,-0.013875,0.168275,-0.982355,128.706207,-0.000343
32109,0.028280,0.449468,-0.035993,-0.080379,-0.013835,0.168186,-0.982375,128.565102,-0.000343
32113,0.028256,0.449480,-0.036014,-0.080103,-0.013958,0.167889,-0.982447,128.395157,0.000000
32117,0.028225,0.449490,-0.036033,-0.080183,-0.013831,0.167706,-0.982474,128.214226,0.000000
32120,0.028200,0.449498,-0.036044,-0.080113,-0.013797,0.167516,-0.982512,128.037071,-0.000343
32124,0.028170,0.449500,-0.036051,-0.079940,-0.013936,0.167343,-0.982554,127.912788,-0.000343
32127,0.028144,0.449504,-0.036055,-0.079840,-0.013888,0.167148,-0.982596,127.785072,0.000000
32131,0.028116,0.449509,-0.036062,-0.079938,-0.013843,0.167084,-0.982599,127.664223,0.000000
32134,0.028095,0.449514,-0.036069,-0.079794,-0.013861,0.166868,-0.982647,127.537193,-0.000343
32138,0.028071,0.449523,-0.036082,-0.079866,-0.013793,0.166797,-0.982655,127.413940,-0.000343
32142,0.028040,0.449527,-0.036104,-0.079780,-0.013749,0.166620,-0.982692,127.282448,0.000000
32145,0.028016,0.449534,-0.036121,-0.079693,-0.013820,0.166520,-0.982715,127.127953,0.000000
32149,0.027976,0.449539,-0.036150,-0.079618,-0.013762,0.166251,-0.982768,126.949425,-0.000343
32152,0.027946,0.449543,-0.036166,-0.079428,-0.013771,0.166077,-0.982812,126.814499,-0.000343
32156,0.027914,0.449546,-0.036185,-0.079258,-0.013888,0.165876,-0.982858,126.662064,0.000000
32159,0.027897,0.449556,-0.036195,-0.079286,-0.013823,0.165733,-0.982881,126.517525,0.000000
32163,0.027864,0.449559,-0.036202,-0.079101,-0.013746,0.165466,-0.982942,126.390152,0.000000
32166,0.027851,0.449564,-0.036203,-0.079209,-0.013761,0.165431,-0.982939,126.264839,0.000000
32170,0.027829,0.449568,-0.036204,-0.078931,-0.013832,0.165144,-0.983009,126.127510,0.000000
32174,0.027806,0.449574,-0.036201,-0.078872,-0.013821,0.164953,-0.983046,125.974388,0.000000
32177,0.027787,0.449578,-0.036208,-0.078858,-0.013817,0.164817,-0.983070,125.820580,-0.000343
32181,0.027756,0.449585,-0.036220,-0.078847,-0.013761,0.164639,-0.983101,125.689430,0.000000
32184,0.027726,0.449588,-0.036233,-0.078706,-0.013782,0.164465,-0.983141,125.545235,0.000000
32188,0.027696,0.449594,-0.036252,-0.078564,-0.013807,0.164282,-0.983183,125.406876,0.000000
32191,0.027672,0.449601,-0.036270,-0.078480,-0.013812,0.164131,-0.983215,125.260277,0.000000
32195,0.027638,0.449605,-0.036293,-0.078465,-0.013712,0.163979,-0.983243,125.102005,-0.000343
32198,0.027615,0.449613,-0.036309,-0.078410,-0.013723,0.163792,-0.983278,124.984245,-0.000343
32202,0.027592,0.449619,-0.036322,-0.078292,-0.013801,0.163685,-0.983304,124.840050,0.000000
32205,0.027570,0.449628,-0.036334,-0.078238,-0.013790,0.163546,-0.983332,124.699287,0.000000
32209,0.027537,0.449632,-0.036347,-0.078320,-0.013708,0.163452,-0.983342,124.551659,0.000000
32213,0.027510,0.449641,-0.036361,-0.078177,-0.013754,0.163319,-0.983375,124.407806,0.000000
32216,0.027485,0.449643,-0.036372,-0.078042,-0.013778,0.163182,-0.983408,124.274597,0.000000
32220,0.027462,0.449652,-0.036386,-0.078024,-0.013771,0.163053,-0.983431,124.134521,0.000000
32223,0.027440,0.449657,-0.036393,-0.077829,-0.013825,0.162904,-0.983470,123.988609,-0.000343
32227,0.027410,0.449664,-0.036408,-0.077776,-0.013811,0.162714,-0.983506,123.853340,0.000000
32230,0.027392,0.449669,-0.036415,-0.077805,-0.013779,0.162660,-0.983513,123.713951,0.000000
32234,0.027369,0.449676,-0.036419,-0.077547,-0.013902,0.162450,-0.983567,123.558083,0.000000
32237,0.027354,0.449679,-0.036422,-0.077558,-0.013890,0.162360,-0.983581,123.432426,0.000000
32241,0.027326,0.449683,-0.036430,-0.077450,-0.013797,0.162170,-0.983622,123.282051,-0.000343
32244,0.027309,0.449690,-0.036428,-0.077398,-0.013826,0.162116,-0.983635,123.133736,-0.000343
32248,0.027285,0.449694,-0.036442,-0.077220,-0.013889,0.161868,-0.983689,122.989883,0.000000
32252,0.027258,0.449703,-0.036454,-0.077266,-0.013812,0.161669,-0.983719,122.858391,-0.000343
32255,0.027240,0.449705,-0.036466,-0.077082,-0.013883,0.161576,-0.983747,122.705956,0.000000
32259,0.027213,0.449714,-0.036486,-0.076968,-0.013916,0.161378,-0.983788,122.580986,0.000000
32262,0.027194,0.449721,-0.036499,-0.076989,-0.013870,0.161293,-0.983801,122.448463,0.000000
32266,0.027164,0.449729,-0.036516,-0.076875,-0.013886,0.161142,-0.983835,122.304955,0.000000
32269,0.027141,0.449732,-0.036527,-0.076768,-0.013885,0.160935,-0.983877,122.155952,0.000000
32273,0.027113,0.449738,-0.036540,-0.076764,-0.013789,0.160775,-0.983905,122.005577,0.000000
32276,0.027088,0.449739,-0.036548,-0.076585,-0.013853,0.160567,-0.983952,121.858635,-0.000343
32280,0.027069,0.449746,-0.036556,-0.076496,-0.013924,0.160441,-0.983978,121.713409,0.000000
32283,0.027051,0.449750,-0.036566,-0.076403,-0.013922,0.160251,-0.984016,121.578827,0.000000
32287,0.027029,0.449757,-0.036580,-0.076497,-0.013803,0.160128,-0.984031,121.441841,0.000000
32291,0.027008,0.449765,-0.036593,-0.076424,-0.013806,0.159974,-0.984062,121.306572,0.000000
32294,0.026989,0.449769,-0.036600,-0.076351,-0.013832,0.159837,-0.984089,121.158943,0.000000
32298,0.026954,0.449769,-0.036611,-0.076213,-0.013841,0.159658,-0.984129,121.028137,0.000000
32301,0.026931,0.449779,-0.036619,-0.076230,-0.013829,0.159539,-0.984147,120.881195,0.000000
32305,0.026887,0.449785,-0.036630,-0.076152,-0.013805,0.159301,-0.984192,120.726700,0.000000
32308,0.026852,0.449784,-0.036643,-0.076084,-0.013773,0.159125,-0.984226,120.606880,0.000000
32312,0.026819,0.449797,-0.036662,-0.076012,-0.013826,0.158882,-0.984270,120.456505,0.000000
32315,0.026788,0.449798,-0.036672,-0.075891,-0.013827,0.158774,-0.984297,120.311966,0.000000
32319,0.026746,0.449804,-0.036697,-0.075833,-0.013730,0.158481,-0.984350,120.165710,0.000000
32322,0.026710,0.449821,-0.036712,-0.075791,-0.013482,0.158529,-0.984349,120.035248,0.000000
32326,0.026693,0.449818,-0.036726,-0.075601,-0.013756,0.158112,-0.984427,119.881096,0.000000
32330,0.026666,0.449822,-0.036735,-0.075561,-0.013709,0.157889,-0.984466,119.756470,0.000000
32333,0.026633,0.449836,-0.036742,-0.075408,-0.013497,0.157911,-0.984477,119.604378,0.000000
32337,0.026615,0.449832,-0.036747,-0.075392,-0.013731,0.157533,-0.984536,119.444046,0.000000
32340,0.026583,0.449838,-0.036757,-0.075315,-0.013696,0.157321,-0.984576,119.302940,0.000000
32344,0.026536,0.449858,-0.036771,-0.075172,-0.013429,0.157304,-0.984593,119.161148,0.000000
32347,0.026524,0.449852,-0.036784,-0.075162,-0.013700,0.156952,-0.984647,119.025879,0.000000
32351,0.026489,0.449859,-0.036811,-0.075130,-0.013593,0.156796,-0.984675,118.887520,0.000000
32355,0.026464,0.449864,-0.036836,-0.074949,-0.013720,0.156657,-0.984710,118.776627,0.000000
32358,0.026447,0.449874,-0.036855,-0.074913,-0.013694,0.156501,-0.984738,118.647881,0.000000
32362,0.026417,0.449874,-0.036878,-0.074830,-0.013638,0.156370,-0.984766,118.500938,0.000000
32365,0.026408,0.449884,-0.036886,-0.074829,-0.013598,0.156225,-0.984789,118.344383,0.000000
32369,0.026383,0.449888,-0.036890,-0.074638,-0.013685,0.156035,-0.984832,118.190575,0.000000
32372,0.026363,0.449890,-0.036888,-0.074568,-0.013669,0.155881,-0.984862,118.041573,-0.000343
32376,0.026340,0.449898,-0.036878,-0.074582,-0.013644,0.155716,-0.984888,117.887077,0.000000
32379,0.026323,0.449900,-0.036870,-0.074540,-0.013663,0.155586,-0.984911,117.732582,0.000000
32383,0.026286,0.449903,-0.036876,-0.074376,-0.013691,0.155350,-0.984961,117.585297,0.000000
32387,0.026263,0.449911,-0.036886,-0.074349,-0.013704,0.155107,-0.985001,117.464790,0.000000
32390,0.026239,0.449915,-0.036907,-0.074302,-0.013692,0.155030,-0.985016,117.345657,0.000000
32394,0.026204,0.449922,-0.036943,-0.074207,-0.013659,0.154797,-0.985061,117.220688,0.000000
32397,0.026176,0.449927,-0.036971,-0.074108,-0.013666,0.154701,-0.985083,117.083702,0.000000
32400,0.026148,0.449929,-0.036997,-0.074039,-0.013655,0.154626,-0.985100,116.926804,0.000343
32404,0.026113,0.449938,-0.037023,-0.073760,-0.013749,0.154323,-0.985167,116.774025,0.000000
32408,0.026079,0.449942,-0.037034,-0.073758,-0.013716,0.154169,-0.985192,116.626396,0.000000
32411,0.026060,0.449950,-0.037035,-0.073775,-0.013684,0.154012,-0.985216,116.476021,0.000000
32415,0.026029,0.449952,-0.037027,-0.073554,-0.013773,0.153831,-0.985260,116.320152,0.000000
32418,0.026009,0.449955,-0.037021,-0.073543,-0.013722,0.153657,-0.985288,116.210289,0.000000
32422,0.025993,0.449963,-0.037019,-0.073564,-0.013696,0.153568,-0.985301,116.079140,0.000000
32425,0.025973,0.449960,-0.037024,-0.073343,-0.013777,0.153382,-0.985345,115.944214,0.000343
32429,0.025955,0.449969,-0.037047,-0.073402,-0.013666,0.153302,-0.985355,115.800705,0.000000
32433,0.025941,0.449980,-0.037069,-0.073352,-0.013701,0.153168,-0.985379,115.653419,0.000000
32436,0.025920,0.449983,-0.037092,-0.073309,-0.013702,0.153003,-0.985408,115.492744,0.000000
32440,0.025880,0.449988,-0.037121,-0.073168,-0.013659,0.152818,-0.985447,115.365372,0.000000
32443,0.025855,0.449993,-0.037133,-0.073201,-0.013653,0.152663,-0.985469,115.223579,0.000343
32447,0.025821,0.450000,-0.037143,-0.072965,-0.013727,0.152464,-0.985516,115.094490,0.000000
32450,0.025798,0.450003,-0.037146,-0.073026,-0.013637,0.152366,-0.985528,114.964371,0.000343
32454,0.025766,0.450007,-0.037149,-0.072977,-0.013597,0.152172,-0.985562,114.809875,0.000000
32457,0.025746,0.450011,-0.037149,-0.072926,-0.013643,0.152051,-0.985584,114.678383,0.000000
32461,0.025710,0.450013,-0.037160,-0.072709,-0.013699,0.151767,-0.985643,114.520454,0.000343
32464,0.025684,0.450019,-0.037170,-0.072736,-0.013618,0.151715,-0.985650,114.355659,0.000343
32468,0.025653,0.450027,-0.037191,-0.072537,-0.013716,0.151425,-0.985708,114.203224,0.000343
32472,0.025622,0.450038,-0.037216,-0.072509,-0.013603,0.151257,-0.985738,114.067268,0.000343
32475,0.025595,0.450040,-0.037234,-0.072409,-0.013593,0.151086,-0.985771,113.925133,0.000000
32479,0.025574,0.450050,-0.037249,-0.072325,-0.013670,0.150930,-0.985800,113.796043,0.000000
32482,0.025547,0.450054,-0.037260,-0.072187,-0.013676,0.150749,-0.985838,113.674164,0.000343
32486,0.025514,0.450055,-0.037266,-0.072204,-0.013602,0.150576,-0.985864,113.534431,0.000000
32489,0.025497,0.450060,-0.037272,-0.072210,-0.013577,0.150465,-0.985881,113.395386,0.000000
32493,0.025469,0.450063,-0.037278,-0.072077,-0.013608,0.150289,-0.985917,113.269386,0.000343
32497,0.025447,0.450069,-0.037286,-0.072136,-0.013532,0.150210,-0.985926,113.116951,0.000343
32500,0.025430,0.450068,-0.037299,-0.071988,-0.013573,0.150031,-0.985964,112.980309,0.000343
32504,0.025419,0.450078,-0.037315,-0.071968,-0.013562,0.149921,-0.985982,112.850189,0.000343
32507,0.025404,0.450079,-0.037328,-0.071803,-0.013564,0.149756,-0.986019,112.691231,0.000343
32511,0.025384,0.450084,-0.037343,-0.071719,-0.013608,0.149558,-0.986055,112.535362,0.000343
32514,0.025369,0.450092,-0.037350,-0.071647,-0.013667,0.149434,-0.986078,112.375031,0.000343
32518,0.025330,0.450093,-0.037358,-0.071582,-0.013531,0.149166,-0.986125,112.218819,0.000343
32521,0.025309,0.450100,-0.037361,-0.071608,-0.013538,0.149021,-0.986145,112.074280,0.000000
32525,0.025280,0.450106,-0.037361,-0.071397,-0.013676,0.148825,-0.986188,111.925278,0.000343
32529,0.025247,0.450111,-0.037371,-0.071362,-0.013592,0.148587,-0.986227,111.802368,0.000343
32532,0.025222,0.450108,-0.037384,-0.071237,-0.013591,0.148469,-0.986254,111.700401,0.000343
32536,0.025198,0.450114,-0.037401,-0.071172,-0.013650,0.148270,-0.986288,111.582298,0.000343
32539,0.025174,0.450117,-0.037418,-0.071050,-0.013637,0.148170,-0.986312,111.450806,0.000343
32542,0.025150,0.450121,-0.037438,-0.071054,-0.013587,0.148097,-0.986324,111.296997,0.000000
32546,0.025124,0.450135,-0.037463,-0.070962,-0.013649,0.147871,-0.986363,111.129112,0.000000
32550,0.025084,0.450136,-0.037485,-0.070762,-0.013687,0.147667,-0.986408,110.951958,0.000343
32553,0.025064,0.450150,-0.037496,-0.070783,-0.013623,0.147512,-0.986430,110.811195,0.000343
32557,0.025034,0.450156,-0.037505,-0.070667,-0.013711,0.147334,-0.986464,110.675240,0.000000
32560,0.025011,0.450158,-0.037509,-0.070615,-0.013707,0.147168,-0.986492,110.556793,0.000343
32564,0.024981,0.450160,-0.037510,-0.070650,-0.013610,0.147071,-0.986506,110.438004,0.000343
32567,0.024960,0.450157,-0.037513,-0.070474,-0.013702,0.146898,-0.986543,110.305481,0.000000
32571,0.024946,0.450165,-0.037519,-0.070404,-0.013784,0.146813,-0.986559,110.157509,0.000343
32575,0.024921,0.450171,-0.037532,-0.070486,-0.013598,0.146691,-0.986574,110.019493,0.000343
32578,0.024905,0.450174,-0.037542,-0.070255,-0.013768,0.146564,-0.986607,109.860191,0.000343
32582,0.024881,0.450180,-0.037562,-0.070143,-0.013742,0.146338,-0.986649,109.707413,0.000343
32585,0.024860,0.450185,-0.037575,-0.070082,-0.013708,0.146196,-0.986675,109.559784,0.000343
32589,0.024840,0.450195,-0.037586,-0.070020,-0.013748,0.146050,-0.986700,109.408722,0.000343
32592,0.024824,0.450199,-0.037594,-0.069971,-0.013752,0.145872,-0.986730,109.268303,0.000343
32596,0.024790,0.450199,-0.037605,-0.069867,-0.013696,0.145700,-0.986764,109.133034,0.000343
32599,0.024773,0.450207,-0.037611,-0.069900,-0.013672,0.145645,-0.986770,109.017334,0.000343
32603,0.024747,0.450210,-0.037622,-0.069696,-0.013789,0.145430,-0.986814,108.891678,0.000343
32606,0.024720,0.450212,-0.037631,-0.069593,-0.013778,0.145269,-0.986845,108.766365,0.000343
32610,0.024681,0.450219,-0.037649,-0.069474,-0.013764,0.145071,-0.986883,108.621140,0.000000
32614,0.024644,0.450226,-0.037668,-0.069308,-0.013882,0.144868,-0.986923,108.462524,0.000000
32617,0.024601,0.450237,-0.037688,-0.069214,-0.013742,0.144880,-0.986930,108.285370,0.000343
32621,0.024567,0.450238,-0.037712,-0.069140,-0.013848,0.144510,-0.986988,108.128471,0.000000
32624,0.024547,0.450247,-0.037727,-0.069063,-0.013854,0.144327,-0.987020,107.977066,0.000343
32628,0.024508,0.450248,-0.037741,-0.068921,-0.013862,0.144155,-0.987055,107.847290,0.000343
32631,0.024477,0.450257,-0.037752,-0.068875,-0.013659,0.144119,-0.987066,107.721977,0.000000
32635,0.024460,0.450263,-0.037756,-0.068788,-0.013810,0.144092,-0.987074,107.621040,0.000343
32639,0.024444,0.450269,-0.037763,-0.068904,-0.013626,0.143987,-0.987084,107.495384,0.000343
32642,0.024426,0.450267,-0.037771,-0.068742,-0.013674,0.143800,-0.987122,107.371445,0.000343
32645,0.024417,0.450274,-0.037778,-0.068715,-0.013684,0.143656,-0.987144,107.223129,0.000343
32649,0.024400,0.450283,-0.037785,-0.068620,-0.013735,0.143525,-0.987169,107.051125,0.000343
32653,0.024364,0.450286,-0.037799,-0.068556,-0.013634,0.143310,-0.987206,106.881866,0.000343
32656,0.024333,0.450286,-0.037809,-0.068428,-0.013703,0.143119,-0.987242,106.709862,0.000343
32660,0.024299,0.450291,-0.037817,-0.068260,-0.013720,0.142885,-0.987287,106.553650,0.000000
32663,0.024277,0.450302,-0.037825,-0.068308,-0.013655,0.142750,-0.987304,106.424904,0.000343
32667,0.024247,0.450301,-0.037837,-0.068143,-0.013734,0.142533,-0.987346,106.297188,0.000343
32671,0.024224,0.450307,-0.037851,-0.068039,-0.013702,0.142275,-0.987391,106.197968,0.000343
32674,0.024203,0.450311,-0.037863,-0.068038,-0.013660,0.142239,-0.987397,106.078148,0.000343
32678,0.024182,0.450319,-0.037879,-0.067893,-0.013722,0.142008,-0.987439,105.947685,0.000343
32681,0.024166,0.450328,-0.037891,-0.067870,-0.013720,0.141942,-0.987450,105.790787,0.000000
32685,0.024126,0.450334,-0.037915,-0.067775,-0.013635,0.141752,-0.987485,105.616722,0.000000
32688,0.024106,0.450322,-0.037927,-0.067663,-0.013891,0.141390,-0.987541,105.466690,0.000343
32692,0.024052,0.450339,-0.037949,-0.067451,-0.013719,0.141385,-0.987559,105.318718,0.000343
32695,0.024036,0.450334,-0.037960,-0.067376,-0.013935,0.140967,-0.987621,105.178986,0.000000
32699,0.024000,0.450337,-0.037972,-0.067390,-0.013876,0.140794,-0.987645,105.047150,0.000343
32702,0.023978,0.450342,-0.037980,-0.067282,-0.013933,0.140619,-0.987677,104.918404,0.000343
32706,0.023952,0.450348,-0.037993,-0.067289,-0.013846,0.140535,-0.987689,104.790001,0.000343
32709,0.023931,0.450349,-0.038004,-0.067215,-0.013816,0.140341,-0.987722,104.654732,0.000000
32713,0.023912,0.450358,-0.038011,-0.067111,-0.013898,0.140251,-0.987741,104.513969,0.000343
32717,0.023891,0.450364,-0.038020,-0.067091,-0.013816,0.140091,-0.987766,104.368401,0.000343
32720,0.023866,0.450369,-0.038027,-0.066877,-0.013825,0.140002,-0.987793,104.214592,0.000343
32724,0.023852,0.450368,-0.038033,-0.066837,-0.013941,0.139710,-0.987836,104.066963,0.000343
32727,0.023831,0.450379,-0.038035,-0.066650,-0.013993,0.139672,-0.987853,103.911095,0.000000
32731,0.023801,0.450386,-0.038048,-0.066707,-0.013781,0.139521,-0.987874,103.785782,0.000343
32735,0.023778,0.450394,-0.038056,-0.066498,-0.013935,0.139268,-0.987921,103.629227,0.000343
32738,0.023753,0.450392,-0.038066,-0.066430,-0.013921,0.139155,-0.987942,103.513527,0.000000
32741,0.023732,0.450396,-0.038078,-0.066443,-0.013857,0.139053,-0.987956,103.366585,0.000343
32745,0.023703,0.450403,-0.038097,-0.066299,-0.013889,0.138795,-0.988002,103.226852,0.000000
32749,0.023672,0.450408,-0.038118,-0.066225,-0.013944,0.138648,-0.988027,103.098450,0.000343
32752,0.023650,0.450414,-0.038129,-0.066244,-0.013861,0.138507,-0.988046,102.956657,0.000343
32756,0.023620,0.450421,-0.038145,-0.066130,-0.013878,0.138336,-0.988078,102.801476,0.000000
32759,0.023592,0.450419,-0.038157,-0.065952,-0.013962,0.138169,-0.988112,102.671356,0.000343
32763,0.023551,0.450422,-0.038173,-0.065899,-0.013863,0.137974,-0.988144,102.511368,0.000343
32766,0.023528,0.450426,-0.038184,-0.065873,-0.013863,0.137827,-0.988166,102.374039,0.000343
32770,0.023502,0.450430,-0.038196,-0.065730,-0.013970,0.137664,-0.988197,102.228127,0.000343
32773,0.023476,0.450435,-0.038212,-0.065708,-0.013936,0.137537,-0.988217,102.087021,0.000343
32777,0.023447,0.450428,-0.038237,-0.065833,-0.013888,0.137219,-0.988253,101.949005,0.000343
32780,0.023410,0.450436,-0.038254,-0.065642,-0.013719,0.137138,-0.988279,101.824036,0.000000
32784,0.023389,0.450440,-0.038273,-0.065597,-0.013651,0.137011,-0.988301,101.693916,0.000000
32788,0.023365,0.450444,-0.038286,-0.065530,-0.013610,0.136887,-0.988323,101.539764,0.000000
32791,0.023350,0.450449,-0.038291,-0.065461,-0.013661,0.136723,-0.988350,101.418228,0.000000
32795,0.023339,0.450449,-0.038288,-0.065455,-0.013911,0.136477,-0.988381,101.273346,0.000000
32798,0.023311,0.450446,-0.038291,-0.065303,-0.013936,0.136272,-0.988419,101.119537,0.000000
32802,0.023287,0.450454,-0.038287,-0.065215,-0.014028,0.136066,-0.988451,100.961266,0.000343
32805,0.023259,0.450453,-0.038290,-0.065112,-0.014057,0.135907,-0.988480,100.811577,0.000343
32809,0.023223,0.450457,-0.038304,-0.065067,-0.013956,0.135650,-0.988520,100.664291,0.000343
32812,0.023181,0.450466,-0.038323,-0.065087,-0.013600,0.135723,-0.988513,100.523872,0.000343
32816,0.023179,0.450471,-0.038337,-0.064835,-0.014028,0.135328,-0.988578,100.384483,0.000343
32820,0.023154,0.450476,-0.038364,-0.064752,-0.014012,0.135128,-0.988611,100.265350,0.000000
32823,0.023134,0.450476,-0.038381,-0.064595,-0.014064,0.135029,-0.988634,100.144844,0.000343
32827,0.023111,0.450483,-0.038402,-0.064489,-0.014092,0.134825,-0.988668,100.018501,0.000343
32830,0.023091,0.450491,-0.038415,-0.064539,-0.014022,0.134718,-0.988681,99.873619,0.000000
32834,0.023037,0.450498,-0.038432,-0.064451,-0.013674,0.134717,-0.988691,99.715347,0.000343
32837,0.023038,0.450499,-0.038426,-0.064376,-0.014091,0.134389,-0.988735,99.536133,0.000343
32841,0.022996,0.450499,-0.038431,-0.064287,-0.014069,0.134232,-0.988762,99.385071,0.000343
32844,0.022968,0.450504,-0.038437,-0.064209,-0.014090,0.134035,-0.988794,99.260445,0.000000
32848,0.022942,0.450509,-0.038445,-0.064083,-0.014185,0.133872,-0.988823,99.124489,0.000000
32851,0.022920,0.450517,-0.038458,-0.064085,-0.014182,0.133695,-0.988847,98.991280,0.000343
32855,0.022886,0.450521,-0.038477,-0.064103,-0.014065,0.133573,-0.988864,98.862877,0.000343
32859,0.022859,0.450524,-0.038495,-0.063851,-0.014167,0.133400,-0.988902,98.734818,0.000343
32862,0.022835,0.450533,-0.038509,-0.063783,-0.014042,0.133326,-0.988918,98.597488,0.000343
32866,0.022817,0.450538,-0.038521,-0.063812,-0.014052,0.133072,-0.988950,98.451576,0.000343
32869,0.022797,0.450543,-0.038527,-0.063745,-0.014075,0.132933,-0.988973,98.287125,0.000000
32873,0.022758,0.450539,-0.038537,-0.063534,-0.014121,0.132644,-0.989025,98.153229,0.000343
32876,0.022732,0.450543,-0.038539,-0.063520,-0.014075,0.132549,-0.989039,98.011436,0.000343
32880,0.022696,0.450551,-0.038544,-0.063333,-0.014052,0.132412,-0.989069,97.870674,0.000343
32883,0.022678,0.450550,-0.038548,-0.063284,-0.014207,0.132183,-0.989101,97.726822,0.000000
32887,0.022635,0.450556,-0.038570,-0.063201,-0.014094,0.131882,-0.989148,97.576790,0.000343
32890,0.022614,0.450562,-0.038585,-0.063239,-0.014057,0.131771,-0.989161,97.459717,0.000343
32894,0.022588,0.450570,-0.038608,-0.063020,-0.014186,0.131528,-0.989206,97.321014,0.000000
32897,0.022556,0.450580,-0.038627,-0.062955,-0.013961,0.131531,-0.989213,97.182655,0.000000
32901,0.022533,0.450577,-0.038652,-0.062844,-0.014114,0.131139,-0.989269,97.029533,0.000000
32905,0.022499,0.450580,-0.038671,-0.062695,-0.014152,0.130910,-0.989309,96.881905,0.000343
32908,0.022462,0.450591,-0.038685,-0.062603,-0.013924,0.130882,-0.989321,96.728783,0.000000
32912,0.022445,0.450589,-0.038688,-0.062568,-0.014127,0.130621,-0.989355,96.598320,0.000343
32915,0.022425,0.450593,-0.038693,-0.062555,-0.014152,0.130440,-0.989380,96.450691,0.000343
32919,0.022377,0.450599,-0.038703,-0.062385,-0.013935,0.130445,-0.989393,96.327095,0.000000
32922,0.022368,0.450598,-0.038709,-0.062428,-0.014084,0.130109,-0.989432,96.196976,0.000000
32926,0.022334,0.450612,-0.038720,-0.062327,-0.013988,0.130149,-0.989435,96.057930,0.000343
32930,0.022307,0.450607,-0.038738,-0.062360,-0.014082,0.129839,-0.989472,95.907555,0.000000
32933,0.022283,0.450611,-0.038752,-0.062284,-0.014124,0.129694,-0.989495,95.780869,0.000000
32937,0.022254,0.450619,-0.038770,-0.062107,-0.014225,0.129496,-0.989531,95.629463,0.000000
32940,0.022223,0.450618,-0.038787,-0.061937,-0.014264,0.129349,-0.989560,95.480804,0.000000
32944,0.022190,0.450621,-0.038803,-0.061861,-0.014221,0.129130,-0.989594,95.331116,0.000000
32947,0.022159,0.450632,-0.038807,-0.061700,-0.014158,0.129139,-0.989604,95.180740,0.000000
32951,0.022127,0.450636,-0.038814,-0.061594,-0.014149,0.128886,-0.989644,95.041695,0.000000
32955,0.022104,0.450634,-0.038818,-0.061600,-0.014269,0.128492,-0.989693,94.893379,0.000000
32958,0.022070,0.450640,-0.038824,-0.061478,-0.014175,0.128532,-0.989697,94.762230,0.000343
32962,0.022035,0.450641,-0.038839,-0.061381,-0.014101,0.128318,-0.989731,94.636230,0.000000
32965,0.022012,0.450647,-0.038854,-0.061415,-0.014018,0.128204,-0.989745,94.495125,0.000000
32968,0.021983,0.450646,-0.038870,-0.061285,-0.014021,0.128101,-0.989767,94.363632,0.000000
32972,0.021958,0.450651,-0.038896,-0.061015,-0.014144,0.127813,-0.989819,94.226646,0.000000
32976,0.021931,0.450663,-0.038920,-0.061063,-0.014050,0.127660,-0.989837,94.087257,0.000000
32979,0.021911,0.450661,-0.038939,-0.060876,-0.014073,0.127494,-0.989869,93.939629,0.000000
32983,0.021892,0.450669,-0.038952,-0.060764,-0.014119,0.127345,-0.989895,93.791313,0.000000
32987,0.021866,0.450671,-0.038958,-0.060770,-0.014025,0.127204,-0.989914,93.632355,0.000000
32990,0.021848,0.450672,-0.038961,-0.060677,-0.014062,0.127043,-0.989940,93.500862,0.000000
32993,0.021841,0.450675,-0.038951,-0.060601,-0.014308,0.126745,-0.989979,93.365593,0.000000
32997,0.021798,0.450679,-0.038958,-0.060551,-0.014016,0.126744,-0.989986,93.224144,0.000000
33001,0.021780,0.450677,-0.038956,-0.060488,-0.014316,0.126496,-0.990018,93.094711,0.000343
33004,0.021761,0.450682,-0.038962,-0.060496,-0.014304,0.126400,-0.990030,92.958412,0.000000
33008,0.021723,0.450683,-0.038986,-0.060406,-0.014210,0.126165,-0.990067,92.820396,0.000000
33011,0.021702,0.450692,-0.039004,-0.060454,-0.014196,0.126080,-0.990075,92.680664,0.000000
33015,0.021681,0.450700,-0.039027,-0.060273,-0.014325,0.125809,-0.990118,92.541275,0.000000
33018,0.021652,0.450702,-0.039043,-0.060087,-0.014316,0.125733,-0.990139,92.396049,0.000000
33022,0.021619,0.450709,-0.039061,-0.060046,-0.014242,0.125553,-0.990166,92.247734,0.000000
33025,0.021600,0.450712,-0.039069,-0.059990,-0.014279,0.125452,-0.990181,92.095642,0.000000
33029,0.021569,0.450717,-0.039076,-0.059863,-0.014305,0.125203,-0.990220,91.949730,0.000000
33033,0.021538,0.450718,-0.039080,-0.059733,-0.014326,0.124971,-0.990257,91.811714,0.000000
33036,0.021520,0.450720,-0.039084,-0.059709,-0.014336,0.124853,-0.990273,91.680565,0.000000
33040,0.021491,0.450723,-0.039097,-0.059624,-0.014310,0.124666,-0.990302,91.536713,-0.000343
33043,0.021467,0.450725,-0.039108,-0.059534,-0.014294,0.124546,-0.990323,91.398697,0.000000
33047,0.021445,0.450733,-0.039124,-0.059375,-0.014415,0.124399,-0.990349,91.273041,0.000000
33050,0.021428,0.450739,-0.039140,-0.059360,-0.014402,0.124257,-0.990368,91.125069,0.000000
33054,0.021400,0.450744,-0.039156,-0.059397,-0.014323,0.124129,-0.990383,90.978127,0.000000
33057,0.021381,0.450746,-0.039171,-0.059156,-0.014387,0.123915,-0.990424,90.834618,0.000000
33061,0.021360,0.450751,-0.039181,-0.059048,-0.014387,0.123733,-0.990453,90.695572,0.000000
33065,0.021326,0.450754,-0.039196,-0.059020,-0.014307,0.123584,-0.990474,90.558929,0.000000
33068,0.021306,0.450756,-0.039201,-0.058894,-0.014396,0.123441,-0.990498,90.423660,0.000000
33072,0.021272,0.450760,-0.039212,-0.058746,-0.014352,0.123212,-0.990536,90.288048,-0.000343
33075,0.021250,0.450765,-0.039222,-0.058793,-0.014329,0.123121,-0.990545,90.139046,0.000000
33079,0.021214,0.450766,-0.039232,-0.058592,-0.014391,0.122913,-0.990582,90.014420,0.000000
33082,0.021193,0.450772,-0.039244,-0.058632,-0.014388,0.122789,-0.990595,89.864388,0.000000
33086,0.021149,0.450772,-0.039264,-0.058511,-0.014326,0.122536,-0.990634,89.713326,0.000000
33089,0.021108,0.450769,-0.039291,-0.058671,-0.013969,0.122368,-0.990651,89.555397,0.000000
33093,0.021070,0.450776,-0.039309,-0.058437,-0.014094,0.122194,-0.990684,89.394379,0.000000
33097,0.021029,0.450781,-0.039329,-0.058395,-0.013949,0.121909,-0.990724,89.258766,0.000000
33100,0.021002,0.450782,-0.039343,-0.058314,-0.014004,0.121852,-0.990735,89.133110,0.000000
33104,0.020977,0.450786,-0.039362,-0.058138,-0.014110,0.121626,-0.990772,88.996468,0.000000
33107,0.020954,0.450788,-0.039374,-0.058125,-0.014034,0.121495,-0.990789,88.881798,0.000000
33110,0.020950,0.450786,-0.039379,-0.058064,-0.014284,0.121269,-0.990817,88.756485,0.000000
33114,0.020910,0.450793,-0.039401,-0.057973,-0.014022,0.121155,-0.990840,88.612289,0.000000
33118,0.020882,0.450795,-0.039414,-0.057908,-0.013988,0.120977,-0.990866,88.462944,0.000000
33122,0.020873,0.450791,-0.039411,-0.057821,-0.014294,0.120708,-0.990900,88.306046,0.000000
33125,0.020841,0.450802,-0.039423,-0.057702,-0.014033,0.120646,-0.990918,88.159447,0.000000
33128,0.020823,0.450806,-0.039429,-0.057597,-0.014045,0.120485,-0.990943,88.002548,0.000000
33132,0.020817,0.450801,-0.039428,-0.057689,-0.014228,0.120190,-0.990971,87.884102,0.000000
33135,0.020803,0.450807,-0.039432,-0.057531,-0.014263,0.119984,-0.991005,87.749863,0.000000
33139,0.020779,0.450806,-0.039441,-0.057459,-0.014338,0.119855,-0.991024,87.620430,0.000000
33143,0.020745,0.450812,-0.039453,-0.057456,-0.014215,0.119665,-0.991048,87.491684,0.000000
33146,0.020723,0.450814,-0.039468,-0.057362,-0.014255,0.119553,-0.991067,87.334785,0.000000
33150,0.020685,0.450822,-0.039488,-0.057195,-0.014226,0.119452,-0.991089,87.185440,0.000000
33153,0.020651,0.450824,-0.039511,-0.057031,-0.014237,0.119269,-0.991120,87.025795,-0.000343
33157,0.020613,0.450832,-0.039537,-0.057005,-0.014238,0.119039,-0.991150,86.885719,-0.000343
33160,0.020586,0.450837,-0.039551,-0.056957,-0.014229,0.118897,-0.991170,86.740150,0.000000
33164,0.020535,0.450837,-0.039574,-0.056773,-0.014169,0.118539,-0.991224,86.609344,0.000000
33168,0.020507,0.450847,-0.039586,-0.056664,-0.014237,0.118277,-0.991260,86.478882,0.000000
33171,0.020482,0.450847,-0.039593,-0.056535,-0.014241,0.118170,-0.991280,86.352539,0.000000
33175,0.020454,0.450851,-0.039601,-0.056563,-0.014128,0.117980,-0.991303,86.232719,0.000000
33178,0.020435,0.450851,-0.039604,-0.056480,-0.014167,0.117855,-0.991322,86.092644,0.000000
33182,0.020411,0.450857,-0.039607,-0.056421,-0.014246,0.117667,-0.991347,85.949821,0.000000
33185,0.020385,0.450858,-0.039618,-0.056346,-0.014197,0.117500,-0.991371,85.792236,0.000000
33189,0.020347,0.450863,-0.039634,-0.056286,-0.014195,0.117264,-0.991403,85.634308,-0.000343
33192,0.020320,0.450864,-0.039651,-0.056048,-0.014251,0.117091,-0.991436,85.472603,-0.000343
33196,0.020289,0.450871,-0.039671,-0.056034,-0.014211,0.116919,-0.991458,85.327721,-0.000343
33199,0.020262,0.450871,-0.039688,-0.055901,-0.014213,0.116727,-0.991488,85.199318,-0.000343
33203,0.020237,0.450876,-0.039703,-0.055742,-0.014300,0.116597,-0.991511,85.065422,0.000000
33207,0.020210,0.450878,-0.039715,-0.055754,-0.014194,0.116476,-0.991526,84.953156,0.000000
33210,0.020195,0.450880,-0.039721,-0.055674,-0.014214,0.116316,-0.991549,84.815826,0.000000
33214,0.020181,0.450884,-0.039725,-0.055651,-0.014227,0.116149,-0.991570,84.675407,0.000000
33217,0.020159,0.450884,-0.039735,-0.055461,-0.014282,0.115985,-0.991599,84.539108,0.000000
33221,0.020126,0.450889,-0.039750,-0.055438,-0.014167,0.115817,-0.991621,84.380150,0.000000
33224,0.020098,0.450890,-0.039762,-0.055366,-0.014179,0.115664,-0.991643,84.223251,0.000000
33228,0.020061,0.450898,-0.039778,-0.055123,-0.014225,0.115451,-0.991681,84.071846,0.000000
33231,0.020030,0.450900,-0.039793,-0.055070,-0.014197,0.115327,-0.991698,83.932114,-0.000343
33235,0.019988,0.450905,-0.039817,-0.054945,-0.014251,0.115132,-0.991727,83.790665,0.000000
33239,0.019947,0.450909,-0.039840,-0.054777,-0.014268,0.114836,-0.991770,83.675995,0.000000
33242,0.019910,0.450907,-0.039866,-0.054922,-0.013979,0.114708,-0.991781,83.534203,-0.000343
33245,0.019888,0.450913,-0.039879,-0.055009,-0.013920,0.114606,-0.991789,83.413696,0.000000
33249,0.019859,0.450915,-0.039893,-0.054729,-0.014047,0.114377,-0.991829,83.269844,0.000000
33253,0.019828,0.450919,-0.039910,-0.054702,-0.013940,0.114169,-0.991856,83.116035,0.000000
33256,0.019810,0.450920,-0.039918,-0.054674,-0.013937,0.114074,-0.991869,82.970810,0.000000
33260,0.019819,0.450927,-0.039908,-0.054476,-0.014458,0.113773,-0.991907,82.832451,0.000000
33263,0.019793,0.450924,-0.039920,-0.054329,-0.014511,0.113587,-0.991935,82.682762,0.000000
33267,0.019765,0.450926,-0.039927,-0.054319,-0.014443,0.113419,-0.991956,82.544403,0.000000
33270,0.019749,0.450931,-0.039928,-0.054293,-0.014443,0.113267,-0.991975,82.412224,-0.000343
33274,0.019723,0.450935,-0.039939,-0.054244,-0.014412,0.113128,-0.991994,82.276268,-0.000343
33278,0.019694,0.450934,-0.039950,-0.054148,-0.014408,0.113027,-0.992011,82.139969,-0.000343
33281,0.019676,0.450938,-0.039959,-0.054035,-0.014468,0.112841,-0.992037,81.998177,-0.000343
33285,0.019642,0.450945,-0.039977,-0.054091,-0.014216,0.112788,-0.992044,81.860847,0.000000
33288,0.019619,0.450943,-0.039990,-0.053963,-0.014204,0.112626,-0.992069,81.720772,-0.000343
33292,0.019598,0.450947,-0.040005,-0.053783,-0.014304,0.112452,-0.992097,81.578636,-0.000343
33295,0.019578,0.450954,-0.040018,-0.053775,-0.014290,0.112294,-0.992116,81.437187,-0.000343
33299,0.019539,0.450951,-0.040039,-0.053720,-0.014189,0.112107,-0.992142,81.294708,-0.000343
33303,0.019510,0.450955,-0.040052,-0.053453,-0.014318,0.111821,-0.992186,81.139870,0.000000
33306,0.019483,0.450958,-0.040062,-0.053464,-0.014245,0.111732,-0.992197,81.014214,0.000000
33309,0.019459,0.450965,-0.040072,-0.053476,-0.014245,0.111678,-0.992202,80.865555,-0.000343
33313,0.019420,0.450966,-0.040087,-0.053361,-0.014209,0.111411,-0.992239,80.722389,-0.000343
33317,0.019383,0.450967,-0.040099,-0.053143,-0.014297,0.111110,-0.992283,80.580940,-0.000343
33320,0.019359,0.450967,-0.040114,-0.053233,-0.014190,0.111035,-0.992288,80.456314,-0.000343
33323,0.019339,0.450971,-0.040122,-0.053195,-0.014129,0.110939,-0.992302,80.321045,-0.000343
33327,0.019314,0.450974,-0.040135,-0.052910,-0.014299,0.110707,-0.992341,80.178223,0.000000
33331,0.019297,0.450981,-0.040144,-0.052815,-0.014441,0.110482,-0.992369,80.039864,0.000000
33334,0.019281,0.450977,-0.040157,-0.052696,-0.014510,0.110312,-0.992393,79.897041,-0.000343
33338,0.019257,0.450984,-0.040165,-0.052523,-0.014577,0.110194,-0.992414,79.730186,0.000000
33341,0.019229,0.450990,-0.040186,-0.052646,-0.014248,0.110076,-0.992426,79.595947,-0.000343
33345,0.019197,0.450991,-0.040198,-0.052658,-0.014164,0.109905,-0.992445,79.453125,-0.000343
33348,0.019179,0.450996,-0.040203,-0.052566,-0.014223,0.109755,-0.992466,79.318886,0.000000
33352,0.019155,0.450997,-0.040213,-0.052510,-0.014202,0.109653,-0.992480,79.190140,-0.000343
33356,0.019130,0.450996,-0.040219,-0.052506,-0.014120,0.109514,-0.992497,79.063110,0.000000
33359,0.019114,0.450997,-0.040224,-0.052367,-0.014203,0.109359,-0.992520,78.928871,-0.000343
33363,0.019088,0.450999,-0.040233,-0.052268,-0.014195,0.109201,-0.992543,78.789139,0.000000
33366,0.019068,0.451005,-0.040243,-0.052341,-0.014108,0.109100,-0.992552,78.639793,0.000000
33370,0.019044,0.451009,-0.040256,-0.052218,-0.014198,0.108913,-0.992577,78.489075,-0.000343
33373,0.019014,0.451010,-0.040270,-0.052043,-0.014192,0.108696,-0.992610,78.334236,-0.000343
33377,0.018984,0.451020,-0.040284,-0.051878,-0.014475,0.108486,-0.992638,78.186264,0.000000
33380,0.018934,0.451015,-0.040313,-0.051869,-0.014110,0.108269,-0.992667,78.042412,-0.000343
33384,0.018902,0.451018,-0.040334,-0.051662,-0.014323,0.107984,-0.992706,77.915382,-0.000343
33388,0.018861,0.451019,-0.040357,-0.051596,-0.014289,0.107740,-0.992737,77.787323,0.000000
33391,0.018842,0.451025,-0.040371,-0.051595,-0.014240,0.107608,-0.992752,77.659264,-0.000343
33395,0.018813,0.451027,-0.040387,-0.051498,-0.014293,0.107395,-0.992779,77.536354,0.000000
33398,0.018791,0.451030,-0.040399,-0.051456,-0.014270,0.107281,-0.992794,77.394905,0.000000
33402,0.018772,0.451025,-0.040408,-0.051262,-0.014495,0.106897,-0.992842,77.242470,-0.000343
33406,0.018744,0.451032,-0.040421,-0.051285,-0.014424,0.106791,-0.992853,77.085571,-0.000343
33409,0.018717,0.451031,-0.040423,-0.051024,-0.014473,0.106489,-0.992898,76.929016,-0.000343
33412,0.018692,0.451035,-0.040433,-0.051107,-0.014426,0.106372,-0.992907,76.787910,0.000000
33416,0.018662,0.451040,-0.040432,-0.050919,-0.014548,0.106239,-0.992929,76.648865,-0.000343
33420,0.018627,0.451043,-0.040436,-0.050934,-0.014450,0.106098,-0.992945,76.517715,-0.000343
33423,0.018601,0.451040,-0.040444,-0.050762,-0.014495,0.105892,-0.992975,76.390686,0.000000
33427,0.018584,0.451047,-0.040453,-0.050726,-0.014544,0.105720,-0.992995,76.251297,-0.000343
33430,0.018555,0.451043,-0.040469,-0.050573,-0.014605,0.105561,-0.993019,76.132164,-0.000343
33434,0.018526,0.451049,-0.040489,-0.050504,-0.014556,0.105415,-0.993038,75.988312,0.000000
33437,0.018509,0.451056,-0.040506,-0.050488,-0.014576,0.105301,-0.993051,75.832100,-0.000343
33441,0.018475,0.451061,-0.040532,-0.050379,-0.014611,0.105093,-0.993078,75.679665,0.000000
33444,0.018451,0.451063,-0.040545,-0.050323,-0.014603,0.104935,-0.993098,75.535126,-0.000343
33448,0.018422,0.451063,-0.040562,-0.050127,-0.014664,0.104700,-0.993132,75.392647,-0.000343
33452,0.018388,0.451066,-0.040580,-0.050093,-0.014604,0.104451,-0.993160,75.253258,-0.000343
33455,0.018358,0.451065,-0.040587,-0.049954,-0.014663,0.104315,-0.993181,75.123825,0.000000
33459,0.018329,0.451068,-0.040600,-0.049783,-0.014717,0.104081,-0.993213,74.990616,-0.000343
33462,0.018309,0.451072,-0.040609,-0.049852,-0.014632,0.103999,-0.993219,74.853973,-0.000343
33466,0.018267,0.451079,-0.040626,-0.049793,-0.014505,0.103843,-0.993241,74.727287,0.000000
33469,0.018252,0.451079,-0.040637,-0.049693,-0.014636,0.103678,-0.993261,74.574165,-0.000343
33473,0.018224,0.451087,-0.040650,-0.049461,-0.014732,0.103467,-0.993293,74.419327,-0.000343
33476,0.018190,0.451085,-0.040667,-0.049376,-0.014596,0.103336,-0.993313,74.276848,-0.000343
33480,0.018163,0.451088,-0.040679,-0.049264,-0.014598,0.103153,-0.993338,74.127502,0.000000
33483,0.018139,0.451093,-0.040686,-0.049153,-0.014609,0.103032,-0.993355,73.983650,-0.000343
33487,0.018109,0.451095,-0.040697,-0.049094,-0.014517,0.102839,-0.993380,73.843575,0.000000
33491,0.018088,0.451099,-0.040701,-0.048989,-0.014580,0.102687,-0.993400,73.733368,0.000000
33494,0.018067,0.451100,-0.040706,-0.048883,-0.014599,0.102544,-0.993419,73.601875,0.000000
33498,0.018035,0.451103,-0.040718,-0.048919,-0.014451,0.102364,-0.993438,73.470726,-0.000343
33501,0.018010,0.451104,-0.040731,-0.048815,-0.014442,0.102186,-0.993462,73.329620,-0.000343
33505,0.017981,0.451108,-0.040746,-0.048644,-0.014499,0.102000,-0.993489,73.176155,-0.000343
33509,0.017940,0.451111,-0.040764,-0.048494,-0.014461,0.101749,-0.993522,73.013420,0.000000
33512,0.017917,0.451117,-0.040777,-0.048551,-0.014397,0.101656,-0.993530,72.864761,-0.000343
33515,0.017889,0.451116,-0.040791,-0.048414,-0.014478,0.101529,-0.993548,72.728462,-0.000343
33519,0.017859,0.451123,-0.040813,-0.048365,-0.014457,0.101266,-0.993578,72.591476,0.000000
33523,0.017828,0.451125,-0.040834,-0.048267,-0.014484,0.101006,-0.993609,72.464104,0.000000
33526,0.017824,0.451125,-0.040843,-0.048147,-0.014755,0.100816,-0.993630,72.313042,0.000000
33530,0.017792,0.451124,-0.040862,-0.047938,-0.014769,0.100561,-0.993666,72.189445,0.000000
33533,0.017770,0.451126,-0.040874,-0.047930,-0.014750,0.100445,-0.993678,72.046280,-0.000343
33537,0.017737,0.451130,-0.040893,-0.047957,-0.014604,0.100274,-0.993696,71.908607,0.000000
33540,0.017714,0.451124,-0.040902,-0.047785,-0.014658,0.100057,-0.993726,71.758575,0.000000
33544,0.017684,0.451125,-0.040913,-0.047821,-0.014525,0.099856,-0.993746,71.635323,-0.000343
33547,0.017666,0.451130,-0.040918,-0.047789,-0.014534,0.099736,-0.993759,71.496620,-0.000343
33551,0.017639,0.451132,-0.040919,-0.047682,-0.014591,0.099564,-0.993781,71.355515,0.000000
33554,0.017616,0.451134,-0.040925,-0.047581,-0.014611,0.099379,-0.993804,71.215096,-0.000343
33558,0.017576,0.451127,-0.040936,-0.047505,-0.014596,0.099223,-0.993823,71.067467,0.000000
33562,0.017546,0.451131,-0.040948,-0.047398,-0.014611,0.099080,-0.993843,70.918808,-0.000343
33565,0.017524,0.451133,-0.040960,-0.047389,-0.014567,0.098895,-0.993862,70.774956,-0.000343
33569,0.017495,0.451135,-0.040979,-0.047303,-0.014582,0.098723,-0.993883,70.640030,-0.000343
33572,0.017474,0.451136,-0.040996,-0.047105,-0.014655,0.098585,-0.993905,70.511627,0.000000
33576,0.017442,0.451140,-0.041018,-0.047164,-0.014560,0.098425,-0.993920,70.380821,-0.000343
33579,0.017414,0.451139,-0.041034,-0.047160,-0.014523,0.098308,-0.993932,70.240059,-0.000343
33583,0.017382,0.451145,-0.041051,-0.046962,-0.014640,0.098096,-0.993960,70.104446,-0.000343
33586,0.017352,0.451142,-0.041063,-0.046806,-0.014692,0.097950,-0.993981,69.967117,0.000000
33590,0.017316,0.451144,-0.041076,-0.046681,-0.014673,0.097716,-0.994011,69.815025,-0.000343
33593,0.017293,0.451145,-0.041083,-0.046648,-0.014662,0.097612,-0.994023,69.671860,-0.000343
33597,0.017269,0.451151,-0.041094,-0.046531,-0.014694,0.097338,-0.994054,69.526634,-0.000343
33601,0.017239,0.451151,-0.041109,-0.046440,-0.014603,0.097138,-0.994080,69.391022,0.000000
33604,0.017226,0.451150,-0.041118,-0.046275,-0.014676,0.097009,-0.994099,69.251289,-0.000343
33608,0.017206,0.451155,-0.041130,-0.046246,-0.014654,0.096802,-0.994121,69.117050,0.000000
33611,0.017189,0.451156,-0.041140,-0.046111,-0.014696,0.096647,-0.994142,68.957405,-0.000343
33615,0.017154,0.451163,-0.041160,-0.046125,-0.014466,0.096511,-0.994157,68.822823,0.000000
33618,0.017131,0.451168,-0.041171,-0.046003,-0.014491,0.096333,-0.994180,68.681374,0.000000
33622,0.017093,0.451170,-0.041183,-0.045995,-0.014376,0.096133,-0.994201,68.537865,0.000000
33625,0.017065,0.451171,-0.041194,-0.045888,-0.014436,0.095938,-0.994224,68.400536,-0.000343
33629,0.017035,0.451176,-0.041200,-0.045783,-0.014531,0.095793,-0.994242,68.268013,-0.000343
33633,0.016996,0.451174,-0.041216,-0.045731,-0.014428,0.095633,-0.994261,68.127937,0.000000
33636,0.016973,0.451174,-0.041229,-0.045662,-0.014449,0.095482,-0.994278,68.008118,0.000000
33640,0.016951,0.451181,-0.041240,-0.045530,-0.014496,0.095329,-0.994298,67.871132,0.000000
33643,0.016930,0.451184,-0.041254,-0.045547,-0.014478,0.095229,-0.994307,67.726936,0.000000
33647,0.016913,0.451184,-0.041262,-0.045345,-0.014746,0.094930,-0.994341,67.589264,0.000000
33650,0.016875,0.451189,-0.041278,-0.045429,-0.014456,0.094886,-0.994346,67.448502,-0.000343
33654,0.016853,0.451186,-0.041285,-0.045158,-0.014797,0.094579,-0.994383,67.298126,0.000000
33658,0.016804,0.451189,-0.041307,-0.045134,-0.014537,0.094421,-0.994403,67.129898,0.000000
33661,0.016794,0.451190,-0.041310,-0.045014,-0.014830,0.094205,-0.994424,66.986732,0.000000
33664,0.016771,0.451192,-0.041320,-0.045063,-0.014787,0.094137,-0.994429,66.848030,0.000000
33668,0.016738,0.451191,-0.041341,-0.044969,-0.014736,0.093895,-0.994457,66.716881,0.000000
33672,0.016721,0.451195,-0.041353,-0.044688,-0.014898,0.093703,-0.994485,66.600151,-0.000343
33675,0.016710,0.451196,-0.041364,-0.044591,-0.014947,0.093605,-0.994498,66.466942,0.000000
33679,0.016683,0.451195,-0.041382,-0.044589,-0.014838,0.093408,-0.994518,66.331673,0.000000
33682,0.016675,0.451201,-0.041391,-0.044561,-0.014856,0.093262,-0.994533,66.194687,0.000000
33686,0.016646,0.451201,-0.041401,-0.044454,-0.014855,0.093075,-0.994555,66.048431,-0.000343
33689,0.016608,0.451194,-0.041415,-0.044453,-0.014682,0.092805,-0.994583,65.897369,0.000000
33693,0.016569,0.451196,-0.041420,-0.044483,-0.014621,0.092634,-0.994599,65.743561,0.000000
33696,0.016540,0.451198,-0.041425,-0.044330,-0.014683,0.092421,-0.994624,65.602112,-0.000343
33700,0.016498,0.451198,-0.041438,-0.044243,-0.014593,0.092242,-0.994646,65.448990,-0.000343
33703,0.016466,0.451196,-0.041453,-0.044108,-0.014634,0.092056,-0.994669,65.339127,-0.000343
33707,0.016440,0.451198,-0.041474,-0.043983,-0.014688,0.091947,-0.994684,65.207291,0.000000
33711,0.016406,0.451202,-0.041502,-0.043997,-0.014588,0.091765,-0.994701,65.079918,0.000000
33714,0.016384,0.451205,-0.041525,-0.043987,-0.014581,0.091625,-0.994715,64.933662,0.000000
33718,0.016361,0.451212,-0.041543,-0.043737,-0.014696,0.091426,-0.994742,64.799767,0.000000
33721,0.016333,0.451210,-0.041561,-0.043615,-0.014698,0.091255,-0.994763,64.631882,0.000000
33725,0.016294,0.451213,-0.041576,-0.043608,-0.014635,0.091027,-0.994786,64.478416,-0.000343
33728,0.016270,0.451215,-0.041578,-0.043403,-0.014721,0.090854,-0.994809,64.336967,-0.000343
33732,0.016232,0.451213,-0.041582,-0.043312,-0.014726,0.090622,-0.994834,64.187965,0.000000
33736,0.016207,0.451217,-0.041582,-0.043182,-0.014757,0.090377,-0.994862,64.071922,0.000000
33739,0.016191,0.451221,-0.041586,-0.043194,-0.014754,0.090300,-0.994868,63.944893,0.000000
33743,0.016162,0.451225,-0.041600,-0.043028,-0.014730,0.090110,-0.994893,63.821640,-0.000343
33746,0.016142,0.451221,-0.041614,-0.042929,-0.014721,0.089998,-0.994907,63.694954,0.000000
33750,0.016131,0.451228,-0.041634,-0.042754,-0.014914,0.089779,-0.994932,63.550415,0.000000
33753,0.016099,0.451229,-0.041661,-0.042730,-0.014637,0.089701,-0.994944,63.381157,-0.000343
33757,0.016084,0.451231,-0.041672,-0.042621,-0.014852,0.089384,-0.994974,63.241768,0.000000
33760,0.016062,0.451234,-0.041688,-0.042575,-0.014790,0.089224,-0.994991,63.094826,0.000000
33764,0.016032,0.451237,-0.041696,-0.042454,-0.014815,0.089017,-0.995015,62.945824,0.000000
33767,0.016001,0.451233,-0.041700,-0.042275,-0.014871,0.088792,-0.995042,62.798195,-0.000343
33771,0.015962,0.451234,-0.041704,-0.042290,-0.014839,0.088654,-0.995054,62.663612,-0.000343
33775,0.015931,0.451239,-0.041710,-0.042289,-0.014786,0.088460,-0.995072,62.541733,-0.000343
33778,0.015901,0.451235,-0.041724,-0.042158,-0.014810,0.088315,-0.995090,62.403717,0.000000
33782,0.015875,0.451239,-0.041738,-0.042119,-0.014841,0.088160,-0.995105,62.276001,0.000000
33785,0.015852,0.451241,-0.041753,-0.041982,-0.014900,0.088043,-0.995120,62.151031,0.000000
33789,0.015817,0.451244,-0.041771,-0.041944,-0.014857,0.087879,-0.995137,61.999969,0.000000
33792,0.015794,0.451246,-0.041787,-0.041898,-0.014835,0.087740,-0.995151,61.850967,0.000000
33796,0.015766,0.451251,-0.041802,-0.041652,-0.014939,0.087511,-0.995180,61.702652,0.000000
33800,0.015730,0.451250,-0.041817,-0.041596,-0.014881,0.087293,-0.995203,61.559830,0.000000
33803,0.015709,0.451249,-0.041822,-0.041521,-0.014915,0.087187,-0.995215,61.422157,0.000000
33807,0.015682,0.451250,-0.041833,-0.041388,-0.014980,0.086976,-0.995238,61.289291,0.000000
33810,0.015644,0.451254,-0.041853,-0.041585,-0.014511,0.086969,-0.995237,61.146126,0.000000
33814,0.015632,0.451254,-0.041856,-0.041338,-0.014901,0.086627,-0.995271,61.009140,0.000000
33817,0.015614,0.451253,-0.041867,-0.041225,-0.014936,0.086492,-0.995287,60.865974,0.000000
33821,0.015592,0.451255,-0.041884,-0.041049,-0.014944,0.086322,-0.995309,60.712852,0.000000
33824,0.015567,0.451250,-0.041903,-0.041140,-0.014753,0.086131,-0.995325,60.602989,0.000000
33828,0.015553,0.451258,-0.041910,-0.041104,-0.014785,0.086007,-0.995336,60.464973,0.000000
33831,0.015535,0.451257,-0.041915,-0.040915,-0.014816,0.085829,-0.995359,60.322495,0.000000
33835,0.015505,0.451255,-0.041918,-0.040961,-0.014709,0.085676,-0.995372,60.175552,0.000000
33838,0.015490,0.451258,-0.041919,-0.040921,-0.014707,0.085480,-0.995391,60.031700,0.000000
33842,0.015463,0.451255,-0.041927,-0.040797,-0.014806,0.085363,-0.995404,59.891624,0.000000
33845,0.015441,0.451258,-0.041939,-0.040814,-0.014741,0.085192,-0.995419,59.751205,0.000000
33849,0.015403,0.451258,-0.041960,-0.040702,-0.014714,0.085031,-0.995438,59.609413,0.000000
33853,0.015373,0.451265,-0.041982,-0.040647,-0.014729,0.084897,-0.995451,59.471054,0.000000
33856,0.015338,0.451262,-0.042009,-0.040534,-0.014728,0.084714,-0.995472,59.345055,0.000000
33860,0.015303,0.451265,-0.042034,-0.040438,-0.014734,0.084526,-0.995491,59.210472,-0.000343
33863,0.015277,0.451268,-0.042050,-0.040393,-0.014753,0.084383,-0.995505,59.071426,0.000000
33867,0.015240,0.451269,-0.042069,-0.040393,-0.014668,0.084147,-0.995526,58.928261,0.000000
33871,0.015212,0.451271,-0.042080,-0.040183,-0.014792,0.083899,-0.995554,58.781319,0.000000
33874,0.015190,0.451270,-0.042083,-0.040084,-0.014787,0.083797,-0.995567,58.636780,0.000000
33878,0.015160,0.451270,-0.042089,-0.040022,-0.014730,0.083554,-0.995590,58.498421,0.000000
33881,0.015145,0.451280,-0.042086,-0.039979,-0.014757,0.083504,-0.995596,58.352165,0.000000
33885,0.015119,0.451273,-0.042100,-0.039885,-0.014769,0.083180,-0.995627,58.210030,-0.000343
33888,0.015097,0.451279,-0.042105,-0.039650,-0.014842,0.083132,-0.995639,58.084030,0.000000
33892,0.015067,0.451270,-0.042128,-0.039690,-0.014743,0.082836,-0.995663,57.937088,0.000000
33895,0.015051,0.451285,-0.042136,-0.039584,-0.014782,0.082758,-0.995674,57.818642,0.000000
33899,0.015018,0.451287,-0.042160,-0.039471,-0.014753,0.082561,-0.995695,57.663116,0.000000
33902,0.014984,0.451277,-0.042181,-0.039397,-0.014761,0.082319,-0.995718,57.531967,0.000000
33906,0.014956,0.451285,-0.042194,-0.039282,-0.014757,0.082168,-0.995735,57.391548,0.000000
33909,0.014934,0.451280,-0.042202,-0.039191,-0.014837,0.081935,-0.995756,57.244949,0.000000
33913,0.014901,0.451284,-0.042210,-0.039073,-0.014799,0.081815,-0.995771,57.093201,0.000000
33917,0.014874,0.451284,-0.042220,-0.039216,-0.014742,0.081618,-0.995783,56.957245,0.000000
33920,0.014845,0.451287,-0.042224,-0.038938,-0.014852,0.081479,-0.995804,56.823006,0.000000
33924,0.014808,0.451285,-0.042240,-0.039029,-0.014699,0.081362,-0.995812,56.679153,0.000000
33927,0.014786,0.451288,-0.042250,-0.038962,-0.014773,0.081181,-0.995828,56.558647,0.000000
33931,0.014751,0.451291,-0.042271,-0.038729,-0.014850,0.081015,-0.995849,56.422691,0.000000
33934,0.014721,0.451292,-0.042294,-0.038679,-0.014801,0.080820,-0.995868,56.287079,0.000000
33938,0.014682,0.451295,-0.042321,-0.038514,-0.014815,0.080616,-0.995891,56.143227,0.000000
33941,0.014655,0.451297,-0.042341,-0.038409,-0.014835,0.080447,-0.995908,55.974998,0.000000
33945,0.014620,0.451303,-0.042361,-0.038399,-0.014775,0.080230,-0.995927,55.840759,0.000000
33948,0.014594,0.451303,-0.042374,-0.038346,-0.014762,0.080086,-0.995941,55.698967,-0.000343
33952,0.014569,0.451307,-0.042383,-0.038177,-0.014828,0.079840,-0.995966,55.559921,-0.000343
33956,0.014539,0.451304,-0.042391,-0.038058,-0.014766,0.079585,-0.995992,55.433235,0.000000
33959,0.014520,0.451302,-0.042393,-0.037929,-0.014787,0.079464,-0.996006,55.286293,0.000000
33963,0.014507,0.451310,-0.042393,-0.037847,-0.014858,0.079279,-0.996023,55.168533,0.000000
33966,0.014488,0.451308,-0.042394,-0.037783,-0.014865,0.079162,-0.996035,55.036697,0.000000
33970,0.014454,0.451301,-0.042402,-0.037724,-0.014794,0.078939,-0.996056,54.897652,0.000000
33973,0.014439,0.451309,-0.042406,-0.037713,-0.014801,0.078804,-0.996067,54.747276,0.000000
33977,0.014407,0.451305,-0.042420,-0.037599,-0.014834,0.078602,-0.996086,54.598618,0.000000
33980,0.014381,0.451303,-0.042432,-0.037401,-0.014878,0.078428,-0.996107,54.432106,0.000000
33984,0.014349,0.451301,-0.042461,-0.037412,-0.014728,0.078212,-0.996126,54.308167,0.000000
33988,0.014321,0.451299,-0.042484,-0.037317,-0.014697,0.078088,-0.996139,54.169121,0.000343
33991,0.014298,0.451305,-0.042505,-0.037322,-0.014645,0.077878,-0.996156,54.023895,0.000000
33995,0.014267,0.451304,-0.042528,-0.037228,-0.014690,0.077756,-0.996169,53.906822,0.000343
33998,0.014243,0.451302,-0.042541,-0.036960,-0.014838,0.077526,-0.996195,53.778076,0.000000
34002,0.014204,0.451303,-0.042561,-0.037117,-0.014629,0.077401,-0.996202,53.633194,0.000000
34006,0.014173,0.451301,-0.042568,-0.036803,-0.014821,0.077106,-0.996233,53.490028,0.000000
34009,0.014152,0.451306,-0.042577,-0.036902,-0.014714,0.077036,-0.996237,53.337250,0.000343
34013,0.014106,0.451299,-0.042588,-0.036699,-0.014722,0.076783,-0.996263,53.203697,0.000000
34016,0.014084,0.451301,-0.042591,-0.036804,-0.014694,0.076700,-0.996266,53.062935,0.000000
34019,0.014062,0.451302,-0.042592,-0.036639,-0.014815,0.076538,-0.996283,52.921486,0.000000
34023,0.014028,0.451302,-0.042606,-0.036649,-0.014746,0.076358,-0.996298,52.782440,0.000000
34027,0.013999,0.451303,-0.042624,-0.036515,-0.014778,0.076084,-0.996323,52.645454,0.000000
34030,0.013980,0.451302,-0.042637,-0.036340,-0.014834,0.076040,-0.996332,52.521515,0.000000
34034,0.013955,0.451301,-0.042658,-0.036211,-0.014824,0.075814,-0.996354,52.392769,0.000000
34037,0.013939,0.451305,-0.042669,-0.036224,-0.014786,0.075765,-0.996358,52.256470,0.000343
34041,0.013920,0.451306,-0.042684,-0.036125,-0.014819,0.075550,-0.996377,52.090645,0.000343
34044,0.013897,0.451305,-0.042690,-0.035995,-0.014858,0.075434,-0.996390,51.953659,0.000343
34048,0.013865,0.451301,-0.042697,-0.035941,-0.014811,0.075213,-0.996410,51.811180,0.000000
34051,0.013847,0.451303,-0.042702,-0.036007,-0.014755,0.075116,-0.996415,51.667671,0.000000
34055,0.013827,0.451305,-0.042698,-0.035746,-0.014964,0.074893,-0.996438,51.528969,0.000000
34059,0.013792,0.451303,-0.042710,-0.035771,-0.014806,0.074774,-0.996449,51.392670,0.000000
34062,0.013773,0.451304,-0.042716,-0.035635,-0.014916,0.074576,-0.996467,51.267357,0.000000
34066,0.013741,0.451305,-0.042736,-0.035598,-0.014877,0.074500,-0.996474,51.136208,0.000000
34069,0.013715,0.451305,-0.042754,-0.035503,-0.014837,0.074269,-0.996496,50.979652,0.000000
34073,0.013683,0.451310,-0.042774,-0.035384,-0.014899,0.074146,-0.996508,50.850220,0.000000
34076,0.013662,0.451314,-0.042792,-0.035365,-0.014878,0.073972,-0.996522,50.709801,0.000000
34080,0.013620,0.451311,-0.042816,-0.035267,-0.014810,0.073769,-0.996542,50.575562,0.000000
34083,0.013600,0.451314,-0.042830,-0.035235,-0.014784,0.073564,-0.996558,50.433083,0.000343
34087,0.013574,0.451315,-0.042843,-0.035021,-0.014902,0.073378,-0.996578,50.268288,0.000000
34091,0.013540,0.451310,-0.042859,-0.034942,-0.014821,0.073037,-0.996607,50.139198,0.000000
34094,0.013522,0.451312,-0.042863,-0.034902,-0.014825,0.072957,-0.996614,49.990540,0.000343
34098,0.013498,0.451317,-0.042873,-0.034777,-0.014892,0.072700,-0.996636,49.863853,0.000343
34101,0.013474,0.451313,-0.042879,-0.034670,-0.014884,0.072625,-0.996645,49.729271,0.000000
34105,0.013448,0.451314,-0.042889,-0.034548,-0.014917,0.072379,-0.996667,49.590569,0.000000
34108,0.013429,0.451316,-0.042896,-0.034478,-0.014947,0.072300,-0.996675,49.451523,0.000000
34112,0.013400,0.451319,-0.042907,-0.034475,-0.014888,0.072065,-0.996693,49.307327,0.000343
34115,0.013379,0.451321,-0.042915,-0.034480,-0.014851,0.071977,-0.996700,49.189568,0.000000
34119,0.013348,0.451320,-0.042923,-0.034265,-0.014931,0.071693,-0.996726,49.038162,0.000343
34123,0.013311,0.451315,-0.042933,-0.034176,-0.014922,0.071589,-0.996737,48.903580,0.000000
34126,0.013289,0.451320,-0.042946,-0.034132,-0.014904,0.071358,-0.996755,48.756294,0.000343
34130,0.013257,0.451320,-0.042964,-0.033922,-0.015052,0.071218,-0.996770,48.610725,0.000343
34133,0.013234,0.451323,-0.042982,-0.033856,-0.015013,0.071007,-0.996788,48.466873,0.000343
34137,0.013190,0.451317,-0.043012,-0.033940,-0.014834,0.070853,-0.996799,48.325768,0.000343
34140,0.013168,0.451319,-0.043030,-0.033726,-0.014911,0.070611,-0.996822,48.191872,0.000000
34144,0.013140,0.451319,-0.043051,-0.033658,-0.014892,0.070505,-0.996832,48.067245,0.000343
34148,0.013111,0.451318,-0.043065,-0.033427,-0.014975,0.070266,-0.996856,47.929573,0.000343
34151,0.013090,0.451317,-0.043074,-0.033415,-0.014962,0.070184,-0.996862,47.796021,0.000343
34155,0.013059,0.451319,-0.043082,-0.033381,-0.014922,0.069911,-0.996883,47.665558,0.000343
34158,0.013032,0.451315,-0.043089,-0.033455,-0.014830,0.069858,-0.996886,47.517242,0.000343
34162,0.013006,0.451315,-0.043097,-0.033230,-0.014916,0.069555,-0.996913,47.370987,0.000343
34165,0.012988,0.451318,-0.043101,-0.033253,-0.014934,0.069510,-0.996915,47.228851,0.000343
34169,0.012947,0.451312,-0.043121,-0.033052,-0.014861,0.069234,-0.996942,47.079506,0.000343
34172,0.012928,0.451316,-0.043133,-0.033119,-0.014846,0.069169,-0.996945,46.939087,0.000000
34176,0.012900,0.451319,-0.043149,-0.032871,-0.014940,0.068911,-0.996969,46.793861,0.000000
34179,0.012879,0.451320,-0.043161,-0.032909,-0.014882,0.068827,-0.996975,46.674385,0.000343
34183,0.012848,0.451320,-0.043175,-0.032657,-0.014992,0.068579,-0.996998,46.550102,0.000343
34186,0.012831,0.451323,-0.043185,-0.032690,-0.014976,0.068502,-0.997003,46.415520,0.000343
34190,0.012795,0.451322,-0.043201,-0.032613,-0.014883,0.068248,-0.997024,46.274071,0.000000
34194,0.012757,0.451319,-0.043209,-0.032412,-0.014945,0.068076,-0.997042,46.105843,0.000687
34197,0.012730,0.451321,-0.043214,-0.032238,-0.015020,0.067856,-0.997061,45.970917,0.000000
34201,0.012685,0.451320,-0.043224,-0.032217,-0.014921,0.067684,-0.997075,45.811272,0.000000
34204,0.012656,0.451320,-0.043234,-0.032188,-0.014897,0.067428,-0.997094,45.688019,0.000343
34208,0.012626,0.451322,-0.043249,-0.032003,-0.014991,0.067281,-0.997108,45.556526,0.000000
34211,0.012603,0.451321,-0.043264,-0.031850,-0.015026,0.067106,-0.997124,45.430183,0.000343
34215,0.012570,0.451318,-0.043293,-0.031900,-0.014944,0.066978,-0.997132,45.301094,0.000000
34219,0.012553,0.451326,-0.043314,-0.031679,-0.014993,0.066740,-0.997155,45.152779,0.000343
34222,0.012537,0.451327,-0.043331,-0.031719,-0.014959,0.066620,-0.997162,45.026436,0.000343
34225,0.012510,0.451324,-0.043349,-0.031487,-0.014984,0.066411,-0.997183,44.865417,0.000343
34229,0.012485,0.451325,-0.043359,-0.031447,-0.014960,0.066281,-0.997193,44.733582,0.000343
34233,0.012454,0.451324,-0.043367,-0.031271,-0.014972,0.065998,-0.997217,44.579086,0.000343
34236,0.012433,0.451324,-0.043367,-0.031298,-0.014968,0.065883,-0.997224,44.435234,0.000000
34240,0.012406,0.451325,-0.043368,-0.031169,-0.015003,0.065624,-0.997245,44.292068,0.000343
34243,0.012386,0.451327,-0.043369,-0.031231,-0.014982,0.065572,-0.997247,44.147186,0.000343
34247,0.012348,0.451324,-0.043379,-0.031091,-0.014922,0.065295,-0.997270,44.027710,0.000343
34250,0.012324,0.451323,-0.043386,-0.030976,-0.015010,0.065245,-0.997275,43.900337,0.000343
34254,0.012296,0.451324,-0.043407,-0.030830,-0.015035,0.064977,-0.997297,43.779144,0.000343
34258,0.012269,0.451325,-0.043427,-0.030812,-0.015019,0.064850,-0.997306,43.640099,0.000000
34261,0.012247,0.451325,-0.043446,-0.030577,-0.015092,0.064674,-0.997324,43.497963,0.000000
34264,0.012226,0.451327,-0.043463,-0.030565,-0.015122,0.064596,-0.997329,43.329735,0.000000
34268,0.012187,0.451325,-0.043484,-0.030442,-0.015092,0.064313,-0.997351,43.197212,0.000343
34271,0.012162,0.451328,-0.043491,-0.030518,-0.015033,0.064252,-0.997354,43.053703,0.000343
34275,0.012123,0.451324,-0.043505,-0.030333,-0.015042,0.063944,-0.997379,42.910881,0.000000
34279,0.012091,0.451323,-0.043514,-0.030384,-0.014943,0.063851,-0.997385,42.776642,0.000343
34282,0.012071,0.451324,-0.043521,-0.030384,-0.014891,0.063634,-0.997400,42.648926,0.000343
34286,0.012049,0.451325,-0.043528,-0.030225,-0.015017,0.063551,-0.997408,42.523270,0.000343
34289,0.012032,0.451325,-0.043541,-0.030118,-0.015033,0.063364,-0.997423,42.397270,0.000343
34293,0.012005,0.451322,-0.043560,-0.030298,-0.014864,0.063263,-0.997426,42.246552,0.000343
34297,0.011989,0.451329,-0.043576,-0.030055,-0.014973,0.063060,-0.997445,42.109222,0.000343
34300,0.011963,0.451323,-0.043595,-0.029941,-0.014957,0.062922,-0.997457,41.955757,0.000343
34304,0.011934,0.451327,-0.043607,-0.029963,-0.014873,0.062695,-0.997472,41.804352,0.000343
34307,0.011913,0.451326,-0.043616,-0.029942,-0.014840,0.062599,-0.997479,41.662903,0.000000
34311,0.011881,0.451322,-0.043623,-0.029822,-0.014859,0.062333,-0.997499,41.525230,0.000343
34314,0.011853,0.451319,-0.043625,-0.029724,-0.014859,0.062166,-0.997512,41.381035,0.000343
34318,0.011830,0.451319,-0.043632,-0.029562,-0.014968,0.061955,-0.997529,41.270828,0.000343
34321,0.011810,0.451320,-0.043638,-0.029546,-0.014943,0.061908,-0.997533,41.144485,0.000000
34325,0.011775,0.451320,-0.043659,-0.029589,-0.014828,0.061627,-0.997550,41.010590,0.000343
34328,0.011746,0.451319,-0.043675,-0.029480,-0.014827,0.061537,-0.997559,40.864677,0.000343
34332,0.011710,0.451321,-0.043697,-0.029219,-0.014950,0.061245,-0.997583,40.714302,0.000000
34336,0.011665,0.451319,-0.043724,-0.029211,-0.014849,0.061023,-0.997598,40.566673,0.000343
34339,0.011640,0.451320,-0.043742,-0.029119,-0.014866,0.060868,-0.997610,40.414581,0.000343
34343,0.011612,0.451324,-0.043758,-0.029071,-0.014900,0.060697,-0.997622,40.267639,0.000000
34346,0.011583,0.451319,-0.043771,-0.028835,-0.014973,0.060496,-0.997640,40.141983,0.000000
34350,0.011556,0.451320,-0.043782,-0.028858,-0.014908,0.060376,-0.997647,40.016670,0.000343
34353,0.011539,0.451319,-0.043787,-0.028763,-0.014958,0.060176,-0.997661,39.893761,0.000343
34357,0.011517,0.451318,-0.043796,-0.028830,-0.014858,0.060104,-0.997665,39.748192,0.000343
34361,0.011499,0.451316,-0.043805,-0.028624,-0.014927,0.059963,-0.997679,39.595757,0.000343
34364,0.011490,0.451326,-0.043805,-0.028431,-0.015029,0.059881,-0.997687,39.437141,0.000343
34368,0.011455,0.451314,-0.043829,-0.028481,-0.014858,0.059559,-0.997708,39.310799,0.000000
34371,0.011435,0.451314,-0.043835,-0.028404,-0.014899,0.059435,-0.997717,39.175873,0.000343
34375,0.011406,0.451316,-0.043842,-0.028352,-0.014895,0.059211,-0.997732,39.031334,0.000343
34378,0.011382,0.451315,-0.043848,-0.028304,-0.014890,0.059067,-0.997742,38.895035,0.000000
34382,0.011349,0.451319,-0.043850,-0.028056,-0.014979,0.058993,-0.997752,38.765259,0.000343
34385,0.011328,0.451311,-0.043864,-0.028125,-0.014885,0.058756,-0.997765,38.617287,0.000343
34389,0.011297,0.451311,-0.043881,-0.027980,-0.014915,0.058545,-0.997781,38.502617,0.000000
34392,0.011276,0.451316,-0.043888,-0.027864,-0.014911,0.058520,-0.997786,38.362885,0.000343
34396,0.011242,0.451315,-0.043909,-0.027555,-0.015040,0.058255,-0.997808,38.219032,0.000343
34399,0.011220,0.451318,-0.043928,-0.027604,-0.014994,0.058162,-0.997813,38.084450,0.000343
34403,0.011176,0.451306,-0.043957,-0.027512,-0.014941,0.057789,-0.997838,37.943687,0.000000
34407,0.011141,0.451318,-0.043974,-0.027225,-0.015071,0.057672,-0.997850,37.802925,0.000343
34410,0.011118,0.451318,-0.043987,-0.027139,-0.015068,0.057514,-0.997862,37.643623,0.000000
34414,0.011082,0.451317,-0.044003,-0.027084,-0.015007,0.057264,-0.997879,37.515907,0.000000
34417,0.011057,0.451317,-0.044011,-0.027126,-0.014972,0.057118,-0.997887,37.375832,0.000343
34421,0.011024,0.451316,-0.044014,-0.026976,-0.015052,0.056905,-0.997902,37.241249,0.000000
34424,0.010989,0.451311,-0.044023,-0.026933,-0.014961,0.056681,-0.997917,37.102203,0.000343
34428,0.010961,0.451307,-0.044023,-0.026716,-0.015112,0.056546,-0.997928,36.964188,0.000000
34432,0.010935,0.451306,-0.044041,-0.026814,-0.014917,0.056366,-0.997939,36.836128,0.000343
34435,0.010922,0.451306,-0.044046,-0.026523,-0.015110,0.056202,-0.997953,36.703606,0.000000
34437,0.010914,0.451305,-0.044055,-0.026568,-0.015048,0.056140,-0.997956,36.551857,0.000000
34437,0.010914,0.451305,-0.044055,-0.026568,-0.015048,0.056140,-0.997956,36.425858,0.000000
34437,0.010914,0.451305,-0.044055,-0.026568,-0.015048,0.056140,-0.997956,36.282692,0.000000
34437,0.010914,0.451305,-0.044055,-0.026568,-0.015048,0.056140,-0.997956,36.137123,0.000343
34437,0.010914,0.451305,-0.044055,-0.026568,-0.015048,0.056140,-0.997956,35.994644,0.000343
34437,0.010914,0.451305,-0.044055,-0.026568,-0.015048,0.056140,-0.997956,35.847702,0.000343
34437,0.010914,0.451305,-0.044055,-0.026568,-0.015048,0.056140,-0.997956,35.696640,0.000343
34437,0.010914,0.451305,-0.044055,-0.026568,-0.015048,0.056140,-0.997956,35.572014,0.000000
34437,0.010914,0.451305,-0.044055,-0.026568,-0.015048,0.056140,-0.997956,35.454941,0.000000
34437,0.010914,0.451305,-0.044055,-0.026568,-0.015048,0.056140,-0.997956,35.323105,0.000000
34437,0.010914,0.451305,-0.044055,-0.026568,-0.015048,0.056140,-0.997956,35.180626,0.000343
34437,0.010914,0.451305,-0.044055,-0.026568,-0.015048,0.056140,-0.997956,35.031967,0.000000
34437,0.010914,0.451305,-0.044055,-0.026568,-0.015048,0.056140,-0.997956,34.887428,0.000000
34437,0.010914,0.451305,-0.044055,-0.026568,-0.015048,0.056140,-0.997956,34.742889,0.000000
34437,0.010914,0.451305,-0.044055,-0.026568,-0.015048,0.056140,-0.997956,34.597664,0.000000
34437,0.010914,0.451305,-0.044055,-0.026568,-0.015048,0.056140,-0.997956,34.464111,0.000343
34437,0.010914,0.451305,-0.044055,-0.026568,-0.015048,0.056140,-0.997956,34.337425,0.000343
34437,0.010914,0.451305,-0.044055,-0.026568,-0.015048,0.056140,-0.997956,34.194946,0.000000
34437,0.010914,0.451305,-0.044055,-0.026568,-0.015048,0.056140,-0.997956,34.060707,0.000000
34437,0.010914,0.451305,-0.044055,-0.026568,-0.015048,0.056140,-0.997956,33.936768,0.000343
34437,0.010914,0.451305,-0.044055,-0.026568,-0.015048,0.056140,-0.997956,33.794632,0.000000
34437,0.010914,0.451305,-0.044055,-0.026568,-0.015048,0.056140,-0.997956,33.653526,0.000000
34437,0.010914,0.451305,-0.044055,-0.026568,-0.015048,0.056140,-0.997956,33.506927,0.000343
34437,0.010914,0.451305,-0.044055,-0.026568,-0.015048,0.056140,-0.997956,33.355179,0.000000
34437,0.010914,0.451305,-0.044055,-0.026568,-0.015048,0.056140,-0.997956,33.203773,0.000343
34437,0.010914,0.451305,-0.044055,-0.026568,-0.015048,0.056140,-0.997956,33.080864,0.000000
34437,0.010914,0.451305,-0.044055,-0.026568,-0.015048,0.056140,-0.997956,32.952461,0.000343
34437,0.010914,0.451305,-0.044055,-0.026568,-0.015048,0.056140,-0.997956,32.824402,0.000000
34437,0.010914,0.451305,-0.044055,-0.026568,-0.015048,0.056140,-0.997956,32.695312,0.000000
34437,0.010914,0.451305,-0.044055,-0.026568,-0.015048,0.056140,-0.997956,32.559357,0.000000
34545,0.010094,0.451282,-0.044454,-0.024125,-0.015046,0.050789,-0.998305,32.402458,0.000000
34548,0.010062,0.451276,-0.044474,-0.024205,-0.014936,0.050682,-0.998310,32.269249,0.000343
34552,0.010030,0.451281,-0.044492,-0.024026,-0.015010,0.050399,-0.998327,32.120590,0.000000
34556,0.009993,0.451281,-0.044505,-0.023897,-0.015038,0.050191,-0.998340,31.975708,0.000000
34559,0.009964,0.451275,-0.044515,-0.023752,-0.015058,0.050033,-0.998352,31.840782,0.000343
34563,0.009940,0.451276,-0.044528,-0.023750,-0.015033,0.049838,-0.998362,31.703110,0.000000
34566,0.009919,0.451273,-0.044535,-0.023688,-0.015006,0.049681,-0.998371,31.558228,0.000000
34570,0.009893,0.451272,-0.044545,-0.023663,-0.014968,0.049492,-0.998382,31.437721,0.000000
34573,0.009872,0.451265,-0.044554,-0.023449,-0.014988,0.049322,-0.998395,31.307259,0.000000
34577,0.009853,0.451266,-0.044563,-0.023324,-0.015096,0.049163,-0.998404,31.175423,0.000000
34580,0.009835,0.451267,-0.044573,-0.023243,-0.015062,0.048980,-0.998416,31.033974,0.000000
34584,0.009804,0.451264,-0.044591,-0.023417,-0.014875,0.048821,-0.998422,30.884285,0.000000
34588,0.009774,0.451263,-0.044603,-0.023286,-0.014911,0.048686,-0.998431,30.744209,0.000000
34591,0.009751,0.451262,-0.044614,-0.023226,-0.014887,0.048499,-0.998442,30.604477,0.000000
34595,0.009726,0.451260,-0.044624,-0.023121,-0.014886,0.048330,-0.998453,30.451698,0.000000
34598,0.009711,0.451262,-0.044626,-0.022886,-0.015042,0.048209,-0.998462,30.316772,0.000000
34602,0.009679,0.451255,-0.044640,-0.022957,-0.014879,0.048014,-0.998472,30.190773,0.000000
34605,0.009658,0.451254,-0.044648,-0.022895,-0.014876,0.047876,-0.998480,30.058250,0.000000
34609,0.009634,0.451255,-0.044655,-0.022712,-0.014978,0.047707,-0.998491,29.929161,0.000000
34612,0.009611,0.451252,-0.044667,-0.022708,-0.014904,0.047551,-0.998499,29.794579,0.000000
34616,0.009571,0.451250,-0.044683,-0.022540,-0.014953,0.047359,-0.998512,29.648323,0.000000
34619,0.009547,0.451254,-0.044699,-0.022532,-0.014922,0.047217,-0.998519,29.476318,0.000000
34623,0.009504,0.451253,-0.044725,-0.022419,-0.014891,0.046937,-0.998535,29.347572,0.000343
34627,0.009466,0.451248,-0.044750,-0.022173,-0.014973,0.046717,-0.998550,29.209900,0.000000
34630,0.009442,0.451246,-0.044768,-0.022140,-0.014952,0.046593,-0.998557,29.077377,0.000000
34634,0.009408,0.451247,-0.044790,-0.022020,-0.014949,0.046364,-0.998570,28.946571,0.000343
34637,0.009386,0.451247,-0.044803,-0.022053,-0.014908,0.046267,-0.998574,28.818512,0.000000
34641,0.009360,0.451244,-0.044814,-0.021775,-0.015004,0.046049,-0.998589,28.678436,0.000000
34644,0.009345,0.451246,-0.044819,-0.021789,-0.014974,0.045924,-0.998595,28.553467,0.000000
34648,0.009317,0.451241,-0.044826,-0.021796,-0.014914,0.045750,-0.998604,28.410645,0.000000
34652,0.009298,0.451242,-0.044826,-0.021717,-0.014966,0.045653,-0.998609,28.264732,0.000000
34655,0.009273,0.451238,-0.044830,-0.021493,-0.015024,0.045438,-0.998623,28.118477,0.000000
34659,0.009237,0.451235,-0.044836,-0.021543,-0.014942,0.045290,-0.998630,27.961578,0.000000
34662,0.009216,0.451236,-0.044844,-0.021492,-0.014942,0.045070,-0.998641,27.825279,0.000000
34666,0.009185,0.451233,-0.044855,-0.021371,-0.014990,0.044949,-0.998648,27.688293,0.000000
34669,0.009165,0.451235,-0.044869,-0.021273,-0.015006,0.044736,-0.998660,27.549591,0.000000
34673,0.009133,0.451234,-0.044890,-0.021119,-0.015008,0.044583,-0.998670,27.423935,0.000000
34676,0.009115,0.451235,-0.044902,-0.020993,-0.015104,0.044450,-0.998677,27.305489,0.000343
34680,0.009082,0.451233,-0.044926,-0.021115,-0.014927,0.044247,-0.998686,27.174339,0.000000
34683,0.009056,0.451231,-0.044940,-0.020959,-0.014981,0.044136,-0.998693,27.028770,0.000000
34687,0.009027,0.451233,-0.044956,-0.020755,-0.015058,0.043918,-0.998706,26.873932,0.000000
34691,0.008987,0.451231,-0.044978,-0.020728,-0.014948,0.043636,-0.998721,26.739006,0.000000
34694,0.008962,0.451231,-0.044989,-0.020788,-0.014872,0.043530,-0.998725,26.596527,0.000000
34698,0.008930,0.451230,-0.045005,-0.020531,-0.015017,0.043248,-0.998740,26.451645,0.000000
34701,0.008905,0.451227,-0.045017,-0.020421,-0.015018,0.043149,-0.998747,26.315346,0.000000
34705,0.008872,0.451224,-0.045033,-0.020326,-0.015011,0.042888,-0.998760,26.184883,0.000000
34708,0.008857,0.451225,-0.045042,-0.020322,-0.014966,0.042738,-0.998768,26.053734,0.000000
34712,0.008827,0.451223,-0.045055,-0.020141,-0.015046,0.042550,-0.998778,25.916748,0.000000
34716,0.008801,0.451222,-0.045067,-0.020169,-0.014961,0.042403,-0.998785,25.766029,0.000000
34719,0.008781,0.451222,-0.045071,-0.019974,-0.015065,0.042208,-0.998796,25.642090,0.000000
34722,0.008760,0.451221,-0.045075,-0.019878,-0.015069,0.042071,-0.998803,25.506134,0.000000
34726,0.008729,0.451218,-0.045083,-0.019941,-0.015000,0.041859,-0.998812,25.371552,0.000000
34730,0.008701,0.451216,-0.045092,-0.019846,-0.015007,0.041721,-0.998820,25.225983,0.000000
34733,0.008678,0.451214,-0.045101,-0.019632,-0.015038,0.041485,-0.998833,25.093117,-0.000343
34737,0.008642,0.451210,-0.045113,-0.019679,-0.014975,0.041347,-0.998839,24.942741,0.000000
34740,0.008620,0.451212,-0.045123,-0.019524,-0.015062,0.041184,-0.998847,24.813652,0.000000
34744,0.008590,0.451211,-0.045143,-0.019513,-0.014994,0.041064,-0.998854,24.674950,0.000000
34747,0.008562,0.451207,-0.045159,-0.019384,-0.015032,0.040888,-0.998863,24.534187,0.000343
34751,0.008532,0.451205,-0.045184,-0.019401,-0.014912,0.040738,-0.998870,24.393425,-0.000343
34755,0.008503,0.451201,-0.045204,-0.019125,-0.015000,0.040447,-0.998886,24.253006,0.000000
34758,0.008482,0.451202,-0.045216,-0.019114,-0.014958,0.040379,-0.998890,24.115334,0.000000
34762,0.008456,0.451200,-0.045234,-0.018928,-0.015036,0.040112,-0.998903,23.961182,-0.000343
34765,0.008438,0.451202,-0.045242,-0.018987,-0.014975,0.040045,-0.998905,23.820763,0.000000
34769,0.008398,0.451195,-0.045260,-0.018788,-0.014988,0.039791,-0.998919,23.692360,0.000000
34772,0.008379,0.451195,-0.045265,-0.018788,-0.014951,0.039691,-0.998924,23.558121,0.000000
34776,0.008355,0.451194,-0.045273,-0.018486,-0.015143,0.039445,-0.998936,23.438301,0.000000
34779,0.008332,0.451193,-0.045285,-0.018605,-0.014975,0.039360,-0.998940,23.298225,0.000000
34783,0.008304,0.451192,-0.045295,-0.018477,-0.015050,0.039131,-0.998950,23.165016,-0.000343
34787,0.008278,0.451190,-0.045307,-0.018485,-0.014990,0.039018,-0.998955,23.016357,0.000000
34790,0.008259,0.451187,-0.045314,-0.018344,-0.014989,0.038801,-0.998966,22.888985,0.000000
34793,0.008234,0.451182,-0.045319,-0.018171,-0.015082,0.038682,-0.998973,22.730026,0.000000
34797,0.008207,0.451182,-0.045330,-0.018155,-0.015013,0.038475,-0.998982,22.610207,0.000000
34801,0.008173,0.451177,-0.045340,-0.018177,-0.014970,0.038405,-0.998985,22.468414,-0.000343
34804,0.008148,0.451175,-0.045347,-0.017939,-0.015074,0.038129,-0.998998,22.333145,0.000000
34808,0.008123,0.451175,-0.045357,-0.018042,-0.015001,0.038083,-0.998999,22.193413,0.000000
34811,0.008092,0.451171,-0.045371,-0.017810,-0.015101,0.037860,-0.999010,22.026901,0.000000
34815,0.008052,0.451170,-0.045392,-0.017945,-0.014976,0.037726,-0.999015,21.893005,0.000000
34818,0.008024,0.451165,-0.045412,-0.017716,-0.015035,0.037513,-0.999026,21.755676,0.000000
34822,0.007997,0.451168,-0.045432,-0.017638,-0.015084,0.037328,-0.999034,21.632080,0.000000
34825,0.007974,0.451165,-0.045452,-0.017529,-0.015044,0.037165,-0.999042,21.500587,0.000000
34829,0.007951,0.451165,-0.045474,-0.017567,-0.014987,0.037048,-0.999047,21.361198,0.000000
34833,0.007929,0.451164,-0.045487,-0.017407,-0.015039,0.036754,-0.999060,21.251678,0.000000
34836,0.007912,0.451160,-0.045490,-0.017355,-0.015021,0.036698,-0.999063,21.108170,0.000000
34840,0.007886,0.451157,-0.045495,-0.017183,-0.015104,0.036422,-0.999075,20.966377,0.000000
34843,0.007869,0.451158,-0.045494,-0.017273,-0.015061,0.036308,-0.999078,20.811882,0.000000
34847,0.007831,0.451152,-0.045503,-0.017164,-0.014984,0.036040,-0.999091,20.651550,0.000000
34850,0.007805,0.451151,-0.045507,-0.017197,-0.014920,0.035925,-0.999095,20.525208,-0.000343
34854,0.007773,0.451149,-0.045517,-0.016848,-0.015085,0.035674,-0.999108,20.387192,0.000000
34857,0.007749,0.451148,-0.045529,-0.016824,-0.015043,0.035541,-0.999113,20.254669,0.000000
34861,0.007716,0.451146,-0.045550,-0.016790,-0.014988,0.035268,-0.999124,20.134506,-0.000343
34865,0.007691,0.451149,-0.045566,-0.016617,-0.015125,0.035176,-0.999129,19.995117,0.000000
34868,0.007665,0.451142,-0.045587,-0.016511,-0.015030,0.034872,-0.999142,19.867744,-0.000343
34872,0.007634,0.451143,-0.045607,-0.016629,-0.014979,0.034786,-0.999144,19.723892,0.000000
34875,0.007603,0.451138,-0.045620,-0.016291,-0.015087,0.034511,-0.999158,19.578323,0.000000
34879,0.007569,0.451137,-0.045635,-0.016357,-0.014969,0.034368,-0.999163,19.433098,-0.000343
34882,0.007543,0.451135,-0.045644,-0.016194,-0.015019,0.034150,-0.999173,19.290619,-0.000343
34886,0.007512,0.451134,-0.045654,-0.016151,-0.015055,0.034044,-0.999176,19.150200,0.000000
34890,0.007467,0.451123,-0.045673,-0.015974,-0.015039,0.033719,-0.999191,18.998795,0.000000
34893,0.007441,0.451122,-0.045686,-0.015981,-0.014956,0.033611,-0.999195,18.871765,0.000000
34897,0.007419,0.451125,-0.045703,-0.015809,-0.015006,0.033345,-0.999206,18.751602,-0.000343
34900,0.007400,0.451118,-0.045714,-0.015764,-0.015031,0.033333,-0.999207,18.616333,-0.000343
34904,0.007377,0.451116,-0.045732,-0.015640,-0.014994,0.033087,-0.999218,18.492393,0.000000
34907,0.007369,0.451121,-0.045737,-0.015681,-0.014998,0.033014,-0.999219,18.344765,-0.000343
34911,0.007342,0.451115,-0.045754,-0.015512,-0.014999,0.032732,-0.999231,18.196449,0.000000
34914,0.007317,0.451110,-0.045756,-0.015445,-0.015009,0.032709,-0.999233,18.054657,0.000000
34918,0.007290,0.451107,-0.045762,-0.015299,-0.015050,0.032413,-0.999244,17.912178,-0.000343
34921,0.007270,0.451111,-0.045764,-0.015383,-0.014988,0.032343,-0.999246,17.770729,-0.000343
34925,0.007230,0.451104,-0.045778,-0.015263,-0.014939,0.032076,-0.999257,17.628593,0.000000
34928,0.007202,0.451098,-0.045787,-0.015214,-0.014943,0.031977,-0.999261,17.519417,0.000000
34932,0.007180,0.451101,-0.045800,-0.014897,-0.015149,0.031815,-0.999268,17.390327,-0.000343
34936,0.007145,0.451094,-0.045826,-0.015030,-0.015009,0.031681,-0.999272,17.258148,-0.000343
34939,0.007122,0.451094,-0.045846,-0.014840,-0.015068,0.031443,-0.999282,17.116356,0.000000
34943,0.007090,0.451094,-0.045868,-0.014759,-0.015053,0.031283,-0.999288,16.967010,-0.000343
34946,0.007056,0.451091,-0.045885,-0.014621,-0.015105,0.031056,-0.999297,16.814575,0.000000
34950,0.007017,0.451085,-0.045903,-0.014665,-0.015023,0.030929,-0.999301,16.675873,0.000000
34953,0.006992,0.451087,-0.045913,-0.014510,-0.015083,0.030703,-0.999309,16.518974,-0.000343
34957,0.006959,0.451086,-0.045922,-0.014456,-0.015085,0.030546,-0.999315,16.399155,0.000000
34960,0.006930,0.451081,-0.045936,-0.014320,-0.015065,0.030348,-0.999323,16.275902,0.000000
34964,0.006906,0.451080,-0.045944,-0.014291,-0.015117,0.030220,-0.999327,16.138916,-0.000343
34968,0.006869,0.451078,-0.045962,-0.014272,-0.014979,0.029883,-0.999339,16.007080,-0.000343
34971,0.006849,0.451084,-0.045963,-0.013981,-0.015123,0.029935,-0.999340,15.866318,0.000000
34974,0.006831,0.451074,-0.045979,-0.014083,-0.015011,0.029571,-0.999351,15.725899,-0.000343
34978,0.006810,0.451081,-0.045984,-0.013695,-0.015188,0.029561,-0.999354,15.577240,-0.000343
34982,0.006785,0.451069,-0.046004,-0.013809,-0.015012,0.029168,-0.999366,15.438194,-0.000343
34985,0.006765,0.451067,-0.046006,-0.013772,-0.015035,0.029085,-0.999369,15.316658,-0.000343
34989,0.006737,0.451064,-0.046014,-0.013614,-0.015100,0.028830,-0.999378,15.173836,-0.000343
34992,0.006714,0.451073,-0.046013,-0.013584,-0.015032,0.028870,-0.999378,15.036850,0.000000
34996,0.006683,0.451072,-0.046023,-0.013356,-0.015182,0.028590,-0.999387,14.897461,-0.000343
34999,0.006660,0.451062,-0.046043,-0.013526,-0.015039,0.028405,-0.999392,14.761848,0.000000
35003,0.006621,0.451057,-0.046070,-0.013409,-0.014994,0.028141,-0.999402,14.623489,0.000000
35006,0.006593,0.451066,-0.046081,-0.013201,-0.015055,0.028191,-0.999402,14.483414,-0.000343
35010,0.006561,0.451063,-0.046104,-0.012844,-0.015237,0.027939,-0.999411,14.355698,-0.000343
35014,0.006524,0.451060,-0.046126,-0.012931,-0.015105,0.027828,-0.999415,14.221458,-0.000343
35017,0.006504,0.451061,-0.046138,-0.012883,-0.015096,0.027583,-0.999423,14.086189,-0.000343
35021,0.006476,0.451057,-0.046149,-0.012692,-0.015169,0.027477,-0.999427,13.944740,-0.000343
35025,0.006444,0.451055,-0.046158,-0.012726,-0.015031,0.027232,-0.999435,13.790932,-0.000343
35028,0.006424,0.451052,-0.046160,-0.012653,-0.015052,0.027137,-0.999438,13.669052,-0.000343
35031,0.006404,0.451048,-0.046162,-0.012397,-0.015174,0.026856,-0.999447,13.529320,-0.000343
35035,0.006370,0.451044,-0.046173,-0.012419,-0.015070,0.026740,-0.999452,13.383751,-0.000343
35039,0.006341,0.451042,-0.046189,-0.012342,-0.015073,0.026450,-0.999460,13.241272,-0.000343
35042,0.006321,0.451039,-0.046198,-0.012186,-0.015118,0.026330,-0.999465,13.113899,-0.000343
35046,0.006297,0.451040,-0.046219,-0.012145,-0.015071,0.026075,-0.999473,12.966957,-0.000343
35049,0.006276,0.451036,-0.046236,-0.012229,-0.014923,0.026003,-0.999476,12.836494,0.000000
35053,0.006250,0.451033,-0.046251,-0.011873,-0.015116,0.025791,-0.999483,12.704659,-0.000343
35056,0.006234,0.451032,-0.046262,-0.012004,-0.014985,0.025716,-0.999485,12.575226,-0.000343
35060,0.006200,0.451023,-0.046275,-0.011767,-0.015035,0.025473,-0.999493,12.439270,-0.000343
35063,0.006183,0.451023,-0.046276,-0.011753,-0.015035,0.025398,-0.999495,12.293701,0.000000
35067,0.006155,0.451020,-0.046285,-0.011569,-0.015134,0.025135,-0.999503,12.146416,-0.000343
35071,0.006118,0.451011,-0.046299,-0.011612,-0.015022,0.024981,-0.999508,12.004280,0.000000
35074,0.006093,0.451012,-0.046311,-0.011568,-0.015037,0.024792,-0.999513,11.870384,-0.000343
35078,0.006061,0.451009,-0.046327,-0.011583,-0.015010,0.024675,-0.999516,11.725502,-0.000343
35081,0.006031,0.451002,-0.046345,-0.011365,-0.015034,0.024476,-0.999523,11.608772,0.000000
35085,0.006002,0.451003,-0.046363,-0.011278,-0.015107,0.024388,-0.999525,11.476250,0.000000
35088,0.005977,0.451002,-0.046384,-0.011257,-0.015057,0.024176,-0.999531,11.347160,0.000000
35092,0.005942,0.450998,-0.046403,-0.011176,-0.015054,0.024043,-0.999535,11.217728,-0.000343
35095,0.005918,0.450994,-0.046419,-0.011051,-0.015037,0.023807,-0.999542,11.071815,-0.000343
35099,0.005888,0.450992,-0.046430,-0.010944,-0.015126,0.023685,-0.999545,10.907021,0.000000
35102,0.005861,0.450987,-0.046440,-0.010809,-0.015108,0.023457,-0.999552,10.766258,0.000000
35106,0.005831,0.450983,-0.046448,-0.010878,-0.014996,0.023303,-0.999557,10.623093,0.000000
35109,0.005810,0.450982,-0.046454,-0.010678,-0.015114,0.023076,-0.999562,10.486450,0.000000
35113,0.005781,0.450977,-0.046465,-0.010612,-0.015034,0.022929,-0.999568,10.349808,0.000000
35117,0.005757,0.450974,-0.046479,-0.010455,-0.015083,0.022650,-0.999575,10.229301,0.000000
35120,0.005736,0.450974,-0.046487,-0.010451,-0.015066,0.022547,-0.999578,10.106392,0.000000
35124,0.005706,0.450970,-0.046504,-0.010421,-0.014979,0.022238,-0.999586,9.984512,-0.000343
35127,0.005682,0.450967,-0.046511,-0.010331,-0.015009,0.022189,-0.999588,9.846840,0.000000
35131,0.005655,0.450967,-0.046523,-0.010070,-0.015128,0.021866,-0.999596,9.685478,0.000000
35134,0.005633,0.450964,-0.046534,-0.010078,-0.015082,0.021796,-0.999598,9.538193,0.000000
35138,0.005597,0.450961,-0.046550,-0.010037,-0.015021,0.021479,-0.999606,9.391937,0.000000
35141,0.005569,0.450956,-0.046565,-0.009916,-0.015022,0.021366,-0.999610,9.256325,0.000000
35145,0.005537,0.450953,-0.046583,-0.009647,-0.015109,0.021072,-0.999617,9.124832,-0.000343
35149,0.005501,0.450954,-0.046596,-0.009703,-0.015037,0.020875,-0.999622,8.994026,-0.000343
35152,0.005477,0.450947,-0.046618,-0.009532,-0.015056,0.020686,-0.999627,8.851891,0.000000
35156,0.005446,0.450946,-0.046635,-0.009493,-0.015074,0.020617,-0.999629,8.738594,-0.000343
35159,0.005420,0.450942,-0.046648,-0.009338,-0.015069,0.020385,-0.999635,8.589249,-0.000343
35163,0.005393,0.450943,-0.046660,-0.009305,-0.015085,0.020297,-0.999637,8.462563,0.000000
35166,0.005369,0.450940,-0.046670,-0.009124,-0.015110,0.020049,-0.999643,8.318024,-0.000343
35170,0.005335,0.450936,-0.046678,-0.009186,-0.015048,0.019889,-0.999647,8.174858,-0.000343
35173,0.005316,0.450936,-0.046686,-0.009136,-0.015007,0.019690,-0.999652,8.035126,-0.000343
35177,0.005293,0.450931,-0.046700,-0.008982,-0.015080,0.019565,-0.999655,7.897453,-0.000343
35181,0.005270,0.450933,-0.046710,-0.008903,-0.015061,0.019331,-0.999660,7.747421,0.000000
35184,0.005251,0.450924,-0.046727,-0.008851,-0.015018,0.019258,-0.999663,7.631035,-0.000343
35188,0.005230,0.450927,-0.046739,-0.008681,-0.015039,0.018950,-0.999670,7.506065,0.000000
35191,0.005210,0.450922,-0.046749,-0.008816,-0.014958,0.018944,-0.999670,7.371140,0.000000
35195,0.005181,0.450920,-0.046754,-0.008531,-0.015093,0.018672,-0.999675,7.234497,-0.000343
35198,0.005156,0.450917,-0.046762,-0.008614,-0.014991,0.018625,-0.999677,7.086868,0.000000
35202,0.005121,0.450911,-0.046774,-0.008484,-0.014992,0.018308,-0.999684,6.922417,0.000000
35205,0.005095,0.450910,-0.046779,-0.008481,-0.014966,0.018225,-0.999686,6.799507,-0.000343
35209,0.005062,0.450903,-0.046797,-0.008203,-0.015035,0.017943,-0.999692,6.659088,-0.000343
35213,0.005030,0.450900,-0.046816,-0.008290,-0.014893,0.017792,-0.999696,6.521416,-0.000343
35216,0.005004,0.450899,-0.046831,-0.008152,-0.014945,0.017611,-0.999700,6.392670,-0.000343
35220,0.004973,0.450894,-0.046850,-0.007984,-0.015034,0.017473,-0.999702,6.269417,0.000000
35223,0.004944,0.450892,-0.046869,-0.007826,-0.015052,0.017272,-0.999707,6.136208,0.000000
35227,0.004915,0.450893,-0.046886,-0.007904,-0.014998,0.017134,-0.999710,5.997505,-0.000343
35230,0.004887,0.450887,-0.046906,-0.007773,-0.015040,0.016982,-0.999713,5.846443,-0.000343
35234,0.004853,0.450883,-0.046922,-0.007623,-0.015054,0.016826,-0.999716,5.703621,-0.000343
35237,0.004827,0.450880,-0.046937,-0.007520,-0.015055,0.016619,-0.999720,5.580711,0.000000
35241,0.004796,0.450879,-0.046949,-0.007543,-0.015016,0.016514,-0.999722,5.442009,-0.000343
35244,0.004774,0.450874,-0.046957,-0.007221,-0.015175,0.016280,-0.999726,5.302620,-0.000343
35248,0.004743,0.450867,-0.046970,-0.007317,-0.015037,0.016196,-0.999729,5.157738,0.000000
35252,0.004725,0.450865,-0.046980,-0.007224,-0.015079,0.015972,-0.999733,5.020409,-0.000343
35255,0.004707,0.450864,-0.046983,-0.007098,-0.015093,0.015892,-0.999735,4.872437,0.000000
35259,0.004678,0.450857,-0.046992,-0.007040,-0.015028,0.015626,-0.999740,4.755707,-0.000343
35262,0.004659,0.450853,-0.046994,-0.007109,-0.014962,0.015539,-0.999742,4.613914,0.000000
35266,0.004632,0.450852,-0.046998,-0.006763,-0.015153,0.015294,-0.999745,4.476585,-0.000343
35269,0.004608,0.450845,-0.047006,-0.006851,-0.015051,0.015230,-0.999747,4.348183,0.000000
35273,0.004581,0.450844,-0.047020,-0.006798,-0.015036,0.014947,-0.999752,4.215660,-0.000343
35276,0.004558,0.450843,-0.047031,-0.006781,-0.015023,0.014910,-0.999753,4.070435,0.000000
35280,0.004523,0.450839,-0.047051,-0.006715,-0.015039,0.014659,-0.999757,3.924522,0.000000
35284,0.004489,0.450836,-0.047074,-0.006548,-0.015074,0.014499,-0.999760,3.795433,0.000000
35287,0.004466,0.450833,-0.047091,-0.006371,-0.015119,0.014307,-0.999763,3.659134,-0.000343
35291,0.004436,0.450828,-0.047112,-0.006422,-0.015031,0.014192,-0.999766,3.518715,-0.000343
35294,0.004412,0.450829,-0.047130,-0.006386,-0.014984,0.013946,-0.999770,3.377953,0.000000
35298,0.004386,0.450827,-0.047143,-0.006294,-0.015042,0.013822,-0.999772,3.241997,-0.000343
35301,0.004360,0.450822,-0.047153,-0.006049,-0.015095,0.013581,-0.999776,3.105354,0.000000
35305,0.004333,0.450819,-0.047161,-0.006145,-0.014997,0.013501,-0.999777,2.985191,0.000000
35308,0.004316,0.450818,-0.047167,-0.006064,-0.014990,0.013284,-0.999781,2.853699,0.000000
35312,0.004294,0.450818,-0.047172,-0.006020,-0.015022,0.013178,-0.999782,2.710190,0.000000
35316,0.004261,0.450808,-0.047188,-0.005823,-0.015005,0.012974,-0.999786,2.572517,0.000000
35319,0.004244,0.450810,-0.047197,-0.005834,-0.014983,0.012857,-0.999788,2.433472,0.000000
35323,0.004215,0.450806,-0.047211,-0.005720,-0.015016,0.012617,-0.999791,2.274513,0.000000
35326,0.004191,0.450804,-0.047218,-0.005708,-0.014989,0.012469,-0.999794,2.146797,-0.000343
35330,0.004158,0.450798,-0.047234,-0.005378,-0.015088,0.012210,-0.999797,2.007408,0.000000
35333,0.004141,0.450798,-0.047241,-0.005416,-0.015068,0.012116,-0.999798,1.881409,0.000000
35337,0.004109,0.450793,-0.047256,-0.005296,-0.015006,0.011814,-0.999804,1.754036,0.000000
35340,0.004087,0.450790,-0.047266,-0.005353,-0.014935,0.011786,-0.999805,1.627350,0.000000
35344,0.004063,0.450786,-0.047277,-0.004979,-0.015118,0.011542,-0.999807,1.486244,0.000000
35347,0.004038,0.450784,-0.047290,-0.005148,-0.014966,0.011502,-0.999809,1.343422,0.000000
35351,0.004005,0.450778,-0.047306,-0.004887,-0.015078,0.011217,-0.999811,1.189613,0.000000
35355,0.003976,0.450774,-0.047323,-0.004871,-0.015079,0.011085,-0.999813,1.058807,0.000000
35358,0.003951,0.450770,-0.047341,-0.004884,-0.014995,0.010890,-0.999816,0.915298,-0.000343
35362,0.003922,0.450765,-0.047358,-0.004692,-0.015063,0.010761,-0.999818,0.772476,0.000000
35365,0.003903,0.450766,-0.047367,-0.004500,-0.015138,0.010561,-0.999820,0.649223,-0.000343
35369,0.003877,0.450762,-0.047381,-0.004654,-0.015000,0.010445,-0.999822,0.505714,0.000000
35372,0.003856,0.450754,-0.047395,-0.004503,-0.015023,0.010283,-0.999824,0.377998,-0.000343
35376,0.003841,0.450754,-0.047401,-0.004374,-0.015158,0.010208,-0.999824,0.259209,0.000000
35379,0.003823,0.450752,-0.047416,-0.004425,-0.015028,0.009992,-0.999827,0.110207,0.000000
35379,0.003823,0.450752,-0.047416,-0.004425,-0.015028,0.009992,-0.999827,-0.012360,0.000000
35379,0.003823,0.450752,-0.047416,-0.004425,-0.015028,0.009992,-0.999827,-0.160332,-0.000343
35379,0.003823,0.450752,-0.047416,-0.004425,-0.015028,0.009992,-0.999827,-0.311050,0.000000
35379,0.003823,0.450752,-0.047416,-0.004425,-0.015028,0.009992,-0.999827,-0.466576,0.000000
35379,0.003823,0.450752,-0.047416,-0.004425,-0.015028,0.009992,-0.999827,-0.603561,0.000000
35379,0.003823,0.450752,-0.047416,-0.004425,-0.015028,0.009992,-0.999827,-0.745354,0.000000
35379,0.003823,0.450752,-0.047416,-0.004425,-0.015028,0.009992,-0.999827,-0.861397,0.000000
35379,0.003823,0.450752,-0.047416,-0.004425,-0.015028,0.009992,-0.999827,-0.970917,0.000000
35379,0.003823,0.450752,-0.047416,-0.004425,-0.015028,0.009992,-0.999827,-1.102753,-0.000343
35379,0.003823,0.450752,-0.047416,-0.004425,-0.015028,0.009992,-0.999827,-1.236992,0.000000
35379,0.003823,0.450752,-0.047416,-0.004425,-0.015028,0.009992,-0.999827,-1.385307,0.000000
35379,0.003823,0.450752,-0.047416,-0.004425,-0.015028,0.009992,-0.999827,-1.528816,0.000000
35379,0.003823,0.450752,-0.047416,-0.004425,-0.015028,0.009992,-0.999827,-1.682968,-0.000343
35379,0.003823,0.450752,-0.047416,-0.004425,-0.015028,0.009992,-0.999827,-1.837807,-0.000343
35379,0.003823,0.450752,-0.047416,-0.004425,-0.015028,0.009992,-0.999827,-1.956940,0.000000
35379,0.003823,0.450752,-0.047416,-0.004425,-0.015028,0.009992,-0.999827,-2.083282,0.000000
35379,0.003823,0.450752,-0.047416,-0.004425,-0.015028,0.009992,-0.999827,-2.206192,-0.000343
35379,0.003823,0.450752,-0.047416,-0.004425,-0.015028,0.009992,-0.999827,-2.336998,0.000000
35379,0.003823,0.450752,-0.047416,-0.004425,-0.015028,0.009992,-0.999827,-2.469864,-0.000343
35379,0.003823,0.450752,-0.047416,-0.004425,-0.015028,0.009992,-0.999827,-2.607193,0.000000
35379,0.003823,0.450752,-0.047416,-0.004425,-0.015028,0.009992,-0.999827,-2.748985,0.000000
35379,0.003823,0.450752,-0.047416,-0.004425,-0.015028,0.009992,-0.999827,-2.902451,0.000000
35379,0.003823,0.450752,-0.047416,-0.004425,-0.015028,0.009992,-0.999827,-3.046989,0.000000
35379,0.003823,0.450752,-0.047416,-0.004425,-0.015028,0.009992,-0.999827,-3.180542,0.000000
35379,0.003823,0.450752,-0.047416,-0.004425,-0.015028,0.009992,-0.999827,-3.312378,0.000000
35379,0.003823,0.450752,-0.047416,-0.004425,-0.015028,0.009992,-0.999827,-3.442497,0.000000
35379,0.003823,0.450752,-0.047416,-0.004425,-0.015028,0.009992,-0.999827,-3.571243,0.000000
35379,0.003823,0.450752,-0.047416,-0.004425,-0.015028,0.009992,-0.999827,-3.698959,0.000000
35379,0.003823,0.450752,-0.047416,-0.004425,-0.015028,0.009992,-0.999827,-3.833199,0.000343
35486,0.003017,0.450641,-0.047799,-0.001865,-0.015003,0.004647,-0.999875,-3.974648,0.000000
35489,0.002993,0.450640,-0.047809,-0.001858,-0.015001,0.004569,-0.999875,-4.122963,0.000000
35493,0.002954,0.450632,-0.047830,-0.001744,-0.014947,0.004254,-0.999878,-4.267159,0.000000
35497,0.002924,0.450632,-0.047842,-0.001635,-0.015011,0.004061,-0.999878,-4.414787,0.000000
35500,0.002901,0.450628,-0.047849,-0.001406,-0.015127,0.003875,-0.999877,-4.542847,0.000000
35504,0.002870,0.450618,-0.047862,-0.001466,-0.014963,0.003710,-0.999880,-4.699059,0.000000
35507,0.002853,0.450619,-0.047868,-0.001338,-0.015049,0.003495,-0.999880,-4.818535,0.000000
35511,0.002832,0.450615,-0.047880,-0.001306,-0.015016,0.003371,-0.999881,-4.942474,0.000000
35514,0.002814,0.450611,-0.047889,-0.001108,-0.015052,0.003207,-0.999881,-5.069847,0.000000
35518,0.002795,0.450607,-0.047900,-0.001117,-0.014989,0.003122,-0.999882,-5.200996,0.000000
35521,0.002775,0.450604,-0.047911,-0.000981,-0.015015,0.002833,-0.999883,-5.352402,0.000000
35525,0.002751,0.450600,-0.047921,-0.001014,-0.014964,0.002742,-0.999884,-5.481834,0.000000
35528,0.002725,0.450591,-0.047936,-0.000828,-0.015016,0.002543,-0.999884,-5.624313,0.000000
35532,0.002705,0.450594,-0.047948,-0.000697,-0.015101,0.002423,-0.999883,-5.767822,0.000000
35535,0.002684,0.450590,-0.047964,-0.000705,-0.015051,0.002236,-0.999884,-5.901718,0.000000
35539,0.002651,0.450583,-0.047981,-0.000625,-0.015035,0.002098,-0.999885,-6.037331,0.000000
35543,0.002622,0.450582,-0.048000,-0.000527,-0.015079,0.001903,-0.999884,-6.169167,-0.000343
35546,0.002595,0.450577,-0.048013,-0.000419,-0.015084,0.001778,-0.999885,-6.316109,0.000000
35550,0.002562,0.450572,-0.048032,-0.000330,-0.015075,0.001549,-0.999885,-6.435242,0.000000
35553,0.002545,0.450571,-0.048041,-0.000291,-0.015077,0.001480,-0.999885,-6.574287,0.000000
35557,0.002521,0.450565,-0.048053,-0.000169,-0.015070,0.001191,-0.999886,-6.718483,0.000000
35561,0.002501,0.450562,-0.048058,-0.000174,-0.015045,0.001030,-0.999886,-6.861992,0.000000
35564,0.002487,0.450563,-0.048057,0.000054,-0.015205,0.000920,-0.999884,-6.979752,0.000000
35568,0.002460,0.450553,-0.048063,0.000056,-0.015091,0.000765,-0.999886,-7.115021,0.000000
35571,0.002440,0.450552,-0.048063,0.000078,-0.015106,0.000551,-0.999886,-7.250977,0.000000
35575,0.002412,0.450546,-0.048073,0.000187,-0.015115,0.000454,-0.999886,-7.391052,0.000000
35578,0.002383,0.450542,-0.048083,0.000336,-0.015119,0.000272,-0.999886,-7.539711,0.000000
35582,0.002355,0.450534,-0.048106,0.000282,-0.015018,0.000098,-0.999887,-7.667770,0.000000
35585,0.002335,0.450534,-0.048127,0.000352,-0.015046,-0.000113,-0.999887,-7.821579,0.000000
35589,0.002312,0.450537,-0.048144,0.000438,-0.015064,-0.000227,-0.999886,-7.948952,0.000000
35592,0.002286,0.450527,-0.048160,0.000695,-0.015144,-0.000412,-0.999885,-8.082504,0.000000
35596,0.002258,0.450522,-0.048175,0.000680,-0.015027,-0.000543,-0.999887,-8.207817,0.000000
35599,0.002239,0.450518,-0.048182,0.000843,-0.015079,-0.000709,-0.999886,-8.336906,0.000000
35603,0.002212,0.450514,-0.048187,0.000684,-0.014952,-0.000840,-0.999888,-8.471489,0.000000
35607,0.002184,0.450507,-0.048188,0.000976,-0.015095,-0.001106,-0.999885,-8.604355,0.000000
35610,0.002162,0.450506,-0.048197,0.000868,-0.014975,-0.001206,-0.999887,-8.745461,0.000000
35614,0.002116,0.450493,-0.048216,0.000993,-0.014937,-0.001512,-0.999887,-8.908882,0.000000
35617,0.002085,0.450486,-0.048231,0.001083,-0.014922,-0.001637,-0.999887,-9.035912,0.000000
35621,0.002055,0.450491,-0.048258,0.001371,-0.014994,-0.001937,-0.999885,-9.176674,0.000343
35624,0.002030,0.450485,-0.048285,0.001451,-0.014992,-0.002011,-0.999885,-9.311256,0.000000
35628,0.002000,0.450479,-0.048316,0.001570,-0.014970,-0.002271,-0.999884,-9.433136,0.000000
35631,0.001986,0.450480,-0.048329,0.001581,-0.014970,-0.002313,-0.999884,-9.574585,0.000000
35635,0.001964,0.450476,-0.048342,0.001670,-0.014927,-0.002581,-0.999884,-9.694405,0.000000
35639,0.001938,0.450469,-0.048340,0.001749,-0.014974,-0.002731,-0.999883,-9.846840,0.000343
35642,0.001917,0.450465,-0.048337,0.001767,-0.014958,-0.002934,-0.999882,-9.969749,0.000000
35646,0.001890,0.450461,-0.048329,0.001778,-0.014865,-0.003063,-0.999883,-10.108452,0.000000
35649,0.001863,0.450451,-0.048332,0.001927,-0.014918,-0.003246,-0.999882,-10.257797,0.000000
35653,0.001834,0.450451,-0.048338,0.002029,-0.014985,-0.003377,-0.999880,-10.404053,0.000000
35656,0.001807,0.450450,-0.048358,0.002012,-0.014897,-0.003596,-0.999881,-10.547218,0.000000
35660,0.001768,0.450441,-0.048386,0.002056,-0.014874,-0.003767,-0.999880,-10.681801,0.000000
35663,0.001747,0.450439,-0.048408,0.002282,-0.014956,-0.003943,-0.999878,-10.793037,0.000000
35667,0.001720,0.450436,-0.048435,0.002295,-0.014908,-0.004032,-0.999878,-10.920410,0.000000
35671,0.001692,0.450433,-0.048458,0.002287,-0.014827,-0.004241,-0.999878,-11.053276,0.000000
35674,0.001676,0.450431,-0.048469,0.002351,-0.014863,-0.004319,-0.999877,-11.189232,0.000000
35678,0.001648,0.450423,-0.048475,0.002585,-0.014930,-0.004585,-0.999875,-11.322784,0.000000
35681,0.001631,0.450422,-0.048478,0.002477,-0.014838,-0.004653,-0.999876,-11.467323,0.000000
35685,0.001605,0.450412,-0.048483,0.002719,-0.014928,-0.004923,-0.999873,-11.621475,0.000000
35688,0.001584,0.450409,-0.048488,0.002705,-0.014888,-0.005009,-0.999873,-11.768761,0.000000
35692,0.001546,0.450404,-0.048503,0.002740,-0.014822,-0.005318,-0.999872,-11.901970,0.000000
35695,0.001519,0.450400,-0.048509,0.002834,-0.014855,-0.005426,-0.999871,-12.031403,0.000343
35699,0.001484,0.450397,-0.048529,0.003086,-0.014938,-0.005681,-0.999868,-12.156372,0.000000
35702,0.001458,0.450394,-0.048543,0.003091,-0.014878,-0.005778,-0.999868,-12.284431,0.000000
35706,0.001422,0.450381,-0.048570,0.003105,-0.014793,-0.006167,-0.999867,-12.410431,0.000000
35709,0.001402,0.450382,-0.048582,0.003161,-0.014819,-0.006225,-0.999866,-12.548447,0.000343
35713,0.001374,0.450375,-0.048599,0.003188,-0.014805,-0.006502,-0.999864,-12.673759,0.000343
35717,0.001342,0.450377,-0.048607,0.003579,-0.014930,-0.006554,-0.999861,-12.822762,0.000000
35720,0.001316,0.450366,-0.048623,0.003477,-0.014847,-0.006862,-0.999860,-12.984123,0.000000
35724,0.001281,0.450358,-0.048631,0.003528,-0.014817,-0.006977,-0.999860,-13.129005,0.000000
35727,0.001255,0.450353,-0.048641,0.003591,-0.014789,-0.007239,-0.999858,-13.278008,0.000000
35731,0.001231,0.450360,-0.048649,0.003859,-0.014890,-0.007293,-0.999855,-13.390961,0.000343
35734,0.001204,0.450345,-0.048667,0.003971,-0.014919,-0.007579,-0.999852,-13.529663,0.000000
35738,0.001175,0.450346,-0.048683,0.003904,-0.014811,-0.007664,-0.999853,-13.640556,0.000343
35741,0.001153,0.450340,-0.048696,0.004192,-0.014921,-0.007867,-0.999849,-13.760376,0.000343
35745,0.001126,0.450338,-0.048706,0.004244,-0.014926,-0.007946,-0.999848,-13.894272,0.000343
35749,0.001087,0.450329,-0.048723,0.004174,-0.014743,-0.008255,-0.999849,-14.037437,0.000343
35752,0.001064,0.450329,-0.048723,0.004307,-0.014844,-0.008360,-0.999846,-14.190216,0.000000
35756,0.001028,0.450319,-0.048737,0.004480,-0.014901,-0.008607,-0.999842,-14.353294,0.000000
35759,0.001003,0.450315,-0.048745,0.004513,-0.014870,-0.008695,-0.999841,-14.484787,0.000000
35763,0.000975,0.450306,-0.048763,0.004701,-0.014912,-0.008971,-0.999838,-14.618683,0.000000
35766,0.000962,0.450310,-0.048773,0.004725,-0.014925,-0.008995,-0.999837,-14.742622,0.000343
35770,0.000926,0.450298,-0.048802,0.004727,-0.014778,-0.009312,-0.999836,-14.868279,0.000343
35773,0.000906,0.450295,-0.048814,0.004819,-0.014782,-0.009370,-0.999835,-14.990158,0.000343
35777,0.000886,0.450296,-0.048830,0.005098,-0.014889,-0.009591,-0.999830,-15.124741,0.000000
35780,0.000865,0.450292,-0.048839,0.004934,-0.014757,-0.009681,-0.999832,-15.261383,0.000000
35784,0.000835,0.450282,-0.048850,0.005071,-0.014784,-0.009914,-0.999829,-15.406609,0.000000
35787,0.000817,0.450282,-0.048854,0.005079,-0.014753,-0.010021,-0.999828,-15.552864,0.000343
35791,0.000789,0.450276,-0.048856,0.005359,-0.014900,-0.010260,-0.999822,-15.687790,0.000343
35795,0.000759,0.450267,-0.048865,0.005310,-0.014809,-0.010358,-0.999823,-15.828552,0.000000
35798,0.000739,0.450264,-0.048872,0.005471,-0.014877,-0.010552,-0.999819,-15.969658,0.000343
35802,0.000709,0.450258,-0.048886,0.005365,-0.014745,-0.010678,-0.999820,-16.099777,0.000000
35806,0.000682,0.450257,-0.048897,0.005529,-0.014788,-0.010856,-0.999816,-16.229897,0.000343
35809,0.000666,0.450254,-0.048906,0.005723,-0.014904,-0.010953,-0.999813,-16.348000,0.000000
35813,0.000637,0.450244,-0.048925,0.005611,-0.014717,-0.011210,-0.999813,-16.489105,0.000343
35816,0.000621,0.450243,-0.048931,0.005795,-0.014829,-0.011290,-0.999810,-16.632614,0.000000
35820,0.000598,0.450240,-0.048942,0.006023,-0.014919,-0.011482,-0.999805,-16.786423,0.000000
35823,0.000575,0.450234,-0.048953,0.005957,-0.014857,-0.011580,-0.999805,-16.973534,0.000343
35827,0.000533,0.450224,-0.048970,0.006015,-0.014816,-0.011866,-0.999802,-17.150345,0.000343
35830,0.000501,0.450218,-0.048981,0.006150,-0.014823,-0.012056,-0.999799,-17.361832,0.000343
35834,0.000457,0.450210,-0.049008,0.006349,-0.014864,-0.012425,-0.999792,-17.530746,0.000343
35837,0.000430,0.450207,-0.049024,0.006242,-0.014776,-0.012522,-0.999793,-17.637863,0.000343
35841,0.000411,0.450204,-0.049043,0.006482,-0.014885,-0.012729,-0.999787,-17.653313,0.000000
35844,0.000403,0.450206,-0.049049,0.006540,-0.014901,-0.012714,-0.999787,-17.641983,0.000000
35848,0.000390,0.450200,-0.049062,0.006451,-0.014806,-0.012864,-0.999787,-17.565079,0.000343
35851,0.000385,0.450197,-0.049063,0.006494,-0.014801,-0.012878,-0.999786,-17.439766,0.000000
35855,0.000386,0.450199,-0.049060,0.006689,-0.014914,-0.012939,-0.999783,-17.314110,0.000343
35859,0.000389,0.450196,-0.049055,0.006549,-0.014855,-0.012894,-0.999785,-17.237892,0.000343
35862,0.000391,0.450196,-0.049052,0.006503,-0.014843,-0.012920,-0.999785,-17.223129,0.000343
35866,0.000395,0.450198,-0.049045,0.006478,-0.014842,-0.012911,-0.999785,-17.230682,0.000343
35869,0.000391,0.450195,-0.049045,0.006622,-0.014896,-0.012959,-0.999783,-17.282867,0.000000
35873,0.000387,0.450193,-0.049044,0.006547,-0.014829,-0.012917,-0.999785,-17.360802,0.000343
35876,0.000384,0.450193,-0.049046,0.006632,-0.014898,-0.013020,-0.999782,-17.440453,0.000343
35880,0.000382,0.450194,-0.049050,0.006557,-0.014834,-0.012925,-0.999785,-17.492638,0.000343
35883,0.000381,0.450195,-0.049057,0.006516,-0.014757,-0.013038,-0.999785,-17.516327,0.000343
35887,0.000386,0.450199,-0.049057,0.006478,-0.014792,-0.012946,-0.999786,-17.516670,0.000000
35891,0.000382,0.450196,-0.049058,0.006469,-0.014765,-0.012986,-0.999786,-17.512207,0.000343
35894,0.000382,0.450194,-0.049052,0.006469,-0.014784,-0.012988,-0.999785,-17.488861,0.000343
35898,0.000382,0.450194,-0.049045,0.006641,-0.014870,-0.012994,-0.999783,-17.446632,0.000000
35898,0.000382,0.450194,-0.049045,0.006641,-0.014870,-0.012994,-0.999783,-17.395134,0.000000
35898,0.000382,0.450194,-0.049045,0.006641,-0.014870,-0.012994,-0.999783,-17.353592,0.000343
35898,0.000382,0.450194,-0.049045,0.006641,-0.014870,-0.012994,-0.999783,-17.329903,0.000000
35898,0.000382,0.450194,-0.049045,0.006641,-0.014870,-0.012994,-0.999783,-17.328529,0.000343
35898,0.000382,0.450194,-0.049045,0.006641,-0.014870,-0.012994,-0.999783,-17.329903,0.000000
35898,0.000382,0.450194,-0.049045,0.006641,-0.014870,-0.012994,-0.999783,-17.338486,0.000000
35898,0.000382,0.450194,-0.049045,0.006641,-0.014870,-0.012994,-0.999783,-17.360115,0.000343
35898,0.000382,0.450194,-0.049045,0.006641,-0.014870,-0.012994,-0.999783,-17.391357,0.000343
35898,0.000382,0.450194,-0.049045,0.006641,-0.014870,-0.012994,-0.999783,-17.411613,0.000343
35898,0.000382,0.450194,-0.049045,0.006641,-0.014870,-0.012994,-0.999783,-17.431526,0.000343
35898,0.000382,0.450194,-0.049045,0.006641,-0.014870,-0.012994,-0.999783,-17.438736,0.000000
35898,0.000382,0.450194,-0.049045,0.006641,-0.014870,-0.012994,-0.999783,-17.440453,0.000343
35898,0.000382,0.450194,-0.049045,0.006641,-0.014870,-0.012994,-0.999783,-17.440453,0.000000
35898,0.000382,0.450194,-0.049045,0.006641,-0.014870,-0.012994,-0.999783,-17.440453,0.000000
35898,0.000382,0.450194,-0.049045,0.006641,-0.014870,-0.012994,-0.999783,-17.440109,0.000343
35898,0.000382,0.450194,-0.049045,0.006641,-0.014870,-0.012994,-0.999783,-17.439079,0.000000
35898,0.000382,0.450194,-0.049045,0.006641,-0.014870,-0.012994,-0.999783,-17.435303,0.000000
35898,0.000382,0.450194,-0.049045,0.006641,-0.014870,-0.012994,-0.999783,-17.428093,0.000000
35898,0.000382,0.450194,-0.049045,0.006641,-0.014870,-0.012994,-0.999783,-17.417450,0.000343
35898,0.000382,0.450194,-0.049045,0.006641,-0.014870,-0.012994,-0.999783,-17.403030,0.000000
35898,0.000382,0.450194,-0.049045,0.006641,-0.014870,-0.012994,-0.999783,-17.395477,0.000343
35898,0.000382,0.450194,-0.049045,0.006641,-0.014870,-0.012994,-0.999783,-17.390327,0.000343
35898,0.000382,0.450194,-0.049045,0.006641,-0.014870,-0.012994,-0.999783,-17.389641,0.000343
35898,0.000382,0.450194,-0.049045,0.006641,-0.014870,-0.012994,-0.999783,-17.389297,0.000343
35898,0.000382,0.450194,-0.049045,0.006641,-0.014870,-0.012994,-0.999783,-17.389297,0.000343
35898,0.000382,0.450194,-0.049045,0.006641,-0.014870,-0.012994,-0.999783,-17.389297,0.000343
35898,0.000382,0.450194,-0.049045,0.006641,-0.014870,-0.012994,-0.999783,-17.389641,0.000000
35898,0.000382,0.450194,-0.049045,0.006641,-0.014870,-0.012994,-0.999783,-17.389641,0.000000
35898,0.000382,0.450194,-0.049045,0.006641,-0.014870,-0.012994,-0.999783,-17.390671,0.000343
36004,0.000333,0.450192,-0.049063,0.006586,-0.014785,-0.013186,-0.999782,-17.391701,0.000000
36008,0.000334,0.450194,-0.049064,0.006701,-0.014895,-0.013126,-0.999780,-17.393417,0.000343
36011,0.000336,0.450193,-0.049067,0.006754,-0.014883,-0.013171,-0.999780,-17.395134,0.000343
36015,0.000336,0.450190,-0.049067,0.006598,-0.014811,-0.013131,-0.999782,-17.396851,0.000343
36018,0.000340,0.450191,-0.049066,0.006573,-0.014798,-0.013165,-0.999782,-17.398911,0.000000
36022,0.000349,0.450196,-0.049062,0.006495,-0.014785,-0.013087,-0.999784,-17.400970,0.000343
36025,0.000348,0.450192,-0.049057,0.006769,-0.014936,-0.013139,-0.999779,-17.402687,0.000343
36029,0.000345,0.450192,-0.049058,0.006512,-0.014767,-0.013106,-0.999784,-17.404404,0.000343
36033,0.000342,0.450193,-0.049055,0.006661,-0.014851,-0.013124,-0.999781,-17.405434,0.000343
36036,0.000338,0.450192,-0.049054,0.006608,-0.014806,-0.013103,-0.999783,-17.406120,0.000000
36040,0.000331,0.450191,-0.049052,0.006676,-0.014850,-0.013161,-0.999781,-17.406807,0.000343
36043,0.000331,0.450191,-0.049053,0.006635,-0.014853,-0.013103,-0.999782,-17.407150,0.000343
36047,0.000321,0.450189,-0.049062,0.006648,-0.014803,-0.013197,-0.999781,-17.407494,0.000000
36050,0.000321,0.450191,-0.049064,0.006572,-0.014804,-0.013120,-0.999783,-17.407837,0.000000
36054,0.000328,0.450194,-0.049070,0.006636,-0.014837,-0.013186,-0.999781,-17.408180,0.000000
36057,0.000329,0.450192,-0.049071,0.006525,-0.014774,-0.013109,-0.999784,-17.408180,0.000000
36061,0.000335,0.450192,-0.049069,0.006593,-0.014797,-0.013170,-0.999782,-17.408524,0.000343
36065,0.000345,0.450192,-0.049062,0.006717,-0.014884,-0.013179,-0.999780,-17.408524,0.000343
36068,0.000349,0.450190,-0.049060,0.006709,-0.014857,-0.013186,-0.999780,-17.408524,0.000343
36072,0.000354,0.450188,-0.049054,0.006673,-0.014875,-0.013098,-0.999781,-17.408524,0.000000
36075,0.000355,0.450190,-0.049053,0.006588,-0.014813,-0.013183,-0.999782,-17.408524,0.000343
36079,0.000347,0.450189,-0.049050,0.006633,-0.014797,-0.013151,-0.999782,-17.408524,0.000000
36082,0.000341,0.450190,-0.049050,0.006611,-0.014807,-0.013192,-0.999781,-17.408524,0.000343
36086,0.000332,0.450190,-0.049054,0.006664,-0.014889,-0.013103,-0.999781,-17.408524,0.000343
36090,0.000321,0.450187,-0.049063,0.006574,-0.014802,-0.013163,-0.999782,-17.408524,0.000000
36093,0.000318,0.450190,-0.049067,0.006522,-0.014749,-0.013165,-0.999783,-17.408867,0.000000
36097,0.000322,0.450193,-0.049069,0.006703,-0.014900,-0.013141,-0.999780,-17.408524,0.000343
36100,0.000321,0.450191,-0.049071,0.006643,-0.014866,-0.013127,-0.999781,-17.408524,0.000343
36104,0.000320,0.450189,-0.049072,0.006542,-0.014747,-0.013153,-0.999783,-17.408867,0.000000
36107,0.000329,0.450190,-0.049065,0.006536,-0.014808,-0.013103,-0.999783,-17.408524,0.000343
36111,0.000337,0.450192,-0.049060,0.006722,-0.014860,-0.013169,-0.999780,-17.408867,0.000000
36114,0.000342,0.450190,-0.049052,0.006642,-0.014859,-0.013063,-0.999782,-17.408867,0.000000
36118,0.000345,0.450189,-0.049045,0.006665,-0.014832,-0.013190,-0.999781,-17.408867,0.000343
36121,0.000341,0.450188,-0.049042,0.006609,-0.014851,-0.013114,-0.999782,-17.408524,0.000343
36125,0.000330,0.450186,-0.049043,0.006660,-0.014851,-0.013216,-0.999780,-17.408867,0.000000
36128,0.000323,0.450189,-0.049047,0.006481,-0.014736,-0.013149,-0.999784,-17.408867,0.000343
36132,0.000319,0.450192,-0.049052,0.006778,-0.014950,-0.013187,-0.999778,-17.408867,0.000343
36135,0.000318,0.450192,-0.049060,0.006650,-0.014832,-0.013156,-0.999781,-17.408524,0.000000
36139,0.000313,0.450190,-0.049069,0.006601,-0.014794,-0.013256,-0.999781,-17.408524,0.000343
36143,0.000319,0.450191,-0.049066,0.006725,-0.014865,-0.013220,-0.999779,-17.408867,0.000000
36146,0.000321,0.450190,-0.049064,0.006663,-0.014838,-0.013250,-0.999780,-17.408524,0.000343
36150,0.000328,0.450190,-0.049056,0.006562,-0.014818,-0.013185,-0.999782,-17.408867,0.000000
36154,0.000338,0.450191,-0.049050,0.006633,-0.014854,-0.013103,-0.999782,-17.408867,0.000000
36157,0.000339,0.450190,-0.049048,0.006626,-0.014836,-0.013146,-0.999782,-17.408524,0.000343
36160,0.000334,0.450186,-0.049046,0.006572,-0.014787,-0.013201,-0.999782,-17.408524,0.000000
36164,0.000330,0.450189,-0.049042,0.006574,-0.014821,-0.013139,-0.999782,-17.408867,0.000343
36167,0.000322,0.450190,-0.049044,0.006633,-0.014833,-0.013237,-0.999780,-17.408524,0.000343
36171,0.000315,0.450188,-0.049052,0.006505,-0.014753,-0.013177,-0.999783,-17.408524,0.000343
36175,0.000317,0.450190,-0.049058,0.006753,-0.014940,-0.013153,-0.999779,-17.408524,0.000000
36178,0.000319,0.450190,-0.049067,0.006702,-0.014890,-0.013143,-0.999780,-17.408867,0.000000
36182,0.000317,0.450188,-0.049075,0.006690,-0.014829,-0.013183,-0.999781,-17.408524,0.000000
36185,0.000318,0.450189,-0.049073,0.006646,-0.014844,-0.013124,-0.999782,-17.408867,0.000343
36189,0.000319,0.450191,-0.049070,0.006656,-0.014843,-0.013208,-0.999781,-17.408867,0.000343
36193,0.000320,0.450187,-0.049065,0.006606,-0.014777,-0.013246,-0.999781,-17.408867,0.000000
36196,0.000325,0.450186,-0.049057,0.006743,-0.014902,-0.013240,-0.999779,-17.408867,0.000000
36199,0.000330,0.450191,-0.049050,0.006556,-0.014791,-0.013156,-0.999783,-17.408524,0.000000
36203,0.000329,0.450187,-0.049048,0.006601,-0.014797,-0.013235,-0.999781,-17.408524,0.000343
36207,0.000327,0.450187,-0.049040,0.006728,-0.014905,-0.013201,-0.999779,-17.408867,0.000000
36210,0.000324,0.450187,-0.049037,0.006780,-0.014910,-0.013233,-0.999778,-17.408524,0.000343
36214,0.000318,0.450185,-0.049039,0.006561,-0.014789,-0.013224,-0.999782,-17.408524,0.000000
36217,0.000316,0.450186,-0.049041,0.006698,-0.014868,-0.013238,-0.999779,-17.408524,0.000000
36221,0.000320,0.450189,-0.049043,0.006737,-0.014905,-0.013202,-0.999779,-17.408524,0.000000
36225,0.000315,0.450188,-0.049051,0.006594,-0.014790,-0.013182,-0.999782,-17.408524,0.000000
36228,0.000318,0.450188,-0.049055,0.006561,-0.014819,-0.013159,-0.999782,-17.408867,0.000000
36231,0.000316,0.450187,-0.049060,0.006759,-0.014928,-0.013239,-0.999778,-17.408524,0.000000
36235,0.000311,0.450186,-0.049064,0.006666,-0.014857,-0.013193,-0.999780,-17.408524,0.000000
36238,0.000311,0.450189,-0.049067,0.006649,-0.014838,-0.013234,-0.999780,-17.408867,0.000000
36242,0.000317,0.450192,-0.049069,0.006572,-0.014817,-0.013175,-0.999782,-17.408524,0.000000
36246,0.000310,0.450185,-0.049071,0.006655,-0.014835,-0.013193,-0.999781,-17.408524,0.000000
36246,0.000310,0.450185,-0.049071,0.006655,-0.014835,-0.013193,-0.999781,-17.408524,0.000000
36246,0.000310,0.450185,-0.049071,0.006655,-0.014835,-0.013193,-0.999781,-17.408524,0.000000
36246,0.000310,0.450185,-0.049071,0.006655,-0.014835,-0.013193,-0.999781,-17.408524,0.000000
36246,0.000310,0.450185,-0.049071,0.006655,-0.014835,-0.013193,-0.999781,-17.408524,0.000000
36246,0.000310,0.450185,-0.049071,0.006655,-0.014835,-0.013193,-0.999781,-17.408524,0.000000
36246,0.000310,0.450185,-0.049071,0.006655,-0.014835,-0.013193,-0.999781,-17.408524,0.000000
36246,0.000310,0.450185,-0.049071,0.006655,-0.014835,-0.013193,-0.999781,-17.408524,0.000000
36246,0.000310,0.450185,-0.049071,0.006655,-0.014835,-0.013193,-0.999781,-17.408524,0.000000
36246,0.000310,0.450185,-0.049071,0.006655,-0.014835,-0.013193,-0.999781,-17.408524,0.000000
36246,0.000310,0.450185,-0.049071,0.006655,-0.014835,-0.013193,-0.999781,-17.408524,0.000000
36246,0.000310,0.450185,-0.049071,0.006655,-0.014835,-0.013193,-0.999781,-17.408524,0.000000
36246,0.000310,0.450185,-0.049071,0.006655,-0.014835,-0.013193,-0.999781,-17.408524,0.000000
36246,0.000310,0.450185,-0.049071,0.006655,-0.014835,-0.013193,-0.999781,-17.408524,0.000000
36246,0.000310,0.450185,-0.049071,0.006655,-0.014835,-0.013193,-0.999781,-17.408524,0.000000
36246,0.000310,0.450185,-0.049071,0.006655,-0.014835,-0.013193,-0.999781,-17.408524,0.000000
36246,0.000310,0.450185,-0.049071,0.006655,-0.014835,-0.013193,-0.999781,-17.408524,0.000000
36246,0.000310,0.450185,-0.049071,0.006655,-0.014835,-0.013193,-0.999781,-17.408524,0.000000
36246,0.000310,0.450185,-0.049071,0.006655,-0.014835,-0.013193,-0.999781,-17.408524,0.000000
36246,0.000310,0.450185,-0.049071,0.006655,-0.014835,-0.013193,-0.999781,-17.408524,0.000000
