0,0.000000,0.000000,0.000000,0.000000,0.000000,0.000000,0.000000,0.000000,0.000000
0,0.000000,0.000000,0.000000,0.000000,0.000000,0.000000,0.000000,0.000000,0.000000
0,0.000000,0.000000,0.000000,0.000000,0.000000,0.000000,0.000000,0.000000,0.000000
0,0.000000,0.000000,0.000000,0.000000,0.000000,0.000000,0.000000,0.000000,0.000000
0,0.000000,0.000000,0.000000,0.000000,0.000000,0.000000,0.000000,0.000000,0.000000
0,0.000000,0.000000,0.000000,0.000000,0.000000,0.000000,0.000000,0.000000,0.000000
0,0.000000,0.000000,0.000000,0.000000,0.000000,0.000000,0.000000,0.000000,0.000000
0,0.000000,0.000000,0.000000,0.000000,0.000000,0.000000,0.000000,0.000000,0.000000
0,0.000000,0.000000,0.000000,0.000000,0.000000,0.000000,0.000000,0.000000,0.000000
0,0.000000,0.000000,0.000000,0.000000,0.000000,0.000000,0.000000,0.000000,0.000000
0,0.000000,0.000000,0.000000,0.000000,0.000000,0.000000,0.000000,0.000000,0.000000
0,0.000000,0.000000,0.000000,0.000000,0.000000,0.000000,0.000000,0.000000,0.000000
0,0.000000,0.000000,0.000000,0.000000,0.000000,0.000000,0.000000,0.000000,0.000000
0,0.000000,0.000000,0.000000,0.000000,0.000000,0.000000,0.000000,0.000000,0.000000
0,0.000000,0.000000,0.000000,0.000000,0.000000,0.000000,0.000000,0.000000,0.000000
0,0.000000,0.000000,0.000000,0.000000,0.000000,0.000000,0.000000,0.000000,0.000000
0,0.000000,0.000000,0.000000,0.000000,0.000000,0.000000,0.000000,0.000000,0.000000
0,0.000000,0.000000,0.000000,0.000000,0.000000,0.000000,0.000000,0.000000,0.000000
0,0.000000,0.000000,0.000000,0.000000,0.000000,0.000000,0.000000,0.000000,0.000000
0,0.000000,0.000000,0.000000,0.000000,0.000000,0.000000,0.000000,0.000000,0.000000
0,0.000000,0.000000,0.000000,0.000000,0.000000,0.000000,0.000000,0.000000,0.000000
0,0.000000,0.000000,0.000000,0.000000,0.000000,0.000000,0.000000,0.000000,0.000000
0,0.000000,0.000000,0.000000,0.000000,0.000000,0.000000,0.000000,0.000000,0.000000
0,0.000000,0.000000,0.000000,0.000000,0.000000,0.000000,0.000000,0.000000,0.000000
0,0.000000,0.000000,0.000000,0.000000,0.000000,0.000000,0.000000,0.000000,0.000000
0,0.000000,0.000000,0.000000,0.000000,0.000000,0.000000,0.000000,0.000343,500.001183
468527,0.062839,0.440060,-0.073742,-0.012971,-0.351213,0.574879,-0.738915,0.000343,500.001183
468531,0.062837,0.440060,-0.073750,-0.012928,-0.351376,0.574836,-0.738872,0.000000,500.001183
468535,0.062826,0.440063,-0.073765,-0.012940,-0.351206,0.574896,-0.738906,0.000343,500.001183
468538,0.062820,0.440066,-0.073774,-0.012929,-0.351168,0.574889,-0.738930,0.000343,500.001183
468541,0.062818,0.440065,-0.073780,-0.012896,-0.351223,0.574875,-0.738915,0.000343,500.000839
468545,0.062822,0.440064,-0.073784,-0.012890,-0.351374,0.574796,-0.738904,0.000000,500.001183
468549,0.062826,0.440062,-0.073783,-0.012925,-0.351218,0.574903,-0.738895,0.000000,500.001183
468552,0.062834,0.440063,-0.073779,-0.012927,-0.351308,0.574825,-0.738913,0.000000,500.000839
468556,0.062840,0.440061,-0.073773,-0.012928,-0.351267,0.574863,-0.738903,0.000343,500.001183
468559,0.062840,0.440061,-0.073766,-0.012963,-0.351204,0.574852,-0.738940,0.000343,500.001183
468563,0.062849,0.440057,-0.073762,-0.012906,-0.351424,0.574840,-0.738846,0.000000,500.000839
468566,0.062846,0.440058,-0.073759,-0.012879,-0.351424,0.574809,-0.738871,0.000000,500.000839
468570,0.062839,0.440061,-0.073761,-0.012948,-0.351190,0.574898,-0.738912,0.000000,500.001183
468574,0.062837,0.440059,-0.073762,-0.012920,-0.351402,0.574846,-0.738851,0.000343,500.000839
468577,0.062828,0.440061,-0.073764,-0.012926,-0.351332,0.574822,-0.738904,0.000000,500.000839
468581,0.062825,0.440059,-0.073767,-0.012940,-0.351238,0.574902,-0.738886,0.000343,500.001183
468584,0.062827,0.440062,-0.073768,-0.012909,-0.351360,0.574818,-0.738894,0.000000,500.001183
468588,0.062827,0.440059,-0.073773,-0.012916,-0.351226,0.574899,-0.738894,0.000000,500.001183
468591,0.062829,0.440064,-0.073773,-0.012919,-0.351180,0.574861,-0.738946,0.000000,500.000839
468595,0.062839,0.440058,-0.073769,-0.012922,-0.351393,0.574831,-0.738867,0.000343,500.000839
468598,0.062840,0.440060,-0.073768,-0.012882,-0.351418,0.574814,-0.738870,0.000343,500.001183
468602,0.062833,0.440056,-0.073760,-0.012957,-0.351194,0.574903,-0.738905,0.000343,500.000839
468605,0.062838,0.440058,-0.073759,-0.012932,-0.351289,0.574868,-0.738888,0.000000,500.000839
468609,0.062833,0.440062,-0.073758,-0.012936,-0.351294,0.574840,-0.738907,0.000000,500.001183
468612,0.062829,0.440062,-0.073761,-0.012979,-0.351194,0.574894,-0.738912,0.000000,500.000839
468616,0.062823,0.440058,-0.073768,-0.012922,-0.351360,0.574830,-0.738884,0.000343,500.001183
468620,0.062811,0.440061,-0.073773,-0.012929,-0.351192,0.574903,-0.738907,0.000343,500.000839
468623,0.062801,0.440063,-0.073780,-0.012932,-0.351186,0.574889,-0.738921,0.000000,500.000839
468627,0.062802,0.440060,-0.073785,-0.012911,-0.351368,0.574830,-0.738880,0.000000,500.001183
468630,0.062803,0.440063,-0.073788,-0.012887,-0.351318,0.574803,-0.738926,0.000000,500.001183
468634,0.062807,0.440060,-0.073791,-0.012919,-0.351226,0.574902,-0.738892,0.000000,500.001183
468637,0.062817,0.440058,-0.073785,-0.012912,-0.351327,0.574841,-0.738891,0.000000,500.001183
468641,0.062828,0.440059,-0.073779,-0.012904,-0.351266,0.574851,-0.738913,0.000343,500.000839
468644,0.062838,0.440060,-0.073767,-0.012972,-0.351170,0.574865,-0.738946,0.000000,500.000839
468648,0.062853,0.440052,-0.073760,-0.012924,-0.351420,0.574847,-0.738842,0.000343,500.001183
468652,0.062852,0.440051,-0.073754,-0.012968,-0.351182,0.574944,-0.738879,0.000000,500.001183
468655,0.062851,0.440052,-0.073757,-0.013000,-0.351196,0.574932,-0.738881,0.000000,500.000839
468659,0.062846,0.440054,-0.073765,-0.012928,-0.351376,0.574862,-0.738851,0.000000,500.000839
468662,0.062837,0.440056,-0.073770,-0.012947,-0.351300,0.574847,-0.738899,0.000343,500.000839
468666,0.062819,0.440058,-0.073781,-0.012937,-0.351255,0.574888,-0.738889,0.000343,500.000839
468669,0.062815,0.440058,-0.073786,-0.012919,-0.351346,0.574840,-0.738883,0.000343,500.000839
468673,0.062806,0.440060,-0.073795,-0.012906,-0.351222,0.574891,-0.738903,0.000343,500.001183
468677,0.062812,0.440059,-0.073797,-0.012894,-0.351360,0.574858,-0.738863,0.000000,500.000839
468680,0.062820,0.440061,-0.073795,-0.012895,-0.351392,0.574848,-0.738855,0.000343,500.000839
468683,0.062822,0.440062,-0.073789,-0.012877,-0.351379,0.574823,-0.738882,0.000343,500.000839
468687,0.062836,0.440056,-0.073777,-0.012951,-0.351219,0.574927,-0.738875,0.000343,500.001183
468691,0.062847,0.440055,-0.073766,-0.012946,-0.351347,0.574861,-0.738866,0.000000,500.000839
468694,0.062854,0.440057,-0.073756,-0.012948,-0.351278,0.574874,-0.738888,0.000343,500.000839
468698,0.062857,0.440053,-0.073753,-0.012946,-0.351315,0.574919,-0.738836,0.000343,500.000839
468701,0.062855,0.440055,-0.073752,-0.012971,-0.351364,0.574848,-0.738867,0.000000,500.000839
468705,0.062844,0.440055,-0.073758,-0.012963,-0.351177,0.574935,-0.738889,0.000000,500.000839
468708,0.062834,0.440060,-0.073767,-0.012926,-0.351191,0.574905,-0.738906,0.000343,500.000839
468712,0.062828,0.440056,-0.073780,-0.012925,-0.351397,0.574855,-0.738847,0.000000,500.000839
468715,0.062818,0.440062,-0.073789,-0.012910,-0.351318,0.574812,-0.738918,0.000000,500.000839
468719,0.062812,0.440059,-0.073797,-0.012927,-0.351225,0.574919,-0.738879,0.000343,500.001183
468723,0.062812,0.440060,-0.073799,-0.012897,-0.351310,0.574856,-0.738888,0.000000,500.000839
468726,0.062816,0.440061,-0.073796,-0.012908,-0.351229,0.574877,-0.738910,0.000000,500.000839
468730,0.062827,0.440056,-0.073789,-0.012916,-0.351343,0.574884,-0.738850,0.000000,500.000839
468733,0.062835,0.440057,-0.073783,-0.012910,-0.351401,0.574857,-0.738844,0.000000,500.000839
468737,0.062841,0.440057,-0.073778,-0.012972,-0.351191,0.574919,-0.738895,0.000000,500.000839
468741,0.062847,0.440058,-0.073774,-0.012939,-0.351385,0.574824,-0.738876,0.000000,500.000839
468744,0.062847,0.440053,-0.073775,-0.012945,-0.351363,0.574879,-0.738844,0.000000,500.000839
468747,0.062841,0.440057,-0.073776,-0.012958,-0.351287,0.574860,-0.738895,0.000000,500.000839
468751,0.062835,0.440055,-0.073775,-0.012944,-0.351255,0.574916,-0.738867,0.000343,500.000839
468754,0.062827,0.440058,-0.073777,-0.012908,-0.351350,0.574845,-0.738877,0.000000,500.000839
468758,0.062817,0.440059,-0.073778,-0.012928,-0.351185,0.574891,-0.738920,0.000000,500.000496
468762,0.062821,0.440059,-0.073781,-0.012895,-0.351372,0.574870,-0.738848,0.000000,500.000496
468765,0.062823,0.440058,-0.073782,-0.012908,-0.351391,0.574834,-0.738866,0.000000,500.000153
468769,0.062823,0.440060,-0.073781,-0.012956,-0.351147,0.574908,-0.738924,0.000343,499.999466
468771,0.062826,0.440060,-0.073782,-0.012895,-0.351281,0.574853,-0.738904,0.000000,499.998093
468771,0.062826,0.440060,-0.073782,-0.012895,-0.351281,0.574853,-0.738904,0.000343,499.992599
468771,0.062826,0.440060,-0.073782,-0.012895,-0.351281,0.574853,-0.738904,0.000000,499.980240
468771,0.062826,0.440060,-0.073782,-0.012895,-0.351281,0.574853,-0.738904,0.000000,499.964447
468771,0.062826,0.440060,-0.073782,-0.012895,-0.351281,0.574853,-0.738904,0.000343,499.939728
468771,0.062826,0.440060,-0.073782,-0.012895,-0.351281,0.574853,-0.738904,0.000000,499.917068
468771,0.062826,0.440060,-0.073782,-0.012895,-0.351281,0.574853,-0.738904,0.000000,499.897842
468771,0.062826,0.440060,-0.073782,-0.012895,-0.351281,0.574853,-0.738904,0.000000,499.886856
468771,0.062826,0.440060,-0.073782,-0.012895,-0.351281,0.574853,-0.738904,0.000000,499.881020
468771,0.062826,0.440060,-0.073782,-0.012895,-0.351281,0.574853,-0.738904,0.000000,499.876900
468771,0.062826,0.440060,-0.073782,-0.012895,-0.351281,0.574853,-0.738904,0.000000,499.872437
468771,0.062826,0.440060,-0.073782,-0.012895,-0.351281,0.574853,-0.738904,0.000000,499.863510
468771,0.062826,0.440060,-0.073782,-0.012895,-0.351281,0.574853,-0.738904,0.000000,499.845657
468771,0.062826,0.440060,-0.073782,-0.012895,-0.351281,0.574853,-0.738904,0.000000,499.821625
468771,0.062826,0.440060,-0.073782,-0.012895,-0.351281,0.574853,-0.738904,0.000000,499.791412
468771,0.062826,0.440060,-0.073782,-0.012895,-0.351281,0.574853,-0.738904,0.000343,499.755020
468771,0.062826,0.440060,-0.073782,-0.012895,-0.351281,0.574853,-0.738904,0.000000,499.725838
468771,0.062826,0.440060,-0.073782,-0.012895,-0.351281,0.574853,-0.738904,0.000343,499.700775
468771,0.062826,0.440060,-0.073782,-0.012895,-0.351281,0.574853,-0.738904,0.000000,499.680176
468771,0.062826,0.440060,-0.073782,-0.012895,-0.351281,0.574853,-0.738904,0.000000,499.661980
468771,0.062826,0.440060,-0.073782,-0.012895,-0.351281,0.574853,-0.738904,0.000000,499.637947
468771,0.062826,0.440060,-0.073782,-0.012895,-0.351281,0.574853,-0.738904,0.000000,499.608765
468771,0.062826,0.440060,-0.073782,-0.012895,-0.351281,0.574853,-0.738904,0.000343,499.574432
468771,0.062826,0.440060,-0.073782,-0.012895,-0.351281,0.574853,-0.738904,0.000343,499.531860
468771,0.062826,0.440060,-0.073782,-0.012895,-0.351281,0.574853,-0.738904,0.000000,499.491005
468771,0.062826,0.440060,-0.073782,-0.012895,-0.351281,0.574853,-0.738904,0.000000,499.441566
468771,0.062826,0.440060,-0.073782,-0.012895,-0.351281,0.574853,-0.738904,0.000343,499.398994
468771,0.062826,0.440060,-0.073782,-0.012895,-0.351281,0.574853,-0.738904,0.000000,499.357452
468771,0.062826,0.440060,-0.073782,-0.012895,-0.351281,0.574853,-0.738904,0.000343,499.314537
468771,0.062826,0.440060,-0.073782,-0.012895,-0.351281,0.574853,-0.738904,0.000000,499.263725
468879,0.062843,0.440056,-0.073767,-0.012927,-0.351379,0.574840,-0.738867,0.000343,499.217720
468882,0.062846,0.440053,-0.073767,-0.012936,-0.351387,0.574876,-0.738835,0.000000,499.173088
468886,0.062833,0.440059,-0.073771,-0.012940,-0.351171,0.574922,-0.738902,0.000000,499.114723
468890,0.062835,0.440058,-0.073778,-0.012903,-0.351396,0.574839,-0.738861,0.000000,499.053955
468893,0.062826,0.440061,-0.073784,-0.012916,-0.351320,0.574840,-0.738895,0.000000,498.994560
468896,0.062819,0.440060,-0.073787,-0.012945,-0.351198,0.574931,-0.738882,0.000000,498.932076
468900,0.062821,0.440058,-0.073790,-0.012900,-0.351340,0.574872,-0.738861,0.000000,498.861351
468904,0.062816,0.440064,-0.073788,-0.012946,-0.351198,0.574864,-0.738934,0.000000,498.793716
468907,0.062818,0.440058,-0.073785,-0.012941,-0.351162,0.574939,-0.738893,0.000000,498.724365
468911,0.062825,0.440060,-0.073780,-0.012906,-0.351406,0.574814,-0.738875,0.000000,498.650208
468915,0.062827,0.440059,-0.073775,-0.012950,-0.351178,0.574911,-0.738907,0.000343,498.582230
468918,0.062826,0.440060,-0.073775,-0.012928,-0.351222,0.574902,-0.738894,0.000000,498.505325
468921,0.062830,0.440054,-0.073773,-0.012934,-0.351288,0.574914,-0.738853,0.000000,498.423958
468925,0.062829,0.440060,-0.073779,-0.012920,-0.351287,0.574865,-0.738892,0.000000,498.330574
468929,0.062827,0.440058,-0.073779,-0.012955,-0.351287,0.574887,-0.738874,0.000000,498.245087
468932,0.062828,0.440057,-0.073784,-0.012913,-0.351366,0.574858,-0.738860,0.000000,498.161316
468936,0.062818,0.440063,-0.073784,-0.012942,-0.351169,0.574876,-0.738939,0.000000,498.067245
468939,0.062819,0.440060,-0.073785,-0.012958,-0.351148,0.574947,-0.738894,0.000000,497.965965
468943,0.062822,0.440063,-0.073785,-0.012887,-0.351402,0.574824,-0.738869,0.000343,497.855415
468947,0.062824,0.440059,-0.073783,-0.012970,-0.351162,0.574932,-0.738898,0.000000,497.765465
468950,0.062824,0.440062,-0.073787,-0.012910,-0.351238,0.574891,-0.738894,0.000000,497.653885
468954,0.062826,0.440057,-0.073782,-0.012975,-0.351293,0.574871,-0.738883,0.000000,497.547798
468957,0.062822,0.440061,-0.073782,-0.012935,-0.351236,0.574894,-0.738893,0.000343,497.439995
468960,0.062819,0.440059,-0.073783,-0.012953,-0.351182,0.574947,-0.738877,0.000000,497.322578
468964,0.062828,0.440058,-0.073779,-0.012929,-0.351369,0.574824,-0.738885,0.000000,497.202415
468968,0.062824,0.440061,-0.073779,-0.012933,-0.351182,0.574903,-0.738912,0.000000,497.093582
468971,0.062832,0.440059,-0.073778,-0.012962,-0.351186,0.574940,-0.738881,0.000343,496.968956
468975,0.062833,0.440059,-0.073779,-0.012862,-0.351396,0.574843,-0.738858,0.000000,496.823387
468978,0.062835,0.440058,-0.073777,-0.012940,-0.351287,0.574879,-0.738880,0.000000,496.681595
468982,0.062834,0.440059,-0.073779,-0.012936,-0.351276,0.574885,-0.738881,0.000000,496.539459
468985,0.062835,0.440056,-0.073782,-0.012932,-0.351365,0.574874,-0.738847,0.000000,496.402130
468989,0.062827,0.440061,-0.073783,-0.012969,-0.351172,0.574895,-0.738922,0.000000,496.281281
468992,0.062820,0.440060,-0.073787,-0.012954,-0.351173,0.574905,-0.738915,0.000000,496.139145
468996,0.062825,0.440057,-0.073788,-0.012910,-0.351397,0.574840,-0.738859,0.000000,495.971603
469000,0.062817,0.440062,-0.073789,-0.012942,-0.351185,0.574912,-0.738904,0.000000,495.814362
469003,0.062820,0.440058,-0.073784,-0.012940,-0.351236,0.574920,-0.738873,0.000000,495.667076
469006,0.062824,0.440057,-0.073780,-0.012925,-0.351327,0.574913,-0.738835,0.000000,495.499878
469010,0.062825,0.440058,-0.073773,-0.012968,-0.351265,0.574877,-0.738892,0.000000,495.325127
469014,0.062832,0.440057,-0.073766,-0.012969,-0.351303,0.574880,-0.738872,0.000000,495.134926
469017,0.062836,0.440056,-0.073764,-0.012947,-0.351397,0.574852,-0.738849,0.000000,494.964638
469021,0.062836,0.440056,-0.073766,-0.012986,-0.351168,0.574939,-0.738890,0.000000,494.805679
469024,0.062834,0.440058,-0.073769,-0.012980,-0.351191,0.574942,-0.738876,0.000000,494.604492
469028,0.062838,0.440055,-0.073774,-0.012959,-0.351375,0.574866,-0.738848,0.000000,494.433517
469032,0.062826,0.440055,-0.073778,-0.013004,-0.351175,0.574958,-0.738871,0.000000,494.237480
469035,0.062831,0.440056,-0.073782,-0.012963,-0.351261,0.574902,-0.738874,0.000343,494.035950
469039,0.062828,0.440057,-0.073780,-0.012981,-0.351272,0.574866,-0.738897,0.000343,493.832703
469042,0.062828,0.440058,-0.073777,-0.013037,-0.351183,0.574912,-0.738902,0.000343,493.628082
469046,0.062834,0.440053,-0.073773,-0.012950,-0.351340,0.574890,-0.738846,0.000343,493.401833
469049,0.062834,0.440055,-0.073768,-0.012981,-0.351398,0.574844,-0.738854,0.000000,493.207169
469053,0.062837,0.440055,-0.073762,-0.013021,-0.351169,0.574962,-0.738871,0.000343,492.980576
469056,0.062834,0.440054,-0.073763,-0.013019,-0.351212,0.574933,-0.738873,0.000343,492.729263
469060,0.062838,0.440053,-0.073761,-0.013011,-0.351349,0.574874,-0.738854,0.000000,492.496834
469063,0.062835,0.440057,-0.073763,-0.012993,-0.351283,0.574891,-0.738872,0.000343,492.281227
469067,0.062835,0.440053,-0.073764,-0.013036,-0.351280,0.574909,-0.738859,0.000343,492.049141
469071,0.062833,0.440054,-0.073766,-0.013014,-0.351235,0.574920,-0.738872,0.000000,491.801605
469074,0.062832,0.440056,-0.073764,-0.013032,-0.351155,0.574916,-0.738912,0.000000,491.531067
469078,0.062838,0.440050,-0.073764,-0.013001,-0.351370,0.574926,-0.738803,0.000000,491.280785
469081,0.062837,0.440055,-0.073765,-0.012971,-0.351396,0.574844,-0.738855,0.000000,491.019859
469085,0.062838,0.440049,-0.073765,-0.013085,-0.351172,0.574995,-0.738843,0.000000,490.752754
469089,0.062836,0.440050,-0.073765,-0.013021,-0.351346,0.574886,-0.738846,0.000000,490.501442
469092,0.062835,0.440049,-0.073763,-0.013064,-0.351276,0.574926,-0.738847,0.000000,490.224724
469095,0.062826,0.440053,-0.073761,-0.013061,-0.351193,0.574912,-0.738897,0.000000,489.954185
469099,0.062830,0.440052,-0.073759,-0.013048,-0.351316,0.574921,-0.738832,0.000000,489.642448
469103,0.062826,0.440051,-0.073759,-0.013065,-0.351190,0.574981,-0.738844,0.000000,489.386673
469106,0.062830,0.440054,-0.073757,-0.013070,-0.351147,0.574952,-0.738888,0.000343,489.091759
469110,0.062843,0.440047,-0.073753,-0.013058,-0.351368,0.574903,-0.738821,0.000343,488.761826
469113,0.062844,0.440052,-0.073752,-0.013073,-0.351336,0.574896,-0.738841,0.000000,488.464851
469117,0.062844,0.440045,-0.073747,-0.013138,-0.351159,0.575000,-0.738843,0.000000,488.158264
469120,0.062840,0.440049,-0.073746,-0.013120,-0.351260,0.574929,-0.738852,0.000000,487.842064
469124,0.062838,0.440049,-0.073751,-0.013096,-0.351232,0.574933,-0.738862,0.000000,487.513504
469127,0.062829,0.440051,-0.073755,-0.013108,-0.351153,0.574924,-0.738906,0.000343,487.223396
469131,0.062831,0.440049,-0.073761,-0.013082,-0.351318,0.574907,-0.738841,0.000343,486.897240
469134,0.062829,0.440052,-0.073762,-0.013056,-0.351351,0.574854,-0.738867,0.000343,486.575546
469138,0.062823,0.440051,-0.073762,-0.013112,-0.351143,0.574984,-0.738864,0.000000,486.245270
469142,0.062831,0.440045,-0.073758,-0.013095,-0.351333,0.574915,-0.738828,0.000343,485.884094
469145,0.062831,0.440049,-0.073753,-0.013117,-0.351285,0.574878,-0.738879,0.000343,485.548325
469149,0.062841,0.440044,-0.073746,-0.013180,-0.351171,0.575000,-0.738837,0.000343,485.243111
469152,0.062840,0.440046,-0.073742,-0.013155,-0.351262,0.574920,-0.738856,0.000343,484.892235
469156,0.062843,0.440046,-0.073740,-0.013147,-0.351185,0.574990,-0.738839,0.000343,484.534492
469159,0.062840,0.440049,-0.073739,-0.013124,-0.351143,0.574970,-0.738875,0.000343,484.174690
469163,0.062839,0.440043,-0.073742,-0.013110,-0.351336,0.574921,-0.738821,0.000343,483.777122
469166,0.062840,0.440048,-0.073745,-0.013076,-0.351331,0.574880,-0.738856,0.000343,483.407364
469170,0.062831,0.440048,-0.073748,-0.013162,-0.351125,0.574983,-0.738873,0.000343,483.083267
469174,0.062836,0.440048,-0.073751,-0.013129,-0.351290,0.574906,-0.738854,0.000343,482.678146
469177,0.062830,0.440052,-0.073751,-0.013123,-0.351192,0.574896,-0.738910,0.000343,482.349586
469180,0.062831,0.440049,-0.073748,-0.013182,-0.351123,0.574939,-0.738907,0.000343,481.966095
469184,0.062835,0.440047,-0.073747,-0.013121,-0.351278,0.574895,-0.738869,0.000343,481.549644
469188,0.062839,0.440045,-0.073741,-0.013173,-0.351135,0.574963,-0.738883,0.000343,481.156197
469191,0.062838,0.440046,-0.073741,-0.013170,-0.351096,0.574984,-0.738885,0.000343,480.769272
469195,0.062844,0.440047,-0.073741,-0.013178,-0.351278,0.574903,-0.738862,0.000343,480.376167
469198,0.062841,0.440046,-0.073736,-0.013168,-0.351243,0.574884,-0.738893,0.000343,480.023575
469202,0.062835,0.440049,-0.073738,-0.013185,-0.351128,0.574957,-0.738891,0.000343,479.626350
469205,0.062837,0.440049,-0.073736,-0.013196,-0.351197,0.574909,-0.738895,0.000343,479.223976
469209,0.062830,0.440050,-0.073741,-0.013189,-0.351149,0.574912,-0.738916,0.000687,478.787613
469213,0.062836,0.440050,-0.073744,-0.013149,-0.351227,0.574922,-0.738872,0.000343,478.377686
469216,0.062834,0.440052,-0.073744,-0.013123,-0.351252,0.574860,-0.738909,0.000343,477.973595
469220,0.062830,0.440051,-0.073741,-0.013201,-0.351068,0.574938,-0.738934,0.000343,477.555428
469223,0.062826,0.440049,-0.073739,-0.013198,-0.351082,0.574925,-0.738937,0.000687,477.179146
469227,0.062830,0.440052,-0.073739,-0.013155,-0.351234,0.574847,-0.738926,0.000687,476.716690
469230,0.062830,0.440054,-0.073735,-0.013204,-0.351186,0.574859,-0.738940,0.000687,476.327362
469234,0.062830,0.440055,-0.073738,-0.013178,-0.351173,0.574875,-0.738933,0.000343,475.911942
469237,0.062836,0.440053,-0.073737,-0.013189,-0.351197,0.574864,-0.738931,0.000687,475.479698
469241,0.062831,0.440056,-0.073736,-0.013181,-0.351107,0.574874,-0.738966,0.000687,475.052261
469245,0.062834,0.440053,-0.073735,-0.013207,-0.351237,0.574812,-0.738952,0.000687,474.583626
469248,0.062831,0.440055,-0.073735,-0.013155,-0.351284,0.574798,-0.738941,0.000687,474.142456
469251,0.062828,0.440056,-0.073732,-0.013198,-0.351241,0.574779,-0.738976,0.000687,473.710556
469255,0.062821,0.440056,-0.073735,-0.013230,-0.351090,0.574864,-0.738980,0.001030,473.270416
469259,0.062821,0.440058,-0.073734,-0.013192,-0.351244,0.574747,-0.738999,0.000343,472.822723
469262,0.062821,0.440058,-0.073735,-0.013242,-0.351171,0.574793,-0.738997,0.000687,472.381554
469266,0.062816,0.440060,-0.073740,-0.013194,-0.351181,0.574764,-0.739016,0.000687,471.925278
469269,0.062821,0.440060,-0.073737,-0.013192,-0.351256,0.574732,-0.739005,0.000687,471.522217
469273,0.062815,0.440064,-0.073743,-0.013230,-0.351105,0.574749,-0.739063,0.000687,471.032639
469276,0.062819,0.440062,-0.073743,-0.013250,-0.351074,0.574773,-0.739058,0.000687,470.615501
469280,0.062822,0.440066,-0.073745,-0.013206,-0.351285,0.574646,-0.739058,0.000687,470.120430
469284,0.062818,0.440066,-0.073738,-0.013258,-0.351090,0.574691,-0.739115,0.000687,469.666214
469287,0.062820,0.440065,-0.073730,-0.013265,-0.351151,0.574693,-0.739084,0.000687,469.241524
469291,0.062818,0.440070,-0.073721,-0.013250,-0.351238,0.574572,-0.739137,0.000687,468.792114
469294,0.062818,0.440066,-0.073712,-0.013321,-0.351122,0.574628,-0.739147,0.000687,468.326912
469298,0.062815,0.440068,-0.073717,-0.013263,-0.351259,0.574551,-0.739143,0.000687,467.847633
469301,0.062820,0.440069,-0.073717,-0.013280,-0.351305,0.574525,-0.739141,0.000343,467.388954
469305,0.062808,0.440073,-0.073725,-0.013300,-0.351092,0.574541,-0.739230,0.000343,466.869164
469308,0.062808,0.440073,-0.073734,-0.013306,-0.351105,0.574564,-0.739205,0.000687,466.385078
469312,0.062805,0.440077,-0.073739,-0.013244,-0.351280,0.574428,-0.739229,0.000687,465.968628
469316,0.062805,0.440081,-0.073745,-0.013270,-0.351135,0.574469,-0.739266,0.000687,465.453987
469319,0.062811,0.440080,-0.073744,-0.013274,-0.351209,0.574446,-0.739248,0.000687,464.968529
469323,0.062816,0.440083,-0.073737,-0.013276,-0.351229,0.574369,-0.739298,0.000687,464.498863
469326,0.062820,0.440079,-0.073726,-0.013326,-0.351154,0.574418,-0.739295,0.000687,464.025421
469330,0.062822,0.440084,-0.073710,-0.013309,-0.351295,0.574276,-0.739339,0.000687,463.578072
469333,0.062825,0.440079,-0.073703,-0.013300,-0.351359,0.574291,-0.739297,0.000687,463.103256
469337,0.062816,0.440086,-0.073696,-0.013344,-0.351140,0.574305,-0.739389,0.000343,462.573509
469340,0.062811,0.440083,-0.073698,-0.013361,-0.351161,0.574316,-0.739370,0.000687,462.081871
469344,0.062807,0.440090,-0.073705,-0.013310,-0.351324,0.574180,-0.739399,0.000687,461.592979
469348,0.062801,0.440090,-0.073713,-0.013323,-0.351237,0.574205,-0.739421,0.000687,461.166229
469351,0.062801,0.440092,-0.073721,-0.013302,-0.351311,0.574167,-0.739416,0.000343,460.673561
469354,0.062802,0.440093,-0.073726,-0.013258,-0.351386,0.574104,-0.739430,0.000687,460.183296
469358,0.062806,0.440094,-0.073723,-0.013349,-0.351182,0.574144,-0.739494,0.000687,459.652176
469358,0.062806,0.440094,-0.073723,-0.013349,-0.351182,0.574144,-0.739494,0.000687,459.166031
469358,0.062806,0.440094,-0.073723,-0.013349,-0.351182,0.574144,-0.739494,0.000687,458.711815
469358,0.062806,0.440094,-0.073723,-0.013349,-0.351182,0.574144,-0.739494,0.000687,458.174515
469358,0.062806,0.440094,-0.073723,-0.013349,-0.351182,0.574144,-0.739494,0.000343,457.683563
469358,0.062806,0.440094,-0.073723,-0.013349,-0.351182,0.574144,-0.739494,0.000687,457.173729
469358,0.062806,0.440094,-0.073723,-0.013349,-0.351182,0.574144,-0.739494,0.000687,456.674538
469358,0.062806,0.440094,-0.073723,-0.013349,-0.351182,0.574144,-0.739494,0.000687,456.189766
469358,0.062806,0.440094,-0.073723,-0.013349,-0.351182,0.574144,-0.739494,0.000687,455.691261
469358,0.062806,0.440094,-0.073723,-0.013349,-0.351182,0.574144,-0.739494,0.000687,455.236702
469358,0.062806,0.440094,-0.073723,-0.013349,-0.351182,0.574144,-0.739494,0.000687,454.703522
469358,0.062806,0.440094,-0.073723,-0.013349,-0.351182,0.574144,-0.739494,0.000687,454.213600
469358,0.062806,0.440094,-0.073723,-0.013349,-0.351182,0.574144,-0.739494,0.000687,453.700333
469358,0.062806,0.440094,-0.073723,-0.013349,-0.351182,0.574144,-0.739494,0.000687,453.263969
469358,0.062806,0.440094,-0.073723,-0.013349,-0.351182,0.574144,-0.739494,0.000687,452.768211
469358,0.062806,0.440094,-0.073723,-0.013349,-0.351182,0.574144,-0.739494,0.000687,452.204132
469358,0.062806,0.440094,-0.073723,-0.013349,-0.351182,0.574144,-0.739494,0.000687,451.745796
469358,0.062806,0.440094,-0.073723,-0.013349,-0.351182,0.574144,-0.739494,0.000687,451.200600
469358,0.062806,0.440094,-0.073723,-0.013349,-0.351182,0.574144,-0.739494,0.000343,450.707932
469358,0.062806,0.440094,-0.073723,-0.013349,-0.351182,0.574144,-0.739494,0.000687,450.194321
469358,0.062806,0.440094,-0.073723,-0.013349,-0.351182,0.574144,-0.739494,0.000687,449.749031
469358,0.062806,0.440094,-0.073723,-0.013349,-0.351182,0.574144,-0.739494,0.000687,449.262199
469358,0.062806,0.440094,-0.073723,-0.013349,-0.351182,0.574144,-0.739494,0.000687,448.753395
469358,0.062806,0.440094,-0.073723,-0.013349,-0.351182,0.574144,-0.739494,0.000343,448.195496
469358,0.062806,0.440094,-0.073723,-0.013349,-0.351182,0.574144,-0.739494,0.000343,447.764282
469358,0.062806,0.440094,-0.073723,-0.013349,-0.351182,0.574144,-0.739494,0.000687,447.211533
469358,0.062806,0.440094,-0.073723,-0.013349,-0.351182,0.574144,-0.739494,0.000343,446.693802
469358,0.062806,0.440094,-0.073723,-0.013349,-0.351182,0.574144,-0.739494,0.000343,446.253319
469358,0.062806,0.440094,-0.073723,-0.013349,-0.351182,0.574144,-0.739494,0.000687,445.758247
469358,0.062806,0.440094,-0.073723,-0.013349,-0.351182,0.574144,-0.739494,0.000687,445.249786
469465,0.062807,0.440117,-0.073690,-0.013379,-0.351446,0.573544,-0.739834,0.000687,444.755402
469468,0.062809,0.440119,-0.073683,-0.013362,-0.351541,0.573482,-0.739837,0.000687,444.213638
469472,0.062799,0.440122,-0.073689,-0.013348,-0.351403,0.573513,-0.739878,0.000687,443.710670
469475,0.062792,0.440124,-0.073691,-0.013343,-0.351381,0.573519,-0.739885,0.000687,443.197403
469479,0.062794,0.440126,-0.073701,-0.013262,-0.351601,0.573424,-0.739855,0.000687,442.700615
469482,0.062788,0.440127,-0.073706,-0.013279,-0.351582,0.573385,-0.739895,0.000687,442.256699
469486,0.062791,0.440125,-0.073704,-0.013328,-0.351434,0.573463,-0.739903,0.000343,441.702232
469490,0.062795,0.440129,-0.073703,-0.013295,-0.351565,0.573410,-0.739883,0.000343,441.198235
469493,0.062801,0.440125,-0.073695,-0.013388,-0.351474,0.573407,-0.739926,0.000343,440.764618
469497,0.062803,0.440126,-0.073695,-0.013319,-0.351522,0.573408,-0.739904,0.000343,440.208092
469500,0.062811,0.440126,-0.073694,-0.013337,-0.351596,0.573340,-0.739921,0.000687,439.700661
469504,0.062808,0.440127,-0.073702,-0.013317,-0.351399,0.573454,-0.739928,0.000687,439.207649
469507,0.062806,0.440130,-0.073707,-0.013298,-0.351424,0.573394,-0.739962,0.000687,438.758583
469511,0.062803,0.440129,-0.073709,-0.013300,-0.351609,0.573313,-0.739937,0.000687,438.199654
469515,0.062788,0.440133,-0.073704,-0.013338,-0.351426,0.573406,-0.739951,0.000687,437.702179
469518,0.062786,0.440132,-0.073695,-0.013346,-0.351508,0.573343,-0.739961,0.000687,437.210884
469522,0.062783,0.440135,-0.073688,-0.013298,-0.351551,0.573275,-0.739994,0.000343,436.756668
469525,0.062787,0.440135,-0.073682,-0.013343,-0.351504,0.573298,-0.739998,0.000687,436.206322
469528,0.062787,0.440134,-0.073682,-0.013362,-0.351444,0.573307,-0.740019,0.000687,435.764122
469532,0.062794,0.440132,-0.073684,-0.013335,-0.351670,0.573226,-0.739974,0.000687,435.209656
469536,0.062788,0.440135,-0.073690,-0.013341,-0.351463,0.573334,-0.739989,0.000687,434.695702
469539,0.062782,0.440138,-0.073696,-0.013323,-0.351512,0.573269,-0.740017,0.000687,434.196510
469543,0.062778,0.440135,-0.073706,-0.013310,-0.351644,0.573206,-0.740003,0.000687,433.711052
469546,0.062770,0.440142,-0.073712,-0.013341,-0.351550,0.573192,-0.740058,0.000687,433.205338
469550,0.062770,0.440139,-0.073716,-0.013328,-0.351525,0.573251,-0.740024,0.000687,432.743912
469553,0.062765,0.440143,-0.073715,-0.013300,-0.351609,0.573148,-0.740065,0.000687,432.261543
469557,0.062763,0.440140,-0.073709,-0.013351,-0.351486,0.573219,-0.740067,0.000687,431.758919
469561,0.062761,0.440141,-0.073703,-0.013279,-0.351684,0.573166,-0.740015,0.000343,431.197929
469564,0.062762,0.440141,-0.073699,-0.013307,-0.351709,0.573107,-0.740049,0.000687,430.709381
469568,0.062756,0.440143,-0.073702,-0.013358,-0.351506,0.573175,-0.740092,0.000687,430.219803
469571,0.062757,0.440146,-0.073701,-0.013332,-0.351538,0.573123,-0.740117,0.000687,429.707222
469575,0.062760,0.440146,-0.073707,-0.013279,-0.351667,0.573089,-0.740083,0.000343,429.194298
469578,0.062756,0.440151,-0.073707,-0.013319,-0.351573,0.573049,-0.740158,0.000343,428.763084
469582,0.062765,0.440148,-0.073708,-0.013302,-0.351640,0.573072,-0.740109,0.000343,428.261833
469585,0.062765,0.440149,-0.073705,-0.013271,-0.351733,0.572991,-0.740127,0.000687,427.696724
469589,0.062769,0.440146,-0.073695,-0.013338,-0.351525,0.573087,-0.740151,0.000343,427.248344
469592,0.062769,0.440150,-0.073693,-0.013316,-0.351551,0.573035,-0.740180,0.000687,426.757050
469596,0.062770,0.440149,-0.073685,-0.013335,-0.351742,0.572932,-0.740168,0.000687,426.208076
469600,0.062757,0.440153,-0.073691,-0.013348,-0.351546,0.572993,-0.740214,0.000687,425.755920
469603,0.062749,0.440154,-0.073698,-0.013323,-0.351623,0.572958,-0.740205,0.000343,425.211411
469607,0.062743,0.440158,-0.073711,-0.013273,-0.351704,0.572886,-0.740222,0.000687,424.712563
469610,0.062734,0.440164,-0.073723,-0.013257,-0.351626,0.572857,-0.740282,0.000687,424.209251
469614,0.062737,0.440161,-0.073725,-0.013249,-0.351753,0.572860,-0.740220,0.000687,423.767395
469618,0.062732,0.440167,-0.073723,-0.013275,-0.351619,0.572806,-0.740325,0.000343,423.259964
469621,0.062742,0.440163,-0.073715,-0.013296,-0.351612,0.572850,-0.740294,0.000343,422.701378
469624,0.062750,0.440164,-0.073704,-0.013317,-0.351641,0.572794,-0.740323,0.000343,422.196350
469628,0.062767,0.440165,-0.073695,-0.013301,-0.351826,0.572706,-0.740304,0.000687,421.706772
469632,0.062772,0.440165,-0.073690,-0.013315,-0.351691,0.572744,-0.740339,0.000687,421.246719
469635,0.062771,0.440170,-0.073687,-0.013355,-0.351745,0.572700,-0.740346,0.000343,420.743752
469639,0.062767,0.440171,-0.073688,-0.013330,-0.351779,0.572611,-0.740399,0.000343,420.255203
469642,0.062754,0.440177,-0.073694,-0.013333,-0.351689,0.572606,-0.740446,0.000343,419.708977
469642,0.062754,0.440177,-0.073694,-0.013333,-0.351689,0.572606,-0.740446,0.000343,419.253387
469642,0.062754,0.440177,-0.073694,-0.013333,-0.351689,0.572606,-0.740446,0.000343,418.709908
469642,0.062754,0.440177,-0.073694,-0.013333,-0.351689,0.572606,-0.740446,0.000343,418.220673
469642,0.062754,0.440177,-0.073694,-0.013333,-0.351689,0.572606,-0.740446,0.000687,417.709465
469642,0.062754,0.440177,-0.073694,-0.013333,-0.351689,0.572606,-0.740446,0.000343,417.243919
469642,0.062754,0.440177,-0.073694,-0.013333,-0.351689,0.572606,-0.740446,0.000343,416.764984
469642,0.062754,0.440177,-0.073694,-0.013333,-0.351689,0.572606,-0.740446,0.000343,416.259270
469642,0.062754,0.440177,-0.073694,-0.013333,-0.351689,0.572606,-0.740446,0.000343,415.742226
469642,0.062754,0.440177,-0.073694,-0.013333,-0.351689,0.572606,-0.740446,0.000687,415.243034
469642,0.062754,0.440177,-0.073694,-0.013333,-0.351689,0.572606,-0.740446,0.000687,414.701958
469642,0.062754,0.440177,-0.073694,-0.013333,-0.351689,0.572606,-0.740446,0.000343,414.259415
469642,0.062754,0.440177,-0.073694,-0.013333,-0.351689,0.572606,-0.740446,0.000343,413.758163
469642,0.062754,0.440177,-0.073694,-0.013333,-0.351689,0.572606,-0.740446,0.000343,413.271675
469642,0.062754,0.440177,-0.073694,-0.013333,-0.351689,0.572606,-0.740446,0.000343,412.721329
469642,0.062754,0.440177,-0.073694,-0.013333,-0.351689,0.572606,-0.740446,0.000343,412.207375
469642,0.062754,0.440177,-0.073694,-0.013333,-0.351689,0.572606,-0.740446,0.000343,411.755219
469642,0.062754,0.440177,-0.073694,-0.013333,-0.351689,0.572606,-0.740446,0.000343,411.209679
469642,0.062754,0.440177,-0.073694,-0.013333,-0.351689,0.572606,-0.740446,0.000343,410.751343
469642,0.062754,0.440177,-0.073694,-0.013333,-0.351689,0.572606,-0.740446,0.000343,410.237045
469642,0.062754,0.440177,-0.073694,-0.013333,-0.351689,0.572606,-0.740446,0.000343,409.700089
469642,0.062754,0.440177,-0.073694,-0.013333,-0.351689,0.572606,-0.740446,0.000343,409.201241
469642,0.062754,0.440177,-0.073694,-0.013333,-0.351689,0.572606,-0.740446,0.000343,408.700333
469642,0.062754,0.440177,-0.073694,-0.013333,-0.351689,0.572606,-0.740446,0.000343,408.264999
469642,0.062754,0.440177,-0.073694,-0.013333,-0.351689,0.572606,-0.740446,0.000343,407.773018
469642,0.062754,0.440177,-0.073694,-0.013333,-0.351689,0.572606,-0.740446,0.000343,407.223358
469642,0.062754,0.440177,-0.073694,-0.013333,-0.351689,0.572606,-0.740446,0.000343,406.708374
469642,0.062754,0.440177,-0.073694,-0.013333,-0.351689,0.572606,-0.740446,0.000343,406.210899
469642,0.062754,0.440177,-0.073694,-0.013333,-0.351689,0.572606,-0.740446,0.000343,405.707245
469642,0.062754,0.440177,-0.073694,-0.013333,-0.351689,0.572606,-0.740446,0.000343,405.252686
469748,0.062691,0.440269,-0.073679,-0.013227,-0.352449,0.570680,-0.741572,0.000343,404.692383
469752,0.062691,0.440271,-0.073679,-0.013212,-0.352582,0.570587,-0.741581,0.000343,404.234734
469756,0.062681,0.440277,-0.073678,-0.013236,-0.352516,0.570453,-0.741714,0.000343,403.729706
469759,0.062679,0.440281,-0.073674,-0.013254,-0.352492,0.570413,-0.741756,0.000343,403.249397
469763,0.062673,0.440287,-0.073670,-0.013224,-0.352733,0.570167,-0.741831,0.000343,402.720337
469766,0.062669,0.440288,-0.073665,-0.013234,-0.352736,0.570109,-0.741874,0.000343,402.222862
469770,0.062659,0.440296,-0.073665,-0.013219,-0.352656,0.570075,-0.741939,0.000343,401.725044
469774,0.062661,0.440305,-0.073665,-0.013182,-0.352846,0.569843,-0.742028,0.000343,401.228256
469777,0.062654,0.440310,-0.073668,-0.013175,-0.352807,0.569799,-0.742080,0.000343,400.772667
469781,0.062656,0.440313,-0.073668,-0.013199,-0.352850,0.569686,-0.742146,0.000343,400.240860
469784,0.062658,0.440318,-0.073667,-0.013167,-0.352944,0.569597,-0.742170,0.000343,399.732399
469788,0.062655,0.440325,-0.073661,-0.013230,-0.352827,0.569499,-0.742300,0.000343,399.178619
469791,0.062657,0.440325,-0.073659,-0.013224,-0.352850,0.569467,-0.742314,0.000000,398.682518
469795,0.062656,0.440332,-0.073654,-0.013201,-0.353074,0.569224,-0.742394,0.000343,398.186417
469799,0.062654,0.440337,-0.073652,-0.013210,-0.352946,0.569233,-0.742447,0.000343,397.754173
469802,0.062649,0.440341,-0.073657,-0.013194,-0.353024,0.569142,-0.742480,0.000343,397.226143
469805,0.062649,0.440343,-0.073654,-0.013177,-0.353118,0.569058,-0.742500,0.000343,396.779137
469809,0.062634,0.440353,-0.073657,-0.013162,-0.353090,0.568906,-0.742630,0.000343,396.235313
469813,0.062631,0.440355,-0.073654,-0.013199,-0.353197,0.568769,-0.742684,0.000343,395.749512
469816,0.062629,0.440360,-0.073656,-0.013142,-0.353293,0.568679,-0.742709,0.000000,395.213585
469820,0.062624,0.440368,-0.073647,-0.013162,-0.353156,0.568621,-0.742818,0.000000,394.726067
469823,0.062628,0.440369,-0.073643,-0.013165,-0.353192,0.568555,-0.742851,0.000000,394.237862
469827,0.062629,0.440375,-0.073640,-0.013116,-0.353404,0.568341,-0.742915,0.000000,393.739700
469830,0.062632,0.440377,-0.073637,-0.013121,-0.353349,0.568303,-0.742970,0.000000,393.237419
469834,0.062626,0.440383,-0.073638,-0.013131,-0.353395,0.568200,-0.743026,0.000343,392.697372
469837,0.062626,0.440384,-0.073640,-0.013099,-0.353510,0.568111,-0.743040,0.000000,392.215691
469841,0.062610,0.440394,-0.073642,-0.013158,-0.353384,0.567994,-0.743189,0.000000,391.720963
469845,0.062601,0.440400,-0.073643,-0.013092,-0.353591,0.567812,-0.743231,0.000343,391.221428
469848,0.062592,0.440407,-0.073644,-0.013085,-0.353628,0.567695,-0.743302,0.000343,390.784721
469852,0.062578,0.440415,-0.073645,-0.013110,-0.353523,0.567629,-0.743403,0.000000,390.262184
469855,0.062576,0.440416,-0.073645,-0.013123,-0.353577,0.567557,-0.743431,0.000000,389.687119
469859,0.062569,0.440427,-0.073644,-0.013099,-0.353735,0.567299,-0.743554,0.000343,389.168358
469862,0.062570,0.440431,-0.073641,-0.013106,-0.353702,0.567256,-0.743602,0.000343,388.686676
469866,0.062569,0.440443,-0.073630,-0.013223,-0.353759,0.567067,-0.743716,0.000000,388.196411
469869,0.062571,0.440447,-0.073626,-0.013261,-0.353845,0.566931,-0.743779,0.000000,387.697563
469873,0.062560,0.440456,-0.073620,-0.013244,-0.353753,0.566783,-0.743936,0.000000,387.214165
469876,0.062558,0.440460,-0.073613,-0.013241,-0.353785,0.566689,-0.743992,0.000000,386.721840
469880,0.062558,0.440468,-0.073609,-0.013188,-0.354053,0.566418,-0.744072,0.000343,386.280670
469884,0.062553,0.440476,-0.073606,-0.013214,-0.353929,0.566340,-0.744190,0.000000,385.791092
469887,0.062550,0.440483,-0.073605,-0.013218,-0.354005,0.566191,-0.744267,0.000000,385.262032
469891,0.062539,0.440496,-0.073603,-0.013261,-0.354127,0.565963,-0.744381,0.000000,384.729195
469894,0.062532,0.440499,-0.073602,-0.013241,-0.354115,0.565871,-0.744458,0.000343,384.175415
469898,0.062518,0.440507,-0.073603,-0.013213,-0.354262,0.565652,-0.744554,0.000000,383.696136
469901,0.062512,0.440512,-0.073600,-0.013218,-0.354335,0.565498,-0.744636,0.000343,383.266296
469905,0.062497,0.440526,-0.073601,-0.013193,-0.354248,0.565368,-0.744777,0.000000,382.705307
469908,0.062491,0.440531,-0.073598,-0.013198,-0.354303,0.565243,-0.744846,0.000343,382.204399
469912,0.062489,0.440542,-0.073597,-0.013191,-0.354509,0.564947,-0.744973,0.000000,381.702461
469916,0.062479,0.440548,-0.073592,-0.013216,-0.354432,0.564820,-0.745105,0.000000,381.203270
469919,0.062481,0.440556,-0.073586,-0.013232,-0.354567,0.564659,-0.745162,0.000000,380.719185
469923,0.062471,0.440570,-0.073579,-0.013228,-0.354618,0.564415,-0.745323,0.000000,380.227890
469926,0.062468,0.440577,-0.073572,-0.013245,-0.354580,0.564304,-0.745425,0.000000,379.737625
469930,0.062457,0.440588,-0.073568,-0.013175,-0.354852,0.564044,-0.745493,0.000000,379.220581
469933,0.062447,0.440596,-0.073561,-0.013182,-0.354902,0.563839,-0.745625,0.000343,378.685684
469937,0.062428,0.440609,-0.073561,-0.013158,-0.354824,0.563714,-0.745757,0.000343,378.216705
469940,0.062416,0.440617,-0.073561,-0.013169,-0.354887,0.563537,-0.745860,0.000000,377.715111
469944,0.062401,0.440631,-0.073559,-0.013160,-0.355077,0.563187,-0.746034,0.000343,377.244415
469948,0.062385,0.440644,-0.073559,-0.013162,-0.355085,0.562975,-0.746191,0.000000,376.707802
469951,0.062379,0.440654,-0.073554,-0.013167,-0.355243,0.562714,-0.746312,0.000000,376.208267
469955,0.062368,0.440672,-0.073554,-0.013084,-0.355282,0.562409,-0.746525,0.000343,375.710106
469958,0.062365,0.440678,-0.073548,-0.013127,-0.355302,0.562227,-0.746652,0.000000,375.201988
469962,0.062362,0.440691,-0.073545,-0.013046,-0.355581,0.561888,-0.746775,0.000000,374.748459
469965,0.062363,0.440704,-0.073535,-0.013192,-0.355604,0.561652,-0.746939,0.000343,374.241714
469969,0.062353,0.440716,-0.073527,-0.013190,-0.355554,0.561492,-0.747084,0.000000,373.750420
469972,0.062347,0.440728,-0.073521,-0.013188,-0.355664,0.561273,-0.747196,0.000000,373.273544
469976,0.062337,0.440739,-0.073508,-0.013207,-0.355781,0.560979,-0.747361,0.000000,372.755127
469979,0.062325,0.440749,-0.073506,-0.013206,-0.355758,0.560849,-0.747469,0.000000,372.194481
469983,0.062316,0.440753,-0.073505,-0.013157,-0.355977,0.560634,-0.747527,0.000343,371.770821
469986,0.062306,0.440767,-0.073504,-0.013167,-0.356038,0.560421,-0.747657,0.000000,371.266823
469990,0.062293,0.440776,-0.073508,-0.013178,-0.355946,0.560282,-0.747805,0.000343,370.709267
469994,0.062283,0.440789,-0.073507,-0.013148,-0.356198,0.559960,-0.747927,0.000343,370.191536
469997,0.062274,0.440800,-0.073502,-0.013163,-0.356227,0.559715,-0.748097,0.000000,369.693718
470001,0.062264,0.440814,-0.073499,-0.013164,-0.356212,0.559523,-0.748247,0.000343,369.194527
470004,0.062260,0.440826,-0.073490,-0.013170,-0.356348,0.559233,-0.748399,0.000000,368.690872
470008,0.062256,0.440842,-0.073482,-0.013151,-0.356415,0.558928,-0.748595,0.000000,368.211250
470011,0.062247,0.440854,-0.073471,-0.013189,-0.356434,0.558675,-0.748775,0.000000,367.712746
470015,0.062244,0.440867,-0.073466,-0.013162,-0.356713,0.558326,-0.748902,0.000000,367.243080
470018,0.062231,0.440887,-0.073461,-0.013180,-0.356828,0.557961,-0.749119,0.000000,366.760025
470022,0.062212,0.440906,-0.073454,-0.013202,-0.356770,0.557636,-0.749389,0.000000,366.271477
470026,0.062192,0.440928,-0.073454,-0.013165,-0.357076,0.557118,-0.749629,0.000000,365.768852
470029,0.062170,0.440944,-0.073447,-0.013211,-0.357116,0.556762,-0.749873,0.000000,365.250092
470033,0.062143,0.440960,-0.073447,-0.013062,-0.357223,0.556407,-0.750088,0.000000,364.698372
470036,0.062126,0.440977,-0.073438,-0.013059,-0.357406,0.556031,-0.750280,0.000000,364.189568
470040,0.062112,0.441000,-0.073424,-0.013074,-0.357494,0.555584,-0.750569,0.000000,363.682823
470043,0.062096,0.441017,-0.073412,-0.013088,-0.357538,0.555257,-0.750790,0.000343,363.207664
470047,0.062090,0.441031,-0.073395,-0.013099,-0.357837,0.554825,-0.750966,0.000000,362.722206
470050,0.062075,0.441050,-0.073386,-0.013077,-0.357928,0.554423,-0.751220,0.000000,362.256660
470054,0.062057,0.441066,-0.073374,-0.013132,-0.357906,0.554097,-0.751470,0.000343,361.767769
470058,0.062035,0.441086,-0.073374,-0.013066,-0.358162,0.553629,-0.751695,0.000000,361.281624
470061,0.062018,0.441103,-0.073372,-0.013093,-0.358194,0.553319,-0.751907,0.000000,360.769043
470065,0.062001,0.441128,-0.073366,-0.013191,-0.358315,0.552882,-0.752169,0.000343,360.239296
470068,0.061979,0.441137,-0.073371,-0.013014,-0.358485,0.552603,-0.752296,0.000000,359.725685
470072,0.061959,0.441152,-0.073363,-0.013075,-0.358470,0.552264,-0.752551,0.000000,359.174995
470075,0.061947,0.441171,-0.073357,-0.013065,-0.358567,0.551955,-0.752732,0.000343,358.726273
470079,0.061939,0.441184,-0.073342,-0.013089,-0.358832,0.551526,-0.752920,0.000343,358.193436
470082,0.061928,0.441208,-0.073324,-0.013209,-0.358873,0.551144,-0.753177,0.000343,357.732010
470086,0.061917,0.441221,-0.073315,-0.013257,-0.358882,0.550867,-0.753375,0.000343,357.275734
470089,0.061906,0.441238,-0.073308,-0.013248,-0.359051,0.550514,-0.753552,0.000343,356.775169
470093,0.061887,0.441260,-0.073302,-0.013226,-0.359142,0.550069,-0.753834,0.000000,356.224136
470097,0.061864,0.441284,-0.073294,-0.013213,-0.359362,0.549547,-0.754110,0.000343,355.720482
470100,0.061842,0.441307,-0.073287,-0.013174,-0.359551,0.549057,-0.754378,0.000000,355.187645
470104,0.061810,0.441345,-0.073274,-0.013255,-0.359622,0.548297,-0.754895,0.000000,354.711113
470107,0.061775,0.441384,-0.073257,-0.013235,-0.359862,0.547470,-0.755382,0.000000,354.223251
470111,0.061748,0.441417,-0.073241,-0.013227,-0.360205,0.546605,-0.755844,0.000343,353.731956
470114,0.061719,0.441450,-0.073220,-0.013314,-0.360291,0.545872,-0.756331,0.000343,353.247871
470118,0.061691,0.441491,-0.073193,-0.013319,-0.360556,0.545213,-0.756680,0.000000,352.766190
470121,0.061657,0.441521,-0.073177,-0.013348,-0.360771,0.544478,-0.757106,0.000000,352.275581
470125,0.061606,0.441570,-0.073159,-0.013376,-0.361011,0.543459,-0.757723,0.000343,351.770897
470129,0.061544,0.441617,-0.073146,-0.013317,-0.361397,0.542287,-0.758379,0.000000,351.216087
470132,0.061496,0.441656,-0.073132,-0.013311,-0.361642,0.541429,-0.758875,0.000000,350.721016
470136,0.061458,0.441701,-0.073118,-0.013417,-0.361749,0.540599,-0.759415,0.000343,350.188866
470139,0.061429,0.441721,-0.073113,-0.013383,-0.361918,0.540052,-0.759724,0.000343,349.704781
470143,0.061415,0.441748,-0.073101,-0.013408,-0.362194,0.539388,-0.760063,0.000343,349.224472
470146,0.061402,0.441770,-0.073091,-0.013379,-0.362274,0.538919,-0.760359,0.000343,348.684082
470150,0.061395,0.441790,-0.073073,-0.013388,-0.362472,0.538380,-0.760646,0.000000,348.204117
470153,0.061381,0.441813,-0.073061,-0.013380,-0.362662,0.537842,-0.760936,0.000000,347.717285
470157,0.061358,0.441839,-0.073041,-0.013405,-0.362744,0.537232,-0.761327,0.000343,347.228394
470161,0.061331,0.441864,-0.073033,-0.013343,-0.363036,0.536585,-0.761646,0.000000,346.774178
470164,0.061305,0.441875,-0.073036,-0.013338,-0.363106,0.536041,-0.761995,0.000000,346.281853
470168,0.061267,0.441909,-0.073032,-0.013300,-0.363148,0.535371,-0.762447,0.000000,345.793648
470171,0.061238,0.441946,-0.073018,-0.013422,-0.363343,0.534656,-0.762853,0.000343,345.214462
470175,0.061195,0.441981,-0.073004,-0.013441,-0.363632,0.533728,-0.763365,0.000000,344.713554
470178,0.061167,0.442011,-0.072998,-0.013407,-0.363699,0.533139,-0.763744,0.000000,344.202690
470182,0.061135,0.442039,-0.072979,-0.013442,-0.363932,0.532344,-0.764187,0.000343,343.726501
470185,0.061111,0.442068,-0.072966,-0.013458,-0.364131,0.531622,-0.764595,0.000000,343.253746
470189,0.061080,0.442107,-0.072941,-0.013505,-0.364254,0.530705,-0.765172,0.000343,342.761421
470193,0.061068,0.442175,-0.072890,-0.013432,-0.364814,0.529872,-0.765484,0.000343,342.223091
470196,0.061053,0.442217,-0.072861,-0.013725,-0.364934,0.529133,-0.765933,0.000343,341.714973
470200,0.061022,0.442248,-0.072856,-0.013664,-0.365060,0.528450,-0.766345,0.000000,341.203423
470203,0.060997,0.442268,-0.072850,-0.013659,-0.365223,0.527955,-0.766609,0.000000,340.725174
470207,0.060965,0.442299,-0.072844,-0.013675,-0.365402,0.527193,-0.767048,0.000343,340.279198
470210,0.060930,0.442322,-0.072838,-0.013659,-0.365510,0.526682,-0.767348,0.000000,339.710655
470214,0.060902,0.442348,-0.072828,-0.013677,-0.365734,0.525998,-0.767709,0.000000,339.171982
470217,0.060880,0.442367,-0.072819,-0.013605,-0.365874,0.525603,-0.767915,0.000000,338.666954
470221,0.060852,0.442387,-0.072800,-0.013639,-0.365871,0.525073,-0.768277,0.000343,338.204155
470224,0.060842,0.442398,-0.072789,-0.013626,-0.365988,0.524776,-0.768425,0.000000,337.707367
470228,0.060825,0.442420,-0.072772,-0.013585,-0.366217,0.524159,-0.768738,0.000000,337.207146
470231,0.060825,0.442460,-0.072745,-0.013902,-0.366292,0.523552,-0.769110,0.000343,336.754646
470235,0.060800,0.442485,-0.072735,-0.013835,-0.366472,0.522916,-0.769458,0.000000,336.255112
470239,0.060757,0.442520,-0.072721,-0.013853,-0.366700,0.521958,-0.770000,0.000343,335.769997
470242,0.060594,0.442391,-0.072901,-0.011690,-0.366690,0.522270,-0.769829,0.000000,335.225830
470246,0.060555,0.442422,-0.072894,-0.011684,-0.366975,0.521507,-0.770210,0.000343,334.718056
470249,0.060527,0.442443,-0.072893,-0.011625,-0.367136,0.521057,-0.770438,0.000343,334.209595
470253,0.060496,0.442469,-0.072890,-0.011632,-0.367137,0.520585,-0.770757,0.000000,333.712463
470256,0.060477,0.442484,-0.072885,-0.011614,-0.367321,0.520190,-0.770937,0.000000,333.222885
470260,0.060451,0.442519,-0.072868,-0.011615,-0.367545,0.519453,-0.771327,0.000000,332.740173
470263,0.060434,0.442539,-0.072854,-0.011664,-0.367633,0.518984,-0.771600,0.000000,332.182961
470267,0.060410,0.442572,-0.072839,-0.011628,-0.367902,0.518287,-0.771940,0.000343,331.677933
470271,0.060240,0.442376,-0.072871,-0.010034,-0.368081,0.520223,-0.770574,0.000000,331.183205
470274,0.060214,0.442396,-0.072859,-0.009987,-0.368215,0.519788,-0.770804,0.000000,330.746498
470278,0.060184,0.442423,-0.072841,-0.009956,-0.368518,0.519091,-0.771129,0.000343,330.201988
470281,0.060156,0.442443,-0.072833,-0.009944,-0.368623,0.518645,-0.771379,0.000343,329.716187
470285,0.060117,0.442469,-0.072825,-0.009946,-0.368721,0.518057,-0.771727,0.000000,329.256821
470288,0.060096,0.442482,-0.072821,-0.009875,-0.368895,0.517683,-0.771896,0.000000,328.775826
470292,0.060059,0.442507,-0.072813,-0.009882,-0.369050,0.517097,-0.772215,0.000000,328.232002
470296,0.060030,0.442526,-0.072802,-0.009839,-0.369195,0.516580,-0.772492,0.000343,327.751350
470299,0.059998,0.442548,-0.072791,-0.009821,-0.369388,0.516044,-0.772758,0.000000,327.228127
470302,0.059970,0.442566,-0.072779,-0.009827,-0.369560,0.515521,-0.773025,0.000000,326.747475
470306,0.059932,0.442596,-0.072764,-0.009795,-0.369677,0.514905,-0.773379,0.000343,326.192322
470310,0.059898,0.442627,-0.072754,-0.009656,-0.370068,0.514058,-0.773757,0.000343,325.704803
470313,0.059855,0.442661,-0.072737,-0.009678,-0.370268,0.513259,-0.774191,0.000343,325.196686
470317,0.059797,0.442711,-0.072709,-0.009683,-0.370564,0.512091,-0.774823,0.000343,324.694405
470320,0.059749,0.442743,-0.072687,-0.009604,-0.370879,0.511155,-0.775292,0.000343,324.236069
470324,0.059674,0.442794,-0.072649,-0.009588,-0.371217,0.509848,-0.775990,0.000000,323.745117
470327,0.059640,0.442823,-0.072624,-0.009590,-0.371397,0.509125,-0.776378,0.000000,323.216400
470331,0.059594,0.442854,-0.072601,-0.009488,-0.371740,0.508300,-0.776756,0.000343,322.776260
470334,0.059570,0.442871,-0.072591,-0.009419,-0.371897,0.507794,-0.777013,0.000000,322.215958
470338,0.059536,0.442899,-0.072584,-0.009453,-0.371985,0.507202,-0.777357,0.000343,321.700630
470342,0.059499,0.442926,-0.072575,-0.009353,-0.372289,0.506478,-0.777685,0.000000,321.262550
470345,0.059465,0.442950,-0.072568,-0.009349,-0.372382,0.505943,-0.777988,0.000000,320.709457
470349,0.059418,0.442978,-0.072557,-0.009330,-0.372584,0.505243,-0.778347,0.000343,320.191383
470352,0.059382,0.442999,-0.072543,-0.009325,-0.372781,0.504640,-0.778644,0.000000,319.728241
470356,0.059336,0.443023,-0.072526,-0.009375,-0.372927,0.503878,-0.779067,0.000343,319.222527
470359,0.059312,0.443041,-0.072505,-0.009385,-0.373045,0.503351,-0.779351,0.000343,318.741188
470363,0.059276,0.443073,-0.072489,-0.009277,-0.373425,0.502571,-0.779673,0.000000,318.213844
470366,0.059246,0.443095,-0.072468,-0.009275,-0.373591,0.501881,-0.780038,0.000000,317.734566
470370,0.059202,0.443123,-0.072457,-0.009205,-0.373752,0.501231,-0.780380,0.000343,317.229195
470373,0.059179,0.443138,-0.072449,-0.009191,-0.373922,0.500817,-0.780564,0.000343,316.762962
470377,0.059145,0.443162,-0.072447,-0.009158,-0.374059,0.500251,-0.780861,0.000343,316.276474
470381,0.059113,0.443182,-0.072439,-0.009152,-0.374213,0.499751,-0.781108,0.000343,315.780029
470384,0.059088,0.443195,-0.072435,-0.009121,-0.374389,0.499331,-0.781292,0.000000,315.199127
470388,0.059049,0.443227,-0.072424,-0.009095,-0.374477,0.498693,-0.781659,0.000343,314.723282
470391,0.059030,0.443242,-0.072409,-0.009095,-0.374639,0.498212,-0.781887,0.000343,314.174995
470395,0.058995,0.443269,-0.072393,-0.008899,-0.375011,0.497440,-0.782203,0.000343,313.724556
470398,0.058971,0.443288,-0.072367,-0.008915,-0.375138,0.496910,-0.782479,0.000343,313.264503
470402,0.058945,0.443310,-0.072348,-0.008850,-0.375313,0.496362,-0.782743,0.000343,312.783165
470406,0.058908,0.443337,-0.072317,-0.008828,-0.375566,0.495612,-0.783097,0.000343,312.228699
470409,0.058876,0.443357,-0.072307,-0.008866,-0.375669,0.495110,-0.783365,0.000343,311.729507
470413,0.058836,0.443384,-0.072301,-0.008751,-0.375923,0.494447,-0.783663,0.000343,311.235466
470416,0.058803,0.443400,-0.072297,-0.008765,-0.376121,0.493945,-0.783884,0.000343,310.729065
470420,0.058751,0.443433,-0.072292,-0.008746,-0.376210,0.493250,-0.784279,0.000343,310.194855
470423,0.058714,0.443455,-0.072282,-0.008739,-0.376396,0.492714,-0.784527,0.000343,309.712830
470427,0.058667,0.443483,-0.072273,-0.008703,-0.376670,0.492010,-0.784838,0.000343,309.207802
470430,0.058646,0.443497,-0.072263,-0.008731,-0.376739,0.491631,-0.785042,0.000343,308.666039
470434,0.058622,0.443517,-0.072253,-0.008695,-0.376855,0.491190,-0.785262,0.000343,308.190880
470437,0.058609,0.443527,-0.072246,-0.008668,-0.377032,0.490823,-0.785407,0.000343,307.720528
470441,0.058583,0.443547,-0.072233,-0.008706,-0.377109,0.490301,-0.785696,0.000343,307.242622
470444,0.058562,0.443564,-0.072218,-0.008692,-0.377239,0.489880,-0.785896,0.000343,306.791153
470448,0.058528,0.443592,-0.072193,-0.008622,-0.377613,0.489124,-0.786188,0.000343,306.239777
470452,0.058478,0.443616,-0.072173,-0.008648,-0.377717,0.488513,-0.786518,0.000343,305.806503
470455,0.058456,0.443633,-0.072160,-0.008644,-0.377843,0.488068,-0.786733,0.000343,305.247231
470459,0.058414,0.443658,-0.072156,-0.008565,-0.378100,0.487483,-0.786974,0.000343,304.651222
470462,0.058392,0.443674,-0.072144,-0.008571,-0.378182,0.487159,-0.787135,0.000343,304.212112
470466,0.058370,0.443689,-0.072141,-0.008546,-0.378363,0.486719,-0.787320,0.000343,303.670349
470469,0.058356,0.443702,-0.072135,-0.008533,-0.378507,0.486319,-0.787498,0.000343,303.194160
470473,0.058348,0.443728,-0.072119,-0.008511,-0.378499,0.485815,-0.787813,0.000343,302.716942
470477,0.058307,0.443743,-0.072106,-0.008533,-0.378848,0.485187,-0.788032,0.000687,302.271309
470480,0.058274,0.443768,-0.072090,-0.008456,-0.379113,0.484656,-0.788233,0.000343,301.781387
470483,0.058232,0.443783,-0.072075,-0.008414,-0.379194,0.484066,-0.788556,0.000343,301.285973
470487,0.058183,0.443810,-0.072063,-0.008398,-0.379408,0.483432,-0.788843,0.000343,300.797081
470491,0.058132,0.443838,-0.072060,-0.008255,-0.379706,0.482740,-0.789125,0.000343,300.260468
470494,0.058102,0.443851,-0.072063,-0.008265,-0.379748,0.482358,-0.789338,0.000343,299.675102
470498,0.058067,0.443870,-0.072067,-0.008120,-0.380018,0.481872,-0.789506,0.000343,299.150848
470501,0.058043,0.443887,-0.072048,-0.008136,-0.380143,0.481387,-0.789741,0.000687,298.677750
470505,0.058017,0.443906,-0.072025,-0.008144,-0.380252,0.480955,-0.789952,0.000687,298.250999
470509,0.058002,0.443920,-0.071995,-0.008106,-0.380524,0.480428,-0.790142,0.000343,297.755585
470512,0.057991,0.443932,-0.071978,-0.008122,-0.380639,0.480121,-0.790273,0.000687,297.268753
470515,0.057977,0.443949,-0.071965,-0.008137,-0.380729,0.479656,-0.790512,0.000343,296.775398
470519,0.057950,0.443968,-0.071949,-0.008141,-0.380899,0.479052,-0.790796,0.000343,296.228828
470523,0.057898,0.443990,-0.071942,-0.008110,-0.381148,0.478347,-0.791104,0.000687,295.794868
470526,0.057864,0.444011,-0.071938,-0.008048,-0.381258,0.477924,-0.791307,0.000687,295.255852
470530,0.057815,0.444028,-0.071940,-0.007992,-0.381532,0.477366,-0.791512,0.000687,294.716492
470533,0.057779,0.444043,-0.071941,-0.007934,-0.381681,0.476942,-0.791696,0.000687,294.211464
470537,0.057743,0.444061,-0.071942,-0.007963,-0.381707,0.476489,-0.791956,0.000687,293.742828
470540,0.057715,0.444078,-0.071939,-0.007947,-0.381824,0.476048,-0.792165,0.000687,293.266296
470544,0.058104,0.444625,-0.071767,-0.011327,-0.380427,0.467303,-0.797981,0.000687,292.718353
470547,0.058079,0.444642,-0.071750,-0.011357,-0.380463,0.466788,-0.798266,0.000687,292.219505
470551,0.058059,0.444665,-0.071722,-0.011372,-0.380666,0.466129,-0.798553,0.000343,291.722031
470555,0.058017,0.444707,-0.071687,-0.011443,-0.380877,0.465023,-0.799097,0.000687,291.208076
470558,0.057982,0.444738,-0.071668,-0.011408,-0.380987,0.464259,-0.799489,0.000687,290.771370
470562,0.058092,0.445040,-0.071608,-0.014258,-0.381461,0.459942,-0.801710,0.000343,290.258446
470565,0.058039,0.445086,-0.071580,-0.014287,-0.381689,0.458806,-0.802251,0.000687,289.727325
470569,0.057981,0.445145,-0.071555,-0.014360,-0.381910,0.457314,-0.802996,0.000687,289.164619
470572,0.057923,0.445189,-0.071528,-0.014374,-0.382168,0.456106,-0.803560,0.000687,288.670235
470576,0.057698,0.444949,-0.071553,-0.011356,-0.382309,0.458432,-0.802216,0.000687,288.203316
470579,0.057655,0.444976,-0.071533,-0.011361,-0.382453,0.457635,-0.802603,0.000687,287.705498
470583,0.057613,0.445012,-0.071517,-0.011266,-0.382723,0.456704,-0.803005,0.000343,287.207336
470587,0.057568,0.445047,-0.071493,-0.011245,-0.382881,0.455812,-0.803437,0.000687,286.769257
470590,0.057545,0.445065,-0.071473,-0.011268,-0.382981,0.455263,-0.803701,0.000343,286.220627
470594,0.057520,0.445092,-0.071456,-0.011186,-0.383264,0.454493,-0.804003,0.000687,285.722466
470597,0.057676,0.445427,-0.071387,-0.014511,-0.383430,0.449818,-0.806496,0.000343,285.265160
470601,0.057454,0.445152,-0.071403,-0.011271,-0.383562,0.452744,-0.804845,0.000687,284.747429
470601,0.057454,0.445152,-0.071403,-0.011271,-0.383562,0.452744,-0.804845,0.000687,284.224205
470601,0.057454,0.445152,-0.071403,-0.011271,-0.383562,0.452744,-0.804845,0.000687,283.672485
470601,0.057454,0.445152,-0.071403,-0.011271,-0.383562,0.452744,-0.804845,0.000687,283.205223
470601,0.057454,0.445152,-0.071403,-0.011271,-0.383562,0.452744,-0.804845,0.000343,282.697792
470601,0.057454,0.445152,-0.071403,-0.011271,-0.383562,0.452744,-0.804845,0.000687,282.192421
470601,0.057454,0.445152,-0.071403,-0.011271,-0.383562,0.452744,-0.804845,0.000687,281.777687
470601,0.057454,0.445152,-0.071403,-0.011271,-0.383562,0.452744,-0.804845,0.000343,281.274719
470601,0.057454,0.445152,-0.071403,-0.011271,-0.383562,0.452744,-0.804845,0.000687,280.714073
470601,0.057454,0.445152,-0.071403,-0.011271,-0.383562,0.452744,-0.804845,0.000687,280.249214
470601,0.057454,0.445152,-0.071403,-0.011271,-0.383562,0.452744,-0.804845,0.000687,279.742813
470601,0.057454,0.445152,-0.071403,-0.011271,-0.383562,0.452744,-0.804845,0.000687,279.184227
470601,0.057454,0.445152,-0.071403,-0.011271,-0.383562,0.452744,-0.804845,0.000687,278.731728
470601,0.057454,0.445152,-0.071403,-0.011271,-0.383562,0.452744,-0.804845,0.000687,278.259659
470601,0.057454,0.445152,-0.071403,-0.011271,-0.383562,0.452744,-0.804845,0.000343,277.764587
470601,0.057454,0.445152,-0.071403,-0.011271,-0.383562,0.452744,-0.804845,0.000687,277.258186
470601,0.057454,0.445152,-0.071403,-0.011271,-0.383562,0.452744,-0.804845,0.000687,276.767235
470601,0.057454,0.445152,-0.071403,-0.011271,-0.383562,0.452744,-0.804845,0.000687,276.220665
470601,0.057454,0.445152,-0.071403,-0.011271,-0.383562,0.452744,-0.804845,0.000687,275.718727
470601,0.057454,0.445152,-0.071403,-0.011271,-0.383562,0.452744,-0.804845,0.000343,275.242538
470601,0.057454,0.445152,-0.071403,-0.011271,-0.383562,0.452744,-0.804845,0.000687,274.737854
470601,0.057454,0.445152,-0.071403,-0.011271,-0.383562,0.452744,-0.804845,0.000687,274.232140
470601,0.057454,0.445152,-0.071403,-0.011271,-0.383562,0.452744,-0.804845,0.000343,273.733292
470601,0.057454,0.445152,-0.071403,-0.011271,-0.383562,0.452744,-0.804845,0.000687,273.206635
470601,0.057454,0.445152,-0.071403,-0.011271,-0.383562,0.452744,-0.804845,0.000687,272.728043
470601,0.057454,0.445152,-0.071403,-0.011271,-0.383562,0.452744,-0.804845,0.000687,272.226105
470601,0.057454,0.445152,-0.071403,-0.011271,-0.383562,0.452744,-0.804845,0.000687,271.780472
470601,0.057454,0.445152,-0.071403,-0.011271,-0.383562,0.452744,-0.804845,0.000687,271.286430
470601,0.057454,0.445152,-0.071403,-0.011271,-0.383562,0.452744,-0.804845,0.000687,270.719604
470601,0.057454,0.445152,-0.071403,-0.011271,-0.383562,0.452744,-0.804845,0.000687,270.189857
470601,0.057454,0.445152,-0.071403,-0.011271,-0.383562,0.452744,-0.804845,0.000687,269.674873
470711,0.056498,0.446210,-0.070832,-0.013477,-0.387916,0.425720,-0.817375,0.000687,269.229927
470714,0.056471,0.446225,-0.070829,-0.013439,-0.388004,0.425320,-0.817542,0.000687,268.730736
470718,0.056452,0.446238,-0.070817,-0.013440,-0.388040,0.424941,-0.817722,0.000687,268.256607
470721,0.056437,0.446249,-0.070823,-0.013324,-0.388125,0.424605,-0.817858,0.000687,267.737503
470725,0.056410,0.446265,-0.070810,-0.013382,-0.388157,0.423996,-0.818158,0.000687,267.235565
470729,0.056378,0.446283,-0.070797,-0.013325,-0.388388,0.423295,-0.818412,0.000687,266.721268
470732,0.056353,0.446299,-0.070776,-0.013283,-0.388505,0.422766,-0.818631,0.000687,266.226196
470736,0.056308,0.446321,-0.070747,-0.013322,-0.388582,0.421990,-0.818994,0.000687,265.769920
470739,0.056277,0.446339,-0.070729,-0.013256,-0.388762,0.421408,-0.819209,0.000343,265.232277
470743,0.056238,0.446362,-0.070704,-0.013083,-0.389027,0.420539,-0.819533,0.000687,264.716949
470746,0.056209,0.446377,-0.070698,-0.012940,-0.389148,0.420084,-0.819711,0.000687,264.179306
470750,0.056176,0.446394,-0.070676,-0.012992,-0.389252,0.419489,-0.819966,0.000687,263.695221
470754,0.056140,0.446412,-0.070666,-0.012865,-0.389438,0.418897,-0.820181,0.000687,263.208046
470757,0.056107,0.446422,-0.070654,-0.012938,-0.389357,0.418481,-0.820432,0.000687,262.726021
470760,0.056083,0.446439,-0.070638,-0.012816,-0.389565,0.418068,-0.820545,0.000687,262.233009
470764,0.056039,0.446455,-0.070634,-0.012764,-0.389691,0.417367,-0.820843,0.000687,261.725922
470768,0.056001,0.446473,-0.070621,-0.012776,-0.389711,0.416763,-0.821140,0.000687,261.220207
470771,0.055968,0.446489,-0.070612,-0.012683,-0.389869,0.416229,-0.821337,0.000343,260.718613
470775,0.055931,0.446506,-0.070599,-0.012597,-0.390067,0.415528,-0.821599,0.000343,260.233154
470778,0.055905,0.446519,-0.070590,-0.012541,-0.390105,0.415090,-0.821804,0.000687,259.707527
470782,0.055868,0.446541,-0.070568,-0.012473,-0.390299,0.414401,-0.822061,0.000343,259.174347
470785,0.055838,0.446557,-0.070552,-0.012381,-0.390444,0.413810,-0.822290,0.000687,258.688545
470789,0.055784,0.446578,-0.070529,-0.012402,-0.390454,0.413010,-0.822687,0.000687,258.205833
470793,0.055744,0.446597,-0.070508,-0.012272,-0.390691,0.412269,-0.822949,0.000687,257.768440
470796,0.055602,0.446445,-0.070539,-0.010927,-0.391341,0.414437,-0.821569,0.000687,257.231827
470800,0.055571,0.446464,-0.070532,-0.010957,-0.391329,0.413893,-0.821848,0.000687,256.774521
470803,0.055550,0.446476,-0.070528,-0.010913,-0.391478,0.413454,-0.821998,0.000687,256.223831
470807,0.055517,0.446499,-0.070522,-0.010861,-0.391618,0.412637,-0.822343,0.000687,255.734253
470810,0.055492,0.446513,-0.070510,-0.010927,-0.391682,0.412080,-0.822591,0.000343,255.254288
470813,0.055451,0.446536,-0.070489,-0.010897,-0.391821,0.411262,-0.822935,0.000343,254.711838
470817,0.055396,0.446574,-0.070450,-0.010862,-0.392162,0.409900,-0.823452,0.000687,254.150505
470821,0.055350,0.446607,-0.070418,-0.010914,-0.392251,0.408908,-0.823902,0.000687,253.673286
470824,0.055323,0.446622,-0.070398,-0.010936,-0.392361,0.408319,-0.824141,0.000343,253.200531
470828,0.055289,0.446651,-0.070373,-0.010898,-0.392582,0.407409,-0.824487,0.000687,252.718163
470831,0.055266,0.446667,-0.070358,-0.010938,-0.392663,0.406914,-0.824692,0.000343,252.224464
470835,0.055219,0.446696,-0.070334,-0.010921,-0.392879,0.405979,-0.825050,0.000687,251.766129
470839,0.055164,0.446727,-0.070309,-0.011008,-0.393066,0.404940,-0.825471,0.000687,251.269341
470842,0.055122,0.446751,-0.070294,-0.010995,-0.393236,0.404157,-0.825773,0.000687,250.722084
470846,0.055057,0.446780,-0.070273,-0.010956,-0.393516,0.403037,-0.826188,0.000687,250.223579
470849,0.055026,0.446800,-0.070263,-0.011006,-0.393637,0.402372,-0.826454,0.000343,249.738464
470853,0.054962,0.446834,-0.070245,-0.010968,-0.393802,0.401336,-0.826879,0.000343,249.217644
470856,0.054929,0.446854,-0.070235,-0.010926,-0.393962,0.400653,-0.827134,0.000687,248.733559
470860,0.054891,0.446879,-0.070220,-0.010879,-0.394144,0.399790,-0.827466,0.000343,248.270416
470863,0.054858,0.446893,-0.070210,-0.010881,-0.394216,0.399278,-0.827679,0.000343,247.766075
470867,0.054824,0.446914,-0.070187,-0.010852,-0.394394,0.398435,-0.828001,0.000687,247.212639
470871,0.054763,0.446950,-0.070153,-0.010907,-0.394560,0.397135,-0.828546,0.000343,246.707954
470874,0.054720,0.446978,-0.070124,-0.010932,-0.394716,0.396174,-0.828931,0.000343,246.247215
470878,0.054656,0.447019,-0.070084,-0.010905,-0.395015,0.394871,-0.829410,0.000687,245.752144
470881,0.054617,0.447042,-0.070061,-0.010867,-0.395197,0.394011,-0.829732,0.000687,245.264626
470885,0.054559,0.447074,-0.070037,-0.010947,-0.395237,0.392909,-0.830235,0.000687,244.715309
470885,0.054559,0.447074,-0.070037,-0.010947,-0.395237,0.392909,-0.830235,0.000343,244.252167
470885,0.054559,0.447074,-0.070037,-0.010947,-0.395237,0.392909,-0.830235,0.000343,243.767738
470885,0.054559,0.447074,-0.070037,-0.010947,-0.395237,0.392909,-0.830235,0.000687,243.274384
470885,0.054559,0.447074,-0.070037,-0.010947,-0.395237,0.392909,-0.830235,0.000343,242.754250
470885,0.054559,0.447074,-0.070037,-0.010947,-0.395237,0.392909,-0.830235,0.000343,242.187080
470885,0.054559,0.447074,-0.070037,-0.010947,-0.395237,0.392909,-0.830235,0.000343,241.681709
470885,0.054559,0.447074,-0.070037,-0.010947,-0.395237,0.392909,-0.830235,0.000343,241.180801
470885,0.054559,0.447074,-0.070037,-0.010947,-0.395237,0.392909,-0.830235,0.000687,240.685730
470885,0.054559,0.447074,-0.070037,-0.010947,-0.395237,0.392909,-0.830235,0.000343,240.201645
470885,0.054559,0.447074,-0.070037,-0.010947,-0.395237,0.392909,-0.830235,0.000343,239.710350
470885,0.054559,0.447074,-0.070037,-0.010947,-0.395237,0.392909,-0.830235,0.000343,239.261627
470885,0.054559,0.447074,-0.070037,-0.010947,-0.395237,0.392909,-0.830235,0.000343,238.728447
470885,0.054559,0.447074,-0.070037,-0.010947,-0.395237,0.392909,-0.830235,0.000343,238.233719
470885,0.054559,0.447074,-0.070037,-0.010947,-0.395237,0.392909,-0.830235,0.000343,237.748260
470885,0.054559,0.447074,-0.070037,-0.010947,-0.395237,0.392909,-0.830235,0.000343,237.235680
470885,0.054559,0.447074,-0.070037,-0.010947,-0.395237,0.392909,-0.830235,0.000687,236.748848
470885,0.054559,0.447074,-0.070037,-0.010947,-0.395237,0.392909,-0.830235,0.000343,236.240044
470885,0.054559,0.447074,-0.070037,-0.010947,-0.395237,0.392909,-0.830235,0.000343,235.734329
470885,0.054559,0.447074,-0.070037,-0.010947,-0.395237,0.392909,-0.830235,0.000343,235.238228
470885,0.054559,0.447074,-0.070037,-0.010947,-0.395237,0.392909,-0.830235,0.000343,234.703331
470885,0.054559,0.447074,-0.070037,-0.010947,-0.395237,0.392909,-0.830235,0.000343,234.261818
470885,0.054559,0.447074,-0.070037,-0.010947,-0.395237,0.392909,-0.830235,0.000343,233.723831
470885,0.054559,0.447074,-0.070037,-0.010947,-0.395237,0.392909,-0.830235,0.000343,233.244209
470885,0.054559,0.447074,-0.070037,-0.010947,-0.395237,0.392909,-0.830235,0.000343,232.737808
470885,0.054559,0.447074,-0.070037,-0.010947,-0.395237,0.392909,-0.830235,0.000343,232.202911
470885,0.054559,0.447074,-0.070037,-0.010947,-0.395237,0.392909,-0.830235,0.000343,231.684151
470885,0.054559,0.447074,-0.070037,-0.010947,-0.395237,0.392909,-0.830235,0.000343,231.201439
470885,0.054559,0.447074,-0.070037,-0.010947,-0.395237,0.392909,-0.830235,0.000343,230.751686
470885,0.054559,0.447074,-0.070037,-0.010947,-0.395237,0.392909,-0.830235,0.000343,230.231209
470991,0.053615,0.447830,-0.069333,-0.013539,-0.399164,0.370692,-0.838494,0.000343,229.691849
470995,0.053565,0.447857,-0.069309,-0.013466,-0.399448,0.369687,-0.838804,0.000343,229.236259
470998,0.053533,0.447874,-0.069292,-0.013522,-0.399536,0.369060,-0.839037,0.000343,228.697929
471002,0.053494,0.447892,-0.069275,-0.013555,-0.399604,0.368355,-0.839314,0.000343,228.220367
471005,0.053470,0.447907,-0.069270,-0.013491,-0.399723,0.367877,-0.839468,0.000000,227.738342
471009,0.053435,0.447929,-0.069254,-0.013485,-0.399864,0.366969,-0.839798,0.000000,227.266617
471013,0.053384,0.447954,-0.069239,-0.013552,-0.399975,0.365985,-0.840173,0.000000,226.707001
471016,0.053331,0.447983,-0.069220,-0.013215,-0.400233,0.364789,-0.840576,0.000000,226.263771
471020,0.053276,0.448013,-0.069190,-0.013221,-0.400371,0.363678,-0.840991,0.000343,225.773849
471023,0.053226,0.448033,-0.069155,-0.013340,-0.400499,0.362818,-0.841300,0.000000,225.205650
471027,0.053144,0.448056,-0.069147,-0.013503,-0.400636,0.361771,-0.841683,0.000343,224.684830
471030,0.053102,0.448075,-0.069123,-0.013511,-0.400734,0.361026,-0.841956,0.000000,224.174652
471034,0.053063,0.448096,-0.069103,-0.013560,-0.400869,0.360136,-0.842272,0.000343,223.671341
471038,0.052993,0.448132,-0.069076,-0.013257,-0.401201,0.358550,-0.842795,0.000000,223.256264
471041,0.052955,0.448155,-0.069056,-0.013236,-0.401316,0.357660,-0.843119,0.000000,222.774925
471044,0.052919,0.448173,-0.069034,-0.013242,-0.401402,0.356963,-0.843374,0.000000,222.224236
471048,0.052878,0.448193,-0.069013,-0.013188,-0.401595,0.356071,-0.843659,0.000000,221.726074
471052,0.052844,0.448211,-0.068989,-0.013189,-0.401689,0.355315,-0.843933,0.000000,221.231346
471055,0.052817,0.448226,-0.068972,-0.013208,-0.401793,0.354682,-0.844150,-0.000343,220.724945
471059,0.052788,0.448248,-0.068937,-0.013091,-0.402059,0.353624,-0.844469,0.000000,220.196915
471062,0.052755,0.448268,-0.068912,-0.013130,-0.402175,0.352853,-0.844735,0.000000,219.667854
471066,0.052712,0.448289,-0.068888,-0.013160,-0.402319,0.351915,-0.845057,0.000000,219.160423
471070,0.052658,0.448318,-0.068864,-0.012951,-0.402565,0.350692,-0.845452,0.000000,218.724403
471073,0.052619,0.448336,-0.068850,-0.012957,-0.402657,0.349900,-0.845736,0.000343,218.234825
471076,0.052577,0.448354,-0.068834,-0.012944,-0.402762,0.349146,-0.845998,0.000000,217.755890
471080,0.052522,0.448380,-0.068815,-0.012856,-0.403003,0.348113,-0.846310,0.000000,217.272148
471084,0.052467,0.448401,-0.068798,-0.012871,-0.403087,0.347146,-0.846667,0.000000,216.731758
471087,0.052430,0.448419,-0.068786,-0.012864,-0.403225,0.346433,-0.846893,0.000000,216.237717
471091,0.052390,0.448441,-0.068772,-0.012843,-0.403397,0.345531,-0.847180,0.000000,215.801697
471094,0.052353,0.448458,-0.068755,-0.012852,-0.403470,0.344739,-0.847468,-0.000343,215.211868
471098,0.052297,0.448481,-0.068731,-0.012817,-0.403658,0.343784,-0.847767,-0.000343,214.667015
471102,0.052251,0.448505,-0.068702,-0.012807,-0.403768,0.342783,-0.848120,0.000000,214.230995
471105,0.052215,0.448520,-0.068681,-0.012834,-0.403853,0.342085,-0.848361,-0.000343,213.734894
471108,0.052180,0.448534,-0.068661,-0.012800,-0.403956,0.341435,-0.848574,0.000000,213.236732
471112,0.052146,0.448550,-0.068645,-0.012778,-0.404145,0.340630,-0.848808,0.000000,212.699089
471115,0.052118,0.448567,-0.068632,-0.012752,-0.404241,0.339914,-0.849050,-0.000343,212.216377
471119,0.052085,0.448580,-0.068617,-0.012786,-0.404292,0.339286,-0.849276,-0.000343,211.726456
471123,0.052043,0.448593,-0.068594,-0.012846,-0.404461,0.338387,-0.849553,-0.000343,211.278419
471126,0.052006,0.448616,-0.068573,-0.012795,-0.404536,0.337621,-0.849823,-0.000343,210.789871
471130,0.051964,0.448633,-0.068542,-0.012776,-0.404673,0.336798,-0.850084,-0.000343,210.219955
471133,0.051935,0.448650,-0.068520,-0.012781,-0.404775,0.336137,-0.850297,-0.000343,209.686775
471136,0.051912,0.448664,-0.068501,-0.012757,-0.404890,0.335535,-0.850481,0.000000,209.166985
471136,0.051912,0.448664,-0.068501,-0.012757,-0.404890,0.335535,-0.850481,-0.000343,208.684959
471136,0.051912,0.448664,-0.068501,-0.012757,-0.404890,0.335535,-0.850481,-0.000343,208.244476
471136,0.051912,0.448664,-0.068501,-0.012757,-0.404890,0.335535,-0.850481,-0.000343,207.744942
471136,0.051912,0.448664,-0.068501,-0.012757,-0.404890,0.335535,-0.850481,-0.000343,207.260170
471136,0.051912,0.448664,-0.068501,-0.012757,-0.404890,0.335535,-0.850481,-0.000343,206.764069
471136,0.051912,0.448664,-0.068501,-0.012757,-0.404890,0.335535,-0.850481,0.000000,206.277237
471136,0.051912,0.448664,-0.068501,-0.012757,-0.404890,0.335535,-0.850481,-0.000343,205.733414
471136,0.051912,0.448664,-0.068501,-0.012757,-0.404890,0.335535,-0.850481,-0.000343,205.223579
471136,0.051912,0.448664,-0.068501,-0.012757,-0.404890,0.335535,-0.850481,-0.000343,204.703102
471136,0.051912,0.448664,-0.068501,-0.012757,-0.404890,0.335535,-0.850481,-0.000343,204.235840
471136,0.051912,0.448664,-0.068501,-0.012757,-0.404890,0.335535,-0.850481,-0.000343,203.754158
471136,0.051912,0.448664,-0.068501,-0.012757,-0.404890,0.335535,-0.850481,-0.000343,203.254967
471136,0.051912,0.448664,-0.068501,-0.012757,-0.404890,0.335535,-0.850481,-0.000343,202.751656
471136,0.051912,0.448664,-0.068501,-0.012757,-0.404890,0.335535,-0.850481,-0.000343,202.246284
471136,0.051912,0.448664,-0.068501,-0.012757,-0.404890,0.335535,-0.850481,-0.000343,201.748810
471136,0.051912,0.448664,-0.068501,-0.012757,-0.404890,0.335535,-0.850481,-0.000343,201.196404
471136,0.051912,0.448664,-0.068501,-0.012757,-0.404890,0.335535,-0.850481,-0.000343,200.711632
471136,0.051912,0.448664,-0.068501,-0.012757,-0.404890,0.335535,-0.850481,-0.000343,200.274925
471136,0.051912,0.448664,-0.068501,-0.012757,-0.404890,0.335535,-0.850481,-0.000343,199.755135
471136,0.051912,0.448664,-0.068501,-0.012757,-0.404890,0.335535,-0.850481,-0.000343,199.247704
471136,0.051912,0.448664,-0.068501,-0.012757,-0.404890,0.335535,-0.850481,-0.000343,198.703537
471136,0.051912,0.448664,-0.068501,-0.012757,-0.404890,0.335535,-0.850481,-0.000343,198.214989
471136,0.051912,0.448664,-0.068501,-0.012757,-0.404890,0.335535,-0.850481,-0.000343,197.739143
471136,0.051912,0.448664,-0.068501,-0.012757,-0.404890,0.335535,-0.850481,-0.000343,197.186050
471136,0.051912,0.448664,-0.068501,-0.012757,-0.404890,0.335535,-0.850481,-0.000343,196.750031
471136,0.051912,0.448664,-0.068501,-0.012757,-0.404890,0.335535,-0.850481,-0.000343,196.207924
471136,0.051912,0.448664,-0.068501,-0.012757,-0.404890,0.335535,-0.850481,-0.000343,195.768127
471136,0.051912,0.448664,-0.068501,-0.012757,-0.404890,0.335535,-0.850481,-0.000343,195.262756
471136,0.051912,0.448664,-0.068501,-0.012757,-0.404890,0.335535,-0.850481,-0.000343,194.715843
471136,0.051912,0.448664,-0.068501,-0.012757,-0.404890,0.335535,-0.850481,-0.000343,194.202232
471247,0.050873,0.449080,-0.068058,-0.012636,-0.407832,0.315222,-0.856825,-0.000343,193.760033
471250,0.050849,0.449089,-0.068044,-0.012612,-0.407946,0.314701,-0.856962,-0.000343,193.229942
471254,0.050815,0.449103,-0.068031,-0.012652,-0.407977,0.314082,-0.857174,-0.000343,192.759590
471257,0.050789,0.449120,-0.068023,-0.012576,-0.408057,0.313588,-0.857318,-0.000343,192.181091
471261,0.050756,0.449135,-0.068020,-0.012444,-0.408213,0.312900,-0.857497,-0.000343,191.757431
471265,0.050727,0.449145,-0.068011,-0.012469,-0.408230,0.312411,-0.857667,-0.000343,191.253777
471268,0.050709,0.449155,-0.068006,-0.012430,-0.408313,0.311996,-0.857779,-0.000343,190.699654
471272,0.050677,0.449172,-0.067980,-0.012403,-0.408441,0.311190,-0.858011,0.000000,190.244064
471275,0.050643,0.449183,-0.067960,-0.012343,-0.408540,0.310414,-0.858246,-0.000343,189.752769
471279,0.050580,0.449206,-0.067920,-0.012302,-0.408769,0.309182,-0.858582,-0.000343,189.203453
471282,0.050542,0.449219,-0.067895,-0.012343,-0.408901,0.308288,-0.858840,-0.000343,188.700142
471286,0.050476,0.449247,-0.067858,-0.012371,-0.409031,0.306969,-0.859250,-0.000343,188.271332
471289,0.050425,0.449265,-0.067833,-0.012359,-0.409185,0.305936,-0.859546,0.000000,187.759438
471293,0.050356,0.449294,-0.067800,-0.012447,-0.409440,0.304389,-0.859972,-0.000343,187.237587
471297,0.050276,0.449320,-0.067765,-0.012491,-0.409515,0.303024,-0.860417,-0.000343,186.743202
471300,0.050240,0.449329,-0.067754,-0.012517,-0.409682,0.302356,-0.860573,-0.000343,186.203499
471304,0.050185,0.449353,-0.067730,-0.012490,-0.409825,0.301188,-0.860914,-0.000343,185.714607
471307,0.050149,0.449366,-0.067714,-0.012507,-0.409871,0.300502,-0.861132,-0.000343,185.204430
471311,0.050105,0.449378,-0.067693,-0.012497,-0.410052,0.299710,-0.861322,-0.000343,184.704552
471314,0.050074,0.449388,-0.067682,-0.012388,-0.410141,0.299193,-0.861461,-0.000343,184.253769
471318,0.050036,0.449396,-0.067663,-0.012491,-0.410126,0.298603,-0.861671,-0.000343,183.702736
471321,0.050007,0.449405,-0.067656,-0.012470,-0.410191,0.298192,-0.861783,-0.000343,183.271866
471325,0.049972,0.449421,-0.067641,-0.012405,-0.410373,0.297440,-0.861957,-0.000343,182.771645
471328,0.049938,0.449432,-0.067633,-0.012379,-0.410421,0.296807,-0.862152,-0.000343,182.211685
471332,0.049900,0.449444,-0.067617,-0.012434,-0.410505,0.296108,-0.862352,-0.000343,181.697731
471335,0.049867,0.449455,-0.067602,-0.012426,-0.410624,0.295384,-0.862544,-0.000343,181.198196
471339,0.049814,0.449474,-0.067579,-0.012409,-0.410725,0.294288,-0.862871,-0.000343,180.705185
471343,0.049746,0.449491,-0.067539,-0.012426,-0.410976,0.292812,-0.863253,-0.000343,180.182648
471346,0.049677,0.449515,-0.067505,-0.012364,-0.411131,0.291507,-0.863622,-0.000343,179.674187
471350,0.049612,0.449539,-0.067466,-0.012446,-0.411236,0.290119,-0.864038,-0.000343,179.185982
471353,0.049574,0.449555,-0.067444,-0.012426,-0.411392,0.289415,-0.864200,-0.000343,178.692627
471357,0.049520,0.449572,-0.067419,-0.012354,-0.411598,0.288378,-0.864449,-0.000343,178.264503
471361,0.049495,0.449584,-0.067402,-0.012391,-0.411634,0.287758,-0.864638,-0.000343,177.734756
471364,0.049471,0.449594,-0.067388,-0.012366,-0.411765,0.287320,-0.864722,-0.000343,177.232819
471368,0.049446,0.449606,-0.067370,-0.012406,-0.411828,0.286531,-0.864953,-0.000343,176.721268
471371,0.049425,0.449613,-0.067358,-0.012410,-0.411895,0.286063,-0.865076,-0.000343,176.226540
471375,0.049404,0.449625,-0.067345,-0.012346,-0.412060,0.285468,-0.865195,-0.000343,175.714989
471378,0.049381,0.449633,-0.067333,-0.012320,-0.412117,0.284994,-0.865324,-0.000343,175.228844
471382,0.049343,0.449644,-0.067322,-0.012359,-0.412151,0.284307,-0.865534,-0.000343,174.668884
471385,0.049320,0.449651,-0.067314,-0.012392,-0.412223,0.283909,-0.865630,-0.000343,174.180679
471389,0.049276,0.449663,-0.067304,-0.012239,-0.412367,0.283157,-0.865809,-0.000343,173.753242
471392,0.049244,0.449668,-0.067295,-0.012289,-0.412413,0.282787,-0.865908,-0.000343,173.262291
471396,0.049205,0.449680,-0.067284,-0.012279,-0.412504,0.282272,-0.866033,-0.000343,172.773056
471399,0.049175,0.449687,-0.067278,-0.012251,-0.412604,0.281822,-0.866132,-0.000343,172.226143
471403,0.049133,0.449697,-0.067262,-0.012349,-0.412644,0.281098,-0.866347,-0.000343,171.710472
471407,0.049093,0.449713,-0.067248,-0.012300,-0.412807,0.280246,-0.866545,-0.000343,171.210594
471410,0.049061,0.449720,-0.067232,-0.012292,-0.412892,0.279668,-0.866692,-0.000343,170.775261
471414,0.049022,0.449732,-0.067219,-0.012297,-0.412898,0.278985,-0.866909,-0.000343,170.196075
471417,0.049002,0.449738,-0.067203,-0.012338,-0.412994,0.278542,-0.867006,-0.000343,169.668732
471421,0.048967,0.449749,-0.067185,-0.012253,-0.413097,0.277710,-0.867224,-0.000343,169.178123
471425,0.048947,0.449755,-0.067167,-0.012272,-0.413168,0.277253,-0.867336,-0.000343,168.749657
471428,0.048925,0.449763,-0.067151,-0.012238,-0.413234,0.276705,-0.867480,-0.000343,168.263168
471431,0.048902,0.449771,-0.067139,-0.012211,-0.413330,0.276190,-0.867599,-0.000343,167.774963
471435,0.048858,0.449784,-0.067112,-0.012290,-0.413412,0.274969,-0.867947,-0.000343,167.226334
471438,0.048785,0.449800,-0.067075,-0.012324,-0.413496,0.273952,-0.868228,-0.000343,166.709290
471442,0.048760,0.449814,-0.067064,-0.012259,-0.413645,0.273131,-0.868416,-0.000343,166.207352
471446,0.048709,0.449826,-0.067037,-0.012385,-0.413649,0.272349,-0.868659,-0.000343,165.729103
471449,0.048682,0.449838,-0.067032,-0.012306,-0.413791,0.271732,-0.868785,-0.000343,165.220985
471453,0.048652,0.449851,-0.067012,-0.012411,-0.413865,0.270938,-0.868996,-0.000343,164.685059
471456,0.048618,0.449860,-0.067008,-0.012370,-0.413955,0.270283,-0.869158,-0.000343,164.172821
471460,0.048583,0.449872,-0.066985,-0.012364,-0.414115,0.269391,-0.869359,-0.000343,163.752251
471464,0.048528,0.449885,-0.066964,-0.012357,-0.414149,0.268519,-0.869613,-0.000343,163.209457
471467,0.048505,0.449893,-0.066952,-0.012355,-0.414207,0.268065,-0.869725,-0.000343,162.754211
471470,0.048449,0.449920,-0.066939,-0.011469,-0.414452,0.266389,-0.870135,-0.000343,162.211075
471474,0.048406,0.449934,-0.066930,-0.011352,-0.414609,0.265705,-0.870271,-0.000343,161.706734
471478,0.048379,0.449940,-0.066916,-0.011430,-0.414663,0.265263,-0.870379,-0.000343,161.205139
471481,0.048348,0.449945,-0.066920,-0.011385,-0.414721,0.264856,-0.870476,-0.000343,160.780792
471485,0.048323,0.449956,-0.066908,-0.011410,-0.414798,0.264271,-0.870616,-0.000343,160.280228
471488,0.048301,0.449962,-0.066904,-0.011391,-0.414809,0.263926,-0.870716,-0.000343,159.751167
471492,0.048276,0.449971,-0.066895,-0.011299,-0.414982,0.263378,-0.870801,-0.000343,159.180908
471496,0.048253,0.449976,-0.066880,-0.011378,-0.414954,0.262920,-0.870952,-0.000343,158.684807
471499,0.048234,0.449984,-0.066870,-0.011301,-0.415041,0.262482,-0.871044,-0.000343,158.211708
471503,0.048206,0.449994,-0.066845,-0.011288,-0.415169,0.261763,-0.871199,-0.000343,157.710114
471506,0.048185,0.450001,-0.066832,-0.011273,-0.415228,0.261237,-0.871329,-0.000343,157.251091
471510,0.048160,0.450009,-0.066815,-0.011332,-0.415278,0.260683,-0.871470,-0.000343,156.751900
471513,0.048137,0.450019,-0.066802,-0.011293,-0.415379,0.260104,-0.871595,-0.000343,156.257172
471517,0.048094,0.450027,-0.066780,-0.011307,-0.415489,0.259247,-0.871798,-0.000343,155.771713
471520,0.048052,0.450038,-0.066757,-0.011359,-0.415542,0.258373,-0.872032,-0.000343,155.226517
471524,0.047966,0.450060,-0.066715,-0.011282,-0.415857,0.256687,-0.872380,-0.000343,154.711876
471528,0.047827,0.450091,-0.066646,-0.011354,-0.416071,0.254075,-0.873042,-0.000343,154.239120
471531,0.047740,0.450112,-0.066610,-0.011358,-0.416273,0.252578,-0.873380,-0.000343,153.680191
471534,0.047716,0.450120,-0.066601,-0.011333,-0.416375,0.252000,-0.873499,-0.000343,153.192329
471538,0.047667,0.450134,-0.066580,-0.011335,-0.416457,0.251103,-0.873718,-0.000343,152.703438
471541,0.047640,0.450141,-0.066581,-0.011404,-0.416452,0.250543,-0.873880,-0.000343,152.188110
471545,0.047608,0.450150,-0.066560,-0.011392,-0.416575,0.249782,-0.874039,-0.000343,151.692009
471549,0.047551,0.450162,-0.066541,-0.011364,-0.416629,0.248898,-0.874266,-0.000343,151.254959
471552,0.047521,0.450169,-0.066519,-0.011428,-0.416670,0.248325,-0.874409,-0.000343,150.768471
471556,0.047468,0.450173,-0.066496,-0.011397,-0.416881,0.247421,-0.874565,-0.000343,150.268936
471559,0.047433,0.450186,-0.066486,-0.011258,-0.416970,0.246830,-0.874691,-0.000343,149.714470
471563,0.047388,0.450193,-0.066471,-0.011355,-0.416973,0.246165,-0.874876,-0.000343,149.198456
471566,0.047350,0.450202,-0.066469,-0.011240,-0.417103,0.245556,-0.874986,-0.000343,148.699265
471570,0.047313,0.450211,-0.066452,-0.011270,-0.417178,0.244710,-0.875187,-0.000343,148.267365
471573,0.047277,0.450215,-0.066437,-0.011356,-0.417229,0.243913,-0.875385,-0.000343,147.748947
471577,0.047225,0.450230,-0.066408,-0.011301,-0.417408,0.242865,-0.875591,-0.000343,147.190018
471581,0.047188,0.450242,-0.066381,-0.011291,-0.417475,0.241988,-0.875802,-0.000343,146.765327
471584,0.047153,0.450250,-0.066360,-0.011264,-0.417605,0.241266,-0.875939,-0.000343,146.209831
471588,0.047116,0.450258,-0.066331,-0.011298,-0.417733,0.240300,-0.876144,-0.000343,145.699310
471591,0.047092,0.450270,-0.066316,-0.011208,-0.417805,0.239688,-0.876278,-0.000343,145.194283
471595,0.047041,0.450281,-0.066289,-0.011256,-0.417946,0.238774,-0.876459,-0.000343,144.698524
471598,0.047003,0.450287,-0.066275,-0.011228,-0.418066,0.237887,-0.876644,-0.000343,144.198990
471602,0.046925,0.450302,-0.066237,-0.011215,-0.418188,0.236469,-0.876970,-0.000343,143.749580
471605,0.046887,0.450312,-0.066219,-0.011244,-0.418261,0.235653,-0.877154,-0.000343,143.272362
471609,0.046847,0.450316,-0.066195,-0.011225,-0.418426,0.234891,-0.877280,-0.000343,142.729568
471612,0.046822,0.450326,-0.066185,-0.011154,-0.418465,0.234349,-0.877407,-0.000343,142.209435
471616,0.046797,0.450331,-0.066170,-0.011240,-0.418481,0.233887,-0.877522,-0.000343,141.701317
471620,0.046756,0.450337,-0.066161,-0.011232,-0.418617,0.233101,-0.877666,-0.000343,141.266327
471623,0.046726,0.450350,-0.066150,-0.011191,-0.418621,0.232526,-0.877817,-0.000343,140.759239
471627,0.046682,0.450354,-0.066138,-0.011183,-0.418707,0.231910,-0.877939,0.000000,140.188637
471627,0.046682,0.450354,-0.066138,-0.011183,-0.418707,0.231910,-0.877939,-0.000343,139.693222
471627,0.046682,0.450354,-0.066138,-0.011183,-0.418707,0.231910,-0.877939,-0.000343,139.187851
471627,0.046682,0.450354,-0.066138,-0.011183,-0.418707,0.231910,-0.877939,-0.000343,138.743935
471627,0.046682,0.450354,-0.066138,-0.011183,-0.418707,0.231910,-0.877939,-0.000343,138.455887
471627,0.046682,0.450354,-0.066138,-0.011183,-0.418707,0.231910,-0.877939,-0.000343,137.729759
471627,0.046682,0.450354,-0.066138,-0.011183,-0.418707,0.231910,-0.877939,0.000000,137.231941
471627,0.046682,0.450354,-0.066138,-0.011183,-0.418707,0.231910,-0.877939,-0.000343,136.715927
471627,0.046682,0.450354,-0.066138,-0.011183,-0.418707,0.231910,-0.877939,0.000000,136.275101
471627,0.046682,0.450354,-0.066138,-0.011183,-0.418707,0.231910,-0.877939,0.000000,136.009712
471627,0.046682,0.450354,-0.066138,-0.011183,-0.418707,0.231910,-0.877939,0.000000,135.209084
471627,0.046682,0.450354,-0.066138,-0.011183,-0.418707,0.231910,-0.877939,0.000000,134.725342
471627,0.046682,0.450354,-0.066138,-0.011183,-0.418707,0.231910,-0.877939,0.000000,134.167786
471627,0.046682,0.450354,-0.066138,-0.011183,-0.418707,0.231910,-0.877939,0.000000,133.661728
471627,0.046682,0.450354,-0.066138,-0.011183,-0.418707,0.231910,-0.877939,0.000000,133.247681
471627,0.046682,0.450354,-0.066138,-0.011183,-0.418707,0.231910,-0.877939,-0.000343,132.728920
471627,0.046682,0.450354,-0.066138,-0.011183,-0.418707,0.231910,-0.877939,0.000000,132.233505
471627,0.046682,0.450354,-0.066138,-0.011183,-0.418707,0.231910,-0.877939,0.000000,131.739464
471627,0.046682,0.450354,-0.066138,-0.011183,-0.418707,0.231910,-0.877939,-0.000343,131.241646
471627,0.046682,0.450354,-0.066138,-0.011183,-0.418707,0.231910,-0.877939,0.000000,130.726318
471627,0.046682,0.450354,-0.066138,-0.011183,-0.418707,0.231910,-0.877939,0.000000,130.239143
471627,0.046682,0.450354,-0.066138,-0.011183,-0.418707,0.231910,-0.877939,0.000000,129.718666
471627,0.046682,0.450354,-0.066138,-0.011183,-0.418707,0.231910,-0.877939,0.000000,129.214668
471627,0.046682,0.450354,-0.066138,-0.011183,-0.418707,0.231910,-0.877939,0.000000,128.666382
471627,0.046682,0.450354,-0.066138,-0.011183,-0.418707,0.231910,-0.877939,0.000000,128.233452
471627,0.046682,0.450354,-0.066138,-0.011183,-0.418707,0.231910,-0.877939,0.000000,127.752800
471627,0.046682,0.450354,-0.066138,-0.011183,-0.418707,0.231910,-0.877939,0.000000,127.221336
471627,0.046682,0.450354,-0.066138,-0.011183,-0.418707,0.231910,-0.877939,0.000000,126.778793
471627,0.046682,0.450354,-0.066138,-0.011183,-0.418707,0.231910,-0.877939,0.000000,126.242523
471627,0.046682,0.450354,-0.066138,-0.011183,-0.418707,0.231910,-0.877939,0.000000,125.749855
471627,0.046682,0.450354,-0.066138,-0.011183,-0.418707,0.231910,-0.877939,0.000000,125.206718
471737,0.045488,0.450577,-0.065587,-0.011057,-0.420976,0.209058,-0.882583,0.000000,124.656715
471740,0.045444,0.450585,-0.065570,-0.011051,-0.421024,0.208244,-0.882752,0.000000,124.166107
471744,0.045415,0.450593,-0.065549,-0.011078,-0.421149,0.207481,-0.882872,0.000000,123.682022
471748,0.045362,0.450604,-0.065532,-0.011051,-0.421221,0.206491,-0.883070,0.000000,123.195190
471751,0.045332,0.450609,-0.065520,-0.011083,-0.421250,0.205938,-0.883185,0.000000,122.745094
471754,0.045314,0.450612,-0.065509,-0.011062,-0.421334,0.205481,-0.883251,0.000000,122.261009
471758,0.045281,0.450622,-0.065494,-0.011038,-0.421416,0.204701,-0.883394,0.000000,121.778297
471762,0.045261,0.450623,-0.065473,-0.011099,-0.421405,0.204190,-0.883516,0.000000,121.281853
471765,0.045244,0.450627,-0.065463,-0.011015,-0.421462,0.203764,-0.883588,0.000343,120.738716
471769,0.045227,0.450630,-0.065446,-0.011047,-0.421478,0.203223,-0.883705,0.000000,120.223389
471772,0.045207,0.450633,-0.065436,-0.011052,-0.421492,0.202813,-0.883793,0.000000,119.688148
471776,0.045174,0.450636,-0.065422,-0.011022,-0.421656,0.202058,-0.883888,0.000000,119.221916
471779,0.045133,0.450641,-0.065410,-0.011019,-0.421676,0.201394,-0.884029,0.000343,118.740578
471783,0.045072,0.450647,-0.065392,-0.011066,-0.421685,0.200541,-0.884219,0.000000,118.194008
471787,0.045009,0.450656,-0.065380,-0.011003,-0.421794,0.199609,-0.884378,0.000343,117.694817
471790,0.044967,0.450667,-0.065363,-0.010869,-0.421897,0.198954,-0.884479,0.000343,117.211075
471794,0.044912,0.450675,-0.065346,-0.010889,-0.421972,0.198146,-0.884624,0.000343,116.717720
471797,0.044871,0.450683,-0.065330,-0.010834,-0.422038,0.197423,-0.884755,0.000343,116.222992
471801,0.044816,0.450689,-0.065302,-0.010891,-0.422073,0.196384,-0.884969,0.000343,115.732384
471805,0.044779,0.450697,-0.065279,-0.010861,-0.422222,0.195521,-0.885089,0.000000,115.262032
471805,0.044779,0.450697,-0.065279,-0.010861,-0.422222,0.195521,-0.885089,0.000343,114.693832
471805,0.044779,0.450697,-0.065279,-0.010861,-0.422222,0.195521,-0.885089,0.000343,114.231720
471805,0.044779,0.450697,-0.065279,-0.010861,-0.422222,0.195521,-0.885089,0.000343,113.749695
471805,0.044779,0.450697,-0.065279,-0.010861,-0.422222,0.195521,-0.885089,0.000343,113.196259
471805,0.044779,0.450697,-0.065279,-0.010861,-0.422222,0.195521,-0.885089,0.000343,112.700844
471805,0.044779,0.450697,-0.065279,-0.010861,-0.422222,0.195521,-0.885089,0.000343,112.201653
471805,0.044779,0.450697,-0.065279,-0.010861,-0.422222,0.195521,-0.885089,0.000343,111.702461
471805,0.044779,0.450697,-0.065279,-0.010861,-0.422222,0.195521,-0.885089,0.000343,111.247902
471805,0.044779,0.450697,-0.065279,-0.010861,-0.422222,0.195521,-0.885089,0.000343,110.708199
471805,0.044779,0.450697,-0.065279,-0.010861,-0.422222,0.195521,-0.885089,0.000343,110.222054
471805,0.044779,0.450697,-0.065279,-0.010861,-0.422222,0.195521,-0.885089,0.000343,109.756508
471805,0.044779,0.450697,-0.065279,-0.010861,-0.422222,0.195521,-0.885089,0.000343,109.249763
471805,0.044779,0.450697,-0.065279,-0.010861,-0.422222,0.195521,-0.885089,0.000343,108.763618
471805,0.044779,0.450697,-0.065279,-0.010861,-0.422222,0.195521,-0.885089,0.000343,108.267860
471805,0.044779,0.450697,-0.065279,-0.010861,-0.422222,0.195521,-0.885089,0.000343,107.693825
471805,0.044779,0.450697,-0.065279,-0.010861,-0.422222,0.195521,-0.885089,0.000343,107.184677
471805,0.044779,0.450697,-0.065279,-0.010861,-0.422222,0.195521,-0.885089,0.000343,106.694069
471805,0.044779,0.450697,-0.065279,-0.010861,-0.422222,0.195521,-0.885089,0.000343,106.196251
471805,0.044779,0.450697,-0.065279,-0.010861,-0.422222,0.195521,-0.885089,0.000343,105.700493
471805,0.044779,0.450697,-0.065279,-0.010861,-0.422222,0.195521,-0.885089,0.000343,105.257607
471805,0.044779,0.450697,-0.065279,-0.010861,-0.422222,0.195521,-0.885089,0.000343,104.715500
471805,0.044779,0.450697,-0.065279,-0.010861,-0.422222,0.195521,-0.885089,0.000343,104.213562
471805,0.044779,0.450697,-0.065279,-0.010861,-0.422222,0.195521,-0.885089,0.000343,103.716774
471805,0.044779,0.450697,-0.065279,-0.010861,-0.422222,0.195521,-0.885089,0.000343,103.284531
471805,0.044779,0.450697,-0.065279,-0.010861,-0.422222,0.195521,-0.885089,0.000343,102.761993
471805,0.044779,0.450697,-0.065279,-0.010861,-0.422222,0.195521,-0.885089,0.000343,102.180061
471805,0.044779,0.450697,-0.065279,-0.010861,-0.422222,0.195521,-0.885089,0.000343,101.700096
471805,0.044779,0.450697,-0.065279,-0.010861,-0.422222,0.195521,-0.885089,0.000343,101.199532
471805,0.044779,0.450697,-0.065279,-0.010861,-0.422222,0.195521,-0.885089,0.000343,100.740852
471911,0.043547,0.450835,-0.064691,-0.011016,-0.424057,0.170956,-0.889285,0.000343,100.238914
471914,0.043511,0.450839,-0.064665,-0.011012,-0.424094,0.170147,-0.889423,0.000343,99.704704
471918,0.043460,0.450843,-0.064639,-0.011056,-0.424091,0.169031,-0.889636,0.000343,99.208260
471922,0.043416,0.450850,-0.064602,-0.010938,-0.424296,0.168091,-0.889718,0.000343,98.707695
471925,0.043384,0.450852,-0.064593,-0.010996,-0.424254,0.167406,-0.889867,0.000343,98.280258
471928,0.043339,0.450854,-0.064575,-0.011039,-0.424268,0.166697,-0.889993,0.000343,97.766991
471932,0.043299,0.450856,-0.064564,-0.011010,-0.424355,0.166066,-0.890070,0.000343,97.197418
471936,0.043248,0.450861,-0.064549,-0.011027,-0.424361,0.165139,-0.890239,0.000000,96.695137
471939,0.043205,0.450865,-0.064537,-0.011072,-0.424441,0.164519,-0.890315,0.000343,96.260834
471943,0.043152,0.450865,-0.064524,-0.011038,-0.424508,0.163753,-0.890425,0.000343,95.757179
471946,0.043111,0.450865,-0.064512,-0.010955,-0.424610,0.163180,-0.890482,0.000343,95.239449
471950,0.043061,0.450870,-0.064497,-0.010943,-0.424605,0.162393,-0.890629,0.000343,94.744034
471953,0.043033,0.450869,-0.064483,-0.010987,-0.424683,0.161888,-0.890683,0.000343,94.254799
471957,0.042988,0.450877,-0.064465,-0.010862,-0.424765,0.160903,-0.890824,0.000343,93.707542
471961,0.042939,0.450881,-0.064434,-0.010973,-0.424783,0.159894,-0.890996,0.000343,93.215561
471964,0.042886,0.450882,-0.064408,-0.010954,-0.424910,0.158840,-0.891124,0.000343,92.721519
471968,0.042799,0.450886,-0.064365,-0.010989,-0.424987,0.157318,-0.891357,0.000343,92.248421
471971,0.042759,0.450892,-0.064343,-0.011000,-0.425034,0.156506,-0.891477,0.000343,91.694984
471975,0.042703,0.450898,-0.064319,-0.010987,-0.425141,0.155479,-0.891606,0.000343,91.256905
471978,0.042660,0.450902,-0.064301,-0.011009,-0.425208,0.154677,-0.891713,0.000343,90.755997
471982,0.042625,0.450901,-0.064287,-0.011046,-0.425201,0.153990,-0.891835,0.000343,90.196724
471986,0.042593,0.450905,-0.064267,-0.011009,-0.425284,0.153200,-0.891932,0.000343,89.739761
471989,0.042565,0.450905,-0.064249,-0.010984,-0.425333,0.152443,-0.892038,0.000343,89.248466
471992,0.042534,0.450905,-0.064230,-0.010997,-0.425365,0.151753,-0.892141,0.000343,88.752022
471996,0.042505,0.450903,-0.064205,-0.011011,-0.425479,0.150938,-0.892224,0.000343,88.206139
472000,0.042465,0.450905,-0.064181,-0.011044,-0.425449,0.150067,-0.892385,0.000343,87.775612
472003,0.042440,0.450907,-0.064164,-0.011072,-0.425500,0.149436,-0.892466,0.000343,87.220459
472007,0.042396,0.450909,-0.064149,-0.010965,-0.425602,0.148683,-0.892545,0.000343,86.709938
472010,0.042360,0.450910,-0.064139,-0.010933,-0.425661,0.148040,-0.892624,0.000343,86.274605
472014,0.042302,0.450913,-0.064124,-0.010970,-0.425675,0.147181,-0.892759,0.000343,85.770607
472017,0.042256,0.450918,-0.064111,-0.010941,-0.425694,0.146445,-0.892871,0.000343,85.238113
472021,0.042199,0.450918,-0.064092,-0.010921,-0.425755,0.145383,-0.893016,0.000343,84.680557
472024,0.042104,0.450915,-0.064103,-0.011184,-0.426753,0.145337,-0.892543,0.000343,84.185829
472028,0.042057,0.450919,-0.064082,-0.011205,-0.426863,0.144555,-0.892618,0.000343,83.694878
472032,0.042011,0.450924,-0.064064,-0.011246,-0.426836,0.143732,-0.892763,0.000343,83.250961
472035,0.041980,0.450922,-0.064049,-0.011269,-0.426850,0.143108,-0.892856,0.000343,82.760696
472038,0.041948,0.450920,-0.064029,-0.011229,-0.426930,0.142396,-0.892932,0.000343,82.223740
472042,0.041898,0.450923,-0.064007,-0.011155,-0.427004,0.141392,-0.893058,0.000343,81.717682
472046,0.041859,0.450925,-0.063978,-0.011224,-0.427012,0.140526,-0.893190,0.000343,81.275826
472049,0.041826,0.450928,-0.063962,-0.011196,-0.427089,0.139868,-0.893256,0.000343,80.777664
472053,0.041780,0.450928,-0.063935,-0.011215,-0.427119,0.138896,-0.893393,0.000343,80.245514
472056,0.041741,0.450931,-0.063920,-0.011190,-0.427141,0.138215,-0.893489,0.000343,79.674225
472060,0.041703,0.450931,-0.063901,-0.011126,-0.427231,0.137426,-0.893568,0.000343,79.185677
472064,0.041657,0.450933,-0.063879,-0.011131,-0.427217,0.136432,-0.893727,0.000343,78.695755
472067,0.041617,0.450931,-0.063859,-0.011148,-0.427257,0.135628,-0.893830,0.000343,78.196907
472071,0.041585,0.450935,-0.063833,-0.011141,-0.427358,0.134759,-0.893913,0.000343,77.751274
472074,0.041555,0.450936,-0.063815,-0.011075,-0.427378,0.134016,-0.894016,0.000343,77.214661
472078,0.041526,0.450936,-0.063792,-0.011173,-0.427458,0.133335,-0.894079,0.000343,76.765251
472081,0.041505,0.450936,-0.063782,-0.011187,-0.427479,0.132791,-0.894150,0.000343,76.274643
472085,0.041466,0.450935,-0.063765,-0.011172,-0.427517,0.132008,-0.894247,0.000343,75.735970
472088,0.041429,0.450936,-0.063752,-0.011196,-0.427528,0.131350,-0.894339,0.000343,75.219955
472092,0.041368,0.450940,-0.063731,-0.011158,-0.427617,0.130468,-0.894426,0.000343,74.686089
472095,0.041326,0.450942,-0.063721,-0.011112,-0.427646,0.129827,-0.894506,0.000343,74.178314
472099,0.041272,0.450941,-0.063705,-0.011164,-0.427654,0.129019,-0.894618,0.000343,73.697319
472103,0.041198,0.450943,-0.063681,-0.011123,-0.427765,0.127851,-0.894733,0.000343,73.253059
472106,0.041137,0.450946,-0.063660,-0.011101,-0.427770,0.126840,-0.894875,0.000343,72.741508
472110,0.041071,0.450946,-0.063629,-0.011132,-0.427836,0.125652,-0.895011,0.000343,72.201118
472113,0.041021,0.450948,-0.063607,-0.011074,-0.427883,0.124741,-0.895117,0.000343,71.705360
472117,0.040973,0.450947,-0.063579,-0.011064,-0.427886,0.123751,-0.895252,0.000343,71.256981
472120,0.040942,0.450948,-0.063558,-0.011091,-0.427918,0.123099,-0.895327,0.000000,70.771523
472124,0.040904,0.450952,-0.063536,-0.011040,-0.427981,0.122282,-0.895409,0.000343,70.275764
472127,0.040881,0.450950,-0.063522,-0.011039,-0.428049,0.121772,-0.895446,0.000343,69.707909
472131,0.040846,0.450950,-0.063507,-0.011180,-0.428037,0.121130,-0.895537,0.000343,69.186745
472135,0.040800,0.450948,-0.063489,-0.011096,-0.428112,0.120139,-0.895636,0.000343,68.750725
472138,0.040759,0.450947,-0.063471,-0.011107,-0.428139,0.119312,-0.895734,0.000343,68.260460
472141,0.040708,0.450944,-0.063446,-0.011155,-0.428170,0.118392,-0.895840,0.000343,67.746162
472145,0.040643,0.450944,-0.063414,-0.011131,-0.428231,0.117271,-0.895959,0.000343,67.241135
472149,0.040605,0.450940,-0.063387,-0.011138,-0.428250,0.116376,-0.896066,0.000343,66.699371
472152,0.040580,0.450941,-0.063370,-0.011129,-0.428283,0.115814,-0.896123,0.000343,66.207390
472156,0.040553,0.450943,-0.063354,-0.011096,-0.428337,0.114998,-0.896203,0.000343,65.710602
472159,0.040528,0.450941,-0.063340,-0.011128,-0.428355,0.114373,-0.896274,0.000343,65.273209
472163,0.040488,0.450935,-0.063326,-0.011100,-0.428363,0.113581,-0.896371,0.000343,64.769554
472166,0.040456,0.450934,-0.063307,-0.011106,-0.428424,0.112931,-0.896424,0.000343,64.261436
472170,0.040399,0.450936,-0.063287,-0.011095,-0.428430,0.111956,-0.896544,0.000343,63.711433
472173,0.040351,0.450935,-0.063265,-0.011144,-0.428511,0.111237,-0.896594,0.000343,63.211555
472177,0.040293,0.450937,-0.063251,-0.011113,-0.428569,0.110503,-0.896657,0.000343,62.704811
472181,0.040244,0.450935,-0.063240,-0.011177,-0.428569,0.109767,-0.896747,0.000343,62.186394
472184,0.040208,0.450935,-0.063234,-0.011178,-0.428600,0.109176,-0.896804,0.000343,61.738701
472188,0.040167,0.450939,-0.063222,-0.011124,-0.428645,0.108352,-0.896883,0.000343,61.191101
472191,0.040133,0.450935,-0.063202,-0.011120,-0.428681,0.107709,-0.896944,0.000343,60.699806
472195,0.040090,0.450932,-0.063178,-0.011135,-0.428692,0.106937,-0.897030,0.000343,60.211601
472198,0.040068,0.450930,-0.063157,-0.011134,-0.428703,0.106389,-0.897090,0.000343,59.714813
472202,0.040029,0.450927,-0.063133,-0.011124,-0.428674,0.105598,-0.897198,0.000343,59.209442
472206,0.039999,0.450928,-0.063114,-0.011104,-0.428770,0.104825,-0.897243,0.000343,58.764839
472209,0.039969,0.450929,-0.063102,-0.011043,-0.428782,0.104175,-0.897314,0.000343,58.273888
472213,0.039924,0.450924,-0.063091,-0.011079,-0.428772,0.103311,-0.897418,0.000343,57.751694
472216,0.039890,0.450923,-0.063076,-0.011055,-0.428823,0.102649,-0.897470,0.000343,57.192764
472220,0.039848,0.450925,-0.063063,-0.011033,-0.428822,0.101817,-0.897565,0.000000,56.713486
472223,0.039820,0.450921,-0.063045,-0.011109,-0.428822,0.101173,-0.897637,0.000343,56.211205
472227,0.039766,0.450920,-0.063013,-0.011130,-0.428856,0.100048,-0.897747,0.000343,55.741882
472230,0.039726,0.450917,-0.062984,-0.011149,-0.428912,0.099160,-0.897818,0.000343,55.188103
472234,0.039694,0.450914,-0.062964,-0.011231,-0.428874,0.098333,-0.897926,0.000343,54.699898
472238,0.039661,0.450912,-0.062941,-0.011200,-0.428993,0.097558,-0.897954,0.000343,54.204140
472241,0.039633,0.450910,-0.062929,-0.011172,-0.428990,0.096959,-0.898021,0.000343,53.702888
472245,0.039584,0.450906,-0.062915,-0.011207,-0.428988,0.096125,-0.898111,0.000000,53.219833
472248,0.039541,0.450906,-0.062901,-0.011242,-0.428999,0.095523,-0.898170,0.000343,52.726822
472252,0.039472,0.450901,-0.062887,-0.011130,-0.429015,0.094511,-0.898271,0.000343,52.258873
472255,0.039427,0.450898,-0.062873,-0.011116,-0.429060,0.093775,-0.898326,0.000000,51.758652
472259,0.039369,0.450900,-0.062858,-0.011051,-0.429155,0.092847,-0.898378,0.000000,51.267700
472262,0.039330,0.450896,-0.062843,-0.011029,-0.429164,0.092105,-0.898451,0.000343,50.702591
472266,0.039264,0.450894,-0.062817,-0.011061,-0.429214,0.090920,-0.898547,0.000000,50.179024
472269,0.039221,0.450895,-0.062794,-0.011100,-0.429240,0.090094,-0.898617,0.000000,49.687729
472273,0.039175,0.450892,-0.062764,-0.011107,-0.429287,0.089111,-0.898693,0.000000,49.190941
472277,0.039123,0.450889,-0.062734,-0.011110,-0.429293,0.088221,-0.898778,0.000000,48.743935
472280,0.039091,0.450885,-0.062714,-0.011146,-0.429342,0.087546,-0.898820,0.000343,48.209724
472284,0.039040,0.450882,-0.062694,-0.011090,-0.429331,0.086526,-0.898924,0.000000,47.773361
472287,0.039010,0.450878,-0.062679,-0.011077,-0.429358,0.085919,-0.898970,0.000000,47.224731
472291,0.038968,0.450877,-0.062660,-0.010994,-0.429428,0.085074,-0.899018,0.000000,46.716270
472294,0.038936,0.450873,-0.062643,-0.010943,-0.429469,0.084402,-0.899062,0.000000,46.274071
472298,0.038897,0.450866,-0.062619,-0.010994,-0.429489,0.083544,-0.899132,0.000000,45.768013
472301,0.038865,0.450864,-0.062605,-0.010967,-0.429503,0.082852,-0.899190,0.000343,45.257149
472305,0.038821,0.450860,-0.062578,-0.010992,-0.429532,0.081798,-0.899272,0.000000,44.698219
472308,0.038793,0.450859,-0.062568,-0.010946,-0.429517,0.081119,-0.899341,0.000000,44.194908
472312,0.038759,0.450854,-0.062542,-0.011047,-0.429596,0.080197,-0.899385,0.000000,43.693657
472316,0.038704,0.450853,-0.062519,-0.011044,-0.429630,0.079128,-0.899464,0.000000,43.271370
472319,0.038668,0.450849,-0.062498,-0.011101,-0.429665,0.078446,-0.899506,0.000000,42.794838
472322,0.038626,0.450844,-0.062482,-0.011115,-0.429656,0.077738,-0.899572,0.000000,42.249985
472326,0.038568,0.450841,-0.062464,-0.011039,-0.429701,0.076672,-0.899642,0.000000,41.758003
472330,0.038504,0.450835,-0.062439,-0.011028,-0.429765,0.075743,-0.899691,0.000000,41.271172
472333,0.038466,0.450835,-0.062432,-0.011001,-0.429762,0.075182,-0.899740,0.000000,40.817642
472337,0.038413,0.450828,-0.062410,-0.010901,-0.429805,0.074231,-0.899799,0.000343,40.295792
472340,0.038374,0.450828,-0.062403,-0.010870,-0.429784,0.073560,-0.899865,0.000000,39.753685
472344,0.038326,0.450820,-0.062377,-0.010814,-0.429881,0.072688,-0.899890,0.000000,39.270630
472347,0.038292,0.450818,-0.062360,-0.010777,-0.429889,0.072045,-0.899938,0.000000,38.777275
472351,0.038251,0.450812,-0.062338,-0.010800,-0.429889,0.071240,-0.900002,0.000000,38.295593
472355,0.038208,0.450807,-0.062317,-0.010800,-0.429913,0.070335,-0.900062,0.000000,37.823524
472358,0.038177,0.450805,-0.062302,-0.010837,-0.429934,0.069753,-0.900097,0.000000,37.349739
472362,0.038138,0.450802,-0.062277,-0.010878,-0.429962,0.068897,-0.900149,0.000000,36.877670
472365,0.038103,0.450800,-0.062266,-0.010872,-0.429986,0.068223,-0.900189,0.000000,36.456757
472369,0.038064,0.450793,-0.062240,-0.010871,-0.430016,0.067328,-0.900242,0.000000,35.923920
472372,0.038032,0.450790,-0.062227,-0.010906,-0.429993,0.066755,-0.900295,-0.000343,35.466270
472376,0.037993,0.450786,-0.062201,-0.010843,-0.430085,0.065866,-0.900317,0.000000,34.984932
472376,0.037993,0.450786,-0.062201,-0.010843,-0.430085,0.065866,-0.900317,0.000000,34.498444
472376,0.037993,0.450786,-0.062201,-0.010843,-0.430085,0.065866,-0.900317,0.000000,33.968010
472376,0.037993,0.450786,-0.062201,-0.010843,-0.430085,0.065866,-0.900317,0.000000,33.500404
472376,0.037993,0.450786,-0.062201,-0.010843,-0.430085,0.065866,-0.900317,-0.000343,33.040695
472376,0.037993,0.450786,-0.062201,-0.010843,-0.430085,0.065866,-0.900317,0.000000,32.580986
472376,0.037993,0.450786,-0.062201,-0.010843,-0.430085,0.065866,-0.900317,0.000000,32.175522
472376,0.037993,0.450786,-0.062201,-0.010843,-0.430085,0.065866,-0.900317,0.000000,31.707230
472376,0.037993,0.450786,-0.062201,-0.010843,-0.430085,0.065866,-0.900317,0.000000,31.232758
472376,0.037993,0.450786,-0.062201,-0.010843,-0.430085,0.065866,-0.900317,0.000000,30.725670
472376,0.037993,0.450786,-0.062201,-0.010843,-0.430085,0.065866,-0.900317,0.000000,30.258408
472376,0.037993,0.450786,-0.062201,-0.010843,-0.430085,0.065866,-0.900317,0.000000,29.786339
472376,0.037993,0.450786,-0.062201,-0.010843,-0.430085,0.065866,-0.900317,0.000000,29.331093
472376,0.037993,0.450786,-0.062201,-0.010843,-0.430085,0.065866,-0.900317,0.000000,28.924599
472376,0.037993,0.450786,-0.062201,-0.010843,-0.430085,0.065866,-0.900317,0.000000,28.478279
472376,0.037993,0.450786,-0.062201,-0.010843,-0.430085,0.065866,-0.900317,-0.000343,27.990761
472376,0.037993,0.450786,-0.062201,-0.010843,-0.430085,0.065866,-0.900317,0.000000,27.542725
472376,0.037993,0.450786,-0.062201,-0.010843,-0.430085,0.065866,-0.900317,-0.000343,27.108765
472376,0.037993,0.450786,-0.062201,-0.010843,-0.430085,0.065866,-0.900317,0.000000,26.709480
472376,0.037993,0.450786,-0.062201,-0.010843,-0.430085,0.065866,-0.900317,-0.000343,26.267281
472376,0.037993,0.450786,-0.062201,-0.010843,-0.430085,0.065866,-0.900317,-0.000343,25.786629
472376,0.037993,0.450786,-0.062201,-0.010843,-0.430085,0.065866,-0.900317,0.000000,25.378075
472376,0.037993,0.450786,-0.062201,-0.010843,-0.430085,0.065866,-0.900317,0.000000,24.890556
472376,0.037993,0.450786,-0.062201,-0.010843,-0.430085,0.065866,-0.900317,-0.000343,24.483719
472376,0.037993,0.450786,-0.062201,-0.010843,-0.430085,0.065866,-0.900317,0.000000,24.094734
472376,0.037993,0.450786,-0.062201,-0.010843,-0.430085,0.065866,-0.900317,0.000000,23.673134
472376,0.037993,0.450786,-0.062201,-0.010843,-0.430085,0.065866,-0.900317,0.000000,23.253937
472376,0.037993,0.450786,-0.062201,-0.010843,-0.430085,0.065866,-0.900317,-0.000343,22.830620
472376,0.037993,0.450786,-0.062201,-0.010843,-0.430085,0.065866,-0.900317,-0.000343,22.372627
472376,0.037993,0.450786,-0.062201,-0.010843,-0.430085,0.065866,-0.900317,0.000000,21.957893
472482,0.037011,0.450656,-0.061762,-0.010706,-0.430420,0.046392,-0.901372,0.000000,21.559639
472486,0.036958,0.450654,-0.061748,-0.010656,-0.430448,0.045479,-0.901406,-0.000343,21.147308
472489,0.036928,0.450649,-0.061736,-0.010687,-0.430479,0.045025,-0.901414,-0.000343,20.738068
472493,0.036881,0.450642,-0.061726,-0.010579,-0.430528,0.044199,-0.901432,-0.000343,20.334663
472497,0.036835,0.450637,-0.061707,-0.010651,-0.430487,0.043378,-0.901491,-0.000343,19.968338
472500,0.036801,0.450631,-0.061690,-0.010638,-0.430559,0.042748,-0.901487,-0.000343,19.550171
472504,0.036751,0.450628,-0.061668,-0.010548,-0.430578,0.041817,-0.901523,-0.000343,19.169083
472507,0.036714,0.450620,-0.061645,-0.010610,-0.430589,0.041077,-0.901550,-0.000343,18.782845
472511,0.036672,0.450619,-0.061631,-0.010561,-0.430615,0.040332,-0.901572,-0.000343,18.391113
472514,0.036650,0.450616,-0.061620,-0.010530,-0.430651,0.039806,-0.901579,0.000000,17.993546
472518,0.036599,0.450607,-0.061603,-0.010562,-0.430629,0.038768,-0.901634,0.000000,17.654686
472522,0.036547,0.450596,-0.061572,-0.010523,-0.430657,0.037612,-0.901670,-0.000343,17.242699
472525,0.036487,0.450585,-0.061541,-0.010497,-0.430648,0.036417,-0.901724,-0.000343,16.916542
472529,0.036382,0.450564,-0.061482,-0.010487,-0.430694,0.034407,-0.901781,-0.000343,16.509018
472532,0.036307,0.450550,-0.061441,-0.010498,-0.430680,0.033076,-0.901837,0.000000,16.147156
472535,0.036258,0.450546,-0.061416,-0.010477,-0.430657,0.032163,-0.901881,-0.000343,15.789757
472539,0.036210,0.450536,-0.061393,-0.010516,-0.430670,0.031152,-0.901911,0.000000,15.430298
472543,0.036170,0.450531,-0.061382,-0.010494,-0.430658,0.030199,-0.901949,-0.000343,15.111351
472547,0.036134,0.450521,-0.061373,-0.010429,-0.430684,0.029256,-0.901968,-0.000343,14.771461
472550,0.036113,0.450515,-0.061368,-0.010473,-0.430691,0.028751,-0.901981,-0.000343,14.435005
472553,0.036085,0.450510,-0.061356,-0.010492,-0.430687,0.028202,-0.902000,0.000000,14.100952
472557,0.036051,0.450504,-0.061330,-0.010467,-0.430720,0.027442,-0.902008,-0.000343,13.763466
472560,0.036027,0.450499,-0.061313,-0.010497,-0.430667,0.027003,-0.902046,-0.000343,13.433189
472564,0.036002,0.450494,-0.061288,-0.010543,-0.430731,0.026507,-0.902029,-0.000343,13.101883
472568,0.035971,0.450486,-0.061273,-0.010510,-0.430710,0.025847,-0.902059,0.000000,12.766113
472568,0.035971,0.450486,-0.061273,-0.010510,-0.430710,0.025847,-0.902059,-0.000343,12.405968
472568,0.035971,0.450486,-0.061273,-0.010510,-0.430710,0.025847,-0.902059,-0.000343,12.093887
472568,0.035971,0.450486,-0.061273,-0.010510,-0.430710,0.025847,-0.902059,0.000000,11.831245
472568,0.035971,0.450486,-0.061273,-0.010510,-0.430710,0.025847,-0.902059,-0.000343,11.526375
472568,0.035971,0.450486,-0.061273,-0.010510,-0.430710,0.025847,-0.902059,0.000000,11.222534
472568,0.035971,0.450486,-0.061273,-0.010510,-0.430710,0.025847,-0.902059,0.000000,10.916634
472568,0.035971,0.450486,-0.061273,-0.010510,-0.430710,0.025847,-0.902059,-0.000343,10.594254
472568,0.035971,0.450486,-0.061273,-0.010510,-0.430710,0.025847,-0.902059,0.000000,10.330925
472568,0.035971,0.450486,-0.061273,-0.010510,-0.430710,0.025847,-0.902059,-0.000343,10.012665
472568,0.035971,0.450486,-0.061273,-0.010510,-0.430710,0.025847,-0.902059,-0.000343,9.740410
472568,0.035971,0.450486,-0.061273,-0.010510,-0.430710,0.025847,-0.902059,-0.000343,9.470215
472568,0.035971,0.450486,-0.061273,-0.010510,-0.430710,0.025847,-0.902059,-0.000343,9.204140
472568,0.035971,0.450486,-0.061273,-0.010510,-0.430710,0.025847,-0.902059,0.000000,8.952827
472568,0.035971,0.450486,-0.061273,-0.010510,-0.430710,0.025847,-0.902059,-0.000343,8.718681
472568,0.035971,0.450486,-0.061273,-0.010510,-0.430710,0.025847,-0.902059,-0.000343,8.453979
472568,0.035971,0.450486,-0.061273,-0.010510,-0.430710,0.025847,-0.902059,-0.000343,8.173828
472568,0.035971,0.450486,-0.061273,-0.010510,-0.430710,0.025847,-0.902059,-0.000343,7.923203
472568,0.035971,0.450486,-0.061273,-0.010510,-0.430710,0.025847,-0.902059,-0.000343,7.686996
472568,0.035971,0.450486,-0.061273,-0.010510,-0.430710,0.025847,-0.902059,0.000000,7.478943
472568,0.035971,0.450486,-0.061273,-0.010510,-0.430710,0.025847,-0.902059,-0.000343,7.248917
472568,0.035971,0.450486,-0.061273,-0.010510,-0.430710,0.025847,-0.902059,0.000000,7.002068
472568,0.035971,0.450486,-0.061273,-0.010510,-0.430710,0.025847,-0.902059,-0.000343,6.805687
472568,0.035971,0.450486,-0.061273,-0.010510,-0.430710,0.025847,-0.902059,-0.000343,6.593170
472568,0.035971,0.450486,-0.061273,-0.010510,-0.430710,0.025847,-0.902059,-0.000343,6.360741
472568,0.035971,0.450486,-0.061273,-0.010510,-0.430710,0.025847,-0.902059,0.000000,6.155434
472568,0.035971,0.450486,-0.061273,-0.010510,-0.430710,0.025847,-0.902059,-0.000343,5.970039
472568,0.035971,0.450486,-0.061273,-0.010510,-0.430710,0.025847,-0.902059,-0.000343,5.763702
472568,0.035971,0.450486,-0.061273,-0.010510,-0.430710,0.025847,-0.902059,-0.000343,5.567665
472568,0.035971,0.450486,-0.061273,-0.010510,-0.430710,0.025847,-0.902059,-0.000343,5.377808
472674,0.035456,0.450401,-0.061048,-0.010398,-0.430881,0.016583,-0.902197,-0.000343,5.175934
472677,0.035444,0.450398,-0.061053,-0.010391,-0.430935,0.016476,-0.902173,-0.000343,5.000153
472681,0.035424,0.450399,-0.061063,-0.010396,-0.430906,0.016299,-0.902189,-0.000343,4.834328
472685,0.035412,0.450393,-0.061060,-0.010445,-0.430899,0.016108,-0.902196,-0.000343,4.683609
472688,0.035401,0.450393,-0.061059,-0.010463,-0.430906,0.015969,-0.902195,-0.000343,4.513664
472688,0.035401,0.450393,-0.061059,-0.010463,-0.430906,0.015969,-0.902195,-0.000343,4.344063
472688,0.035401,0.450393,-0.061059,-0.010463,-0.430906,0.015969,-0.902195,0.000000,4.163818
472688,0.035401,0.450393,-0.061059,-0.010463,-0.430906,0.015969,-0.902195,-0.000343,4.010353
472688,0.035401,0.450393,-0.061059,-0.010463,-0.430906,0.015969,-0.902195,0.000000,3.851395
472688,0.035401,0.450393,-0.061059,-0.010463,-0.430906,0.015969,-0.902195,-0.000343,3.699646
472688,0.035401,0.450393,-0.061059,-0.010463,-0.430906,0.015969,-0.902195,-0.000343,3.553391
472688,0.035401,0.450393,-0.061059,-0.010463,-0.430906,0.015969,-0.902195,-0.000343,3.432884
472688,0.035401,0.450393,-0.061059,-0.010463,-0.430906,0.015969,-0.902195,0.000000,3.303108
472688,0.035401,0.450393,-0.061059,-0.010463,-0.430906,0.015969,-0.902195,-0.000343,3.180542
472688,0.035401,0.450393,-0.061059,-0.010463,-0.430906,0.015969,-0.902195,-0.000343,3.037376
472688,0.035401,0.450393,-0.061059,-0.010463,-0.430906,0.015969,-0.902195,0.000000,2.920990
472688,0.035401,0.450393,-0.061059,-0.010463,-0.430906,0.015969,-0.902195,0.000000,2.794991
472688,0.035401,0.450393,-0.061059,-0.010463,-0.430906,0.015969,-0.902195,-0.000343,2.661438
472688,0.035401,0.450393,-0.061059,-0.010463,-0.430906,0.015969,-0.902195,-0.000343,2.538872
472688,0.035401,0.450393,-0.061059,-0.010463,-0.430906,0.015969,-0.902195,-0.000343,2.425575
472688,0.035401,0.450393,-0.061059,-0.010463,-0.430906,0.015969,-0.902195,0.000000,2.324638
472688,0.035401,0.450393,-0.061059,-0.010463,-0.430906,0.015969,-0.902195,-0.000343,2.226791
472688,0.035401,0.450393,-0.061059,-0.010463,-0.430906,0.015969,-0.902195,-0.000343,2.126884
472688,0.035401,0.450393,-0.061059,-0.010463,-0.430906,0.015969,-0.902195,-0.000343,2.024231
472688,0.035401,0.450393,-0.061059,-0.010463,-0.430906,0.015969,-0.902195,-0.000343,1.920891
472688,0.035401,0.450393,-0.061059,-0.010463,-0.430906,0.015969,-0.902195,0.000000,1.824417
472688,0.035401,0.450393,-0.061059,-0.010463,-0.430906,0.015969,-0.902195,-0.000343,1.743050
472688,0.035401,0.450393,-0.061059,-0.010463,-0.430906,0.015969,-0.902195,-0.000343,1.658592
472688,0.035401,0.450393,-0.061059,-0.010463,-0.430906,0.015969,-0.902195,-0.000343,1.582375
472688,0.035401,0.450393,-0.061059,-0.010463,-0.430906,0.015969,-0.902195,-0.000343,1.491051
472688,0.035401,0.450393,-0.061059,-0.010463,-0.430906,0.015969,-0.902195,-0.000343,1.417236
472688,0.035401,0.450393,-0.061059,-0.010463,-0.430906,0.015969,-0.902195,-0.000343,1.333122
472688,0.035401,0.450393,-0.061059,-0.010463,-0.430906,0.015969,-0.902195,-0.000343,1.256218
472688,0.035401,0.450393,-0.061059,-0.010463,-0.430906,0.015969,-0.902195,-0.000343,1.181030
472795,0.035264,0.450347,-0.060959,-0.010479,-0.430914,0.012052,-0.902252,-0.000343,1.132965
472799,0.035259,0.450346,-0.060943,-0.010463,-0.430944,0.011885,-0.902240,0.000000,1.072197
472802,0.035250,0.450347,-0.060938,-0.010476,-0.430927,0.011879,-0.902248,-0.000343,1.005592
472806,0.035235,0.450346,-0.060936,-0.010441,-0.430979,0.011743,-0.902225,-0.000343,0.957870
472809,0.035217,0.450346,-0.060944,-0.010396,-0.430944,0.011692,-0.902243,-0.000343,0.900536
472813,0.035202,0.450343,-0.060953,-0.010491,-0.430955,0.011688,-0.902237,-0.000343,0.833931
472816,0.035191,0.450347,-0.060962,-0.010483,-0.430945,0.011676,-0.902242,0.000000,0.773849
472819,0.035179,0.450345,-0.060972,-0.010413,-0.430933,0.011532,-0.902250,0.000000,0.713081
472823,0.035175,0.450344,-0.060975,-0.010439,-0.430938,0.011492,-0.902248,-0.000343,0.664330
472827,0.035169,0.450344,-0.060975,-0.010399,-0.430952,0.011448,-0.902242,-0.000343,0.618324
472830,0.035174,0.450342,-0.060967,-0.010437,-0.430970,0.011369,-0.902234,-0.000343,0.586395
472834,0.035176,0.450340,-0.060962,-0.010475,-0.430958,0.011331,-0.902240,-0.000343,0.548286
472837,0.035183,0.450337,-0.060953,-0.010485,-0.430929,0.011321,-0.902254,0.000000,0.518074
472841,0.035180,0.450337,-0.060945,-0.010419,-0.430961,0.011189,-0.902241,-0.000343,0.485458
472844,0.035180,0.450339,-0.060936,-0.010457,-0.430961,0.011172,-0.902241,-0.000343,0.445976
472848,0.035168,0.450334,-0.060925,-0.010486,-0.430943,0.011143,-0.902250,-0.000343,0.402374
472852,0.035156,0.450335,-0.060922,-0.010409,-0.430970,0.011023,-0.902239,-0.000343,0.362892
472855,0.035151,0.450334,-0.060921,-0.010483,-0.430943,0.011068,-0.902251,-0.000343,0.326157
472859,0.035141,0.450336,-0.060932,-0.010388,-0.430943,0.010973,-0.902253,-0.000343,0.289421
472862,0.035145,0.450332,-0.060937,-0.010432,-0.430952,0.010950,-0.902248,0.000000,0.263672
472866,0.035146,0.450332,-0.060949,-0.010475,-0.430941,0.010954,-0.902253,-0.000343,0.241356
472870,0.035157,0.450334,-0.060958,-0.010444,-0.430944,0.010828,-0.902253,0.000000,0.226593
472873,0.035160,0.450333,-0.060962,-0.010437,-0.430954,0.010834,-0.902249,0.000000,0.213547
472876,0.035167,0.450332,-0.060965,-0.010429,-0.430970,0.010825,-0.902241,-0.000343,0.200844
472880,0.035177,0.450331,-0.060956,-0.010471,-0.430939,0.010824,-0.902255,0.000000,0.184021
472884,0.035180,0.450330,-0.060949,-0.010432,-0.430938,0.010705,-0.902258,-0.000343,0.157242
472887,0.035189,0.450328,-0.060936,-0.010482,-0.430963,0.010757,-0.902245,-0.000343,0.134239
472891,0.035185,0.450329,-0.060931,-0.010424,-0.430941,0.010624,-0.902257,-0.000343,0.114326
472894,0.035190,0.450327,-0.060926,-0.010452,-0.430956,0.010637,-0.902250,-0.000343,0.096817
472898,0.035187,0.450328,-0.060931,-0.010501,-0.430926,0.010655,-0.902263,0.000000,0.083771
472901,0.035184,0.450325,-0.060937,-0.010490,-0.430933,0.010649,-0.902260,-0.000343,0.074844
472905,0.035174,0.450326,-0.060947,-0.010439,-0.430941,0.010550,-0.902258,-0.000343,0.067291
472908,0.035170,0.450328,-0.060960,-0.010444,-0.430894,0.010554,-0.902280,0.000000,0.060768
472912,0.035170,0.450329,-0.060967,-0.010430,-0.430918,0.010547,-0.902269,-0.000343,0.056648
472915,0.035166,0.450331,-0.060973,-0.010383,-0.430909,0.010488,-0.902275,0.000000,0.051155
472919,0.035168,0.450325,-0.060966,-0.010472,-0.430933,0.010516,-0.902262,0.000000,0.042915
472923,0.035158,0.450325,-0.060953,-0.010362,-0.430931,0.010352,-0.902266,0.000000,0.031929
472926,0.035160,0.450323,-0.060937,-0.010444,-0.430941,0.010382,-0.902260,0.000000,0.018883
472930,0.035154,0.450321,-0.060919,-0.010513,-0.430920,0.010412,-0.902269,-0.000343,0.007896
472933,0.035155,0.450321,-0.060911,-0.010494,-0.430953,0.010424,-0.902253,-0.000343,0.001717
472937,0.035154,0.450321,-0.060908,-0.010452,-0.430932,0.010286,-0.902265,0.000000,-0.000343
472940,0.035152,0.450322,-0.060914,-0.010471,-0.430939,0.010359,-0.902261,0.000000,-0.000687
472944,0.035154,0.450321,-0.060926,-0.010465,-0.430965,0.010316,-0.902249,0.000000,-0.000687
472947,0.035146,0.450324,-0.060938,-0.010371,-0.430946,0.010281,-0.902259,0.000000,-0.001030
472951,0.035148,0.450320,-0.060947,-0.010484,-0.430929,0.010296,-0.902266,0.000000,-0.000687
472955,0.035138,0.450323,-0.060957,-0.010394,-0.430929,0.010180,-0.902269,0.000000,-0.000687
472958,0.035142,0.450321,-0.060959,-0.010417,-0.430932,0.010224,-0.902267,0.000000,-0.000687
472958,0.035142,0.450321,-0.060959,-0.010417,-0.430932,0.010224,-0.902267,-0.000343,-0.001030
472958,0.035142,0.450321,-0.060959,-0.010417,-0.430932,0.010224,-0.902267,0.000000,-0.001030
472958,0.035142,0.450321,-0.060959,-0.010417,-0.430932,0.010224,-0.902267,-0.000343,-0.000687
472958,0.035142,0.450321,-0.060959,-0.010417,-0.430932,0.010224,-0.902267,0.000000,-0.000687
472958,0.035142,0.450321,-0.060959,-0.010417,-0.430932,0.010224,-0.902267,0.000000,-0.000687
472958,0.035142,0.450321,-0.060959,-0.010417,-0.430932,0.010224,-0.902267,0.000000,-0.000687
472958,0.035142,0.450321,-0.060959,-0.010417,-0.430932,0.010224,-0.902267,0.000000,-0.000687
472958,0.035142,0.450321,-0.060959,-0.010417,-0.430932,0.010224,-0.902267,0.000000,-0.000687
472958,0.035142,0.450321,-0.060959,-0.010417,-0.430932,0.010224,-0.902267,0.000000,-0.000687
472958,0.035142,0.450321,-0.060959,-0.010417,-0.430932,0.010224,-0.902267,0.000000,-0.000687
472958,0.035142,0.450321,-0.060959,-0.010417,-0.430932,0.010224,-0.902267,0.000000,-0.000687
472958,0.035142,0.450321,-0.060959,-0.010417,-0.430932,0.010224,-0.902267,0.000000,-0.000687
472958,0.035142,0.450321,-0.060959,-0.010417,-0.430932,0.010224,-0.902267,0.000000,-0.000687
472958,0.035142,0.450321,-0.060959,-0.010417,-0.430932,0.010224,-0.902267,0.000000,-0.000687
472958,0.035142,0.450321,-0.060959,-0.010417,-0.430932,0.010224,-0.902267,0.000000,-0.000687
472958,0.035142,0.450321,-0.060959,-0.010417,-0.430932,0.010224,-0.902267,0.000000,-0.000687
472958,0.035142,0.450321,-0.060959,-0.010417,-0.430932,0.010224,-0.902267,0.000000,-0.000687
472958,0.035142,0.450321,-0.060959,-0.010417,-0.430932,0.010224,-0.902267,0.000000,-0.000687
472958,0.035142,0.450321,-0.060959,-0.010417,-0.430932,0.010224,-0.902267,0.000000,-0.000687
472958,0.035142,0.450321,-0.060959,-0.010417,-0.430932,0.010224,-0.902267,0.000000,-0.000687
472958,0.035142,0.450321,-0.060959,-0.010417,-0.430932,0.010224,-0.902267,0.000000,-0.000687
472958,0.035142,0.450321,-0.060959,-0.010417,-0.430932,0.010224,-0.902267,0.000000,-0.000687
472958,0.035142,0.450321,-0.060959,-0.010417,-0.430932,0.010224,-0.902267,0.000000,-0.000687
472958,0.035142,0.450321,-0.060959,-0.010417,-0.430932,0.010224,-0.902267,0.000000,-0.000687
472958,0.035142,0.450321,-0.060959,-0.010417,-0.430932,0.010224,-0.902267,0.000000,-0.000687
472958,0.035142,0.450321,-0.060959,-0.010417,-0.430932,0.010224,-0.902267,0.000000,-0.000687
472958,0.035142,0.450321,-0.060959,-0.010417,-0.430932,0.010224,-0.902267,0.000000,-0.000687
472958,0.035142,0.450321,-0.060959,-0.010417,-0.430932,0.010224,-0.902267,0.000343,-0.000687
472958,0.035142,0.450321,-0.060959,-0.010417,-0.430932,0.010224,-0.902267,0.000000,-0.000687
473065,0.035118,0.450314,-0.060916,-0.010484,-0.430917,0.009933,-0.902276,0.000000,-0.000687
473068,0.035115,0.450315,-0.060919,-0.010473,-0.430910,0.009893,-0.902280,0.000000,-0.000343
473072,0.035119,0.450316,-0.060919,-0.010380,-0.430952,0.009828,-0.902262,0.000000,-0.000687
473075,0.035114,0.450314,-0.060918,-0.010424,-0.430943,0.009838,-0.902265,0.000000,-0.000687
473079,0.035112,0.450313,-0.060920,-0.010478,-0.430951,0.009892,-0.902260,0.000000,-0.000343
473082,0.035111,0.450316,-0.060920,-0.010423,-0.430939,0.009849,-0.902267,0.000000,-0.000343
473086,0.035110,0.450316,-0.060926,-0.010449,-0.430977,0.009888,-0.902248,0.000000,-0.000343
473089,0.035112,0.450314,-0.060926,-0.010510,-0.430937,0.009919,-0.902266,0.000000,-0.000343
473093,0.035108,0.450316,-0.060929,-0.010412,-0.430920,0.009792,-0.902277,0.000000,-0.000343
473097,0.035120,0.450314,-0.060927,-0.010459,-0.430939,0.009899,-0.902266,0.000000,-0.000343
473100,0.035120,0.450317,-0.060927,-0.010433,-0.430940,0.009872,-0.902267,0.000000,-0.000343
473103,0.035129,0.450315,-0.060924,-0.010454,-0.430914,0.009889,-0.902278,0.000000,-0.000343
473107,0.035135,0.450315,-0.060914,-0.010417,-0.430950,0.009837,-0.902262,0.000000,-0.000343
473111,0.035142,0.450314,-0.060907,-0.010465,-0.430909,0.009798,-0.902282,0.000000,-0.000343
473114,0.035145,0.450313,-0.060904,-0.010461,-0.430950,0.009781,-0.902262,0.000000,0.000000
473118,0.035138,0.450313,-0.060907,-0.010493,-0.430916,0.009835,-0.902277,0.000343,0.000000
473121,0.035136,0.450314,-0.060906,-0.010545,-0.430932,0.009832,-0.902269,0.000000,0.000000
473125,0.035118,0.450316,-0.060914,-0.010384,-0.430937,0.009738,-0.902270,0.000000,0.000000
473129,0.035114,0.450315,-0.060917,-0.010477,-0.430972,0.009858,-0.902251,0.000000,0.000000
473132,0.035103,0.450317,-0.060920,-0.010443,-0.430926,0.009783,-0.902274,0.000000,0.000000
473136,0.035104,0.450315,-0.060914,-0.010441,-0.430972,0.009769,-0.902252,0.000343,0.000343
473139,0.035109,0.450314,-0.060910,-0.010466,-0.430957,0.009743,-0.902259,0.000000,0.000343
473143,0.035124,0.450315,-0.060908,-0.010430,-0.430931,0.009769,-0.902272,0.000343,0.000343
473146,0.035139,0.450316,-0.060905,-0.010424,-0.430947,0.009751,-0.902264,0.000000,0.000343
473150,0.035146,0.450314,-0.060910,-0.010472,-0.430930,0.009839,-0.902271,0.000000,0.000343
473153,0.035149,0.450312,-0.060909,-0.010498,-0.430910,0.009783,-0.902281,0.000343,0.000343
473157,0.035137,0.450314,-0.060916,-0.010407,-0.430928,0.009720,-0.902274,0.000000,0.000687
473160,0.035131,0.450314,-0.060918,-0.010421,-0.430945,0.009718,-0.902266,0.000000,0.000687
473164,0.035112,0.450317,-0.060923,-0.010441,-0.430920,0.009724,-0.902278,0.000343,0.000687
473168,0.035104,0.450314,-0.060923,-0.010429,-0.430954,0.009735,-0.902261,0.000000,0.000687
473171,0.035104,0.450314,-0.060919,-0.010462,-0.430943,0.009709,-0.902266,0.000343,0.000687
473175,0.035104,0.450314,-0.060920,-0.010430,-0.430921,0.009697,-0.902277,0.000343,0.000687
473178,0.035112,0.450315,-0.060914,-0.010410,-0.430961,0.009677,-0.902259,0.000000,0.000687
473182,0.035117,0.450316,-0.060912,-0.010499,-0.430910,0.009785,-0.902281,0.000343,0.000687
473185,0.035122,0.450314,-0.060906,-0.010450,-0.430947,0.009772,-0.902264,0.000343,0.001030
473189,0.035118,0.450314,-0.060904,-0.010434,-0.430931,0.009680,-0.902273,0.000343,0.001030
473192,0.035118,0.450314,-0.060899,-0.010448,-0.430936,0.009674,-0.902270,0.000343,0.001030
473196,0.035110,0.450314,-0.060896,-0.010435,-0.430935,0.009708,-0.902270,0.000343,0.001030
473200,0.035108,0.450314,-0.060898,-0.010476,-0.430915,0.009734,-0.902279,0.000343,0.001030
473203,0.035110,0.450312,-0.060899,-0.010486,-0.430918,0.009700,-0.902278,0.000343,0.001030
473207,0.035109,0.450315,-0.060905,-0.010395,-0.430957,0.009722,-0.902260,0.000000,0.001373
473210,0.035112,0.450311,-0.060905,-0.010431,-0.430948,0.009663,-0.902265,0.000343,0.001030
473214,0.035108,0.450312,-0.060911,-0.010487,-0.430922,0.009737,-0.902276,0.000343,0.001373
473217,0.035109,0.450312,-0.060909,-0.010489,-0.430950,0.009686,-0.902263,0.000343,0.001373
473221,0.035104,0.450313,-0.060917,-0.010445,-0.430947,0.009667,-0.902265,0.000343,0.001030
473224,0.035107,0.450312,-0.060917,-0.010462,-0.430950,0.009658,-0.902263,0.000343,0.001030
473228,0.035105,0.450312,-0.060917,-0.010427,-0.430929,0.009683,-0.902274,0.000343,0.001373
473231,0.035106,0.450315,-0.060917,-0.010372,-0.430933,0.009599,-0.902273,0.000343,0.001373
473235,0.035112,0.450314,-0.060906,-0.010457,-0.430944,0.009719,-0.902266,0.000000,0.001373
473239,0.035105,0.450313,-0.060900,-0.010422,-0.430929,0.009626,-0.902275,0.000000,0.001373
473242,0.035108,0.450312,-0.060891,-0.010458,-0.430948,0.009631,-0.902265,0.000343,0.001030
473246,0.035098,0.450312,-0.060892,-0.010484,-0.430933,0.009678,-0.902271,0.000343,0.001373
473249,0.035100,0.450311,-0.060895,-0.010441,-0.430950,0.009633,-0.902264,0.000343,0.001373
473253,0.035091,0.450311,-0.060904,-0.010492,-0.430927,0.009657,-0.902274,0.000343,0.001373
473256,0.035094,0.450313,-0.060910,-0.010452,-0.430935,0.009613,-0.902271,0.000000,0.001373
473260,0.035097,0.450314,-0.060913,-0.010441,-0.430909,0.009600,-0.902284,0.000343,0.001030
473263,0.035095,0.450315,-0.060913,-0.010395,-0.430932,0.009587,-0.902274,0.000343,0.001373
473267,0.035111,0.450311,-0.060903,-0.010531,-0.430949,0.009693,-0.902263,0.000000,0.001373
473271,0.035109,0.450312,-0.060899,-0.010448,-0.430912,0.009573,-0.902283,0.000343,0.001373
473274,0.035119,0.450309,-0.060894,-0.010504,-0.430938,0.009614,-0.902269,0.000000,0.001373
473278,0.035112,0.450313,-0.060897,-0.010496,-0.430904,0.009632,-0.902285,0.000343,0.001373
473281,0.035105,0.450310,-0.060900,-0.010467,-0.430935,0.009651,-0.902271,0.000343,0.001373
473285,0.035093,0.450312,-0.060906,-0.010464,-0.430919,0.009652,-0.902278,0.000343,0.001373
473288,0.035082,0.450312,-0.060911,-0.010479,-0.430917,0.009630,-0.902279,0.000000,0.001373
473292,0.035075,0.450313,-0.060910,-0.010416,-0.430939,0.009609,-0.902270,0.000000,0.001373
473295,0.035069,0.450313,-0.060912,-0.010385,-0.430942,0.009548,-0.902270,0.000343,0.001373
473298,0.035079,0.450312,-0.060908,-0.010457,-0.430932,0.009546,-0.902274,0.000000,0.001373
473302,0.035094,0.450312,-0.060907,-0.010424,-0.430937,0.009561,-0.902271,0.000343,0.001373
473306,0.035115,0.450309,-0.060902,-0.010484,-0.430923,0.009591,-0.902277,0.000343,0.001373
473309,0.035126,0.450308,-0.060901,-0.010485,-0.430943,0.009567,-0.902268,0.000000,0.001373
473313,0.035129,0.450309,-0.060900,-0.010483,-0.430916,0.009585,-0.902280,0.000343,0.001373
473316,0.035128,0.450309,-0.060898,-0.010454,-0.430932,0.009551,-0.902273,0.000000,0.001373
473320,0.035118,0.450310,-0.060901,-0.010499,-0.430905,0.009607,-0.902285,0.000343,0.001030
473324,0.035110,0.450311,-0.060901,-0.010438,-0.430956,0.009557,-0.902262,0.000000,0.001373
473327,0.035099,0.450312,-0.060905,-0.010399,-0.430928,0.009482,-0.902277,0.000343,0.001373
473330,0.035101,0.450310,-0.060905,-0.010421,-0.430936,0.009489,-0.902272,0.000000,0.001373
473330,0.035101,0.450310,-0.060905,-0.010421,-0.430936,0.009489,-0.902272,0.000000,0.001373
473330,0.035101,0.450310,-0.060905,-0.010421,-0.430936,0.009489,-0.902272,0.000343,0.001373
473330,0.035101,0.450310,-0.060905,-0.010421,-0.430936,0.009489,-0.902272,0.000343,0.001373
473330,0.035101,0.450310,-0.060905,-0.010421,-0.430936,0.009489,-0.902272,0.000000,0.001373
473330,0.035101,0.450310,-0.060905,-0.010421,-0.430936,0.009489,-0.902272,0.000343,0.001030
473330,0.035101,0.450310,-0.060905,-0.010421,-0.430936,0.009489,-0.902272,0.000343,0.001373
473330,0.035101,0.450310,-0.060905,-0.010421,-0.430936,0.009489,-0.902272,0.000343,0.001373
473330,0.035101,0.450310,-0.060905,-0.010421,-0.430936,0.009489,-0.902272,0.000000,0.001030
473330,0.035101,0.450310,-0.060905,-0.010421,-0.430936,0.009489,-0.902272,0.000000,0.001030
473330,0.035101,0.450310,-0.060905,-0.010421,-0.430936,0.009489,-0.902272,0.000343,0.001373
473330,0.035101,0.450310,-0.060905,-0.010421,-0.430936,0.009489,-0.902272,0.000343,0.001373
473330,0.035101,0.450310,-0.060905,-0.010421,-0.430936,0.009489,-0.902272,0.000343,0.001030
473330,0.035101,0.450310,-0.060905,-0.010421,-0.430936,0.009489,-0.902272,0.000343,0.001373
473330,0.035101,0.450310,-0.060905,-0.010421,-0.430936,0.009489,-0.902272,0.000343,0.001030
473330,0.035101,0.450310,-0.060905,-0.010421,-0.430936,0.009489,-0.902272,0.000343,0.001373
473330,0.035101,0.450310,-0.060905,-0.010421,-0.430936,0.009489,-0.902272,0.000343,0.001373
473330,0.035101,0.450310,-0.060905,-0.010421,-0.430936,0.009489,-0.902272,0.000343,0.001373
473330,0.035101,0.450310,-0.060905,-0.010421,-0.430936,0.009489,-0.902272,0.000343,0.001373
473330,0.035101,0.450310,-0.060905,-0.010421,-0.430936,0.009489,-0.902272,0.000343,0.001373
473330,0.035101,0.450310,-0.060905,-0.010421,-0.430936,0.009489,-0.902272,0.000343,0.001373
473330,0.035101,0.450310,-0.060905,-0.010421,-0.430936,0.009489,-0.902272,0.000343,0.001373
473330,0.035101,0.450310,-0.060905,-0.010421,-0.430936,0.009489,-0.902272,0.000343,0.001373
473330,0.035101,0.450310,-0.060905,-0.010421,-0.430936,0.009489,-0.902272,0.000343,0.001373
