0,0.000000,0.000000,0.000000,0.000000,0.000000,0.000000,0.000000,0.000000,0.000000
0,0.000000,0.000000,0.000000,0.000000,0.000000,0.000000,0.000000,0.000000,0.000000
0,0.000000,0.000000,0.000000,0.000000,0.000000,0.000000,0.000000,0.000000,0.000000
0,0.000000,0.000000,0.000000,0.000000,0.000000,0.000000,0.000000,0.000000,0.000000
0,0.000000,0.000000,0.000000,0.000000,0.000000,0.000000,0.000000,0.000000,0.000000
0,0.000000,0.000000,0.000000,0.000000,0.000000,0.000000,0.000000,0.000000,0.000000
0,0.000000,0.000000,0.000000,0.000000,0.000000,0.000000,0.000000,0.000000,0.000000
0,0.000000,0.000000,0.000000,0.000000,0.000000,0.000000,0.000000,0.000000,0.000000
0,0.000000,0.000000,0.000000,0.000000,0.000000,0.000000,0.000000,0.000000,0.000000
0,0.000000,0.000000,0.000000,0.000000,0.000000,0.000000,0.000000,0.000000,0.000000
0,0.000000,0.000000,0.000000,0.000000,0.000000,0.000000,0.000000,0.000000,0.000000
0,0.000000,0.000000,0.000000,0.000000,0.000000,0.000000,0.000000,0.000000,0.000000
0,0.000000,0.000000,0.000000,0.000000,0.000000,0.000000,0.000000,0.000000,0.000000
0,0.000000,0.000000,0.000000,0.000000,0.000000,0.000000,0.000000,0.000000,0.000000
0,0.000000,0.000000,0.000000,0.000000,0.000000,0.000000,0.000000,0.000000,0.000000
0,0.000000,0.000000,0.000000,0.000000,0.000000,0.000000,0.000000,0.000000,0.000000
0,0.000000,0.000000,0.000000,0.000000,0.000000,0.000000,0.000000,0.000000,0.000000
0,0.000000,0.000000,0.000000,0.000000,0.000000,0.000000,0.000000,0.000000,0.000000
0,0.000000,0.000000,0.000000,0.000000,0.000000,0.000000,0.000000,0.000000,0.000000
0,0.000000,0.000000,0.000000,0.000000,0.000000,0.000000,0.000000,0.000000,0.000000
0,0.000000,0.000000,0.000000,0.000000,0.000000,0.000000,0.000000,0.000000,0.000000
0,0.000000,0.000000,0.000000,0.000000,0.000000,0.000000,0.000000,0.000000,0.000000
0,0.000000,0.000000,0.000000,0.000000,0.000000,0.000000,0.000000,0.000000,0.000000
0,0.000000,0.000000,0.000000,0.000000,0.000000,0.000000,0.000000,0.000000,0.000000
0,0.000000,0.000000,0.000000,0.000000,0.000000,0.000000,0.000000,0.000000,0.000000
0,0.000000,0.000000,0.000000,0.000000,0.000000,0.000000,0.000000,0.000000,0.000000
26072,0.006725,0.450776,-0.044652,-0.002852,-0.045360,0.007588,-0.998938,0.046349,0.000343
26076,0.006716,0.450773,-0.044664,-0.002975,-0.045220,0.007597,-0.998944,0.046349,0.000000
26080,0.006709,0.450771,-0.044673,-0.002779,-0.045350,0.007632,-0.998938,0.046005,0.000343
26083,0.006705,0.450771,-0.044683,-0.002756,-0.045360,0.007610,-0.998938,0.046005,0.000343
26087,0.006700,0.450758,-0.044705,-0.003038,-0.045191,0.007532,-0.998945,0.046349,0.000343
26091,0.006709,0.450773,-0.044703,-0.002794,-0.045314,0.007588,-0.998940,0.046349,0.000343
26094,0.006714,0.450776,-0.044705,-0.002865,-0.045301,0.007660,-0.998940,0.046349,0.000343
26097,0.006707,0.450763,-0.044710,-0.002947,-0.045262,0.007504,-0.998943,0.046005,0.000343
26101,0.006702,0.450760,-0.044706,-0.002992,-0.045208,0.007551,-0.998945,0.046005,0.000343
26105,0.006697,0.450756,-0.044704,-0.002978,-0.045205,0.007467,-0.998945,0.046349,0.000000
26108,0.006703,0.450762,-0.044699,-0.003143,-0.045143,0.007534,-0.998947,0.046005,0.000343
26112,0.006713,0.450775,-0.044690,-0.002865,-0.045323,0.007604,-0.998939,0.046349,0.000343
26115,0.006719,0.450766,-0.044695,-0.003044,-0.045211,0.007536,-0.998944,0.046005,0.000343
26119,0.006712,0.450761,-0.044694,-0.003056,-0.045168,0.007478,-0.998947,0.046005,0.000000
26122,0.006711,0.450761,-0.044692,-0.003127,-0.045142,0.007536,-0.998947,0.046005,0.000343
26126,0.006713,0.450774,-0.044678,-0.002838,-0.045311,0.007582,-0.998940,0.046349,0.000343
26130,0.006707,0.450771,-0.044681,-0.002870,-0.045283,0.007544,-0.998942,0.046005,0.000343
26133,0.006706,0.450767,-0.044684,-0.002799,-0.045323,0.007604,-0.998940,0.046005,0.000343
26136,0.006711,0.450763,-0.044695,-0.003095,-0.045176,0.007545,-0.998946,0.046005,0.000343
26140,0.006709,0.450764,-0.044699,-0.003042,-0.045185,0.007480,-0.998946,0.046005,0.000000
26144,0.006706,0.450762,-0.044704,-0.003044,-0.045227,0.007460,-0.998944,0.046005,0.000343
26147,0.006704,0.450769,-0.044698,-0.002761,-0.045357,0.007594,-0.998938,0.046005,0.000343
26151,0.006706,0.450771,-0.044705,-0.002895,-0.045274,0.007555,-0.998942,0.046005,0.000343
26154,0.006708,0.450773,-0.044705,-0.002892,-0.045259,0.007605,-0.998942,0.046349,0.000000
26158,0.006708,0.450761,-0.044711,-0.002876,-0.045285,0.007502,-0.998942,0.046005,0.000343
26161,0.006708,0.450762,-0.044703,-0.002981,-0.045210,0.007503,-0.998945,0.046005,0.000343
26165,0.006706,0.450771,-0.044689,-0.002882,-0.045284,0.007547,-0.998942,0.046005,0.000343
26168,0.006702,0.450757,-0.044692,-0.002958,-0.045214,0.007510,-0.998945,0.046005,0.000000
26172,0.006707,0.450769,-0.044678,-0.002752,-0.045384,0.007589,-0.998937,0.046349,0.000343
26175,0.006706,0.450760,-0.044688,-0.003096,-0.045168,0.007503,-0.998946,0.046005,0.000343
26179,0.006706,0.450761,-0.044692,-0.003052,-0.045207,0.007460,-0.998945,0.046005,0.000000
26183,0.006697,0.450756,-0.044698,-0.003109,-0.045161,0.007537,-0.998946,0.046005,0.000000
26186,0.006692,0.450767,-0.044698,-0.002880,-0.045287,0.007534,-0.998941,0.046005,0.000343
26190,0.006698,0.450772,-0.044708,-0.002861,-0.045297,0.007607,-0.998941,0.046349,0.000343
26193,0.006697,0.450770,-0.044715,-0.002695,-0.045386,0.007595,-0.998937,0.046005,0.000000
26197,0.006701,0.450771,-0.044720,-0.002894,-0.045278,0.007630,-0.998941,0.046005,0.000343
26200,0.006701,0.450766,-0.044717,-0.002735,-0.045351,0.007577,-0.998939,0.046005,0.000343
26204,0.006714,0.450762,-0.044712,-0.002924,-0.045268,0.007512,-0.998942,0.046005,0.000343
26208,0.006716,0.450771,-0.044689,-0.002930,-0.045235,0.007598,-0.998943,0.046349,0.000343
26211,0.006722,0.450760,-0.044682,-0.003072,-0.045198,0.007496,-0.998945,0.046349,0.000343
26215,0.006729,0.450760,-0.044662,-0.003068,-0.045179,0.007492,-0.998946,0.046005,0.000343
26218,0.006728,0.450768,-0.044643,-0.002903,-0.045263,0.007620,-0.998942,0.046005,0.000343
26222,0.006732,0.450759,-0.044645,-0.003091,-0.045225,0.007529,-0.998944,0.046005,0.000343
26225,0.006729,0.450767,-0.044637,-0.002825,-0.045369,0.007656,-0.998937,0.046005,0.000000
26229,0.006716,0.450753,-0.044659,-0.003096,-0.045170,0.007512,-0.998946,0.046005,0.000000
26232,0.006714,0.450760,-0.044674,-0.003118,-0.045179,0.007500,-0.998946,0.046349,0.000343
26236,0.006712,0.450764,-0.044701,-0.003065,-0.045207,0.007521,-0.998945,0.046005,0.000000
26239,0.006705,0.450762,-0.044722,-0.003011,-0.045196,0.007502,-0.998945,0.046349,0.000343
26243,0.006694,0.450760,-0.044744,-0.003076,-0.045140,0.007499,-0.998948,0.046005,0.000343
26246,0.006692,0.450762,-0.044755,-0.003039,-0.045192,0.007517,-0.998945,0.046005,0.000000
26250,0.006691,0.450763,-0.044756,-0.003050,-0.045182,0.007546,-0.998946,0.046005,0.000343
26254,0.006691,0.450760,-0.044750,-0.002969,-0.045209,0.007461,-0.998945,0.046005,0.000000
26257,0.006700,0.450771,-0.044725,-0.002869,-0.045311,0.007671,-0.998939,0.046349,0.000343
26261,0.006702,0.450753,-0.044714,-0.002945,-0.045235,0.007485,-0.998944,0.046005,0.000000
26264,0.006715,0.450770,-0.044689,-0.002994,-0.045206,0.007624,-0.998944,0.046005,0.000343
26268,0.006727,0.450760,-0.044676,-0.003053,-0.045232,0.007477,-0.998944,0.046005,0.000343
26271,0.006732,0.450771,-0.044655,-0.002941,-0.045288,0.007644,-0.998940,0.046005,0.000343
26275,0.006727,0.450758,-0.044660,-0.003136,-0.045162,0.007477,-0.998947,0.046005,0.000000
26279,0.006724,0.450757,-0.044661,-0.002928,-0.045264,0.007499,-0.998943,0.046349,0.000343
26282,0.006719,0.450759,-0.044670,-0.003069,-0.045202,0.007474,-0.998945,0.046349,0.000343
26286,0.006714,0.450760,-0.044684,-0.003091,-0.045149,0.007453,-0.998948,0.046005,0.000343
26289,0.006706,0.450758,-0.044694,-0.002944,-0.045266,0.007488,-0.998943,0.046005,0.000343
26293,0.006707,0.450763,-0.044711,-0.003026,-0.045241,0.007488,-0.998943,0.046005,0.000000
26296,0.006702,0.450760,-0.044728,-0.003038,-0.045196,0.007495,-0.998945,0.046005,0.000343
26300,0.006707,0.450775,-0.044728,-0.002820,-0.045339,0.007603,-0.998939,0.046005,0.000343
26303,0.006704,0.450764,-0.044734,-0.002952,-0.045242,0.007483,-0.998944,0.046349,0.000000
26307,0.006699,0.450768,-0.044724,-0.002801,-0.045301,0.007561,-0.998941,0.046005,0.000000
26310,0.006704,0.450761,-0.044725,-0.003084,-0.045156,0.007451,-0.998947,0.046005,0.000343
26314,0.006714,0.450764,-0.044705,-0.002979,-0.045231,0.007470,-0.998944,0.046349,0.000343
26318,0.006715,0.450770,-0.044682,-0.002974,-0.045241,0.007637,-0.998943,0.046005,0.000000
26321,0.006718,0.450758,-0.044679,-0.003077,-0.045189,0.007498,-0.998946,0.046005,0.000000
26325,0.006722,0.450760,-0.044667,-0.003124,-0.045208,0.007555,-0.998944,0.046349,0.000000
26328,0.006713,0.450762,-0.044657,-0.002810,-0.045341,0.007558,-0.998939,0.046349,0.000343
26332,0.006713,0.450769,-0.044659,-0.002960,-0.045294,0.007637,-0.998940,0.046349,0.000343
26335,0.006711,0.450761,-0.044677,-0.003066,-0.045216,0.007448,-0.998945,0.046005,0.000000
26339,0.006707,0.450770,-0.044683,-0.002977,-0.045253,0.007623,-0.998942,0.046005,0.000343
26342,0.006705,0.450760,-0.044707,-0.003089,-0.045148,0.007467,-0.998948,0.046005,0.000000
26346,0.006707,0.450763,-0.044717,-0.003006,-0.045203,0.007558,-0.998945,0.046349,0.000000
26349,0.006705,0.450761,-0.044725,-0.002862,-0.045283,0.007489,-0.998942,0.046005,0.000343
26353,0.006698,0.450768,-0.044722,-0.002842,-0.045301,0.007626,-0.998940,0.046005,0.000343
26357,0.006700,0.450762,-0.044722,-0.003017,-0.045186,0.007507,-0.998946,0.046349,0.000343
26360,0.006695,0.450766,-0.044705,-0.002869,-0.045312,0.007626,-0.998940,0.046005,0.000000
26364,0.006694,0.450762,-0.044694,-0.002805,-0.045301,0.007609,-0.998941,0.046005,0.000343
26367,0.006704,0.450756,-0.044691,-0.002972,-0.045260,0.007536,-0.998942,0.046349,0.000343
26371,0.006717,0.450758,-0.044683,-0.003049,-0.045178,0.007554,-0.998946,0.046349,0.000000
26374,0.006716,0.450750,-0.044677,-0.003039,-0.045162,0.007515,-0.998947,0.046005,0.000343
26378,0.006724,0.450762,-0.044668,-0.002793,-0.045351,0.007632,-0.998938,0.046349,0.000343
26381,0.006726,0.450759,-0.044679,-0.003051,-0.045214,0.007543,-0.998944,0.046005,0.000000
26385,0.006715,0.450755,-0.044692,-0.003052,-0.045169,0.007514,-0.998946,0.046005,0.000000
26389,0.006722,0.450762,-0.044704,-0.002974,-0.045214,0.007476,-0.998945,0.046005,0.000343
26392,0.006722,0.450762,-0.044710,-0.003042,-0.045179,0.007537,-0.998946,0.046005,0.000343
26395,0.006717,0.450759,-0.044715,-0.003059,-0.045179,0.007536,-0.998946,0.046349,0.000343
26399,0.006702,0.450758,-0.044713,-0.002977,-0.045198,0.007532,-0.998945,0.046005,0.000000
26402,0.006691,0.450760,-0.044710,-0.002886,-0.045244,0.007471,-0.998944,0.046005,0.000000
26405,0.006686,0.450770,-0.044693,-0.002942,-0.045236,0.007599,-0.998943,0.046005,0.000343
26409,0.006685,0.450760,-0.044692,-0.003029,-0.045211,0.007458,-0.998945,0.046349,0.000343
26412,0.006681,0.450766,-0.044676,-0.002829,-0.045334,0.007632,-0.998939,0.046005,0.000343
26416,0.006672,0.450751,-0.044680,-0.003036,-0.045204,0.007448,-0.998945,0.046005,0.000343
26420,0.006681,0.450758,-0.044681,-0.003041,-0.045226,0.007493,-0.998944,0.046349,0.000343
26423,0.006689,0.450762,-0.044689,-0.003004,-0.045237,0.007490,-0.998944,0.046349,0.000000
26427,0.006698,0.450769,-0.044694,-0.002910,-0.045256,0.007593,-0.998942,0.046005,0.000000
26430,0.006705,0.450759,-0.044711,-0.003040,-0.045158,0.007475,-0.998947,0.046349,0.000343
26434,0.006707,0.450767,-0.044708,-0.002725,-0.045358,0.007609,-0.998938,0.046005,0.000000
26437,0.006705,0.450762,-0.044722,-0.002997,-0.045214,0.007508,-0.998945,0.046005,0.000343
26441,0.006697,0.450761,-0.044723,-0.003052,-0.045173,0.007477,-0.998947,0.249939,0.000343
26444,0.006692,0.450768,-0.044711,-0.002733,-0.045361,0.007562,-0.998938,1.350632,0.000000
26448,0.006708,0.450757,-0.044709,-0.002985,-0.045219,0.007633,-0.998944,3.805733,0.000343
26452,0.006760,0.450768,-0.044678,-0.003228,-0.045215,0.007947,-0.998941,7.137680,0.000343
26455,0.006907,0.450786,-0.044618,-0.003601,-0.045351,0.008827,-0.998926,10.468254,0.000343
26459,0.007230,0.450817,-0.044485,-0.004650,-0.045482,0.011034,-0.998893,13.062744,0.000000
26462,0.007521,0.450848,-0.044380,-0.005358,-0.045574,0.012811,-0.998865,13.852043,0.000000
26466,0.007683,0.450869,-0.044337,-0.005576,-0.045586,0.013676,-0.998851,13.358002,0.000000
26469,0.007639,0.450868,-0.044364,-0.005516,-0.045486,0.013226,-0.998862,12.117577,0.000000
26473,0.007622,0.450866,-0.044343,-0.005610,-0.045308,0.013267,-0.998869,10.556488,0.000000
26476,0.007548,0.450858,-0.044347,-0.005518,-0.045352,0.012906,-0.998873,9.920998,0.000000
26480,0.007541,0.450856,-0.044315,-0.005587,-0.045401,0.013030,-0.998868,10.351524,0.000343
26483,0.007522,0.450854,-0.044324,-0.005555,-0.045399,0.012892,-0.998870,11.666794,0.000343
26487,0.007526,0.450862,-0.044361,-0.005469,-0.045401,0.012943,-0.998870,13.616867,0.000000
26491,0.007666,0.450875,-0.044346,-0.005654,-0.045418,0.013578,-0.998860,15.614319,0.000000
26494,0.007887,0.450904,-0.044287,-0.006242,-0.045425,0.015055,-0.998835,16.662827,0.000000
26498,0.008176,0.450939,-0.044198,-0.006861,-0.045555,0.016742,-0.998798,16.964607,0.000000
26501,0.008136,0.450941,-0.044219,-0.006729,-0.045583,0.016471,-0.998802,16.420441,0.000343
26505,0.008122,0.450940,-0.044206,-0.006808,-0.045397,0.016553,-0.998809,15.599556,0.000000
26508,0.008081,0.450933,-0.044185,-0.006892,-0.045287,0.016508,-0.998814,14.731293,0.000000
26512,0.007977,0.450923,-0.044179,-0.006593,-0.045386,0.015847,-0.998822,14.332695,0.000000
26515,0.008010,0.450914,-0.044133,-0.006801,-0.045412,0.016205,-0.998814,14.625206,0.000000
26519,0.007986,0.450914,-0.044148,-0.006598,-0.045396,0.015922,-0.998820,15.396652,0.000000
26522,0.008030,0.450918,-0.044150,-0.006811,-0.045328,0.016127,-0.998819,16.566696,0.000000
26526,0.008162,0.450931,-0.044132,-0.006944,-0.045432,0.016676,-0.998804,17.690048,0.000000
26529,0.008217,0.450942,-0.044137,-0.007081,-0.045485,0.016958,-0.998796,18.512306,0.000000
26533,0.008403,0.450968,-0.044084,-0.007435,-0.045644,0.018161,-0.998765,18.737869,0.000000
26537,0.008374,0.450967,-0.044110,-0.007500,-0.045501,0.018116,-0.998772,18.653755,0.000343
26540,0.008343,0.450965,-0.044127,-0.007321,-0.045531,0.018027,-0.998774,18.329659,0.000343
26544,0.008383,0.450968,-0.044106,-0.007424,-0.045618,0.018292,-0.998764,17.990112,0.000343
26547,0.008348,0.450971,-0.044123,-0.007354,-0.045593,0.017985,-0.998771,17.921104,0.000000
26551,0.008384,0.450969,-0.044097,-0.007521,-0.045515,0.018204,-0.998770,18.197136,0.000000
26554,0.008377,0.450968,-0.044091,-0.007525,-0.045483,0.018143,-0.998772,18.737869,0.000000
26558,0.008392,0.450963,-0.044066,-0.007470,-0.045554,0.018182,-0.998769,19.620552,0.000343
26562,0.008519,0.450973,-0.043997,-0.007909,-0.045585,0.019013,-0.998748,20.343590,0.000000
26565,0.008650,0.450990,-0.043947,-0.008228,-0.045592,0.019839,-0.998729,20.997276,0.000000
26569,0.008775,0.450996,-0.043902,-0.008601,-0.045526,0.020711,-0.998712,21.390038,0.000000
26572,0.008826,0.451008,-0.043899,-0.008627,-0.045575,0.020927,-0.998704,21.473808,0.000000
26576,0.008859,0.451009,-0.043891,-0.008660,-0.045549,0.021141,-0.998701,21.469688,0.000000
26579,0.008857,0.451013,-0.043889,-0.008602,-0.045611,0.021093,-0.998700,21.425400,0.000000
26583,0.008829,0.451002,-0.043888,-0.008688,-0.045533,0.021077,-0.998703,21.416130,0.000000
26587,0.008822,0.451010,-0.043889,-0.008642,-0.045628,0.021109,-0.998698,21.502647,0.000000
26590,0.008812,0.451011,-0.043906,-0.008749,-0.045524,0.021060,-0.998703,21.756706,0.000000
26593,0.008826,0.451007,-0.043912,-0.008659,-0.045570,0.021113,-0.998700,22.221222,0.000000
26597,0.008904,0.451020,-0.043897,-0.008907,-0.045585,0.021626,-0.998687,22.755432,0.000000
26601,0.009035,0.451031,-0.043861,-0.009234,-0.045476,0.022395,-0.998672,23.247070,0.000000
26604,0.009107,0.451039,-0.043839,-0.009390,-0.045481,0.022794,-0.998661,23.641891,0.000000
26608,0.009172,0.451050,-0.043819,-0.009323,-0.045561,0.023133,-0.998650,23.834839,0.000000
26611,0.009208,0.451051,-0.043796,-0.009527,-0.045504,0.023339,-0.998646,23.925476,0.000000
26615,0.009213,0.451049,-0.043773,-0.009664,-0.045458,0.023416,-0.998645,23.953285,0.000343
26618,0.009213,0.451045,-0.043753,-0.009529,-0.045535,0.023385,-0.998644,24.013023,0.000000
26622,0.009225,0.451050,-0.043727,-0.009663,-0.045563,0.023514,-0.998638,24.193611,0.000000
26625,0.009237,0.451046,-0.043716,-0.009696,-0.045573,0.023539,-0.998637,24.446640,0.000000
26629,0.009295,0.451053,-0.043696,-0.009798,-0.045582,0.023851,-0.998628,24.827385,0.000000
26633,0.009394,0.451062,-0.043669,-0.009907,-0.045681,0.024371,-0.998610,25.254135,0.000000
26636,0.009463,0.451074,-0.043650,-0.010165,-0.045682,0.024874,-0.998595,25.657883,0.000000
26640,0.009525,0.451083,-0.043637,-0.010301,-0.045746,0.025237,-0.998581,25.966530,0.000343
26643,0.009559,0.451086,-0.043629,-0.010536,-0.045702,0.025629,-0.998571,26.182480,0.000000
26647,0.009582,0.451086,-0.043628,-0.010597,-0.045682,0.025773,-0.998567,26.335945,0.000000
26650,0.009604,0.451094,-0.043624,-0.010771,-0.045664,0.025961,-0.998561,26.441689,0.000000
26654,0.009631,0.451097,-0.043623,-0.010757,-0.045704,0.026095,-0.998556,26.575241,0.000000
26658,0.009653,0.451098,-0.043610,-0.010832,-0.045688,0.026214,-0.998553,26.802521,0.000000
26661,0.009677,0.451098,-0.043598,-0.010945,-0.045640,0.026399,-0.998549,27.064476,0.000000
26664,0.009711,0.451096,-0.043571,-0.011010,-0.045714,0.026696,-0.998537,27.395096,0.000000
26668,0.009780,0.451102,-0.043532,-0.011074,-0.045809,0.027045,-0.998523,27.828026,0.000000
26672,0.009871,0.451112,-0.043498,-0.011382,-0.045791,0.027587,-0.998505,28.198128,-0.000343
26675,0.009946,0.451122,-0.043474,-0.011569,-0.045772,0.028030,-0.998492,28.606339,0.000000
26679,0.010024,0.451126,-0.043446,-0.011765,-0.045720,0.028503,-0.998478,28.991890,-0.000343
26682,0.010076,0.451127,-0.043418,-0.011941,-0.045719,0.028843,-0.998467,29.358215,0.000000
26686,0.010142,0.451134,-0.043386,-0.012132,-0.045787,0.029320,-0.998447,29.746170,0.000000
26689,0.010188,0.451141,-0.043366,-0.012320,-0.045700,0.029598,-0.998441,30.068207,0.000000
26693,0.010258,0.451147,-0.043342,-0.012577,-0.045621,0.030106,-0.998426,30.458565,0.000000
26697,0.010345,0.451154,-0.043312,-0.012751,-0.045733,0.030687,-0.998401,30.928230,0.000000
26700,0.010412,0.451160,-0.043289,-0.013000,-0.045686,0.031061,-0.998388,31.345024,0.000000
26703,0.010483,0.451163,-0.043262,-0.013074,-0.045714,0.031487,-0.998373,31.799240,0.000000
26707,0.010577,0.451171,-0.043230,-0.013322,-0.045781,0.032103,-0.998347,32.313194,0.000000
26711,0.010672,0.451177,-0.043202,-0.013737,-0.045647,0.032806,-0.998324,32.733765,0.000000
26714,0.010747,0.451182,-0.043176,-0.013878,-0.045668,0.033253,-0.998307,33.167038,0.000000
26718,0.010833,0.451193,-0.043142,-0.013898,-0.045800,0.033780,-0.998283,33.492165,-0.000343
26721,0.010886,0.451200,-0.043120,-0.014123,-0.045792,0.034102,-0.998269,33.821754,0.000000
26725,0.010948,0.451205,-0.043086,-0.014392,-0.045742,0.034539,-0.998252,34.137955,0.000000
26728,0.010987,0.451205,-0.043065,-0.014403,-0.045737,0.034721,-0.998246,34.349442,0.000000
26732,0.011041,0.451216,-0.043034,-0.014593,-0.045848,0.035070,-0.998226,34.533463,0.000000
26736,0.011076,0.451216,-0.043017,-0.014741,-0.045752,0.035266,-0.998221,34.689331,-0.000343
26739,0.011096,0.451217,-0.043008,-0.014826,-0.045767,0.035436,-0.998213,34.832840,0.000000
26743,0.011116,0.451214,-0.043002,-0.014747,-0.045775,0.035521,-0.998211,34.983215,0.000000
26746,0.011140,0.451219,-0.042991,-0.014952,-0.045783,0.035725,-0.998200,35.221481,0.000000
26750,0.011186,0.451222,-0.042983,-0.015061,-0.045714,0.035998,-0.998192,35.505409,-0.000343
26753,0.011237,0.451227,-0.042965,-0.015176,-0.045769,0.036332,-0.998176,35.801010,-0.000343
26757,0.011307,0.451228,-0.042950,-0.015238,-0.045750,0.036748,-0.998161,36.082878,0.000000
26760,0.011365,0.451229,-0.042944,-0.015639,-0.045578,0.036960,-0.998154,36.347237,-0.000343
26764,0.011436,0.451238,-0.042912,-0.015604,-0.045676,0.037473,-0.998131,36.583443,-0.000343
26768,0.011474,0.451232,-0.042892,-0.015885,-0.045599,0.037636,-0.998124,36.813469,-0.000343
26771,0.011498,0.451235,-0.042867,-0.015822,-0.045659,0.037941,-0.998111,36.987190,0.000000
26774,0.011531,0.451235,-0.042851,-0.016144,-0.045558,0.038091,-0.998105,37.172928,0.000000
26778,0.011567,0.451236,-0.042830,-0.016125,-0.045605,0.038296,-0.998095,37.394028,0.000000
26782,0.011614,0.451248,-0.042809,-0.016130,-0.045679,0.038642,-0.998078,37.610664,-0.000343
26785,0.011653,0.451253,-0.042794,-0.016289,-0.045673,0.039000,-0.998062,37.866096,0.000000
26788,0.011690,0.451246,-0.042789,-0.016480,-0.045649,0.039135,-0.998055,38.136635,0.000000
26792,0.011741,0.451255,-0.042772,-0.016663,-0.045656,0.039511,-0.998037,38.407516,-0.000343
26796,0.011797,0.451259,-0.042757,-0.016794,-0.045671,0.039821,-0.998021,38.652649,0.000000
26800,0.011840,0.451264,-0.042747,-0.017075,-0.045565,0.040111,-0.998010,38.898125,-0.000343
26803,0.011875,0.451267,-0.042731,-0.017152,-0.045635,0.040331,-0.997996,39.094505,0.000000
26806,0.011907,0.451262,-0.042715,-0.017231,-0.045635,0.040613,-0.997984,39.292946,0.000000
26810,0.011953,0.451274,-0.042692,-0.017301,-0.045708,0.040870,-0.997969,39.514046,-0.000343
26814,0.011996,0.451269,-0.042668,-0.017549,-0.045654,0.041184,-0.997954,39.748192,0.000000
26817,0.012034,0.451269,-0.042653,-0.017562,-0.045706,0.041407,-0.997942,39.956932,0.000000
26821,0.012085,0.451271,-0.042630,-0.017708,-0.045688,0.041702,-0.997928,40.213051,-0.000343
26824,0.012125,0.451273,-0.042613,-0.017815,-0.045702,0.041914,-0.997916,40.491142,0.000000
26828,0.012184,0.451284,-0.042593,-0.018044,-0.045645,0.042310,-0.997898,40.712929,-0.000343
26831,0.012221,0.451287,-0.042580,-0.018022,-0.045741,0.042492,-0.997886,40.945702,-0.000343
26835,0.012267,0.451288,-0.042571,-0.018339,-0.045602,0.042846,-0.997872,41.189804,0.000000
26838,0.012300,0.451285,-0.042564,-0.018343,-0.045626,0.043023,-0.997863,41.399231,0.000000
26842,0.012350,0.451294,-0.042546,-0.018339,-0.045786,0.043358,-0.997841,41.607285,-0.000343
26846,0.012390,0.451295,-0.042532,-0.018702,-0.045546,0.043681,-0.997832,41.834908,-0.000343
26849,0.012423,0.451295,-0.042518,-0.018797,-0.045582,0.043833,-0.997821,42.071457,0.000000
26853,0.012472,0.451297,-0.042493,-0.018816,-0.045654,0.044184,-0.997802,42.324486,-0.000343
26856,0.012514,0.451299,-0.042476,-0.018997,-0.045597,0.044392,-0.997792,42.553825,0.000000
26859,0.012558,0.451300,-0.042452,-0.019004,-0.045656,0.044649,-0.997778,42.806511,-0.000343
26863,0.012622,0.451299,-0.042429,-0.019186,-0.045544,0.044993,-0.997764,43.066750,-0.000343
26867,0.012664,0.451299,-0.042409,-0.019386,-0.045473,0.045282,-0.997750,43.279953,0.000000
26870,0.012701,0.451304,-0.042394,-0.019536,-0.045462,0.045519,-0.997737,43.492813,-0.000343
26874,0.012742,0.451305,-0.042374,-0.019588,-0.045525,0.045807,-0.997720,43.710136,-0.000343
26878,0.012773,0.451302,-0.042361,-0.019717,-0.045468,0.045992,-0.997712,43.966942,-0.000343
26881,0.012810,0.451305,-0.042346,-0.019764,-0.045507,0.046243,-0.997697,44.165382,-0.000343
26884,0.012840,0.451304,-0.042340,-0.019758,-0.045518,0.046364,-0.997691,44.400558,-0.000343
26888,0.012891,0.451311,-0.042328,-0.019834,-0.045556,0.046705,-0.997672,44.670067,0.000000
26892,0.012939,0.451313,-0.042315,-0.020009,-0.045508,0.047054,-0.997655,44.889793,0.000000
26895,0.012977,0.451315,-0.042299,-0.020031,-0.045650,0.047309,-0.997636,45.126343,-0.000343
26899,0.013025,0.451321,-0.042282,-0.020279,-0.045560,0.047604,-0.997621,45.358772,0.000000
26903,0.013071,0.451319,-0.042265,-0.020446,-0.045541,0.047924,-0.997603,45.591202,-0.000343
26906,0.013112,0.451327,-0.042250,-0.020512,-0.045587,0.048183,-0.997587,45.825348,-0.000343
26910,0.013162,0.451327,-0.042229,-0.020705,-0.045580,0.048460,-0.997570,46.069450,-0.000343
26913,0.013203,0.451329,-0.042209,-0.020873,-0.045541,0.048770,-0.997553,46.272697,0.000000
26916,0.013240,0.451327,-0.042190,-0.020902,-0.045571,0.049065,-0.997537,46.503410,-0.000343
26920,0.013298,0.451330,-0.042162,-0.021049,-0.045609,0.049331,-0.997519,46.764679,-0.000343
26924,0.013340,0.451331,-0.042141,-0.021170,-0.045577,0.049605,-0.997504,46.969643,0.000000
26927,0.013377,0.451333,-0.042118,-0.021326,-0.045624,0.049846,-0.997486,47.202072,-0.000343
26930,0.013411,0.451328,-0.042103,-0.021397,-0.045639,0.050083,-0.997472,47.451324,-0.000343
26934,0.013459,0.451335,-0.042085,-0.021536,-0.045614,0.050422,-0.997453,47.691307,0.000000
26938,0.013513,0.451337,-0.042068,-0.021638,-0.045700,0.050709,-0.997433,47.922363,0.000000
26940,0.013538,0.451342,-0.042060,-0.021784,-0.045668,0.050903,-0.997421,48.179855,-0.000343
26940,0.013538,0.451342,-0.042060,-0.021784,-0.045668,0.050903,-0.997421,48.393059,-0.000343
26940,0.013538,0.451342,-0.042060,-0.021784,-0.045668,0.050903,-0.997421,48.618965,-0.000343
26940,0.013538,0.451342,-0.042060,-0.021784,-0.045668,0.050903,-0.997421,48.845901,0.000000
26940,0.013538,0.451342,-0.042060,-0.021784,-0.045668,0.050903,-0.997421,49.068718,-0.000343
26940,0.013538,0.451342,-0.042060,-0.021784,-0.045668,0.050903,-0.997421,49.302521,0.000000
26940,0.013538,0.451342,-0.042060,-0.021784,-0.045668,0.050903,-0.997421,49.567223,-0.000343
26940,0.013538,0.451342,-0.042060,-0.021784,-0.045668,0.050903,-0.997421,49.767723,-0.000343
26940,0.013538,0.451342,-0.042060,-0.021784,-0.045668,0.050903,-0.997421,50.006332,0.000000
26940,0.013538,0.451342,-0.042060,-0.021784,-0.045668,0.050903,-0.997421,50.263138,0.000000
26940,0.013538,0.451342,-0.042060,-0.021784,-0.045668,0.050903,-0.997421,50.502434,-0.000343
26940,0.013538,0.451342,-0.042060,-0.021784,-0.045668,0.050903,-0.997421,50.731087,0.000000
26940,0.013538,0.451342,-0.042060,-0.021784,-0.045668,0.050903,-0.997421,50.952530,-0.000343
26940,0.013538,0.451342,-0.042060,-0.021784,-0.045668,0.050903,-0.997421,51.176376,0.000000
26940,0.013538,0.451342,-0.042060,-0.021784,-0.045668,0.050903,-0.997421,51.408463,-0.000343
26940,0.013538,0.451342,-0.042060,-0.021784,-0.045668,0.050903,-0.997421,51.634712,0.000000
26940,0.013538,0.451342,-0.042060,-0.021784,-0.045668,0.050903,-0.997421,51.871605,0.000000
26940,0.013538,0.451342,-0.042060,-0.021784,-0.045668,0.050903,-0.997421,52.141113,0.000000
26940,0.013538,0.451342,-0.042060,-0.021784,-0.045668,0.050903,-0.997421,52.360840,0.000000
26940,0.013538,0.451342,-0.042060,-0.021784,-0.045668,0.050903,-0.997421,52.584343,-0.000343
26940,0.013538,0.451342,-0.042060,-0.021784,-0.045668,0.050903,-0.997421,52.831192,0.000000
26940,0.013538,0.451342,-0.042060,-0.021784,-0.045668,0.050903,-0.997421,53.047485,0.000000
26940,0.013538,0.451342,-0.042060,-0.021784,-0.045668,0.050903,-0.997421,53.272018,0.000000
26940,0.013538,0.451342,-0.042060,-0.021784,-0.045668,0.050903,-0.997421,53.496552,-0.000343
26940,0.013538,0.451342,-0.042060,-0.021784,-0.045668,0.050903,-0.997421,53.768120,0.000000
26940,0.013538,0.451342,-0.042060,-0.021784,-0.045668,0.050903,-0.997421,53.991280,-0.000343
26940,0.013538,0.451342,-0.042060,-0.021784,-0.045668,0.050903,-0.997421,54.224396,0.000000
26940,0.013538,0.451342,-0.042060,-0.021784,-0.045668,0.050903,-0.997421,54.460602,0.000000
26940,0.013538,0.451342,-0.042060,-0.021784,-0.045668,0.050903,-0.997421,54.715347,-0.000343
26940,0.013538,0.451342,-0.042060,-0.021784,-0.045668,0.050903,-0.997421,54.926147,0.000000
27048,0.014883,0.451370,-0.041537,-0.025494,-0.045583,0.059418,-0.996866,55.159607,-0.000343
27052,0.014936,0.451370,-0.041523,-0.025613,-0.045491,0.059650,-0.996853,55.400620,-0.000343
27055,0.014964,0.451372,-0.041516,-0.025709,-0.045468,0.059883,-0.996838,55.606270,0.000000
27058,0.014996,0.451375,-0.041508,-0.025973,-0.045371,0.060133,-0.996820,55.853462,0.000000
27062,0.015046,0.451375,-0.041491,-0.025981,-0.045482,0.060405,-0.996799,56.082115,0.000000
27066,0.015089,0.451374,-0.041479,-0.026146,-0.045394,0.060661,-0.996783,56.345444,-0.000343
27069,0.015131,0.451378,-0.041460,-0.026185,-0.045487,0.060914,-0.996762,56.571693,-0.000343
27072,0.015170,0.451377,-0.041442,-0.026341,-0.045433,0.061161,-0.996745,56.820259,-0.000343
27076,0.015225,0.451379,-0.041421,-0.026474,-0.045487,0.061445,-0.996722,57.053719,0.000000
27080,0.015275,0.451383,-0.041392,-0.026571,-0.045514,0.061763,-0.996698,57.266235,0.000000
27083,0.015312,0.451384,-0.041371,-0.026677,-0.045529,0.062074,-0.996676,57.506905,0.000000
27087,0.015358,0.451386,-0.041346,-0.026784,-0.045561,0.062308,-0.996657,57.724228,0.000000
27090,0.015391,0.451382,-0.041335,-0.027022,-0.045456,0.062511,-0.996642,57.955284,-0.000343
27094,0.015439,0.451382,-0.041315,-0.027086,-0.045553,0.062812,-0.996617,58.175354,-0.000343
27098,0.015480,0.451381,-0.041304,-0.027339,-0.045413,0.063137,-0.996596,58.413963,-0.000343
27101,0.015512,0.451382,-0.041291,-0.027287,-0.045532,0.063324,-0.996580,58.651199,0.000000
27105,0.015563,0.451387,-0.041278,-0.027484,-0.045541,0.063732,-0.996549,58.878479,-0.000343
27108,0.015595,0.451388,-0.041271,-0.027543,-0.045543,0.063897,-0.996536,59.133911,-0.000343
27112,0.015637,0.451385,-0.041259,-0.027785,-0.045450,0.064242,-0.996512,59.361534,0.000000
27115,0.015670,0.451382,-0.041248,-0.027768,-0.045518,0.064409,-0.996498,59.638252,-0.000343
27119,0.015726,0.451385,-0.041227,-0.028033,-0.045494,0.064824,-0.996465,59.846992,-0.000343
27122,0.015763,0.451386,-0.041213,-0.028085,-0.045486,0.065012,-0.996452,60.114784,-0.000343
27126,0.015818,0.451385,-0.041189,-0.028341,-0.045403,0.065393,-0.996423,60.316658,0.000000
27129,0.015862,0.451386,-0.041166,-0.028376,-0.045514,0.065633,-0.996401,60.543938,0.000000
27133,0.015904,0.451384,-0.041147,-0.028635,-0.045307,0.066019,-0.996378,60.773621,-0.000343
27137,0.015964,0.451387,-0.041123,-0.028747,-0.045385,0.066296,-0.996353,61.012573,-0.000343
27140,0.016002,0.451387,-0.041104,-0.028706,-0.045491,0.066537,-0.996333,61.210327,0.000000
27144,0.016044,0.451385,-0.041089,-0.029009,-0.045305,0.066775,-0.996317,61.459236,-0.000343
27147,0.016084,0.451385,-0.041070,-0.028995,-0.045454,0.067027,-0.996293,61.697159,-0.000343
27151,0.016140,0.451387,-0.041051,-0.029014,-0.045524,0.067313,-0.996271,61.970100,-0.000343
27154,0.016181,0.451391,-0.041036,-0.029232,-0.045476,0.067531,-0.996252,62.187767,0.000000
27158,0.016228,0.451388,-0.041018,-0.029459,-0.045297,0.067821,-0.996233,62.420883,-0.000343
27162,0.016279,0.451391,-0.040997,-0.029497,-0.045369,0.068110,-0.996209,62.683525,0.000000
27165,0.016319,0.451393,-0.040974,-0.029692,-0.045366,0.068428,-0.996182,62.890205,0.000000
27169,0.016370,0.451391,-0.040951,-0.029721,-0.045424,0.068711,-0.996159,63.113708,-0.000343
27172,0.016403,0.451390,-0.040940,-0.029894,-0.045354,0.068977,-0.996138,63.368454,0.000000
27172,0.016403,0.451390,-0.040940,-0.029894,-0.045354,0.068977,-0.996138,63.567581,-0.000343
27172,0.016403,0.451390,-0.040940,-0.029894,-0.045354,0.068977,-0.996138,63.814087,0.000000
27172,0.016403,0.451390,-0.040940,-0.029894,-0.045354,0.068977,-0.996138,64.052353,0.000000
27172,0.016403,0.451390,-0.040940,-0.029894,-0.045354,0.068977,-0.996138,64.279289,-0.000343
27172,0.016403,0.451390,-0.040940,-0.029894,-0.045354,0.068977,-0.996138,64.513779,0.000000
27172,0.016403,0.451390,-0.040940,-0.029894,-0.045354,0.068977,-0.996138,64.764404,-0.000343
27172,0.016403,0.451390,-0.040940,-0.029894,-0.045354,0.068977,-0.996138,64.982071,-0.000343
27172,0.016403,0.451390,-0.040940,-0.029894,-0.045354,0.068977,-0.996138,65.228920,0.000000
27172,0.016403,0.451390,-0.040940,-0.029894,-0.045354,0.068977,-0.996138,65.482292,0.000000
27172,0.016403,0.451390,-0.040940,-0.029894,-0.045354,0.068977,-0.996138,65.686913,-0.000343
27172,0.016403,0.451390,-0.040940,-0.029894,-0.045354,0.068977,-0.996138,65.922432,0.000000
27172,0.016403,0.451390,-0.040940,-0.029894,-0.045354,0.068977,-0.996138,66.172371,-0.000343
27172,0.016403,0.451390,-0.040940,-0.029894,-0.045354,0.068977,-0.996138,66.447029,-0.000343
27172,0.016403,0.451390,-0.040940,-0.029894,-0.045354,0.068977,-0.996138,66.639977,-0.000343
27172,0.016403,0.451390,-0.040940,-0.029894,-0.045354,0.068977,-0.996138,66.864166,0.000000
27172,0.016403,0.451390,-0.040940,-0.029894,-0.045354,0.068977,-0.996138,67.101746,0.000000
27172,0.016403,0.451390,-0.040940,-0.029894,-0.045354,0.068977,-0.996138,67.352715,0.000000
27172,0.016403,0.451390,-0.040940,-0.029894,-0.045354,0.068977,-0.996138,67.552528,0.000000
27172,0.016403,0.451390,-0.040940,-0.029894,-0.045354,0.068977,-0.996138,67.796974,0.000000
27172,0.016403,0.451390,-0.040940,-0.029894,-0.045354,0.068977,-0.996138,68.056183,-0.000343
27172,0.016403,0.451390,-0.040940,-0.029894,-0.045354,0.068977,-0.996138,68.296165,0.000000
27172,0.016403,0.451390,-0.040940,-0.029894,-0.045354,0.068977,-0.996138,68.507652,-0.000343
27172,0.016403,0.451390,-0.040940,-0.029894,-0.045354,0.068977,-0.996138,68.740768,-0.000343
27172,0.016403,0.451390,-0.040940,-0.029894,-0.045354,0.068977,-0.996138,69.003410,0.000000
27172,0.016403,0.451390,-0.040940,-0.029894,-0.045354,0.068977,-0.996138,69.214554,0.000000
27172,0.016403,0.451390,-0.040940,-0.029894,-0.045354,0.068977,-0.996138,69.431877,0.000000
27172,0.016403,0.451390,-0.040940,-0.029894,-0.045354,0.068977,-0.996138,69.678383,-0.000343
27172,0.016403,0.451390,-0.040940,-0.029894,-0.045354,0.068977,-0.996138,69.893303,0.000000
27172,0.016403,0.451390,-0.040940,-0.029894,-0.045354,0.068977,-0.996138,70.125046,0.000000
27279,0.017746,0.451357,-0.040396,-0.033723,-0.045344,0.077624,-0.995380,70.364342,0.000000
27282,0.017796,0.451357,-0.040378,-0.033888,-0.045409,0.077976,-0.995344,70.646896,-0.000343
27286,0.017855,0.451358,-0.040360,-0.034010,-0.045395,0.078297,-0.995315,70.875206,0.000000
27289,0.017893,0.451354,-0.040350,-0.034097,-0.045326,0.078552,-0.995295,71.102486,0.000000
27293,0.017943,0.451354,-0.040331,-0.034215,-0.045410,0.078881,-0.995261,71.335602,-0.000343
27296,0.017989,0.451356,-0.040315,-0.034393,-0.045407,0.079105,-0.995238,71.559105,-0.000343
27300,0.018031,0.451354,-0.040294,-0.034610,-0.045306,0.079428,-0.995209,71.797371,-0.000343
27304,0.018081,0.451351,-0.040276,-0.034652,-0.045395,0.079656,-0.995185,72.037010,-0.000343
27307,0.018121,0.451349,-0.040254,-0.034724,-0.045384,0.079948,-0.995160,72.243690,0.000000
27311,0.018169,0.451353,-0.040237,-0.034955,-0.045310,0.080215,-0.995134,72.507362,0.000000
27314,0.018208,0.451351,-0.040218,-0.035010,-0.045390,0.080523,-0.995103,72.743568,-0.000343
27318,0.018269,0.451350,-0.040191,-0.035117,-0.045474,0.080898,-0.995065,72.974625,-0.000343
27321,0.018305,0.451350,-0.040180,-0.035379,-0.045366,0.081212,-0.995035,73.204651,0.000000
27325,0.018361,0.451353,-0.040155,-0.035434,-0.045484,0.081518,-0.995003,73.440857,0.000000
27329,0.018415,0.451352,-0.040134,-0.035626,-0.045437,0.081958,-0.994962,73.675003,0.000000
27332,0.018447,0.451347,-0.040124,-0.035713,-0.045382,0.082089,-0.994950,73.905716,0.000000
27335,0.018485,0.451344,-0.040109,-0.035801,-0.045385,0.082413,-0.994920,74.126472,0.000000
27339,0.018542,0.451343,-0.040084,-0.035816,-0.045516,0.082718,-0.994889,74.384651,0.000000
27343,0.018586,0.451337,-0.040068,-0.036036,-0.045376,0.083066,-0.994858,74.607468,-0.000343
27346,0.018629,0.451335,-0.040053,-0.036152,-0.045332,0.083248,-0.994841,74.850540,0.000000
27350,0.018682,0.451335,-0.040027,-0.036307,-0.045344,0.083624,-0.994803,75.107002,0.000000
27353,0.018718,0.451336,-0.040014,-0.036511,-0.045282,0.083851,-0.994779,75.317802,0.000000
27356,0.018757,0.451337,-0.039998,-0.036698,-0.045207,0.084161,-0.994749,75.579414,0.000000
27360,0.018811,0.451336,-0.039979,-0.036806,-0.045283,0.084419,-0.994720,75.783005,0.000000
27364,0.018862,0.451334,-0.039957,-0.036852,-0.045326,0.084727,-0.994690,75.996895,0.000000
27368,0.018916,0.451335,-0.039938,-0.036981,-0.045335,0.085096,-0.994654,76.260223,-0.000343
27371,0.018958,0.451337,-0.039923,-0.037153,-0.045360,0.085299,-0.994629,76.478920,-0.000343
27374,0.018995,0.451337,-0.039905,-0.037255,-0.045327,0.085509,-0.994608,76.721992,0.000000
27378,0.019035,0.451332,-0.039885,-0.037523,-0.045190,0.085835,-0.994577,76.967125,0.000000
27382,0.019097,0.451335,-0.039855,-0.037611,-0.045382,0.086191,-0.994534,77.227707,0.000000
27385,0.019131,0.451330,-0.039841,-0.037730,-0.045367,0.086399,-0.994512,77.454987,0.000000
27389,0.019178,0.451323,-0.039821,-0.037898,-0.045316,0.086785,-0.994474,77.709732,0.000000
27392,0.019217,0.451318,-0.039809,-0.038025,-0.045304,0.087003,-0.994451,77.924309,0.000000
27396,0.019270,0.451315,-0.039786,-0.038048,-0.045389,0.087425,-0.994409,78.135796,0.000000
27399,0.019307,0.451315,-0.039777,-0.038307,-0.045250,0.087594,-0.994390,78.384705,0.000000
27403,0.019362,0.451312,-0.039755,-0.038445,-0.045298,0.088016,-0.994346,78.593445,0.000000
27407,0.019406,0.451305,-0.039738,-0.038621,-0.045250,0.088278,-0.994318,78.847847,0.000000
27410,0.019445,0.451298,-0.039718,-0.038643,-0.045325,0.088560,-0.994289,79.068947,0.000000
27413,0.019493,0.451300,-0.039702,-0.038880,-0.045249,0.088799,-0.994261,79.322662,0.000000
27417,0.019547,0.451299,-0.039683,-0.039052,-0.045292,0.089192,-0.994218,79.567451,-0.000343
27421,0.019600,0.451297,-0.039666,-0.039136,-0.045272,0.089473,-0.994190,79.828033,0.000000
27424,0.019635,0.451287,-0.039650,-0.039230,-0.045258,0.089728,-0.994164,80.025787,0.000000
27428,0.019688,0.451286,-0.039633,-0.039288,-0.045282,0.089996,-0.994136,80.259247,0.000000
27431,0.019733,0.451285,-0.039616,-0.039423,-0.045230,0.090306,-0.994105,80.490646,0.000000
27435,0.019793,0.451282,-0.039594,-0.039530,-0.045301,0.090622,-0.994069,80.717239,0.000000
27438,0.019835,0.451282,-0.039582,-0.039713,-0.045220,0.090897,-0.994040,80.947952,0.000000
27442,0.019894,0.451277,-0.039552,-0.039966,-0.045182,0.091187,-0.994005,81.184845,0.000000
27446,0.019955,0.451275,-0.039521,-0.040070,-0.045235,0.091503,-0.993970,81.450233,0.000000
27449,0.019995,0.451273,-0.039498,-0.040219,-0.045211,0.091769,-0.993940,81.658974,0.000000
27453,0.020044,0.451264,-0.039476,-0.040404,-0.045102,0.092057,-0.993911,81.909256,0.000000
27456,0.020084,0.451264,-0.039453,-0.040384,-0.045222,0.092312,-0.993883,82.152672,0.000000
27460,0.020147,0.451260,-0.039430,-0.040390,-0.045373,0.092704,-0.993839,82.399864,0.000000
27463,0.020177,0.451255,-0.039420,-0.040536,-0.045299,0.092994,-0.993809,82.615128,0.000000
27467,0.020233,0.451254,-0.039410,-0.040842,-0.045222,0.093345,-0.993767,82.835541,0.000000
27470,0.020266,0.451250,-0.039399,-0.040807,-0.045307,0.093606,-0.993740,83.093719,0.000000
27474,0.020307,0.451245,-0.039396,-0.041009,-0.045232,0.093932,-0.993705,83.371124,0.000000
27478,0.020361,0.451242,-0.039375,-0.041135,-0.045265,0.094360,-0.993658,83.568878,0.000000
27481,0.020400,0.451244,-0.039368,-0.041325,-0.045228,0.094585,-0.993630,83.782768,0.000000
27485,0.020448,0.451245,-0.039346,-0.041508,-0.045154,0.094915,-0.993594,84.022408,0.000000
27488,0.020486,0.451237,-0.039328,-0.041655,-0.045142,0.095147,-0.993566,84.289513,0.000000
27492,0.020542,0.451239,-0.039298,-0.041772,-0.045194,0.095495,-0.993526,84.495506,0.000000
27495,0.020578,0.451234,-0.039273,-0.041745,-0.045242,0.095628,-0.993512,84.715576,0.000000
27499,0.020628,0.451227,-0.039247,-0.042113,-0.045091,0.095987,-0.993469,84.970665,0.000000
27502,0.020665,0.451225,-0.039227,-0.042192,-0.045094,0.096170,-0.993447,85.203438,0.000000
27506,0.020721,0.451221,-0.039203,-0.042378,-0.045120,0.096585,-0.993398,85.447540,0.000000
27510,0.020774,0.451218,-0.039182,-0.042372,-0.045190,0.096914,-0.993363,85.712585,0.000000
27513,0.020813,0.451223,-0.039173,-0.042541,-0.045128,0.097127,-0.993338,85.920639,0.000000
27516,0.020851,0.451217,-0.039165,-0.042559,-0.045168,0.097313,-0.993317,86.155128,0.000000
27520,0.020899,0.451217,-0.039154,-0.042846,-0.045024,0.097692,-0.993274,86.384125,0.000000
27524,0.020952,0.451215,-0.039138,-0.042895,-0.045165,0.098009,-0.993234,86.624451,0.000000
27527,0.020985,0.451208,-0.039125,-0.042939,-0.045175,0.098226,-0.993211,86.841774,0.000000
27531,0.021031,0.451205,-0.039105,-0.043113,-0.045128,0.098556,-0.993172,87.091713,0.000000
27534,0.021075,0.451205,-0.039087,-0.043321,-0.045078,0.098788,-0.993143,87.352982,0.000000
27538,0.021131,0.451196,-0.039065,-0.043437,-0.045053,0.099147,-0.993103,87.556572,0.000000
27541,0.021174,0.451192,-0.039047,-0.043541,-0.045078,0.099408,-0.993071,87.802048,0.000000
27545,0.021230,0.451187,-0.039023,-0.043554,-0.045196,0.099753,-0.993031,88.021774,0.000000
27548,0.021264,0.451183,-0.039017,-0.043823,-0.045046,0.099992,-0.993002,88.263817,0.000000
27552,0.021315,0.451180,-0.038992,-0.043967,-0.045045,0.100357,-0.992958,88.519592,0.000000
27556,0.021369,0.451179,-0.038969,-0.044033,-0.045114,0.100636,-0.992924,88.738289,0.000000
27559,0.021409,0.451173,-0.038959,-0.044149,-0.045100,0.100952,-0.992888,89.023590,0.000000
27563,0.021461,0.451172,-0.038935,-0.044309,-0.045048,0.101161,-0.992861,89.236794,0.000000
27566,0.021502,0.451168,-0.038922,-0.044476,-0.044980,0.101428,-0.992830,89.460640,0.000000
27569,0.021539,0.451164,-0.038905,-0.044438,-0.045075,0.101604,-0.992809,89.687233,0.000000
27573,0.021598,0.451159,-0.038878,-0.044629,-0.045079,0.102028,-0.992757,89.922752,0.000000
27577,0.021649,0.451160,-0.038856,-0.044824,-0.045042,0.102306,-0.992721,90.157928,0.000000
27581,0.021709,0.451156,-0.038827,-0.045063,-0.045050,0.102675,-0.992672,90.403061,0.000343
27584,0.021751,0.451153,-0.038807,-0.045249,-0.045004,0.102936,-0.992639,90.609741,0.000000
27587,0.021784,0.451147,-0.038794,-0.045331,-0.044981,0.103207,-0.992608,90.854874,0.000343
27591,0.021841,0.451144,-0.038773,-0.045362,-0.045095,0.103506,-0.992570,91.093483,0.000343
27595,0.021897,0.451144,-0.038755,-0.045608,-0.045030,0.103869,-0.992524,91.339989,0.000000
27598,0.021928,0.451137,-0.038744,-0.045642,-0.045025,0.104088,-0.992500,91.601257,0.000000
27602,0.021989,0.451140,-0.038725,-0.045814,-0.045070,0.104508,-0.992445,91.825104,0.000000
27605,0.022025,0.451137,-0.038711,-0.045936,-0.045093,0.104797,-0.992408,92.084999,0.000000
27609,0.022074,0.451133,-0.038695,-0.046140,-0.044949,0.105080,-0.992375,92.276573,0.000343
27612,0.022112,0.451128,-0.038680,-0.046239,-0.044986,0.105313,-0.992344,92.498360,0.000000
27616,0.022165,0.451125,-0.038655,-0.046303,-0.045011,0.105720,-0.992297,92.739372,0.000343
27620,0.022209,0.451117,-0.038630,-0.046483,-0.045009,0.106087,-0.992250,92.998238,0.000343
27623,0.022247,0.451117,-0.038611,-0.046607,-0.045011,0.106292,-0.992222,93.234787,0.000000
27627,0.022286,0.451115,-0.038596,-0.046886,-0.044662,0.106784,-0.992172,93.440094,0.000343
27630,0.022335,0.451109,-0.038574,-0.046714,-0.045027,0.106856,-0.992155,93.684540,0.000000
27634,0.022381,0.451109,-0.038557,-0.047028,-0.044796,0.107372,-0.992095,93.956451,0.000000
27637,0.022422,0.451099,-0.038539,-0.046961,-0.044826,0.107553,-0.992077,94.169312,0.000343
27640,0.022463,0.451101,-0.038524,-0.047143,-0.044763,0.107786,-0.992046,94.440193,0.000343
27644,0.022515,0.451094,-0.038500,-0.047253,-0.044839,0.108102,-0.992003,94.662323,0.000000
27648,0.022572,0.451084,-0.038477,-0.047383,-0.044856,0.108488,-0.991954,94.901276,0.000343
27652,0.022624,0.451079,-0.038454,-0.047487,-0.045020,0.108708,-0.991918,95.155334,0.000000
27655,0.022665,0.451077,-0.038440,-0.047714,-0.044970,0.108984,-0.991879,95.341759,0.000000
27658,0.022704,0.451072,-0.038422,-0.047664,-0.045076,0.109143,-0.991859,95.599251,0.000000
27662,0.022743,0.451064,-0.038415,-0.047845,-0.044965,0.109496,-0.991816,95.819321,0.000000
27666,0.022805,0.451065,-0.038394,-0.048070,-0.044986,0.109832,-0.991767,96.042824,0.000343
27666,0.022805,0.451065,-0.038394,-0.048070,-0.044986,0.109832,-0.991767,96.304436,0.000000
27666,0.022805,0.451065,-0.038394,-0.048070,-0.044986,0.109832,-0.991767,96.525879,0.000343
27666,0.022805,0.451065,-0.038394,-0.048070,-0.044986,0.109832,-0.991767,96.796417,0.000343
27666,0.022805,0.451065,-0.038394,-0.048070,-0.044986,0.109832,-0.991767,97.020264,0.000343
27666,0.022805,0.451065,-0.038394,-0.048070,-0.044986,0.109832,-0.991767,97.252693,0.000343
27666,0.022805,0.451065,-0.038394,-0.048070,-0.044986,0.109832,-0.991767,97.505722,0.000343
27666,0.022805,0.451065,-0.038394,-0.048070,-0.044986,0.109832,-0.991767,97.720642,0.000000
27666,0.022805,0.451065,-0.038394,-0.048070,-0.044986,0.109832,-0.991767,97.936592,0.000343
27666,0.022805,0.451065,-0.038394,-0.048070,-0.044986,0.109832,-0.991767,98.151512,0.000000
27666,0.022805,0.451065,-0.038394,-0.048070,-0.044986,0.109832,-0.991767,98.413124,0.000343
27666,0.022805,0.451065,-0.038394,-0.048070,-0.044986,0.109832,-0.991767,98.630447,0.000343
27666,0.022805,0.451065,-0.038394,-0.048070,-0.044986,0.109832,-0.991767,98.877296,0.000343
27666,0.022805,0.451065,-0.038394,-0.048070,-0.044986,0.109832,-0.991767,99.115906,0.000343
27666,0.022805,0.451065,-0.038394,-0.048070,-0.044986,0.109832,-0.991767,99.373741,0.000000
27666,0.022805,0.451065,-0.038394,-0.048070,-0.044986,0.109832,-0.991767,99.637413,0.000343
27666,0.022805,0.451065,-0.038394,-0.048070,-0.044986,0.109832,-0.991767,99.861946,0.000000
27666,0.022805,0.451065,-0.038394,-0.048070,-0.044986,0.109832,-0.991767,100.088882,0.000343
27666,0.022805,0.451065,-0.038394,-0.048070,-0.044986,0.109832,-0.991767,100.331955,0.000343
27666,0.022805,0.451065,-0.038394,-0.048070,-0.044986,0.109832,-0.991767,100.557175,0.000343
27666,0.022805,0.451065,-0.038394,-0.048070,-0.044986,0.109832,-0.991767,100.804367,0.000343
27666,0.022805,0.451065,-0.038394,-0.048070,-0.044986,0.109832,-0.991767,101.043663,0.000000
27666,0.022805,0.451065,-0.038394,-0.048070,-0.044986,0.109832,-0.991767,101.249657,0.000343
27666,0.022805,0.451065,-0.038394,-0.048070,-0.044986,0.109832,-0.991767,101.518822,0.000343
27666,0.022805,0.451065,-0.038394,-0.048070,-0.044986,0.109832,-0.991767,101.732025,0.000343
27666,0.022805,0.451065,-0.038394,-0.048070,-0.044986,0.109832,-0.991767,101.973038,0.000000
27666,0.022805,0.451065,-0.038394,-0.048070,-0.044986,0.109832,-0.991767,102.221260,0.000343
27666,0.022805,0.451065,-0.038394,-0.048070,-0.044986,0.109832,-0.991767,102.457809,0.000000
27666,0.022805,0.451065,-0.038394,-0.048070,-0.044986,0.109832,-0.991767,102.695389,0.000000
27666,0.022805,0.451065,-0.038394,-0.048070,-0.044986,0.109832,-0.991767,102.911682,0.000343
27772,0.024169,0.450924,-0.037864,-0.051974,-0.044713,0.118480,-0.990587,103.135529,0.000343
27776,0.024219,0.450920,-0.037833,-0.052102,-0.044726,0.118772,-0.990544,103.395767,0.000343
27779,0.024257,0.450916,-0.037815,-0.052281,-0.044737,0.118983,-0.990509,103.612061,0.000000
27782,0.024288,0.450906,-0.037793,-0.052346,-0.044755,0.119176,-0.990482,103.841400,0.000343
27786,0.024336,0.450904,-0.037769,-0.052616,-0.044685,0.119505,-0.990431,104.078293,0.000343
27790,0.024389,0.450898,-0.037750,-0.052705,-0.044780,0.119857,-0.990379,104.336128,0.000343
27793,0.024402,0.450896,-0.037753,-0.052985,-0.044307,0.120121,-0.990354,104.605293,0.000343
27797,0.024448,0.450889,-0.037743,-0.053187,-0.044214,0.120489,-0.990302,104.802017,0.000000
27800,0.024486,0.450886,-0.037734,-0.053160,-0.044311,0.120681,-0.990276,105.041313,0.000000
27804,0.024546,0.450882,-0.037717,-0.053346,-0.044289,0.121077,-0.990219,105.278549,0.000343
27808,0.024599,0.450875,-0.037702,-0.053515,-0.044270,0.121386,-0.990173,105.533638,0.000000
27811,0.024639,0.450871,-0.037685,-0.053618,-0.044308,0.121637,-0.990135,105.776711,0.000343
27815,0.024694,0.450865,-0.037656,-0.053720,-0.044347,0.122007,-0.990082,106.023216,0.000343
27818,0.024731,0.450853,-0.037638,-0.053814,-0.044332,0.122251,-0.990047,106.222000,0.000343
27822,0.024786,0.450848,-0.037611,-0.053923,-0.044451,0.122527,-0.990002,106.475029,0.000000
27826,0.024835,0.450843,-0.037583,-0.054073,-0.044446,0.122849,-0.989954,106.731148,0.000343
27829,0.024867,0.450835,-0.037567,-0.054203,-0.044394,0.123060,-0.989923,106.934395,0.000343
27832,0.024903,0.450830,-0.037545,-0.054159,-0.044589,0.123333,-0.989883,107.175064,0.000343
27836,0.024957,0.450827,-0.037524,-0.054238,-0.044649,0.123655,-0.989835,107.437706,0.000343
27840,0.024996,0.450821,-0.037513,-0.054387,-0.044623,0.123947,-0.989792,107.659492,0.000343
27843,0.025037,0.450820,-0.037501,-0.054460,-0.044656,0.124212,-0.989753,107.891235,0.000343
27847,0.025096,0.450818,-0.037480,-0.054662,-0.044678,0.124534,-0.989701,108.153191,0.000343
27850,0.025126,0.450808,-0.037474,-0.054779,-0.044606,0.124748,-0.989670,108.373260,0.000343
27854,0.025200,0.450806,-0.037450,-0.054845,-0.044854,0.125026,-0.989621,108.604317,0.000343
27857,0.025235,0.450795,-0.037434,-0.054891,-0.044875,0.125285,-0.989584,108.819580,0.000000
27861,0.025284,0.450792,-0.037418,-0.055133,-0.044710,0.125541,-0.989546,109.071236,0.000343
27865,0.025345,0.450787,-0.037386,-0.055162,-0.044831,0.125891,-0.989494,109.296455,0.000343
27868,0.025375,0.450772,-0.037370,-0.055181,-0.044833,0.126095,-0.989467,109.545364,0.000000
27872,0.025424,0.450764,-0.037342,-0.055531,-0.044654,0.126457,-0.989409,109.772644,0.000000
27875,0.025447,0.450767,-0.037334,-0.055641,-0.044359,0.126812,-0.989371,110.008507,0.000343
27878,0.025507,0.450760,-0.037305,-0.055656,-0.044732,0.127018,-0.989327,110.271149,0.000000
27882,0.025534,0.450752,-0.037295,-0.055847,-0.044378,0.127388,-0.989285,110.521431,0.000343
27886,0.025584,0.450751,-0.037276,-0.056082,-0.044366,0.127766,-0.989223,110.738068,0.000000
27889,0.025627,0.450744,-0.037265,-0.056160,-0.044446,0.127999,-0.989185,110.969467,0.000000
27893,0.025681,0.450739,-0.037253,-0.056327,-0.044369,0.128412,-0.989125,111.209450,0.000343
27896,0.025716,0.450731,-0.037247,-0.056350,-0.044378,0.128533,-0.989108,111.460762,0.000343
27900,0.025783,0.450722,-0.037228,-0.056440,-0.044473,0.128943,-0.989045,111.682892,0.000343
27904,0.025816,0.450716,-0.037228,-0.056939,-0.043932,0.129253,-0.989000,111.912231,0.000000
27907,0.025869,0.450712,-0.037201,-0.056845,-0.044396,0.129468,-0.988957,112.157021,0.000000
27911,0.025928,0.450703,-0.037170,-0.056979,-0.044466,0.129789,-0.988904,112.399750,0.000343
27914,0.025945,0.450695,-0.037163,-0.057209,-0.044126,0.129962,-0.988883,112.659988,0.000343
27918,0.026007,0.450686,-0.037123,-0.057225,-0.044479,0.130315,-0.988820,112.885208,0.000343
27921,0.026045,0.450680,-0.037101,-0.057332,-0.044508,0.130536,-0.988783,113.098068,0.000343
27924,0.026072,0.450680,-0.037090,-0.057515,-0.044340,0.130739,-0.988753,113.335648,0.000343
27929,0.026147,0.450673,-0.037053,-0.057575,-0.044682,0.131141,-0.988681,113.559837,0.000343
27932,0.026183,0.450665,-0.037040,-0.057611,-0.044722,0.131406,-0.988642,113.798790,0.000000
27935,0.026225,0.450662,-0.037033,-0.057815,-0.044693,0.131516,-0.988617,114.041862,0.000343
27939,0.026266,0.450654,-0.037016,-0.058014,-0.044581,0.131905,-0.988559,114.295235,0.000000
27943,0.026322,0.450646,-0.037002,-0.058076,-0.044667,0.132162,-0.988517,114.560623,0.000000
27946,0.026363,0.450640,-0.036993,-0.058211,-0.044666,0.132420,-0.988474,114.755630,0.000343
27949,0.026389,0.450637,-0.036985,-0.058468,-0.044319,0.132667,-0.988442,114.983940,0.000343
27953,0.026437,0.450630,-0.036968,-0.058593,-0.044280,0.132987,-0.988393,115.226326,0.000000
27957,0.026499,0.450624,-0.036940,-0.058550,-0.044585,0.133185,-0.988355,115.462189,0.000000
27960,0.026510,0.450624,-0.036935,-0.058862,-0.043916,0.133579,-0.988313,115.706291,0.000000
27964,0.026594,0.450609,-0.036898,-0.058805,-0.044591,0.133715,-0.988268,115.946960,0.000000
27968,0.026614,0.450605,-0.036891,-0.059206,-0.043922,0.134191,-0.988210,116.189003,0.000343
27971,0.026643,0.450594,-0.036874,-0.059216,-0.043917,0.134393,-0.988182,116.433105,0.000343
27975,0.026725,0.450589,-0.036836,-0.059182,-0.044566,0.134636,-0.988122,116.658325,0.000000
27978,0.026725,0.450580,-0.036836,-0.059384,-0.044024,0.134898,-0.988098,116.898651,0.000000
27982,0.026793,0.450575,-0.036807,-0.059487,-0.044472,0.135110,-0.988043,117.167816,0.000000
27985,0.026805,0.450565,-0.036802,-0.059656,-0.043962,0.135426,-0.988012,117.389946,0.000343
27989,0.026856,0.450556,-0.036785,-0.059722,-0.044052,0.135691,-0.987968,117.613449,0.000000
27992,0.026895,0.450554,-0.036772,-0.059913,-0.044014,0.135987,-0.987917,117.834549,0.000343
27996,0.026945,0.450538,-0.036752,-0.060023,-0.044059,0.136253,-0.987872,118.077621,0.000000
27999,0.026983,0.450533,-0.036744,-0.060088,-0.044105,0.136478,-0.987835,118.344040,0.000343
28003,0.027035,0.450525,-0.036725,-0.060259,-0.044077,0.136802,-0.987781,118.543167,0.000343
28006,0.027077,0.450520,-0.036708,-0.060519,-0.044035,0.137023,-0.987736,118.778000,0.000343
28010,0.027121,0.450510,-0.036691,-0.060466,-0.044192,0.137291,-0.987695,119.046135,0.000000
28013,0.027159,0.450508,-0.036672,-0.060697,-0.044116,0.137555,-0.987648,119.272041,0.000000
28017,0.027213,0.450506,-0.036642,-0.060762,-0.044335,0.137931,-0.987582,119.523697,0.000343
28021,0.027273,0.450498,-0.036618,-0.060848,-0.044441,0.138373,-0.987510,119.781532,0.000000
28024,0.027316,0.450488,-0.036601,-0.061007,-0.044405,0.138556,-0.987476,120.003319,0.000000
28028,0.027365,0.450475,-0.036581,-0.061222,-0.044339,0.138933,-0.987413,120.222702,0.000000
28031,0.027412,0.450471,-0.036563,-0.061280,-0.044414,0.139166,-0.987373,120.446205,0.000000
28035,0.027470,0.450461,-0.036537,-0.061458,-0.044395,0.139552,-0.987308,120.663185,0.000000
28038,0.027508,0.450452,-0.036523,-0.061440,-0.044398,0.139659,-0.987294,120.932007,0.000000
28042,0.027577,0.450450,-0.036495,-0.061594,-0.044479,0.140114,-0.987216,121.158257,0.000000
28045,0.027618,0.450441,-0.036479,-0.061603,-0.044484,0.140249,-0.987196,121.402016,0.000000
28049,0.027659,0.450440,-0.036461,-0.061925,-0.044084,0.140735,-0.987125,121.670151,0.000000
28053,0.027714,0.450430,-0.036433,-0.062122,-0.044165,0.141081,-0.987060,121.900177,0.000000
28056,0.027748,0.450424,-0.036417,-0.062214,-0.044164,0.141314,-0.987020,122.152519,0.000000
28060,0.027786,0.450414,-0.036398,-0.062381,-0.044043,0.141611,-0.986973,122.387352,0.000000
28063,0.027818,0.450406,-0.036385,-0.062457,-0.044084,0.141779,-0.986942,122.639351,0.000343
28067,0.027871,0.450393,-0.036365,-0.062560,-0.044186,0.142177,-0.986874,122.821312,0.000000
28070,0.027908,0.450390,-0.036354,-0.062727,-0.044130,0.142438,-0.986828,123.054085,0.000343
28074,0.027955,0.450386,-0.036343,-0.062746,-0.044189,0.142665,-0.986791,123.316383,0.000000
28078,0.028002,0.450376,-0.036329,-0.062845,-0.044220,0.142958,-0.986741,123.513451,0.000000
28081,0.028041,0.450369,-0.036319,-0.063102,-0.044117,0.143238,-0.986689,123.785362,0.000000
28084,0.028076,0.450361,-0.036311,-0.063063,-0.044122,0.143374,-0.986671,124.025345,0.000000
28088,0.028140,0.450354,-0.036291,-0.063283,-0.044151,0.143711,-0.986607,124.274597,0.000000
28092,0.028184,0.450345,-0.036275,-0.063354,-0.044094,0.143933,-0.986573,124.545822,0.000000
28095,0.028231,0.450330,-0.036256,-0.063378,-0.044339,0.144138,-0.986530,124.745979,0.000000
28099,0.028279,0.450321,-0.036231,-0.063383,-0.044419,0.144401,-0.986488,124.966393,0.000000
28102,0.028302,0.450322,-0.036219,-0.063652,-0.044128,0.144744,-0.986433,125.230751,0.000000
28106,0.028358,0.450310,-0.036196,-0.063736,-0.044340,0.144991,-0.986382,125.439835,0.000000
28110,0.028403,0.450301,-0.036174,-0.063878,-0.044346,0.145328,-0.986323,125.668144,0.000000
28113,0.028424,0.450299,-0.036162,-0.063989,-0.044186,0.145608,-0.986282,125.910187,0.000000
28117,0.028479,0.450297,-0.036136,-0.064034,-0.044334,0.145955,-0.986221,126.149483,0.000343
28120,0.028512,0.450287,-0.036129,-0.064040,-0.044379,0.146108,-0.986196,126.385345,0.000000
28124,0.028564,0.450278,-0.036122,-0.064370,-0.044235,0.146372,-0.986142,126.646271,0.000000
28127,0.028599,0.450270,-0.036113,-0.064514,-0.044206,0.146608,-0.986098,126.873207,0.000000
28131,0.028658,0.450265,-0.036097,-0.064605,-0.044321,0.146945,-0.986037,127.152328,0.000000
28134,0.028696,0.450258,-0.036083,-0.064579,-0.044374,0.147126,-0.986009,127.363815,0.000000
28138,0.028742,0.450245,-0.036065,-0.064824,-0.044273,0.147462,-0.985948,127.591095,0.000000
28142,0.028801,0.450239,-0.036040,-0.065019,-0.044330,0.147859,-0.985873,127.827988,0.000000
28145,0.028836,0.450229,-0.036022,-0.065069,-0.044315,0.148054,-0.985841,128.065567,0.000000
28148,0.028872,0.450221,-0.036005,-0.065303,-0.044265,0.148262,-0.985796,128.311386,0.000000
28152,0.028925,0.450213,-0.035977,-0.065389,-0.044331,0.148566,-0.985742,128.523560,0.000000
28156,0.028965,0.450199,-0.035954,-0.065514,-0.044262,0.148903,-0.985686,128.774529,0.000000
28159,0.029000,0.450199,-0.035940,-0.065643,-0.044243,0.149135,-0.985643,129.003181,0.000000
28163,0.029054,0.450186,-0.035917,-0.065702,-0.044315,0.149465,-0.985586,129.246254,0.000000
28166,0.029088,0.450181,-0.035907,-0.065902,-0.044309,0.149702,-0.985537,129.509239,0.000000
28170,0.029136,0.450174,-0.035895,-0.066127,-0.044156,0.150050,-0.985476,129.706306,0.000000
28173,0.029178,0.450161,-0.035881,-0.066213,-0.044163,0.150237,-0.985441,129.952126,0.000000
28177,0.029226,0.450153,-0.035869,-0.066224,-0.044210,0.150529,-0.985394,130.195885,0.000000
28181,0.029272,0.450144,-0.035851,-0.066417,-0.044098,0.150799,-0.985344,130.406685,0.000000
28184,0.029314,0.450138,-0.035832,-0.066637,-0.044059,0.151066,-0.985290,130.638428,0.000000
28188,0.029341,0.450135,-0.035821,-0.066808,-0.043635,0.151413,-0.985244,130.908966,0.000000
28191,0.029380,0.450121,-0.035803,-0.066914,-0.043597,0.151675,-0.985199,131.124573,0.000000
28195,0.029459,0.450112,-0.035772,-0.066947,-0.044101,0.151928,-0.985135,131.360092,0.000000
28198,0.029485,0.450113,-0.035754,-0.066929,-0.044046,0.152267,-0.985087,131.612091,0.000000
28202,0.029528,0.450102,-0.035735,-0.067070,-0.043971,0.152582,-0.985031,131.831474,0.000000
28205,0.029571,0.450086,-0.035724,-0.067304,-0.044060,0.152744,-0.984986,132.081757,0.000000
28209,0.029624,0.450080,-0.035705,-0.067337,-0.044207,0.153047,-0.984931,132.322769,0.000000
28213,0.029661,0.450071,-0.035688,-0.067385,-0.044031,0.153366,-0.984886,132.554512,0.000000
28216,0.029710,0.450066,-0.035677,-0.067614,-0.044096,0.153571,-0.984835,132.805481,0.000000
28220,0.029756,0.450060,-0.035649,-0.067543,-0.044109,0.153889,-0.984790,133.034477,0.000000
28223,0.029801,0.450048,-0.035636,-0.067852,-0.044153,0.154123,-0.984730,133.279610,-0.000343
28227,0.029847,0.450042,-0.035611,-0.067963,-0.044071,0.154482,-0.984670,133.528519,0.000000
28230,0.029889,0.450030,-0.035590,-0.067993,-0.044239,0.154657,-0.984632,133.739662,0.000000
28234,0.029932,0.450024,-0.035576,-0.068239,-0.044105,0.154987,-0.984570,133.989258,0.000000
28237,0.029968,0.450014,-0.035559,-0.068409,-0.044065,0.155300,-0.984510,134.239197,0.000000
28241,0.029993,0.450018,-0.035549,-0.068327,-0.043861,0.155720,-0.984459,134.442101,0.000000
28244,0.030046,0.450004,-0.035538,-0.068528,-0.044160,0.155838,-0.984413,134.677620,-0.000343
28248,0.030074,0.450005,-0.035532,-0.068705,-0.043679,0.156270,-0.984353,134.942322,0.000000
28251,0.030111,0.449999,-0.035524,-0.068738,-0.043741,0.156512,-0.984310,135.162048,0.000000
28255,0.030164,0.449991,-0.035508,-0.068814,-0.043808,0.156797,-0.984256,135.401001,0.000000
28259,0.030214,0.449979,-0.035492,-0.069047,-0.043747,0.157103,-0.984194,135.649567,0.000000
28262,0.030265,0.449963,-0.035472,-0.069035,-0.044105,0.157122,-0.984176,135.894699,0.000000
28266,0.030310,0.449949,-0.035450,-0.069201,-0.044061,0.157484,-0.984108,136.147041,0.000000
28269,0.030343,0.449944,-0.035432,-0.069251,-0.044075,0.157637,-0.984079,136.357155,0.000000
28273,0.030392,0.449935,-0.035404,-0.069327,-0.044161,0.157983,-0.984015,136.584778,0.000000
28276,0.030409,0.449928,-0.035390,-0.069412,-0.043871,0.158203,-0.983986,136.844673,0.000000
28280,0.030462,0.449911,-0.035369,-0.069572,-0.044035,0.158374,-0.983940,137.064743,0.000000
28283,0.030500,0.449908,-0.035356,-0.069758,-0.043998,0.158601,-0.983892,137.288933,0.000000
28287,0.030551,0.449899,-0.035339,-0.069895,-0.044072,0.158927,-0.983827,137.529945,0.000000
28290,0.030585,0.449891,-0.035329,-0.069971,-0.044041,0.159132,-0.983789,137.789154,0.000000
28294,0.030635,0.449883,-0.035314,-0.070172,-0.043955,0.159429,-0.983731,138.037376,-0.000343
28298,0.030685,0.449875,-0.035301,-0.070282,-0.043985,0.159758,-0.983668,138.270836,0.000000
28301,0.030723,0.449867,-0.035288,-0.070387,-0.043948,0.159990,-0.983625,138.492966,-0.000343
28305,0.030774,0.449860,-0.035270,-0.070513,-0.044012,0.160326,-0.983558,138.751831,0.000000
28308,0.030809,0.449856,-0.035254,-0.070548,-0.044064,0.160517,-0.983522,138.980141,-0.000343
28312,0.030855,0.449845,-0.035233,-0.070773,-0.043958,0.160856,-0.983455,139.210510,-0.000343
28315,0.030886,0.449831,-0.035222,-0.070771,-0.043974,0.161006,-0.983430,139.474182,0.000000
28319,0.030947,0.449826,-0.035201,-0.070898,-0.044053,0.161366,-0.983359,139.696999,0.000000
28322,0.030989,0.449820,-0.035182,-0.070985,-0.044057,0.161626,-0.983309,139.920845,-0.000343
28326,0.031034,0.449810,-0.035169,-0.071229,-0.043924,0.161958,-0.983243,140.167007,-0.000343
28330,0.031090,0.449798,-0.035144,-0.071260,-0.044073,0.162333,-0.983172,140.421753,0.000000
28333,0.031126,0.449783,-0.035125,-0.071374,-0.044001,0.162532,-0.983134,140.643883,0.000000
28337,0.031183,0.449778,-0.035107,-0.071590,-0.044007,0.162881,-0.983061,140.898285,0.000000
28340,0.031229,0.449770,-0.035085,-0.071763,-0.044021,0.163186,-0.982997,141.122131,0.000000
28344,0.031272,0.449758,-0.035067,-0.071928,-0.043936,0.163441,-0.982946,141.376534,0.000000
28347,0.031303,0.449746,-0.035052,-0.072023,-0.043880,0.163704,-0.982898,141.579094,0.000000
28351,0.031360,0.449733,-0.035029,-0.072050,-0.044053,0.164016,-0.982836,141.822510,-0.000343
28354,0.031400,0.449732,-0.035022,-0.072293,-0.044013,0.164281,-0.982776,142.076912,0.000000
28358,0.031447,0.449725,-0.035009,-0.072446,-0.043921,0.164580,-0.982719,142.334747,-0.000343
28362,0.031503,0.449717,-0.034995,-0.072524,-0.044025,0.164932,-0.982649,142.531815,-0.000343
28365,0.031539,0.449709,-0.034988,-0.072608,-0.043970,0.165140,-0.982611,142.775917,-0.000343
28368,0.031578,0.449699,-0.034974,-0.072754,-0.043929,0.165453,-0.982549,143.013496,0.000000
28372,0.031632,0.449687,-0.034954,-0.072897,-0.043982,0.165769,-0.982483,143.244209,-0.000343
28376,0.031680,0.449673,-0.034929,-0.073003,-0.043925,0.166000,-0.982439,143.505821,0.000000
28379,0.031716,0.449658,-0.034906,-0.073061,-0.043894,0.166250,-0.982393,143.743057,0.000000
28383,0.031770,0.449645,-0.034877,-0.073085,-0.043990,0.166535,-0.982339,143.988876,0.000000
28386,0.031808,0.449635,-0.034856,-0.073221,-0.043987,0.166804,-0.982283,144.217529,-0.000343
28390,0.031853,0.449626,-0.034833,-0.073338,-0.043894,0.167086,-0.982231,144.447212,-0.000343
28393,0.031894,0.449619,-0.034822,-0.073498,-0.043897,0.167402,-0.982165,144.685478,-0.000343
28397,0.031944,0.449609,-0.034802,-0.073540,-0.044000,0.167695,-0.982107,144.923058,-0.000343
28401,0.031980,0.449596,-0.034795,-0.073676,-0.043898,0.167940,-0.982060,145.152054,-0.000343
28404,0.032022,0.449591,-0.034787,-0.073836,-0.043911,0.168202,-0.982002,145.405083,-0.000343
28408,0.032072,0.449581,-0.034770,-0.074007,-0.043956,0.168574,-0.981923,145.635452,0.000000
28411,0.032105,0.449575,-0.034761,-0.074052,-0.043932,0.168728,-0.981895,145.894318,0.000000
28415,0.032159,0.449563,-0.034739,-0.074274,-0.043966,0.169114,-0.981810,146.128807,0.000000
28418,0.032189,0.449551,-0.034722,-0.074205,-0.044049,0.169275,-0.981784,146.390076,-0.000343
28422,0.032239,0.449538,-0.034700,-0.074441,-0.043940,0.169635,-0.981709,146.592636,-0.000343
28425,0.032284,0.449535,-0.034677,-0.074569,-0.043915,0.169836,-0.981665,146.832275,-0.000343
28429,0.032332,0.449527,-0.034657,-0.074699,-0.044016,0.170135,-0.981599,147.056808,-0.000343
28433,0.032361,0.449514,-0.034639,-0.074837,-0.043899,0.170408,-0.981546,147.262802,-0.000343
28436,0.032394,0.449509,-0.034627,-0.074913,-0.043928,0.170575,-0.981510,147.502785,-0.000343
28440,0.032436,0.449498,-0.034617,-0.074904,-0.044016,0.170829,-0.981463,147.725601,-0.000343
28443,0.032474,0.449494,-0.034606,-0.075055,-0.044010,0.171077,-0.981408,147.950478,-0.000343
28447,0.032518,0.449484,-0.034597,-0.075201,-0.043986,0.171367,-0.981348,148.198013,-0.000343
28450,0.032552,0.449472,-0.034589,-0.075143,-0.044007,0.171535,-0.981322,148.414650,-0.000343
28454,0.032600,0.449466,-0.034574,-0.075331,-0.043941,0.171881,-0.981250,148.641243,0.000000
28457,0.032636,0.449458,-0.034560,-0.075512,-0.043915,0.172074,-0.981203,148.891182,0.000000
28461,0.032687,0.449448,-0.034536,-0.075473,-0.044087,0.172402,-0.981141,149.112968,-0.000343
28465,0.032729,0.449435,-0.034513,-0.075661,-0.043985,0.172686,-0.981081,149.330978,-0.000343
28468,0.032769,0.449429,-0.034499,-0.075944,-0.043878,0.172950,-0.981018,149.572678,-0.000343
28472,0.032819,0.449417,-0.034479,-0.075949,-0.044018,0.173207,-0.980966,149.817810,-0.000343
28475,0.032857,0.449409,-0.034467,-0.076104,-0.043963,0.173462,-0.980911,150.011787,0.000000
28479,0.032901,0.449399,-0.034452,-0.076238,-0.043925,0.173739,-0.980853,150.252457,-0.000343
28482,0.032936,0.449380,-0.034437,-0.076271,-0.043938,0.173977,-0.980808,150.509949,-0.000343
28486,0.032986,0.449375,-0.034420,-0.076356,-0.043938,0.174253,-0.980752,150.720406,0.000000
28489,0.033021,0.449365,-0.034409,-0.076567,-0.043904,0.174552,-0.980684,150.942879,-0.000343
28493,0.033071,0.449353,-0.034390,-0.076687,-0.043953,0.174794,-0.980630,151.193161,-0.000343
28496,0.033103,0.449344,-0.034377,-0.076657,-0.044016,0.175011,-0.980591,151.405334,0.000000
28500,0.033143,0.449336,-0.034359,-0.076911,-0.043894,0.175283,-0.980527,151.620255,0.000000
28504,0.033195,0.449323,-0.034339,-0.076877,-0.044041,0.175560,-0.980474,151.859894,0.000000
28507,0.033229,0.449317,-0.034325,-0.076942,-0.044058,0.175784,-0.980428,152.105370,-0.000343
28511,0.033279,0.449304,-0.034302,-0.077172,-0.043963,0.176083,-0.980361,152.313766,-0.000343
28514,0.033316,0.449295,-0.034288,-0.077252,-0.044009,0.176320,-0.980309,152.547913,-0.000343
28518,0.033367,0.449289,-0.034267,-0.077456,-0.044025,0.176680,-0.980228,152.767982,-0.000343
28521,0.033401,0.449273,-0.034252,-0.077528,-0.043951,0.176875,-0.980190,153.007622,-0.000343
28525,0.033447,0.449263,-0.034236,-0.077709,-0.043936,0.177141,-0.980129,153.244858,0.000000
28528,0.033487,0.449261,-0.034220,-0.077842,-0.043980,0.177410,-0.980067,153.463898,-0.000343
28532,0.033528,0.449241,-0.034205,-0.077960,-0.043847,0.177703,-0.980011,153.708687,0.000000
28536,0.033579,0.449232,-0.034190,-0.078104,-0.043928,0.178074,-0.979928,153.928413,-0.000343
28539,0.033614,0.449225,-0.034179,-0.078153,-0.043929,0.178280,-0.979887,154.143677,0.000000
28543,0.033653,0.449208,-0.034163,-0.078396,-0.043765,0.178562,-0.979824,154.388809,-0.000343
28546,0.033684,0.449198,-0.034149,-0.078330,-0.043801,0.178707,-0.979801,154.609566,-0.000343
28550,0.033738,0.449190,-0.034133,-0.078535,-0.043843,0.179029,-0.979724,154.838219,-0.000343
28553,0.033773,0.449182,-0.034122,-0.078651,-0.043804,0.179208,-0.979684,155.066528,-0.000343
28557,0.033825,0.449169,-0.034102,-0.078801,-0.043766,0.179608,-0.979600,155.324020,0.000000
28560,0.033867,0.449160,-0.034087,-0.078827,-0.043846,0.179822,-0.979555,155.541687,-0.000343
28564,0.033915,0.449143,-0.034068,-0.078912,-0.043769,0.180115,-0.979498,155.797462,0.000000
28567,0.033951,0.449133,-0.034051,-0.079026,-0.043750,0.180296,-0.979456,155.985260,-0.000343
28571,0.034007,0.449124,-0.034023,-0.079157,-0.043832,0.180639,-0.979379,156.202240,-0.000343
28575,0.034047,0.449114,-0.034002,-0.079425,-0.043713,0.180952,-0.979305,156.447716,-0.000343
28578,0.034082,0.449102,-0.033984,-0.079551,-0.043708,0.181174,-0.979253,156.691818,0.000000
28581,0.034110,0.449091,-0.033970,-0.079659,-0.043692,0.181337,-0.979215,156.903648,-0.000343
28585,0.034158,0.449078,-0.033949,-0.079634,-0.043835,0.181703,-0.979143,157.149467,0.000000
28589,0.034202,0.449063,-0.033936,-0.079802,-0.043719,0.181979,-0.979083,157.381897,0.000000
28592,0.034241,0.449056,-0.033931,-0.079852,-0.043791,0.182217,-0.979032,157.635956,0.000000
28596,0.034295,0.449046,-0.033920,-0.079919,-0.043838,0.182550,-0.978962,157.833366,-0.000343
28599,0.034335,0.449039,-0.033911,-0.080126,-0.043802,0.182869,-0.978887,158.077812,0.000000
28603,0.034385,0.449029,-0.033901,-0.080205,-0.043901,0.183138,-0.978826,158.285522,-0.000343
28606,0.034421,0.449018,-0.033887,-0.080215,-0.043974,0.183321,-0.978788,158.499756,-0.000343
28610,0.034459,0.449005,-0.033867,-0.080390,-0.043837,0.183615,-0.978724,158.744545,0.000000
28614,0.034510,0.448999,-0.033842,-0.080537,-0.043948,0.183891,-0.978656,158.963928,0.000000
28617,0.034547,0.448982,-0.033819,-0.080573,-0.043951,0.184154,-0.978603,159.199448,-0.000343
28621,0.034592,0.448967,-0.033793,-0.080808,-0.043845,0.184419,-0.978538,159.432564,-0.000343
28624,0.034635,0.448960,-0.033774,-0.080963,-0.043818,0.184752,-0.978464,159.672203,0.000000
28628,0.034683,0.448942,-0.033746,-0.081047,-0.043890,0.184992,-0.978408,159.925575,0.000000
28631,0.034721,0.448935,-0.033729,-0.081310,-0.043822,0.185282,-0.978335,160.121269,-0.000343
28635,0.034772,0.448920,-0.033713,-0.081491,-0.043808,0.185521,-0.978275,160.336876,-0.000343
28639,0.034827,0.448908,-0.033699,-0.081605,-0.043776,0.185844,-0.978206,160.571022,-0.000343
28642,0.034859,0.448897,-0.033695,-0.081588,-0.043726,0.186047,-0.978171,160.833664,0.000000
28645,0.034898,0.448885,-0.033688,-0.081791,-0.043654,0.186316,-0.978106,161.032104,-0.000343
28649,0.034950,0.448873,-0.033675,-0.081783,-0.043789,0.186622,-0.978042,161.268997,-0.000343
28652,0.034991,0.448868,-0.033661,-0.082016,-0.043764,0.186950,-0.977961,161.512413,-0.000343
28656,0.035039,0.448850,-0.033642,-0.082164,-0.043648,0.187273,-0.977892,161.743469,0.000000
28660,0.035090,0.448836,-0.033619,-0.082124,-0.043785,0.187578,-0.977831,162.006798,0.000000
28663,0.035129,0.448827,-0.033596,-0.082341,-0.043668,0.187898,-0.977756,162.195969,0.000000
28667,0.035174,0.448811,-0.033570,-0.082547,-0.043588,0.188227,-0.977679,162.422218,0.000000
28670,0.035214,0.448800,-0.033554,-0.082592,-0.043672,0.188373,-0.977644,162.650528,0.000000
28674,0.035267,0.448783,-0.033524,-0.082780,-0.043622,0.188742,-0.977559,162.863388,-0.000343
28677,0.035301,0.448769,-0.033504,-0.082824,-0.043602,0.188931,-0.977519,163.097534,0.000000
28681,0.035358,0.448759,-0.033483,-0.082902,-0.043706,0.189302,-0.977436,163.345070,-0.000343
28685,0.035416,0.448742,-0.033462,-0.083322,-0.043588,0.189758,-0.977318,163.588829,0.000000
28688,0.035453,0.448734,-0.033451,-0.083314,-0.043621,0.189986,-0.977272,163.794136,0.000000
28692,0.035515,0.448720,-0.033435,-0.083455,-0.043725,0.190383,-0.977179,164.026222,0.000000
28695,0.035558,0.448713,-0.033424,-0.083662,-0.043684,0.190601,-0.977120,164.281998,0.000000
28699,0.035598,0.448699,-0.033413,-0.083799,-0.043613,0.190971,-0.977039,164.495888,-0.000343
28702,0.035638,0.448689,-0.033400,-0.083890,-0.043642,0.191173,-0.976991,164.721451,0.000000
28706,0.035694,0.448674,-0.033377,-0.084033,-0.043696,0.191553,-0.976902,164.947357,-0.000343
28709,0.035723,0.448663,-0.033364,-0.084032,-0.043684,0.191755,-0.976863,165.181160,0.000000
28713,0.035774,0.448648,-0.033341,-0.084150,-0.043723,0.192061,-0.976790,165.388870,-0.000343
28716,0.035811,0.448636,-0.033325,-0.084214,-0.043780,0.192233,-0.976749,165.617180,-0.000343
28720,0.035857,0.448621,-0.033306,-0.084413,-0.043649,0.192540,-0.976677,165.865402,-0.000343
28724,0.035915,0.448606,-0.033282,-0.084551,-0.043774,0.192898,-0.976589,166.116714,-0.000343
28727,0.035956,0.448601,-0.033264,-0.084656,-0.043806,0.193207,-0.976517,166.320648,0.000000
28731,0.035999,0.448585,-0.033246,-0.084853,-0.043671,0.193485,-0.976451,166.556511,0.000000
28734,0.036033,0.448571,-0.033233,-0.084943,-0.043644,0.193676,-0.976406,166.812286,0.000000
28738,0.036079,0.448562,-0.033218,-0.085036,-0.043706,0.193947,-0.976342,167.032013,0.000000
28741,0.036105,0.448549,-0.033205,-0.085127,-0.043654,0.194172,-0.976292,167.251740,-0.000343
28745,0.036149,0.448539,-0.033193,-0.085333,-0.043582,0.194516,-0.976208,167.493095,-0.000343
28748,0.036183,0.448527,-0.033183,-0.085483,-0.043616,0.194790,-0.976139,167.732735,-0.000343
28752,0.036231,0.448514,-0.033170,-0.085628,-0.043532,0.195058,-0.976077,167.944908,0.000000
28756,0.036278,0.448503,-0.033157,-0.085709,-0.043543,0.195281,-0.976024,168.157768,-0.000343
28759,0.036321,0.448490,-0.033143,-0.085724,-0.043614,0.195486,-0.975979,168.383675,0.000000
28763,0.036372,0.448474,-0.033121,-0.085962,-0.043467,0.195796,-0.975902,168.630867,-0.000343
28766,0.036407,0.448465,-0.033099,-0.086066,-0.043475,0.196075,-0.975837,168.864670,0.000000
28770,0.036465,0.448446,-0.033065,-0.085997,-0.043651,0.196367,-0.975776,169.076157,0.000000
28773,0.036507,0.448433,-0.033046,-0.086292,-0.043604,0.196691,-0.975687,169.327812,0.000000
28777,0.036552,0.448417,-0.033019,-0.086481,-0.043495,0.196934,-0.975626,169.593201,-0.000343
28781,0.036613,0.448403,-0.032990,-0.086640,-0.043621,0.197373,-0.975518,169.784088,0.000000
28784,0.036644,0.448390,-0.032978,-0.086632,-0.043604,0.197557,-0.975482,170.002441,0.000000
28788,0.036691,0.448379,-0.032965,-0.086886,-0.043531,0.197972,-0.975378,170.243454,0.000000
28791,0.036733,0.448367,-0.032958,-0.086964,-0.043603,0.198183,-0.975325,170.470390,-0.000343
28795,0.036781,0.448358,-0.032946,-0.087179,-0.043516,0.198604,-0.975224,170.679131,0.000000
28798,0.036812,0.448344,-0.032941,-0.087259,-0.043516,0.198728,-0.975192,170.931473,0.000000
28802,0.036871,0.448330,-0.032921,-0.087321,-0.043665,0.199156,-0.975092,171.149483,-0.000343
28805,0.036905,0.448316,-0.032909,-0.087357,-0.043635,0.199281,-0.975065,171.381226,-0.000343
28809,0.036953,0.448303,-0.032890,-0.087664,-0.043494,0.199643,-0.974970,171.631508,0.000000
28812,0.036992,0.448291,-0.032870,-0.087777,-0.043504,0.199841,-0.974918,171.851234,-0.000343
28816,0.037046,0.448273,-0.032843,-0.087831,-0.043546,0.200193,-0.974840,172.090530,0.000000
28820,0.037097,0.448254,-0.032815,-0.088044,-0.043472,0.200489,-0.974763,172.309227,-0.000343
28823,0.037134,0.448242,-0.032798,-0.088120,-0.043487,0.200728,-0.974706,172.533073,0.000000
28827,0.037191,0.448230,-0.032774,-0.088361,-0.043463,0.201159,-0.974597,172.791595,0.000000
28830,0.037225,0.448211,-0.032759,-0.088438,-0.043414,0.201368,-0.974548,172.996216,0.000000
28834,0.037280,0.448202,-0.032741,-0.088616,-0.043436,0.201696,-0.974464,173.221779,0.000000
28837,0.037317,0.448188,-0.032727,-0.088691,-0.043457,0.201911,-0.974411,173.466911,0.000000
28841,0.037353,0.448167,-0.032716,-0.088845,-0.043327,0.202175,-0.974348,173.682518,0.000000
28844,0.037390,0.448159,-0.032706,-0.089003,-0.043352,0.202393,-0.974288,173.922844,0.000000
28848,0.037448,0.448145,-0.032684,-0.089107,-0.043513,0.202835,-0.974179,174.165916,0.000000
28851,0.037481,0.448135,-0.032676,-0.089232,-0.043435,0.203006,-0.974135,174.379807,0.000000
28855,0.037526,0.448119,-0.032662,-0.089395,-0.043393,0.203331,-0.974055,174.646912,0.000000
28859,0.037586,0.448106,-0.032636,-0.089417,-0.043513,0.203706,-0.973969,174.845695,-0.000343
28862,0.037617,0.448089,-0.032621,-0.089521,-0.043469,0.203970,-0.973906,175.050659,0.000000
28866,0.037672,0.448072,-0.032598,-0.089611,-0.043522,0.204248,-0.973837,175.281029,0.000000
28869,0.037718,0.448061,-0.032574,-0.089751,-0.043520,0.204576,-0.973755,175.513115,-0.000343
28873,0.037758,0.448044,-0.032550,-0.089929,-0.043377,0.204879,-0.973682,175.785370,0.000000
28876,0.037800,0.448041,-0.032531,-0.090101,-0.043376,0.205225,-0.973593,175.986214,0.000000
28880,0.037852,0.448016,-0.032507,-0.090043,-0.043533,0.205482,-0.973537,176.215897,-0.000343
28884,0.037904,0.448003,-0.032493,-0.090311,-0.043374,0.205808,-0.973450,176.485062,0.000000
28887,0.037939,0.447988,-0.032483,-0.090287,-0.043410,0.206050,-0.973400,176.681442,0.000000
28890,0.037978,0.447982,-0.032471,-0.090459,-0.043387,0.206308,-0.973330,176.906319,-0.000343
28894,0.038024,0.447971,-0.032461,-0.090465,-0.043476,0.206564,-0.973271,177.164841,0.000000
28898,0.038060,0.447954,-0.032441,-0.090583,-0.043437,0.206800,-0.973212,177.372894,0.000000
28901,0.038093,0.447941,-0.032431,-0.090699,-0.043452,0.206991,-0.973160,177.591248,0.000000
28905,0.038141,0.447930,-0.032414,-0.090967,-0.043364,0.207336,-0.973065,177.808914,0.000000
28908,0.038173,0.447918,-0.032398,-0.091106,-0.043342,0.207579,-0.973002,178.041344,0.000000
28912,0.038226,0.447901,-0.032376,-0.091097,-0.043459,0.207815,-0.972947,178.305016,0.000000
28915,0.038270,0.447891,-0.032353,-0.091336,-0.043437,0.208145,-0.972855,178.512039,0.000000
28919,0.038317,0.447870,-0.032330,-0.091579,-0.043308,0.208396,-0.972784,178.741722,0.000000
28923,0.038371,0.447851,-0.032305,-0.091576,-0.043471,0.208763,-0.972698,178.992004,0.000000
28926,0.038417,0.447840,-0.032289,-0.091807,-0.043454,0.208977,-0.972631,179.246750,0.000000
28930,0.038457,0.447826,-0.032276,-0.092038,-0.043292,0.209287,-0.972550,179.442444,0.000000
28933,0.038499,0.447815,-0.032261,-0.092020,-0.043421,0.209523,-0.972495,179.667320,0.000000
28937,0.038559,0.447796,-0.032244,-0.092204,-0.043432,0.209973,-0.972380,179.915543,0.000000
28940,0.038590,0.447779,-0.032240,-0.092239,-0.043380,0.210088,-0.972354,180.123253,0.000000
28943,0.038634,0.447769,-0.032227,-0.092450,-0.043348,0.210436,-0.972261,180.351906,0.000000
28947,0.038696,0.447752,-0.032200,-0.092476,-0.043538,0.210895,-0.972150,180.586739,0.000000
28951,0.038739,0.447735,-0.032183,-0.092683,-0.043442,0.211273,-0.972053,180.849037,0.000000
28954,0.038774,0.447716,-0.032162,-0.092746,-0.043457,0.211467,-0.972004,181.049538,0.000000
28958,0.038836,0.447700,-0.032134,-0.092959,-0.043569,0.211946,-0.971874,181.278877,0.000000
28961,0.038870,0.447690,-0.032121,-0.093037,-0.043554,0.212118,-0.971830,181.511307,0.000000
28965,0.038913,0.447668,-0.032098,-0.093238,-0.043434,0.212449,-0.971744,181.770515,0.000000
28969,0.038964,0.447653,-0.032074,-0.093294,-0.043548,0.212785,-0.971660,181.969299,-0.000343
28972,0.039001,0.447641,-0.032059,-0.093393,-0.043500,0.213009,-0.971603,182.214432,-0.000343
28976,0.039053,0.447631,-0.032036,-0.093584,-0.043454,0.213382,-0.971505,182.430038,0.000000
28979,0.039093,0.447621,-0.032019,-0.093644,-0.043479,0.213610,-0.971448,182.664185,0.000000
28983,0.039141,0.447602,-0.032002,-0.093842,-0.043343,0.213947,-0.971361,182.910004,0.000000
28986,0.039184,0.447588,-0.031989,-0.093954,-0.043314,0.214139,-0.971309,183.141060,0.000000
28990,0.039245,0.447572,-0.031967,-0.094051,-0.043378,0.214507,-0.971215,183.353233,0.000000
28993,0.039279,0.447552,-0.031953,-0.094135,-0.043357,0.214672,-0.971172,183.572617,0.000000
28997,0.039317,0.447539,-0.031937,-0.094313,-0.043209,0.214967,-0.971096,183.796463,0.000000
29000,0.039353,0.447525,-0.031927,-0.094412,-0.043202,0.215155,-0.971045,184.030952,0.000000
29004,0.039411,0.447515,-0.031905,-0.094626,-0.043278,0.215628,-0.970916,184.295654,-0.000343
29007,0.039445,0.447498,-0.031895,-0.094677,-0.043223,0.215827,-0.970869,184.522591,0.000000
29011,0.039509,0.447481,-0.031875,-0.094923,-0.043262,0.216240,-0.970752,184.763603,0.000000
29015,0.039564,0.447464,-0.031854,-0.095051,-0.043263,0.216496,-0.970682,184.970284,0.000000
29018,0.039594,0.447448,-0.031840,-0.095117,-0.043205,0.216752,-0.970621,185.208893,0.000000
29022,0.039651,0.447426,-0.031810,-0.095184,-0.043343,0.217066,-0.970538,185.415230,0.000000
29025,0.039685,0.447405,-0.031794,-0.095309,-0.043316,0.217239,-0.970488,185.638733,0.000000
29029,0.039729,0.447395,-0.031773,-0.095514,-0.043204,0.217552,-0.970403,185.881462,0.000000
29033,0.039791,0.447378,-0.031745,-0.095577,-0.043365,0.217979,-0.970294,186.128311,0.000000
29036,0.039823,0.447365,-0.031738,-0.095636,-0.043353,0.218107,-0.970260,186.336365,0.000000
29040,0.039870,0.447349,-0.031723,-0.095921,-0.043248,0.218486,-0.970151,186.566734,0.000000
29043,0.039910,0.447340,-0.031712,-0.095970,-0.043314,0.218768,-0.970079,186.810150,0.000000
29047,0.039951,0.447323,-0.031701,-0.095962,-0.043358,0.219018,-0.970022,187.056656,0.000000
29050,0.039985,0.447316,-0.031690,-0.096143,-0.043352,0.219294,-0.969942,187.306595,0.000000
29054,0.040021,0.447295,-0.031675,-0.096199,-0.043356,0.219552,-0.969878,187.501945,0.000000
29057,0.040060,0.447288,-0.031660,-0.096286,-0.043408,0.219840,-0.969802,187.737465,0.000000
29061,0.040099,0.447270,-0.031643,-0.096393,-0.043327,0.220140,-0.969727,187.974358,0.000343
29065,0.040158,0.447258,-0.031618,-0.096643,-0.043390,0.220467,-0.969625,188.162498,0.000000
29068,0.040189,0.447244,-0.031598,-0.096671,-0.043439,0.220664,-0.969575,188.417931,0.000000
29072,0.040235,0.447230,-0.031575,-0.096939,-0.043275,0.221030,-0.969472,188.629417,0.000000
29075,0.040268,0.447211,-0.031554,-0.096964,-0.043299,0.221176,-0.969435,188.859100,0.000000
29079,0.040326,0.447194,-0.031530,-0.097141,-0.043364,0.221619,-0.969313,189.094276,0.000000
29082,0.040362,0.447183,-0.031520,-0.097261,-0.043339,0.221783,-0.969265,189.343185,0.000000
29086,0.040405,0.447157,-0.031505,-0.097413,-0.043198,0.222083,-0.969187,189.594841,0.000343
29089,0.040449,0.447151,-0.031493,-0.097546,-0.043244,0.222367,-0.969107,189.848900,0.000000
29093,0.040495,0.447128,-0.031481,-0.097655,-0.043155,0.222657,-0.969033,190.044937,0.000000
29096,0.040530,0.447113,-0.031471,-0.097730,-0.043092,0.222861,-0.968981,190.286636,0.000000
29100,0.040590,0.447097,-0.031456,-0.097932,-0.043178,0.223290,-0.968858,190.484734,0.000343
29103,0.040617,0.447076,-0.031442,-0.097872,-0.043250,0.223389,-0.968838,190.705490,0.000343
29107,0.040665,0.447064,-0.031426,-0.098229,-0.043069,0.223746,-0.968728,190.947876,0.000000
29111,0.040715,0.447040,-0.031398,-0.098221,-0.043192,0.224010,-0.968662,191.164169,0.000000
29114,0.040757,0.447031,-0.031378,-0.098447,-0.043194,0.224345,-0.968562,191.436081,0.000000
29118,0.040805,0.447014,-0.031353,-0.098611,-0.043073,0.224643,-0.968481,191.635895,0.000000
29121,0.040842,0.446998,-0.031330,-0.098643,-0.043139,0.224871,-0.968422,191.908150,0.000343
29125,0.040890,0.446985,-0.031319,-0.098759,-0.043135,0.225154,-0.968345,192.133713,0.000343
29128,0.040927,0.446973,-0.031302,-0.098968,-0.043056,0.225463,-0.968255,192.349319,0.000000
29132,0.040972,0.446956,-0.031285,-0.099024,-0.043120,0.225712,-0.968189,192.583809,0.000343
29136,0.041018,0.446945,-0.031269,-0.099190,-0.043078,0.226025,-0.968100,192.786026,0.000000
29139,0.041053,0.446935,-0.031251,-0.099346,-0.043056,0.226336,-0.968013,193.019485,0.000000
29143,0.041099,0.446914,-0.031240,-0.099269,-0.043222,0.226491,-0.967977,193.240585,0.000343
29146,0.041139,0.446907,-0.031226,-0.099424,-0.043227,0.226789,-0.967891,193.486061,0.000343
29150,0.041184,0.446891,-0.031207,-0.099499,-0.043200,0.227098,-0.967812,193.704414,0.000343
29153,0.041222,0.446877,-0.031195,-0.099625,-0.043180,0.227393,-0.967731,193.948860,0.000343
29157,0.041277,0.446858,-0.031178,-0.099756,-0.043217,0.227722,-0.967638,194.198799,0.000000
29160,0.041312,0.446842,-0.031161,-0.099829,-0.043232,0.228028,-0.967558,194.406853,0.000343
29164,0.041356,0.446820,-0.031144,-0.099928,-0.043231,0.228206,-0.967506,194.652672,0.000343
29167,0.041403,0.446808,-0.031125,-0.100171,-0.043228,0.228542,-0.967402,194.867249,0.000343
29171,0.041444,0.446790,-0.031111,-0.100351,-0.043106,0.228736,-0.967342,195.109291,0.000343
29174,0.041481,0.446778,-0.031091,-0.100497,-0.043119,0.229013,-0.967261,195.318375,0.000343
29178,0.041537,0.446761,-0.031069,-0.100600,-0.043209,0.229306,-0.967177,195.582733,0.000343
29182,0.041578,0.446737,-0.031054,-0.100800,-0.043097,0.229624,-0.967086,195.813789,0.000000
29185,0.041620,0.446727,-0.031039,-0.100870,-0.043099,0.229872,-0.967019,196.028709,0.000000
29189,0.041672,0.446707,-0.031015,-0.100973,-0.043235,0.230238,-0.966916,196.245689,0.000000
29192,0.041697,0.446688,-0.031011,-0.100953,-0.043201,0.230346,-0.966893,196.486359,0.000343
29196,0.041739,0.446668,-0.030996,-0.101192,-0.043037,0.230657,-0.966802,196.735954,0.000000
29199,0.041770,0.446659,-0.030982,-0.101225,-0.043153,0.230859,-0.966745,196.930618,0.000343
29203,0.041814,0.446646,-0.030970,-0.101326,-0.043126,0.231172,-0.966661,197.174377,0.000000
29207,0.041863,0.446627,-0.030953,-0.101590,-0.043122,0.231536,-0.966546,197.408180,0.000343
29210,0.041894,0.446615,-0.030944,-0.101635,-0.043175,0.231721,-0.966495,197.635460,0.000343
29214,0.041931,0.446598,-0.030924,-0.101748,-0.043098,0.232025,-0.966413,197.882996,0.000343
29217,0.041968,0.446585,-0.030908,-0.101929,-0.043110,0.232300,-0.966327,198.089333,0.000000
29220,0.042004,0.446577,-0.030895,-0.101936,-0.043146,0.232536,-0.966269,198.333435,0.000343
29224,0.042059,0.446562,-0.030870,-0.102042,-0.043265,0.232849,-0.966177,198.558311,0.000343
29228,0.042098,0.446545,-0.030848,-0.102258,-0.043120,0.233156,-0.966086,198.777695,0.000000
29231,0.042127,0.446524,-0.030836,-0.102282,-0.043130,0.233271,-0.966055,199.013557,0.000343
29235,0.042181,0.446512,-0.030814,-0.102423,-0.043186,0.233662,-0.965943,199.262123,0.000000
29238,0.042206,0.446493,-0.030803,-0.102478,-0.043135,0.233761,-0.965916,199.466743,0.000343
29242,0.042251,0.446476,-0.030787,-0.102576,-0.043168,0.234094,-0.965823,199.702606,0.000343
29246,0.042304,0.446465,-0.030772,-0.102754,-0.043152,0.234404,-0.965730,199.939842,0.000343
29249,0.042335,0.446449,-0.030762,-0.102890,-0.043065,0.234664,-0.965656,200.176392,0.000343
29252,0.042367,0.446429,-0.030748,-0.102926,-0.043048,0.234759,-0.965630,200.417061,0.000000
29256,0.042428,0.446417,-0.030730,-0.103070,-0.043170,0.235168,-0.965510,200.620651,0.000343
29260,0.042466,0.446398,-0.030717,-0.103267,-0.042989,0.235459,-0.965426,200.860291,0.000343
29263,0.042503,0.446379,-0.030701,-0.103325,-0.042989,0.235706,-0.965359,201.108170,0.000343
29267,0.042551,0.446361,-0.030683,-0.103357,-0.043104,0.235926,-0.965297,201.317253,0.000343
29271,0.042598,0.446349,-0.030665,-0.103603,-0.043000,0.236243,-0.965198,201.568909,0.000343
29274,0.042635,0.446334,-0.030651,-0.103731,-0.042976,0.236509,-0.965120,201.806831,0.000000
29278,0.042680,0.446316,-0.030635,-0.103836,-0.043048,0.236754,-0.965045,202.014885,0.000000
29281,0.042713,0.446301,-0.030622,-0.103948,-0.042956,0.236972,-0.964984,202.229805,0.000343
29285,0.042758,0.446284,-0.030605,-0.104039,-0.042991,0.237267,-0.964900,202.490387,0.000000
29288,0.042799,0.446270,-0.030593,-0.104133,-0.043042,0.237520,-0.964825,202.717667,0.000343
29291,0.042831,0.446252,-0.030577,-0.104128,-0.043008,0.237701,-0.964783,202.960052,0.000343
29295,0.042873,0.446236,-0.030563,-0.104391,-0.042857,0.237998,-0.964688,203.151627,0.000000
29299,0.042921,0.446223,-0.030544,-0.104391,-0.043020,0.238327,-0.964600,203.388863,0.000343
29302,0.042951,0.446202,-0.030531,-0.104449,-0.042978,0.238446,-0.964566,203.632965,0.000343
29306,0.042988,0.446181,-0.030520,-0.104715,-0.042870,0.238693,-0.964481,203.847885,0.000343
29309,0.043031,0.446179,-0.030506,-0.104813,-0.042916,0.239043,-0.964381,204.103661,0.000343
29313,0.043084,0.446160,-0.030487,-0.105003,-0.042997,0.239335,-0.964284,204.317894,0.000343
29316,0.043114,0.446146,-0.030475,-0.105067,-0.042985,0.239604,-0.964211,204.559593,0.000343
29320,0.043158,0.446124,-0.030461,-0.105114,-0.043042,0.239812,-0.964152,204.798889,0.000343
29324,0.043206,0.446104,-0.030441,-0.105255,-0.043035,0.240191,-0.964042,204.996986,0.000343
29327,0.043243,0.446100,-0.030429,-0.105420,-0.043055,0.240452,-0.963958,205.238342,0.000687
29331,0.043295,0.446078,-0.030406,-0.105422,-0.043201,0.240778,-0.963870,205.463562,0.000343
29334,0.043325,0.446060,-0.030393,-0.105454,-0.043222,0.240935,-0.963827,205.721741,0.000343
29338,0.043367,0.446039,-0.030371,-0.105750,-0.043029,0.241242,-0.963726,205.929794,0.000343
29341,0.043406,0.446028,-0.030357,-0.105778,-0.043086,0.241466,-0.963664,206.160851,0.000343
29345,0.043457,0.446011,-0.030332,-0.105923,-0.043122,0.241825,-0.963557,206.398773,0.000343
29349,0.043499,0.445989,-0.030316,-0.106184,-0.042959,0.242076,-0.963472,206.643906,0.000343
29352,0.043533,0.445975,-0.030305,-0.106255,-0.043013,0.242329,-0.963398,206.860542,0.000343
29355,0.043566,0.445963,-0.030293,-0.106289,-0.043061,0.242495,-0.963351,207.101898,0.000343
29359,0.043607,0.445936,-0.030278,-0.106429,-0.042965,0.242799,-0.963263,207.316475,0.000343
29363,0.043655,0.445927,-0.030266,-0.106591,-0.043016,0.243132,-0.963159,207.526932,0.000343
29366,0.043688,0.445916,-0.030255,-0.106636,-0.043021,0.243334,-0.963103,207.768288,0.000343
29370,0.043729,0.445894,-0.030243,-0.106848,-0.042866,0.243640,-0.963008,208.024063,0.000343
29373,0.043754,0.445878,-0.030236,-0.106824,-0.042881,0.243748,-0.962983,208.229027,0.000343
29377,0.043813,0.445878,-0.030195,-0.106622,-0.043364,0.244362,-0.962828,208.456306,0.000343
29381,0.043852,0.445858,-0.030179,-0.106790,-0.043174,0.244538,-0.962774,208.707962,0.000343
29384,0.043879,0.445827,-0.030186,-0.107133,-0.042846,0.244511,-0.962757,208.925629,0.000343
29387,0.043923,0.445817,-0.030167,-0.107270,-0.042877,0.244768,-0.962675,209.153938,0.000343
29391,0.043969,0.445798,-0.030144,-0.107361,-0.042882,0.245057,-0.962591,209.387398,0.000000
29395,0.044015,0.445782,-0.030127,-0.107491,-0.042894,0.245320,-0.962509,209.630814,0.000000
29398,0.044053,0.445761,-0.030111,-0.107582,-0.042881,0.245508,-0.962452,209.857750,0.000343
29402,0.044098,0.445749,-0.030092,-0.107769,-0.042886,0.245860,-0.962340,210.064087,0.000343
29406,0.044142,0.445728,-0.030082,-0.107925,-0.042902,0.246097,-0.962262,210.315742,0.000343
29409,0.044181,0.445722,-0.030068,-0.107974,-0.042981,0.246402,-0.962175,210.531006,0.000000
29412,0.044212,0.445701,-0.030062,-0.108056,-0.042899,0.246531,-0.962136,210.771675,0.000343
29416,0.044260,0.445688,-0.030051,-0.108264,-0.042802,0.246866,-0.962031,211.019554,0.000000
29420,0.044315,0.445657,-0.030027,-0.108263,-0.043040,0.247200,-0.961935,211.305199,0.000000
29423,0.044362,0.445648,-0.030012,-0.108468,-0.042983,0.247498,-0.961838,211.528702,0.000343
29427,0.044408,0.445634,-0.029970,-0.108355,-0.043228,0.247972,-0.961717,211.702080,0.000343
29430,0.044434,0.445619,-0.029952,-0.108345,-0.043292,0.248124,-0.961676,211.832542,0.000000
29434,0.044463,0.445610,-0.029936,-0.108328,-0.043354,0.248333,-0.961622,211.885757,0.000000
29437,0.044479,0.445604,-0.029929,-0.108520,-0.043223,0.248458,-0.961574,211.918716,0.000343
29441,0.044490,0.445600,-0.029922,-0.108491,-0.043315,0.248529,-0.961554,211.803703,0.000343
29444,0.044495,0.445602,-0.029917,-0.108443,-0.043373,0.248618,-0.961534,211.207695,0.000343
29448,0.044480,0.445602,-0.029925,-0.108557,-0.043196,0.248585,-0.961538,209.841957,0.000343
29451,0.044425,0.445621,-0.029940,-0.108518,-0.043123,0.248354,-0.961605,207.858582,0.000000
29455,0.044283,0.445647,-0.029991,-0.108528,-0.042758,0.247482,-0.961845,205.415840,0.000000
29459,0.044174,0.445673,-0.030007,-0.108574,-0.042442,0.247104,-0.961951,203.576317,0.000000
29462,0.044143,0.445687,-0.030004,-0.108543,-0.042432,0.247050,-0.961969,201.937981,0.000343
29466,0.043989,0.445732,-0.030056,-0.108178,-0.042453,0.246146,-0.962241,200.743217,0.000343
29469,0.043962,0.445754,-0.030078,-0.108035,-0.042467,0.246142,-0.962257,200.120430,0.000000
29473,0.043908,0.445761,-0.030075,-0.108150,-0.042248,0.245826,-0.962335,199.533348,0.000343
29477,0.043863,0.445797,-0.030093,-0.107388,-0.042728,0.245781,-0.962411,198.671265,0.000687
29480,0.043833,0.445799,-0.030112,-0.107872,-0.042307,0.245364,-0.962481,197.692451,0.000000
29483,0.043777,0.445824,-0.030137,-0.107649,-0.042300,0.245101,-0.962574,196.432457,0.000343
29487,0.043633,0.445887,-0.030167,-0.106884,-0.042690,0.244533,-0.962786,195.131607,0.000000
29491,0.043488,0.445937,-0.030237,-0.106948,-0.042209,0.243561,-0.963047,194.338875,0.000000
29494,0.043420,0.445964,-0.030266,-0.106762,-0.042258,0.243190,-0.963159,193.861313,0.000000
29498,0.043367,0.445981,-0.030284,-0.106478,-0.042405,0.242788,-0.963285,193.728104,0.000343
29501,0.043368,0.445994,-0.030297,-0.106490,-0.042394,0.242834,-0.963273,193.713341,0.000000
29504,0.043361,0.445991,-0.030306,-0.106502,-0.042304,0.242704,-0.963308,193.589401,0.000000
29508,0.043374,0.445998,-0.030316,-0.106468,-0.042325,0.242814,-0.963283,193.196297,0.000000
29512,0.043344,0.446009,-0.030324,-0.106345,-0.042369,0.242565,-0.963358,192.531624,0.000343
29516,0.043253,0.446038,-0.030356,-0.106053,-0.042310,0.241923,-0.963554,191.608772,0.000000
29519,0.043148,0.446087,-0.030390,-0.105806,-0.042232,0.241333,-0.963732,190.887108,0.000343
29522,0.043043,0.446127,-0.030426,-0.105628,-0.042104,0.240673,-0.963923,190.285606,0.000000
29526,0.042946,0.446162,-0.030462,-0.105388,-0.041976,0.240097,-0.964098,189.960480,0.000343
29529,0.042900,0.446175,-0.030484,-0.105185,-0.042011,0.239801,-0.964192,189.847183,0.000343
29533,0.042898,0.446193,-0.030500,-0.105027,-0.042167,0.239766,-0.964211,189.813881,0.000343
29537,0.042881,0.446193,-0.030520,-0.104960,-0.041989,0.239595,-0.964269,189.741440,0.000343
29540,0.042885,0.446203,-0.030528,-0.105037,-0.041988,0.239627,-0.964253,189.499054,0.000000
29544,0.042874,0.446206,-0.030534,-0.104920,-0.042114,0.239536,-0.964283,189.082260,0.000000
29547,0.042830,0.446217,-0.030546,-0.104691,-0.042047,0.239295,-0.964370,188.533630,0.000343
29551,0.042737,0.446254,-0.030574,-0.104451,-0.042063,0.238661,-0.964553,187.895050,0.000000
29555,0.042644,0.446297,-0.030601,-0.104220,-0.042090,0.238182,-0.964695,187.443237,0.000343
29558,0.042578,0.446310,-0.030618,-0.103994,-0.042078,0.237729,-0.964831,187.105751,0.000343
29561,0.042543,0.446330,-0.030629,-0.103983,-0.042055,0.237571,-0.964872,186.892891,0.000000
29565,0.042510,0.446343,-0.030648,-0.103690,-0.042210,0.237288,-0.964967,186.751442,0.000000
29569,0.042492,0.446359,-0.030665,-0.103777,-0.042121,0.237295,-0.964960,186.625443,0.000000
29572,0.042477,0.446366,-0.030680,-0.103665,-0.042171,0.237134,-0.965009,186.424942,0.000000
29576,0.042448,0.446372,-0.030701,-0.103534,-0.042241,0.236980,-0.965058,186.112518,0.000343
29579,0.042415,0.446388,-0.030719,-0.103401,-0.042299,0.236757,-0.965124,185.683365,0.000000
29583,0.042350,0.446427,-0.030752,-0.103310,-0.042314,0.236383,-0.965225,185.118599,0.000000
29586,0.042278,0.446448,-0.030784,-0.103015,-0.042359,0.235747,-0.965410,184.643440,0.000000
29590,0.042197,0.446493,-0.030814,-0.102809,-0.042401,0.235316,-0.965536,184.131889,0.000343
29594,0.042121,0.446529,-0.030843,-0.102597,-0.042423,0.234787,-0.965686,183.800926,0.000000
29597,0.042070,0.446549,-0.030856,-0.102431,-0.042487,0.234440,-0.965785,183.520088,0.000000
29601,0.042012,0.446565,-0.030879,-0.102316,-0.042430,0.234003,-0.965906,183.288002,0.000000
29604,0.041978,0.446572,-0.030888,-0.102254,-0.042395,0.233738,-0.965978,183.030167,0.000000
29608,0.041948,0.446589,-0.030904,-0.102090,-0.042508,0.233484,-0.966052,182.750015,0.000000
29611,0.041912,0.446599,-0.030926,-0.101917,-0.042548,0.233211,-0.966134,182.357254,0.000000
29615,0.041841,0.446628,-0.030960,-0.101711,-0.042520,0.232747,-0.966269,181.874886,0.000000
29618,0.041774,0.446658,-0.030992,-0.101428,-0.042592,0.232253,-0.966414,181.365738,0.000000
29620,0.041725,0.446685,-0.031014,-0.101362,-0.042560,0.231999,-0.966484,180.804405,0.000000
29620,0.041725,0.446685,-0.031014,-0.101362,-0.042560,0.231999,-0.966484,180.394478,0.000000
29620,0.041725,0.446685,-0.031014,-0.101362,-0.042560,0.231999,-0.966484,180.027809,0.000000
29620,0.041725,0.446685,-0.031014,-0.101362,-0.042560,0.231999,-0.966484,179.745598,0.000000
29620,0.041725,0.446685,-0.031014,-0.101362,-0.042560,0.231999,-0.966484,179.502525,0.000000
29620,0.041725,0.446685,-0.031014,-0.101362,-0.042560,0.231999,-0.966484,179.273872,0.000000
29620,0.041725,0.446685,-0.031014,-0.101362,-0.042560,0.231999,-0.966484,179.087105,0.000000
29620,0.041725,0.446685,-0.031014,-0.101362,-0.042560,0.231999,-0.966484,178.812447,0.000343
29620,0.041725,0.446685,-0.031014,-0.101362,-0.042560,0.231999,-0.966484,178.473930,0.000343
29620,0.041725,0.446685,-0.031014,-0.101362,-0.042560,0.231999,-0.966484,178.048210,0.000000
29620,0.041725,0.446685,-0.031014,-0.101362,-0.042560,0.231999,-0.966484,177.679482,0.000000
29620,0.041725,0.446685,-0.031014,-0.101362,-0.042560,0.231999,-0.966484,177.302513,0.000000
29620,0.041725,0.446685,-0.031014,-0.101362,-0.042560,0.231999,-0.966484,176.938248,0.000000
29620,0.041725,0.446685,-0.031014,-0.101362,-0.042560,0.231999,-0.966484,176.725044,0.000000
29620,0.041725,0.446685,-0.031014,-0.101362,-0.042560,0.231999,-0.966484,176.578445,0.000000
29620,0.041725,0.446685,-0.031014,-0.101362,-0.042560,0.231999,-0.966484,176.474075,0.000000
29620,0.041725,0.446685,-0.031014,-0.101362,-0.042560,0.231999,-0.966484,176.363525,0.000000
29620,0.041725,0.446685,-0.031014,-0.101362,-0.042560,0.231999,-0.966484,176.184998,0.000343
29620,0.041725,0.446685,-0.031014,-0.101362,-0.042560,0.231999,-0.966484,175.963898,0.000000
29620,0.041725,0.446685,-0.031014,-0.101362,-0.042560,0.231999,-0.966484,175.643578,0.000000
29620,0.041725,0.446685,-0.031014,-0.101362,-0.042560,0.231999,-0.966484,175.259056,0.000000
29620,0.041725,0.446685,-0.031014,-0.101362,-0.042560,0.231999,-0.966484,174.963799,0.000000
29620,0.041725,0.446685,-0.031014,-0.101362,-0.042560,0.231999,-0.966484,174.683990,0.000000
29620,0.041725,0.446685,-0.031014,-0.101362,-0.042560,0.231999,-0.966484,174.458771,0.000000
29620,0.041725,0.446685,-0.031014,-0.101362,-0.042560,0.231999,-0.966484,174.272346,0.000000
29620,0.041725,0.446685,-0.031014,-0.101362,-0.042560,0.231999,-0.966484,174.144287,0.000000
29620,0.041725,0.446685,-0.031014,-0.101362,-0.042560,0.231999,-0.966484,173.975372,0.000000
29620,0.041725,0.446685,-0.031014,-0.101362,-0.042560,0.231999,-0.966484,173.752213,0.000000
29620,0.041725,0.446685,-0.031014,-0.101362,-0.042560,0.231999,-0.966484,173.519783,0.000000
29620,0.041725,0.446685,-0.031014,-0.101362,-0.042560,0.231999,-0.966484,173.230019,0.000000
29729,0.040380,0.447182,-0.031554,-0.097303,-0.043116,0.223145,-0.968958,172.900772,0.000000
29732,0.040337,0.447200,-0.031569,-0.097221,-0.043121,0.222906,-0.969021,172.652550,0.000000
29735,0.040287,0.447211,-0.031584,-0.097050,-0.043104,0.222541,-0.969123,172.401581,0.000000
29739,0.040241,0.447228,-0.031601,-0.096931,-0.043115,0.222259,-0.969199,172.173958,0.000000
29743,0.040206,0.447253,-0.031616,-0.096830,-0.043178,0.221979,-0.969270,171.965904,0.000000
29746,0.040176,0.447260,-0.031627,-0.096785,-0.043104,0.221813,-0.969316,171.786690,-0.000343
29750,0.040146,0.447272,-0.031642,-0.096636,-0.043191,0.221560,-0.969385,171.597862,0.000000
29753,0.040122,0.447282,-0.031651,-0.096507,-0.043230,0.221456,-0.969420,171.351700,0.000000
29757,0.040062,0.447293,-0.031673,-0.096348,-0.043071,0.221029,-0.969540,171.122704,0.000000
29760,0.040026,0.447312,-0.031688,-0.096343,-0.043067,0.220840,-0.969584,170.817490,0.000000
29764,0.039966,0.447328,-0.031709,-0.096018,-0.043160,0.220337,-0.969727,170.584030,0.000000
29767,0.039925,0.447343,-0.031729,-0.096057,-0.043126,0.220089,-0.969781,170.325508,0.000000
29771,0.039872,0.447361,-0.031753,-0.095988,-0.043092,0.219762,-0.969863,170.070419,0.000000
29774,0.039833,0.447365,-0.031764,-0.095802,-0.043097,0.219456,-0.969950,169.851036,0.000000
29778,0.039792,0.447386,-0.031788,-0.095727,-0.043076,0.219176,-0.970022,169.618607,0.000000
29782,0.039745,0.447399,-0.031804,-0.095501,-0.043060,0.218821,-0.970125,169.400253,0.000000
29785,0.039718,0.447415,-0.031817,-0.095495,-0.043127,0.218687,-0.970153,169.209023,0.000000
29788,0.039685,0.447422,-0.031832,-0.095345,-0.043127,0.218494,-0.970211,168.974876,0.000000
29792,0.039638,0.447444,-0.031846,-0.095384,-0.042958,0.218182,-0.970285,168.711891,0.000000
29796,0.039595,0.447464,-0.031858,-0.095145,-0.043127,0.217895,-0.970366,168.483925,0.000000
29799,0.039560,0.447476,-0.031864,-0.095038,-0.043104,0.217679,-0.970426,168.202744,0.000000
29803,0.039506,0.447489,-0.031881,-0.094928,-0.043023,0.217320,-0.970520,167.977524,0.000000
29806,0.039475,0.447505,-0.031894,-0.094860,-0.043035,0.217121,-0.970571,167.713509,0.000000
29810,0.039430,0.447520,-0.031908,-0.094656,-0.043136,0.216787,-0.970661,167.521591,0.000000
29813,0.039396,0.447532,-0.031922,-0.094583,-0.043091,0.216597,-0.970713,167.296715,0.000000
29817,0.039356,0.447546,-0.031944,-0.094468,-0.043120,0.216280,-0.970793,167.072182,0.000000
29821,0.039309,0.447560,-0.031964,-0.094352,-0.043123,0.216078,-0.970849,166.823273,-0.000343
29824,0.039266,0.447571,-0.031985,-0.094141,-0.043142,0.215802,-0.970930,166.606293,-0.000343
29828,0.039222,0.447590,-0.032008,-0.094085,-0.043259,0.215614,-0.970972,166.361504,-0.000343
29832,0.039162,0.447605,-0.032036,-0.093935,-0.043260,0.215292,-0.971058,166.101608,0.000000
29835,0.039120,0.447613,-0.032053,-0.093797,-0.043241,0.215029,-0.971131,165.882568,0.000000
29838,0.039083,0.447623,-0.032069,-0.093645,-0.043347,0.214749,-0.971203,165.642242,0.000000
29842,0.039051,0.447647,-0.032087,-0.093588,-0.043400,0.214527,-0.971255,165.382347,-0.000343
29845,0.039013,0.447654,-0.032096,-0.093447,-0.043393,0.214205,-0.971340,165.138931,0.000000
29849,0.038974,0.447668,-0.032105,-0.093453,-0.043322,0.214008,-0.971386,164.949417,0.000000
29853,0.038937,0.447683,-0.032113,-0.093271,-0.043373,0.213704,-0.971468,164.723854,-0.000343
29856,0.038905,0.447693,-0.032114,-0.093234,-0.043366,0.213553,-0.971505,164.452286,0.000000
29860,0.038862,0.447701,-0.032126,-0.093053,-0.043418,0.213185,-0.971601,164.242859,0.000000
29863,0.038834,0.447716,-0.032133,-0.093015,-0.043438,0.213029,-0.971638,164.001846,-0.000343
29867,0.038782,0.447726,-0.032153,-0.092887,-0.043348,0.212681,-0.971730,163.743324,-0.000343
29870,0.038746,0.447736,-0.032176,-0.092837,-0.043297,0.212396,-0.971800,163.518791,-0.000343
29874,0.038707,0.447760,-0.032200,-0.092611,-0.043421,0.212150,-0.971869,163.286362,0.000000
29877,0.038669,0.447771,-0.032222,-0.092507,-0.043388,0.211931,-0.971929,163.063545,0.000000
29881,0.038614,0.447786,-0.032259,-0.092449,-0.043216,0.211511,-0.972033,162.832832,-0.000343
29885,0.038569,0.447802,-0.032281,-0.092154,-0.043366,0.211190,-0.972125,162.571220,0.000000
29888,0.038530,0.447811,-0.032298,-0.092098,-0.043292,0.210956,-0.972184,162.352867,-0.000343
29892,0.038488,0.447830,-0.032317,-0.091997,-0.043267,0.210555,-0.972282,162.117691,-0.000343
29895,0.038457,0.447840,-0.032319,-0.091847,-0.043286,0.210414,-0.972325,161.858482,-0.000343
29899,0.038411,0.447863,-0.032330,-0.091820,-0.043239,0.210076,-0.972403,161.643906,0.000000
29902,0.038372,0.447867,-0.032331,-0.091699,-0.043223,0.209848,-0.972464,161.405296,0.000000
29906,0.038331,0.447886,-0.032337,-0.091579,-0.043339,0.209530,-0.972539,161.158791,0.000000
29909,0.038293,0.447901,-0.032348,-0.091490,-0.043322,0.209334,-0.972591,160.944901,0.000000
29913,0.038232,0.447916,-0.032363,-0.091347,-0.043267,0.209000,-0.972678,160.677109,-0.000343
29917,0.038172,0.447934,-0.032388,-0.091054,-0.043420,0.208605,-0.972783,160.472488,0.000000
29920,0.038121,0.447948,-0.032411,-0.090775,-0.043430,0.208257,-0.972884,160.237999,-0.000343
29924,0.038057,0.447964,-0.032445,-0.090717,-0.043372,0.207907,-0.972967,159.985657,0.000000
29927,0.038013,0.447977,-0.032475,-0.090519,-0.043404,0.207595,-0.973050,159.764900,-0.000343
29930,0.037977,0.447991,-0.032495,-0.090429,-0.043455,0.207426,-0.973093,159.518738,-0.000343
29934,0.037925,0.448006,-0.032524,-0.090338,-0.043440,0.207039,-0.973184,159.295921,-0.000343
29938,0.037881,0.448022,-0.032543,-0.090222,-0.043441,0.206754,-0.973255,159.074135,-0.000343
29942,0.037839,0.448033,-0.032555,-0.090158,-0.043449,0.206527,-0.973309,158.803253,-0.000343
29945,0.037809,0.448052,-0.032562,-0.090165,-0.043394,0.206305,-0.973358,158.581810,-0.000343
29948,0.037775,0.448061,-0.032570,-0.090073,-0.043379,0.206019,-0.973428,158.346634,-0.000343
29952,0.037735,0.448076,-0.032572,-0.089878,-0.043525,0.205753,-0.973495,158.111801,-0.000343
29956,0.037678,0.448090,-0.032587,-0.089877,-0.043412,0.205451,-0.973564,157.873878,-0.000343
29959,0.037635,0.448092,-0.032600,-0.089725,-0.043418,0.205092,-0.973654,157.641792,-0.000343
29963,0.037585,0.448108,-0.032623,-0.089581,-0.043473,0.204791,-0.973728,157.428589,-0.000343
29966,0.037547,0.448119,-0.032645,-0.089450,-0.043438,0.204514,-0.973800,157.174873,-0.000343
29970,0.037504,0.448134,-0.032674,-0.089370,-0.043397,0.204248,-0.973865,156.945190,-0.000343
29973,0.037471,0.448154,-0.032697,-0.089214,-0.043452,0.204004,-0.973928,156.695595,-0.000343
29977,0.037417,0.448168,-0.032726,-0.089168,-0.043326,0.203677,-0.974006,156.427803,-0.000343
29981,0.037370,0.448186,-0.032744,-0.088936,-0.043450,0.203331,-0.974094,156.235542,-0.000343
29984,0.037330,0.448195,-0.032758,-0.088817,-0.043437,0.203110,-0.974151,156.002426,0.000000
29988,0.037276,0.448207,-0.032769,-0.088743,-0.043352,0.202761,-0.974235,155.761070,-0.000343
29991,0.037238,0.448215,-0.032775,-0.088635,-0.043362,0.202532,-0.974292,155.513191,-0.000343
29995,0.037198,0.448239,-0.032783,-0.088404,-0.043516,0.202248,-0.974365,155.305824,-0.000343
29998,0.037162,0.448248,-0.032793,-0.088354,-0.043490,0.202090,-0.974403,155.065498,-0.000343
30002,0.037113,0.448264,-0.032811,-0.088213,-0.043479,0.201677,-0.974502,154.831009,0.000000
30005,0.037075,0.448272,-0.032825,-0.088031,-0.043547,0.201498,-0.974552,154.583473,-0.000343
30009,0.037025,0.448294,-0.032846,-0.087973,-0.043577,0.201196,-0.974619,154.349327,-0.000343
30012,0.036985,0.448304,-0.032867,-0.087836,-0.043538,0.200940,-0.974686,154.116554,0.000000
30016,0.036942,0.448321,-0.032889,-0.087719,-0.043615,0.200659,-0.974751,153.877602,-0.000343
30019,0.036908,0.448326,-0.032909,-0.087584,-0.043619,0.200432,-0.974810,153.656845,-0.000343
30023,0.036859,0.448350,-0.032914,-0.087178,-0.043827,0.200308,-0.974862,153.409653,-0.000343
30027,0.036827,0.448355,-0.032948,-0.087345,-0.043631,0.199925,-0.974935,153.190269,-0.000343
30030,0.036789,0.448366,-0.032960,-0.087213,-0.043624,0.199685,-0.974996,152.947884,-0.000343
30034,0.036738,0.448371,-0.032971,-0.087110,-0.043531,0.199354,-0.975077,152.675972,-0.000343
30037,0.036705,0.448377,-0.032980,-0.087015,-0.043570,0.199056,-0.975144,152.465515,-0.000343
30041,0.036663,0.448394,-0.032989,-0.086825,-0.043624,0.198815,-0.975208,152.204590,-0.000343
30044,0.036634,0.448404,-0.032999,-0.086911,-0.043579,0.198637,-0.975239,151.985207,-0.000343
30048,0.036591,0.448415,-0.033015,-0.086774,-0.043588,0.198315,-0.975316,151.760674,0.000000
30052,0.036547,0.448429,-0.033031,-0.086638,-0.043550,0.198073,-0.975379,151.507301,-0.000343
30055,0.036510,0.448440,-0.033046,-0.086399,-0.043537,0.197746,-0.975467,151.306114,0.000000
30058,0.036472,0.448450,-0.033065,-0.086411,-0.043506,0.197508,-0.975516,151.067848,-0.000343
30062,0.036418,0.448468,-0.033086,-0.086232,-0.043619,0.197161,-0.975597,150.827179,-0.000343
30066,0.036356,0.448479,-0.033109,-0.086106,-0.043537,0.196836,-0.975677,150.601273,-0.000343
30069,0.036312,0.448499,-0.033125,-0.086031,-0.043490,0.196614,-0.975731,150.361290,-0.000343
30072,0.036273,0.448505,-0.033143,-0.085862,-0.043552,0.196307,-0.975805,150.116158,-0.000343
30076,0.036225,0.448526,-0.033165,-0.085669,-0.043608,0.196024,-0.975876,149.860039,-0.000343
30080,0.036183,0.448540,-0.033189,-0.085654,-0.043598,0.195780,-0.975927,149.651299,-0.000343
30083,0.036149,0.448551,-0.033206,-0.085494,-0.043654,0.195490,-0.975996,149.411316,0.000000
30087,0.036104,0.448564,-0.033228,-0.085407,-0.043662,0.195314,-0.976039,149.158974,-0.000343
30090,0.036067,0.448568,-0.033240,-0.085215,-0.043660,0.194990,-0.976121,148.946800,0.000000
30094,0.036029,0.448585,-0.033253,-0.085010,-0.043794,0.194775,-0.976175,148.717461,0.000000
30098,0.035983,0.448598,-0.033270,-0.085016,-0.043724,0.194498,-0.976233,148.456535,-0.000343
30101,0.035954,0.448607,-0.033274,-0.084932,-0.043750,0.194334,-0.976272,148.235435,0.000000
30105,0.035910,0.448618,-0.033285,-0.084737,-0.043818,0.193933,-0.976366,148.008842,-0.000343
30108,0.035877,0.448626,-0.033290,-0.084602,-0.043823,0.193729,-0.976418,147.756500,-0.000343
30112,0.035828,0.448635,-0.033302,-0.084526,-0.043734,0.193407,-0.976492,147.549477,-0.000343
30115,0.035793,0.448648,-0.033314,-0.084518,-0.043719,0.193200,-0.976534,147.306747,-0.000343
30119,0.035745,0.448662,-0.033333,-0.084326,-0.043775,0.192930,-0.976602,147.037582,-0.000343
30123,0.035690,0.448677,-0.033359,-0.084239,-0.043744,0.192564,-0.976683,146.828499,0.000000
30126,0.035652,0.448691,-0.033380,-0.084163,-0.043756,0.192357,-0.976730,146.591263,-0.000343
30130,0.035592,0.448700,-0.033411,-0.083939,-0.043754,0.191944,-0.976830,146.358833,0.000000
30133,0.035556,0.448717,-0.033432,-0.083959,-0.043679,0.191733,-0.976873,146.133614,-0.000343
30137,0.035509,0.448733,-0.033460,-0.083749,-0.043745,0.191391,-0.976955,145.869942,0.000000
30140,0.035473,0.448736,-0.033473,-0.083555,-0.043730,0.191136,-0.977023,145.663948,-0.000343
30143,0.035439,0.448748,-0.033491,-0.083596,-0.043668,0.190950,-0.977058,145.427055,0.000000
30147,0.035386,0.448763,-0.033504,-0.083410,-0.043621,0.190563,-0.977152,145.183640,-0.000343
30151,0.035333,0.448769,-0.033511,-0.083100,-0.043738,0.190148,-0.977254,144.957733,-0.000343
30154,0.035296,0.448781,-0.033515,-0.083154,-0.043685,0.189979,-0.977285,144.696465,0.000000
30158,0.035244,0.448789,-0.033518,-0.082938,-0.043779,0.189595,-0.977373,144.471588,0.000000
30161,0.035210,0.448799,-0.033525,-0.082873,-0.043767,0.189426,-0.977412,144.241219,-0.000343
30165,0.035158,0.448812,-0.033542,-0.082770,-0.043678,0.189111,-0.977486,144.010849,0.000000
30169,0.035115,0.448823,-0.033564,-0.082632,-0.043731,0.188902,-0.977536,143.756104,0.000000
30172,0.035084,0.448838,-0.033580,-0.082475,-0.043783,0.188691,-0.977587,143.553543,-0.000343
30176,0.035048,0.448848,-0.033609,-0.082519,-0.043743,0.188494,-0.977623,143.315620,-0.000343
30179,0.035008,0.448856,-0.033632,-0.082321,-0.043748,0.188193,-0.977698,143.060188,-0.000343
30183,0.034967,0.448873,-0.033655,-0.082150,-0.043871,0.187929,-0.977757,142.850075,0.000000
30186,0.034936,0.448886,-0.033669,-0.082122,-0.043844,0.187665,-0.977812,142.585030,0.000000
30190,0.034884,0.448899,-0.033684,-0.082078,-0.043784,0.187380,-0.977873,142.373886,0.000000
30193,0.034853,0.448904,-0.033693,-0.081906,-0.043864,0.187092,-0.977938,142.143517,0.000000
30197,0.034816,0.448914,-0.033695,-0.081879,-0.043846,0.186900,-0.977979,141.877441,-0.000343
30201,0.034769,0.448925,-0.033698,-0.081809,-0.043883,0.186678,-0.978025,141.654968,0.000000
30204,0.034731,0.448936,-0.033701,-0.081656,-0.043900,0.186389,-0.978092,141.394043,0.000000
30208,0.034676,0.448942,-0.033711,-0.081523,-0.043878,0.186108,-0.978158,141.199036,-0.000343
30211,0.034637,0.448956,-0.033730,-0.081508,-0.043848,0.185847,-0.978210,140.959053,-0.000343
30215,0.034596,0.448970,-0.033752,-0.081295,-0.043962,0.185566,-0.978276,140.725594,0.000000
30218,0.034555,0.448980,-0.033777,-0.081059,-0.043976,0.185237,-0.978357,140.479088,-0.000343
30222,0.034506,0.448997,-0.033810,-0.080988,-0.043876,0.184975,-0.978417,140.268974,0.000000
30225,0.034477,0.449005,-0.033833,-0.080881,-0.043891,0.184718,-0.978474,140.038261,0.000000
30229,0.034429,0.449018,-0.033861,-0.080700,-0.043900,0.184434,-0.978542,139.768753,0.000000
30232,0.034391,0.449027,-0.033879,-0.080588,-0.043875,0.184153,-0.978605,139.538727,-0.000343
30236,0.034335,0.449036,-0.033893,-0.080424,-0.043867,0.183831,-0.978680,139.309387,0.000000
30240,0.034279,0.449050,-0.033909,-0.080404,-0.043833,0.183513,-0.978742,139.057732,-0.000343
30243,0.034236,0.449058,-0.033911,-0.080314,-0.043780,0.183325,-0.978788,138.838348,0.000000
30247,0.034184,0.449070,-0.033923,-0.080196,-0.043809,0.182912,-0.978873,138.611412,0.000000
30250,0.034148,0.449079,-0.033933,-0.080144,-0.043795,0.182698,-0.978918,138.352547,-0.000343
30254,0.034085,0.449087,-0.033951,-0.079979,-0.043684,0.182264,-0.979017,138.144150,-0.000343
30257,0.034053,0.449101,-0.033967,-0.080031,-0.043669,0.182134,-0.979038,137.918930,0.000000
30261,0.034007,0.449110,-0.033990,-0.079726,-0.043716,0.181727,-0.979136,137.686501,0.000000
30264,0.033975,0.449125,-0.034007,-0.079686,-0.043698,0.181574,-0.979169,137.433128,0.000000
30268,0.033927,0.449135,-0.034033,-0.079464,-0.043710,0.181210,-0.979254,137.224388,-0.000343
30271,0.033894,0.449143,-0.034052,-0.079399,-0.043715,0.181049,-0.979289,136.979599,0.000000
30275,0.033840,0.449156,-0.034072,-0.079208,-0.043726,0.180685,-0.979371,136.733780,0.000000
30279,0.033786,0.449166,-0.034087,-0.079092,-0.043740,0.180314,-0.979448,136.501350,-0.000343
30282,0.033751,0.449181,-0.034097,-0.079075,-0.043734,0.180141,-0.979481,136.241455,0.000000
30286,0.033687,0.449194,-0.034117,-0.078925,-0.043697,0.179762,-0.979565,136.011429,-0.000343
30289,0.033645,0.449203,-0.034128,-0.078800,-0.043719,0.179520,-0.979618,135.777626,0.000000
30293,0.033601,0.449218,-0.034146,-0.078566,-0.043823,0.179185,-0.979694,135.561676,0.000000
30296,0.033567,0.449229,-0.034161,-0.078524,-0.043807,0.179031,-0.979726,135.341606,0.000000
30300,0.033528,0.449242,-0.034172,-0.078473,-0.043834,0.178726,-0.979784,135.090294,0.000000
30303,0.033494,0.449250,-0.034182,-0.078279,-0.043842,0.178528,-0.979836,134.884300,-0.000343
30307,0.033447,0.449261,-0.034199,-0.078149,-0.043860,0.178147,-0.979915,134.644318,0.000000
30311,0.033398,0.449274,-0.034214,-0.078175,-0.043798,0.177939,-0.979953,134.392319,-0.000343
30314,0.033354,0.449281,-0.034227,-0.077972,-0.043844,0.177601,-0.980029,134.127274,0.000000
30318,0.033304,0.449294,-0.034246,-0.077921,-0.043788,0.177385,-0.980074,133.892097,0.000000
30321,0.033262,0.449300,-0.034263,-0.077852,-0.043741,0.177069,-0.980139,133.669968,-0.000343
30325,0.033220,0.449314,-0.034289,-0.077619,-0.043852,0.176849,-0.980192,133.450928,0.000000
30329,0.033171,0.449325,-0.034315,-0.077511,-0.043738,0.176564,-0.980257,133.195152,0.000000
30332,0.033135,0.449330,-0.034332,-0.077341,-0.043739,0.176313,-0.980316,132.989502,0.000000
30336,0.033102,0.449343,-0.034350,-0.077276,-0.043807,0.176104,-0.980355,132.743340,0.000000
30339,0.033067,0.449347,-0.034361,-0.077170,-0.043809,0.175883,-0.980403,132.542496,-0.000343
30343,0.033021,0.449357,-0.034378,-0.077086,-0.043710,0.175580,-0.980469,132.310753,0.000000
30346,0.032994,0.449364,-0.034380,-0.077064,-0.043740,0.175387,-0.980504,132.032318,0.000000
30350,0.032947,0.449376,-0.034389,-0.076918,-0.043726,0.175096,-0.980568,131.807442,0.000000
30353,0.032907,0.449386,-0.034398,-0.076767,-0.043737,0.174877,-0.980618,131.537933,0.000000
30357,0.032863,0.449399,-0.034408,-0.076694,-0.043776,0.174578,-0.980676,131.321640,0.000000
30360,0.032816,0.449409,-0.034417,-0.076572,-0.043811,0.174325,-0.980729,131.092987,0.000000
30364,0.032753,0.449419,-0.034442,-0.076433,-0.043688,0.173975,-0.980807,130.852661,0.000000
30367,0.032715,0.449430,-0.034458,-0.076389,-0.043709,0.173732,-0.980852,130.652504,0.000000
30371,0.032663,0.449442,-0.034489,-0.076081,-0.043792,0.173393,-0.980933,130.417328,0.000000
30375,0.032612,0.449455,-0.034523,-0.075985,-0.043661,0.172990,-0.981017,130.154686,-0.000343
30378,0.032577,0.449465,-0.034546,-0.075942,-0.043677,0.172848,-0.981045,129.946289,-0.000343
30382,0.032523,0.449476,-0.034573,-0.075577,-0.043795,0.172440,-0.981139,129.713516,0.000000
30385,0.032489,0.449489,-0.034588,-0.075660,-0.043669,0.172268,-0.981169,129.458771,-0.000343
30389,0.032442,0.449496,-0.034600,-0.075433,-0.043727,0.171901,-0.981248,129.218788,0.000000
30392,0.032408,0.449504,-0.034606,-0.075461,-0.043730,0.171724,-0.981277,128.978462,0.000000
30396,0.032357,0.449511,-0.034610,-0.075363,-0.043646,0.171375,-0.981349,128.730240,0.000000
30399,0.032312,0.449514,-0.034614,-0.075228,-0.043676,0.171210,-0.981387,128.529053,0.000000
30403,0.032277,0.449530,-0.034619,-0.075112,-0.043733,0.170897,-0.981448,128.295250,0.000000
30407,0.032229,0.449537,-0.034636,-0.075052,-0.043642,0.170632,-0.981503,128.055611,0.000000
30410,0.032197,0.449542,-0.034649,-0.074939,-0.043645,0.170419,-0.981548,127.849960,0.000000
30414,0.032154,0.449553,-0.034670,-0.074629,-0.043751,0.170138,-0.981616,127.587318,0.000000
30417,0.032119,0.449566,-0.034693,-0.074652,-0.043672,0.169979,-0.981645,127.376862,0.000000
30421,0.032065,0.449574,-0.034723,-0.074546,-0.043626,0.169605,-0.981720,127.102890,0.000000
30424,0.032026,0.449585,-0.034744,-0.074339,-0.043651,0.169337,-0.981781,126.876984,0.000000
30428,0.031975,0.449595,-0.034772,-0.074158,-0.043641,0.169002,-0.981853,126.642151,0.000000
30431,0.031943,0.449606,-0.034788,-0.074206,-0.043540,0.168801,-0.981888,126.409721,0.000000
30435,0.031893,0.449617,-0.034806,-0.074033,-0.043603,0.168493,-0.981951,126.167336,0.000000
30439,0.031844,0.449627,-0.034824,-0.073989,-0.043513,0.168238,-0.982002,125.964088,0.000000
30442,0.031801,0.449632,-0.034834,-0.073781,-0.043526,0.167904,-0.982074,125.729599,0.000000
30446,0.031752,0.449645,-0.034848,-0.073626,-0.043645,0.167629,-0.982128,125.503006,0.000000
30449,0.031716,0.449657,-0.034861,-0.073614,-0.043574,0.167363,-0.982177,125.274353,-0.000343
30453,0.031663,0.449667,-0.034879,-0.073597,-0.043511,0.167091,-0.982228,125.027161,0.000000
30456,0.031624,0.449677,-0.034892,-0.073343,-0.043628,0.166770,-0.982296,124.777565,0.000000
30460,0.031577,0.449687,-0.034914,-0.073267,-0.043575,0.166515,-0.982347,124.529686,0.000000
30463,0.031539,0.449696,-0.034929,-0.073125,-0.043600,0.166220,-0.982407,124.277687,0.000000
30467,0.031489,0.449707,-0.034947,-0.073006,-0.043578,0.165928,-0.982466,124.070663,0.000000
30470,0.031458,0.449719,-0.034960,-0.072972,-0.043552,0.165688,-0.982510,123.843727,0.000000
30474,0.031410,0.449726,-0.034976,-0.072916,-0.043490,0.165439,-0.982559,123.597221,0.000000
30478,0.031370,0.449739,-0.034994,-0.072776,-0.043580,0.165190,-0.982607,123.385048,0.000000
30481,0.031333,0.449741,-0.035007,-0.072582,-0.043588,0.164917,-0.982667,123.153648,-0.000343
30485,0.031284,0.449748,-0.035028,-0.072526,-0.043497,0.164658,-0.982719,122.919502,0.000000
30488,0.031254,0.449758,-0.035042,-0.072511,-0.043489,0.164477,-0.982750,122.677803,0.000000
30492,0.031211,0.449768,-0.035059,-0.072298,-0.043573,0.164223,-0.982805,122.454300,0.000000
30495,0.031172,0.449770,-0.035077,-0.072148,-0.043553,0.163985,-0.982856,122.189941,0.000000
30499,0.031130,0.449780,-0.035094,-0.072016,-0.043536,0.163738,-0.982908,121.967812,0.000000
30503,0.031089,0.449792,-0.035120,-0.071766,-0.043572,0.163398,-0.982981,121.712723,0.000000
30506,0.031064,0.449806,-0.035131,-0.071806,-0.043536,0.163322,-0.982993,121.502266,0.000000
30509,0.031027,0.449805,-0.035145,-0.071695,-0.043481,0.163033,-0.983051,121.269493,0.000000
30513,0.030987,0.449815,-0.035154,-0.071568,-0.043549,0.162775,-0.983100,121.040840,0.000000
30516,0.030947,0.449819,-0.035159,-0.071401,-0.043590,0.162502,-0.983156,120.808754,0.000000
30520,0.030894,0.449834,-0.035168,-0.071442,-0.043488,0.162205,-0.983206,120.554008,0.000000
30523,0.030855,0.449839,-0.035177,-0.071360,-0.043459,0.161975,-0.983251,120.322952,0.000000
30527,0.030813,0.449849,-0.035186,-0.071210,-0.043492,0.161664,-0.983312,120.110092,0.000000
30531,0.030762,0.449859,-0.035210,-0.071046,-0.043470,0.161260,-0.983391,119.883499,0.000000
30534,0.030729,0.449864,-0.035226,-0.070938,-0.043494,0.161032,-0.983435,119.648666,0.000000
30538,0.030690,0.449880,-0.035260,-0.070773,-0.043488,0.160723,-0.983498,119.396324,0.000000
30542,0.030621,0.449885,-0.035295,-0.070583,-0.043492,0.160306,-0.983579,119.126816,0.000343
30545,0.030571,0.449902,-0.035313,-0.070532,-0.043491,0.160117,-0.983614,118.910866,0.000000
30548,0.030506,0.449901,-0.035337,-0.070307,-0.043554,0.159812,-0.983677,118.688049,0.000000
30552,0.030405,0.449925,-0.035371,-0.070172,-0.043168,0.159515,-0.983752,118.445320,0.000000
30556,0.030368,0.449932,-0.035392,-0.069874,-0.043596,0.159099,-0.983822,118.240700,0.000343
30559,0.030340,0.449944,-0.035406,-0.069843,-0.043546,0.158904,-0.983857,118.017197,0.000000
30563,0.030292,0.449953,-0.035422,-0.069751,-0.043464,0.158563,-0.983922,117.783051,0.000000
30566,0.030239,0.449963,-0.035432,-0.069636,-0.043147,0.158451,-0.983963,117.537575,0.000343
30569,0.030206,0.449975,-0.035434,-0.069632,-0.043141,0.158283,-0.983990,117.293129,0.000000
30574,0.030165,0.449978,-0.035435,-0.069467,-0.043509,0.157738,-0.984073,117.022247,0.000000
30577,0.030141,0.449985,-0.035444,-0.069366,-0.043546,0.157491,-0.984118,116.817284,0.000000
30580,0.030119,0.449993,-0.035456,-0.069272,-0.043548,0.157309,-0.984154,116.593781,0.000343
30584,0.030080,0.449998,-0.035479,-0.069096,-0.043499,0.156981,-0.984221,116.336632,0.000343
30587,0.030042,0.450008,-0.035497,-0.069159,-0.043434,0.156812,-0.984246,116.135445,0.000000
30591,0.029978,0.450016,-0.035523,-0.068800,-0.043561,0.156335,-0.984342,115.878983,0.000000
30595,0.029903,0.450025,-0.035555,-0.068782,-0.043467,0.156024,-0.984396,115.666466,0.000343
30598,0.029848,0.450040,-0.035582,-0.068630,-0.043387,0.155786,-0.984448,115.409317,0.000000
30602,0.029800,0.450045,-0.035613,-0.068492,-0.043530,0.155406,-0.984512,115.195770,0.000343
30605,0.029755,0.450052,-0.035634,-0.068241,-0.043510,0.155046,-0.984587,114.964371,0.000343
30609,0.029696,0.450066,-0.035649,-0.068158,-0.043354,0.154882,-0.984625,114.730911,0.000343
30612,0.029674,0.450066,-0.035656,-0.068059,-0.043515,0.154507,-0.984684,114.496078,0.000000
30616,0.029630,0.450075,-0.035665,-0.067975,-0.043426,0.154285,-0.984728,114.258842,0.000343
30620,0.029588,0.450087,-0.035668,-0.067795,-0.043337,0.154113,-0.984772,114.003410,0.000000
30623,0.029574,0.450093,-0.035678,-0.067826,-0.043477,0.153844,-0.984805,113.782310,0.000343
30627,0.029521,0.450102,-0.035693,-0.067759,-0.043341,0.153473,-0.984874,113.511429,0.000343
30630,0.029479,0.450106,-0.035709,-0.067686,-0.043330,0.153234,-0.984917,113.307838,0.000343
30634,0.029433,0.450119,-0.035729,-0.067498,-0.043421,0.152922,-0.984974,113.097725,0.000343
30637,0.029391,0.450124,-0.035747,-0.067295,-0.043397,0.152604,-0.985038,112.875252,0.000343
30641,0.029336,0.450133,-0.035777,-0.067237,-0.043344,0.152387,-0.985078,112.651749,0.000000
30645,0.029292,0.450147,-0.035805,-0.066946,-0.043483,0.152052,-0.985144,112.394600,0.000343
30648,0.029258,0.450153,-0.035824,-0.066933,-0.043478,0.151931,-0.985163,112.172127,0.000343
30652,0.029215,0.450169,-0.035840,-0.066815,-0.043444,0.151584,-0.985226,111.910515,0.000343
30655,0.029176,0.450167,-0.035845,-0.066669,-0.043528,0.151414,-0.985259,111.656113,0.000343
30659,0.029128,0.450179,-0.035851,-0.066618,-0.043491,0.151051,-0.985319,111.407204,0.000343
30662,0.029098,0.450184,-0.035853,-0.066587,-0.043464,0.150883,-0.985348,111.195030,0.000343
30666,0.029063,0.450192,-0.035859,-0.066436,-0.043574,0.150550,-0.985405,110.982857,0.000343
30669,0.029032,0.450196,-0.035869,-0.066297,-0.043606,0.150407,-0.985435,110.743904,0.000343
30673,0.028978,0.450204,-0.035891,-0.066278,-0.043481,0.150045,-0.985496,110.551987,0.000343
30676,0.028929,0.450217,-0.035914,-0.066096,-0.043288,0.149975,-0.985528,110.319557,0.000343
30680,0.028882,0.450222,-0.035952,-0.065861,-0.043609,0.149515,-0.985599,110.056915,0.000000
30683,0.028834,0.450230,-0.035984,-0.065697,-0.043610,0.149286,-0.985645,109.836159,0.000343
30687,0.028775,0.450243,-0.036031,-0.065539,-0.043624,0.148898,-0.985713,109.578323,0.000343
30691,0.028710,0.450256,-0.036074,-0.065410,-0.043529,0.148449,-0.985794,109.307098,0.000000
30694,0.028667,0.450266,-0.036097,-0.065226,-0.043532,0.148217,-0.985841,109.094238,0.000343
30698,0.028632,0.450282,-0.036101,-0.065045,-0.043596,0.148030,-0.985878,108.863182,0.000343
30701,0.028606,0.450277,-0.036104,-0.064951,-0.043611,0.147721,-0.985930,108.650665,0.000343
30705,0.028581,0.450279,-0.036092,-0.064951,-0.043499,0.147423,-0.985980,108.413086,0.000343
30708,0.028563,0.450290,-0.036072,-0.064858,-0.043526,0.147412,-0.985986,108.204002,0.000000
30712,0.028532,0.450287,-0.036063,-0.064673,-0.043656,0.147012,-0.986052,107.964020,0.000343
30715,0.028500,0.450293,-0.036063,-0.064672,-0.043593,0.146799,-0.986087,107.723007,0.000343
30719,0.028439,0.450301,-0.036076,-0.064629,-0.043585,0.146456,-0.986141,107.484741,0.000343
30722,0.028376,0.450308,-0.036104,-0.064372,-0.043452,0.146229,-0.986197,107.252312,0.000343
30726,0.028308,0.450318,-0.036155,-0.064225,-0.043426,0.145873,-0.986261,106.995506,0.000000
30729,0.028258,0.450332,-0.036200,-0.064168,-0.043348,0.145669,-0.986298,106.780243,0.000343
30733,0.028196,0.450348,-0.036262,-0.063935,-0.043432,0.145254,-0.986371,106.518288,0.000343
30737,0.028132,0.450360,-0.036310,-0.063802,-0.043434,0.145065,-0.986407,106.309891,0.000343
30740,0.028085,0.450370,-0.036344,-0.063675,-0.043416,0.144680,-0.986473,106.069221,0.000343
30744,0.028041,0.450382,-0.036360,-0.063533,-0.043534,0.144509,-0.986502,105.815163,0.000343
30747,0.028012,0.450391,-0.036361,-0.063399,-0.043547,0.144231,-0.986550,105.624275,0.000343
30751,0.027972,0.450392,-0.036350,-0.063319,-0.043430,0.143880,-0.986612,105.395622,0.000000
30754,0.027951,0.450393,-0.036339,-0.063345,-0.043441,0.143647,-0.986644,105.144653,0.000343
30758,0.027917,0.450401,-0.036315,-0.063221,-0.043464,0.143376,-0.986690,104.942093,0.000343
30761,0.027878,0.450404,-0.036309,-0.063183,-0.043376,0.143046,-0.986744,104.693184,0.000000
30765,0.027827,0.450408,-0.036310,-0.062996,-0.043378,0.142720,-0.986803,104.447708,0.000343
30769,0.027769,0.450424,-0.036333,-0.062891,-0.043320,0.142436,-0.986854,104.186440,0.000343
30772,0.027718,0.450430,-0.036363,-0.062680,-0.043300,0.142155,-0.986909,103.972549,0.000343
30776,0.027658,0.450450,-0.036408,-0.062481,-0.043416,0.141881,-0.986955,103.746986,0.000000
30779,0.027624,0.450452,-0.036443,-0.062292,-0.043749,0.141544,-0.987001,103.495674,0.000343
30783,0.027561,0.450458,-0.036492,-0.062217,-0.043591,0.141243,-0.987056,103.260498,0.000343
30786,0.027520,0.450466,-0.036521,-0.062081,-0.043596,0.141001,-0.987099,103.067207,0.000343
30790,0.027481,0.450475,-0.036544,-0.061947,-0.043663,0.140794,-0.987134,102.842674,0.000343
30794,0.027431,0.450476,-0.036561,-0.061864,-0.043602,0.140436,-0.987193,102.576256,0.000343
30797,0.027393,0.450483,-0.036564,-0.061760,-0.043649,0.140307,-0.987215,102.360306,0.000343
30800,0.027358,0.450485,-0.036570,-0.061597,-0.043718,0.140021,-0.987263,102.116890,0.000343
30804,0.027310,0.450492,-0.036571,-0.061583,-0.043637,0.139721,-0.987310,101.874847,0.000000
30808,0.027262,0.450499,-0.036585,-0.061362,-0.043732,0.139318,-0.987377,101.620445,0.000000
30811,0.027244,0.450511,-0.036600,-0.061363,-0.043690,0.139144,-0.987403,101.417885,0.000000
30815,0.027195,0.450515,-0.036638,-0.061375,-0.043327,0.138746,-0.987474,101.196785,0.000343
30818,0.027160,0.450516,-0.036660,-0.061210,-0.043316,0.138545,-0.987513,100.938606,0.000343
30822,0.027103,0.450522,-0.036678,-0.060976,-0.043415,0.138175,-0.987575,100.723686,0.000343
30825,0.027047,0.450530,-0.036689,-0.060941,-0.043375,0.137955,-0.987610,100.459328,0.000000
30829,0.026972,0.450545,-0.036713,-0.060763,-0.043315,0.137512,-0.987685,100.247154,0.000343
30832,0.026953,0.450544,-0.036717,-0.060465,-0.043809,0.137230,-0.987721,100.018501,0.000000
30836,0.026920,0.450557,-0.036740,-0.060325,-0.043818,0.136906,-0.987774,99.765472,0.000343
30840,0.026861,0.450568,-0.036774,-0.060376,-0.043328,0.136718,-0.987819,99.550552,0.000343
30843,0.026823,0.450572,-0.036790,-0.060223,-0.043368,0.136466,-0.987861,99.327736,0.000343
30847,0.026782,0.450578,-0.036797,-0.059857,-0.043909,0.135994,-0.987925,99.070587,0.000343
30850,0.026741,0.450589,-0.036810,-0.059889,-0.043869,0.135760,-0.987956,98.862190,0.000343
30853,0.026698,0.450594,-0.036827,-0.059792,-0.043870,0.135542,-0.987992,98.632164,0.000343
30858,0.026614,0.450604,-0.036870,-0.059640,-0.043352,0.135237,-0.988066,98.387032,0.000343
30861,0.026579,0.450612,-0.036883,-0.059511,-0.043360,0.134917,-0.988117,98.152199,0.000343
30865,0.026566,0.450617,-0.036888,-0.059189,-0.044042,0.134484,-0.988166,97.901917,0.000000
30868,0.026520,0.450632,-0.036902,-0.059166,-0.043820,0.134304,-0.988201,97.692490,0.000343
30871,0.026482,0.450627,-0.036912,-0.059042,-0.043975,0.133981,-0.988246,97.477570,0.000343
30875,0.026424,0.450627,-0.036930,-0.058906,-0.044029,0.133582,-0.988305,97.248230,0.000343
30879,0.026376,0.450636,-0.036947,-0.058793,-0.044018,0.133300,-0.988351,96.995201,0.000000
30882,0.026333,0.450650,-0.036958,-0.058667,-0.044090,0.133047,-0.988389,96.732903,0.000343
30886,0.026276,0.450655,-0.036977,-0.058453,-0.044134,0.132706,-0.988446,96.515579,0.000343
30889,0.026238,0.450666,-0.036987,-0.058350,-0.044176,0.132458,-0.988483,96.278343,0.000000
30893,0.026178,0.450667,-0.037000,-0.058121,-0.044280,0.132054,-0.988546,96.049004,0.000343
30896,0.026125,0.450675,-0.037018,-0.058151,-0.043978,0.131766,-0.988596,95.837517,0.000343
30900,0.026071,0.450684,-0.037028,-0.058002,-0.044030,0.131488,-0.988640,95.615044,0.000000
30904,0.026002,0.450688,-0.037047,-0.057944,-0.043869,0.131177,-0.988691,95.385017,0.000343
30907,0.025943,0.450689,-0.037076,-0.058017,-0.043532,0.130911,-0.988737,95.113792,0.000000
30911,0.025901,0.450696,-0.037093,-0.057560,-0.043962,0.130554,-0.988792,94.892349,0.000343
30914,0.025866,0.450708,-0.037119,-0.057527,-0.043897,0.130333,-0.988826,94.655113,0.000000
30918,0.025824,0.450721,-0.037157,-0.057299,-0.043913,0.130001,-0.988882,94.417191,0.000343
30921,0.025790,0.450724,-0.037185,-0.057133,-0.043902,0.129765,-0.988923,94.165878,0.000000
30925,0.025730,0.450733,-0.037217,-0.056966,-0.043845,0.129424,-0.988980,93.964348,0.000343
30928,0.025688,0.450743,-0.037231,-0.056949,-0.043830,0.129257,-0.989004,93.745651,0.000343
30932,0.025628,0.450752,-0.037245,-0.056792,-0.043901,0.128934,-0.989052,93.493652,0.000343
30936,0.025563,0.450756,-0.037262,-0.056663,-0.043827,0.128483,-0.989121,93.289375,0.000343
30939,0.025524,0.450759,-0.037273,-0.056635,-0.043812,0.128307,-0.989146,93.052826,0.000343
30943,0.025478,0.450762,-0.037287,-0.056291,-0.043919,0.127945,-0.989208,92.781944,0.000343
30946,0.025466,0.450768,-0.037286,-0.056266,-0.044220,0.127680,-0.989230,92.569771,0.000343
30950,0.025408,0.450767,-0.037303,-0.055967,-0.044304,0.127251,-0.989299,92.338028,0.000343
30953,0.025378,0.450776,-0.037311,-0.055967,-0.044283,0.127137,-0.989314,92.103539,0.000000
30957,0.025322,0.450780,-0.037330,-0.055884,-0.044205,0.126750,-0.989372,91.873512,0.000000
30960,0.025288,0.450783,-0.037341,-0.055685,-0.044290,0.126565,-0.989403,91.645203,0.000343
30964,0.025255,0.450788,-0.037356,-0.055534,-0.044346,0.126219,-0.989453,91.386681,0.000343
30967,0.025235,0.450799,-0.037370,-0.055608,-0.044287,0.126122,-0.989464,91.182747,0.000343
30971,0.025186,0.450808,-0.037390,-0.055415,-0.044289,0.125737,-0.989524,90.944138,0.000000
30975,0.025129,0.450811,-0.037414,-0.055255,-0.044211,0.125441,-0.989574,90.682869,0.000000
30978,0.025086,0.450823,-0.037436,-0.055241,-0.044137,0.125213,-0.989607,90.479279,0.000343
30982,0.025023,0.450826,-0.037463,-0.055178,-0.044088,0.124914,-0.989651,90.257149,0.000000
30985,0.024983,0.450832,-0.037483,-0.054957,-0.044201,0.124704,-0.989684,90.032616,0.000000
30989,0.024922,0.450836,-0.037516,-0.054802,-0.044205,0.124360,-0.989736,89.773064,0.000000
30992,0.024871,0.450834,-0.037546,-0.054755,-0.043949,0.123993,-0.989796,89.539948,0.000000
30996,0.024825,0.450846,-0.037570,-0.054666,-0.043947,0.123700,-0.989838,89.292412,0.000000
31000,0.024770,0.450847,-0.037591,-0.054475,-0.043850,0.123366,-0.989894,89.039726,0.000343
31003,0.024737,0.450858,-0.037601,-0.054475,-0.043800,0.123130,-0.989926,88.833389,0.000343
31007,0.024694,0.450865,-0.037603,-0.054286,-0.043878,0.122845,-0.989968,88.608170,0.000000
31010,0.024649,0.450865,-0.037608,-0.054137,-0.043898,0.122507,-0.990017,88.394623,0.000343
31013,0.024612,0.450868,-0.037615,-0.054163,-0.043854,0.122289,-0.990045,88.171120,0.000343
31017,0.024562,0.450874,-0.037626,-0.054117,-0.043790,0.121980,-0.990088,87.946587,0.000000
31021,0.024522,0.450884,-0.037645,-0.054012,-0.043814,0.121728,-0.990124,87.716217,0.000343
31024,0.024482,0.450885,-0.037667,-0.053894,-0.043793,0.121470,-0.990163,87.458725,0.000000
31028,0.024430,0.450895,-0.037701,-0.053667,-0.043790,0.121153,-0.990214,87.228355,0.000000
31031,0.024388,0.450902,-0.037723,-0.053525,-0.043832,0.120836,-0.990259,86.953354,0.000000
31035,0.024333,0.450909,-0.037745,-0.053257,-0.044211,0.120416,-0.990308,86.734657,0.000343
31038,0.024281,0.450911,-0.037764,-0.052958,-0.044252,0.120043,-0.990367,86.503258,0.000000
31042,0.024229,0.450923,-0.037786,-0.052885,-0.044313,0.119757,-0.990403,86.287651,0.000000
31045,0.024169,0.450924,-0.037809,-0.052689,-0.044095,0.119479,-0.990457,86.071358,0.000000
31049,0.024127,0.450928,-0.037825,-0.052663,-0.043972,0.119231,-0.990493,85.856094,0.000000
31053,0.024090,0.450939,-0.037836,-0.052514,-0.044017,0.118932,-0.990535,85.607185,0.000000
31056,0.024050,0.450939,-0.037849,-0.052436,-0.043997,0.118720,-0.990566,85.380936,0.000000
31060,0.023998,0.450945,-0.037866,-0.052258,-0.043968,0.118342,-0.990622,85.130653,0.000000
31063,0.023962,0.450949,-0.037874,-0.051961,-0.044293,0.118086,-0.990653,84.891701,0.000000
31067,0.023901,0.450958,-0.037900,-0.051735,-0.044330,0.117715,-0.990708,84.654121,0.000343
31071,0.023849,0.450967,-0.037921,-0.051659,-0.044361,0.117350,-0.990754,84.391136,0.000000
31074,0.023820,0.450975,-0.037934,-0.051493,-0.044523,0.117109,-0.990783,84.192696,0.000000
31077,0.023776,0.450974,-0.037955,-0.051314,-0.044584,0.116862,-0.990819,83.963699,0.000000
31081,0.023697,0.450974,-0.037992,-0.051654,-0.043912,0.116545,-0.990869,83.744659,0.000000
31084,0.023681,0.450976,-0.037991,-0.051374,-0.044389,0.116273,-0.990894,83.498840,0.000000
31088,0.023612,0.450984,-0.038020,-0.051347,-0.043966,0.115983,-0.990948,83.285294,0.000000
31092,0.023554,0.450985,-0.038034,-0.051126,-0.043959,0.115622,-0.991002,83.060760,0.000000
31095,0.023518,0.450993,-0.038043,-0.051161,-0.043967,0.115428,-0.991023,82.822838,0.000000
31099,0.023461,0.450997,-0.038063,-0.050906,-0.043962,0.115010,-0.991085,82.577362,0.000000
31102,0.023420,0.451001,-0.038082,-0.050856,-0.043909,0.114826,-0.991111,82.345963,0.000000
31106,0.023376,0.451007,-0.038107,-0.050629,-0.043958,0.114416,-0.991168,82.113190,0.000000
31109,0.023341,0.451014,-0.038130,-0.050618,-0.043909,0.114277,-0.991186,81.878700,0.000000
31113,0.023310,0.451018,-0.038140,-0.050174,-0.044499,0.113822,-0.991235,81.627388,0.000000
31117,0.023260,0.451024,-0.038162,-0.049920,-0.044559,0.113510,-0.991281,81.420021,0.000000
31120,0.023217,0.451030,-0.038185,-0.049844,-0.044500,0.113253,-0.991317,81.198578,0.000000
31124,0.023167,0.451034,-0.038208,-0.049816,-0.044377,0.112954,-0.991358,80.969925,0.000343
31127,0.023134,0.451037,-0.038221,-0.049686,-0.044439,0.112742,-0.991386,80.729256,0.000000
31131,0.023090,0.451041,-0.038238,-0.049415,-0.044517,0.112419,-0.991432,80.472794,0.000000
31134,0.023059,0.451044,-0.038246,-0.049415,-0.044499,0.112206,-0.991457,80.267830,0.000000
31138,0.023010,0.451048,-0.038258,-0.049285,-0.044519,0.111896,-0.991498,80.029564,0.000000
31141,0.022963,0.451048,-0.038273,-0.049105,-0.044553,0.111605,-0.991538,79.768982,0.000000
31145,0.022916,0.451056,-0.038287,-0.049098,-0.044451,0.111347,-0.991572,79.552345,0.000343
31148,0.022876,0.451057,-0.038300,-0.049048,-0.044447,0.111121,-0.991600,79.327812,0.000000
31152,0.022840,0.451068,-0.038322,-0.048731,-0.044589,0.110798,-0.991646,79.077187,0.000000
31156,0.022795,0.451065,-0.038344,-0.048637,-0.044534,0.110569,-0.991678,78.874283,0.000000
31159,0.022763,0.451071,-0.038365,-0.048626,-0.044462,0.110304,-0.991712,78.653183,0.000000
31163,0.022722,0.451082,-0.038384,-0.048414,-0.044580,0.110090,-0.991740,78.418350,0.000000
31166,0.022678,0.451081,-0.038398,-0.048152,-0.044628,0.109794,-0.991784,78.151245,0.000343
31170,0.022619,0.451087,-0.038413,-0.048077,-0.044616,0.109513,-0.991819,77.931519,0.000000
31173,0.022563,0.451088,-0.038432,-0.047940,-0.044451,0.109233,-0.991864,77.690849,0.000000
31177,0.022507,0.451099,-0.038451,-0.047912,-0.044407,0.108993,-0.991894,77.475929,0.000000
31181,0.022446,0.451099,-0.038484,-0.047855,-0.044291,0.108593,-0.991946,77.223587,0.000000
31184,0.022406,0.451105,-0.038503,-0.047634,-0.044294,0.108399,-0.991977,77.014160,0.000000
31187,0.022371,0.451113,-0.038524,-0.047587,-0.044334,0.108119,-0.992008,76.792030,0.000000
31191,0.022329,0.451115,-0.038549,-0.047397,-0.044567,0.107749,-0.992047,76.538658,0.000000
31195,0.022279,0.451124,-0.038576,-0.047290,-0.044570,0.107324,-0.992098,76.324425,0.000000
31198,0.022238,0.451124,-0.038594,-0.047111,-0.044628,0.107084,-0.992130,76.096802,0.000000
31202,0.022190,0.451130,-0.038605,-0.047018,-0.044557,0.106702,-0.992179,75.832100,0.000000
31205,0.022152,0.451127,-0.038608,-0.046836,-0.044625,0.106428,-0.992214,75.621643,0.000000
31209,0.022104,0.451132,-0.038616,-0.046675,-0.044589,0.106036,-0.992265,75.363464,0.000000
31212,0.022071,0.451134,-0.038616,-0.046688,-0.044550,0.105848,-0.992286,75.150604,0.000000
31216,0.022017,0.451135,-0.038629,-0.046556,-0.044568,0.105466,-0.992332,74.937744,0.000000
31220,0.021959,0.451137,-0.038650,-0.046422,-0.044553,0.105100,-0.992378,74.691925,0.000000
31223,0.021914,0.451139,-0.038675,-0.046401,-0.044494,0.104868,-0.992406,74.467049,-0.000343
31226,0.021869,0.451147,-0.038703,-0.046252,-0.044540,0.104607,-0.992439,74.235992,0.000000
31230,0.021815,0.451157,-0.038747,-0.046004,-0.044604,0.104253,-0.992485,73.996696,0.000000
31234,0.021757,0.451162,-0.038798,-0.045913,-0.044517,0.103858,-0.992534,73.764954,0.000000
31237,0.021715,0.451162,-0.038825,-0.045694,-0.044561,0.103624,-0.992567,73.511925,0.000000
31241,0.021676,0.451174,-0.038846,-0.045456,-0.044634,0.103286,-0.992610,73.312111,0.000000
31245,0.021614,0.451171,-0.038867,-0.045540,-0.044270,0.103092,-0.992642,73.088951,0.000000
31248,0.021594,0.451173,-0.038858,-0.045245,-0.044630,0.102757,-0.992674,72.859612,0.000000
31252,0.021553,0.451176,-0.038848,-0.045164,-0.044626,0.102506,-0.992704,72.590446,-0.000343
31255,0.021510,0.451171,-0.038846,-0.045075,-0.044592,0.102208,-0.992740,72.371407,0.000000
31259,0.021466,0.451173,-0.038845,-0.044911,-0.044629,0.101941,-0.992774,72.136917,0.000000
31262,0.021427,0.451175,-0.038856,-0.044771,-0.044642,0.101684,-0.992806,71.905174,0.000000
31266,0.021369,0.451175,-0.038881,-0.044614,-0.044609,0.101380,-0.992845,71.660042,0.000000
31269,0.021331,0.451182,-0.038907,-0.044553,-0.044609,0.101140,-0.992873,71.460571,0.000000
31273,0.021275,0.451191,-0.038942,-0.044244,-0.044777,0.100878,-0.992905,71.241188,0.000000
31276,0.021226,0.451195,-0.038985,-0.044276,-0.044626,0.100594,-0.992940,70.987129,-0.000343
31280,0.021161,0.451196,-0.039022,-0.044082,-0.044636,0.100239,-0.992984,70.774612,0.000000
31283,0.021125,0.451203,-0.039046,-0.044026,-0.044660,0.099973,-0.993012,70.536690,-0.000343
31287,0.021073,0.451209,-0.039065,-0.043774,-0.044727,0.099641,-0.993053,70.271645,0.000000
31291,0.021025,0.451214,-0.039078,-0.043776,-0.044635,0.099339,-0.993088,70.061531,0.000000
31294,0.020986,0.451217,-0.039086,-0.043606,-0.044671,0.099042,-0.993123,69.827385,0.000000
31297,0.020951,0.451221,-0.039086,-0.043398,-0.044763,0.098774,-0.993155,69.599075,0.000000
31301,0.020899,0.451222,-0.039095,-0.043416,-0.044683,0.098492,-0.993186,69.356689,0.000000
31305,0.020855,0.451221,-0.039107,-0.043278,-0.044737,0.098218,-0.993217,69.154129,-0.000343
31308,0.020822,0.451224,-0.039118,-0.043018,-0.044799,0.097861,-0.993260,68.915520,0.000000
31312,0.020771,0.451225,-0.039145,-0.043129,-0.044621,0.097638,-0.993285,68.685150,-0.000343
31315,0.020739,0.451233,-0.039165,-0.042891,-0.044749,0.097388,-0.993314,68.420448,-0.000343
31319,0.020690,0.451234,-0.039189,-0.042830,-0.044737,0.097125,-0.993343,68.200378,-0.000343
31322,0.020647,0.451235,-0.039209,-0.042702,-0.044661,0.096818,-0.993382,67.979279,-0.000343
31326,0.020595,0.451241,-0.039228,-0.042590,-0.044665,0.096528,-0.993415,67.769165,0.000000
31329,0.020557,0.451241,-0.039243,-0.042405,-0.044739,0.096268,-0.993445,67.527466,0.000000
31333,0.020507,0.451246,-0.039259,-0.042301,-0.044730,0.096039,-0.993472,67.317009,0.000000
31337,0.020459,0.451244,-0.039274,-0.042012,-0.044878,0.095675,-0.993513,67.068787,-0.000343
31340,0.020424,0.451247,-0.039289,-0.042045,-0.044805,0.095520,-0.993529,66.798248,0.000000
31344,0.020364,0.451249,-0.039310,-0.041920,-0.044719,0.095084,-0.993580,66.591568,0.000000
31348,0.020315,0.451253,-0.039329,-0.041535,-0.044900,0.094684,-0.993627,66.350899,0.000000
31351,0.020271,0.451258,-0.039346,-0.041457,-0.044892,0.094433,-0.993654,66.127052,-0.000343
31355,0.020216,0.451262,-0.039375,-0.041433,-0.044761,0.094059,-0.993696,65.911446,0.000000
31358,0.020179,0.451269,-0.039389,-0.041246,-0.044860,0.093794,-0.993725,65.685883,0.000000
31361,0.020143,0.451276,-0.039404,-0.041098,-0.044921,0.093549,-0.993751,65.464439,0.000000
31365,0.020083,0.451273,-0.039432,-0.041017,-0.044790,0.093138,-0.993799,65.220337,0.000000
31368,0.020038,0.451278,-0.039446,-0.040947,-0.044762,0.092865,-0.993829,65.018120,0.000000
31372,0.019986,0.451279,-0.039465,-0.040688,-0.044844,0.092465,-0.993873,64.755478,0.000000
31376,0.019930,0.451280,-0.039485,-0.040649,-0.044736,0.092119,-0.993912,64.529228,0.000000
31379,0.019883,0.451281,-0.039498,-0.040518,-0.044772,0.091906,-0.993935,64.289932,0.000000
31383,0.019829,0.451285,-0.039523,-0.040338,-0.044801,0.091517,-0.993977,64.037247,0.000000
31386,0.019788,0.451287,-0.039532,-0.040142,-0.044881,0.091359,-0.993996,63.837776,-0.000343
31390,0.019733,0.451291,-0.039556,-0.040013,-0.044847,0.091008,-0.994035,63.598824,-0.000343
31394,0.019694,0.451296,-0.039575,-0.039989,-0.044861,0.090779,-0.994056,63.405533,-0.000343
31397,0.019652,0.451295,-0.039593,-0.039740,-0.044858,0.090486,-0.994093,63.183746,-0.000343
31401,0.019606,0.451301,-0.039611,-0.039761,-0.044812,0.090249,-0.994116,62.929688,-0.000343
31404,0.019569,0.451300,-0.039623,-0.039552,-0.044867,0.089955,-0.994148,62.716827,0.000000
31408,0.019518,0.451304,-0.039640,-0.039477,-0.044822,0.089720,-0.994175,62.482681,0.000000
31411,0.019479,0.451306,-0.039658,-0.039389,-0.044828,0.089418,-0.994205,62.233772,0.000000
31415,0.019434,0.451308,-0.039674,-0.039167,-0.044915,0.089184,-0.994231,62.029152,-0.000343
31418,0.019402,0.451317,-0.039688,-0.039018,-0.044992,0.088939,-0.994255,61.805992,0.000000
31422,0.019345,0.451317,-0.039716,-0.038913,-0.044945,0.088643,-0.994288,61.591759,0.000000
31426,0.019303,0.451323,-0.039739,-0.038737,-0.045015,0.088383,-0.994315,61.352806,0.000000
31429,0.019263,0.451324,-0.039758,-0.038697,-0.044946,0.088147,-0.994340,61.149559,-0.000343
31432,0.019224,0.451327,-0.039778,-0.038515,-0.044958,0.087812,-0.994377,60.923653,-0.000343
31436,0.019179,0.451331,-0.039797,-0.038411,-0.044921,0.087532,-0.994407,60.665817,-0.000343
31440,0.019132,0.451335,-0.039810,-0.038264,-0.044920,0.087264,-0.994436,60.454330,0.000000
31443,0.019101,0.451340,-0.039813,-0.038237,-0.044907,0.086998,-0.994461,60.230484,0.000000
31447,0.019055,0.451338,-0.039822,-0.038002,-0.044943,0.086660,-0.994498,59.989815,-0.000343
31450,0.019017,0.451337,-0.039826,-0.037907,-0.044899,0.086470,-0.994520,59.783821,-0.000343
31454,0.018977,0.451342,-0.039832,-0.037953,-0.044881,0.086179,-0.994544,59.564438,-0.000343
31457,0.018941,0.451339,-0.039845,-0.037887,-0.044847,0.085921,-0.994571,59.343681,-0.000343
31461,0.018897,0.451343,-0.039864,-0.037720,-0.044829,0.085694,-0.994597,59.099579,0.000000
31465,0.018849,0.451343,-0.039891,-0.037513,-0.044923,0.085331,-0.994632,58.892899,-0.000343
31468,0.018804,0.451338,-0.039919,-0.037410,-0.044797,0.085073,-0.994664,58.664246,-0.000343
31472,0.018755,0.451346,-0.039954,-0.037237,-0.044824,0.084735,-0.994698,58.411903,0.000000
31475,0.018715,0.451348,-0.039973,-0.037078,-0.044926,0.084612,-0.994710,58.204880,-0.000343
31479,0.018659,0.451350,-0.040011,-0.036899,-0.044918,0.084182,-0.994753,57.984123,-0.000343
31482,0.018624,0.451351,-0.040026,-0.036765,-0.044979,0.084040,-0.994768,57.743111,0.000000
31486,0.018568,0.451347,-0.040046,-0.036601,-0.044972,0.083645,-0.994807,57.542953,-0.000343
31489,0.018523,0.451348,-0.040060,-0.036667,-0.044885,0.083412,-0.994828,57.295074,0.000000
31493,0.018474,0.451350,-0.040068,-0.036431,-0.044992,0.083027,-0.994864,57.084961,-0.000343
31496,0.018439,0.451350,-0.040072,-0.036325,-0.045034,0.082820,-0.994884,56.859398,0.000000
31500,0.018386,0.451353,-0.040082,-0.036312,-0.044923,0.082399,-0.994924,56.612892,0.000000
31504,0.018343,0.451354,-0.040091,-0.035987,-0.045060,0.082079,-0.994956,56.410675,-0.000343
31507,0.018308,0.451358,-0.040101,-0.036011,-0.045008,0.081849,-0.994977,56.191635,-0.000343
31510,0.018264,0.451355,-0.040120,-0.035961,-0.044919,0.081610,-0.995002,55.959892,0.000000
31514,0.018216,0.451356,-0.040135,-0.035651,-0.045086,0.081209,-0.995038,55.708923,-0.000343
31518,0.018161,0.451358,-0.040164,-0.035582,-0.044991,0.080803,-0.995078,55.503960,-0.000343
31521,0.018116,0.451359,-0.040187,-0.035571,-0.044897,0.080595,-0.995100,55.281487,-0.000343
31525,0.018061,0.451358,-0.040215,-0.035241,-0.045004,0.080256,-0.995134,55.041504,-0.000343
31528,0.018025,0.451363,-0.040234,-0.035094,-0.045034,0.080046,-0.995155,54.845123,0.000000
31532,0.017964,0.451358,-0.040265,-0.034892,-0.045033,0.079676,-0.995192,54.615440,0.000000
31536,0.017925,0.451368,-0.040287,-0.034842,-0.045054,0.079489,-0.995207,54.362755,-0.000343
31539,0.017884,0.451366,-0.040304,-0.034583,-0.045088,0.079178,-0.995240,54.157448,-0.000343
31542,0.017848,0.451366,-0.040321,-0.034713,-0.044927,0.079026,-0.995255,53.935318,-0.000343
31546,0.017799,0.451367,-0.040338,-0.034567,-0.044961,0.078662,-0.995287,53.694649,-0.000343
31550,0.017754,0.451368,-0.040348,-0.034368,-0.045009,0.078385,-0.995313,53.490372,-0.000343
31553,0.017720,0.451370,-0.040357,-0.034391,-0.044970,0.078162,-0.995332,53.261719,-0.000343
31557,0.017669,0.451373,-0.040368,-0.034246,-0.044959,0.077840,-0.995363,53.038216,-0.000343
31561,0.017625,0.451375,-0.040374,-0.034067,-0.045045,0.077543,-0.995388,52.790680,0.000000
31564,0.017582,0.451374,-0.040390,-0.034023,-0.044901,0.077246,-0.995419,52.592239,-0.000343
31567,0.017543,0.451376,-0.040403,-0.033902,-0.044960,0.076907,-0.995447,52.372513,-0.000343
31571,0.017499,0.451378,-0.040422,-0.033729,-0.044981,0.076664,-0.995471,52.153816,0.000000
31575,0.017442,0.451376,-0.040445,-0.033552,-0.044948,0.076306,-0.995506,51.897697,-0.000343
31578,0.017405,0.451377,-0.040467,-0.033442,-0.044941,0.076089,-0.995526,51.685524,-0.000343
31581,0.017371,0.451379,-0.040488,-0.033316,-0.044963,0.075819,-0.995550,51.461678,0.000000
31585,0.017322,0.451381,-0.040514,-0.033133,-0.044968,0.075521,-0.995579,51.238174,-0.000343
31589,0.017277,0.451383,-0.040543,-0.033053,-0.044940,0.075313,-0.995598,51.008148,0.000000
31592,0.017248,0.451387,-0.040556,-0.032922,-0.045061,0.075133,-0.995611,50.791168,-0.000343
31596,0.017200,0.451385,-0.040574,-0.032861,-0.044958,0.074866,-0.995638,50.553589,0.000000
31599,0.017169,0.451387,-0.040584,-0.032731,-0.045026,0.074651,-0.995655,50.355835,-0.000343
31603,0.017124,0.451388,-0.040592,-0.032594,-0.045039,0.074379,-0.995679,50.102806,0.000000
31607,0.017064,0.451384,-0.040605,-0.032487,-0.044984,0.073963,-0.995716,49.892006,-0.000343
31610,0.017024,0.451379,-0.040615,-0.032360,-0.045019,0.073795,-0.995731,49.664040,0.000000
31614,0.016987,0.451385,-0.040629,-0.032186,-0.045071,0.073524,-0.995755,49.413414,-0.000343
31617,0.016953,0.451384,-0.040642,-0.032048,-0.045153,0.073318,-0.995770,49.213600,-0.000343
31621,0.016902,0.451384,-0.040665,-0.031949,-0.045089,0.073012,-0.995799,48.994560,-0.000343
31624,0.016861,0.451385,-0.040682,-0.031874,-0.045090,0.072807,-0.995816,48.748741,-0.000343
31628,0.016801,0.451385,-0.040705,-0.031684,-0.045136,0.072439,-0.995847,48.548584,-0.000343
31631,0.016759,0.451384,-0.040727,-0.031559,-0.045109,0.072210,-0.995869,48.326111,0.000000
31635,0.016709,0.451385,-0.040756,-0.031330,-0.045159,0.071848,-0.995900,48.080292,-0.000343
31638,0.016674,0.451388,-0.040777,-0.031247,-0.045100,0.071607,-0.995923,47.877045,0.000000
31642,0.016617,0.451384,-0.040799,-0.031160,-0.045018,0.071203,-0.995958,47.647705,0.000000
31646,0.016569,0.451391,-0.040813,-0.030835,-0.045163,0.070838,-0.995988,47.401199,-0.000343
31649,0.016530,0.451391,-0.040826,-0.030943,-0.045026,0.070606,-0.996007,47.211342,-0.000343
31652,0.016494,0.451391,-0.040834,-0.030697,-0.045083,0.070369,-0.996029,46.959000,0.000000
31656,0.016447,0.451393,-0.040850,-0.030567,-0.045105,0.069941,-0.996062,46.754379,-0.000343
31660,0.016397,0.451392,-0.040869,-0.030519,-0.045018,0.069620,-0.996090,46.538086,-0.000343
31663,0.016360,0.451391,-0.040886,-0.030573,-0.044912,0.069394,-0.996109,46.281967,-0.000343
31667,0.016304,0.451392,-0.040905,-0.030386,-0.044975,0.068986,-0.996140,46.068420,-0.000343
31671,0.016251,0.451392,-0.040927,-0.030283,-0.044905,0.068693,-0.996167,45.844917,0.000000
31674,0.016214,0.451394,-0.040941,-0.030114,-0.044988,0.068397,-0.996188,45.606308,-0.000343
31678,0.016161,0.451393,-0.040970,-0.029903,-0.045041,0.068160,-0.996208,45.405464,-0.000343
31681,0.016130,0.451397,-0.040986,-0.029800,-0.045085,0.067925,-0.996226,45.189171,-0.000343
31684,0.016085,0.451394,-0.041007,-0.029733,-0.045008,0.067674,-0.996248,44.975967,-0.000343
31688,0.016032,0.451393,-0.041025,-0.029616,-0.045023,0.067374,-0.996271,44.728088,0.000000
31692,0.015987,0.451393,-0.041043,-0.029494,-0.045089,0.067133,-0.996288,44.510078,-0.000343
31695,0.015943,0.451389,-0.041061,-0.029356,-0.045084,0.066835,-0.996313,44.271812,-0.000343
31699,0.015888,0.451389,-0.041081,-0.029276,-0.045054,0.066533,-0.996337,44.045906,0.000000
31703,0.015836,0.451386,-0.041099,-0.029081,-0.045017,0.066185,-0.996367,43.795967,-0.000343
31706,0.015798,0.451386,-0.041112,-0.028943,-0.045008,0.065946,-0.996387,43.598213,0.000000
31709,0.015759,0.451385,-0.041127,-0.028894,-0.045009,0.065620,-0.996410,43.385010,0.000000
31713,0.015711,0.451383,-0.041142,-0.028609,-0.045096,0.065359,-0.996432,43.169746,-0.000343
31717,0.015657,0.451383,-0.041164,-0.028529,-0.045034,0.065003,-0.996460,42.931480,0.000000
31720,0.015625,0.451389,-0.041175,-0.028422,-0.045090,0.064866,-0.996470,42.709694,-0.000343
31723,0.015584,0.451382,-0.041198,-0.028282,-0.045080,0.064499,-0.996498,42.506104,-0.000343
31727,0.015541,0.451387,-0.041220,-0.028244,-0.045077,0.064277,-0.996513,42.255135,0.000000
31731,0.015487,0.451384,-0.041240,-0.028033,-0.045075,0.063954,-0.996540,42.015152,-0.000343
31734,0.015455,0.451389,-0.041255,-0.028005,-0.045055,0.063721,-0.996557,41.808472,-0.000343
31738,0.015407,0.451388,-0.041272,-0.027784,-0.045080,0.063377,-0.996584,41.590118,0.000000
31741,0.015374,0.451385,-0.041284,-0.027701,-0.045074,0.063179,-0.996599,41.366272,-0.000343
31745,0.015328,0.451390,-0.041296,-0.027469,-0.045156,0.062865,-0.996622,41.154785,-0.000343
31749,0.015274,0.451382,-0.041310,-0.027264,-0.045154,0.062450,-0.996653,40.939522,0.000000
31752,0.015236,0.451384,-0.041318,-0.027391,-0.045016,0.062312,-0.996665,40.691299,0.000000
31756,0.015184,0.451381,-0.041334,-0.027110,-0.045105,0.061896,-0.996694,40.460587,-0.000343
31759,0.015143,0.451377,-0.041345,-0.026908,-0.045143,0.061692,-0.996711,40.253563,-0.000343
31763,0.015093,0.451378,-0.041370,-0.026850,-0.045067,0.061359,-0.996736,40.022850,0.000000
31766,0.015053,0.451378,-0.041393,-0.026743,-0.045003,0.061096,-0.996758,39.776688,-0.000343
31770,0.015008,0.451380,-0.041417,-0.026583,-0.045030,0.060756,-0.996782,39.570694,-0.000343
31774,0.014952,0.451374,-0.041444,-0.026519,-0.045022,0.060449,-0.996803,39.324188,0.000000
31777,0.014918,0.451377,-0.041459,-0.026293,-0.045143,0.060182,-0.996819,39.130554,0.000000
31781,0.014866,0.451376,-0.041485,-0.026224,-0.045120,0.059907,-0.996839,38.903961,-0.000343
31784,0.014820,0.451369,-0.041505,-0.026093,-0.045106,0.059645,-0.996859,38.682518,0.000000
31788,0.014775,0.451376,-0.041526,-0.026033,-0.045136,0.059386,-0.996874,38.467255,0.000000
31791,0.014734,0.451373,-0.041541,-0.025830,-0.045186,0.059074,-0.996896,38.220062,-0.000343
31795,0.014688,0.451374,-0.041555,-0.025697,-0.045193,0.058813,-0.996914,38.025742,0.000000
31798,0.014653,0.451374,-0.041572,-0.025668,-0.045118,0.058580,-0.996932,37.783699,-0.000343
31802,0.014613,0.451374,-0.041585,-0.025559,-0.045151,0.058282,-0.996951,37.573929,0.000000
31805,0.014576,0.451373,-0.041593,-0.025396,-0.045208,0.058025,-0.996968,37.349739,-0.000343
31809,0.014528,0.451369,-0.041604,-0.025259,-0.045200,0.057678,-0.996992,37.097054,-0.000343
31812,0.014491,0.451371,-0.041617,-0.025268,-0.045103,0.057395,-0.997012,36.891060,0.000000
31816,0.014435,0.451367,-0.041632,-0.025148,-0.045093,0.057107,-0.997032,36.668930,0.000000
31819,0.014396,0.451366,-0.041640,-0.024970,-0.045129,0.056830,-0.997051,36.445770,0.000000
31823,0.014345,0.451368,-0.041664,-0.024841,-0.045151,0.056559,-0.997068,36.209908,0.000000
31826,0.014306,0.451371,-0.041682,-0.024641,-0.045173,0.056299,-0.997087,36.009407,0.000000
31830,0.014253,0.451367,-0.041711,-0.024593,-0.045105,0.055974,-0.997110,35.780411,0.000000
31834,0.014194,0.451363,-0.041741,-0.024312,-0.045205,0.055663,-0.997129,35.543175,-0.000343
31837,0.014150,0.451364,-0.041765,-0.024229,-0.045178,0.055406,-0.997147,35.347137,0.000000
31841,0.014095,0.451360,-0.041793,-0.024195,-0.045109,0.055127,-0.997166,35.109215,-0.000343
31844,0.014059,0.451365,-0.041812,-0.024118,-0.045148,0.054851,-0.997182,34.882278,0.000000
31848,0.014005,0.451364,-0.041839,-0.023939,-0.045076,0.054547,-0.997206,34.627876,0.000000
31852,0.013956,0.451363,-0.041855,-0.023791,-0.045074,0.054217,-0.997228,34.398193,0.000000
31855,0.013921,0.451363,-0.041857,-0.023571,-0.045205,0.053995,-0.997239,34.205933,0.000000
31858,0.013882,0.451357,-0.041865,-0.023436,-0.045165,0.053681,-0.997261,33.968697,0.000000
31862,0.013836,0.451353,-0.041868,-0.023426,-0.045090,0.053433,-0.997278,33.776436,0.000000
31865,0.013799,0.451351,-0.041874,-0.023404,-0.045070,0.053157,-0.997294,33.556709,0.000000
31867,0.013776,0.451351,-0.041876,-0.023246,-0.045140,0.052996,-0.997303,33.325996,0.000000
31867,0.013776,0.451351,-0.041876,-0.023246,-0.045140,0.052996,-0.997303,33.099060,0.000000
31867,0.013776,0.451351,-0.041876,-0.023246,-0.045140,0.052996,-0.997303,32.875557,0.000343
31867,0.013776,0.451351,-0.041876,-0.023246,-0.045140,0.052996,-0.997303,32.625275,0.000000
31867,0.013776,0.451351,-0.041876,-0.023246,-0.045140,0.052996,-0.997303,32.405891,0.000000
31867,0.013776,0.451351,-0.041876,-0.023246,-0.045140,0.052996,-0.997303,32.181358,0.000000
31867,0.013776,0.451351,-0.041876,-0.023246,-0.045140,0.052996,-0.997303,31.978111,0.000000
31867,0.013776,0.451351,-0.041876,-0.023246,-0.045140,0.052996,-0.997303,31.761818,0.000000
31867,0.013776,0.451351,-0.041876,-0.023246,-0.045140,0.052996,-0.997303,31.517029,0.000000
31867,0.013776,0.451351,-0.041876,-0.023246,-0.045140,0.052996,-0.997303,31.314468,-0.000343
31867,0.013776,0.451351,-0.041876,-0.023246,-0.045140,0.052996,-0.997303,31.098518,0.000000
31867,0.013776,0.451351,-0.041876,-0.023246,-0.045140,0.052996,-0.997303,30.844116,-0.000343
31867,0.013776,0.451351,-0.041876,-0.023246,-0.045140,0.052996,-0.997303,30.643959,0.000000
31867,0.013776,0.451351,-0.041876,-0.023246,-0.045140,0.052996,-0.997303,30.422859,0.000000
31867,0.013776,0.451351,-0.041876,-0.023246,-0.045140,0.052996,-0.997303,30.199699,0.000000
31867,0.013776,0.451351,-0.041876,-0.023246,-0.045140,0.052996,-0.997303,29.985466,0.000000
31867,0.013776,0.451351,-0.041876,-0.023246,-0.045140,0.052996,-0.997303,29.737930,0.000000
31867,0.013776,0.451351,-0.041876,-0.023246,-0.045140,0.052996,-0.997303,29.523697,0.000000
31867,0.013776,0.451351,-0.041876,-0.023246,-0.045140,0.052996,-0.997303,29.300880,0.000000
31867,0.013776,0.451351,-0.041876,-0.023246,-0.045140,0.052996,-0.997303,29.069481,0.000000
31867,0.013776,0.451351,-0.041876,-0.023246,-0.045140,0.052996,-0.997303,28.840485,0.000000
31867,0.013776,0.451351,-0.041876,-0.023246,-0.045140,0.052996,-0.997303,28.632088,0.000000
31867,0.013776,0.451351,-0.041876,-0.023246,-0.045140,0.052996,-0.997303,28.398972,0.000000
31867,0.013776,0.451351,-0.041876,-0.023246,-0.045140,0.052996,-0.997303,28.200188,0.000000
31867,0.013776,0.451351,-0.041876,-0.023246,-0.045140,0.052996,-0.997303,27.981834,0.000000
31867,0.013776,0.451351,-0.041876,-0.023246,-0.045140,0.052996,-0.997303,27.752838,0.000000
31867,0.013776,0.451351,-0.041876,-0.023246,-0.045140,0.052996,-0.997303,27.521439,0.000000
31867,0.013776,0.451351,-0.041876,-0.023246,-0.045140,0.052996,-0.997303,27.269440,0.000000
31867,0.013776,0.451351,-0.041876,-0.023246,-0.045140,0.052996,-0.997303,27.059669,0.000000
31867,0.013776,0.451351,-0.041876,-0.023246,-0.045140,0.052996,-0.997303,26.845093,0.000000
31976,0.012408,0.451303,-0.042452,-0.019336,-0.045262,0.044248,-0.997807,26.631203,0.000000
31979,0.012366,0.451296,-0.042475,-0.019127,-0.045298,0.044007,-0.997820,26.410103,0.000000
31983,0.012310,0.451291,-0.042497,-0.019042,-0.045271,0.043650,-0.997839,26.175270,0.000000
31986,0.012270,0.451293,-0.042515,-0.019008,-0.045257,0.043377,-0.997852,25.969620,-0.000343
31990,0.012217,0.451289,-0.042535,-0.018714,-0.045328,0.043071,-0.997868,25.740280,0.000000
31994,0.012162,0.451286,-0.042555,-0.018648,-0.045254,0.042719,-0.997887,25.519180,0.000000
31997,0.012126,0.451283,-0.042568,-0.018569,-0.045266,0.042519,-0.997897,25.290871,0.000000
32000,0.012095,0.451282,-0.042580,-0.018398,-0.045331,0.042251,-0.997909,25.048828,0.000000
32004,0.012039,0.451276,-0.042600,-0.018344,-0.045197,0.041935,-0.997929,24.845581,-0.000343
32007,0.012006,0.451271,-0.042611,-0.018103,-0.045276,0.041689,-0.997940,24.627228,0.000000
32011,0.011969,0.451275,-0.042623,-0.018030,-0.045333,0.041442,-0.997949,24.410591,0.000000
32015,0.011909,0.451263,-0.042648,-0.017889,-0.045270,0.041053,-0.997971,24.189491,-0.000343
32018,0.011879,0.451265,-0.042660,-0.017785,-0.045276,0.040827,-0.997981,23.938866,0.000000
32022,0.011826,0.451263,-0.042688,-0.017546,-0.045290,0.040439,-0.998001,23.733902,0.000000
32025,0.011783,0.451258,-0.042708,-0.017476,-0.045251,0.040201,-0.998013,23.497353,0.000000
32029,0.011734,0.451259,-0.042732,-0.017290,-0.045204,0.039821,-0.998034,23.253937,0.000000
32033,0.011681,0.451253,-0.042751,-0.017024,-0.045302,0.039500,-0.998047,23.065453,0.000000
32036,0.011642,0.451248,-0.042766,-0.016910,-0.045280,0.039234,-0.998060,22.851562,0.000000
32040,0.011597,0.451251,-0.042779,-0.016677,-0.045330,0.039000,-0.998071,22.640419,0.000000
32043,0.011570,0.451250,-0.042789,-0.016627,-0.045303,0.038771,-0.998082,22.393913,0.000000
32047,0.011521,0.451244,-0.042806,-0.016527,-0.045274,0.038445,-0.998098,22.190666,0.000000
32050,0.011487,0.451241,-0.042822,-0.016485,-0.045218,0.038222,-0.998110,21.948967,0.000000
32054,0.011444,0.451240,-0.042840,-0.016123,-0.045392,0.037893,-0.998120,21.705894,0.000000
32057,0.011405,0.451241,-0.042854,-0.016108,-0.045319,0.037660,-0.998132,21.483765,0.000000
32061,0.011347,0.451233,-0.042884,-0.015928,-0.045299,0.037285,-0.998150,21.257172,0.000000
32064,0.011309,0.451233,-0.042903,-0.015919,-0.045269,0.037069,-0.998160,21.041222,0.000000
32068,0.011253,0.451229,-0.042933,-0.015683,-0.045340,0.036706,-0.998174,20.846901,0.000000
32072,0.011201,0.451225,-0.042961,-0.015627,-0.045335,0.036449,-0.998184,20.634384,0.000000
32075,0.011173,0.451234,-0.042975,-0.015466,-0.045415,0.036215,-0.998192,20.389595,0.000000
32079,0.011124,0.451227,-0.042999,-0.015338,-0.045415,0.035945,-0.998203,20.191841,0.000000
32082,0.011082,0.451223,-0.043018,-0.015216,-0.045374,0.035649,-0.998218,19.967995,0.000000
32086,0.011035,0.451224,-0.043033,-0.015125,-0.045395,0.035419,-0.998227,19.704323,0.000343
32089,0.010990,0.451217,-0.043044,-0.014890,-0.045474,0.035107,-0.998237,19.496269,0.000000
32093,0.010932,0.451212,-0.043057,-0.014862,-0.045421,0.034802,-0.998251,19.270706,0.000000
32097,0.010888,0.451207,-0.043072,-0.014659,-0.045481,0.034482,-0.998262,19.025917,0.000000
32100,0.010848,0.451203,-0.043091,-0.014693,-0.045382,0.034269,-0.998274,18.835030,0.000000
32103,0.010808,0.451199,-0.043109,-0.014420,-0.045438,0.033930,-0.998287,18.626289,0.000000
32107,0.010761,0.451196,-0.043131,-0.014453,-0.045352,0.033674,-0.998299,18.412056,0.000000
32111,0.010707,0.451192,-0.043156,-0.014242,-0.045356,0.033378,-0.998312,18.188553,0.000343
32114,0.010671,0.451188,-0.043175,-0.014248,-0.045258,0.033087,-0.998326,17.963333,0.000343
32118,0.010625,0.451187,-0.043200,-0.013923,-0.045437,0.032775,-0.998332,17.735023,0.000343
32121,0.010588,0.451190,-0.043221,-0.013942,-0.045344,0.032532,-0.998344,17.507057,0.000000
32125,0.010530,0.451182,-0.043250,-0.013751,-0.045321,0.032127,-0.998361,17.263985,0.000343
32128,0.010500,0.451178,-0.043261,-0.013625,-0.045365,0.031859,-0.998369,17.064857,0.000000
32132,0.010463,0.451181,-0.043277,-0.013498,-0.045340,0.031536,-0.998383,16.834145,0.000000
32135,0.010433,0.451178,-0.043285,-0.013419,-0.045341,0.031290,-0.998391,16.613045,0.000343
32139,0.010381,0.451168,-0.043295,-0.013261,-0.045317,0.030999,-0.998404,16.369629,0.000000
32143,0.010339,0.451170,-0.043299,-0.013090,-0.045369,0.030636,-0.998415,16.174622,0.000343
32146,0.010294,0.451158,-0.043312,-0.012999,-0.045321,0.030415,-0.998425,15.960045,0.000343
32150,0.010248,0.451156,-0.043329,-0.012905,-0.045315,0.030022,-0.998438,15.714226,0.000343
32153,0.010211,0.451157,-0.043339,-0.012656,-0.045432,0.029865,-0.998441,15.514755,0.000343
32157,0.010146,0.451147,-0.043372,-0.012583,-0.045333,0.029380,-0.998461,15.293655,0.000343
32160,0.010100,0.451144,-0.043400,-0.012492,-0.045315,0.029180,-0.998468,15.066719,0.000343
32164,0.010048,0.451143,-0.043431,-0.012287,-0.045373,0.028813,-0.998479,14.843903,0.000343
32167,0.010010,0.451140,-0.043451,-0.012142,-0.045411,0.028573,-0.998486,14.621429,0.000343
32171,0.009959,0.451135,-0.043488,-0.012089,-0.045317,0.028242,-0.998500,14.397240,0.000000
32175,0.009922,0.451136,-0.043508,-0.011713,-0.045529,0.027946,-0.998503,14.158974,0.000343
32178,0.009886,0.451133,-0.043523,-0.011747,-0.045425,0.027707,-0.998514,13.958130,0.000000
32182,0.009837,0.451125,-0.043536,-0.011706,-0.045438,0.027396,-0.998523,13.742180,0.000000
32185,0.009802,0.451120,-0.043546,-0.011497,-0.045448,0.027120,-0.998532,13.519363,0.000343
32189,0.009750,0.451114,-0.043555,-0.011506,-0.045370,0.026836,-0.998544,13.271141,0.000343
32192,0.009709,0.451108,-0.043564,-0.011332,-0.045422,0.026509,-0.998552,13.078194,0.000000
32196,0.009664,0.451109,-0.043578,-0.011131,-0.045465,0.026236,-0.998559,12.857780,0.000343
32200,0.009608,0.451101,-0.043602,-0.011073,-0.045384,0.025938,-0.998571,12.604752,0.000000
32203,0.009562,0.451093,-0.043625,-0.010790,-0.045404,0.025569,-0.998583,12.410088,0.000343
32206,0.009523,0.451091,-0.043647,-0.010624,-0.045420,0.025300,-0.998591,12.184868,0.000343
32210,0.009477,0.451093,-0.043667,-0.010501,-0.045397,0.024982,-0.998601,11.930809,0.000343
32214,0.009419,0.451085,-0.043694,-0.010460,-0.045301,0.024680,-0.998614,11.736832,0.000343
32217,0.009380,0.451079,-0.043708,-0.010223,-0.045376,0.024402,-0.998620,11.521225,0.000000
32221,0.009335,0.451073,-0.043722,-0.010101,-0.045342,0.024153,-0.998628,11.281586,0.000000
32224,0.009296,0.451068,-0.043739,-0.010083,-0.045267,0.023890,-0.998638,11.088638,0.000343
32227,0.009258,0.451061,-0.043750,-0.009860,-0.045294,0.023529,-0.998648,10.835609,0.000000
32231,0.009214,0.451061,-0.043765,-0.009753,-0.045298,0.023278,-0.998655,10.628242,0.000000
32235,0.009160,0.451053,-0.043789,-0.009746,-0.045184,0.022990,-0.998667,10.404053,0.000000
32239,0.009110,0.451048,-0.043809,-0.009473,-0.045318,0.022643,-0.998671,10.155144,0.000343
32242,0.009071,0.451045,-0.043826,-0.009398,-0.045344,0.022448,-0.998675,9.968719,0.000000
32245,0.009027,0.451040,-0.043851,-0.009382,-0.045244,0.022163,-0.998686,9.728050,0.000343
32249,0.008967,0.451030,-0.043881,-0.009283,-0.045264,0.021860,-0.998693,9.523773,0.000343
32253,0.008910,0.451027,-0.043904,-0.009078,-0.045308,0.021533,-0.998700,9.308510,0.000000
32256,0.008873,0.451023,-0.043921,-0.009060,-0.045275,0.021290,-0.998707,9.084663,0.000343
32260,0.008820,0.451023,-0.043942,-0.008854,-0.045317,0.020922,-0.998714,8.859100,0.000343
32263,0.008784,0.451021,-0.043950,-0.008740,-0.045397,0.020692,-0.998716,8.641090,0.000343
32267,0.008731,0.451014,-0.043969,-0.008632,-0.045260,0.020241,-0.998733,8.393211,0.000343
32270,0.008699,0.451011,-0.043977,-0.008559,-0.045304,0.020095,-0.998734,8.196831,0.000343
32274,0.008653,0.451004,-0.043989,-0.008233,-0.045418,0.019724,-0.998739,7.973671,0.000343
32278,0.008610,0.450999,-0.044012,-0.008181,-0.045318,0.019303,-0.998753,7.753944,0.000343
32281,0.008571,0.450993,-0.044029,-0.008175,-0.045273,0.019130,-0.998758,7.545204,0.000343
32285,0.008529,0.450994,-0.044048,-0.007863,-0.045391,0.018756,-0.998762,7.304535,0.000343
32288,0.008493,0.450988,-0.044061,-0.007875,-0.045304,0.018595,-0.998769,7.106438,0.000000
32291,0.008449,0.450981,-0.044076,-0.007667,-0.045356,0.018362,-0.998773,6.876068,0.000000
32295,0.008393,0.450977,-0.044103,-0.007609,-0.045360,0.017996,-0.998780,6.643982,0.000000
32299,0.008335,0.450968,-0.044129,-0.007363,-0.045334,0.017615,-0.998789,6.416359,0.000000
32303,0.008281,0.450967,-0.044149,-0.007317,-0.045325,0.017309,-0.998796,6.179466,0.000343
32306,0.008241,0.450961,-0.044172,-0.007170,-0.045315,0.017046,-0.998802,5.956993,0.000000
32309,0.008211,0.450960,-0.044183,-0.007075,-0.045323,0.016861,-0.998805,5.741730,0.000000
32313,0.008158,0.450952,-0.044206,-0.006990,-0.045229,0.016453,-0.998817,5.552559,0.000343
32316,0.008123,0.450945,-0.044224,-0.006923,-0.045175,0.016261,-0.998823,5.336952,0.000000
32320,0.008081,0.450940,-0.044236,-0.006594,-0.045281,0.015968,-0.998825,5.109673,0.000343
32324,0.008030,0.450933,-0.044253,-0.006617,-0.045182,0.015648,-0.998834,4.858017,0.000000
32327,0.007990,0.450927,-0.044271,-0.006506,-0.045178,0.015357,-0.998840,4.659576,0.000343
32331,0.007944,0.450919,-0.044281,-0.006423,-0.045168,0.015063,-0.998845,4.409981,0.000343
32334,0.007906,0.450917,-0.044290,-0.006252,-0.045173,0.014779,-0.998850,4.210167,0.000343
32338,0.007860,0.450912,-0.044303,-0.006135,-0.045223,0.014535,-0.998852,3.993187,0.000343
32342,0.007805,0.450904,-0.044319,-0.005923,-0.045249,0.014216,-0.998857,3.751831,0.000343
32345,0.007765,0.450898,-0.044337,-0.005946,-0.045161,0.013958,-0.998865,3.556137,0.000343
32349,0.007719,0.450896,-0.044357,-0.005774,-0.045241,0.013669,-0.998866,3.339844,0.000000
32352,0.007676,0.450893,-0.044379,-0.005607,-0.045266,0.013388,-0.998870,3.121834,0.000343
32356,0.007614,0.450879,-0.044411,-0.005497,-0.045253,0.013126,-0.998874,2.879448,0.000000
32359,0.007579,0.450876,-0.044430,-0.005425,-0.045264,0.012828,-0.998878,2.670364,0.000343
32362,0.007538,0.450871,-0.044450,-0.005160,-0.045328,0.012541,-0.998880,2.451668,0.000000
32366,0.007488,0.450868,-0.044474,-0.005122,-0.045299,0.012284,-0.998885,2.231255,0.000343
32370,0.007438,0.450864,-0.044492,-0.004923,-0.045324,0.011981,-0.998888,2.005348,0.000343
32373,0.007397,0.450858,-0.044511,-0.004807,-0.045338,0.011708,-0.998892,1.772232,0.000343
32377,0.007355,0.450851,-0.044522,-0.004599,-0.045312,0.011431,-0.998897,1.587868,0.000343
32380,0.007328,0.450845,-0.044528,-0.004557,-0.045322,0.011179,-0.998900,1.370201,0.000343
32384,0.007294,0.450843,-0.044534,-0.004411,-0.045363,0.010942,-0.998901,1.136742,0.000343
32388,0.007245,0.450833,-0.044546,-0.004319,-0.045277,0.010543,-0.998910,0.937614,0.000343
32391,0.007211,0.450825,-0.044553,-0.004149,-0.045298,0.010402,-0.998911,0.708618,0.000343
32395,0.007162,0.450821,-0.044565,-0.003980,-0.045330,0.010032,-0.998914,0.443230,0.000343
32398,0.007124,0.450816,-0.044579,-0.004007,-0.045260,0.009811,-0.998919,0.205650,0.000343
32402,0.007065,0.450810,-0.044604,-0.003745,-0.045272,0.009385,-0.998924,-0.069008,0.000343
32405,0.007018,0.450802,-0.044628,-0.003544,-0.045290,0.009108,-0.998926,-0.285645,0.000343
32409,0.006969,0.450800,-0.044656,-0.003361,-0.045272,0.008750,-0.998931,-0.349503,0.000343
32412,0.006951,0.450798,-0.044675,-0.003481,-0.045158,0.008713,-0.998936,-0.323067,0.000000
32416,0.006936,0.450800,-0.044688,-0.003401,-0.045227,0.008573,-0.998934,-0.191917,0.000000
32419,0.006925,0.450799,-0.044695,-0.003386,-0.045221,0.008605,-0.998934,0.017166,0.000000
32423,0.006907,0.450792,-0.044699,-0.003347,-0.045198,0.008495,-0.998936,0.235863,0.000343
32427,0.006906,0.450801,-0.044695,-0.003278,-0.045250,0.008439,-0.998935,0.335426,0.000343
32430,0.006903,0.450799,-0.044689,-0.003320,-0.045246,0.008520,-0.998934,0.348816,0.000343
32434,0.006897,0.450797,-0.044682,-0.003350,-0.045198,0.008436,-0.998937,0.281181,0.000000
32437,0.006892,0.450790,-0.044678,-0.003307,-0.045215,0.008472,-0.998936,0.170975,0.000343
32441,0.006891,0.450791,-0.044668,-0.003271,-0.045258,0.008442,-0.998934,0.026436,0.000343
32445,0.006892,0.450794,-0.044656,-0.003401,-0.045222,0.008443,-0.998935,-0.099907,0.000343
32448,0.006893,0.450793,-0.044652,-0.003259,-0.045280,0.008413,-0.998934,-0.143166,0.000343
32451,0.006897,0.450793,-0.044652,-0.003247,-0.045308,0.008451,-0.998932,-0.142822,0.000343
32455,0.006900,0.450791,-0.044662,-0.003399,-0.045166,0.008369,-0.998939,-0.123940,0.000343
32458,0.006902,0.450788,-0.044668,-0.003436,-0.045123,0.008418,-0.998940,-0.056305,0.000000
32462,0.006901,0.450790,-0.044679,-0.003208,-0.045266,0.008378,-0.998935,0.051842,0.000343
32466,0.006899,0.450791,-0.044692,-0.003407,-0.045139,0.008417,-0.998939,0.131493,0.000343
32469,0.006897,0.450792,-0.044697,-0.003307,-0.045171,0.008326,-0.998939,0.182648,0.000000
32473,0.006896,0.450798,-0.044706,-0.003346,-0.045181,0.008439,-0.998938,0.188141,0.000343
32476,0.006885,0.450790,-0.044711,-0.003195,-0.045252,0.008372,-0.998935,0.175781,0.000000
32478,0.006885,0.450794,-0.044708,-0.003156,-0.045282,0.008365,-0.998934,0.131493,0.000343
32478,0.006885,0.450794,-0.044708,-0.003156,-0.045282,0.008365,-0.998934,0.082397,0.000343
32478,0.006885,0.450794,-0.044708,-0.003156,-0.045282,0.008365,-0.998934,0.020943,0.000000
32478,0.006885,0.450794,-0.044708,-0.003156,-0.045282,0.008365,-0.998934,-0.018539,0.000000
32478,0.006885,0.450794,-0.044708,-0.003156,-0.045282,0.008365,-0.998934,-0.033989,0.000000
32478,0.006885,0.450794,-0.044708,-0.003156,-0.045282,0.008365,-0.998934,-0.033989,0.000000
32478,0.006885,0.450794,-0.044708,-0.003156,-0.045282,0.008365,-0.998934,-0.032959,0.000000
32478,0.006885,0.450794,-0.044708,-0.003156,-0.045282,0.008365,-0.998934,-0.016823,0.000343
32478,0.006885,0.450794,-0.044708,-0.003156,-0.045282,0.008365,-0.998934,0.009956,0.000343
32478,0.006885,0.450794,-0.044708,-0.003156,-0.045282,0.008365,-0.998934,0.043945,0.000343
32478,0.006885,0.450794,-0.044708,-0.003156,-0.045282,0.008365,-0.998934,0.074844,0.000343
32478,0.006885,0.450794,-0.044708,-0.003156,-0.045282,0.008365,-0.998934,0.095787,0.000000
32478,0.006885,0.450794,-0.044708,-0.003156,-0.045282,0.008365,-0.998934,0.099220,0.000000
32478,0.006885,0.450794,-0.044708,-0.003156,-0.045282,0.008365,-0.998934,0.098877,0.000000
32478,0.006885,0.450794,-0.044708,-0.003156,-0.045282,0.008365,-0.998934,0.096817,0.000343
32478,0.006885,0.450794,-0.044708,-0.003156,-0.045282,0.008365,-0.998934,0.089607,0.000000
32478,0.006885,0.450794,-0.044708,-0.003156,-0.045282,0.008365,-0.998934,0.077934,0.000343
32478,0.006885,0.450794,-0.044708,-0.003156,-0.045282,0.008365,-0.998934,0.061798,0.000000
32478,0.006885,0.450794,-0.044708,-0.003156,-0.045282,0.008365,-0.998934,0.042572,0.000000
32478,0.006885,0.450794,-0.044708,-0.003156,-0.045282,0.008365,-0.998934,0.032616,0.000000
32478,0.006885,0.450794,-0.044708,-0.003156,-0.045282,0.008365,-0.998934,0.026779,0.000343
32478,0.006885,0.450794,-0.044708,-0.003156,-0.045282,0.008365,-0.998934,0.025749,0.000000
32478,0.006885,0.450794,-0.044708,-0.003156,-0.045282,0.008365,-0.998934,0.025749,0.000000
32478,0.006885,0.450794,-0.044708,-0.003156,-0.045282,0.008365,-0.998934,0.025749,0.000000
32478,0.006885,0.450794,-0.044708,-0.003156,-0.045282,0.008365,-0.998934,0.026093,0.000000
32478,0.006885,0.450794,-0.044708,-0.003156,-0.045282,0.008365,-0.998934,0.026093,0.000343
32478,0.006885,0.450794,-0.044708,-0.003156,-0.045282,0.008365,-0.998934,0.026779,0.000000
32478,0.006885,0.450794,-0.044708,-0.003156,-0.045282,0.008365,-0.998934,0.028496,0.000000
32478,0.006885,0.450794,-0.044708,-0.003156,-0.045282,0.008365,-0.998934,0.032272,0.000343
32478,0.006885,0.450794,-0.044708,-0.003156,-0.045282,0.008365,-0.998934,0.037079,0.000000
32587,0.006874,0.450785,-0.044685,-0.003311,-0.045178,0.008328,-0.998939,0.042915,0.000343
32590,0.006875,0.450788,-0.044683,-0.003287,-0.045209,0.008257,-0.998938,0.047379,0.000000
32593,0.006874,0.450790,-0.044674,-0.003208,-0.045271,0.008331,-0.998935,0.051498,0.000000
32597,0.006868,0.450786,-0.044671,-0.003351,-0.045162,0.008256,-0.998940,0.053902,0.000000
32601,0.006867,0.450797,-0.044658,-0.003047,-0.045372,0.008440,-0.998930,0.054932,0.000000
32604,0.006865,0.450789,-0.044669,-0.003253,-0.045204,0.008234,-0.998939,0.055275,0.000000
32608,0.006862,0.450788,-0.044673,-0.003375,-0.045150,0.008294,-0.998940,0.054932,0.000000
32611,0.006857,0.450794,-0.044670,-0.003022,-0.045331,0.008387,-0.998932,0.054932,0.000000
32615,0.006869,0.450796,-0.044681,-0.003298,-0.045224,0.008308,-0.998937,0.054932,0.000000
32618,0.006866,0.450793,-0.044685,-0.003295,-0.045185,0.008221,-0.998939,0.054932,0.000000
32622,0.006864,0.450788,-0.044687,-0.003234,-0.045240,0.008285,-0.998937,0.054932,0.000000
32626,0.006870,0.450792,-0.044686,-0.003326,-0.045167,0.008320,-0.998939,0.054588,0.000000
32629,0.006867,0.450785,-0.044684,-0.003235,-0.045208,0.008280,-0.998938,0.054588,0.000343
32633,0.006874,0.450799,-0.044666,-0.003030,-0.045302,0.008440,-0.998933,0.054245,0.000000
32636,0.006876,0.450790,-0.044668,-0.003331,-0.045192,0.008320,-0.998938,0.054245,0.000000
32640,0.006872,0.450782,-0.044661,-0.003282,-0.045194,0.008327,-0.998938,0.053902,0.000000
32643,0.006874,0.450786,-0.044655,-0.003247,-0.045221,0.008299,-0.998937,0.053558,0.000000
32647,0.006878,0.450789,-0.044654,-0.003336,-0.045234,0.008305,-0.998936,0.053215,0.000343
32650,0.006878,0.450794,-0.044658,-0.003285,-0.045224,0.008299,-0.998937,0.052528,0.000000
32654,0.006867,0.450788,-0.044673,-0.003385,-0.045128,0.008290,-0.998941,0.052185,0.000000
32657,0.006861,0.450789,-0.044676,-0.003240,-0.045251,0.008254,-0.998936,0.051498,0.000000
32661,0.006861,0.450795,-0.044686,-0.003328,-0.045183,0.008320,-0.998939,0.050468,0.000000
32664,0.006853,0.450791,-0.044695,-0.003332,-0.045175,0.008278,-0.998939,0.049782,0.000000
32668,0.006851,0.450801,-0.044688,-0.003040,-0.045334,0.008450,-0.998932,0.049095,0.000000
32672,0.006850,0.450792,-0.044693,-0.003163,-0.045257,0.008260,-0.998936,0.048752,0.000343
32675,0.006852,0.450793,-0.044687,-0.003318,-0.045173,0.008273,-0.998939,0.048065,0.000000
32679,0.006859,0.450791,-0.044679,-0.003287,-0.045221,0.008260,-0.998938,0.047722,0.000000
32682,0.006864,0.450803,-0.044660,-0.003133,-0.045313,0.008421,-0.998932,0.047035,0.000000
32686,0.006860,0.450798,-0.044649,-0.003153,-0.045276,0.008359,-0.998935,0.046692,0.000000
32689,0.006861,0.450784,-0.044651,-0.003319,-0.045183,0.008304,-0.998939,0.046349,0.000000
32693,0.006869,0.450788,-0.044643,-0.003169,-0.045266,0.008242,-0.998936,0.046005,0.000000
32696,0.006876,0.450788,-0.044643,-0.003335,-0.045169,0.008306,-0.998939,0.046005,0.000000
32700,0.006881,0.450790,-0.044646,-0.003304,-0.045188,0.008248,-0.998939,0.045662,0.000000
32704,0.006880,0.450788,-0.044653,-0.003295,-0.045209,0.008239,-0.998938,0.045662,0.000000
32707,0.006869,0.450784,-0.044658,-0.003207,-0.045228,0.008258,-0.998937,0.045319,0.000000
32711,0.006863,0.450788,-0.044664,-0.003306,-0.045226,0.008218,-0.998937,0.045319,0.000000
32714,0.006855,0.450784,-0.044670,-0.003214,-0.045255,0.008233,-0.998936,0.045319,0.000000
32718,0.006854,0.450786,-0.044682,-0.003168,-0.045226,0.008178,-0.998938,0.044975,0.000000
32721,0.006859,0.450788,-0.044694,-0.003341,-0.045125,0.008207,-0.998942,0.044975,0.000000
32725,0.006860,0.450791,-0.044702,-0.003127,-0.045247,0.008231,-0.998937,0.044975,0.000000
32728,0.006859,0.450795,-0.044701,-0.003250,-0.045202,0.008240,-0.998939,0.044975,0.000000
32732,0.006845,0.450790,-0.044693,-0.003235,-0.045215,0.008188,-0.998939,0.044975,0.000000
32735,0.006842,0.450802,-0.044676,-0.003041,-0.045313,0.008323,-0.998934,0.044975,0.000000
32739,0.006841,0.450797,-0.044657,-0.002985,-0.045343,0.008291,-0.998933,0.044975,0.000000
32743,0.006856,0.450788,-0.044650,-0.003350,-0.045166,0.008272,-0.998940,0.044975,0.000000
32746,0.006866,0.450797,-0.044627,-0.003075,-0.045370,0.008348,-0.998931,0.044975,0.000000
32750,0.006875,0.450789,-0.044622,-0.003353,-0.045179,0.008277,-0.998939,0.044975,0.000000
32753,0.006872,0.450785,-0.044621,-0.003349,-0.045197,0.008248,-0.998938,0.044975,0.000000
32757,0.006872,0.450785,-0.044623,-0.003258,-0.045287,0.008321,-0.998934,0.044975,0.000000
32760,0.006866,0.450786,-0.044638,-0.003192,-0.045278,0.008237,-0.998935,0.044632,0.000000
32764,0.006857,0.450783,-0.044662,-0.003326,-0.045166,0.008254,-0.998940,0.044975,0.000000
32768,0.006858,0.450795,-0.044684,-0.003259,-0.045231,0.008256,-0.998937,0.044975,0.000000
32771,0.006848,0.450795,-0.044703,-0.003286,-0.045183,0.008234,-0.998939,0.044975,0.000000
32775,0.006832,0.450789,-0.044717,-0.003212,-0.045189,0.008263,-0.998939,0.044975,0.000000
32778,0.006832,0.450791,-0.044718,-0.003152,-0.045249,0.008225,-0.998937,0.044975,0.000000
32782,0.006832,0.450790,-0.044714,-0.003196,-0.045187,0.008246,-0.998939,0.044975,0.000000
32782,0.006832,0.450790,-0.044714,-0.003196,-0.045187,0.008246,-0.998939,0.044975,0.000000
32782,0.006832,0.450790,-0.044714,-0.003196,-0.045187,0.008246,-0.998939,0.044975,0.000000
32782,0.006832,0.450790,-0.044714,-0.003196,-0.045187,0.008246,-0.998939,0.044975,0.000000
32782,0.006832,0.450790,-0.044714,-0.003196,-0.045187,0.008246,-0.998939,0.044975,0.000000
32782,0.006832,0.450790,-0.044714,-0.003196,-0.045187,0.008246,-0.998939,0.044975,0.000000
32782,0.006832,0.450790,-0.044714,-0.003196,-0.045187,0.008246,-0.998939,0.044975,0.000000
32782,0.006832,0.450790,-0.044714,-0.003196,-0.045187,0.008246,-0.998939,0.044975,0.000000
32782,0.006832,0.450790,-0.044714,-0.003196,-0.045187,0.008246,-0.998939,0.044975,0.000000
32782,0.006832,0.450790,-0.044714,-0.003196,-0.045187,0.008246,-0.998939,0.044975,0.000000
32782,0.006832,0.450790,-0.044714,-0.003196,-0.045187,0.008246,-0.998939,0.044975,0.000000
32782,0.006832,0.450790,-0.044714,-0.003196,-0.045187,0.008246,-0.998939,0.044975,0.000000
32782,0.006832,0.450790,-0.044714,-0.003196,-0.045187,0.008246,-0.998939,0.044975,0.000000
32782,0.006832,0.450790,-0.044714,-0.003196,-0.045187,0.008246,-0.998939,0.044975,-0.000343
32782,0.006832,0.450790,-0.044714,-0.003196,-0.045187,0.008246,-0.998939,0.044975,-0.000343
32782,0.006832,0.450790,-0.044714,-0.003196,-0.045187,0.008246,-0.998939,0.044975,0.000000
32782,0.006832,0.450790,-0.044714,-0.003196,-0.045187,0.008246,-0.998939,0.044975,0.000000
32782,0.006832,0.450790,-0.044714,-0.003196,-0.045187,0.008246,-0.998939,0.045319,-0.000343
32782,0.006832,0.450790,-0.044714,-0.003196,-0.045187,0.008246,-0.998939,0.044975,-0.000343
32782,0.006832,0.450790,-0.044714,-0.003196,-0.045187,0.008246,-0.998939,0.044975,0.000000
32782,0.006832,0.450790,-0.044714,-0.003196,-0.045187,0.008246,-0.998939,0.045319,0.000000
32782,0.006832,0.450790,-0.044714,-0.003196,-0.045187,0.008246,-0.998939,0.045319,-0.000343
32782,0.006832,0.450790,-0.044714,-0.003196,-0.045187,0.008246,-0.998939,0.045319,-0.000343
32782,0.006832,0.450790,-0.044714,-0.003196,-0.045187,0.008246,-0.998939,0.045319,0.000000
32782,0.006832,0.450790,-0.044714,-0.003196,-0.045187,0.008246,-0.998939,0.045319,-0.000343
32782,0.006832,0.450790,-0.044714,-0.003196,-0.045187,0.008246,-0.998939,0.045319,0.000000
32782,0.006832,0.450790,-0.044714,-0.003196,-0.045187,0.008246,-0.998939,0.045319,0.000000
32782,0.006832,0.450790,-0.044714,-0.003196,-0.045187,0.008246,-0.998939,0.045319,0.000000
32782,0.006832,0.450790,-0.044714,-0.003196,-0.045187,0.008246,-0.998939,0.045319,0.000000
32782,0.006832,0.450790,-0.044714,-0.003196,-0.045187,0.008246,-0.998939,0.045319,0.000000
32888,0.006860,0.450787,-0.044670,-0.003317,-0.045181,0.008197,-0.998940,0.045662,-0.000343
32892,0.006861,0.450795,-0.044652,-0.003047,-0.045314,0.008391,-0.998933,0.045662,0.000000
32895,0.006860,0.450787,-0.044659,-0.003362,-0.045141,0.008174,-0.998942,0.045662,-0.000343
32899,0.006857,0.450786,-0.044654,-0.003335,-0.045196,0.008260,-0.998938,0.045662,0.000000
32902,0.006849,0.450790,-0.044659,-0.003156,-0.045291,0.008231,-0.998935,0.045662,0.000000
32906,0.006836,0.450789,-0.044669,-0.003257,-0.045228,0.008267,-0.998937,0.045662,0.000000
32909,0.006828,0.450787,-0.044682,-0.003301,-0.045158,0.008183,-0.998941,0.045662,-0.000343
32913,0.006821,0.450790,-0.044693,-0.003293,-0.045196,0.008235,-0.998939,0.045662,0.000000
32917,0.006815,0.450791,-0.044700,-0.003314,-0.045146,0.008149,-0.998942,0.046005,-0.000343
32920,0.006816,0.450788,-0.044703,-0.003216,-0.045199,0.008236,-0.998939,0.046005,-0.000343
32924,0.006830,0.450789,-0.044698,-0.003141,-0.045231,0.008218,-0.998938,0.046005,-0.000343
32927,0.006844,0.450791,-0.044689,-0.003298,-0.045171,0.008243,-0.998940,0.046005,0.000000
32931,0.006856,0.450785,-0.044672,-0.003210,-0.045202,0.008239,-0.998939,0.046349,0.000000
32934,0.006870,0.450794,-0.044654,-0.003281,-0.045216,0.008270,-0.998938,0.046349,-0.000343
32938,0.006860,0.450782,-0.044640,-0.003245,-0.045217,0.008227,-0.998938,0.046349,-0.000343
32942,0.006859,0.450797,-0.044626,-0.003082,-0.045340,0.008272,-0.998933,0.046692,0.000000
32945,0.006855,0.450787,-0.044638,-0.003342,-0.045225,0.008235,-0.998937,0.046692,-0.000343
32948,0.006852,0.450788,-0.044648,-0.003306,-0.045198,0.008254,-0.998939,0.046692,0.000000
32952,0.006843,0.450784,-0.044671,-0.003244,-0.045161,0.008197,-0.998941,0.047035,0.000000
32956,0.006846,0.450791,-0.044696,-0.003224,-0.045212,0.008170,-0.998939,0.047035,-0.000343
32959,0.006840,0.450791,-0.044707,-0.003242,-0.045157,0.008206,-0.998941,0.047035,0.000000
32963,0.006834,0.450790,-0.044716,-0.003190,-0.045209,0.008110,-0.998940,0.047035,-0.000343
32966,0.006834,0.450793,-0.044711,-0.003217,-0.045195,0.008193,-0.998939,0.047035,-0.000343
32970,0.006831,0.450790,-0.044701,-0.003212,-0.045194,0.008113,-0.998940,0.047035,-0.000343
32973,0.006827,0.450780,-0.044691,-0.003219,-0.045186,0.008162,-0.998940,0.047379,-0.000343
32977,0.006841,0.450785,-0.044673,-0.003268,-0.045183,0.008134,-0.998940,0.047379,-0.000343
32981,0.006853,0.450787,-0.044658,-0.003377,-0.045133,0.008181,-0.998942,0.047035,-0.000343
32984,0.006856,0.450783,-0.044650,-0.003234,-0.045216,0.008121,-0.998939,0.047035,0.000000
32988,0.006869,0.450786,-0.044652,-0.003294,-0.045188,0.008215,-0.998939,0.047379,0.000000
32991,0.006866,0.450784,-0.044656,-0.003148,-0.045259,0.008175,-0.998937,0.047379,-0.000343
32995,0.006857,0.450779,-0.044668,-0.003257,-0.045177,0.008171,-0.998940,0.047379,0.000000
32995,0.006857,0.450779,-0.044668,-0.003257,-0.045177,0.008171,-0.998940,0.047379,-0.000343
32995,0.006857,0.450779,-0.044668,-0.003257,-0.045177,0.008171,-0.998940,0.047379,-0.000343
32995,0.006857,0.450779,-0.044668,-0.003257,-0.045177,0.008171,-0.998940,0.047379,-0.000343
32995,0.006857,0.450779,-0.044668,-0.003257,-0.045177,0.008171,-0.998940,0.047379,0.000000
32995,0.006857,0.450779,-0.044668,-0.003257,-0.045177,0.008171,-0.998940,0.047379,0.000000
32995,0.006857,0.450779,-0.044668,-0.003257,-0.045177,0.008171,-0.998940,0.047379,-0.000343
32995,0.006857,0.450779,-0.044668,-0.003257,-0.045177,0.008171,-0.998940,0.047379,-0.000343
32995,0.006857,0.450779,-0.044668,-0.003257,-0.045177,0.008171,-0.998940,0.047379,0.000000
32995,0.006857,0.450779,-0.044668,-0.003257,-0.045177,0.008171,-0.998940,0.047379,0.000000
32995,0.006857,0.450779,-0.044668,-0.003257,-0.045177,0.008171,-0.998940,0.047379,-0.000343
32995,0.006857,0.450779,-0.044668,-0.003257,-0.045177,0.008171,-0.998940,0.047379,-0.000343
32995,0.006857,0.450779,-0.044668,-0.003257,-0.045177,0.008171,-0.998940,0.047379,-0.000343
32995,0.006857,0.450779,-0.044668,-0.003257,-0.045177,0.008171,-0.998940,0.047379,0.000000
32995,0.006857,0.450779,-0.044668,-0.003257,-0.045177,0.008171,-0.998940,0.047379,0.000000
32995,0.006857,0.450779,-0.044668,-0.003257,-0.045177,0.008171,-0.998940,0.047379,-0.000343
32995,0.006857,0.450779,-0.044668,-0.003257,-0.045177,0.008171,-0.998940,0.047379,-0.000343
32995,0.006857,0.450779,-0.044668,-0.003257,-0.045177,0.008171,-0.998940,0.047379,-0.000343
32995,0.006857,0.450779,-0.044668,-0.003257,-0.045177,0.008171,-0.998940,0.047379,0.000000
32995,0.006857,0.450779,-0.044668,-0.003257,-0.045177,0.008171,-0.998940,0.047379,0.000000
32995,0.006857,0.450779,-0.044668,-0.003257,-0.045177,0.008171,-0.998940,0.047379,0.000000
32995,0.006857,0.450779,-0.044668,-0.003257,-0.045177,0.008171,-0.998940,0.047379,0.000000
32995,0.006857,0.450779,-0.044668,-0.003257,-0.045177,0.008171,-0.998940,0.047379,-0.000343
32995,0.006857,0.450779,-0.044668,-0.003257,-0.045177,0.008171,-0.998940,0.047379,-0.000343
32995,0.006857,0.450779,-0.044668,-0.003257,-0.045177,0.008171,-0.998940,0.047379,-0.000343
32995,0.006857,0.450779,-0.044668,-0.003257,-0.045177,0.008171,-0.998940,0.047379,-0.000343
32995,0.006857,0.450779,-0.044668,-0.003257,-0.045177,0.008171,-0.998940,0.047379,0.000000
32995,0.006857,0.450779,-0.044668,-0.003257,-0.045177,0.008171,-0.998940,0.047379,0.000000
32995,0.006857,0.450779,-0.044668,-0.003257,-0.045177,0.008171,-0.998940,0.047379,-0.000343
32995,0.006857,0.450779,-0.044668,-0.003257,-0.045177,0.008171,-0.998940,0.047379,-0.000343
33101,0.006857,0.450794,-0.044641,-0.003051,-0.045319,0.008306,-0.998933,0.047379,-0.000343
33105,0.006853,0.450777,-0.044631,-0.003316,-0.045178,0.008153,-0.998940,0.047379,0.000000
33108,0.006855,0.450779,-0.044622,-0.003211,-0.045242,0.008145,-0.998938,0.047035,0.000000
33112,0.006866,0.450785,-0.044627,-0.003293,-0.045215,0.008151,-0.998939,0.047379,0.000000
33112,0.006866,0.450785,-0.044627,-0.003293,-0.045215,0.008151,-0.998939,0.047379,0.000000
33112,0.006866,0.450785,-0.044627,-0.003293,-0.045215,0.008151,-0.998939,0.047379,0.000000
33112,0.006866,0.450785,-0.044627,-0.003293,-0.045215,0.008151,-0.998939,0.047379,0.000000
33112,0.006866,0.450785,-0.044627,-0.003293,-0.045215,0.008151,-0.998939,0.047379,0.000000
33112,0.006866,0.450785,-0.044627,-0.003293,-0.045215,0.008151,-0.998939,0.047379,0.000000
33112,0.006866,0.450785,-0.044627,-0.003293,-0.045215,0.008151,-0.998939,0.047379,0.000000
33112,0.006866,0.450785,-0.044627,-0.003293,-0.045215,0.008151,-0.998939,0.047379,0.000000
33112,0.006866,0.450785,-0.044627,-0.003293,-0.045215,0.008151,-0.998939,0.047379,0.000000
33112,0.006866,0.450785,-0.044627,-0.003293,-0.045215,0.008151,-0.998939,0.047379,0.000000
33112,0.006866,0.450785,-0.044627,-0.003293,-0.045215,0.008151,-0.998939,0.047379,0.000000
33112,0.006866,0.450785,-0.044627,-0.003293,-0.045215,0.008151,-0.998939,0.047379,0.000000
33112,0.006866,0.450785,-0.044627,-0.003293,-0.045215,0.008151,-0.998939,0.047379,0.000000
33112,0.006866,0.450785,-0.044627,-0.003293,-0.045215,0.008151,-0.998939,0.047379,0.000000
33112,0.006866,0.450785,-0.044627,-0.003293,-0.045215,0.008151,-0.998939,0.047379,0.000000
33112,0.006866,0.450785,-0.044627,-0.003293,-0.045215,0.008151,-0.998939,0.047379,0.000000
33112,0.006866,0.450785,-0.044627,-0.003293,-0.045215,0.008151,-0.998939,0.047379,0.000000
