0,0.000000,0.000000,0.000000,0.000000,0.000000,0.000000,0.000000,0.000000,0.000000
0,0.000000,0.000000,0.000000,0.000000,0.000000,0.000000,0.000000,0.000000,0.000000
0,0.000000,0.000000,0.000000,0.000000,0.000000,0.000000,0.000000,0.000000,0.000000
0,0.000000,0.000000,0.000000,0.000000,0.000000,0.000000,0.000000,0.000000,0.000000
0,0.000000,0.000000,0.000000,0.000000,0.000000,0.000000,0.000000,0.000000,0.000000
0,0.000000,0.000000,0.000000,0.000000,0.000000,0.000000,0.000000,0.000000,0.000000
0,0.000000,0.000000,0.000000,0.000000,0.000000,0.000000,0.000000,0.000000,0.000000
0,0.000000,0.000000,0.000000,0.000000,0.000000,0.000000,0.000000,0.000000,0.000000
0,0.000000,0.000000,0.000000,0.000000,0.000000,0.000000,0.000000,0.000000,0.000000
0,0.000000,0.000000,0.000000,0.000000,0.000000,0.000000,0.000000,0.000000,0.000000
0,0.000000,0.000000,0.000000,0.000000,0.000000,0.000000,0.000000,0.000000,0.000000
0,0.000000,0.000000,0.000000,0.000000,0.000000,0.000000,0.000000,0.000000,0.000000
0,0.000000,0.000000,0.000000,0.000000,0.000000,0.000000,0.000000,0.000000,0.000000
0,0.000000,0.000000,0.000000,0.000000,0.000000,0.000000,0.000000,0.000000,0.000000
0,0.000000,0.000000,0.000000,0.000000,0.000000,0.000000,0.000000,0.000000,0.000000
0,0.000000,0.000000,0.000000,0.000000,0.000000,0.000000,0.000000,0.000000,0.000000
0,0.000000,0.000000,0.000000,0.000000,0.000000,0.000000,0.000000,0.000000,0.000000
0,0.000000,0.000000,0.000000,0.000000,0.000000,0.000000,0.000000,0.000000,0.000000
0,0.000000,0.000000,0.000000,0.000000,0.000000,0.000000,0.000000,0.000000,0.000000
0,0.000000,0.000000,0.000000,0.000000,0.000000,0.000000,0.000000,0.000000,0.000000
0,0.000000,0.000000,0.000000,0.000000,0.000000,0.000000,0.000000,0.000000,0.000000
10970,0.003951,0.449781,-0.042614,-0.017571,-0.025213,0.001479,-0.999527,0.001030,0.000000
10973,0.003943,0.449777,-0.042614,-0.017384,-0.025260,0.001391,-0.999529,0.001030,0.000000
10977,0.003942,0.449776,-0.042612,-0.017599,-0.025226,0.001501,-0.999526,0.000687,0.000000
10981,0.003942,0.449777,-0.042615,-0.017514,-0.025237,0.001377,-0.999527,0.001030,-0.000343
10984,0.003946,0.449778,-0.042615,-0.017537,-0.025223,0.001462,-0.999527,0.000687,0.000000
10988,0.003946,0.449777,-0.042620,-0.017464,-0.025249,0.001485,-0.999528,0.001030,-0.000343
10991,0.003947,0.449778,-0.042615,-0.017483,-0.025247,0.001466,-0.999527,0.000687,0.000000
10995,0.003943,0.449775,-0.042618,-0.017466,-0.025279,0.001450,-0.999527,0.000687,0.000000
10998,0.003943,0.449776,-0.042619,-0.017571,-0.025239,0.001501,-0.999526,0.001030,-0.000343
11002,0.003941,0.449774,-0.042623,-0.017395,-0.025301,0.001376,-0.999528,0.000687,0.000000
11006,0.003943,0.449775,-0.042629,-0.017571,-0.025221,0.001408,-0.999527,0.000687,-0.000343
11009,0.003944,0.449775,-0.042627,-0.017542,-0.025219,0.001435,-0.999527,0.001030,-0.000343
11012,0.003950,0.449781,-0.042625,-0.017651,-0.025203,0.001531,-0.999525,0.000687,0.000000
11016,0.003946,0.449776,-0.042623,-0.017441,-0.025241,0.001411,-0.999528,0.000687,-0.000343
11020,0.003950,0.449775,-0.042619,-0.017461,-0.025263,0.001403,-0.999527,0.000687,0.000000
11023,0.003949,0.449777,-0.042617,-0.017547,-0.025192,0.001421,-0.999528,0.001030,-0.000343
11027,0.003947,0.449775,-0.042616,-0.017480,-0.025274,0.001393,-0.999527,0.001030,-0.000343
11030,0.003947,0.449775,-0.042614,-0.017547,-0.025254,0.001440,-0.999526,0.001030,-0.000343
11034,0.003942,0.449776,-0.042621,-0.017468,-0.025215,0.001379,-0.999529,0.000687,-0.000343
11037,0.003940,0.449775,-0.042624,-0.017441,-0.025240,0.001371,-0.999528,0.000687,-0.000343
11041,0.003943,0.449777,-0.042628,-0.017524,-0.025210,0.001426,-0.999528,0.000687,-0.000343
11044,0.003945,0.449777,-0.042631,-0.017481,-0.025254,0.001453,-0.999527,0.000687,-0.000343
11048,0.003945,0.449778,-0.042633,-0.017369,-0.025299,0.001390,-0.999528,0.000687,-0.000343
11052,0.003948,0.449779,-0.042630,-0.017615,-0.025193,0.001498,-0.999526,0.001030,0.000000
11055,0.003943,0.449776,-0.042624,-0.017381,-0.025287,0.001374,-0.999528,0.001030,0.000000
11059,0.003942,0.449776,-0.042615,-0.017646,-0.025183,0.001468,-0.999526,0.000687,-0.000343
11062,0.003940,0.449774,-0.042611,-0.017449,-0.025263,0.001398,-0.999528,0.000687,-0.000343
11066,0.003946,0.449779,-0.042606,-0.017590,-0.025183,0.001451,-0.999527,0.000687,-0.000343
11069,0.003946,0.449776,-0.042610,-0.017407,-0.025245,0.001377,-0.999529,0.000687,-0.000343
11073,0.003950,0.449777,-0.042610,-0.017674,-0.025198,0.001502,-0.999525,0.001030,0.000000
11077,0.003947,0.449776,-0.042618,-0.017484,-0.025262,0.001442,-0.999527,0.000687,-0.000343
11080,0.003945,0.449777,-0.042623,-0.017487,-0.025267,0.001469,-0.999527,0.000687,-0.000343
11083,0.003939,0.449775,-0.042628,-0.017440,-0.025289,0.001381,-0.999527,0.001030,-0.000343
11087,0.003942,0.449778,-0.042633,-0.017599,-0.025202,0.001506,-0.999526,0.000687,-0.000343
11091,0.003944,0.449776,-0.042634,-0.017504,-0.025238,0.001460,-0.999527,0.000687,-0.000343
11094,0.003946,0.449776,-0.042630,-0.017545,-0.025258,0.001532,-0.999526,0.000687,-0.000343
11098,0.003944,0.449778,-0.042624,-0.017537,-0.025234,0.001467,-0.999527,0.000687,-0.000343
11101,0.003940,0.449778,-0.042616,-0.017490,-0.025244,0.001476,-0.999527,0.000687,-0.000343
11104,0.003937,0.449775,-0.042612,-0.017483,-0.025255,0.001374,-0.999527,0.000687,-0.000343
11108,0.003935,0.449773,-0.042605,-0.017571,-0.025202,0.001450,-0.999527,0.000687,-0.000343
11112,0.003938,0.449776,-0.042606,-0.017560,-0.025213,0.001449,-0.999527,0.000687,-0.000343
11115,0.003943,0.449774,-0.042608,-0.017540,-0.025229,0.001476,-0.999527,0.000687,-0.000343
11119,0.003947,0.449777,-0.042612,-0.017584,-0.025171,0.001457,-0.999527,0.000687,-0.000343
11123,0.003948,0.449775,-0.042614,-0.017456,-0.025272,0.001364,-0.999527,0.001030,-0.000343
11126,0.003948,0.449772,-0.042622,-0.017638,-0.025206,0.001475,-0.999526,0.000687,-0.000343
11130,0.003946,0.449774,-0.042630,-0.017396,-0.025265,0.001351,-0.999529,0.000687,-0.000343
11133,0.003950,0.449777,-0.042636,-0.017559,-0.025230,0.001459,-0.999526,0.000687,-0.000343
11137,0.003948,0.449776,-0.042640,-0.017439,-0.025261,0.001436,-0.999528,0.001030,-0.000343
11140,0.003947,0.449775,-0.042638,-0.017548,-0.025219,0.001467,-0.999527,0.001030,-0.000343
11144,0.003933,0.449775,-0.042634,-0.017381,-0.025255,0.001363,-0.999529,0.000687,-0.000343
11148,0.003926,0.449774,-0.042625,-0.017520,-0.025269,0.001452,-0.999526,0.000687,-0.000343
11151,0.003920,0.449773,-0.042618,-0.017431,-0.025297,0.001376,-0.999527,0.001030,-0.000343
11155,0.003916,0.449773,-0.042613,-0.017487,-0.025256,0.001422,-0.999527,0.000687,-0.000343
11158,0.003917,0.449774,-0.042609,-0.017559,-0.025223,0.001380,-0.999527,0.000687,-0.000343
11162,0.003918,0.449775,-0.042607,-0.017478,-0.025241,0.001431,-0.999528,0.001030,-0.000343
11165,0.003920,0.449775,-0.042606,-0.017357,-0.025262,0.001302,-0.999529,0.000687,-0.000343
11169,0.003930,0.449777,-0.042600,-0.017631,-0.025221,0.001468,-0.999525,0.001030,-0.000343
11172,0.003934,0.449776,-0.042603,-0.017460,-0.025266,0.001430,-0.999527,0.000687,-0.000343
11176,0.003944,0.449777,-0.042606,-0.017488,-0.025247,0.001448,-0.999527,0.000687,-0.000343
11180,0.003947,0.449774,-0.042613,-0.017581,-0.025227,0.001527,-0.999526,0.000687,-0.000343
11183,0.003948,0.449778,-0.042619,-0.017501,-0.025214,0.001458,-0.999528,0.000687,-0.000343
11187,0.003939,0.449777,-0.042625,-0.017485,-0.025238,0.001489,-0.999527,0.000687,-0.000343
11190,0.003931,0.449777,-0.042627,-0.017607,-0.025216,0.001455,-0.999526,0.000687,-0.000343
11193,0.003921,0.449774,-0.042631,-0.017437,-0.025272,0.001377,-0.999528,0.000687,-0.000343
11197,0.003916,0.449777,-0.042632,-0.017535,-0.025218,0.001445,-0.999527,0.000687,-0.000343
11201,0.003916,0.449776,-0.042627,-0.017577,-0.025258,0.001516,-0.999525,0.001030,-0.000343
11204,0.003918,0.449776,-0.042627,-0.017659,-0.025193,0.001472,-0.999526,0.000687,-0.000343
11208,0.003918,0.449774,-0.042622,-0.017476,-0.025255,0.001448,-0.999527,0.000687,-0.000343
11211,0.003922,0.449777,-0.042619,-0.017607,-0.025203,0.001431,-0.999526,0.000687,-0.000343
11215,0.003927,0.449775,-0.042611,-0.017537,-0.025252,0.001472,-0.999526,0.000687,-0.000343
11218,0.003931,0.449778,-0.042615,-0.017613,-0.025203,0.001453,-0.999526,0.000687,-0.000343
11222,0.003937,0.449775,-0.042613,-0.017536,-0.025235,0.001482,-0.999527,0.001030,-0.000343
11225,0.003943,0.449779,-0.042612,-0.017628,-0.025233,0.001499,-0.999525,0.001030,-0.000343
11229,0.003939,0.449777,-0.042614,-0.017472,-0.025249,0.001466,-0.999527,0.000687,-0.000343
11232,0.003936,0.449777,-0.042614,-0.017444,-0.025261,0.001428,-0.999528,0.001030,-0.000343
11236,0.003930,0.449775,-0.042612,-0.017585,-0.025225,0.001498,-0.999526,0.045662,-0.000343
11240,0.003924,0.449779,-0.042617,-0.017439,-0.025240,0.001343,-0.999528,0.108833,0.000000
11243,0.003921,0.449775,-0.042619,-0.017514,-0.025239,0.001465,-0.999527,0.383492,-0.000343
11247,0.003927,0.449775,-0.042620,-0.017541,-0.025241,0.001448,-0.999526,0.786209,-0.000343
11250,0.003939,0.449778,-0.042618,-0.017504,-0.025289,0.001571,-0.999526,1.339989,-0.000343
11254,0.003945,0.449780,-0.042621,-0.017587,-0.025288,0.001500,-0.999524,2.001228,-0.000343
11254,0.003945,0.449780,-0.042621,-0.017587,-0.025288,0.001500,-0.999524,2.703667,-0.000343
11254,0.003945,0.449780,-0.042621,-0.017587,-0.025288,0.001500,-0.999524,3.719902,-0.000343
11254,0.003945,0.449780,-0.042621,-0.017587,-0.025288,0.001500,-0.999524,4.173088,-0.000343
11254,0.003945,0.449780,-0.042621,-0.017587,-0.025288,0.001500,-0.999524,4.957924,-0.000343
11254,0.003945,0.449780,-0.042621,-0.017587,-0.025288,0.001500,-0.999524,5.788422,-0.000343
11254,0.003945,0.449780,-0.042621,-0.017587,-0.025288,0.001500,-0.999524,6.968422,-0.000343
11254,0.003945,0.449780,-0.042621,-0.017587,-0.025288,0.001500,-0.999524,7.703476,-0.000343
11254,0.003945,0.449780,-0.042621,-0.017587,-0.025288,0.001500,-0.999524,7.895050,-0.000343
11254,0.003945,0.449780,-0.042621,-0.017587,-0.025288,0.001500,-0.999524,8.035126,-0.000343
11254,0.003945,0.449780,-0.042621,-0.017587,-0.025288,0.001500,-0.999524,7.818489,-0.000343
11254,0.003945,0.449780,-0.042621,-0.017587,-0.025288,0.001500,-0.999524,7.660904,-0.000343
11254,0.003945,0.449780,-0.042621,-0.017587,-0.025288,0.001500,-0.999524,7.451477,-0.000343
11254,0.003945,0.449780,-0.042621,-0.017587,-0.025288,0.001500,-0.999524,7.508812,-0.000343
11254,0.003945,0.449780,-0.042621,-0.017587,-0.025288,0.001500,-0.999524,7.711372,-0.000343
11254,0.003945,0.449780,-0.042621,-0.017587,-0.025288,0.001500,-0.999524,8.215370,-0.000343
11254,0.003945,0.449780,-0.042621,-0.017587,-0.025288,0.001500,-0.999524,8.879013,-0.000343
11254,0.003945,0.449780,-0.042621,-0.017587,-0.025288,0.001500,-0.999524,9.776115,-0.000343
11254,0.003945,0.449780,-0.042621,-0.017587,-0.025288,0.001500,-0.999524,10.054550,-0.000343
11254,0.003945,0.449780,-0.042621,-0.017587,-0.025288,0.001500,-0.999524,10.403709,-0.000343
11254,0.003945,0.449780,-0.042621,-0.017587,-0.025288,0.001500,-0.999524,10.589790,-0.000343
11254,0.003945,0.449780,-0.042621,-0.017587,-0.025288,0.001500,-0.999524,10.676651,-0.000343
11254,0.003945,0.449780,-0.042621,-0.017587,-0.025288,0.001500,-0.999524,10.847969,-0.000343
11254,0.003945,0.449780,-0.042621,-0.017587,-0.025288,0.001500,-0.999524,10.988388,-0.000343
11254,0.003945,0.449780,-0.042621,-0.017587,-0.025288,0.001500,-0.999524,11.375313,-0.000343
11254,0.003945,0.449780,-0.042621,-0.017587,-0.025288,0.001500,-0.999524,11.927376,-0.000343
11254,0.003945,0.449780,-0.042621,-0.017587,-0.025288,0.001500,-0.999524,12.820358,-0.000343
11254,0.003945,0.449780,-0.042621,-0.017587,-0.025288,0.001500,-0.999524,13.226509,-0.000343
11254,0.003945,0.449780,-0.042621,-0.017587,-0.025288,0.001500,-0.999524,13.753166,-0.000343
11254,0.003945,0.449780,-0.042621,-0.017587,-0.025288,0.001500,-0.999524,14.067307,-0.000343
11361,0.004612,0.449830,-0.042331,-0.019588,-0.025565,0.005377,-0.999467,14.196053,-0.000343
11364,0.004610,0.449840,-0.042322,-0.019456,-0.025608,0.005566,-0.999467,14.195709,-0.000343
11368,0.004605,0.449840,-0.042317,-0.019327,-0.025655,0.005555,-0.999469,14.183006,-0.000343
11371,0.004602,0.449829,-0.042327,-0.019632,-0.025517,0.005386,-0.999467,14.182320,-0.000343
11375,0.004598,0.449829,-0.042326,-0.019631,-0.025574,0.005437,-0.999465,14.250641,-0.000343
11378,0.004603,0.449832,-0.042331,-0.019656,-0.025519,0.005461,-0.999466,14.521179,-0.000343
11382,0.004639,0.449836,-0.042322,-0.019630,-0.025627,0.005631,-0.999463,14.942436,-0.000343
11385,0.004688,0.449840,-0.042310,-0.019946,-0.025540,0.005942,-0.999457,15.673714,-0.000343
11389,0.004779,0.449849,-0.042277,-0.020131,-0.025537,0.006459,-0.999450,15.987167,-0.000343
11392,0.004839,0.449857,-0.042252,-0.020207,-0.025610,0.006827,-0.999444,16.371002,-0.000343
11396,0.004893,0.449865,-0.042224,-0.020486,-0.025518,0.007150,-0.999439,16.593819,-0.000343
11399,0.004916,0.449866,-0.042206,-0.020478,-0.025539,0.007327,-0.999437,16.695442,-0.000343
11403,0.004925,0.449872,-0.042186,-0.020518,-0.025538,0.007320,-0.999437,16.730804,-0.000343
11406,0.004926,0.449868,-0.042174,-0.020506,-0.025576,0.007383,-0.999435,16.784019,-0.000343
11410,0.004931,0.449867,-0.042167,-0.020666,-0.025508,0.007399,-0.999434,16.959114,-0.000343
11414,0.004950,0.449869,-0.042160,-0.020719,-0.025539,0.007609,-0.999430,17.464142,-0.000343
11417,0.004994,0.449876,-0.042154,-0.020852,-0.025508,0.007824,-0.999426,17.752876,-0.000343
11421,0.005099,0.449891,-0.042130,-0.021017,-0.025513,0.008510,-0.999417,18.279877,-0.000343
11424,0.005175,0.449903,-0.042114,-0.021188,-0.025483,0.008818,-0.999412,18.784561,-0.000343
11428,0.005255,0.449911,-0.042093,-0.021429,-0.025502,0.009421,-0.999401,19.315338,-0.000343
11432,0.005319,0.449917,-0.042066,-0.021495,-0.025542,0.009740,-0.999395,19.578667,-0.000343
11435,0.005347,0.449922,-0.042044,-0.021600,-0.025562,0.009980,-0.999390,19.683037,-0.000343
11439,0.005376,0.449923,-0.042010,-0.021905,-0.025508,0.010184,-0.999383,19.905510,-0.000343
11442,0.005405,0.449924,-0.041984,-0.021889,-0.025559,0.010427,-0.999379,20.135880,-0.000343
11446,0.005453,0.449933,-0.041958,-0.022005,-0.025571,0.010637,-0.999374,20.423927,-0.000343
11449,0.005505,0.449937,-0.041940,-0.022215,-0.025558,0.010978,-0.999366,20.808105,-0.000343
11453,0.005591,0.449946,-0.041917,-0.022279,-0.025635,0.011498,-0.999357,21.402740,-0.000343
11456,0.005655,0.449955,-0.041902,-0.022517,-0.025658,0.011919,-0.999346,21.607361,-0.000343
11460,0.005723,0.449960,-0.041882,-0.022665,-0.025697,0.012347,-0.999337,22.013168,-0.000343
11463,0.005766,0.449965,-0.041870,-0.022790,-0.025708,0.012662,-0.999329,22.413483,-0.000343
11467,0.005805,0.449970,-0.041853,-0.022786,-0.025763,0.012895,-0.999325,22.641792,-0.000343
11471,0.005843,0.449970,-0.041829,-0.022950,-0.025744,0.013157,-0.999318,22.760239,-0.000343
11474,0.005876,0.449974,-0.041806,-0.023207,-0.025683,0.013400,-0.999311,23.017731,-0.000343
11477,0.005911,0.449974,-0.041787,-0.023185,-0.025718,0.013611,-0.999308,23.431091,-0.000343
11481,0.005976,0.449978,-0.041756,-0.023347,-0.025765,0.013977,-0.999298,23.635368,-0.000343
11485,0.006058,0.449984,-0.041727,-0.023542,-0.025792,0.014402,-0.999286,24.037056,-0.000343
11488,0.006127,0.450003,-0.041695,-0.023957,-0.025684,0.014775,-0.999274,24.619331,-0.000343
11492,0.006198,0.450000,-0.041670,-0.024037,-0.025832,0.015315,-0.999260,24.866524,-0.000343
11495,0.006254,0.450013,-0.041647,-0.024318,-0.025788,0.015776,-0.999247,25.241089,-0.000343
11499,0.006310,0.450017,-0.041625,-0.024306,-0.025793,0.016112,-0.999242,25.728264,-0.000343
11503,0.006370,0.450026,-0.041597,-0.024698,-0.025757,0.016626,-0.999225,25.910225,-0.000343
11506,0.006412,0.450027,-0.041578,-0.024599,-0.025841,0.016841,-0.999222,26.338692,-0.000343
11510,0.006471,0.450035,-0.041547,-0.024830,-0.025803,0.017199,-0.999211,26.664505,-0.000343
11513,0.006514,0.450037,-0.041525,-0.024850,-0.025829,0.017441,-0.999205,26.884575,-0.000343
11517,0.006586,0.450047,-0.041490,-0.025101,-0.025810,0.017926,-0.999191,27.276993,-0.000343
11520,0.006646,0.450049,-0.041469,-0.025152,-0.025837,0.018245,-0.999183,27.698250,-0.000343
11524,0.006758,0.450063,-0.041426,-0.025527,-0.025865,0.019041,-0.999158,28.294945,-0.000343
11527,0.006851,0.450072,-0.041391,-0.025784,-0.025906,0.019624,-0.999139,28.921509,-0.000343
11531,0.006987,0.450087,-0.041344,-0.026230,-0.025862,0.020552,-0.999110,29.631844,-0.000343
11535,0.007143,0.450098,-0.041276,-0.026715,-0.025904,0.021653,-0.999073,30.294800,-0.000343
11538,0.007266,0.450107,-0.041221,-0.027083,-0.025998,0.022472,-0.999042,31.096802,-0.000343
11542,0.007420,0.450119,-0.041145,-0.027406,-0.025987,0.023302,-0.999015,31.812973,-0.000343
11545,0.007530,0.450131,-0.041084,-0.027946,-0.025933,0.024013,-0.998984,32.526741,-0.000343
11548,0.007640,0.450140,-0.041028,-0.028160,-0.025986,0.024662,-0.998961,33.455429,-0.000343
11552,0.007770,0.450148,-0.040961,-0.028499,-0.025983,0.025585,-0.998929,33.809738,-0.000343
11556,0.007879,0.450156,-0.040911,-0.028897,-0.025992,0.026298,-0.998898,34.452782,-0.000343
11559,0.007948,0.450160,-0.040885,-0.029070,-0.026016,0.026755,-0.998881,34.781685,-0.000343
11563,0.008010,0.450166,-0.040866,-0.029151,-0.026048,0.027136,-0.998867,35.017891,-0.000343
11566,0.008050,0.450172,-0.040857,-0.029344,-0.026015,0.027420,-0.998854,35.151787,-0.000343
11570,0.008094,0.450173,-0.040838,-0.029488,-0.026054,0.027753,-0.998840,35.406876,-0.000343
11574,0.008156,0.450179,-0.040812,-0.029616,-0.026071,0.028053,-0.998827,35.711746,-0.000343
11577,0.008213,0.450178,-0.040780,-0.029821,-0.026069,0.028538,-0.998808,36.435471,-0.000343
11581,0.008323,0.450183,-0.040729,-0.030184,-0.026104,0.029225,-0.998776,36.697083,0.000000
11584,0.008424,0.450192,-0.040681,-0.030512,-0.026090,0.029880,-0.998747,37.264595,-0.000343
11588,0.008559,0.450199,-0.040617,-0.030906,-0.026114,0.030661,-0.998711,37.770309,-0.000343
11591,0.008656,0.450206,-0.040573,-0.031171,-0.026099,0.031339,-0.998682,38.300400,-0.000343
11595,0.008745,0.450215,-0.040534,-0.031275,-0.026099,0.031776,-0.998665,38.849030,-0.000343
11598,0.008794,0.450217,-0.040514,-0.031442,-0.026118,0.032139,-0.998647,39.034767,-0.000343
11602,0.008857,0.450220,-0.040484,-0.031723,-0.026065,0.032552,-0.998626,39.375687,-0.000343
11605,0.008897,0.450223,-0.040466,-0.031898,-0.026110,0.032932,-0.998607,39.734116,0.000000
11609,0.008974,0.450231,-0.040440,-0.032145,-0.026148,0.033406,-0.998583,40.130310,-0.000343
11612,0.009051,0.450231,-0.040406,-0.032446,-0.026158,0.033997,-0.998553,40.607529,-0.000343
11616,0.009173,0.450238,-0.040360,-0.032659,-0.026208,0.034721,-0.998519,41.135559,-0.000343
11620,0.009297,0.450234,-0.040310,-0.033198,-0.026155,0.035433,-0.998478,41.667366,-0.000343
11623,0.009376,0.450237,-0.040271,-0.033448,-0.026164,0.035886,-0.998453,42.186813,-0.000343
11626,0.009450,0.450239,-0.040231,-0.033663,-0.026109,0.036398,-0.998429,42.681885,0.000000
11630,0.009547,0.450243,-0.040179,-0.033886,-0.026140,0.036902,-0.998402,43.114815,-0.000343
11634,0.009631,0.450248,-0.040136,-0.034314,-0.026102,0.037527,-0.998365,43.526459,-0.000343
11637,0.009690,0.450256,-0.040111,-0.034452,-0.026136,0.037879,-0.998346,43.997154,-0.000343
11641,0.009779,0.450263,-0.040075,-0.034533,-0.026280,0.038440,-0.998318,44.382362,-0.000343
11644,0.009844,0.450269,-0.040057,-0.034733,-0.026225,0.038836,-0.998297,44.841042,-0.000343
11648,0.009943,0.450272,-0.040015,-0.035089,-0.026229,0.039505,-0.998259,45.350533,-0.000343
11651,0.010032,0.450276,-0.039976,-0.035187,-0.026272,0.040027,-0.998233,46.092453,-0.000343
11655,0.010157,0.450277,-0.039921,-0.035798,-0.026218,0.040932,-0.998176,46.402473,-0.000343
11659,0.010288,0.450279,-0.039860,-0.036229,-0.026206,0.041780,-0.998126,46.937370,0.000000
11662,0.010374,0.450283,-0.039816,-0.036474,-0.026219,0.042284,-0.998095,47.433815,0.000000
11666,0.010481,0.450283,-0.039768,-0.036998,-0.026145,0.043038,-0.998046,47.862625,-0.000343
11669,0.010561,0.450283,-0.039733,-0.037130,-0.026164,0.043517,-0.998020,48.382759,0.000000
11673,0.010659,0.450285,-0.039690,-0.037307,-0.026232,0.044170,-0.997983,48.851051,-0.000343
11676,0.010729,0.450286,-0.039664,-0.037578,-0.026170,0.044608,-0.997954,49.541473,-0.000343
11680,0.010835,0.450296,-0.039624,-0.037946,-0.026080,0.045289,-0.997912,49.840851,-0.000343
11684,0.010951,0.450295,-0.039575,-0.038168,-0.026218,0.046056,-0.997865,50.388794,0.000000
11687,0.011045,0.450296,-0.039535,-0.038536,-0.026143,0.046678,-0.997824,51.153717,0.000000
11691,0.011164,0.450304,-0.039486,-0.038779,-0.026151,0.047373,-0.997782,51.455154,0.000000
11694,0.011255,0.450309,-0.039437,-0.039094,-0.026174,0.047937,-0.997742,51.998978,0.000000
11698,0.011362,0.450308,-0.039385,-0.039472,-0.026107,0.048665,-0.997693,52.725792,0.000000
11701,0.011441,0.450310,-0.039345,-0.039605,-0.026215,0.049217,-0.997658,53.041992,0.000000
11705,0.011543,0.450311,-0.039292,-0.039893,-0.026214,0.049779,-0.997619,53.532600,-0.000343
11708,0.011613,0.450307,-0.039257,-0.040091,-0.026247,0.050311,-0.997583,54.044838,0.000000
11712,0.011715,0.450309,-0.039217,-0.040379,-0.026325,0.050954,-0.997537,54.794312,0.000000
11715,0.011800,0.450316,-0.039184,-0.040770,-0.026270,0.051570,-0.997491,55.128365,0.000000
11719,0.011927,0.450319,-0.039136,-0.041202,-0.026297,0.052372,-0.997431,55.683174,0.000000
11723,0.012050,0.450321,-0.039086,-0.041354,-0.026405,0.053103,-0.997383,56.259956,0.000000
11726,0.012136,0.450321,-0.039054,-0.041696,-0.026328,0.053619,-0.997343,56.844292,0.000000
11730,0.012258,0.450322,-0.038996,-0.042064,-0.026351,0.054362,-0.997287,57.403564,0.000000
11733,0.012335,0.450324,-0.038958,-0.042393,-0.026237,0.054880,-0.997248,58.169861,0.000000
11737,0.012437,0.450319,-0.038900,-0.042609,-0.026313,0.055526,-0.997201,58.683472,0.000000
11740,0.012513,0.450317,-0.038859,-0.042959,-0.026298,0.056044,-0.997157,58.941307,0.000000
11744,0.012611,0.450312,-0.038809,-0.043154,-0.026341,0.056715,-0.997109,59.537315,0.000000
11747,0.012700,0.450315,-0.038773,-0.043491,-0.026338,0.057290,-0.997062,60.083885,0.000000
11751,0.012826,0.450312,-0.038722,-0.043800,-0.026396,0.058102,-0.997000,60.928116,0.000000
11755,0.012957,0.450313,-0.038671,-0.044155,-0.026386,0.058950,-0.996935,61.264229,0.000343
11758,0.013047,0.450308,-0.038636,-0.044510,-0.026387,0.059356,-0.996895,61.881180,0.000000
11761,0.013144,0.450317,-0.038591,-0.044804,-0.026366,0.060005,-0.996844,62.684898,0.000000
11765,0.013272,0.450309,-0.038532,-0.045242,-0.026368,0.060766,-0.996778,63.060493,0.000343
11769,0.013395,0.450308,-0.038469,-0.045479,-0.026467,0.061512,-0.996718,63.601913,0.000343
11772,0.013483,0.450305,-0.038421,-0.045825,-0.026459,0.062061,-0.996669,64.143333,0.000343
11776,0.013602,0.450304,-0.038367,-0.046293,-0.026356,0.062924,-0.996596,64.926453,0.000343
11779,0.013680,0.450303,-0.038329,-0.046435,-0.026457,0.063414,-0.996555,65.301704,0.000343
11783,0.013797,0.450302,-0.038277,-0.046963,-0.026431,0.064337,-0.996472,65.894623,0.000343
11786,0.013882,0.450298,-0.038244,-0.047179,-0.026418,0.064800,-0.996432,66.754303,0.000343
11790,0.014002,0.450294,-0.038194,-0.047524,-0.026477,0.065566,-0.996364,67.019691,0.000343
11794,0.014129,0.450293,-0.038138,-0.048053,-0.026437,0.066392,-0.996285,67.712173,0.000000
11797,0.014231,0.450294,-0.038094,-0.048480,-0.026401,0.067047,-0.996221,68.338737,0.000343
11801,0.014358,0.450286,-0.038035,-0.048588,-0.026509,0.067760,-0.996165,68.947792,0.000343
11804,0.014453,0.450282,-0.037988,-0.048904,-0.026480,0.068378,-0.996108,69.737091,0.000343
11808,0.014581,0.450279,-0.037924,-0.049127,-0.026613,0.069147,-0.996041,70.018272,0.000343
11811,0.014672,0.450277,-0.037880,-0.049445,-0.026514,0.069764,-0.995985,70.646896,0.000343
11815,0.014797,0.450270,-0.037819,-0.049905,-0.026510,0.070557,-0.995906,71.236382,0.000343
11818,0.014886,0.450267,-0.037780,-0.050244,-0.026474,0.071097,-0.995851,71.881485,0.000343
11822,0.015007,0.450263,-0.037730,-0.050587,-0.026493,0.071800,-0.995783,72.551308,0.000343
11826,0.015141,0.450256,-0.037678,-0.050993,-0.026572,0.072723,-0.995693,73.142166,0.000343
11829,0.015235,0.450252,-0.037642,-0.051345,-0.026573,0.073343,-0.995630,73.830872,0.000343
11833,0.015352,0.450244,-0.037594,-0.051537,-0.026669,0.074058,-0.995564,74.434090,0.000343
11836,0.015443,0.450241,-0.037549,-0.051896,-0.026640,0.074708,-0.995498,75.274200,0.000343
11840,0.015555,0.450235,-0.037497,-0.052162,-0.026636,0.075417,-0.995431,75.619926,0.000687
11843,0.015648,0.450233,-0.037447,-0.052405,-0.026684,0.076013,-0.995371,76.196709,0.000343
11847,0.015767,0.450221,-0.037382,-0.052923,-0.026626,0.076685,-0.995294,76.803360,0.000343
11850,0.015863,0.450219,-0.037341,-0.053277,-0.026549,0.077280,-0.995231,77.454300,0.000343
11854,0.016003,0.450215,-0.037281,-0.053626,-0.026542,0.078042,-0.995153,78.385391,0.000343
11857,0.016117,0.450205,-0.037236,-0.053928,-0.026606,0.078802,-0.995075,78.811111,0.000687
11861,0.016257,0.450194,-0.037182,-0.054298,-0.026725,0.079758,-0.994976,79.468575,0.000343
11865,0.016395,0.450190,-0.037117,-0.054730,-0.026782,0.080628,-0.994880,80.099602,0.000343
11868,0.016498,0.450190,-0.037072,-0.055079,-0.026717,0.081371,-0.994802,80.722046,0.000343
11872,0.016622,0.450182,-0.037017,-0.055630,-0.026582,0.082290,-0.994700,81.557007,0.000343
11875,0.016709,0.450178,-0.036973,-0.055575,-0.026837,0.082782,-0.994655,81.911659,0.000343
11879,0.016826,0.450179,-0.036922,-0.056077,-0.026574,0.083716,-0.994556,82.514534,0.000343
11882,0.016931,0.450168,-0.036879,-0.056347,-0.026738,0.084181,-0.994497,83.176117,0.000343
11886,0.017068,0.450160,-0.036824,-0.056751,-0.026740,0.085078,-0.994397,83.852119,0.000343
11889,0.017170,0.450149,-0.036777,-0.057058,-0.026745,0.085648,-0.994331,84.801064,0.000343
11893,0.017308,0.450141,-0.036719,-0.057647,-0.026688,0.086566,-0.994219,85.208931,0.000343
11897,0.017447,0.450135,-0.036665,-0.057956,-0.026686,0.087400,-0.994128,85.870857,0.000343
11900,0.017549,0.450126,-0.036618,-0.058285,-0.026731,0.088078,-0.994048,86.508408,0.000687
11904,0.017674,0.450120,-0.036566,-0.058642,-0.026652,0.088875,-0.993958,87.144928,0.000343
11907,0.017750,0.450111,-0.036538,-0.059120,-0.026166,0.089609,-0.993876,88.017654,0.000343
11911,0.017900,0.450098,-0.036458,-0.059399,-0.026485,0.090591,-0.993762,88.404236,0.000343
11914,0.018016,0.450094,-0.036403,-0.059598,-0.026852,0.091062,-0.993698,89.041443,0.000343
11918,0.018161,0.450081,-0.036334,-0.059862,-0.026949,0.092023,-0.993590,89.991417,0.000343
11921,0.018277,0.450071,-0.036283,-0.060232,-0.026963,0.092756,-0.993500,90.738831,0.000343
11925,0.018432,0.450063,-0.036223,-0.060945,-0.026635,0.093966,-0.993351,91.067047,0.000343
11928,0.018553,0.450051,-0.036169,-0.061181,-0.026866,0.094647,-0.993266,91.745453,0.000343
11932,0.018681,0.450039,-0.036116,-0.061584,-0.026818,0.095430,-0.993167,92.398109,0.000343
11935,0.018789,0.450028,-0.036071,-0.061892,-0.026781,0.096055,-0.993089,93.322678,0.000343
11939,0.018913,0.450016,-0.036017,-0.062331,-0.026421,0.097059,-0.992973,93.685570,0.000343
11943,0.019062,0.450006,-0.035947,-0.062541,-0.026937,0.097700,-0.992884,94.342346,0.000343
11946,0.019146,0.449993,-0.035913,-0.063044,-0.026617,0.098551,-0.992776,95.263481,0.000343
11950,0.019281,0.449978,-0.035854,-0.063364,-0.026677,0.099326,-0.992677,95.624313,0.000343
11954,0.019431,0.449963,-0.035789,-0.063829,-0.026717,0.100306,-0.992548,96.365547,0.000343
11957,0.019538,0.449949,-0.035743,-0.064171,-0.026824,0.100859,-0.992467,97.046356,0.000343
11960,0.019639,0.449935,-0.035693,-0.064415,-0.026837,0.101502,-0.992385,97.988434,0.000343
11964,0.019791,0.449927,-0.035632,-0.064826,-0.026842,0.102368,-0.992269,98.393898,0.000343
11967,0.019888,0.449913,-0.035584,-0.065207,-0.026842,0.103082,-0.992170,99.042091,0.000343
11971,0.020011,0.449908,-0.035534,-0.065603,-0.026576,0.104019,-0.992053,99.628487,0.000343
11975,0.020171,0.449893,-0.035457,-0.065915,-0.026869,0.105045,-0.991917,100.368004,0.000343
11978,0.020298,0.449880,-0.035404,-0.066434,-0.026903,0.105892,-0.991791,101.036453,0.000343
11982,0.020457,0.449862,-0.035341,-0.066755,-0.026898,0.106862,-0.991666,101.730995,0.000343
11985,0.020585,0.449842,-0.035284,-0.067206,-0.027018,0.107515,-0.991561,102.436180,0.000343
11989,0.020743,0.449823,-0.035214,-0.067775,-0.026955,0.108468,-0.991421,103.126945,0.000343
11992,0.020849,0.449812,-0.035162,-0.068218,-0.026687,0.109266,-0.991310,103.776169,0.000343
11996,0.020988,0.449799,-0.035093,-0.068689,-0.026729,0.110189,-0.991174,104.422989,0.000343
11999,0.021082,0.449782,-0.035049,-0.068914,-0.026776,0.110797,-0.991089,105.353737,0.000343
12003,0.021217,0.449763,-0.034991,-0.069594,-0.026364,0.111815,-0.990938,105.747528,0.000343
12006,0.021336,0.449753,-0.034938,-0.069619,-0.026657,0.112601,-0.990840,106.434860,0.000343
12010,0.021490,0.449733,-0.034878,-0.070064,-0.026684,0.113606,-0.990693,107.137299,0.000343
12014,0.021646,0.449719,-0.034817,-0.070565,-0.026729,0.114560,-0.990546,108.118858,0.000343
12017,0.021757,0.449700,-0.034775,-0.070745,-0.026774,0.115240,-0.990453,108.516426,0.000343
12021,0.021910,0.449688,-0.034707,-0.071557,-0.026393,0.116407,-0.990269,109.129601,0.000343
12024,0.022010,0.449667,-0.034664,-0.071732,-0.026432,0.116955,-0.990191,109.866714,0.000343
12028,0.022162,0.449645,-0.034598,-0.072260,-0.026419,0.117884,-0.990042,110.533104,0.000343
12031,0.022284,0.449624,-0.034537,-0.072612,-0.026515,0.118666,-0.989921,111.462135,0.000343
12035,0.022433,0.449610,-0.034461,-0.072832,-0.026793,0.119657,-0.989778,112.217102,0.000343
12039,0.022577,0.449592,-0.034397,-0.073233,-0.026971,0.120489,-0.989642,112.566261,0.000343
12042,0.022694,0.449572,-0.034343,-0.073721,-0.026947,0.121306,-0.989507,113.524132,0.000343
12046,0.022835,0.449546,-0.034287,-0.073910,-0.027011,0.122096,-0.989394,113.948479,0.000343
12049,0.022947,0.449526,-0.034239,-0.074279,-0.027000,0.122801,-0.989279,114.632721,0.000343
12053,0.023088,0.449506,-0.034176,-0.074892,-0.026697,0.123900,-0.989104,115.305977,0.000343
12056,0.023206,0.449493,-0.034125,-0.075165,-0.026671,0.124649,-0.988990,115.982323,0.000343
12060,0.023354,0.449468,-0.034056,-0.075535,-0.026689,0.125441,-0.988861,116.660042,0.000343
12063,0.023472,0.449451,-0.034003,-0.076009,-0.026683,0.126192,-0.988730,117.344627,0.000343
12067,0.023618,0.449432,-0.033927,-0.076156,-0.027033,0.127096,-0.988593,118.029900,0.000343
12070,0.023732,0.449415,-0.033872,-0.076705,-0.027025,0.127901,-0.988447,118.699036,0.000343
12074,0.023881,0.449384,-0.033805,-0.077141,-0.027126,0.128782,-0.988296,119.374352,0.000343
12077,0.023981,0.449373,-0.033760,-0.077681,-0.026884,0.129749,-0.988134,120.054474,0.000343
12081,0.024141,0.449331,-0.033698,-0.077978,-0.027131,0.130388,-0.988020,120.737000,0.000343
12085,0.024282,0.449312,-0.033641,-0.078458,-0.026933,0.131514,-0.987838,121.339188,0.000343
12088,0.024369,0.449293,-0.033606,-0.078898,-0.026500,0.132198,-0.987723,122.089005,0.000343
12092,0.024534,0.449265,-0.033536,-0.079163,-0.026935,0.132861,-0.987601,123.063698,0.000343
12095,0.024646,0.449244,-0.033486,-0.079564,-0.026851,0.133588,-0.987473,123.733521,0.000343
12099,0.024784,0.449225,-0.033419,-0.079994,-0.026724,0.134656,-0.987297,124.138641,0.000343
12102,0.024896,0.449205,-0.033370,-0.080250,-0.026768,0.135312,-0.987185,124.802284,0.000343
12106,0.025051,0.449175,-0.033303,-0.080836,-0.026858,0.136149,-0.987020,125.759811,0.000343
12109,0.025140,0.449168,-0.033253,-0.081106,-0.026554,0.137102,-0.986874,126.140556,0.000343
12113,0.025308,0.449137,-0.033190,-0.081606,-0.026901,0.137789,-0.986727,127.098770,0.000343
12117,0.025466,0.449106,-0.033114,-0.082399,-0.026998,0.138870,-0.986507,127.499428,0.000343
12120,0.025550,0.449086,-0.033095,-0.082365,-0.026687,0.139614,-0.986414,128.193970,0.000343
12124,0.025706,0.449056,-0.033027,-0.082772,-0.026724,0.140627,-0.986235,128.864822,0.000343
12127,0.025813,0.449041,-0.032982,-0.083177,-0.026711,0.141267,-0.986109,129.475250,0.000343
12131,0.025964,0.449011,-0.032924,-0.083486,-0.026848,0.142149,-0.985953,130.199318,0.000343
12134,0.026069,0.448988,-0.032875,-0.083687,-0.026890,0.142752,-0.985848,130.861931,0.000343
12138,0.026212,0.448960,-0.032814,-0.084188,-0.026846,0.143707,-0.985667,131.743584,0.000343
12141,0.026315,0.448940,-0.032772,-0.084411,-0.026838,0.144299,-0.985562,132.159004,0.000343
12145,0.026458,0.448917,-0.032704,-0.084993,-0.026822,0.145229,-0.985376,132.814407,0.000343
12149,0.026592,0.448884,-0.032645,-0.085422,-0.026830,0.146055,-0.985216,133.412819,0.000343
12152,0.026690,0.448860,-0.032600,-0.085706,-0.026860,0.146749,-0.985088,134.444160,0.000343
12156,0.026827,0.448831,-0.032546,-0.086003,-0.026860,0.147538,-0.984944,135.130806,0.000343
12159,0.026942,0.448808,-0.032501,-0.086532,-0.026837,0.148319,-0.984781,135.554810,0.000343
12163,0.027085,0.448775,-0.032438,-0.086932,-0.026839,0.149270,-0.984602,136.487274,0.000343
12167,0.027219,0.448749,-0.032389,-0.087260,-0.026874,0.150080,-0.984449,136.877289,0.000343
12170,0.027314,0.448722,-0.032348,-0.087508,-0.026854,0.150707,-0.984332,137.513123,0.000343
12173,0.027414,0.448702,-0.032307,-0.087866,-0.026799,0.151376,-0.984199,138.155823,0.000343
12177,0.027551,0.448681,-0.032250,-0.088088,-0.026856,0.152186,-0.984052,138.794746,0.000343
12180,0.027653,0.448658,-0.032203,-0.088491,-0.026846,0.152908,-0.983904,139.734421,0.000343
12184,0.027811,0.448629,-0.032130,-0.088998,-0.026827,0.153964,-0.983694,140.059547,0.000343
12188,0.027956,0.448595,-0.032061,-0.089386,-0.026888,0.154810,-0.983525,140.807991,0.000343
12191,0.028067,0.448566,-0.032006,-0.089676,-0.026928,0.155555,-0.983380,141.482964,0.000343
12195,0.028208,0.448533,-0.031941,-0.090073,-0.027011,0.156411,-0.983205,142.403755,0.000343
12198,0.028306,0.448511,-0.031898,-0.090398,-0.027013,0.157115,-0.983063,142.805443,0.000343
12202,0.028439,0.448482,-0.031838,-0.090829,-0.027055,0.158005,-0.982880,143.441277,0.000343
12205,0.028535,0.448462,-0.031800,-0.091191,-0.027012,0.158615,-0.982749,144.073677,0.000343
12209,0.028656,0.448438,-0.031759,-0.091326,-0.027038,0.159274,-0.982629,144.959793,0.000343
12213,0.028784,0.448402,-0.031711,-0.091867,-0.026962,0.160163,-0.982437,145.356674,0.000343
12216,0.028886,0.448380,-0.031677,-0.092083,-0.026982,0.160749,-0.982320,146.001778,0.000343
12220,0.029019,0.448349,-0.031626,-0.092523,-0.026961,0.161606,-0.982139,146.943855,0.000343
12223,0.029127,0.448329,-0.031577,-0.092881,-0.027003,0.162258,-0.981996,147.314644,0.000687
12227,0.029252,0.448290,-0.031520,-0.093252,-0.026940,0.163124,-0.981819,147.964897,0.000343
12230,0.029351,0.448271,-0.031473,-0.093382,-0.027038,0.163684,-0.981711,148.572578,0.000343
12234,0.029473,0.448242,-0.031415,-0.093870,-0.026973,0.164564,-0.981519,149.393120,0.000343
12237,0.029561,0.448217,-0.031371,-0.094224,-0.027020,0.165110,-0.981392,149.693527,0.000343
12241,0.029672,0.448188,-0.031313,-0.094459,-0.027072,0.165881,-0.981238,150.333138,0.000343
12245,0.029796,0.448156,-0.031261,-0.094885,-0.027050,0.166719,-0.981056,150.939102,0.000343
12248,0.029887,0.448136,-0.031226,-0.095128,-0.027034,0.167274,-0.980938,151.822472,0.000343
12252,0.030010,0.448110,-0.031184,-0.095474,-0.027010,0.167994,-0.980782,152.179184,0.000343
12255,0.030109,0.448089,-0.031149,-0.095633,-0.027076,0.168630,-0.980655,152.811584,0.000343
12258,0.030202,0.448066,-0.031110,-0.095854,-0.027085,0.169313,-0.980516,153.441925,0.000343
12262,0.030324,0.448036,-0.031060,-0.096095,-0.027146,0.170148,-0.980346,154.261093,0.000343
12266,0.030442,0.448001,-0.031017,-0.096552,-0.027116,0.170839,-0.980182,154.635315,0.000343
12269,0.030527,0.447976,-0.030979,-0.096853,-0.027111,0.171421,-0.980051,155.208321,0.000343
12273,0.030649,0.447949,-0.030930,-0.097010,-0.027169,0.172146,-0.979906,156.027832,0.000343
12276,0.030734,0.447927,-0.030892,-0.097311,-0.027154,0.172704,-0.979779,156.620407,0.000343
12280,0.030847,0.447888,-0.030840,-0.097738,-0.027116,0.173400,-0.979614,156.955833,0.000343
12284,0.030961,0.447857,-0.030788,-0.098005,-0.027178,0.174013,-0.979478,157.577591,0.000343
12287,0.031053,0.447832,-0.030744,-0.098416,-0.027123,0.174672,-0.979320,158.143387,0.000343
12290,0.031148,0.447812,-0.030702,-0.098710,-0.027076,0.175366,-0.979168,158.792953,0.000343
12294,0.031266,0.447776,-0.030649,-0.099026,-0.027120,0.176162,-0.978992,159.606628,0.000343
12298,0.031377,0.447741,-0.030606,-0.099214,-0.027101,0.176753,-0.978867,160.171051,0.000343
12301,0.031466,0.447713,-0.030575,-0.099618,-0.027053,0.177360,-0.978717,160.485191,0.000687
12305,0.031581,0.447684,-0.030531,-0.099837,-0.027086,0.178016,-0.978575,161.065407,0.000000
12308,0.031681,0.447661,-0.030495,-0.100183,-0.027067,0.178705,-0.978415,161.865692,0.000343
12312,0.031806,0.447635,-0.030444,-0.100610,-0.027094,0.179500,-0.978225,162.509766,0.000343
12315,0.031895,0.447612,-0.030410,-0.100816,-0.027127,0.180089,-0.978094,162.818069,0.000343
12319,0.032012,0.447583,-0.030360,-0.101066,-0.027211,0.180719,-0.977950,163.381119,0.000343
12322,0.032094,0.447553,-0.030321,-0.101433,-0.027179,0.181303,-0.977805,163.944855,0.000343
12326,0.032207,0.447520,-0.030272,-0.101762,-0.027174,0.182034,-0.977635,164.478722,0.000343
12330,0.032305,0.447487,-0.030218,-0.102010,-0.027098,0.182754,-0.977477,165.093269,0.000343
12333,0.032397,0.447461,-0.030180,-0.102393,-0.027153,0.183274,-0.977338,165.637436,0.000343
12337,0.032495,0.447432,-0.030136,-0.102470,-0.027210,0.183974,-0.977197,166.159630,0.000343
12340,0.032575,0.447410,-0.030106,-0.102699,-0.027248,0.184404,-0.977090,166.712036,0.000343
12344,0.032690,0.447374,-0.030065,-0.103082,-0.027236,0.185142,-0.976911,167.300491,0.000343
12347,0.032769,0.447352,-0.030032,-0.103264,-0.027269,0.185639,-0.976796,167.892036,0.000343
12351,0.032883,0.447324,-0.029990,-0.103553,-0.027275,0.186292,-0.976641,168.658333,0.000000
12354,0.032962,0.447298,-0.029956,-0.103807,-0.027245,0.186794,-0.976519,169.217949,0.000343
12358,0.033073,0.447266,-0.029910,-0.104166,-0.027261,0.187576,-0.976331,169.494667,0.000000
12362,0.033176,0.447235,-0.029865,-0.104593,-0.027185,0.188212,-0.976165,170.035744,0.000343
12365,0.033261,0.447206,-0.029823,-0.104830,-0.027227,0.188746,-0.976035,170.766678,0.000000
12369,0.033387,0.447168,-0.029768,-0.105269,-0.027194,0.189543,-0.975834,171.314621,0.000343
12372,0.033459,0.447145,-0.029736,-0.105324,-0.027256,0.189930,-0.975751,171.628075,0.000000
12376,0.033571,0.447110,-0.029692,-0.105853,-0.027206,0.190746,-0.975536,172.166405,0.000000
12379,0.033647,0.447081,-0.029659,-0.105971,-0.027252,0.191192,-0.975435,172.709885,0.000000
12383,0.033763,0.447054,-0.029614,-0.106364,-0.027264,0.191985,-0.975236,173.466911,0.000000
12386,0.033839,0.447026,-0.029584,-0.106495,-0.027303,0.192497,-0.975120,173.760452,0.000000
12390,0.033948,0.446996,-0.029539,-0.106876,-0.027273,0.193287,-0.974922,174.287109,0.000000
12394,0.034048,0.446967,-0.029498,-0.107029,-0.027331,0.193786,-0.974805,174.818573,0.000000
12397,0.034125,0.446937,-0.029464,-0.107261,-0.027316,0.194319,-0.974674,175.312614,0.000343
12401,0.034234,0.446907,-0.029418,-0.107514,-0.027378,0.194982,-0.974512,175.810089,0.000000
12404,0.034310,0.446888,-0.029382,-0.107883,-0.027303,0.195490,-0.974371,176.525230,0.000000
12408,0.034401,0.446853,-0.029339,-0.108172,-0.027283,0.196134,-0.974211,177.033348,0.000000
12412,0.034504,0.446823,-0.029299,-0.108371,-0.027311,0.196710,-0.974071,177.341995,0.000000
12415,0.034576,0.446790,-0.029266,-0.108540,-0.027313,0.197172,-0.973959,178.040314,0.000000
12418,0.034654,0.446768,-0.029229,-0.108738,-0.027274,0.197709,-0.973829,178.543282,0.000000
12422,0.034757,0.446732,-0.029193,-0.109059,-0.027330,0.198263,-0.973679,178.828583,0.000000
12426,0.034860,0.446705,-0.029154,-0.109386,-0.027391,0.198868,-0.973517,179.306831,0.000000
12429,0.034933,0.446676,-0.029118,-0.109623,-0.027424,0.199386,-0.973384,179.805679,0.000000
12433,0.035034,0.446649,-0.029075,-0.109876,-0.027439,0.200034,-0.973222,180.485458,0.000000
12436,0.035118,0.446617,-0.029044,-0.110145,-0.027483,0.200595,-0.973075,180.778313,0.000000
12440,0.035220,0.446579,-0.029002,-0.110508,-0.027411,0.201240,-0.972902,181.249008,0.000000
12443,0.035296,0.446550,-0.028968,-0.110792,-0.027400,0.201806,-0.972753,181.738930,0.000000
12447,0.035397,0.446516,-0.028926,-0.110949,-0.027470,0.202448,-0.972600,182.221985,0.000000
12450,0.035474,0.446487,-0.028890,-0.111262,-0.027427,0.203038,-0.972442,182.698860,0.000000
12454,0.035576,0.446457,-0.028839,-0.111649,-0.027449,0.203809,-0.972236,183.169556,0.000000
12457,0.035646,0.446436,-0.028809,-0.111856,-0.027424,0.204257,-0.972119,183.601799,0.000000
12461,0.035734,0.446406,-0.028769,-0.112137,-0.027377,0.204758,-0.971983,184.230766,-0.000343
12465,0.035833,0.446373,-0.028727,-0.112302,-0.027367,0.205415,-0.971825,184.524307,0.000000
12468,0.035902,0.446353,-0.028698,-0.112420,-0.027395,0.205745,-0.971741,184.960327,0.000000
12471,0.035975,0.446331,-0.028673,-0.112651,-0.027399,0.206193,-0.971619,185.609550,0.000000
12475,0.036075,0.446289,-0.028628,-0.112934,-0.027411,0.206879,-0.971440,186.068916,0.000000
12479,0.036174,0.446253,-0.028588,-0.113276,-0.027434,0.207482,-0.971271,186.339455,0.000000
12482,0.036241,0.446229,-0.028559,-0.113427,-0.027485,0.207917,-0.971159,186.777191,0.000000
12486,0.036335,0.446195,-0.028510,-0.113936,-0.027459,0.208672,-0.970938,187.392082,-0.000343
12489,0.036409,0.446176,-0.028485,-0.114114,-0.027476,0.209019,-0.970842,187.655411,-0.000343
12493,0.036496,0.446137,-0.028446,-0.114442,-0.027438,0.209677,-0.970663,188.079414,0.000000
12496,0.036562,0.446113,-0.028414,-0.114670,-0.027436,0.210111,-0.970542,188.491402,0.000000
12500,0.036638,0.446084,-0.028387,-0.114788,-0.027458,0.210611,-0.970419,189.061661,-0.000343
12504,0.036715,0.446049,-0.028350,-0.115096,-0.027443,0.211145,-0.970267,189.265938,0.000000
12507,0.036784,0.446030,-0.028324,-0.115279,-0.027456,0.211642,-0.970136,189.953957,-0.000343
12511,0.036875,0.445998,-0.028287,-0.115466,-0.027449,0.212162,-0.970001,190.178490,0.000000
12514,0.036951,0.445969,-0.028252,-0.115789,-0.027429,0.212680,-0.969849,190.590134,0.000000
12518,0.037048,0.445938,-0.028214,-0.116044,-0.027443,0.213343,-0.969673,191.167946,-0.000343
12521,0.037115,0.445912,-0.028183,-0.116251,-0.027455,0.213727,-0.969563,191.417542,-0.000343
12525,0.037200,0.445883,-0.028145,-0.116510,-0.027469,0.214249,-0.969416,191.806183,-0.000343
12528,0.037262,0.445861,-0.028120,-0.116801,-0.027407,0.214672,-0.969290,192.191391,-0.000343
12532,0.037341,0.445829,-0.028082,-0.116869,-0.027500,0.215106,-0.969182,192.730751,-0.000343
12536,0.037427,0.445803,-0.028046,-0.117211,-0.027412,0.215737,-0.969003,192.917175,-0.000343
12539,0.037492,0.445773,-0.028017,-0.117515,-0.027378,0.216220,-0.968860,193.347702,-0.000343
12543,0.037569,0.445744,-0.027989,-0.117556,-0.027448,0.216603,-0.968767,193.725700,0.000000
12546,0.037631,0.445722,-0.027963,-0.117824,-0.027398,0.217051,-0.968636,194.251328,-0.000343
12550,0.037712,0.445688,-0.027930,-0.117966,-0.027410,0.217533,-0.968510,194.485817,-0.000343
12553,0.037767,0.445666,-0.027911,-0.118147,-0.027382,0.217942,-0.968397,194.848022,-0.000343
12557,0.037837,0.445635,-0.027880,-0.118374,-0.027416,0.218362,-0.968274,195.223274,-0.000343
12560,0.037901,0.445617,-0.027851,-0.118686,-0.027410,0.218875,-0.968120,195.744095,0.000000
12564,0.037966,0.445591,-0.027823,-0.118636,-0.027468,0.219198,-0.968051,196.127586,0.000000
12568,0.038044,0.445565,-0.027788,-0.119066,-0.027445,0.219820,-0.967858,196.310921,-0.000343
12571,0.038098,0.445545,-0.027768,-0.119185,-0.027470,0.220150,-0.967768,196.652527,0.000000
12575,0.038171,0.445521,-0.027735,-0.119372,-0.027524,0.220624,-0.967635,197.139359,-0.000343
12578,0.038219,0.445497,-0.027714,-0.119460,-0.027551,0.220833,-0.967576,197.342262,-0.000343
12582,0.038290,0.445467,-0.027682,-0.119772,-0.027557,0.221383,-0.967411,197.674255,-0.000343
12585,0.038339,0.445448,-0.027659,-0.119884,-0.027631,0.221656,-0.967333,198.004875,-0.000343
12589,0.038413,0.445422,-0.027629,-0.120233,-0.027549,0.222196,-0.967168,198.504753,-0.000343
12592,0.038456,0.445393,-0.027609,-0.120284,-0.027571,0.222465,-0.967099,198.676414,-0.000343
12596,0.038527,0.445369,-0.027581,-0.120487,-0.027603,0.222953,-0.966961,199.007034,-0.000343
12599,0.038574,0.445346,-0.027561,-0.120581,-0.027579,0.223211,-0.966890,199.451981,-0.000343
12603,0.038638,0.445316,-0.027535,-0.120891,-0.027507,0.223735,-0.966732,199.641151,-0.000343
12607,0.038706,0.445293,-0.027509,-0.121046,-0.027472,0.224119,-0.966625,199.947052,-0.000343
12610,0.038753,0.445274,-0.027488,-0.121179,-0.027457,0.224412,-0.966541,200.258102,-0.000343
12613,0.038802,0.445256,-0.027470,-0.121344,-0.027420,0.224675,-0.966460,200.554390,-0.000343
12617,0.038869,0.445233,-0.027442,-0.121595,-0.027356,0.225146,-0.966321,200.859947,-0.000343
12621,0.038933,0.445211,-0.027414,-0.121749,-0.027321,0.225574,-0.966202,201.292534,-0.000343
12624,0.038978,0.445193,-0.027394,-0.121898,-0.027307,0.225867,-0.966116,201.456985,-0.000343
12628,0.039045,0.445170,-0.027364,-0.122056,-0.027349,0.226298,-0.965994,201.730614,-0.000343
12631,0.039085,0.445158,-0.027345,-0.122178,-0.027358,0.226541,-0.965921,202.154274,-0.000343
12635,0.039140,0.445129,-0.027323,-0.122409,-0.027360,0.227014,-0.965780,202.289543,-0.000343
12639,0.039189,0.445113,-0.027300,-0.122383,-0.027414,0.227213,-0.965736,202.578964,-0.000343
12642,0.039236,0.445094,-0.027284,-0.122570,-0.027438,0.227575,-0.965626,202.951126,-0.000343
12646,0.039294,0.445074,-0.027260,-0.122791,-0.027469,0.227980,-0.965501,203.098412,-0.000343
12649,0.039326,0.445053,-0.027245,-0.122879,-0.027447,0.228218,-0.965435,203.381310,-0.000343
12653,0.039378,0.445032,-0.027223,-0.122993,-0.027519,0.228491,-0.965354,203.616486,-0.000343
12656,0.039414,0.445015,-0.027204,-0.123230,-0.027448,0.228776,-0.965258,203.876724,-0.000343
12660,0.039473,0.445000,-0.027183,-0.123347,-0.027524,0.229091,-0.965166,204.131813,-0.000343
12663,0.039509,0.444977,-0.027164,-0.123475,-0.027516,0.229376,-0.965082,204.488869,0.000000
12667,0.039554,0.444955,-0.027144,-0.123605,-0.027503,0.229684,-0.964993,204.630318,-0.000343
12671,0.039608,0.444937,-0.027124,-0.123696,-0.027573,0.229979,-0.964909,204.881630,-0.000343
12674,0.039639,0.444920,-0.027109,-0.123739,-0.027576,0.230200,-0.964850,205.097237,-0.000343
12678,0.039691,0.444899,-0.027091,-0.123992,-0.027549,0.230568,-0.964731,205.320396,-0.000343
12681,0.039721,0.444887,-0.027076,-0.124040,-0.027579,0.230720,-0.964687,205.564156,-0.000343
12685,0.039766,0.444871,-0.027057,-0.124223,-0.027564,0.231054,-0.964584,205.795555,-0.000343
12688,0.039798,0.444861,-0.027041,-0.124367,-0.027568,0.231286,-0.964510,206.090813,-0.000343
12692,0.039834,0.444839,-0.027025,-0.124388,-0.027582,0.231559,-0.964441,206.211662,-0.000343
12695,0.039863,0.444828,-0.027016,-0.124418,-0.027594,0.231691,-0.964405,206.433792,-0.000343
12699,0.039907,0.444808,-0.026999,-0.124636,-0.027526,0.232093,-0.964283,206.627426,-0.000343
12702,0.039938,0.444801,-0.026987,-0.124732,-0.027526,0.232291,-0.964223,206.837196,-0.000343
12706,0.039976,0.444782,-0.026975,-0.124770,-0.027577,0.232484,-0.964170,207.046967,-0.000343
12710,0.040020,0.444764,-0.026956,-0.125131,-0.027462,0.232891,-0.964028,207.212791,-0.000343
12713,0.040043,0.444751,-0.026947,-0.125032,-0.027528,0.232970,-0.964020,207.394409,-0.000343
12716,0.040071,0.444742,-0.026932,-0.125063,-0.027528,0.233096,-0.963985,207.653618,-0.000343
12720,0.040111,0.444726,-0.026909,-0.125269,-0.027501,0.233396,-0.963887,207.757645,-0.000343
12724,0.040152,0.444717,-0.026891,-0.125467,-0.027493,0.233739,-0.963778,207.930336,-0.000343
12727,0.040168,0.444700,-0.026877,-0.125455,-0.027518,0.233727,-0.963782,208.105431,-0.000343
12731,0.040209,0.444690,-0.026862,-0.125754,-0.027462,0.234127,-0.963647,208.283958,-0.000343
12735,0.040236,0.444677,-0.026852,-0.125706,-0.027506,0.234168,-0.963642,208.437080,-0.000343
12738,0.040257,0.444665,-0.026846,-0.125773,-0.027498,0.234337,-0.963593,208.592262,-0.000343
12741,0.040284,0.444664,-0.026842,-0.125837,-0.027523,0.234478,-0.963549,208.799629,-0.000343
12745,0.040309,0.444646,-0.026831,-0.125955,-0.027464,0.234680,-0.963487,208.964424,-0.000343
12749,0.040339,0.444642,-0.026825,-0.125981,-0.027502,0.234766,-0.963461,209.031715,-0.000343
12752,0.040360,0.444628,-0.026816,-0.126077,-0.027493,0.234996,-0.963393,209.222603,-0.000343
12756,0.040387,0.444616,-0.026805,-0.126036,-0.027555,0.235029,-0.963389,209.299164,-0.000343
12759,0.040412,0.444610,-0.026794,-0.126170,-0.027518,0.235222,-0.963325,209.446449,-0.000343
12763,0.040443,0.444598,-0.026778,-0.126304,-0.027520,0.235402,-0.963263,209.623604,-0.000343
12766,0.040464,0.444585,-0.026762,-0.126322,-0.027514,0.235602,-0.963212,209.680252,-0.000343
12770,0.040486,0.444580,-0.026751,-0.126317,-0.027543,0.235647,-0.963201,209.794579,-0.000343
12773,0.040502,0.444568,-0.026739,-0.126431,-0.027511,0.235800,-0.963149,209.893799,-0.000343
12777,0.040525,0.444564,-0.026728,-0.126462,-0.027567,0.235975,-0.963101,210.047264,-0.000343
12781,0.040543,0.444549,-0.026721,-0.126482,-0.027567,0.235990,-0.963094,210.123482,-0.000343
12784,0.040566,0.444545,-0.026716,-0.126617,-0.027569,0.236205,-0.963024,210.236092,-0.000343
12788,0.040585,0.444534,-0.026714,-0.126568,-0.027572,0.236307,-0.963005,210.326729,-0.000343
12791,0.040599,0.444527,-0.026711,-0.126570,-0.027571,0.236377,-0.962988,210.422516,-0.000343
12795,0.040621,0.444519,-0.026705,-0.126704,-0.027532,0.236601,-0.962917,210.504227,-0.000343
12798,0.040631,0.444511,-0.026698,-0.126734,-0.027530,0.236703,-0.962888,210.601387,-0.000343
12802,0.040648,0.444506,-0.026690,-0.126732,-0.027587,0.236745,-0.962876,210.626793,-0.000343
12805,0.040661,0.444502,-0.026682,-0.126874,-0.027546,0.236852,-0.962832,210.710564,-0.000343
12809,0.040674,0.444491,-0.026671,-0.126919,-0.027531,0.236929,-0.962807,210.782318,-0.000343
12813,0.040688,0.444485,-0.026658,-0.127022,-0.027521,0.237060,-0.962762,210.854073,-0.000343
12816,0.040697,0.444481,-0.026655,-0.126995,-0.027549,0.237091,-0.962757,210.917931,-0.000343
12820,0.040715,0.444478,-0.026649,-0.127149,-0.027522,0.237321,-0.962681,210.997581,-0.000343
12823,0.040715,0.444472,-0.026648,-0.127018,-0.027529,0.237205,-0.962726,211.018524,-0.000343
12827,0.040734,0.444471,-0.026647,-0.127276,-0.027484,0.237486,-0.962624,211.074829,-0.000343
12830,0.040733,0.444462,-0.026646,-0.127155,-0.027491,0.237402,-0.962661,211.116371,-0.000343
12834,0.040749,0.444465,-0.026645,-0.127264,-0.027524,0.237534,-0.962613,211.156883,-0.000343
12837,0.040749,0.444458,-0.026643,-0.127144,-0.027543,0.237421,-0.962656,211.173019,-0.000343
12841,0.040764,0.444458,-0.026633,-0.127380,-0.027464,0.237684,-0.962562,211.199112,-0.000343
12844,0.040761,0.444450,-0.026634,-0.127188,-0.027508,0.237521,-0.962627,211.225891,-0.000343
12848,0.040770,0.444448,-0.026625,-0.127356,-0.027458,0.237704,-0.962561,211.233788,-0.000343
12852,0.040775,0.444446,-0.026622,-0.127277,-0.027495,0.237633,-0.962588,211.238594,-0.000343
12855,0.040776,0.444446,-0.026622,-0.127335,-0.027489,0.237696,-0.962565,211.250954,-0.000343
12859,0.040781,0.444448,-0.026622,-0.127433,-0.027427,0.237748,-0.962541,211.264687,-0.000343
12862,0.040774,0.444443,-0.026623,-0.127390,-0.027425,0.237754,-0.962545,211.295586,-0.000343
12866,0.040781,0.444449,-0.026624,-0.127350,-0.027490,0.237744,-0.962551,211.601143,-0.000343
12869,0.040797,0.444434,-0.026620,-0.127381,-0.027471,0.237829,-0.962526,211.972618,-0.000343
12873,0.040926,0.444380,-0.026574,-0.127729,-0.027492,0.238689,-0.962267,212.732391,-0.000343
12876,0.041084,0.444314,-0.026510,-0.128237,-0.027541,0.239796,-0.961922,213.569412,0.000000
12880,0.041195,0.444274,-0.026477,-0.128383,-0.027602,0.240313,-0.961772,213.628120,-0.000343
12883,0.041213,0.444271,-0.026468,-0.128548,-0.027562,0.240560,-0.961689,213.342819,-0.000343
12887,0.041222,0.444261,-0.026448,-0.128446,-0.027552,0.240493,-0.961720,212.997093,-0.000343
12891,0.041176,0.444266,-0.026448,-0.128452,-0.027449,0.240315,-0.961767,212.206078,-0.000343
12894,0.041140,0.444281,-0.026449,-0.128540,-0.027425,0.240296,-0.961761,211.496086,-0.000343
12898,0.041084,0.444288,-0.026459,-0.128345,-0.027469,0.240004,-0.961858,210.898361,-0.000343
12901,0.041052,0.444300,-0.026474,-0.128287,-0.027398,0.239915,-0.961890,210.687904,-0.000343
12905,0.041053,0.444296,-0.026486,-0.128367,-0.027370,0.239936,-0.961875,210.766525,-0.000343
12908,0.041065,0.444296,-0.026496,-0.128324,-0.027413,0.239965,-0.961872,210.872955,-0.000343
12912,0.041084,0.444297,-0.026502,-0.128303,-0.027452,0.239935,-0.961881,211.009254,-0.000343
12915,0.041087,0.444298,-0.026493,-0.128442,-0.027399,0.240065,-0.961832,211.022644,-0.000343
12919,0.041069,0.444297,-0.026491,-0.128266,-0.027395,0.239910,-0.961894,210.852356,-0.000343
12923,0.041066,0.444299,-0.026471,-0.128533,-0.027344,0.240090,-0.961815,210.062027,-0.000343
12926,0.041027,0.444301,-0.026474,-0.128338,-0.027358,0.239787,-0.961917,209.636307,-0.000343
12930,0.040985,0.444323,-0.026486,-0.128348,-0.027362,0.239657,-0.961947,208.608742,-0.000343
12933,0.040942,0.444330,-0.026495,-0.128165,-0.027265,0.239368,-0.962046,207.966385,-0.000343
12937,0.040931,0.444342,-0.026507,-0.128345,-0.027193,0.239498,-0.961992,207.734985,-0.000343
12940,0.040932,0.444341,-0.026512,-0.128125,-0.027280,0.239334,-0.962060,207.442474,-0.000343
12944,0.040934,0.444342,-0.026526,-0.128209,-0.027243,0.239394,-0.962035,207.259483,-0.000343
12947,0.040934,0.444345,-0.026533,-0.128121,-0.027290,0.239344,-0.962058,207.066879,-0.000343
12951,0.040916,0.444345,-0.026527,-0.128167,-0.027217,0.239340,-0.962054,206.770592,-0.000343
12955,0.040917,0.444346,-0.026520,-0.128306,-0.027178,0.239440,-0.962012,206.279984,-0.000343
12958,0.040904,0.444343,-0.026509,-0.128277,-0.027215,0.239356,-0.962036,205.228386,-0.000343
12962,0.040856,0.444369,-0.026518,-0.128174,-0.027200,0.239076,-0.962120,204.639244,0.000000
12965,0.040801,0.444387,-0.026538,-0.128028,-0.027130,0.238806,-0.962208,203.528252,-0.000343
12969,0.040712,0.444418,-0.026557,-0.127999,-0.026994,0.238454,-0.962303,202.340698,-0.000343
12972,0.040629,0.444448,-0.026590,-0.127705,-0.026985,0.238023,-0.962449,200.672836,-0.000343
12976,0.040522,0.444491,-0.026636,-0.127396,-0.026987,0.237483,-0.962623,199.524765,-0.000343
12979,0.040464,0.444506,-0.026662,-0.127282,-0.026942,0.237204,-0.962709,199.034157,-0.000343
12983,0.040392,0.444541,-0.026705,-0.126976,-0.026930,0.236783,-0.962853,198.254814,-0.000343
12986,0.040333,0.444561,-0.026734,-0.126843,-0.026851,0.236401,-0.962967,197.678375,-0.000343
12990,0.040306,0.444573,-0.026747,-0.126806,-0.026791,0.236228,-0.963015,197.280464,-0.000343
12994,0.040280,0.444586,-0.026751,-0.126668,-0.026848,0.235996,-0.963089,197.215919,-0.000343
12997,0.040274,0.444591,-0.026745,-0.126764,-0.026840,0.236105,-0.963050,197.174034,-0.000343
13001,0.040257,0.444587,-0.026737,-0.126732,-0.026837,0.236005,-0.963079,197.060051,-0.000343
13004,0.040243,0.444589,-0.026740,-0.126656,-0.026851,0.235993,-0.963091,196.568069,-0.000343
13008,0.040219,0.444604,-0.026756,-0.126627,-0.026795,0.235727,-0.963162,196.232300,-0.000343
13011,0.040179,0.444626,-0.026779,-0.126547,-0.026769,0.235553,-0.963216,195.524368,-0.000343
13015,0.040098,0.444668,-0.026830,-0.126124,-0.026817,0.234979,-0.963410,194.745369,-0.000687
13018,0.040025,0.444696,-0.026863,-0.125960,-0.026800,0.234590,-0.963527,193.787842,-0.000343
13022,0.039928,0.444735,-0.026908,-0.125658,-0.026759,0.233986,-0.963714,193.482971,-0.000343
13026,0.039860,0.444772,-0.026940,-0.125453,-0.026798,0.233578,-0.963839,193.128662,-0.000343
13029,0.039823,0.444781,-0.026953,-0.125227,-0.026844,0.233326,-0.963928,192.923698,-0.000343
13033,0.039802,0.444785,-0.026965,-0.125320,-0.026769,0.233250,-0.963936,192.775040,0.000000
13036,0.039790,0.444795,-0.026973,-0.125168,-0.026788,0.233075,-0.963998,192.437897,-0.000343
13040,0.039776,0.444807,-0.026977,-0.125217,-0.026774,0.233066,-0.963994,191.961021,-0.000343
13043,0.039745,0.444822,-0.026991,-0.125112,-0.026699,0.232732,-0.964090,191.687050,-0.000343
13047,0.039666,0.444860,-0.027018,-0.124833,-0.026648,0.232281,-0.964237,191.073189,0.000000
13050,0.039582,0.444887,-0.027056,-0.124458,-0.026623,0.231633,-0.964441,190.457954,-0.000343
13054,0.039490,0.444926,-0.027101,-0.124283,-0.026531,0.231193,-0.964572,189.945374,0.000000
13057,0.039439,0.444956,-0.027125,-0.124145,-0.026545,0.230819,-0.964679,189.577332,-0.000343
13061,0.039388,0.444980,-0.027161,-0.123875,-0.026524,0.230442,-0.964805,189.368248,-0.000343
13065,0.039368,0.444987,-0.027178,-0.123879,-0.026458,0.230373,-0.964822,189.247398,0.000000
13068,0.039363,0.444996,-0.027188,-0.123776,-0.026529,0.230304,-0.964850,189.056168,0.000000
13072,0.039350,0.445004,-0.027200,-0.123705,-0.026471,0.230152,-0.964897,188.908882,-0.000343
13075,0.039331,0.445010,-0.027200,-0.123670,-0.026511,0.230061,-0.964922,188.558350,-0.000343
13079,0.039269,0.445036,-0.027221,-0.123554,-0.026473,0.229680,-0.965029,188.060532,-0.000343
13082,0.039190,0.445064,-0.027242,-0.123216,-0.026481,0.229176,-0.965192,187.500572,0.000000
13086,0.039081,0.445102,-0.027283,-0.122983,-0.026407,0.228576,-0.965366,186.963615,0.000000
13089,0.039017,0.445130,-0.027312,-0.122765,-0.026369,0.228159,-0.965493,186.495323,-0.000343
13093,0.038940,0.445168,-0.027360,-0.122420,-0.026377,0.227521,-0.965687,186.102905,-0.000343
13096,0.038898,0.445192,-0.027395,-0.122239,-0.026365,0.227241,-0.965777,185.643883,-0.000343
13100,0.038852,0.445213,-0.027431,-0.122182,-0.026354,0.227003,-0.965840,185.439262,0.000000
13104,0.038784,0.445238,-0.027469,-0.121750,-0.026444,0.226482,-0.966014,185.069160,-0.000343
13107,0.038735,0.445262,-0.027488,-0.121737,-0.026421,0.226311,-0.966057,184.678802,-0.000343
13111,0.038649,0.445290,-0.027518,-0.121299,-0.026557,0.225707,-0.966249,184.103050,-0.000343
13114,0.038583,0.445319,-0.027542,-0.121125,-0.026555,0.225293,-0.966368,183.512878,-0.000343
13118,0.038481,0.445361,-0.027579,-0.120810,-0.026555,0.224571,-0.966575,182.612343,0.000000
13121,0.038408,0.445397,-0.027611,-0.120597,-0.026571,0.224189,-0.966690,182.217522,0.000000
13125,0.038293,0.445448,-0.027668,-0.120081,-0.026546,0.223246,-0.966973,181.586494,0.000000
13128,0.038209,0.445489,-0.027712,-0.119880,-0.026524,0.222763,-0.967110,181.025162,-0.000343
13132,0.038101,0.445539,-0.027769,-0.119547,-0.026472,0.222052,-0.967316,180.432243,-0.000343
13136,0.038008,0.445569,-0.027817,-0.119183,-0.026468,0.221435,-0.967503,180.059395,0.000000
13139,0.037960,0.445589,-0.027844,-0.119065,-0.026499,0.221115,-0.967590,179.906960,0.000000
13143,0.037898,0.445612,-0.027870,-0.118814,-0.026502,0.220690,-0.967717,179.520721,0.000000
13146,0.037854,0.445636,-0.027894,-0.118624,-0.026498,0.220302,-0.967829,179.065132,0.000000
13150,0.037768,0.445660,-0.027922,-0.118466,-0.026428,0.219775,-0.967970,178.312225,0.000000
13153,0.037692,0.445687,-0.027948,-0.118226,-0.026423,0.219206,-0.968129,178.007698,0.000000
13157,0.037589,0.445732,-0.027981,-0.117968,-0.026459,0.218558,-0.968306,177.375641,0.000000
13161,0.037506,0.445758,-0.028007,-0.117880,-0.026458,0.218188,-0.968400,177.140465,-0.000343
13164,0.037451,0.445783,-0.028033,-0.117655,-0.026517,0.217812,-0.968510,176.852417,-0.000343
13167,0.037405,0.445798,-0.028060,-0.117388,-0.026577,0.217460,-0.968620,176.612778,0.000000
13171,0.037367,0.445813,-0.028089,-0.117299,-0.026541,0.217235,-0.968682,176.259842,0.000000
13175,0.037325,0.445835,-0.028117,-0.117111,-0.026559,0.216941,-0.968770,176.096764,0.000000
13178,0.037285,0.445852,-0.028138,-0.116933,-0.026572,0.216592,-0.968870,175.681000,0.000000
13181,0.037234,0.445880,-0.028161,-0.116771,-0.026618,0.216193,-0.968977,175.227127,0.000000
13185,0.037136,0.445910,-0.028191,-0.116582,-0.026557,0.215676,-0.969117,174.723129,0.000000
13189,0.037028,0.445943,-0.028225,-0.116315,-0.026570,0.214996,-0.969299,174.028587,-0.000343
13192,0.036945,0.445969,-0.028253,-0.116097,-0.026581,0.214501,-0.969435,173.548965,0.000000
13196,0.036861,0.446001,-0.028283,-0.115962,-0.026583,0.214107,-0.969538,173.357391,0.000000
13200,0.036789,0.446024,-0.028316,-0.115505,-0.026629,0.213548,-0.969715,173.020248,0.000000
13203,0.036756,0.446035,-0.028340,-0.115500,-0.026579,0.213354,-0.969759,172.557793,0.000000
13207,0.036710,0.446052,-0.028373,-0.115252,-0.026603,0.212886,-0.969891,172.360725,0.000000
13210,0.036673,0.446069,-0.028395,-0.115141,-0.026619,0.212700,-0.969945,171.974144,0.000000
13214,0.036608,0.446095,-0.028423,-0.115033,-0.026633,0.212247,-0.970056,171.547394,0.000000
13217,0.036551,0.446117,-0.028444,-0.114950,-0.026599,0.211960,-0.970130,170.869331,0.000000
13221,0.036455,0.446158,-0.028479,-0.114528,-0.026641,0.211174,-0.970350,170.379753,0.000000
13224,0.036379,0.446183,-0.028503,-0.114297,-0.026614,0.210791,-0.970461,170.072823,0.000000
13228,0.036290,0.446220,-0.028540,-0.114090,-0.026559,0.210103,-0.970636,169.621353,0.000000
13231,0.036224,0.446245,-0.028566,-0.113867,-0.026564,0.209725,-0.970744,169.014359,0.000000
13235,0.036138,0.446267,-0.028605,-0.113468,-0.026562,0.209014,-0.970944,168.771973,0.000343
13239,0.036053,0.446294,-0.028637,-0.113203,-0.026595,0.208504,-0.971084,168.361015,0.000000
13242,0.035991,0.446318,-0.028666,-0.112997,-0.026591,0.208096,-0.971195,167.957268,0.000343
13246,0.035904,0.446351,-0.028704,-0.112947,-0.026554,0.207648,-0.971298,167.531204,0.000000
13249,0.035838,0.446370,-0.028735,-0.112780,-0.026557,0.207263,-0.971400,167.064629,0.000000
13252,0.035765,0.446390,-0.028763,-0.112575,-0.026549,0.206893,-0.971503,166.580887,0.000000
13256,0.035667,0.446423,-0.028806,-0.112189,-0.026609,0.206103,-0.971714,165.878105,0.000343
13260,0.035570,0.446456,-0.028848,-0.111995,-0.026646,0.205497,-0.971863,165.578041,0.000343
13263,0.035499,0.446483,-0.028876,-0.111779,-0.026649,0.204988,-0.971995,165.085030,0.000343
13267,0.035400,0.446508,-0.028914,-0.111360,-0.026691,0.204266,-0.972194,164.635963,0.000343
13270,0.035334,0.446538,-0.028940,-0.111243,-0.026646,0.203867,-0.972293,163.991890,0.000000
13274,0.035246,0.446565,-0.028975,-0.110879,-0.026686,0.203213,-0.972470,163.492699,0.000343
13278,0.035159,0.446597,-0.029013,-0.110723,-0.026662,0.202762,-0.972583,163.250999,0.000343
13281,0.035092,0.446622,-0.029041,-0.110507,-0.026646,0.202240,-0.972717,162.773094,0.000000
13285,0.035023,0.446657,-0.029076,-0.110353,-0.026637,0.201822,-0.972821,162.067223,0.000000
13288,0.034952,0.446671,-0.029104,-0.110065,-0.026619,0.201249,-0.972973,161.774368,0.000343
13292,0.034860,0.446699,-0.029143,-0.109983,-0.026508,0.200833,-0.973071,161.250801,0.000343
13295,0.034787,0.446726,-0.029175,-0.109643,-0.026511,0.200314,-0.973216,160.726547,0.000343
13299,0.034682,0.446755,-0.029216,-0.109295,-0.026499,0.199689,-0.973384,160.227699,0.000343
13302,0.034607,0.446778,-0.029252,-0.108973,-0.026570,0.199192,-0.973520,159.525604,0.000343
13306,0.034510,0.446808,-0.029290,-0.108756,-0.026538,0.198621,-0.973662,159.248543,0.000343
13310,0.034417,0.446841,-0.029328,-0.108569,-0.026527,0.197954,-0.973819,158.738365,0.000000
13313,0.034341,0.446870,-0.029359,-0.108406,-0.026561,0.197506,-0.973927,158.021507,0.000343
13317,0.034224,0.446912,-0.029404,-0.108000,-0.026600,0.196564,-0.974162,157.717667,0.000343
13320,0.034132,0.446935,-0.029441,-0.107706,-0.026635,0.196040,-0.974299,157.189293,0.000343
13324,0.034010,0.446966,-0.029487,-0.107388,-0.026609,0.195284,-0.974486,156.649246,0.000343
13327,0.033933,0.446993,-0.029519,-0.107298,-0.026552,0.194841,-0.974587,155.901833,0.000343
13331,0.033816,0.447027,-0.029570,-0.106895,-0.026511,0.194038,-0.974792,155.379639,0.000343
13334,0.033737,0.447049,-0.029606,-0.106693,-0.026477,0.193600,-0.974902,155.052452,0.000000
13338,0.033637,0.447085,-0.029654,-0.106363,-0.026459,0.192840,-0.975089,154.522018,0.000343
13341,0.033553,0.447113,-0.029693,-0.106179,-0.026429,0.192299,-0.975217,154.009781,0.000343
13345,0.033439,0.447143,-0.029739,-0.105832,-0.026476,0.191579,-0.975396,153.260994,0.000343
13349,0.033329,0.447177,-0.029782,-0.105364,-0.026514,0.190812,-0.975595,152.926254,0.000343
13352,0.033256,0.447202,-0.029813,-0.105224,-0.026506,0.190389,-0.975693,152.369041,0.000343
13356,0.033155,0.447233,-0.029847,-0.104952,-0.026476,0.189766,-0.975845,151.813545,0.000343
13359,0.033085,0.447258,-0.029870,-0.104730,-0.026511,0.189361,-0.975946,151.264229,0.000343
13363,0.032989,0.447291,-0.029910,-0.104380,-0.026533,0.188644,-0.976122,150.478020,0.000343
13366,0.032908,0.447308,-0.029941,-0.104176,-0.026463,0.188166,-0.976238,150.128860,0.000687
13370,0.032810,0.447341,-0.029984,-0.103855,-0.026523,0.187482,-0.976402,149.582634,0.000343
13373,0.032733,0.447366,-0.030018,-0.103552,-0.026544,0.187108,-0.976506,149.055634,0.000343
13377,0.032626,0.447388,-0.030071,-0.103382,-0.026537,0.186368,-0.976665,148.502884,0.000687
13381,0.032505,0.447427,-0.030124,-0.103008,-0.026452,0.185703,-0.976834,147.923355,0.000343
13384,0.032418,0.447454,-0.030164,-0.102805,-0.026410,0.185008,-0.976988,147.339020,0.000343
13388,0.032307,0.447485,-0.030207,-0.102727,-0.026296,0.184378,-0.977118,146.762581,0.000343
13391,0.032225,0.447511,-0.030239,-0.102316,-0.026357,0.183784,-0.977272,146.204681,0.000343
13395,0.032111,0.447541,-0.030278,-0.101965,-0.026440,0.183098,-0.977435,145.623436,0.000343
13398,0.032026,0.447571,-0.030314,-0.101715,-0.026416,0.182441,-0.977585,145.028114,0.000343
13402,0.031905,0.447597,-0.030354,-0.101368,-0.026360,0.181700,-0.977760,144.427299,0.000343
13405,0.031813,0.447619,-0.030390,-0.101058,-0.026338,0.181082,-0.977907,143.854980,0.000687
13409,0.031698,0.447653,-0.030440,-0.100950,-0.026266,0.180495,-0.978029,143.365746,0.000343
13412,0.031603,0.447673,-0.030476,-0.100629,-0.026286,0.179835,-0.978183,142.736435,0.000343
13416,0.031488,0.447706,-0.030536,-0.100154,-0.026284,0.179135,-0.978360,142.151756,0.000343
13420,0.031377,0.447733,-0.030583,-0.099913,-0.026212,0.178578,-0.978489,141.326752,0.000343
13423,0.031300,0.447762,-0.030618,-0.099716,-0.026174,0.178091,-0.978599,140.985146,0.000343
13427,0.031183,0.447790,-0.030670,-0.099400,-0.026211,0.177244,-0.978784,140.329399,0.000343
13430,0.031100,0.447815,-0.030696,-0.099233,-0.026280,0.176731,-0.978891,139.473495,0.000343
13434,0.030980,0.447851,-0.030737,-0.098737,-0.026341,0.176003,-0.979071,139.146309,0.000343
13437,0.030884,0.447877,-0.030772,-0.098457,-0.026356,0.175311,-0.979223,138.532104,0.000343
13441,0.030758,0.447905,-0.030824,-0.098084,-0.026297,0.174523,-0.979403,137.914810,0.000687
13445,0.030631,0.447940,-0.030876,-0.097509,-0.026355,0.173625,-0.979618,137.310219,0.000343
13447,0.030570,0.447954,-0.030902,-0.097460,-0.026313,0.173291,-0.979683,136.714897,0.000343
13452,0.030414,0.448003,-0.030967,-0.097074,-0.026237,0.172358,-0.979888,135.870323,0.000687
13455,0.030301,0.448027,-0.031010,-0.096806,-0.026225,0.171695,-0.980032,135.519447,0.000343
13459,0.030160,0.448060,-0.031079,-0.096375,-0.026226,0.170554,-0.980273,134.909706,0.000343
13462,0.030066,0.448079,-0.031116,-0.096268,-0.026154,0.170009,-0.980380,134.276276,0.000343
13466,0.029941,0.448113,-0.031166,-0.095772,-0.026274,0.169086,-0.980585,133.394623,0.000343
13469,0.029850,0.448138,-0.031203,-0.095534,-0.026270,0.168548,-0.980701,133.005295,0.000343
13473,0.029719,0.448170,-0.031257,-0.095286,-0.026298,0.167678,-0.980874,132.388344,0.000343
13476,0.029634,0.448193,-0.031295,-0.095049,-0.026255,0.167233,-0.980974,131.780663,0.000343
13480,0.029513,0.448223,-0.031351,-0.094600,-0.026241,0.166334,-0.981170,131.178131,0.000343
13483,0.029424,0.448244,-0.031394,-0.094474,-0.026181,0.165789,-0.981276,130.569077,0.000687
13487,0.029325,0.448280,-0.031431,-0.094345,-0.026396,0.165083,-0.981402,129.949722,0.000687
13491,0.029184,0.448299,-0.031494,-0.093672,-0.026227,0.164165,-0.981625,129.034767,0.000343
13494,0.029077,0.448329,-0.031539,-0.093482,-0.026195,0.163481,-0.981758,128.650246,0.000687
13498,0.028927,0.448362,-0.031592,-0.092981,-0.026196,0.162582,-0.981955,127.997246,0.000687
13501,0.028816,0.448387,-0.031633,-0.092538,-0.026249,0.161778,-0.982128,127.361755,0.000343
13505,0.028680,0.448420,-0.031690,-0.092160,-0.026224,0.160974,-0.982296,126.730385,0.000687
13508,0.028592,0.448444,-0.031731,-0.091915,-0.026239,0.160417,-0.982410,126.110001,0.000343
13512,0.028459,0.448478,-0.031791,-0.091485,-0.026315,0.159588,-0.982583,125.494766,0.000687
13516,0.028331,0.448503,-0.031855,-0.091259,-0.026236,0.158867,-0.982723,124.870262,0.000343
13519,0.028237,0.448524,-0.031899,-0.090849,-0.026222,0.158137,-0.982879,124.233055,0.000343
13522,0.028131,0.448550,-0.031949,-0.090462,-0.026208,0.157355,-0.983041,123.577309,0.000343
13526,0.027987,0.448586,-0.032013,-0.090194,-0.026066,0.156472,-0.983210,122.642784,0.000343
13530,0.027842,0.448618,-0.032063,-0.089797,-0.026085,0.155671,-0.983373,122.258949,0.000343
13533,0.027741,0.448644,-0.032101,-0.089537,-0.026065,0.154938,-0.983513,121.607323,0.000343
13537,0.027612,0.448665,-0.032151,-0.089242,-0.026040,0.154187,-0.983659,120.970459,0.000343
13540,0.027522,0.448683,-0.032190,-0.088871,-0.026054,0.153521,-0.983796,120.087433,0.000343
13544,0.027410,0.448705,-0.032245,-0.088371,-0.026098,0.152728,-0.983963,119.461899,0.000687
13547,0.027328,0.448722,-0.032288,-0.088103,-0.026090,0.152134,-0.984079,119.058151,0.000343
13551,0.027194,0.448750,-0.032355,-0.087819,-0.026020,0.151382,-0.984223,118.398628,0.000343
13554,0.027090,0.448778,-0.032406,-0.087472,-0.026069,0.150678,-0.984360,117.742538,0.000343
13558,0.026950,0.448812,-0.032469,-0.087121,-0.026082,0.149839,-0.984519,116.805611,0.000343
13562,0.026777,0.448850,-0.032542,-0.086504,-0.026118,0.148706,-0.984744,116.408730,0.000343
13565,0.026633,0.448879,-0.032596,-0.086050,-0.026090,0.147821,-0.984918,115.740280,0.000343
13569,0.026466,0.448914,-0.032658,-0.085629,-0.026059,0.146698,-0.985124,114.831848,0.000343
13572,0.026364,0.448935,-0.032694,-0.085320,-0.026074,0.146158,-0.985230,114.193611,0.000687
13576,0.026223,0.448960,-0.032748,-0.084821,-0.026138,0.145182,-0.985416,113.546791,0.000343
13579,0.026123,0.448983,-0.032793,-0.084616,-0.026083,0.144585,-0.985523,113.172913,0.000343
13583,0.025966,0.449012,-0.032856,-0.084069,-0.025952,0.143694,-0.985703,112.523346,0.000343
13586,0.025868,0.449032,-0.032903,-0.083891,-0.025868,0.143117,-0.985805,111.848373,0.000343
13590,0.025723,0.449058,-0.032974,-0.083438,-0.025869,0.142129,-0.985986,111.172028,0.000343
13594,0.025573,0.449091,-0.033050,-0.082938,-0.025841,0.141205,-0.986162,110.485382,0.000343
13597,0.025473,0.449114,-0.033102,-0.082567,-0.025861,0.140553,-0.986285,109.823112,0.000343
13601,0.025365,0.449129,-0.033155,-0.082225,-0.026140,0.139606,-0.986441,109.160500,0.000343
13604,0.025263,0.449152,-0.033197,-0.081970,-0.026122,0.138961,-0.986554,108.511276,0.000343
13608,0.025120,0.449177,-0.033253,-0.081523,-0.026122,0.137971,-0.986730,107.604561,0.000343
13611,0.025006,0.449194,-0.033294,-0.081202,-0.026089,0.137249,-0.986858,107.281837,0.000687
13615,0.024856,0.449216,-0.033348,-0.080936,-0.026034,0.136403,-0.986998,106.546440,0.000343
13618,0.024739,0.449233,-0.033397,-0.080471,-0.026097,0.135601,-0.987145,105.589256,0.000343
13622,0.024566,0.449272,-0.033488,-0.080062,-0.025618,0.134643,-0.987322,105.189972,0.000343
13625,0.024494,0.449287,-0.033534,-0.079542,-0.026185,0.133895,-0.987451,104.517403,0.000343
13629,0.024359,0.449316,-0.033603,-0.079000,-0.026269,0.133002,-0.987613,103.849983,0.000343
13633,0.024183,0.449353,-0.033677,-0.078545,-0.026119,0.132345,-0.987741,102.926445,0.000343
13636,0.024064,0.449373,-0.033715,-0.078187,-0.026127,0.131591,-0.987870,102.550507,0.000343
13640,0.023931,0.449395,-0.033763,-0.077785,-0.026296,0.130603,-0.988029,101.890640,0.000343
13643,0.023822,0.449415,-0.033809,-0.077406,-0.026279,0.129856,-0.988158,101.229401,0.000343
13647,0.023693,0.449432,-0.033861,-0.077103,-0.026230,0.129157,-0.988274,100.279427,0.000343
13650,0.023579,0.449451,-0.033919,-0.076823,-0.025927,0.128291,-0.988417,99.863663,0.000343
13654,0.023419,0.449474,-0.033985,-0.076375,-0.025870,0.127330,-0.988577,99.180107,0.000343
13657,0.023308,0.449487,-0.034028,-0.076073,-0.025901,0.126617,-0.988691,98.504105,0.000343
13661,0.023165,0.449510,-0.034097,-0.075657,-0.025938,0.125768,-0.988831,97.840462,0.000343
13665,0.023027,0.449532,-0.034171,-0.075249,-0.026011,0.124864,-0.988974,96.936836,0.000343
13668,0.022963,0.449543,-0.034212,-0.075054,-0.026262,0.124252,-0.989060,96.524162,0.000343
13672,0.022819,0.449566,-0.034276,-0.074426,-0.026278,0.123153,-0.989244,95.863266,0.000343
13675,0.022685,0.449587,-0.034327,-0.074154,-0.026297,0.122381,-0.989360,95.209236,0.000343
13679,0.022499,0.449614,-0.034390,-0.073746,-0.026124,0.121282,-0.989530,94.536324,0.000343
13682,0.022361,0.449623,-0.034439,-0.073653,-0.025809,0.120510,-0.989640,93.576393,0.000343
13686,0.022192,0.449643,-0.034514,-0.073043,-0.025761,0.119464,-0.989813,93.168182,0.000343
13689,0.022083,0.449659,-0.034567,-0.072781,-0.025717,0.118866,-0.989905,92.495270,0.000343
13693,0.021939,0.449690,-0.034632,-0.072146,-0.025837,0.117924,-0.990061,91.575508,0.000343
13696,0.021849,0.449700,-0.034677,-0.071828,-0.026158,0.117234,-0.990158,91.184807,0.000343
13700,0.021705,0.449715,-0.034738,-0.071432,-0.026159,0.116309,-0.990296,90.533180,0.000343
13703,0.021614,0.449728,-0.034775,-0.070995,-0.026385,0.115694,-0.990393,89.886360,0.000343
13707,0.021486,0.449749,-0.034838,-0.070642,-0.026097,0.114825,-0.990527,88.938789,0.000343
13711,0.021364,0.449766,-0.034889,-0.070323,-0.026057,0.114006,-0.990646,88.251114,0.000687
13714,0.021258,0.449774,-0.034943,-0.070240,-0.025716,0.113314,-0.990740,87.853546,0.000343
13718,0.021110,0.449790,-0.034983,-0.069619,-0.026114,0.112142,-0.990906,87.190933,0.000343
13721,0.020990,0.449805,-0.035032,-0.069318,-0.026106,0.111450,-0.991006,86.261215,0.000343
13725,0.020844,0.449820,-0.035091,-0.068779,-0.026323,0.110292,-0.991167,85.868111,0.000343
13729,0.020693,0.449841,-0.035163,-0.068421,-0.026340,0.109498,-0.991279,85.202751,0.000343
13732,0.020577,0.449858,-0.035228,-0.067931,-0.026231,0.108823,-0.991390,84.544258,0.000343
13736,0.020428,0.449877,-0.035299,-0.067536,-0.026251,0.108008,-0.991506,83.614197,0.000343
13739,0.020313,0.449893,-0.035356,-0.066997,-0.026330,0.107256,-0.991622,83.200493,0.000343
13743,0.020142,0.449902,-0.035427,-0.066876,-0.025998,0.106226,-0.991750,82.536163,0.000343
13746,0.020026,0.449913,-0.035473,-0.066448,-0.025960,0.105402,-0.991868,81.623611,0.000343
13749,0.019945,0.449923,-0.035506,-0.066006,-0.026259,0.104659,-0.991968,80.970268,0.000343
13753,0.019819,0.449931,-0.035553,-0.065768,-0.026231,0.103819,-0.992073,80.323448,0.000343
13757,0.019703,0.449949,-0.035610,-0.065349,-0.026203,0.103075,-0.992179,79.935493,0.000343
13760,0.019597,0.449953,-0.035658,-0.064900,-0.026247,0.102324,-0.992285,79.278374,0.000343
13764,0.019462,0.449972,-0.035714,-0.064782,-0.026066,0.101752,-0.992356,78.621941,0.000343
13768,0.019318,0.449992,-0.035778,-0.064128,-0.026131,0.100782,-0.992496,77.953148,0.000343
13771,0.019212,0.450005,-0.035829,-0.063961,-0.026022,0.100082,-0.992580,77.291908,0.000343
13775,0.019097,0.450017,-0.035883,-0.063348,-0.026377,0.099229,-0.992696,76.373177,0.000343
13778,0.018972,0.450030,-0.035946,-0.063336,-0.025764,0.098640,-0.992771,76.040840,0.000343
13782,0.018815,0.450041,-0.036014,-0.062765,-0.025744,0.097651,-0.992906,75.330505,0.000343
13785,0.018722,0.450050,-0.036045,-0.062375,-0.026198,0.096847,-0.992997,74.437523,0.000343
13789,0.018569,0.450067,-0.036100,-0.061922,-0.026300,0.095847,-0.993120,74.096947,0.000343
13792,0.018456,0.450073,-0.036151,-0.061593,-0.026098,0.095248,-0.993203,73.387299,0.000343
13796,0.018338,0.450081,-0.036194,-0.061166,-0.026403,0.094317,-0.993311,72.751122,0.000343
13799,0.018242,0.450091,-0.036242,-0.060809,-0.026417,0.093655,-0.993395,71.835136,0.000343
13803,0.018107,0.450109,-0.036313,-0.060389,-0.026253,0.092683,-0.993516,71.453705,0.000343
13807,0.017944,0.450112,-0.036392,-0.060145,-0.025847,0.091915,-0.993613,70.802422,0.000000
13810,0.017821,0.450121,-0.036459,-0.060035,-0.025557,0.091226,-0.993690,70.156631,0.000343
13814,0.017703,0.450132,-0.036501,-0.059362,-0.026169,0.090173,-0.993811,69.258499,0.000000
13817,0.017608,0.450141,-0.036537,-0.059139,-0.026183,0.089659,-0.993870,68.895607,0.000343
13821,0.017485,0.450151,-0.036595,-0.058692,-0.026145,0.088797,-0.993975,68.245010,0.000343
13824,0.017388,0.450156,-0.036628,-0.058434,-0.026156,0.088199,-0.994043,67.608833,0.000343
13828,0.017261,0.450160,-0.036676,-0.058076,-0.026106,0.087317,-0.994144,66.729927,0.000343
13831,0.017166,0.450168,-0.036708,-0.057801,-0.026093,0.086733,-0.994211,66.337852,0.000000
13835,0.017025,0.450177,-0.036763,-0.057290,-0.026172,0.085782,-0.994321,65.703392,0.000343
13838,0.016909,0.450189,-0.036815,-0.057031,-0.025978,0.085169,-0.994394,65.085411,0.000343
13842,0.016784,0.450192,-0.036872,-0.056498,-0.026249,0.084211,-0.994499,64.462967,0.000343
13846,0.016651,0.450196,-0.036944,-0.056242,-0.026150,0.083479,-0.994577,63.596077,0.000000
13849,0.016544,0.450199,-0.037000,-0.055945,-0.026131,0.082696,-0.994660,63.248291,0.000000
13853,0.016409,0.450208,-0.037065,-0.055537,-0.026129,0.081851,-0.994753,62.635460,0.000000
13856,0.016311,0.450212,-0.037117,-0.055171,-0.026139,0.081147,-0.994831,62.021599,0.000000
13860,0.016190,0.450224,-0.037168,-0.054902,-0.026107,0.080441,-0.994904,61.180801,0.000343
13864,0.016049,0.450230,-0.037223,-0.054375,-0.026106,0.079537,-0.995005,60.853958,0.000000
13867,0.015946,0.450236,-0.037262,-0.054099,-0.026031,0.078854,-0.995077,60.187569,0.000000
13870,0.015849,0.450241,-0.037294,-0.053840,-0.026033,0.078251,-0.995138,59.331322,0.000000
13874,0.015724,0.450244,-0.037339,-0.053519,-0.026050,0.077583,-0.995208,59.011688,0.000343
13878,0.015600,0.450247,-0.037390,-0.052983,-0.026143,0.076783,-0.995296,58.461685,0.000343
13881,0.015514,0.450250,-0.037431,-0.052810,-0.026100,0.076208,-0.995350,57.806969,0.000000
13885,0.015405,0.450258,-0.037492,-0.052536,-0.026082,0.075508,-0.995419,57.199287,0.000343
13888,0.015310,0.450256,-0.037541,-0.052153,-0.026090,0.074850,-0.995488,56.388016,0.000000
13892,0.015193,0.450268,-0.037601,-0.051937,-0.026032,0.074042,-0.995561,56.025810,0.000000
13895,0.015084,0.450274,-0.037653,-0.051554,-0.026045,0.073350,-0.995632,55.436668,0.000000
13899,0.014927,0.450280,-0.037726,-0.050936,-0.026010,0.072302,-0.995742,54.586258,0.000000
13902,0.014824,0.450283,-0.037773,-0.050679,-0.025999,0.071703,-0.995798,54.237785,0.000000
13906,0.014684,0.450293,-0.037835,-0.050237,-0.026017,0.070918,-0.995877,53.639717,0.000000
13909,0.014591,0.450300,-0.037876,-0.049872,-0.026073,0.070312,-0.995936,53.059502,0.000000
13913,0.014465,0.450295,-0.037929,-0.049634,-0.026010,0.069483,-0.996008,52.272949,0.000000
13917,0.014349,0.450300,-0.037972,-0.049251,-0.026010,0.068615,-0.996087,51.956406,0.000000
13920,0.014259,0.450302,-0.037999,-0.049050,-0.025990,0.068164,-0.996129,51.390266,0.000343
13924,0.014130,0.450305,-0.038039,-0.048846,-0.025931,0.067341,-0.996196,50.795975,0.000000
13927,0.014030,0.450306,-0.038076,-0.048479,-0.025976,0.066802,-0.996249,50.204430,0.000000
13931,0.013903,0.450307,-0.038136,-0.047969,-0.025954,0.065844,-0.996338,49.686012,0.000000
13934,0.013825,0.450312,-0.038181,-0.047707,-0.025950,0.065395,-0.996381,49.060478,0.000000
13938,0.013726,0.450313,-0.038240,-0.047359,-0.026005,0.064718,-0.996440,48.503609,0.000000
13941,0.013640,0.450313,-0.038290,-0.047041,-0.025996,0.064155,-0.996492,47.936096,0.000000
13945,0.013513,0.450318,-0.038356,-0.046634,-0.025985,0.063204,-0.996572,47.362404,0.000000
13949,0.013380,0.450323,-0.038408,-0.046161,-0.026051,0.062476,-0.996638,46.869392,0.000000
13952,0.013278,0.450320,-0.038456,-0.045912,-0.025905,0.061765,-0.996698,46.282654,0.000000
13955,0.013176,0.450315,-0.038493,-0.045677,-0.025917,0.061183,-0.996744,45.744324,0.000000
13955,0.013176,0.450315,-0.038493,-0.045677,-0.025917,0.061183,-0.996744,45.181618,-0.000343
13955,0.013176,0.450315,-0.038493,-0.045677,-0.025917,0.061183,-0.996744,44.400902,0.000000
13955,0.013176,0.450315,-0.038493,-0.045677,-0.025917,0.061183,-0.996744,44.040756,0.000000
13955,0.013176,0.450315,-0.038493,-0.045677,-0.025917,0.061183,-0.996744,43.493156,0.000000
13955,0.013176,0.450315,-0.038493,-0.045677,-0.025917,0.061183,-0.996744,42.963409,0.000000
13955,0.013176,0.450315,-0.038493,-0.045677,-0.025917,0.061183,-0.996744,42.422676,0.000000
13955,0.013176,0.450315,-0.038493,-0.045677,-0.025917,0.061183,-0.996744,41.883316,0.000000
13955,0.013176,0.450315,-0.038493,-0.045677,-0.025917,0.061183,-0.996744,41.369705,0.000000
13955,0.013176,0.450315,-0.038493,-0.045677,-0.025917,0.061183,-0.996744,40.633278,0.000000
13955,0.013176,0.450315,-0.038493,-0.045677,-0.025917,0.061183,-0.996744,40.333900,-0.000343
13955,0.013176,0.450315,-0.038493,-0.045677,-0.025917,0.061183,-0.996744,39.783897,-0.000343
13955,0.013176,0.450315,-0.038493,-0.045677,-0.025917,0.061183,-0.996744,39.230461,0.000000
13955,0.013176,0.450315,-0.038493,-0.045677,-0.025917,0.061183,-0.996744,38.702774,0.000000
13955,0.013176,0.450315,-0.038493,-0.045677,-0.025917,0.061183,-0.996744,37.967033,-0.000343
13955,0.013176,0.450315,-0.038493,-0.045677,-0.025917,0.061183,-0.996744,37.662849,-0.000343
13955,0.013176,0.450315,-0.038493,-0.045677,-0.025917,0.061183,-0.996744,37.166061,-0.000343
13955,0.013176,0.450315,-0.038493,-0.045677,-0.025917,0.061183,-0.996744,36.684723,0.000000
13955,0.013176,0.450315,-0.038493,-0.045677,-0.025917,0.061183,-0.996744,35.992241,0.000000
13955,0.013176,0.450315,-0.038493,-0.045677,-0.025917,0.061183,-0.996744,35.670547,-0.000343
13955,0.013176,0.450315,-0.038493,-0.045677,-0.025917,0.061183,-0.996744,35.181656,0.000000
13955,0.013176,0.450315,-0.038493,-0.045677,-0.025917,0.061183,-0.996744,34.446602,-0.000343
13955,0.013176,0.450315,-0.038493,-0.045677,-0.025917,0.061183,-0.996744,34.143105,-0.000343
13955,0.013176,0.450315,-0.038493,-0.045677,-0.025917,0.061183,-0.996744,33.621941,-0.000343
13955,0.013176,0.450315,-0.038493,-0.045677,-0.025917,0.061183,-0.996744,33.129272,-0.000343
13955,0.013176,0.450315,-0.038493,-0.045677,-0.025917,0.061183,-0.996744,32.648964,-0.000343
13955,0.013176,0.450315,-0.038493,-0.045677,-0.025917,0.061183,-0.996744,32.183418,-0.000343
13955,0.013176,0.450315,-0.038493,-0.045677,-0.025917,0.061183,-0.996744,31.724739,-0.000343
13955,0.013176,0.450315,-0.038493,-0.045677,-0.025917,0.061183,-0.996744,31.251297,-0.000343
13955,0.013176,0.450315,-0.038493,-0.045677,-0.025917,0.061183,-0.996744,30.765152,-0.000343
14062,0.010026,0.450274,-0.039871,-0.036155,-0.025764,0.040743,-0.998183,30.298233,-0.000343
14066,0.009921,0.450266,-0.039903,-0.035834,-0.025780,0.040129,-0.998219,29.634590,-0.000343
14069,0.009838,0.450263,-0.039936,-0.035502,-0.025798,0.039560,-0.998253,29.337273,-0.000343
14073,0.009732,0.450262,-0.039990,-0.035315,-0.025771,0.038952,-0.998284,28.858681,-0.000343
14076,0.009644,0.450266,-0.040031,-0.034979,-0.025813,0.038467,-0.998314,28.206367,-0.000343
14080,0.009534,0.450260,-0.040107,-0.034584,-0.025759,0.037795,-0.998355,27.938919,-0.000343
14084,0.009444,0.450259,-0.040166,-0.034438,-0.025722,0.037339,-0.998378,27.314072,-0.000343
14087,0.009367,0.450247,-0.040214,-0.034146,-0.025746,0.036701,-0.998411,27.044563,-0.000343
14091,0.009273,0.450254,-0.040258,-0.033807,-0.025778,0.036203,-0.998440,26.605453,-0.000343
14094,0.009195,0.450247,-0.040280,-0.033479,-0.025813,0.035655,-0.998470,26.171837,0.000000
14098,0.009088,0.450245,-0.040313,-0.033345,-0.025745,0.035013,-0.998499,25.764313,-0.000343
14101,0.009009,0.450238,-0.040331,-0.032981,-0.025734,0.034344,-0.998534,25.327950,-0.000343
14105,0.008916,0.450231,-0.040353,-0.032820,-0.025694,0.033715,-0.998562,24.843521,-0.000343
14108,0.008841,0.450226,-0.040379,-0.032451,-0.025741,0.033143,-0.998592,24.232750,-0.000343
14112,0.008739,0.450223,-0.040423,-0.032258,-0.025647,0.032511,-0.998621,23.969078,-0.000343
14116,0.008633,0.450211,-0.040479,-0.031839,-0.025667,0.031852,-0.998656,23.531685,0.000000
14119,0.008557,0.450211,-0.040527,-0.031712,-0.025688,0.031435,-0.998672,23.107338,-0.000343
14122,0.008476,0.450203,-0.040575,-0.031492,-0.025651,0.030929,-0.998696,22.544632,-0.000343
14126,0.008382,0.450201,-0.040637,-0.031205,-0.025673,0.030372,-0.998722,22.301216,-0.000343
14130,0.008285,0.450194,-0.040691,-0.030828,-0.025703,0.029770,-0.998751,21.887169,-0.000343
14133,0.008219,0.450192,-0.040717,-0.030644,-0.025687,0.029351,-0.998769,21.471748,-0.000343
14137,0.008125,0.450186,-0.040748,-0.030336,-0.025668,0.028689,-0.998798,21.056671,-0.000343
14140,0.008058,0.450178,-0.040759,-0.030143,-0.025712,0.028268,-0.998815,20.643654,-0.000343
14144,0.007965,0.450174,-0.040781,-0.029765,-0.025744,0.027599,-0.998844,20.094681,-0.000343
14147,0.007906,0.450169,-0.040796,-0.029658,-0.025656,0.027188,-0.998861,19.664497,-0.000343
14151,0.007829,0.450168,-0.040825,-0.029493,-0.025601,0.026664,-0.998881,19.470520,-0.000343
14154,0.007764,0.450162,-0.040860,-0.029297,-0.025583,0.026350,-0.998896,19.091148,-0.000343
14158,0.007677,0.450157,-0.040916,-0.029020,-0.025537,0.025734,-0.998921,18.556595,-0.000343
14162,0.007591,0.450152,-0.040969,-0.028707,-0.025637,0.025196,-0.998941,18.323135,-0.000343
14165,0.007524,0.450146,-0.041008,-0.028522,-0.025591,0.024777,-0.998958,17.782059,-0.000343
14169,0.007437,0.450138,-0.041050,-0.028183,-0.025635,0.024204,-0.998981,17.601128,-0.000343
14172,0.007370,0.450129,-0.041080,-0.028045,-0.025586,0.023813,-0.998995,17.192574,-0.000343
14175,0.007309,0.450122,-0.041105,-0.027962,-0.025581,0.023506,-0.999005,16.816978,-0.000343
14179,0.007222,0.450117,-0.041137,-0.027525,-0.025655,0.022872,-0.999030,16.450653,-0.000343
14183,0.007138,0.450110,-0.041170,-0.027397,-0.025582,0.022320,-0.999048,16.090164,-0.000343
14187,0.007050,0.450103,-0.041206,-0.027182,-0.025488,0.021794,-0.999068,15.737915,-0.000343
14190,0.006986,0.450098,-0.041232,-0.026915,-0.025569,0.021276,-0.999084,15.245247,-0.000343
14193,0.006922,0.450095,-0.041266,-0.026829,-0.025467,0.020893,-0.999097,15.037880,-0.000343
14193,0.006922,0.450095,-0.041266,-0.026829,-0.025467,0.020893,-0.999097,14.693184,-0.000343
14193,0.006922,0.450095,-0.041266,-0.026829,-0.025467,0.020893,-0.999097,14.226952,-0.000343
14193,0.006922,0.450095,-0.041266,-0.026829,-0.025467,0.020893,-0.999097,14.060783,-0.000343
14193,0.006922,0.450095,-0.041266,-0.026829,-0.025467,0.020893,-0.999097,13.693085,-0.000343
14193,0.006922,0.450095,-0.041266,-0.026829,-0.025467,0.020893,-0.999097,13.356628,-0.000343
14193,0.006922,0.450095,-0.041266,-0.026829,-0.025467,0.020893,-0.999097,13.030472,-0.000343
14193,0.006922,0.450095,-0.041266,-0.026829,-0.025467,0.020893,-0.999097,12.704659,-0.000343
14193,0.006922,0.450095,-0.041266,-0.026829,-0.025467,0.020893,-0.999097,12.388115,-0.000343
14193,0.006922,0.450095,-0.041266,-0.026829,-0.025467,0.020893,-0.999097,12.067108,-0.000343
14193,0.006922,0.450095,-0.041266,-0.026829,-0.025467,0.020893,-0.999097,11.752625,-0.000343
14193,0.006922,0.450095,-0.041266,-0.026829,-0.025467,0.020893,-0.999097,11.441917,-0.000343
14193,0.006922,0.450095,-0.041266,-0.026829,-0.025467,0.020893,-0.999097,11.141167,-0.000343
14193,0.006922,0.450095,-0.041266,-0.026829,-0.025467,0.020893,-0.999097,10.726089,-0.000343
14193,0.006922,0.450095,-0.041266,-0.026829,-0.025467,0.020893,-0.999097,10.554428,-0.000343
14193,0.006922,0.450095,-0.041266,-0.026829,-0.025467,0.020893,-0.999097,10.260201,-0.000343
14193,0.006922,0.450095,-0.041266,-0.026829,-0.025467,0.020893,-0.999097,9.970436,-0.000343
14193,0.006922,0.450095,-0.041266,-0.026829,-0.025467,0.020893,-0.999097,9.568062,-0.000343
14193,0.006922,0.450095,-0.041266,-0.026829,-0.025467,0.020893,-0.999097,9.383354,-0.000343
14193,0.006922,0.450095,-0.041266,-0.026829,-0.025467,0.020893,-0.999097,9.114189,-0.000343
14193,0.006922,0.450095,-0.041266,-0.026829,-0.025467,0.020893,-0.999097,8.854637,-0.000343
14193,0.006922,0.450095,-0.041266,-0.026829,-0.025467,0.020893,-0.999097,8.473892,-0.000343
14193,0.006922,0.450095,-0.041266,-0.026829,-0.025467,0.020893,-0.999097,8.341026,-0.000343
14193,0.006922,0.450095,-0.041266,-0.026829,-0.025467,0.020893,-0.999097,8.054352,-0.000343
14193,0.006922,0.450095,-0.041266,-0.026829,-0.025467,0.020893,-0.999097,7.803726,-0.000343
14193,0.006922,0.450095,-0.041266,-0.026829,-0.025467,0.020893,-0.999097,7.557564,-0.000343
14193,0.006922,0.450095,-0.041266,-0.026829,-0.025467,0.020893,-0.999097,7.310371,-0.000343
14193,0.006922,0.450095,-0.041266,-0.026829,-0.025467,0.020893,-0.999097,7.060089,-0.000343
14193,0.006922,0.450095,-0.041266,-0.026829,-0.025467,0.020893,-0.999097,6.816673,-0.000343
14193,0.006922,0.450095,-0.041266,-0.026829,-0.025467,0.020893,-0.999097,6.589737,-0.000343
14300,0.005251,0.449929,-0.042014,-0.021635,-0.025216,0.009706,-0.999401,6.326065,-0.000343
14303,0.005200,0.449927,-0.042051,-0.021661,-0.025137,0.009451,-0.999405,6.106339,-0.000343
14307,0.005135,0.449926,-0.042101,-0.021332,-0.025168,0.009072,-0.999414,5.891075,-0.000343
14311,0.005081,0.449921,-0.042131,-0.021265,-0.025227,0.008879,-0.999416,5.590668,-0.000343
14314,0.005040,0.449913,-0.042151,-0.021087,-0.025280,0.008616,-0.999421,5.463638,-0.000343
14318,0.005004,0.449911,-0.042164,-0.021037,-0.025250,0.008366,-0.999425,5.164948,-0.000343
14321,0.004975,0.449902,-0.042165,-0.020839,-0.025292,0.008100,-0.999430,5.064354,-0.000343
14325,0.004936,0.449899,-0.042160,-0.020832,-0.025264,0.007883,-0.999433,4.829521,-0.000343
14329,0.004894,0.449890,-0.042168,-0.020746,-0.025225,0.007584,-0.999438,4.618721,-0.001030
14332,0.004862,0.449882,-0.042176,-0.020678,-0.025279,0.007448,-0.999439,4.344063,-0.000343
14336,0.004819,0.449890,-0.042194,-0.020213,-0.025394,0.007320,-0.999446,4.232483,-0.000343
14339,0.004789,0.449877,-0.042222,-0.020252,-0.025323,0.006980,-0.999450,4.049835,-0.000343
14343,0.004746,0.449885,-0.042242,-0.020014,-0.025480,0.006947,-0.999451,3.866158,-0.000343
14346,0.004713,0.449884,-0.042267,-0.019989,-0.025355,0.006757,-0.999456,3.697243,-0.000343
14350,0.004668,0.449866,-0.042295,-0.019947,-0.025303,0.006307,-0.999461,3.454857,-0.000343
14353,0.004637,0.449872,-0.042296,-0.019685,-0.025446,0.006324,-0.999462,3.349113,0.000000
14357,0.004598,0.449869,-0.042307,-0.019600,-0.025422,0.006084,-0.999466,3.114967,-0.000343
14361,0.004566,0.449863,-0.042317,-0.019364,-0.025449,0.005736,-0.999472,3.037376,-0.000343
14364,0.004550,0.449863,-0.042326,-0.019408,-0.025414,0.005662,-0.999473,2.793961,-0.000343
14368,0.004518,0.449857,-0.042343,-0.019298,-0.025393,0.005395,-0.999477,2.695427,-0.000343
14371,0.004497,0.449855,-0.042355,-0.019138,-0.025432,0.005243,-0.999480,2.544708,-0.000343
14375,0.004470,0.449854,-0.042374,-0.019141,-0.025372,0.005033,-0.999482,2.402573,-0.000343
14378,0.004451,0.449854,-0.042386,-0.019052,-0.025412,0.004933,-0.999483,2.210655,-0.000343
14382,0.004422,0.449853,-0.042405,-0.018846,-0.025389,0.004667,-0.999489,2.145767,-0.000343
14385,0.004402,0.449850,-0.042408,-0.018858,-0.025370,0.004567,-0.999490,2.004662,-0.000343
14388,0.004382,0.449847,-0.042404,-0.018837,-0.025407,0.004494,-0.999490,1.884155,-0.000343
14393,0.004346,0.449841,-0.042403,-0.018699,-0.025399,0.004232,-0.999494,1.772919,-0.000343
14396,0.004323,0.449837,-0.042403,-0.018676,-0.025397,0.004041,-0.999495,1.595078,-0.000343
14400,0.004300,0.449835,-0.042412,-0.018640,-0.025370,0.003934,-0.999497,1.529846,-0.000343
14403,0.004280,0.449832,-0.042431,-0.018583,-0.025317,0.003749,-0.999500,1.394920,-0.000343
14406,0.004263,0.449831,-0.042448,-0.018470,-0.025360,0.003654,-0.999501,1.287804,-0.000343
14410,0.004239,0.449828,-0.042479,-0.018442,-0.025366,0.003549,-0.999502,1.182747,-0.000343
14414,0.004218,0.449831,-0.042501,-0.018309,-0.025416,0.003421,-0.999503,1.044388,-0.000343
14417,0.004200,0.449828,-0.042518,-0.018201,-0.025395,0.003260,-0.999506,0.991859,0.000000
14421,0.004185,0.449828,-0.042523,-0.018266,-0.025368,0.003243,-0.999506,0.901909,-0.000343
14424,0.004175,0.449824,-0.042522,-0.018257,-0.025343,0.003063,-0.999507,0.790672,-0.000343
14428,0.004163,0.449822,-0.042505,-0.018194,-0.025355,0.003013,-0.999508,0.757713,-0.000343
14431,0.004148,0.449817,-0.042494,-0.018156,-0.025345,0.002922,-0.999510,0.683899,-0.000343
14435,0.004130,0.449813,-0.042481,-0.018195,-0.025272,0.002829,-0.999511,0.605621,-0.000343
14438,0.004115,0.449812,-0.042479,-0.018018,-0.025282,0.002685,-0.999514,0.491638,-0.000343
14442,0.004100,0.449813,-0.042484,-0.018206,-0.025245,0.002679,-0.999512,0.449409,-0.000343
14446,0.004082,0.449810,-0.042511,-0.018000,-0.025294,0.002589,-0.999515,0.384178,-0.000343
14449,0.004071,0.449810,-0.042532,-0.018063,-0.025255,0.002447,-0.999515,0.325470,-0.000343
14453,0.004058,0.449807,-0.042554,-0.017986,-0.025287,0.002464,-0.999515,0.275345,-0.000343
14456,0.004047,0.449808,-0.042569,-0.017857,-0.025310,0.002347,-0.999517,0.216980,-0.000343
14460,0.004036,0.449805,-0.042576,-0.017864,-0.025283,0.002333,-0.999518,0.194321,-0.000343
14464,0.004029,0.449805,-0.042576,-0.017781,-0.025285,0.002222,-0.999520,0.164108,-0.000343
14467,0.004027,0.449802,-0.042568,-0.017818,-0.025262,0.002228,-0.999520,0.120506,-0.000343
14470,0.004025,0.449801,-0.042558,-0.017751,-0.025302,0.002145,-0.999520,0.089951,-0.000343
14474,0.004022,0.449798,-0.042549,-0.017989,-0.025205,0.002173,-0.999518,0.051498,-0.000343
14478,0.004010,0.449794,-0.042548,-0.017713,-0.025270,0.001996,-0.999522,0.027809,-0.000343
14481,0.004010,0.449798,-0.042549,-0.017872,-0.025236,0.002054,-0.999520,0.015450,-0.000343
14485,0.004000,0.449797,-0.042562,-0.017754,-0.025260,0.001985,-0.999521,0.000000,0.000000
14488,0.003996,0.449796,-0.042572,-0.017731,-0.025261,0.002037,-0.999522,-0.013046,-0.000343
14492,0.003990,0.449796,-0.042590,-0.017657,-0.025267,0.001926,-0.999523,-0.018196,-0.000343
14495,0.003990,0.449798,-0.042594,-0.017723,-0.025291,0.002024,-0.999521,-0.019569,-0.000343
14499,0.003983,0.449796,-0.042598,-0.017606,-0.025302,0.001888,-0.999523,-0.019569,-0.000343
14502,0.003981,0.449796,-0.042594,-0.017651,-0.025291,0.001964,-0.999522,-0.019569,-0.000343
14506,0.003977,0.449793,-0.042586,-0.017677,-0.025287,0.001880,-0.999522,-0.019569,-0.000343
14510,0.003977,0.449794,-0.042577,-0.017585,-0.025250,0.001852,-0.999525,-0.019226,-0.000343
14513,0.003973,0.449793,-0.042572,-0.017645,-0.025218,0.001843,-0.999525,-0.018883,-0.000343
14517,0.003981,0.449793,-0.042563,-0.017689,-0.025299,0.001858,-0.999522,-0.018196,-0.000343
14520,0.003978,0.449793,-0.042568,-0.017613,-0.025267,0.001858,-0.999524,-0.014420,-0.000343
14524,0.003976,0.449792,-0.042572,-0.017655,-0.025273,0.001828,-0.999523,-0.012016,-0.000343
14527,0.003978,0.449794,-0.042578,-0.017717,-0.025281,0.001824,-0.999522,-0.003777,-0.000343
14531,0.003973,0.449793,-0.042592,-0.017675,-0.025232,0.001806,-0.999524,-0.000687,0.000000
14534,0.003969,0.449793,-0.042597,-0.017528,-0.025282,0.001778,-0.999525,0.004807,-0.000343
14538,0.003965,0.449793,-0.042597,-0.017751,-0.025242,0.001857,-0.999522,0.008926,-0.000343
14542,0.003955,0.449793,-0.042592,-0.017689,-0.025214,0.001821,-0.999524,0.009613,-0.000343
14545,0.003951,0.449793,-0.042590,-0.017675,-0.025242,0.001751,-0.999524,0.010300,-0.000343
14548,0.003947,0.449790,-0.042586,-0.017536,-0.025283,0.001723,-0.999525,0.010300,-0.000343
14552,0.003952,0.449791,-0.042583,-0.017677,-0.025250,0.001812,-0.999523,0.010300,-0.000343
14556,0.003963,0.449792,-0.042585,-0.017679,-0.025274,0.001858,-0.999523,0.010300,-0.000343
14559,0.003964,0.449792,-0.042590,-0.017592,-0.025270,0.001798,-0.999524,0.010300,-0.000343
14563,0.003968,0.449794,-0.042593,-0.017623,-0.025266,0.001845,-0.999524,0.010300,-0.000343
14566,0.003961,0.449792,-0.042595,-0.017552,-0.025279,0.001792,-0.999525,0.010300,-0.000343
14570,0.003966,0.449794,-0.042588,-0.017781,-0.025226,0.001850,-0.999522,0.009956,-0.000343
14573,0.003962,0.449790,-0.042585,-0.017639,-0.025272,0.001814,-0.999523,0.009956,-0.000343
14577,0.003963,0.449792,-0.042576,-0.017633,-0.025263,0.001822,-0.999524,0.009613,-0.000343
14581,0.003961,0.449790,-0.042567,-0.017658,-0.025229,0.001799,-0.999524,0.009270,-0.000343
14584,0.003961,0.449795,-0.042558,-0.017786,-0.025185,0.001800,-0.999523,0.009270,-0.000343
14588,0.003954,0.449789,-0.042565,-0.017612,-0.025248,0.001760,-0.999525,0.008926,-0.000343
14591,0.003955,0.449792,-0.042570,-0.017791,-0.025198,0.001826,-0.999523,0.008583,-0.000343
14595,0.003954,0.449792,-0.042582,-0.017546,-0.025293,0.001724,-0.999525,0.008583,-0.000343
14598,0.003957,0.449794,-0.042594,-0.017616,-0.025265,0.001829,-0.999524,0.007553,-0.000343
14602,0.003958,0.449793,-0.042605,-0.017735,-0.025252,0.001781,-0.999522,0.007210,-0.000343
14605,0.003956,0.449793,-0.042607,-0.017704,-0.025261,0.001818,-0.999523,0.006523,0.000000
14609,0.003953,0.449792,-0.042607,-0.017531,-0.025277,0.001727,-0.999525,0.005493,-0.000343
14613,0.003952,0.449791,-0.042596,-0.017587,-0.025272,0.001721,-0.999524,0.005493,0.000000
14616,0.003951,0.449793,-0.042586,-0.017588,-0.025275,0.001786,-0.999524,0.004807,0.000000
14619,0.003949,0.449790,-0.042577,-0.017609,-0.025230,0.001778,-0.999525,0.004463,-0.000343
14623,0.003952,0.449790,-0.042566,-0.017605,-0.025297,0.001701,-0.999524,0.003777,-0.000343
14627,0.003951,0.449791,-0.042570,-0.017559,-0.025251,0.001685,-0.999525,0.003090,-0.000343
14630,0.003950,0.449789,-0.042573,-0.017554,-0.025250,0.001684,-0.999526,0.002747,0.000000
14634,0.003952,0.449792,-0.042582,-0.017705,-0.025221,0.001704,-0.999524,0.002060,-0.000343
14637,0.003947,0.449790,-0.042587,-0.017621,-0.025261,0.001740,-0.999524,0.001717,-0.000343
14641,0.003945,0.449793,-0.042595,-0.017519,-0.025284,0.001644,-0.999525,0.001373,0.000000
14645,0.003944,0.449791,-0.042597,-0.017634,-0.025268,0.001787,-0.999524,0.001030,0.000000
14648,0.003944,0.449791,-0.042599,-0.017621,-0.025260,0.001697,-0.999524,0.000687,-0.000343
14652,0.003944,0.449789,-0.042595,-0.017588,-0.025245,0.001740,-0.999525,0.000687,-0.000343
14655,0.003947,0.449790,-0.042591,-0.017678,-0.025210,0.001686,-0.999524,0.000343,0.000000
14659,0.003951,0.449790,-0.042584,-0.017601,-0.025237,0.001765,-0.999525,0.000343,0.000000
14662,0.003950,0.449791,-0.042585,-0.017484,-0.025298,0.001653,-0.999526,0.000000,0.000000
14666,0.003953,0.449789,-0.042582,-0.017666,-0.025249,0.001777,-0.999524,0.000000,-0.000343
14669,0.003949,0.449790,-0.042585,-0.017570,-0.025254,0.001689,-0.999525,0.000000,-0.000343
14673,0.003944,0.449791,-0.042588,-0.017691,-0.025198,0.001708,-0.999525,0.000000,-0.000343
14676,0.003939,0.449790,-0.042587,-0.017553,-0.025274,0.001641,-0.999525,0.000000,0.000000
14680,0.003934,0.449789,-0.042589,-0.017639,-0.025256,0.001757,-0.999524,0.000000,-0.000343
14684,0.003935,0.449789,-0.042587,-0.017586,-0.025267,0.001716,-0.999525,0.000000,0.000000
14687,0.003937,0.449790,-0.042584,-0.017636,-0.025244,0.001760,-0.999524,0.000000,0.000000
14691,0.003941,0.449791,-0.042582,-0.017559,-0.025263,0.001700,-0.999525,0.000000,0.000000
14694,0.003939,0.449789,-0.042584,-0.017574,-0.025240,0.001710,-0.999526,0.000000,0.000000
14698,0.003938,0.449787,-0.042585,-0.017653,-0.025257,0.001739,-0.999524,0.000000,-0.000343
14701,0.003940,0.449788,-0.042586,-0.017739,-0.025216,0.001781,-0.999523,0.000000,0.000000
14705,0.003940,0.449788,-0.042593,-0.017576,-0.025244,0.001701,-0.999525,0.000000,0.000000
14708,0.003944,0.449790,-0.042596,-0.017698,-0.025195,0.001717,-0.999524,0.000000,0.000000
14712,0.003941,0.449791,-0.042592,-0.017661,-0.025213,0.001731,-0.999525,0.000000,0.000000
14715,0.003939,0.449791,-0.042596,-0.017704,-0.025190,0.001765,-0.999524,0.000000,0.000000
14719,0.003933,0.449787,-0.042592,-0.017598,-0.025251,0.001705,-0.999525,0.000000,0.000000
14722,0.003932,0.449788,-0.042586,-0.017699,-0.025235,0.001750,-0.999523,0.000000,0.000000
14726,0.003926,0.449787,-0.042586,-0.017552,-0.025255,0.001677,-0.999526,0.000000,0.000000
14730,0.003927,0.449787,-0.042581,-0.017644,-0.025240,0.001613,-0.999524,0.000000,0.000000
14733,0.003929,0.449786,-0.042582,-0.017639,-0.025250,0.001717,-0.999524,0.000000,0.000000
14737,0.003927,0.449787,-0.042593,-0.017428,-0.025276,0.001597,-0.999527,0.000000,0.000000
14740,0.003935,0.449790,-0.042593,-0.017657,-0.025206,0.001656,-0.999525,0.000000,0.000000
14744,0.003933,0.449788,-0.042600,-0.017520,-0.025279,0.001640,-0.999526,0.000000,0.000000
14747,0.003933,0.449788,-0.042603,-0.017554,-0.025284,0.001687,-0.999525,0.000000,0.000000
14751,0.003930,0.449789,-0.042600,-0.017535,-0.025304,0.001626,-0.999525,0.000000,0.000343
14754,0.003930,0.449786,-0.042597,-0.017628,-0.025256,0.001691,-0.999524,0.000000,0.000343
14758,0.003928,0.449786,-0.042591,-0.017453,-0.025275,0.001572,-0.999527,0.000000,0.000343
14762,0.003934,0.449787,-0.042582,-0.017742,-0.025201,0.001703,-0.999524,0.000000,0.000000
14765,0.003934,0.449788,-0.042579,-0.017639,-0.025205,0.001608,-0.999525,0.000000,0.000000
14769,0.003938,0.449788,-0.042579,-0.017679,-0.025203,0.001660,-0.999525,0.000000,0.000343
14772,0.003935,0.449788,-0.042583,-0.017532,-0.025260,0.001605,-0.999526,0.000000,0.000000
14776,0.003940,0.449790,-0.042590,-0.017721,-0.025214,0.001741,-0.999524,-0.000343,0.000343
14779,0.003934,0.449788,-0.042599,-0.017490,-0.025273,0.001609,-0.999526,0.000000,0.000343
14783,0.003935,0.449789,-0.042605,-0.017590,-0.025261,0.001690,-0.999525,0.000000,0.000343
14786,0.003931,0.449790,-0.042608,-0.017626,-0.025274,0.001668,-0.999524,0.000000,0.000343
14790,0.003925,0.449793,-0.042604,-0.017589,-0.025235,0.001712,-0.999525,0.000000,0.000343
14793,0.003918,0.449789,-0.042598,-0.017521,-0.025242,0.001589,-0.999527,0.000000,0.000343
14797,0.003917,0.449788,-0.042586,-0.017615,-0.025265,0.001682,-0.999524,0.000000,0.000343
14801,0.003911,0.449786,-0.042578,-0.017554,-0.025242,0.001651,-0.999526,0.000000,0.000343
14804,0.003913,0.449787,-0.042572,-0.017595,-0.025262,0.001677,-0.999525,0.000000,0.000343
14808,0.003915,0.449786,-0.042567,-0.017701,-0.025172,0.001693,-0.999525,0.000000,0.000343
14811,0.003922,0.449786,-0.042570,-0.017597,-0.025240,0.001676,-0.999525,0.000000,0.000343
14815,0.003932,0.449788,-0.042576,-0.017632,-0.025208,0.001684,-0.999525,0.000000,0.000343
14818,0.003938,0.449789,-0.042582,-0.017708,-0.025209,0.001720,-0.999524,0.000000,0.000343
14822,0.003941,0.449791,-0.042591,-0.017579,-0.025277,0.001694,-0.999525,0.000343,0.000343
14826,0.003934,0.449787,-0.042596,-0.017631,-0.025250,0.001615,-0.999524,0.000000,0.000343
14829,0.003927,0.449785,-0.042597,-0.017653,-0.025257,0.001697,-0.999524,0.000343,0.000343
14833,0.003914,0.449785,-0.042601,-0.017432,-0.025300,0.001587,-0.999527,0.000000,0.000343
14836,0.003913,0.449787,-0.042597,-0.017583,-0.025232,0.001640,-0.999526,0.000000,0.000343
14840,0.003913,0.449787,-0.042595,-0.017612,-0.025222,0.001613,-0.999525,0.000343,0.000343
14843,0.003912,0.449789,-0.042591,-0.017673,-0.025237,0.001682,-0.999524,0.000343,0.000343
14847,0.003910,0.449786,-0.042589,-0.017594,-0.025233,0.001573,-0.999526,0.000343,0.000343
14850,0.003911,0.449785,-0.042582,-0.017603,-0.025248,0.001664,-0.999525,0.000343,0.000343
14854,0.003909,0.449788,-0.042581,-0.017562,-0.025259,0.001539,-0.999526,0.000343,0.000343
14857,0.003916,0.449788,-0.042577,-0.017506,-0.025271,0.001622,-0.999526,0.000343,0.000343
14861,0.003922,0.449787,-0.042578,-0.017587,-0.025226,0.001614,-0.999526,0.000343,0.000343
14865,0.003930,0.449787,-0.042578,-0.017489,-0.025257,0.001622,-0.999527,0.000343,0.000343
14868,0.003932,0.449788,-0.042576,-0.017475,-0.025251,0.001579,-0.999527,0.000343,0.000343
14872,0.003930,0.449790,-0.042573,-0.017655,-0.025209,0.001672,-0.999525,0.000343,0.000343
14875,0.003922,0.449786,-0.042572,-0.017505,-0.025266,0.001572,-0.999526,0.000687,0.000343
14879,0.003909,0.449784,-0.042574,-0.017561,-0.025245,0.001632,-0.999526,0.000687,0.000687
14882,0.003907,0.449785,-0.042574,-0.017506,-0.025318,0.001546,-0.999525,0.000687,0.000343
14886,0.003900,0.449787,-0.042585,-0.017468,-0.025259,0.001606,-0.999527,0.000687,0.000343
14889,0.003896,0.449785,-0.042591,-0.017447,-0.025291,0.001534,-0.999527,0.000687,0.000343
14893,0.003906,0.449787,-0.042588,-0.017554,-0.025318,0.001636,-0.999524,0.000343,0.000343
14896,0.003907,0.449787,-0.042592,-0.017484,-0.025302,0.001612,-0.999526,0.000687,0.000343
14900,0.003915,0.449787,-0.042584,-0.017613,-0.025241,0.001610,-0.999525,0.000687,0.000343
14904,0.003926,0.449787,-0.042570,-0.017644,-0.025274,0.001679,-0.999523,0.000687,0.000343
14907,0.003929,0.449788,-0.042563,-0.017590,-0.025230,0.001628,-0.999526,0.000687,0.000343
14911,0.003937,0.449788,-0.042551,-0.017583,-0.025224,0.001665,-0.999526,0.000687,0.000343
14914,0.003935,0.449782,-0.042549,-0.017585,-0.025223,0.001650,-0.999526,0.001030,0.000687
14918,0.003932,0.449786,-0.042549,-0.017566,-0.025227,0.001659,-0.999526,0.000687,0.000343
14921,0.003926,0.449787,-0.042557,-0.017538,-0.025251,0.001622,-0.999526,0.001030,0.000343
14925,0.003912,0.449785,-0.042572,-0.017636,-0.025207,0.001647,-0.999525,0.001030,0.000343
14929,0.003896,0.449785,-0.042593,-0.017405,-0.025274,0.001540,-0.999528,0.001030,0.000343
14932,0.003893,0.449786,-0.042601,-0.017618,-0.025210,0.001621,-0.999526,0.001030,0.000687
14936,0.003892,0.449785,-0.042604,-0.017464,-0.025289,0.001574,-0.999526,0.001030,0.000343
14939,0.003897,0.449785,-0.042601,-0.017552,-0.025238,0.001659,-0.999526,0.001373,0.000343
14943,0.003910,0.449786,-0.042590,-0.017442,-0.025293,0.001553,-0.999527,0.001373,0.000687
14946,0.003928,0.449786,-0.042576,-0.017635,-0.025244,0.001666,-0.999524,0.001373,0.000343
14950,0.003938,0.449785,-0.042568,-0.017462,-0.025250,0.001540,-0.999527,0.001373,0.000343
14953,0.003945,0.449788,-0.042553,-0.017597,-0.025252,0.001644,-0.999525,0.001373,0.000687
14957,0.003935,0.449785,-0.042550,-0.017570,-0.025244,0.001620,-0.999526,0.001373,0.000343
14960,0.003925,0.449784,-0.042551,-0.017652,-0.025196,0.001641,-0.999525,0.002060,0.000343
14964,0.003907,0.449783,-0.042566,-0.017464,-0.025278,0.001513,-0.999527,0.001373,0.000343
14968,0.003901,0.449785,-0.042580,-0.017573,-0.025268,0.001595,-0.999525,0.001717,0.000343
14971,0.003898,0.449787,-0.042594,-0.017611,-0.025251,0.001538,-0.999525,0.001717,0.000343
14974,0.003899,0.449788,-0.042600,-0.017577,-0.025248,0.001613,-0.999525,0.001717,0.000343
14978,0.003897,0.449783,-0.042600,-0.017512,-0.025289,0.001554,-0.999526,0.001717,0.000343
14982,0.003903,0.449786,-0.042590,-0.017573,-0.025217,0.001575,-0.999526,0.001717,0.000343
14985,0.003907,0.449784,-0.042583,-0.017442,-0.025247,0.001521,-0.999528,0.001717,0.000343
14989,0.003923,0.449783,-0.042567,-0.017580,-0.025239,0.001623,-0.999526,0.001717,0.000687
14992,0.003933,0.449785,-0.042564,-0.017498,-0.025249,0.001588,-0.999527,0.001717,0.000343
14996,0.003942,0.449787,-0.042563,-0.017597,-0.025202,0.001604,-0.999526,0.001717,0.000343
14999,0.003938,0.449784,-0.042564,-0.017487,-0.025237,0.001552,-0.999527,0.001717,0.000343
15003,0.003930,0.449785,-0.042569,-0.017545,-0.025225,0.001601,-0.999527,0.001717,0.000343
15007,0.003915,0.449784,-0.042576,-0.017658,-0.025203,0.001628,-0.999525,0.002060,0.000343
15010,0.003907,0.449782,-0.042583,-0.017556,-0.025260,0.001593,-0.999526,0.002060,0.000343
15014,0.003901,0.449787,-0.042591,-0.017546,-0.025233,0.001667,-0.999526,0.002060,0.000343
15017,0.003894,0.449782,-0.042593,-0.017499,-0.025249,0.001575,-0.999527,0.002060,0.000343
15021,0.003886,0.449778,-0.042590,-0.017631,-0.025260,0.001627,-0.999524,0.002060,0.000343
15024,0.003889,0.449780,-0.042589,-0.017556,-0.025275,0.001594,-0.999525,0.002060,0.000687
15028,0.003903,0.449782,-0.042588,-0.017548,-0.025249,0.001594,-0.999526,0.002060,0.000343
15031,0.003920,0.449785,-0.042584,-0.017657,-0.025208,0.001557,-0.999525,0.002060,0.000343
15035,0.003947,0.449790,-0.042577,-0.017670,-0.025214,0.001669,-0.999525,0.002060,0.000343
15039,0.003943,0.449784,-0.042568,-0.017539,-0.025214,0.001582,-0.999527,0.002060,0.000343
15042,0.003939,0.449785,-0.042560,-0.017708,-0.025191,0.001654,-0.999524,0.002060,0.000343
15045,0.003921,0.449783,-0.042553,-0.017617,-0.025242,0.001617,-0.999525,0.002060,0.000343
15049,0.003896,0.449787,-0.042557,-0.017653,-0.025185,0.001601,-0.999526,0.002060,0.000343
15053,0.003882,0.449781,-0.042566,-0.017681,-0.025244,0.001509,-0.999524,0.002060,0.000343
15056,0.003883,0.449782,-0.042581,-0.017645,-0.025238,0.001612,-0.999525,0.002060,0.000343
15060,0.003889,0.449784,-0.042603,-0.017413,-0.025269,0.001514,-0.999528,0.002060,0.000343
15063,0.003905,0.449790,-0.042604,-0.017566,-0.025238,0.001618,-0.999526,0.002060,0.000343
15067,0.003918,0.449788,-0.042611,-0.017447,-0.025300,0.001586,-0.999526,0.002060,0.000343
15071,0.003927,0.449788,-0.042600,-0.017490,-0.025278,0.001575,-0.999526,0.002060,0.000343
15074,0.003932,0.449789,-0.042593,-0.017598,-0.025229,0.001571,-0.999526,0.002060,0.000343
15077,0.003933,0.449787,-0.042579,-0.017628,-0.025243,0.001659,-0.999525,0.002060,0.000343
15081,0.003936,0.449789,-0.042568,-0.017467,-0.025227,0.001525,-0.999528,0.002060,0.000343
15085,0.003947,0.449794,-0.042558,-0.017681,-0.025168,0.001614,-0.999526,0.002060,0.000343
15088,0.003948,0.449789,-0.042557,-0.017574,-0.025237,0.001591,-0.999526,0.002060,0.000343
15092,0.003946,0.449790,-0.042561,-0.017444,-0.025292,0.001552,-0.999527,0.002060,0.000343
15095,0.003940,0.449792,-0.042573,-0.017463,-0.025281,0.001563,-0.999527,0.002060,0.000343
15099,0.003925,0.449790,-0.042585,-0.017533,-0.025240,0.001569,-0.999527,0.001717,0.000343
15102,0.003921,0.449792,-0.042596,-0.017412,-0.025293,0.001493,-0.999527,0.002060,0.000343
15106,0.003927,0.449790,-0.042606,-0.017508,-0.025282,0.001588,-0.999526,0.002060,0.000343
15110,0.003939,0.449793,-0.042621,-0.017605,-0.025173,0.001663,-0.999527,0.002060,0.000343
15113,0.003952,0.449794,-0.042622,-0.017451,-0.025313,0.001611,-0.999526,0.002060,0.000343
15116,0.003959,0.449796,-0.042625,-0.017503,-0.025259,0.001585,-0.999526,0.002060,0.000343
15120,0.003961,0.449797,-0.042618,-0.017565,-0.025248,0.001659,-0.999526,0.002060,0.000343
15124,0.003952,0.449795,-0.042605,-0.017632,-0.025244,0.001625,-0.999524,0.002060,0.000343
15127,0.003942,0.449792,-0.042596,-0.017510,-0.025254,0.001596,-0.999526,0.002060,0.000343
15131,0.003933,0.449793,-0.042584,-0.017735,-0.025176,0.001653,-0.999524,0.001717,0.000343
15134,0.003930,0.449793,-0.042582,-0.017557,-0.025239,0.001591,-0.999526,0.001717,0.000343
15138,0.003940,0.449794,-0.042581,-0.017608,-0.025232,0.001664,-0.999525,0.002060,0.000343
15141,0.003948,0.449794,-0.042584,-0.017576,-0.025253,0.001655,-0.999525,0.002060,0.000343
15145,0.003956,0.449797,-0.042589,-0.017645,-0.025223,0.001687,-0.999525,0.002060,0.000687
15148,0.003953,0.449798,-0.042595,-0.017553,-0.025240,0.001632,-0.999526,0.002060,0.000343
15152,0.003947,0.449794,-0.042594,-0.017652,-0.025232,0.001675,-0.999524,0.002060,0.000343
15156,0.003936,0.449795,-0.042598,-0.017511,-0.025231,0.001530,-0.999527,0.002060,0.000343
15159,0.003938,0.449796,-0.042592,-0.017626,-0.025185,0.001656,-0.999526,0.002060,0.000343
15163,0.003937,0.449792,-0.042588,-0.017496,-0.025251,0.001590,-0.999527,0.001717,0.000343
15166,0.003944,0.449796,-0.042582,-0.017679,-0.025162,0.001644,-0.999526,0.001717,0.000343
15169,0.003940,0.449793,-0.042579,-0.017556,-0.025213,0.001611,-0.999527,0.002060,0.000343
15173,0.003943,0.449794,-0.042574,-0.017623,-0.025259,0.001675,-0.999524,0.002060,0.000343
15177,0.003935,0.449791,-0.042578,-0.017423,-0.025281,0.001523,-0.999527,0.002060,0.000343
15181,0.003935,0.449793,-0.042582,-0.017523,-0.025242,0.001584,-0.999527,0.002060,0.000343
15184,0.003935,0.449793,-0.042588,-0.017626,-0.025212,0.001574,-0.999525,0.002060,0.000343
15188,0.003937,0.449794,-0.042596,-0.017472,-0.025253,0.001559,-0.999527,0.002060,0.000343
15191,0.003939,0.449794,-0.042601,-0.017420,-0.025286,0.001532,-0.999527,0.002060,0.000343
15195,0.003941,0.449792,-0.042598,-0.017549,-0.025255,0.001601,-0.999526,0.002060,0.000343
15198,0.003941,0.449794,-0.042596,-0.017545,-0.025247,0.001575,-0.999526,0.002060,0.000343
15202,0.003930,0.449789,-0.042590,-0.017533,-0.025256,0.001592,-0.999526,0.001717,0.000343
15202,0.003930,0.449789,-0.042590,-0.017533,-0.025256,0.001592,-0.999526,0.001717,0.000343
15202,0.003930,0.449789,-0.042590,-0.017533,-0.025256,0.001592,-0.999526,0.001717,0.000343
15202,0.003930,0.449789,-0.042590,-0.017533,-0.025256,0.001592,-0.999526,0.002060,0.000343
15202,0.003930,0.449789,-0.042590,-0.017533,-0.025256,0.001592,-0.999526,0.002060,0.000687
15202,0.003930,0.449789,-0.042590,-0.017533,-0.025256,0.001592,-0.999526,0.002060,0.000343
15202,0.003930,0.449789,-0.042590,-0.017533,-0.025256,0.001592,-0.999526,0.001717,0.000343
15202,0.003930,0.449789,-0.042590,-0.017533,-0.025256,0.001592,-0.999526,0.001717,0.000343
15202,0.003930,0.449789,-0.042590,-0.017533,-0.025256,0.001592,-0.999526,0.001717,0.000343
15202,0.003930,0.449789,-0.042590,-0.017533,-0.025256,0.001592,-0.999526,0.001717,0.000343
15202,0.003930,0.449789,-0.042590,-0.017533,-0.025256,0.001592,-0.999526,0.001717,0.000343
15202,0.003930,0.449789,-0.042590,-0.017533,-0.025256,0.001592,-0.999526,0.001717,0.000343
15202,0.003930,0.449789,-0.042590,-0.017533,-0.025256,0.001592,-0.999526,0.001717,0.000343
15202,0.003930,0.449789,-0.042590,-0.017533,-0.025256,0.001592,-0.999526,0.001717,0.000343
