0,0.000000,0.000000,0.000000,0.000000,0.000000,0.000000,0.000000,0.000000,0.000000
0,0.000000,0.000000,0.000000,0.000000,0.000000,0.000000,0.000000,0.000000,0.000000
0,0.000000,0.000000,0.000000,0.000000,0.000000,0.000000,0.000000,0.000000,0.000000
0,0.000000,0.000000,0.000000,0.000000,0.000000,0.000000,0.000000,0.000000,0.000000
0,0.000000,0.000000,0.000000,0.000000,0.000000,0.000000,0.000000,0.000000,0.000000
0,0.000000,0.000000,0.000000,0.000000,0.000000,0.000000,0.000000,0.000000,0.000000
0,0.000000,0.000000,0.000000,0.000000,0.000000,0.000000,0.000000,0.000000,0.000000
0,0.000000,0.000000,0.000000,0.000000,0.000000,0.000000,0.000000,0.000000,0.000000
0,0.000000,0.000000,0.000000,0.000000,0.000000,0.000000,0.000000,0.000000,0.000000
0,0.000000,0.000000,0.000000,0.000000,0.000000,0.000000,0.000000,0.000000,0.000000
0,0.000000,0.000000,0.000000,0.000000,0.000000,0.000000,0.000000,0.000000,0.000000
0,0.000000,0.000000,0.000000,0.000000,0.000000,0.000000,0.000000,0.000000,0.000000
0,0.000000,0.000000,0.000000,0.000000,0.000000,0.000000,0.000000,0.000000,0.000000
0,0.000000,0.000000,0.000000,0.000000,0.000000,0.000000,0.000000,0.000000,0.000000
0,0.000000,0.000000,0.000000,0.000000,0.000000,0.000000,0.000000,0.000000,0.000000
0,0.000000,0.000000,0.000000,0.000000,0.000000,0.000000,0.000000,0.000000,0.000000
0,0.000000,0.000000,0.000000,0.000000,0.000000,0.000000,0.000000,0.000000,0.000000
0,0.000000,0.000000,0.000000,0.000000,0.000000,0.000000,0.000000,0.000000,0.000000
0,0.000000,0.000000,0.000000,0.000000,0.000000,0.000000,0.000000,0.000000,0.000000
0,0.000000,0.000000,0.000000,0.000000,0.000000,0.000000,0.000000,0.000000,0.000000
0,0.000000,0.000000,0.000000,0.000000,0.000000,0.000000,0.000000,0.000000,0.000000
0,0.000000,0.000000,0.000000,0.000000,0.000000,0.000000,0.000000,0.000000,0.000000
0,0.000000,0.000000,0.000000,0.000000,0.000000,0.000000,0.000000,0.000000,0.000000
0,0.000000,0.000000,0.000000,0.000000,0.000000,0.000000,0.000000,0.000000,0.000000
0,0.000000,0.000000,0.000000,0.000000,0.000000,0.000000,0.000000,0.000000,0.000343
21772,0.005748,0.449435,-0.041420,-0.017039,-0.034346,-0.000584,-0.999265,0.000343,0.000343
21775,0.005750,0.449434,-0.041413,-0.017175,-0.034299,-0.000540,-0.999264,0.000000,0.000343
21779,0.005754,0.449432,-0.041395,-0.017104,-0.034318,-0.000558,-0.999264,0.000000,0.000343
21782,0.005759,0.449430,-0.041372,-0.017183,-0.034285,-0.000537,-0.999264,0.000000,0.000343
21786,0.005767,0.449426,-0.041347,-0.017223,-0.034319,-0.000580,-0.999262,0.000000,0.000343
21789,0.005776,0.449426,-0.041334,-0.017358,-0.034263,-0.000501,-0.999262,0.000000,0.000343
21792,0.005777,0.449426,-0.041329,-0.017264,-0.034277,-0.000557,-0.999263,0.000000,0.000343
21792,0.005777,0.449426,-0.041329,-0.017264,-0.034277,-0.000557,-0.999263,0.000000,0.000343
21792,0.005777,0.449426,-0.041329,-0.017264,-0.034277,-0.000557,-0.999263,0.000000,0.000343
21792,0.005777,0.449426,-0.041329,-0.017264,-0.034277,-0.000557,-0.999263,0.000000,0.000343
21792,0.005777,0.449426,-0.041329,-0.017264,-0.034277,-0.000557,-0.999263,0.000000,0.000343
21792,0.005777,0.449426,-0.041329,-0.017264,-0.034277,-0.000557,-0.999263,0.000000,0.000687
21792,0.005777,0.449426,-0.041329,-0.017264,-0.034277,-0.000557,-0.999263,0.000000,0.000343
21792,0.005777,0.449426,-0.041329,-0.017264,-0.034277,-0.000557,-0.999263,0.000000,0.000343
21792,0.005777,0.449426,-0.041329,-0.017264,-0.034277,-0.000557,-0.999263,0.000000,0.000343
21792,0.005777,0.449426,-0.041329,-0.017264,-0.034277,-0.000557,-0.999263,0.000000,0.000343
21792,0.005777,0.449426,-0.041329,-0.017264,-0.034277,-0.000557,-0.999263,0.000000,0.000343
21792,0.005777,0.449426,-0.041329,-0.017264,-0.034277,-0.000557,-0.999263,-0.000343,0.000343
21792,0.005777,0.449426,-0.041329,-0.017264,-0.034277,-0.000557,-0.999263,0.000000,0.000343
21792,0.005777,0.449426,-0.041329,-0.017264,-0.034277,-0.000557,-0.999263,0.000000,0.000343
21792,0.005777,0.449426,-0.041329,-0.017264,-0.034277,-0.000557,-0.999263,0.000000,0.000343
21792,0.005777,0.449426,-0.041329,-0.017264,-0.034277,-0.000557,-0.999263,0.000000,0.000343
21792,0.005777,0.449426,-0.041329,-0.017264,-0.034277,-0.000557,-0.999263,0.000000,0.000343
21792,0.005777,0.449426,-0.041329,-0.017264,-0.034277,-0.000557,-0.999263,0.000000,0.000343
21792,0.005777,0.449426,-0.041329,-0.017264,-0.034277,-0.000557,-0.999263,0.000000,0.000343
21792,0.005777,0.449426,-0.041329,-0.017264,-0.034277,-0.000557,-0.999263,0.000000,0.000343
21792,0.005777,0.449426,-0.041329,-0.017264,-0.034277,-0.000557,-0.999263,0.000000,0.000000
21792,0.005777,0.449426,-0.041329,-0.017264,-0.034277,-0.000557,-0.999263,0.000000,0.000343
21792,0.005777,0.449426,-0.041329,-0.017264,-0.034277,-0.000557,-0.999263,0.000000,0.000343
21792,0.005777,0.449426,-0.041329,-0.017264,-0.034277,-0.000557,-0.999263,0.000000,0.000343
21792,0.005777,0.449426,-0.041329,-0.017264,-0.034277,-0.000557,-0.999263,0.000000,0.000343
21792,0.005777,0.449426,-0.041329,-0.017264,-0.034277,-0.000557,-0.999263,0.000000,0.000343
21792,0.005777,0.449426,-0.041329,-0.017264,-0.034277,-0.000557,-0.999263,-0.000343,0.000343
21792,0.005777,0.449426,-0.041329,-0.017264,-0.034277,-0.000557,-0.999263,-0.000343,0.000343
21792,0.005777,0.449426,-0.041329,-0.017264,-0.034277,-0.000557,-0.999263,0.000000,0.000343
21792,0.005777,0.449426,-0.041329,-0.017264,-0.034277,-0.000557,-0.999263,0.000000,0.000343
21899,0.005755,0.449427,-0.041366,-0.017228,-0.034299,-0.000560,-0.999263,-0.000343,0.000343
21903,0.005758,0.449425,-0.041359,-0.017236,-0.034284,-0.000546,-0.999263,0.000000,0.000343
21907,0.005758,0.449425,-0.041358,-0.017171,-0.034331,-0.000631,-0.999263,0.000000,0.000343
21910,0.005763,0.449428,-0.041356,-0.017191,-0.034324,-0.000567,-0.999263,0.000000,0.000343
21913,0.005763,0.449427,-0.041361,-0.017166,-0.034327,-0.000581,-0.999263,-0.000343,0.000343
21917,0.005764,0.449427,-0.041370,-0.017252,-0.034287,-0.000530,-0.999263,0.000000,0.000343
21921,0.005768,0.449427,-0.041380,-0.017098,-0.034336,-0.000615,-0.999264,0.000000,0.000343
21924,0.005771,0.449429,-0.041384,-0.017232,-0.034248,-0.000515,-0.999265,0.000000,0.000343
21928,0.005776,0.449431,-0.041386,-0.017122,-0.034322,-0.000578,-0.999264,0.000000,0.000000
21931,0.005774,0.449432,-0.041384,-0.017148,-0.034313,-0.000502,-0.999264,0.000000,0.000343
21935,0.005763,0.449428,-0.041380,-0.017178,-0.034313,-0.000614,-0.999263,0.000000,0.000343
21938,0.005754,0.449424,-0.041371,-0.017276,-0.034267,-0.000543,-0.999263,0.000000,0.000343
21942,0.005745,0.449425,-0.041371,-0.017089,-0.034311,-0.000662,-0.999265,0.000000,0.000343
21946,0.005752,0.449426,-0.041367,-0.017217,-0.034285,-0.000557,-0.999264,-0.000343,0.000343
21949,0.005759,0.449429,-0.041371,-0.017165,-0.034318,-0.000576,-0.999263,-0.000343,0.000000
21953,0.005765,0.449429,-0.041376,-0.017128,-0.034323,-0.000574,-0.999264,0.000000,0.000343
21956,0.005765,0.449427,-0.041374,-0.017148,-0.034331,-0.000634,-0.999263,0.000000,0.000343
21960,0.005763,0.449426,-0.041371,-0.017156,-0.034321,-0.000570,-0.999263,-0.000343,0.000343
21963,0.005765,0.449426,-0.041371,-0.017102,-0.034341,-0.000649,-0.999264,0.000000,0.000343
21967,0.005769,0.449426,-0.041368,-0.017230,-0.034300,-0.000568,-0.999263,-0.000343,0.000343
21971,0.005775,0.449429,-0.041371,-0.017184,-0.034285,-0.000518,-0.999264,0.000000,0.000343
21974,0.005769,0.449426,-0.041374,-0.017147,-0.034299,-0.000575,-0.999264,-0.000343,0.000343
21978,0.005762,0.449426,-0.041371,-0.017298,-0.034307,-0.000517,-0.999262,0.000000,0.000343
21981,0.005749,0.449425,-0.041374,-0.017221,-0.034311,-0.000598,-0.999263,0.000000,0.000000
21985,0.005744,0.449425,-0.041378,-0.017218,-0.034321,-0.000597,-0.999262,-0.000343,0.000000
21988,0.005746,0.449427,-0.041384,-0.017192,-0.034351,-0.000598,-0.999262,-0.000343,0.000343
21992,0.005753,0.449430,-0.041389,-0.017214,-0.034294,-0.000522,-0.999263,0.000000,0.000000
21995,0.005758,0.449430,-0.041392,-0.017107,-0.034305,-0.000579,-0.999265,0.000000,0.000000
21999,0.005766,0.449427,-0.041383,-0.017247,-0.034293,-0.000524,-0.999263,0.000000,0.000343
22002,0.005769,0.449428,-0.041376,-0.017209,-0.034292,-0.000546,-0.999264,0.000000,0.000343
22006,0.005771,0.449426,-0.041366,-0.017207,-0.034317,-0.000545,-0.999263,0.000000,0.000000
22009,0.005772,0.449424,-0.041364,-0.017156,-0.034297,-0.000587,-0.999264,0.000000,0.000000
22013,0.005772,0.449425,-0.041365,-0.017261,-0.034251,-0.000498,-0.999264,-0.000343,0.000000
22017,0.005765,0.449427,-0.041374,-0.017159,-0.034279,-0.000566,-0.999265,-0.000343,0.000000
22020,0.005757,0.449427,-0.041378,-0.017231,-0.034257,-0.000522,-0.999264,-0.000343,0.000000
22024,0.005751,0.449429,-0.041383,-0.017104,-0.034342,-0.000571,-0.999264,-0.000343,0.000343
22027,0.005746,0.449429,-0.041389,-0.017139,-0.034313,-0.000538,-0.999264,-0.000343,0.000000
22031,0.005745,0.449427,-0.041390,-0.017196,-0.034346,-0.000578,-0.999262,0.000000,0.000000
22034,0.005750,0.449427,-0.041386,-0.017265,-0.034316,-0.000510,-0.999262,0.000000,0.000000
22038,0.005753,0.449430,-0.041381,-0.017107,-0.034304,-0.000614,-0.999265,-0.000343,0.000000
22041,0.005757,0.449426,-0.041368,-0.017224,-0.034299,-0.000545,-0.999263,-0.000343,0.000000
22045,0.005760,0.449423,-0.041358,-0.017209,-0.034296,-0.000545,-0.999263,-0.000343,0.000000
22049,0.005766,0.449423,-0.041353,-0.017176,-0.034314,-0.000633,-0.999263,-0.000343,0.000000
22052,0.005768,0.449421,-0.041354,-0.017226,-0.034320,-0.000587,-0.999262,0.000000,0.000000
22056,0.005771,0.449425,-0.041366,-0.017163,-0.034309,-0.000605,-0.999264,-0.000343,0.000000
22059,0.005769,0.449425,-0.041372,-0.017155,-0.034314,-0.000592,-0.999264,-0.000343,0.000000
22063,0.005760,0.449424,-0.041384,-0.017190,-0.034321,-0.000598,-0.999263,-0.000343,0.000000
22066,0.005755,0.449425,-0.041391,-0.017208,-0.034332,-0.000575,-0.999262,-0.000343,0.000000
22070,0.005752,0.449427,-0.041399,-0.017054,-0.034345,-0.000634,-0.999264,0.000000,0.000000
22073,0.005752,0.449428,-0.041402,-0.017138,-0.034323,-0.000590,-0.999264,-0.000343,0.000000
22077,0.005755,0.449426,-0.041397,-0.017096,-0.034333,-0.000593,-0.999264,-0.000343,0.000000
22080,0.005758,0.449428,-0.041391,-0.017135,-0.034336,-0.000577,-0.999263,-0.000343,0.000000
22084,0.005754,0.449426,-0.041380,-0.017183,-0.034332,-0.000617,-0.999263,0.000000,0.000000
22088,0.005754,0.449428,-0.041367,-0.017213,-0.034290,-0.000547,-0.999264,-0.000343,-0.000343
22091,0.005752,0.449425,-0.041364,-0.017091,-0.034318,-0.000649,-0.999265,-0.000343,0.000000
22095,0.005760,0.449424,-0.041356,-0.017282,-0.034285,-0.000514,-0.999263,0.000000,0.000000
22098,0.005762,0.449424,-0.041357,-0.017197,-0.034302,-0.000567,-0.999263,0.000000,-0.000343
22102,0.005762,0.449427,-0.041355,-0.017187,-0.034311,-0.000569,-0.999263,0.000000,-0.000343
22105,0.005755,0.449424,-0.041355,-0.017196,-0.034315,-0.000626,-0.999263,0.000000,0.000000
22109,0.005748,0.449426,-0.041362,-0.017215,-0.034314,-0.000529,-0.999263,0.000000,-0.000343
22112,0.005743,0.449425,-0.041371,-0.017101,-0.034336,-0.000648,-0.999264,-0.000343,0.000000
22116,0.005746,0.449426,-0.041383,-0.017236,-0.034305,-0.000494,-0.999263,-0.000343,-0.000343
22120,0.005745,0.449430,-0.041395,-0.017165,-0.034315,-0.000534,-0.999264,-0.000343,-0.000343
22123,0.005745,0.449431,-0.041400,-0.017133,-0.034345,-0.000548,-0.999263,-0.000343,-0.000343
22127,0.005743,0.449428,-0.041401,-0.017223,-0.034298,-0.000550,-0.999263,-0.000343,0.000000
22130,0.005746,0.449428,-0.041396,-0.017244,-0.034308,-0.000534,-0.999262,0.000000,-0.000343
22134,0.005753,0.449427,-0.041384,-0.017176,-0.034329,-0.000567,-0.999263,0.000000,-0.000343
22137,0.005759,0.449427,-0.041374,-0.017262,-0.034301,-0.000535,-0.999262,-0.000343,-0.000343
22141,0.005762,0.449427,-0.041358,-0.017200,-0.034291,-0.000519,-0.999264,-0.000343,0.000000
22144,0.005762,0.449424,-0.041348,-0.017172,-0.034298,-0.000550,-0.999264,0.000000,-0.000343
22148,0.005757,0.449423,-0.041339,-0.017306,-0.034293,-0.000512,-0.999262,0.000000,-0.000343
22152,0.005752,0.449421,-0.041346,-0.017161,-0.034327,-0.000646,-0.999263,-0.000343,-0.000343
22155,0.005757,0.449424,-0.041356,-0.017210,-0.034330,-0.000570,-0.999262,-0.000343,-0.000343
22159,0.005757,0.449425,-0.041375,-0.017185,-0.034305,-0.000605,-0.999263,-0.000343,-0.000343
22162,0.005760,0.449428,-0.041386,-0.017208,-0.034314,-0.000506,-0.999263,-0.000343,-0.000343
22166,0.005753,0.449429,-0.041404,-0.017089,-0.034324,-0.000618,-0.999265,-0.000343,-0.000343
22169,0.005753,0.449428,-0.041404,-0.017201,-0.034308,-0.000528,-0.999263,-0.000343,-0.000343
22173,0.005750,0.449427,-0.041403,-0.017091,-0.034355,-0.000627,-0.999263,0.000000,-0.000343
22176,0.005754,0.449429,-0.041393,-0.017115,-0.034348,-0.000546,-0.999263,-0.000343,-0.000343
22180,0.005758,0.449425,-0.041377,-0.017178,-0.034349,-0.000588,-0.999262,0.000000,-0.000343
22184,0.005759,0.449427,-0.041364,-0.017161,-0.034278,-0.000567,-0.999265,-0.000343,-0.000343
22187,0.005753,0.449424,-0.041353,-0.017112,-0.034311,-0.000645,-0.999264,-0.000343,-0.000343
22191,0.005750,0.449423,-0.041343,-0.017274,-0.034269,-0.000570,-0.999263,-0.000343,-0.000343
22194,0.005745,0.449424,-0.041344,-0.017185,-0.034329,-0.000591,-0.999263,-0.000343,-0.000343
22198,0.005746,0.449423,-0.041354,-0.017178,-0.034327,-0.000630,-0.999263,-0.000343,-0.000343
22201,0.005749,0.449424,-0.041368,-0.017192,-0.034337,-0.000624,-0.999262,-0.000343,-0.000343
22205,0.005752,0.449427,-0.041388,-0.017108,-0.034316,-0.000583,-0.999264,-0.000343,-0.000343
22208,0.005754,0.449429,-0.041398,-0.017047,-0.034329,-0.000626,-0.999265,-0.000343,-0.000343
22212,0.005756,0.449429,-0.041403,-0.017137,-0.034302,-0.000555,-0.999264,-0.000343,-0.000343
22215,0.005755,0.449427,-0.041403,-0.017161,-0.034316,-0.000579,-0.999264,0.000000,-0.000343
22219,0.005754,0.449427,-0.041396,-0.017113,-0.034326,-0.000577,-0.999264,0.000000,-0.000343
22222,0.005751,0.449427,-0.041387,-0.017140,-0.034347,-0.000611,-0.999263,-0.000343,-0.000343
22226,0.005749,0.449426,-0.041372,-0.017210,-0.034289,-0.000589,-0.999264,-0.000343,-0.000343
22229,0.005747,0.449425,-0.041363,-0.017134,-0.034337,-0.000642,-0.999263,0.000000,-0.000343
22233,0.005746,0.449422,-0.041349,-0.017235,-0.034300,-0.000596,-0.999263,0.000000,-0.000343
22237,0.005749,0.449424,-0.041346,-0.017222,-0.034300,-0.000538,-0.999263,0.000000,-0.000343
22240,0.005750,0.449423,-0.041349,-0.017168,-0.034295,-0.000610,-0.999264,-0.000343,-0.000343
22244,0.005755,0.449422,-0.041356,-0.017302,-0.034306,-0.000514,-0.999261,0.000000,-0.000343
22247,0.005756,0.449424,-0.041367,-0.017244,-0.034326,-0.000547,-0.999262,-0.000343,-0.000343
22251,0.005756,0.449426,-0.041380,-0.017197,-0.034318,-0.000553,-0.999263,0.000000,-0.000343
22255,0.005749,0.449425,-0.041392,-0.017184,-0.034328,-0.000539,-0.999263,-0.000343,-0.000343
22258,0.005747,0.449426,-0.041399,-0.017209,-0.034292,-0.000520,-0.999264,-0.000343,-0.000343
22262,0.005744,0.449426,-0.041405,-0.017144,-0.034337,-0.000598,-0.999263,-0.000343,-0.000343
22265,0.005746,0.449427,-0.041403,-0.017250,-0.034297,-0.000499,-0.999263,0.000000,-0.000343
22269,0.005746,0.449427,-0.041397,-0.017108,-0.034344,-0.000602,-0.999264,0.000000,-0.000343
22272,0.005744,0.449427,-0.041385,-0.017167,-0.034295,-0.000541,-0.999264,0.000000,-0.000343
22276,0.005739,0.449423,-0.041367,-0.017222,-0.034281,-0.000587,-0.999264,-0.000343,-0.000343
22280,0.005735,0.449422,-0.041353,-0.017117,-0.034304,-0.000660,-0.999265,0.000000,-0.000343
22283,0.005737,0.449421,-0.041346,-0.017168,-0.034311,-0.000618,-0.999264,0.000000,-0.000343
22286,0.005746,0.449424,-0.041343,-0.017268,-0.034257,-0.000537,-0.999264,-0.000343,-0.000343
22290,0.005754,0.449425,-0.041351,-0.017178,-0.034287,-0.000597,-0.999264,-0.000343,-0.000343
22293,0.005759,0.449426,-0.041359,-0.017176,-0.034323,-0.000507,-0.999263,-0.000343,-0.000343
22297,0.005754,0.449422,-0.041374,-0.017228,-0.034311,-0.000559,-0.999263,0.000000,-0.000343
22300,0.005753,0.449422,-0.041380,-0.017307,-0.034309,-0.000528,-0.999261,-0.000343,-0.000343
22304,0.005746,0.449426,-0.041394,-0.017089,-0.034354,-0.000622,-0.999264,-0.000343,-0.000343
22308,0.005743,0.449424,-0.041396,-0.017165,-0.034333,-0.000572,-0.999263,0.000000,-0.000343
22311,0.005742,0.449424,-0.041396,-0.017149,-0.034326,-0.000580,-0.999263,-0.000343,-0.000343
22311,0.005742,0.449424,-0.041396,-0.017149,-0.034326,-0.000580,-0.999263,-0.000343,-0.000343
22311,0.005742,0.449424,-0.041396,-0.017149,-0.034326,-0.000580,-0.999263,-0.000343,-0.000343
22311,0.005742,0.449424,-0.041396,-0.017149,-0.034326,-0.000580,-0.999263,0.000000,-0.000343
22311,0.005742,0.449424,-0.041396,-0.017149,-0.034326,-0.000580,-0.999263,-0.000343,-0.000343
22311,0.005742,0.449424,-0.041396,-0.017149,-0.034326,-0.000580,-0.999263,-0.000343,-0.000343
22311,0.005742,0.449424,-0.041396,-0.017149,-0.034326,-0.000580,-0.999263,-0.000343,-0.000343
22311,0.005742,0.449424,-0.041396,-0.017149,-0.034326,-0.000580,-0.999263,-0.000343,-0.000343
22311,0.005742,0.449424,-0.041396,-0.017149,-0.034326,-0.000580,-0.999263,-0.000343,-0.000343
22311,0.005742,0.449424,-0.041396,-0.017149,-0.034326,-0.000580,-0.999263,0.000000,-0.000343
22311,0.005742,0.449424,-0.041396,-0.017149,-0.034326,-0.000580,-0.999263,0.000000,-0.000343
22311,0.005742,0.449424,-0.041396,-0.017149,-0.034326,-0.000580,-0.999263,0.000000,-0.000343
22311,0.005742,0.449424,-0.041396,-0.017149,-0.034326,-0.000580,-0.999263,0.000000,-0.000343
22311,0.005742,0.449424,-0.041396,-0.017149,-0.034326,-0.000580,-0.999263,-0.000343,-0.000343
22311,0.005742,0.449424,-0.041396,-0.017149,-0.034326,-0.000580,-0.999263,0.000000,-0.000343
22311,0.005742,0.449424,-0.041396,-0.017149,-0.034326,-0.000580,-0.999263,-0.000343,-0.000343
22311,0.005742,0.449424,-0.041396,-0.017149,-0.034326,-0.000580,-0.999263,-0.000343,-0.000343
22311,0.005742,0.449424,-0.041396,-0.017149,-0.034326,-0.000580,-0.999263,-0.000343,-0.000343
22311,0.005742,0.449424,-0.041396,-0.017149,-0.034326,-0.000580,-0.999263,0.000000,-0.000343
22311,0.005742,0.449424,-0.041396,-0.017149,-0.034326,-0.000580,-0.999263,-0.000343,-0.000343
22311,0.005742,0.449424,-0.041396,-0.017149,-0.034326,-0.000580,-0.999263,-0.000343,-0.000343
22311,0.005742,0.449424,-0.041396,-0.017149,-0.034326,-0.000580,-0.999263,0.000000,-0.000343
22311,0.005742,0.449424,-0.041396,-0.017149,-0.034326,-0.000580,-0.999263,-0.000343,-0.000343
22311,0.005742,0.449424,-0.041396,-0.017149,-0.034326,-0.000580,-0.999263,-0.000343,-0.000343
22311,0.005742,0.449424,-0.041396,-0.017149,-0.034326,-0.000580,-0.999263,0.000000,-0.000343
22311,0.005742,0.449424,-0.041396,-0.017149,-0.034326,-0.000580,-0.999263,0.000000,-0.000343
22311,0.005742,0.449424,-0.041396,-0.017149,-0.034326,-0.000580,-0.999263,0.000000,-0.000343
22311,0.005742,0.449424,-0.041396,-0.017149,-0.034326,-0.000580,-0.999263,0.000000,-0.000343
22311,0.005742,0.449424,-0.041396,-0.017149,-0.034326,-0.000580,-0.999263,0.000000,-0.000343
22311,0.005742,0.449424,-0.041396,-0.017149,-0.034326,-0.000580,-0.999263,-0.000343,-0.000343
22418,0.005743,0.449419,-0.041362,-0.017137,-0.034325,-0.000644,-0.999264,-0.000343,-0.000343
22421,0.005742,0.449421,-0.041360,-0.017226,-0.034331,-0.000562,-0.999262,-0.000343,-0.000343
22425,0.005738,0.449421,-0.041368,-0.017208,-0.034339,-0.000605,-0.999262,-0.000343,-0.000343
22428,0.005741,0.449426,-0.041375,-0.017282,-0.034295,-0.000544,-0.999262,0.000000,-0.000343
22432,0.005737,0.449425,-0.041392,-0.017056,-0.034330,-0.000644,-0.999265,-0.000343,-0.000343
22436,0.005738,0.449422,-0.041394,-0.017210,-0.034304,-0.000545,-0.999263,0.000000,-0.000343
22439,0.005735,0.449425,-0.041396,-0.017100,-0.034348,-0.000612,-0.999263,0.000000,0.001030
22443,0.005725,0.449424,-0.041392,-0.017222,-0.034325,-0.000600,-0.999262,-0.000343,0.545883
22446,0.005725,0.449425,-0.041388,-0.017191,-0.034341,-0.000623,-0.999262,0.000000,2.303009
22450,0.005722,0.449425,-0.041384,-0.017109,-0.034330,-0.000595,-0.999264,0.000000,5.374718
22453,0.005706,0.449423,-0.041377,-0.017080,-0.034284,-0.000701,-0.999266,0.000000,9.338722
22457,0.005695,0.449423,-0.041373,-0.017298,-0.034189,-0.000474,-0.999266,0.000000,13.516617
22460,0.005701,0.449439,-0.041368,-0.017129,-0.034228,-0.000140,-0.999267,-0.000343,17.211456
22464,0.005716,0.449435,-0.041362,-0.017498,-0.034260,-0.000012,-0.999260,-0.000343,19.981041
22467,0.005742,0.449440,-0.041361,-0.017594,-0.034348,0.000285,-0.999255,0.000000,21.789322
22471,0.005777,0.449458,-0.041357,-0.017672,-0.034418,0.000959,-0.999251,0.000000,22.987862
22474,0.005786,0.449451,-0.041368,-0.017854,-0.034362,0.000883,-0.999250,0.000000,24.064865
22478,0.005793,0.449457,-0.041368,-0.018042,-0.034287,0.001170,-0.999249,0.000000,25.487251
22482,0.005792,0.449467,-0.041353,-0.017945,-0.034400,0.001556,-0.999246,0.000000,27.497749
22485,0.005800,0.449469,-0.041350,-0.018047,-0.034377,0.001732,-0.999245,0.000000,30.119362
22489,0.005816,0.449463,-0.041349,-0.018387,-0.034328,0.001869,-0.999240,0.000000,33.155022
22492,0.005827,0.449476,-0.041335,-0.018242,-0.034433,0.002114,-0.999238,0.000000,36.348267
22496,0.005835,0.449476,-0.041330,-0.018239,-0.034429,0.002223,-0.999238,-0.000343,39.450531
22499,0.005836,0.449477,-0.041316,-0.018328,-0.034451,0.002325,-0.999236,-0.000343,42.408943
22503,0.005833,0.449476,-0.041305,-0.018379,-0.034407,0.002451,-0.999236,0.000000,45.346756
22506,0.005837,0.449480,-0.041305,-0.018412,-0.034397,0.002537,-0.999235,0.000000,48.833199
22510,0.005844,0.449481,-0.041307,-0.018587,-0.034362,0.002778,-0.999233,0.000000,53.584442
22514,0.005863,0.449490,-0.041321,-0.018595,-0.034303,0.003114,-0.999234,0.000000,59.632759
22517,0.005886,0.449502,-0.041327,-0.018797,-0.034131,0.003703,-0.999234,0.000000,65.850677
22521,0.005944,0.449520,-0.041321,-0.019300,-0.034061,0.004943,-0.999221,0.000000,72.043877
22524,0.006014,0.449538,-0.041305,-0.019797,-0.034068,0.006312,-0.999204,0.000000,78.209610
22528,0.006160,0.449574,-0.041263,-0.020763,-0.034048,0.008878,-0.999165,0.000000,84.327965
22531,0.006311,0.449607,-0.041209,-0.021784,-0.034087,0.011316,-0.999117,0.000000,89.909363
22535,0.006541,0.449648,-0.041112,-0.023761,-0.034204,0.015371,-0.999014,0.000000,92.523079
22538,0.006684,0.449666,-0.041042,-0.024862,-0.034151,0.017622,-0.998952,0.000000,91.994362
22542,0.006705,0.449662,-0.041008,-0.025241,-0.034167,0.018103,-0.998933,0.000000,88.710136
22546,0.006711,0.449656,-0.040971,-0.025353,-0.034069,0.018288,-0.998931,0.000000,84.330711
22549,0.006697,0.449648,-0.040939,-0.025473,-0.034052,0.018207,-0.998930,0.000000,80.683937
22553,0.006662,0.449651,-0.040955,-0.025527,-0.034033,0.018216,-0.998929,0.000000,79.090576
22556,0.006671,0.449652,-0.040955,-0.025545,-0.034029,0.018262,-0.998927,0.000000,79.919357
22560,0.006657,0.449655,-0.040981,-0.025503,-0.034074,0.018187,-0.998928,-0.000343,82.643967
22563,0.006670,0.449661,-0.041013,-0.025438,-0.034069,0.018256,-0.998929,0.000000,86.156158
22567,0.006696,0.449671,-0.041040,-0.025334,-0.034160,0.018431,-0.998925,0.000000,89.086075
22570,0.006701,0.449672,-0.041049,-0.025224,-0.034188,0.018404,-0.998928,0.000000,90.464172
22574,0.006719,0.449671,-0.041040,-0.025410,-0.034169,0.018596,-0.998920,0.000000,90.094070
22577,0.006707,0.449669,-0.041027,-0.025448,-0.034164,0.018601,-0.998919,0.000000,88.288536
22581,0.006696,0.449666,-0.041011,-0.025420,-0.034079,0.018559,-0.998924,0.000000,85.942268
22585,0.006687,0.449654,-0.040967,-0.025720,-0.034063,0.018615,-0.998915,0.000000,84.089355
22588,0.006686,0.449654,-0.040958,-0.025644,-0.034041,0.018543,-0.998919,0.000000,83.422279
22592,0.006701,0.449655,-0.040954,-0.025661,-0.034047,0.018580,-0.998918,0.000000,84.051933
22595,0.006708,0.449654,-0.040954,-0.025670,-0.034052,0.018566,-0.998918,0.000000,85.720139
22599,0.006713,0.449662,-0.040976,-0.025559,-0.034053,0.018714,-0.998918,0.000000,87.752266
22602,0.006712,0.449663,-0.040989,-0.025450,-0.034091,0.018664,-0.998920,0.000343,89.405708
22606,0.006706,0.449667,-0.041000,-0.025609,-0.034075,0.018767,-0.998915,0.000000,90.179901
22609,0.006700,0.449669,-0.041007,-0.025566,-0.034079,0.018739,-0.998916,0.000000,90.015450
22613,0.006695,0.449668,-0.041012,-0.025564,-0.034126,0.018752,-0.998915,0.000000,89.062042
22617,0.006706,0.449669,-0.041019,-0.025596,-0.034104,0.018806,-0.998914,0.000000,87.826424
22620,0.006716,0.449668,-0.041014,-0.025611,-0.034082,0.018847,-0.998913,0.000000,86.890526
22624,0.006721,0.449665,-0.041007,-0.025568,-0.034066,0.018839,-0.998915,0.000000,86.620674
22627,0.006719,0.449665,-0.041001,-0.025693,-0.034070,0.018901,-0.998910,0.000000,87.032661
22631,0.006711,0.449663,-0.040988,-0.025624,-0.034055,0.018854,-0.998914,0.000000,88.032417
22634,0.006708,0.449663,-0.040979,-0.025641,-0.034055,0.018854,-0.998913,0.000343,89.251900
22638,0.006715,0.449663,-0.040973,-0.025728,-0.034081,0.018899,-0.998909,0.000000,90.266762
22642,0.006725,0.449666,-0.040978,-0.025588,-0.034070,0.018839,-0.998914,0.000000,90.793419
22645,0.006732,0.449666,-0.040978,-0.025657,-0.034060,0.018923,-0.998911,0.000000,90.780373
22648,0.006741,0.449669,-0.040979,-0.025697,-0.034073,0.018988,-0.998908,0.000000,90.348129
22652,0.006734,0.449668,-0.040985,-0.025724,-0.034064,0.019051,-0.998907,0.000000,89.759331
22656,0.006720,0.449667,-0.040994,-0.025629,-0.034089,0.018947,-0.998910,0.000000,89.295502
22659,0.006717,0.449668,-0.040998,-0.025727,-0.034064,0.019026,-0.998907,0.000000,89.170876
22663,0.006716,0.449670,-0.041007,-0.025634,-0.034124,0.018991,-0.998908,0.000000,89.409485
22666,0.006722,0.449672,-0.041009,-0.025646,-0.034108,0.019076,-0.998907,0.000000,89.998627
22670,0.006730,0.449670,-0.041005,-0.025732,-0.034100,0.019095,-0.998905,0.000000,90.821228
22673,0.006737,0.449670,-0.041000,-0.025744,-0.034091,0.019155,-0.998903,0.000000,91.427193
22677,0.006738,0.449672,-0.041001,-0.025644,-0.034040,0.019121,-0.998908,0.000343,91.859779
22680,0.006740,0.449670,-0.040989,-0.025768,-0.034048,0.019251,-0.998902,0.000343,91.971703
22684,0.006742,0.449671,-0.040979,-0.025823,-0.034063,0.019349,-0.998899,0.000000,91.883125
22688,0.006745,0.449671,-0.040970,-0.025879,-0.034107,0.019412,-0.998895,0.000000,91.643143
22691,0.006747,0.449670,-0.040967,-0.025969,-0.034094,0.019474,-0.998891,0.000000,91.428223
22695,0.006756,0.449671,-0.040969,-0.025933,-0.034060,0.019599,-0.998891,0.000343,91.368484
22698,0.006760,0.449669,-0.040970,-0.025921,-0.034092,0.019586,-0.998891,0.000343,91.483498
22702,0.006772,0.449672,-0.040970,-0.026062,-0.034056,0.019751,-0.998885,0.000000,91.874886
22705,0.006770,0.449670,-0.040972,-0.026062,-0.034048,0.019748,-0.998885,0.000000,92.320518
22709,0.006772,0.449674,-0.040977,-0.026011,-0.034079,0.019779,-0.998885,0.000343,92.809410
22712,0.006771,0.449675,-0.040979,-0.026092,-0.034071,0.019874,-0.998881,0.000343,93.190498
22716,0.006783,0.449674,-0.040971,-0.026194,-0.034085,0.020075,-0.998874,0.000000,93.404045
22719,0.006794,0.449677,-0.040971,-0.026236,-0.034099,0.020241,-0.998869,0.000000,93.442497
22723,0.006816,0.449678,-0.040961,-0.026457,-0.034061,0.020519,-0.998859,0.000343,93.434601
22727,0.006833,0.449682,-0.040958,-0.026499,-0.034060,0.020810,-0.998852,0.000000,93.403015
22730,0.006837,0.449683,-0.040950,-0.026522,-0.034085,0.020875,-0.998849,0.000343,93.400269
22734,0.006844,0.449683,-0.040940,-0.026748,-0.034103,0.021131,-0.998837,0.000343,93.440437
22737,0.006844,0.449682,-0.040934,-0.026787,-0.034085,0.021199,-0.998835,0.000343,93.640251
22741,0.006848,0.449683,-0.040929,-0.026766,-0.034099,0.021248,-0.998834,0.000000,93.955078
22744,0.006860,0.449685,-0.040925,-0.026857,-0.034105,0.021390,-0.998828,0.000343,94.333763
22748,0.006875,0.449689,-0.040922,-0.026986,-0.034031,0.021727,-0.998820,0.000000,94.675713
22752,0.006898,0.449695,-0.040918,-0.027050,-0.034002,0.021979,-0.998814,0.000343,94.934921
22755,0.006910,0.449696,-0.040911,-0.027239,-0.034010,0.022326,-0.998801,0.000343,95.075340
22759,0.006926,0.449702,-0.040908,-0.027288,-0.034064,0.022597,-0.998791,0.000343,95.135078
22762,0.006930,0.449701,-0.040907,-0.027415,-0.034068,0.022752,-0.998784,0.000343,95.159111
22766,0.006942,0.449705,-0.040904,-0.027581,-0.034047,0.022984,-0.998775,0.000343,95.196533
22769,0.006948,0.449705,-0.040903,-0.027665,-0.034044,0.023121,-0.998770,0.000343,95.304680
22773,0.006960,0.449705,-0.040902,-0.027641,-0.034000,0.023187,-0.998770,0.000343,95.501404
22776,0.006972,0.449706,-0.040897,-0.027737,-0.034011,0.023325,-0.998764,0.000343,95.764732
22780,0.006987,0.449709,-0.040887,-0.027826,-0.034014,0.023523,-0.998757,0.000000,96.053467
22784,0.007002,0.449710,-0.040880,-0.027934,-0.034026,0.023725,-0.998749,0.000343,96.349754
22787,0.007012,0.449710,-0.040868,-0.028072,-0.034021,0.023963,-0.998739,0.000000,96.537552
22790,0.007023,0.449714,-0.040860,-0.028262,-0.034053,0.024217,-0.998727,0.000343,96.686897
22794,0.007030,0.449713,-0.040856,-0.028279,-0.034053,0.024389,-0.998722,0.000000,96.772385
22798,0.007044,0.449718,-0.040854,-0.028399,-0.034038,0.024719,-0.998711,0.000343,96.843796
22801,0.007051,0.449720,-0.040855,-0.028494,-0.033981,0.024876,-0.998706,0.000000,96.947823
22805,0.007061,0.449723,-0.040856,-0.028492,-0.034007,0.024963,-0.998703,0.000000,97.101974
22808,0.007069,0.449724,-0.040859,-0.028603,-0.034004,0.025168,-0.998695,0.000343,97.304535
22812,0.007082,0.449728,-0.040853,-0.028694,-0.034063,0.025389,-0.998685,0.000343,97.535591
22815,0.007093,0.449729,-0.040851,-0.028739,-0.034046,0.025560,-0.998680,0.000343,97.773170
22819,0.007110,0.449730,-0.040839,-0.028923,-0.034069,0.025828,-0.998667,0.000000,97.991180
22822,0.007121,0.449733,-0.040830,-0.029015,-0.034074,0.026039,-0.998659,0.000000,98.166275
22826,0.007137,0.449734,-0.040822,-0.028990,-0.034020,0.026158,-0.998658,0.000343,98.311157
22830,0.007152,0.449735,-0.040810,-0.029224,-0.034051,0.026462,-0.998642,0.000343,98.432693
22833,0.007158,0.449738,-0.040805,-0.029238,-0.034052,0.026643,-0.998637,0.000343,98.557320
22837,0.007164,0.449738,-0.040803,-0.029312,-0.034035,0.026735,-0.998633,0.000343,98.705635
22841,0.007166,0.449740,-0.040805,-0.029460,-0.034069,0.027019,-0.998620,0.000343,98.873863
22844,0.007170,0.449744,-0.040808,-0.029456,-0.034026,0.027086,-0.998620,0.000343,99.068184
22848,0.007181,0.449743,-0.040811,-0.029571,-0.034032,0.027291,-0.998610,0.000343,99.281731
22851,0.007195,0.449749,-0.040810,-0.029622,-0.034026,0.027386,-0.998606,0.000000,99.478111
22854,0.007207,0.449747,-0.040807,-0.029677,-0.034022,0.027533,-0.998601,0.000343,99.661789
22858,0.007217,0.449750,-0.040801,-0.029671,-0.034017,0.027635,-0.998598,0.000343,99.839630
22862,0.007230,0.449750,-0.040789,-0.029881,-0.034040,0.027892,-0.998584,0.000343,99.988632
22865,0.007235,0.449749,-0.040781,-0.029884,-0.034013,0.027942,-0.998584,0.000343,100.145531
22869,0.007244,0.449751,-0.040776,-0.029931,-0.034002,0.028112,-0.998578,0.000343,100.277023
22872,0.007248,0.449749,-0.040772,-0.030004,-0.034005,0.028210,-0.998573,0.000343,100.441132
22876,0.007256,0.449754,-0.040771,-0.030014,-0.034016,0.028383,-0.998567,0.000343,100.611076
22879,0.007262,0.449755,-0.040773,-0.030053,-0.034012,0.028435,-0.998565,0.000343,100.796471
22883,0.007270,0.449757,-0.040770,-0.030203,-0.034059,0.028658,-0.998552,0.000343,100.986671
22886,0.007275,0.449759,-0.040770,-0.030242,-0.034058,0.028773,-0.998548,0.000343,101.186485
22890,0.007281,0.449760,-0.040766,-0.030216,-0.034056,0.028859,-0.998546,0.000343,101.372566
22894,0.007288,0.449760,-0.040760,-0.030381,-0.034017,0.029075,-0.998536,0.000343,101.538734
22897,0.007298,0.449763,-0.040756,-0.030440,-0.034046,0.029215,-0.998529,0.000343,101.698036
22901,0.007309,0.449762,-0.040749,-0.030463,-0.034066,0.029386,-0.998523,0.000343,101.851845
22904,0.007323,0.449766,-0.040745,-0.030595,-0.034030,0.029614,-0.998513,0.000000,102.002563
22907,0.007334,0.449767,-0.040739,-0.030696,-0.034041,0.029792,-0.998505,0.000343,102.162895
22911,0.007348,0.449769,-0.040734,-0.030728,-0.034014,0.030009,-0.998498,0.000000,102.335243
22915,0.007365,0.449773,-0.040724,-0.030994,-0.034051,0.030362,-0.998478,0.000343,102.506561
22918,0.007378,0.449775,-0.040717,-0.031097,-0.034035,0.030653,-0.998466,0.000343,102.694702
22922,0.007394,0.449778,-0.040709,-0.031178,-0.033995,0.030955,-0.998456,0.000343,102.883873
22925,0.007414,0.449781,-0.040698,-0.031368,-0.034014,0.031310,-0.998438,0.000343,103.065834
22929,0.007441,0.449786,-0.040684,-0.031593,-0.034002,0.031828,-0.998415,0.000343,103.238525
22933,0.007465,0.449786,-0.040673,-0.031807,-0.033961,0.032195,-0.998398,0.000343,103.409500
22936,0.007485,0.449789,-0.040663,-0.032007,-0.033953,0.032563,-0.998380,0.000343,103.571892
22940,0.007506,0.449792,-0.040656,-0.032120,-0.033978,0.032947,-0.998363,0.000343,103.730850
22943,0.007518,0.449794,-0.040649,-0.032188,-0.033988,0.033171,-0.998353,0.000343,103.879852
22947,0.007538,0.449797,-0.040645,-0.032437,-0.033972,0.033530,-0.998333,0.000000,104.041901
22950,0.007550,0.449801,-0.040641,-0.032506,-0.033981,0.033791,-0.998322,0.000000,104.225235
22954,0.007565,0.449800,-0.040639,-0.032564,-0.033958,0.034003,-0.998314,0.000343,104.406509
22957,0.007581,0.449803,-0.040634,-0.032665,-0.033992,0.034298,-0.998299,0.000000,104.586067
22961,0.007599,0.449807,-0.040625,-0.032738,-0.034066,0.034576,-0.998285,0.000343,104.773178
22964,0.007610,0.449809,-0.040619,-0.032840,-0.034022,0.034792,-0.998275,0.000343,104.953766
22968,0.007624,0.449810,-0.040608,-0.033020,-0.034015,0.035044,-0.998261,0.000343,105.116158
22972,0.007633,0.449812,-0.040600,-0.033091,-0.033985,0.035289,-0.998251,0.000343,105.269966
22975,0.007643,0.449815,-0.040593,-0.033109,-0.033989,0.035484,-0.998243,0.000000,105.427208
22979,0.007661,0.449817,-0.040583,-0.033402,-0.034008,0.035803,-0.998221,0.000343,105.610886
22982,0.007670,0.449819,-0.040582,-0.033419,-0.034013,0.035962,-0.998215,0.000000,105.767441
22986,0.007681,0.449818,-0.040580,-0.033486,-0.034031,0.036157,-0.998205,0.000343,105.951805
22989,0.007691,0.449820,-0.040578,-0.033599,-0.034019,0.036352,-0.998195,0.000000,106.140633
22993,0.007707,0.449825,-0.040576,-0.033690,-0.034028,0.036715,-0.998178,0.000343,106.315727
22997,0.007725,0.449825,-0.040569,-0.033893,-0.034014,0.037000,-0.998161,0.000343,106.489105
23000,0.007740,0.449829,-0.040561,-0.033988,-0.034062,0.037293,-0.998145,0.000343,106.653557
23004,0.007760,0.449832,-0.040551,-0.034099,-0.034049,0.037596,-0.998131,0.000343,106.838264
23007,0.007775,0.449835,-0.040543,-0.034183,-0.034059,0.037782,-0.998120,0.000343,106.982803
23011,0.007792,0.449835,-0.040532,-0.034439,-0.034052,0.038138,-0.998098,0.000343,107.150688
23014,0.007800,0.449837,-0.040527,-0.034475,-0.034070,0.038303,-0.998090,0.000000,107.316170
23018,0.007811,0.449839,-0.040528,-0.034533,-0.034058,0.038512,-0.998080,0.000000,107.492981
23022,0.007823,0.449843,-0.040526,-0.034626,-0.034082,0.038750,-0.998067,0.000000,107.669106
23025,0.007829,0.449846,-0.040525,-0.034713,-0.034075,0.038946,-0.998057,0.000343,107.841454
23028,0.007837,0.449847,-0.040523,-0.034703,-0.034090,0.039007,-0.998054,0.000343,108.013458
23032,0.007851,0.449848,-0.040518,-0.034962,-0.034123,0.039331,-0.998031,0.000000,108.182716
23036,0.007866,0.449849,-0.040514,-0.034971,-0.034115,0.039478,-0.998025,0.000343,108.353691
23039,0.007876,0.449851,-0.040507,-0.035055,-0.034140,0.039641,-0.998015,0.000000,108.527412
23043,0.007891,0.449852,-0.040498,-0.035221,-0.034116,0.039890,-0.998000,0.000343,108.702507
23046,0.007899,0.449852,-0.040491,-0.035272,-0.034159,0.040067,-0.997990,0.000343,108.871765
23050,0.007908,0.449853,-0.040486,-0.035388,-0.034097,0.040200,-0.997983,0.000343,109.046516
23053,0.007919,0.449854,-0.040481,-0.035472,-0.034103,0.040413,-0.997971,0.000000,109.216461
23057,0.007932,0.449858,-0.040476,-0.035522,-0.034155,0.040584,-0.997960,0.000343,109.387436
23060,0.007941,0.449860,-0.040476,-0.035571,-0.034167,0.040766,-0.997951,0.000000,109.540558
23064,0.007954,0.449861,-0.040473,-0.035751,-0.034150,0.041013,-0.997935,0.000343,109.709473
23067,0.007965,0.449863,-0.040472,-0.035862,-0.034172,0.041240,-0.997921,0.000000,109.896240
23071,0.007978,0.449866,-0.040469,-0.035895,-0.034118,0.041405,-0.997914,0.000000,110.076485
23075,0.007993,0.449869,-0.040461,-0.036056,-0.034205,0.041745,-0.997891,0.000343,110.246773
23078,0.008003,0.449871,-0.040456,-0.036177,-0.034154,0.041947,-0.997880,0.000343,110.417747
23082,0.008019,0.449871,-0.040445,-0.036320,-0.034129,0.042160,-0.997867,0.000000,110.586662
23085,0.008032,0.449870,-0.040434,-0.036506,-0.034151,0.042508,-0.997845,0.000343,110.754204
23089,0.008048,0.449874,-0.040429,-0.036536,-0.034148,0.042722,-0.997835,0.000343,110.928268
23092,0.008060,0.449875,-0.040423,-0.036648,-0.034138,0.042938,-0.997822,0.000343,111.107140
23096,0.008078,0.449879,-0.040417,-0.036852,-0.034098,0.043247,-0.997802,0.000343,111.292191
23099,0.008089,0.449881,-0.040414,-0.036913,-0.034115,0.043444,-0.997791,0.000000,111.446342
23103,0.008104,0.449884,-0.040411,-0.036951,-0.034099,0.043609,-0.997783,0.000000,111.614227
23107,0.008123,0.449887,-0.040407,-0.037140,-0.034098,0.043909,-0.997763,0.000343,111.795158
23110,0.008134,0.449886,-0.040404,-0.037167,-0.034126,0.044052,-0.997754,0.000000,111.963043
23114,0.008150,0.449888,-0.040394,-0.037324,-0.034104,0.044272,-0.997739,0.000000,112.134018
23117,0.008157,0.449888,-0.040387,-0.037413,-0.034098,0.044406,-0.997730,0.000000,112.320786
23121,0.008162,0.449891,-0.040381,-0.037410,-0.034101,0.044602,-0.997722,0.000343,112.475967
23124,0.008168,0.449892,-0.040377,-0.037457,-0.034090,0.044739,-0.997714,0.000343,112.645912
23128,0.008179,0.449892,-0.040372,-0.037656,-0.034123,0.045028,-0.997692,0.000000,112.804527
23131,0.008189,0.449896,-0.040372,-0.037673,-0.034132,0.045178,-0.997685,0.000343,112.980309
23135,0.008201,0.449896,-0.040370,-0.037766,-0.034134,0.045409,-0.997671,0.000000,113.173256
23138,0.008212,0.449897,-0.040368,-0.037882,-0.034115,0.045624,-0.997657,0.000000,113.333931
23142,0.008231,0.449900,-0.040364,-0.038013,-0.034141,0.045976,-0.997635,0.000000,113.508339
23146,0.008251,0.449899,-0.040355,-0.038154,-0.034099,0.046220,-0.997620,0.000343,113.681374
23149,0.008266,0.449900,-0.040346,-0.038327,-0.034096,0.046502,-0.997600,0.000000,113.852348
23153,0.008286,0.449904,-0.040334,-0.038384,-0.034133,0.046760,-0.997585,0.000343,114.024353
23156,0.008296,0.449901,-0.040326,-0.038516,-0.034085,0.046918,-0.997574,0.000343,114.194298
23160,0.008311,0.449903,-0.040314,-0.038747,-0.034100,0.047297,-0.997546,0.000343,114.362183
23163,0.008321,0.449903,-0.040308,-0.038785,-0.034126,0.047479,-0.997535,0.000343,114.524918
23167,0.008332,0.449904,-0.040306,-0.038856,-0.034104,0.047698,-0.997523,0.000343,114.698296
23170,0.008343,0.449906,-0.040306,-0.038972,-0.034145,0.047880,-0.997508,0.000343,114.874420
23174,0.008353,0.449913,-0.040306,-0.039012,-0.034137,0.048187,-0.997492,0.000343,115.048141
23178,0.008366,0.449912,-0.040303,-0.039152,-0.034148,0.048379,-0.997477,0.000000,115.216026
23181,0.008376,0.449912,-0.040299,-0.039322,-0.034138,0.048642,-0.997458,0.000343,115.384598
23185,0.008389,0.449914,-0.040292,-0.039311,-0.034146,0.048792,-0.997451,0.000000,115.557976
23188,0.008400,0.449912,-0.040285,-0.039429,-0.034145,0.048954,-0.997438,0.000343,115.726204
23191,0.008412,0.449913,-0.040278,-0.039525,-0.034157,0.049137,-0.997425,0.000000,115.907135
23196,0.008429,0.449917,-0.040271,-0.039650,-0.034100,0.049410,-0.997409,0.000000,116.086693
23199,0.008441,0.449917,-0.040266,-0.039768,-0.034118,0.049632,-0.997392,0.000000,116.258011
23202,0.008452,0.449918,-0.040261,-0.039905,-0.034128,0.049902,-0.997373,0.000000,116.423836
23206,0.008467,0.449922,-0.040256,-0.039931,-0.034168,0.050119,-0.997360,0.000343,116.586571
23209,0.008476,0.449923,-0.040255,-0.039994,-0.034138,0.050241,-0.997352,0.000000,116.764412
23213,0.008488,0.449926,-0.040248,-0.040190,-0.034137,0.050500,-0.997331,0.000000,116.934013
23217,0.008494,0.449926,-0.040248,-0.040150,-0.034134,0.050658,-0.997325,0.000000,117.108078
23220,0.008503,0.449928,-0.040243,-0.040229,-0.034083,0.050785,-0.997317,0.000000,117.284203
23224,0.008515,0.449930,-0.040237,-0.040379,-0.034111,0.051030,-0.997297,0.000000,117.453804
23227,0.008523,0.449932,-0.040233,-0.040368,-0.034153,0.051174,-0.997289,0.000343,117.617912
23231,0.008534,0.449933,-0.040231,-0.040500,-0.034141,0.051312,-0.997277,0.000000,117.786140
23235,0.008545,0.449934,-0.040229,-0.040585,-0.034122,0.051544,-0.997262,0.000000,117.961922
23238,0.008554,0.449936,-0.040229,-0.040609,-0.034128,0.051583,-0.997259,0.000000,118.133926
23241,0.008563,0.449936,-0.040226,-0.040704,-0.034127,0.051766,-0.997246,0.000343,118.311768
23245,0.008574,0.449937,-0.040220,-0.040829,-0.034096,0.051978,-0.997231,0.000000,118.489952
23249,0.008582,0.449939,-0.040214,-0.040856,-0.034139,0.052181,-0.997217,0.000000,118.665390
23252,0.008588,0.449937,-0.040209,-0.040916,-0.034116,0.052257,-0.997212,0.000000,118.841171
23256,0.008599,0.449938,-0.040201,-0.041139,-0.034142,0.052521,-0.997188,0.000000,119.004936
23259,0.008609,0.449939,-0.040197,-0.041122,-0.034170,0.052618,-0.997182,0.000000,119.171448
23263,0.008617,0.449940,-0.040194,-0.041257,-0.034154,0.052817,-0.997167,0.000000,119.343109
23266,0.008627,0.449941,-0.040193,-0.041319,-0.034177,0.052928,-0.997158,0.000000,119.486618
23270,0.008634,0.449946,-0.040193,-0.041289,-0.034147,0.053094,-0.997151,0.000000,119.662743
23273,0.008637,0.449945,-0.040192,-0.041283,-0.034158,0.053187,-0.997146,0.000000,119.860840
23277,0.008651,0.449946,-0.040186,-0.041519,-0.034160,0.053444,-0.997122,0.000000,120.045891
23280,0.008659,0.449948,-0.040184,-0.041491,-0.034151,0.053528,-0.997119,0.000000,120.223732
23284,0.008669,0.449946,-0.040179,-0.041553,-0.034193,0.053651,-0.997109,0.000000,120.389214
23288,0.008678,0.449951,-0.040173,-0.041671,-0.034158,0.053871,-0.997093,0.000000,120.545769
23291,0.008684,0.449951,-0.040173,-0.041673,-0.034156,0.053951,-0.997089,0.000000,120.696831
23295,0.008692,0.449951,-0.040166,-0.041749,-0.034133,0.054103,-0.997078,0.000000,120.866089
23298,0.008697,0.449951,-0.040163,-0.041804,-0.034147,0.054220,-0.997069,0.000000,121.040840
23302,0.008706,0.449954,-0.040159,-0.041783,-0.034170,0.054322,-0.997064,0.000000,121.217308
23305,0.008710,0.449955,-0.040158,-0.041859,-0.034115,0.054397,-0.997058,0.000000,121.397896
23309,0.008721,0.449956,-0.040153,-0.042020,-0.034166,0.054667,-0.997035,0.000000,121.582947
23312,0.008725,0.449956,-0.040151,-0.042040,-0.034188,0.054756,-0.997028,0.000000,121.770058
23316,0.008740,0.449958,-0.040151,-0.042113,-0.034150,0.054937,-0.997017,0.000000,121.938629
23320,0.008750,0.449960,-0.040150,-0.042179,-0.034178,0.055145,-0.997001,0.000000,122.101021
23323,0.008758,0.449961,-0.040147,-0.042257,-0.034172,0.055291,-0.996990,0.000000,122.261009
23327,0.008768,0.449960,-0.040145,-0.042345,-0.034159,0.055429,-0.996979,0.000000,122.424774
23330,0.008778,0.449959,-0.040140,-0.042487,-0.034190,0.055639,-0.996961,0.000000,122.593346
23334,0.008791,0.449963,-0.040136,-0.042458,-0.034194,0.055729,-0.996957,0.000000,122.764664
23337,0.008800,0.449965,-0.040130,-0.042530,-0.034193,0.055903,-0.996944,0.000000,122.948341
23341,0.008813,0.449964,-0.040122,-0.042682,-0.034211,0.056119,-0.996925,0.000000,123.117256
23344,0.008823,0.449967,-0.040114,-0.042741,-0.034198,0.056292,-0.996913,0.000000,123.297844
23348,0.008832,0.449967,-0.040107,-0.042751,-0.034207,0.056404,-0.996906,0.000000,123.469849
23351,0.008841,0.449968,-0.040102,-0.042902,-0.034188,0.056623,-0.996887,0.000000,123.644600
23355,0.008854,0.449973,-0.040095,-0.042839,-0.034307,0.056809,-0.996875,-0.000343,123.816261
23359,0.008860,0.449971,-0.040094,-0.043042,-0.034222,0.056988,-0.996859,0.000000,123.985176
23362,0.008866,0.449973,-0.040092,-0.043110,-0.034208,0.057147,-0.996848,0.000000,124.163361
23366,0.008871,0.449974,-0.040094,-0.043087,-0.034196,0.057274,-0.996842,0.000000,124.336052
23369,0.008879,0.449976,-0.040093,-0.043165,-0.034162,0.057451,-0.996830,0.000000,124.535866
23372,0.008889,0.449978,-0.040092,-0.043287,-0.034192,0.057694,-0.996809,0.000000,124.671478
23376,0.008905,0.449980,-0.040087,-0.043342,-0.034231,0.057889,-0.996794,-0.000343,124.871635
23380,0.008919,0.449981,-0.040080,-0.043404,-0.034280,0.058088,-0.996778,0.000000,125.057373
23384,0.008939,0.449983,-0.040072,-0.043588,-0.034287,0.058400,-0.996752,0.000000,125.265427
23386,0.008949,0.449982,-0.040068,-0.043705,-0.034305,0.058539,-0.996738,0.000000,125.448074
23391,0.008970,0.449985,-0.040056,-0.043834,-0.034256,0.058892,-0.996713,0.000000,125.643082
23394,0.008983,0.449986,-0.040046,-0.043907,-0.034279,0.059058,-0.996699,0.000000,125.781441
23398,0.008994,0.449987,-0.040037,-0.043990,-0.034253,0.059290,-0.996683,-0.000343,125.913963
23401,0.009000,0.449987,-0.040030,-0.044104,-0.034265,0.059435,-0.996669,0.000000,126.009750
23405,0.009011,0.449987,-0.040021,-0.044297,-0.034272,0.059754,-0.996641,0.000000,126.091461
23408,0.009020,0.449989,-0.040020,-0.044326,-0.034284,0.059883,-0.996631,0.000000,126.152916
23412,0.009031,0.449989,-0.040020,-0.044455,-0.034273,0.060130,-0.996611,0.000000,126.210938
23415,0.009041,0.449990,-0.040020,-0.044519,-0.034311,0.060301,-0.996597,0.000000,126.272736
23419,0.009055,0.449995,-0.040019,-0.044526,-0.034353,0.060542,-0.996580,0.000000,126.354446
23423,0.009067,0.449992,-0.040015,-0.044732,-0.034293,0.060730,-0.996562,0.000000,126.455383
23426,0.009079,0.449995,-0.040007,-0.044785,-0.034339,0.060923,-0.996546,0.000000,126.560783
23430,0.009092,0.449995,-0.039998,-0.044804,-0.034346,0.061038,-0.996538,-0.000343,126.677170
23433,0.009102,0.449994,-0.039989,-0.044923,-0.034342,0.061180,-0.996524,0.000000,126.777077
23437,0.009116,0.449996,-0.039977,-0.045100,-0.034314,0.061430,-0.996501,0.000000,126.858101
23440,0.009122,0.449996,-0.039973,-0.045092,-0.034299,0.061589,-0.996492,0.000000,126.930885
23444,0.009131,0.449998,-0.039971,-0.045204,-0.034306,0.061788,-0.996475,0.000000,127.010880
23447,0.009137,0.449999,-0.039972,-0.045304,-0.034308,0.061978,-0.996458,0.000000,127.093964
23451,0.009144,0.450000,-0.039974,-0.045306,-0.034325,0.062107,-0.996450,0.000000,127.192154
23455,0.009149,0.450001,-0.039975,-0.045445,-0.034343,0.062286,-0.996432,0.000000,127.280388
23458,0.009156,0.450003,-0.039971,-0.045538,-0.034290,0.062445,-0.996419,-0.000343,127.378578
23462,0.009162,0.450005,-0.039970,-0.045517,-0.034267,0.062562,-0.996414,-0.000343,127.468872
23465,0.009173,0.450005,-0.039964,-0.045632,-0.034269,0.062749,-0.996397,0.000000,127.553673
23469,0.009189,0.450006,-0.039953,-0.045735,-0.034279,0.062940,-0.996379,0.000000,127.646713
23472,0.009198,0.450006,-0.039948,-0.045866,-0.034263,0.063101,-0.996364,0.000000,127.733574
23476,0.009209,0.450004,-0.039937,-0.045969,-0.034274,0.063244,-0.996350,0.000000,127.821808
23479,0.009220,0.450004,-0.039933,-0.046086,-0.034258,0.063427,-0.996333,-0.000343,127.907982
23483,0.009232,0.450007,-0.039926,-0.046086,-0.034271,0.063572,-0.996323,-0.000343,128.009949
23487,0.009244,0.450006,-0.039919,-0.046304,-0.034267,0.063851,-0.996296,-0.000343,128.086853
23490,0.009252,0.450007,-0.039915,-0.046379,-0.034267,0.063990,-0.996283,-0.000343,128.178520
23494,0.009258,0.450008,-0.039913,-0.046374,-0.034263,0.064104,-0.996276,-0.000343,128.270187
23497,0.009264,0.450007,-0.039912,-0.046453,-0.034274,0.064264,-0.996262,-0.000343,128.364258
23501,0.009275,0.450007,-0.039910,-0.046621,-0.034284,0.064508,-0.996238,0.000000,128.462105
23504,0.009285,0.450011,-0.039908,-0.046623,-0.034292,0.064658,-0.996228,-0.000343,128.548622
23508,0.009296,0.450011,-0.039909,-0.046766,-0.034262,0.064818,-0.996212,-0.000343,128.633080
23511,0.009302,0.450012,-0.039904,-0.046849,-0.034234,0.064981,-0.996198,0.000000,128.710670
23515,0.009313,0.450016,-0.039901,-0.046797,-0.034231,0.065174,-0.996188,-0.000343,128.784828
23519,0.009327,0.450015,-0.039892,-0.047059,-0.034216,0.065426,-0.996160,0.000000,128.866196
23522,0.009336,0.450015,-0.039886,-0.047077,-0.034205,0.065545,-0.996152,0.000000,128.958549
23525,0.009347,0.450015,-0.039881,-0.047064,-0.034215,0.065697,-0.996142,-0.000343,129.057426
23529,0.009356,0.450013,-0.039874,-0.047188,-0.034233,0.065856,-0.996125,-0.000343,129.160423
23533,0.009365,0.450013,-0.039866,-0.047324,-0.034221,0.066090,-0.996103,0.000000,129.265137
23536,0.009370,0.450018,-0.039863,-0.047338,-0.034242,0.066205,-0.996094,-0.000343,129.360580
23540,0.009379,0.450017,-0.039859,-0.047484,-0.034208,0.066422,-0.996074,0.000000,129.442291
23543,0.009385,0.450017,-0.039860,-0.047550,-0.034232,0.066554,-0.996061,0.000000,129.511986
23547,0.009393,0.450020,-0.039862,-0.047534,-0.034204,0.066667,-0.996055,0.000000,129.595070
23550,0.009401,0.450019,-0.039862,-0.047566,-0.034245,0.066736,-0.996048,0.000000,129.677124
23554,0.009410,0.450020,-0.039858,-0.047755,-0.034218,0.066942,-0.996026,-0.000343,129.768791
23558,0.009417,0.450022,-0.039853,-0.047712,-0.034210,0.067023,-0.996023,-0.000343,129.874535
23561,0.009426,0.450021,-0.039847,-0.047826,-0.034196,0.067143,-0.996010,0.000000,129.962082
23564,0.009434,0.450018,-0.039843,-0.047862,-0.034229,0.067184,-0.996004,-0.000343,130.058212
23568,0.009441,0.450022,-0.039836,-0.047884,-0.034229,0.067390,-0.995989,0.000000,130.141640
23572,0.009451,0.450025,-0.039832,-0.047998,-0.034190,0.067534,-0.995975,0.000000,130.239487
23575,0.009457,0.450025,-0.039827,-0.048072,-0.034221,0.067710,-0.995959,0.000000,130.312958
23579,0.009462,0.450024,-0.039828,-0.048045,-0.034196,0.067733,-0.995959,-0.000343,130.398102
23582,0.009463,0.450026,-0.039827,-0.048102,-0.034206,0.067856,-0.995948,0.000000,130.482903
23586,0.009466,0.450026,-0.039823,-0.048179,-0.034216,0.068013,-0.995933,0.000000,130.572510
23589,0.009473,0.450028,-0.039824,-0.048180,-0.034205,0.068124,-0.995926,-0.000343,130.662460
23593,0.009480,0.450027,-0.039824,-0.048230,-0.034187,0.068225,-0.995917,0.000000,130.762024
23597,0.009492,0.450028,-0.039820,-0.048289,-0.034213,0.068336,-0.995906,0.000000,130.862961
23600,0.009499,0.450030,-0.039818,-0.048290,-0.034194,0.068462,-0.995897,-0.000343,130.959435
23603,0.009502,0.450030,-0.039814,-0.048361,-0.034174,0.068567,-0.995888,0.000000,131.045265
23607,0.009511,0.450032,-0.039809,-0.048523,-0.034193,0.068734,-0.995867,-0.000343,131.128349
23611,0.009514,0.450031,-0.039813,-0.048478,-0.034176,0.068775,-0.995867,0.000000,131.204567
23614,0.009523,0.450030,-0.039810,-0.048550,-0.034180,0.068908,-0.995855,0.000000,131.285934
23618,0.009533,0.450032,-0.039810,-0.048605,-0.034174,0.069072,-0.995841,-0.000343,131.366272
23621,0.009539,0.450033,-0.039807,-0.048637,-0.034189,0.069200,-0.995830,0.000000,131.463776
23625,0.009549,0.450032,-0.039800,-0.048711,-0.034205,0.069265,-0.995821,-0.000343,131.557503
23629,0.009554,0.450033,-0.039794,-0.048774,-0.034211,0.069422,-0.995807,-0.000343,131.665649
23632,0.009561,0.450033,-0.039788,-0.048736,-0.034218,0.069431,-0.995808,0.000000,131.751480
23635,0.009566,0.450033,-0.039783,-0.048853,-0.034202,0.069563,-0.995793,-0.000343,131.844521
23639,0.009568,0.450033,-0.039777,-0.048970,-0.034195,0.069724,-0.995777,-0.000343,131.926918
23643,0.009571,0.450036,-0.039776,-0.048963,-0.034198,0.069833,-0.995769,0.000000,132.004166
23646,0.009572,0.450034,-0.039779,-0.049019,-0.034173,0.069878,-0.995764,0.000000,132.094460
23650,0.009580,0.450035,-0.039779,-0.049099,-0.034201,0.070108,-0.995743,-0.000343,132.184753
23653,0.009587,0.450037,-0.039784,-0.049110,-0.034178,0.070158,-0.995740,0.000000,132.278481
23657,0.009594,0.450036,-0.039785,-0.049175,-0.034183,0.070302,-0.995726,-0.000343,132.367401
23660,0.009603,0.450039,-0.039780,-0.049222,-0.034162,0.070380,-0.995719,-0.000343,132.453918
23664,0.009609,0.450042,-0.039779,-0.049177,-0.034145,0.070510,-0.995713,-0.000343,132.543869
23667,0.009615,0.450042,-0.039773,-0.049240,-0.034136,0.070610,-0.995703,-0.000343,132.626266
23671,0.009629,0.450042,-0.039760,-0.049399,-0.034136,0.070789,-0.995682,0.000000,132.718620
23675,0.009634,0.450043,-0.039751,-0.049423,-0.034162,0.070875,-0.995674,0.000000,132.812347
23678,0.009638,0.450042,-0.039746,-0.049493,-0.034144,0.070909,-0.995669,0.000000,132.907104
23682,0.009640,0.450044,-0.039743,-0.049583,-0.034124,0.071085,-0.995653,-0.000343,133.009071
23685,0.009635,0.450041,-0.039748,-0.049539,-0.034136,0.071079,-0.995655,-0.000343,133.081512
23688,0.009639,0.450042,-0.039750,-0.049508,-0.034190,0.071153,-0.995649,0.000000,133.164253
23692,0.009646,0.450047,-0.039759,-0.049682,-0.034142,0.071338,-0.995629,-0.000343,133.250771
23696,0.009653,0.450047,-0.039769,-0.049641,-0.034134,0.071407,-0.995626,-0.000343,133.342438
23700,0.009661,0.450049,-0.039767,-0.049773,-0.034155,0.071569,-0.995607,-0.000343,133.443031
23703,0.009671,0.450048,-0.039763,-0.049823,-0.034181,0.071658,-0.995598,-0.000343,133.531265
23706,0.009676,0.450047,-0.039756,-0.049815,-0.034174,0.071656,-0.995598,0.000000,133.627052
23710,0.009690,0.450048,-0.039739,-0.049927,-0.034185,0.071842,-0.995579,-0.000343,133.713913
23714,0.009699,0.450048,-0.039725,-0.049986,-0.034179,0.072014,-0.995564,-0.000343,133.801460
23717,0.009708,0.450050,-0.039715,-0.050014,-0.034170,0.072119,-0.995555,-0.000343,133.893127
23721,0.009716,0.450048,-0.039705,-0.050172,-0.034177,0.072251,-0.995537,-0.000343,133.971748
23724,0.009724,0.450048,-0.039702,-0.050300,-0.034184,0.072409,-0.995519,-0.000343,134.061356
23728,0.009727,0.450049,-0.039706,-0.050239,-0.034201,0.072493,-0.995516,-0.000343,134.145470
23732,0.009730,0.450049,-0.039710,-0.050364,-0.034218,0.072699,-0.995494,-0.000343,134.238167
23735,0.009734,0.450050,-0.039713,-0.050407,-0.034219,0.072842,-0.995481,0.000000,134.327774
23738,0.009740,0.450054,-0.039718,-0.050446,-0.034173,0.072983,-0.995470,0.000000,134.412918
23742,0.009749,0.450052,-0.039717,-0.050485,-0.034151,0.073088,-0.995461,-0.000343,134.502869
23746,0.009761,0.450056,-0.039712,-0.050551,-0.034178,0.073289,-0.995442,0.000000,134.592476
23749,0.009769,0.450054,-0.039704,-0.050603,-0.034129,0.073422,-0.995431,-0.000343,134.685173
23753,0.009783,0.450052,-0.039690,-0.050751,-0.034136,0.073566,-0.995413,-0.000343,134.774094
23756,0.009791,0.450053,-0.039682,-0.050866,-0.034106,0.073725,-0.995396,0.000000,134.869881
23759,0.009800,0.450053,-0.039675,-0.050945,-0.034099,0.073880,-0.995381,0.000000,134.963608
23763,0.009809,0.450055,-0.039669,-0.050894,-0.034097,0.073961,-0.995378,0.000000,135.055275
23767,0.009817,0.450054,-0.039663,-0.051016,-0.034117,0.074206,-0.995353,-0.000343,135.140762
23771,0.009826,0.450054,-0.039663,-0.051060,-0.034121,0.074312,-0.995342,-0.000343,135.235519
23774,0.009835,0.450056,-0.039665,-0.051153,-0.034119,0.074455,-0.995327,-0.000343,135.303497
23777,0.009845,0.450057,-0.039663,-0.051230,-0.034164,0.074659,-0.995306,0.000000,135.381775
23781,0.009852,0.450056,-0.039666,-0.051263,-0.034162,0.074764,-0.995297,-0.000343,135.474129
23785,0.009862,0.450055,-0.039661,-0.051432,-0.034129,0.074995,-0.995272,0.000000,135.573006
23788,0.009867,0.450056,-0.039654,-0.051507,-0.034176,0.075117,-0.995257,0.000000,135.671196
23792,0.009874,0.450059,-0.039647,-0.051510,-0.034132,0.075238,-0.995249,-0.000343,135.761147
23795,0.009879,0.450056,-0.039642,-0.051600,-0.034146,0.075359,-0.995235,0.000000,135.852127
23799,0.009895,0.450057,-0.039632,-0.051785,-0.034154,0.075643,-0.995203,-0.000343,135.941048
23802,0.009903,0.450059,-0.039630,-0.051791,-0.034144,0.075731,-0.995197,-0.000343,136.025162
23806,0.009913,0.450058,-0.039626,-0.051878,-0.034138,0.075926,-0.995178,-0.000343,136.109962
23810,0.009920,0.450062,-0.039623,-0.051897,-0.034132,0.076122,-0.995162,-0.000343,136.197510
23813,0.009922,0.450062,-0.039622,-0.051935,-0.034104,0.076201,-0.995155,-0.000343,136.284714
23817,0.009933,0.450062,-0.039616,-0.052097,-0.034123,0.076434,-0.995128,-0.000343,136.384621
23820,0.009942,0.450062,-0.039613,-0.052143,-0.034117,0.076561,-0.995116,-0.000343,136.480064
23824,0.009957,0.450063,-0.039606,-0.052104,-0.034153,0.076617,-0.995112,-0.000343,136.575508
23827,0.009962,0.450062,-0.039604,-0.052166,-0.034117,0.076751,-0.995100,0.000000,136.654129
23830,0.009972,0.450062,-0.039601,-0.052273,-0.034121,0.076854,-0.995086,-0.000343,136.740646
23834,0.009978,0.450063,-0.039598,-0.052296,-0.034137,0.077025,-0.995071,-0.000343,136.828537
23838,0.009983,0.450061,-0.039598,-0.052434,-0.034106,0.077198,-0.995052,0.000000,136.913681
23842,0.009991,0.450063,-0.039596,-0.052405,-0.034135,0.077280,-0.995046,-0.000343,137.003632
23845,0.009995,0.450066,-0.039595,-0.052423,-0.034158,0.077400,-0.995035,-0.000343,137.096329
23848,0.009998,0.450063,-0.039596,-0.052515,-0.034135,0.077432,-0.995028,0.000000,137.184219
23852,0.010006,0.450061,-0.039590,-0.052711,-0.034167,0.077688,-0.994997,-0.000343,137.271423
23856,0.010015,0.450064,-0.039584,-0.052651,-0.034118,0.077735,-0.994998,0.000000,137.362061
23859,0.010027,0.450063,-0.039576,-0.052795,-0.034154,0.077924,-0.994974,0.000000,137.455101
23863,0.010037,0.450062,-0.039569,-0.052832,-0.034153,0.078121,-0.994957,-0.000343,137.541275
23866,0.010043,0.450062,-0.039563,-0.052879,-0.034183,0.078247,-0.994944,-0.000343,137.624359
23870,0.010053,0.450063,-0.039558,-0.052979,-0.034190,0.078376,-0.994928,0.000000,137.717400
23874,0.010062,0.450064,-0.039559,-0.052949,-0.034188,0.078473,-0.994922,-0.000343,137.804260
23877,0.010068,0.450065,-0.039558,-0.053038,-0.034164,0.078606,-0.994908,-0.000343,137.895584
23881,0.010078,0.450067,-0.039560,-0.053111,-0.034156,0.078805,-0.994888,-0.000343,137.988281
23884,0.010082,0.450066,-0.039563,-0.053197,-0.034151,0.078960,-0.994871,0.000000,138.079605
23888,0.010087,0.450067,-0.039566,-0.053166,-0.034126,0.079016,-0.994870,-0.000343,138.168526
23891,0.010095,0.450068,-0.039564,-0.053250,-0.034140,0.079195,-0.994850,0.000000,138.254700
23895,0.010106,0.450066,-0.039556,-0.053330,-0.034181,0.079352,-0.994832,-0.000343,138.348427
23898,0.010114,0.450069,-0.039550,-0.053335,-0.034195,0.079503,-0.994819,-0.000343,138.437347
23901,0.010122,0.450071,-0.039542,-0.053419,-0.034166,0.079637,-0.994805,0.000000,138.531075
23905,0.010133,0.450068,-0.039529,-0.053576,-0.034214,0.079842,-0.994779,0.000000,138.623772
23909,0.010137,0.450069,-0.039520,-0.053526,-0.034216,0.079959,-0.994772,0.000000,138.705482
23913,0.010146,0.450067,-0.039511,-0.053723,-0.034206,0.080206,-0.994742,0.000000,138.784790
23916,0.010151,0.450068,-0.039511,-0.053732,-0.034243,0.080295,-0.994733,-0.000343,138.865814
23919,0.010155,0.450069,-0.039514,-0.053734,-0.034260,0.080417,-0.994722,-0.000343,138.957138
23923,0.010160,0.450069,-0.039521,-0.053817,-0.034260,0.080526,-0.994709,0.000000,139.044342
23927,0.010171,0.450072,-0.039527,-0.053878,-0.034266,0.080713,-0.994690,0.000000,139.157295
23930,0.010182,0.450073,-0.039531,-0.053861,-0.034272,0.080785,-0.994685,-0.000343,139.246902
23934,0.010198,0.450072,-0.039529,-0.054040,-0.034215,0.081008,-0.994659,0.000000,139.337540
23937,0.010208,0.450074,-0.039522,-0.054084,-0.034231,0.081118,-0.994647,0.000000,139.423027
23941,0.010222,0.450074,-0.039508,-0.054093,-0.034215,0.081266,-0.994635,0.000000,139.515381
23944,0.010227,0.450072,-0.039498,-0.054147,-0.034215,0.081371,-0.994624,-0.000343,139.595375
23948,0.010237,0.450071,-0.039480,-0.054327,-0.034249,0.081641,-0.994591,0.000000,139.679489
23951,0.010242,0.450072,-0.039475,-0.054299,-0.034269,0.081702,-0.994586,0.000000,139.770126
23955,0.010247,0.450071,-0.039472,-0.054433,-0.034278,0.081889,-0.994563,-0.000343,139.858017
23959,0.010250,0.450074,-0.039475,-0.054469,-0.034221,0.082053,-0.994550,0.000000,139.956207
23962,0.010254,0.450076,-0.039482,-0.054483,-0.034249,0.082146,-0.994541,0.000000,140.034142
23966,0.010263,0.450075,-0.039489,-0.054647,-0.034228,0.082346,-0.994516,0.000000,140.126152
23969,0.010269,0.450076,-0.039490,-0.054671,-0.034243,0.082450,-0.994505,0.000000,140.219193
23973,0.010281,0.450080,-0.039490,-0.054686,-0.034263,0.082555,-0.994495,0.000000,140.308800
23976,0.010289,0.450076,-0.039482,-0.054753,-0.034275,0.082634,-0.994484,0.000000,140.398407
23980,0.010304,0.450077,-0.039468,-0.054905,-0.034279,0.082895,-0.994454,-0.000343,140.503120
23983,0.010313,0.450075,-0.039461,-0.054929,-0.034280,0.082988,-0.994445,0.000000,140.585861
23987,0.010325,0.450075,-0.039447,-0.055008,-0.034281,0.083166,-0.994426,0.000000,140.670319
23991,0.010334,0.450076,-0.039441,-0.055041,-0.034315,0.083290,-0.994412,0.000000,140.755119
23994,0.010336,0.450079,-0.039440,-0.055083,-0.034288,0.083424,-0.994400,-0.000343,140.842323
23998,0.010337,0.450076,-0.039440,-0.055223,-0.034295,0.083569,-0.994380,0.000000,140.937424
24001,0.010341,0.450079,-0.039442,-0.055302,-0.034291,0.083714,-0.994363,0.000000,141.019478
24005,0.010344,0.450082,-0.039449,-0.055201,-0.034283,0.083772,-0.994364,0.000000,141.114922
24008,0.010356,0.450082,-0.039447,-0.055362,-0.034273,0.083945,-0.994341,0.000000,141.213112
24012,0.010365,0.450081,-0.039445,-0.055420,-0.034280,0.084150,-0.994320,0.000000,141.299973
24015,0.010376,0.450082,-0.039437,-0.055465,-0.034279,0.084292,-0.994306,0.000000,141.382370
24019,0.010390,0.450081,-0.039428,-0.055600,-0.034291,0.084424,-0.994286,0.000000,141.465797
24023,0.010402,0.450080,-0.039418,-0.055625,-0.034307,0.084599,-0.994270,0.000000,141.549911
24026,0.010412,0.450081,-0.039410,-0.055694,-0.034311,0.084705,-0.994257,0.000000,141.639175
24030,0.010426,0.450083,-0.039398,-0.055746,-0.034440,0.084954,-0.994228,0.000000,141.728439
24033,0.010433,0.450084,-0.039395,-0.055794,-0.034461,0.085059,-0.994215,0.000000,141.817360
24037,0.010438,0.450087,-0.039395,-0.055775,-0.034443,0.085181,-0.994207,-0.000343,141.911087
24040,0.010441,0.450086,-0.039397,-0.055875,-0.034436,0.085343,-0.994188,0.000000,142.012024
24044,0.010452,0.450085,-0.039396,-0.056015,-0.034460,0.085487,-0.994166,0.000000,142.119484
24047,0.010459,0.450088,-0.039397,-0.056022,-0.034457,0.085616,-0.994155,0.000000,142.199478
24051,0.010464,0.450086,-0.039393,-0.056160,-0.034446,0.085827,-0.994129,0.000000,142.285309
24054,0.010472,0.450087,-0.039388,-0.056275,-0.034419,0.085975,-0.994111,0.000000,142.365990
24058,0.010480,0.450089,-0.039384,-0.056223,-0.034371,0.086091,-0.994106,0.000000,142.448730
24061,0.010490,0.450089,-0.039376,-0.056286,-0.034380,0.086226,-0.994090,0.000000,142.530098
24065,0.010509,0.450088,-0.039367,-0.056442,-0.034417,0.086454,-0.994060,0.000000,142.618675
24069,0.010522,0.450088,-0.039359,-0.056503,-0.034410,0.086550,-0.994049,0.000000,142.713089
24072,0.010526,0.450086,-0.039356,-0.056548,-0.034431,0.086703,-0.994032,0.000000,142.802353
24076,0.010532,0.450088,-0.039352,-0.056658,-0.034438,0.086922,-0.994006,0.000000,142.901573
24079,0.010534,0.450087,-0.039353,-0.056648,-0.034424,0.086987,-0.994002,0.000000,142.995987
24083,0.010542,0.450087,-0.039351,-0.056859,-0.034386,0.087221,-0.993970,0.000000,143.078728
24086,0.010549,0.450087,-0.039350,-0.056887,-0.034417,0.087353,-0.993956,0.000000,143.159409
24090,0.010505,0.450085,-0.039376,-0.057291,-0.033402,0.087806,-0.993928,0.000000,143.248672
24093,0.010510,0.450084,-0.039375,-0.057331,-0.033373,0.087872,-0.993921,0.000000,143.344460
24097,0.010525,0.450084,-0.039367,-0.057513,-0.033404,0.088135,-0.993886,-0.000343,143.436127
24101,0.010536,0.450083,-0.039364,-0.057517,-0.033343,0.088232,-0.993879,0.000000,143.527451
24104,0.010544,0.450080,-0.039358,-0.057618,-0.033348,0.088344,-0.993863,0.000000,143.625298
24108,0.010557,0.450085,-0.039347,-0.057637,-0.033380,0.088512,-0.993846,0.000000,143.708038
24111,0.010564,0.450087,-0.039344,-0.057660,-0.033411,0.088651,-0.993831,0.000000,143.796272
24115,0.010572,0.450082,-0.039338,-0.057797,-0.033410,0.088807,-0.993809,0.000000,143.879356
24118,0.010582,0.450085,-0.039335,-0.057855,-0.033417,0.088938,-0.993794,0.000000,143.966217
24122,0.010586,0.450087,-0.039336,-0.057824,-0.033434,0.089002,-0.993789,0.000000,144.055824
24125,0.010589,0.450085,-0.039337,-0.057911,-0.033452,0.089129,-0.993772,0.000000,144.146805
24129,0.010593,0.450086,-0.039335,-0.058022,-0.033441,0.089329,-0.993748,0.000000,144.240189
24132,0.010595,0.450085,-0.039335,-0.058035,-0.033451,0.089397,-0.993741,0.000000,144.328423
24136,0.010604,0.450083,-0.039331,-0.058106,-0.033453,0.089536,-0.993724,0.000000,144.415970
24140,0.010617,0.450083,-0.039327,-0.058121,-0.033493,0.089603,-0.993716,0.000000,144.503517
24143,0.010647,0.450082,-0.039311,-0.058031,-0.033894,0.089590,-0.993709,0.000000,144.587975
24147,0.010658,0.450080,-0.039306,-0.058194,-0.033878,0.089715,-0.993689,0.000000,144.677925
24150,0.010647,0.450081,-0.039315,-0.058366,-0.033441,0.089995,-0.993668,0.000000,144.774055
24154,0.010653,0.450083,-0.039313,-0.058299,-0.033470,0.090030,-0.993668,0.000000,144.868469
24157,0.010658,0.450083,-0.039310,-0.058374,-0.033427,0.090152,-0.993654,0.000000,144.957733
24161,0.010661,0.450083,-0.039306,-0.058454,-0.033484,0.090302,-0.993634,0.000000,145.042877
24164,0.010683,0.450083,-0.039293,-0.058343,-0.033875,0.090263,-0.993630,0.000343,145.128365
24168,0.010682,0.450080,-0.039294,-0.058401,-0.033898,0.090325,-0.993621,0.000000,145.215569
24172,0.010685,0.450082,-0.039294,-0.058420,-0.033896,0.090457,-0.993608,0.000000,145.302086
24175,0.010672,0.450085,-0.039305,-0.058536,-0.033501,0.090626,-0.993599,0.000343,145.398903
24179,0.010677,0.450085,-0.039306,-0.058633,-0.033480,0.090784,-0.993579,0.000000,145.494690
24182,0.010687,0.450085,-0.039303,-0.058700,-0.033515,0.090861,-0.993567,0.000000,145.580177
24186,0.010695,0.450086,-0.039304,-0.058651,-0.033474,0.090949,-0.993563,0.000000,145.662575
24190,0.010727,0.450082,-0.039282,-0.058747,-0.033863,0.091026,-0.993537,0.000000,145.752182
24193,0.010734,0.450082,-0.039278,-0.058738,-0.033899,0.091043,-0.993535,0.000343,145.840073
24197,0.010743,0.450081,-0.039271,-0.058799,-0.033885,0.091161,-0.993521,0.000000,145.928650
24200,0.010747,0.450081,-0.039264,-0.058832,-0.033903,0.091218,-0.993513,0.000000,146.019974
24203,0.010748,0.450080,-0.039263,-0.058916,-0.033938,0.091332,-0.993497,0.000343,146.118164
24207,0.010749,0.450083,-0.039266,-0.058856,-0.033919,0.091420,-0.993493,0.000000,146.210861
24211,0.010754,0.450083,-0.039268,-0.059030,-0.033882,0.091600,-0.993467,0.000000,146.303902
24214,0.010755,0.450085,-0.039270,-0.059020,-0.033929,0.091657,-0.993461,0.000000,146.393852
24218,0.010763,0.450085,-0.039273,-0.059029,-0.033909,0.091719,-0.993455,0.000000,146.487923
24221,0.010768,0.450084,-0.039273,-0.059043,-0.033915,0.091759,-0.993450,0.000343,146.563454
24225,0.010778,0.450086,-0.039266,-0.059143,-0.033909,0.091963,-0.993426,0.000000,146.646538
24228,0.010786,0.450084,-0.039263,-0.059123,-0.033929,0.091971,-0.993426,0.000000,146.735458
24232,0.010797,0.450084,-0.039252,-0.059275,-0.033900,0.092179,-0.993398,0.000000,146.834335
24236,0.010808,0.450084,-0.039243,-0.059251,-0.033956,0.092230,-0.993393,0.000343,146.911583
24239,0.010811,0.450084,-0.039242,-0.059277,-0.033946,0.092331,-0.993383,0.000343,147.005997
24243,0.010817,0.450083,-0.039239,-0.059415,-0.033929,0.092447,-0.993364,0.000000,147.098694
24246,0.010821,0.450084,-0.039240,-0.059484,-0.033934,0.092578,-0.993348,0.000343,147.191734
24250,0.010823,0.450086,-0.039243,-0.059407,-0.033936,0.092618,-0.993349,0.000343,147.289581
24253,0.010824,0.450085,-0.039244,-0.059486,-0.033961,0.092743,-0.993331,0.000343,147.363396
24257,0.010827,0.450085,-0.039244,-0.059523,-0.033967,0.092870,-0.993317,0.000000,147.443733
24260,0.010829,0.450086,-0.039240,-0.059580,-0.033976,0.092947,-0.993306,0.000343,147.528534
24264,0.010838,0.450085,-0.039235,-0.059715,-0.033944,0.093050,-0.993289,0.000000,147.625351
24268,0.010848,0.450084,-0.039232,-0.059643,-0.034001,0.093100,-0.993287,0.000343,147.724228
24271,0.010861,0.450087,-0.039229,-0.059732,-0.033979,0.093206,-0.993273,0.000000,147.818298
24275,0.010870,0.450084,-0.039225,-0.059849,-0.033942,0.093351,-0.993253,0.000343,147.910995
24278,0.010877,0.450085,-0.039219,-0.059896,-0.033959,0.093461,-0.993239,0.000343,147.994080
24282,0.010882,0.450085,-0.039215,-0.059867,-0.033985,0.093509,-0.993236,0.000343,148.081284
24285,0.010887,0.450085,-0.039213,-0.059973,-0.033963,0.093645,-0.993217,0.000343,148.163681
24289,0.010893,0.450084,-0.039211,-0.059994,-0.033999,0.093753,-0.993205,0.000343,148.257065
24292,0.010899,0.450087,-0.039208,-0.060049,-0.034004,0.093885,-0.993189,0.000000,148.351479
24296,0.010901,0.450084,-0.039208,-0.060156,-0.033968,0.093954,-0.993177,0.000343,148.440742
24299,0.010903,0.450085,-0.039207,-0.060207,-0.033994,0.094134,-0.993156,0.000000,148.529320
24303,0.010909,0.450088,-0.039209,-0.060109,-0.033986,0.094115,-0.993164,0.000343,148.616867
24307,0.010917,0.450088,-0.039205,-0.060294,-0.033966,0.094299,-0.993136,0.000343,148.708191
24310,0.010923,0.450089,-0.039205,-0.060249,-0.034016,0.094370,-0.993130,0.000000,148.790588
24314,0.010930,0.450087,-0.039200,-0.060288,-0.034001,0.094455,-0.993120,0.000000,148.886375
24317,0.010936,0.450088,-0.039197,-0.060327,-0.033989,0.094529,-0.993111,0.000000,148.967400
24321,0.010946,0.450089,-0.039191,-0.060451,-0.033987,0.094655,-0.993092,0.000343,149.054947
24324,0.010950,0.450088,-0.039190,-0.060369,-0.034010,0.094667,-0.993095,0.000343,149.148674
24328,0.010959,0.450089,-0.039187,-0.060532,-0.033998,0.094860,-0.993067,0.000343,149.240685
24331,0.010963,0.450089,-0.039183,-0.060562,-0.034007,0.094879,-0.993063,0.000343,149.330292
24335,0.010964,0.450091,-0.039185,-0.060520,-0.034007,0.094954,-0.993058,0.000343,149.418869
24339,0.010967,0.450090,-0.039182,-0.060716,-0.034030,0.095169,-0.993025,0.000343,149.505386
24342,0.010968,0.450091,-0.039182,-0.060682,-0.034027,0.095178,-0.993026,0.000343,149.599113
24345,0.010971,0.450091,-0.039182,-0.060679,-0.034030,0.095199,-0.993024,0.000343,149.691467
24349,0.010978,0.450089,-0.039180,-0.060767,-0.034020,0.095312,-0.993008,0.000000,149.781761
24353,0.010987,0.450094,-0.039175,-0.060786,-0.034022,0.095477,-0.992991,0.000000,149.869652
24356,0.010992,0.450093,-0.039174,-0.060779,-0.034022,0.095488,-0.992991,0.000000,149.951019
24360,0.011001,0.450092,-0.039167,-0.060974,-0.033996,0.095675,-0.992962,0.000343,150.033073
24363,0.011006,0.450089,-0.039163,-0.060978,-0.034025,0.095743,-0.992954,0.000343,150.120964
24367,0.011045,0.450101,-0.039146,-0.060728,-0.034530,0.095734,-0.992953,0.000000,150.214005
24370,0.011046,0.450100,-0.039144,-0.060763,-0.034541,0.095763,-0.992947,0.000343,150.313225
24374,0.011054,0.450100,-0.039141,-0.060874,-0.034532,0.095938,-0.992924,0.000343,150.407639
24378,0.011058,0.450103,-0.039142,-0.060828,-0.034542,0.096019,-0.992919,0.000343,150.505829
24381,0.011061,0.450102,-0.039142,-0.060951,-0.034515,0.096157,-0.992899,0.000000,150.590286
24385,0.011066,0.450103,-0.039142,-0.060921,-0.034562,0.096186,-0.992896,0.000343,150.670624
24388,0.011070,0.450105,-0.039141,-0.060937,-0.034585,0.096295,-0.992884,0.000343,150.760918
24392,0.011071,0.450103,-0.039141,-0.061071,-0.034541,0.096354,-0.992871,0.000343,150.860825
24395,0.011077,0.450105,-0.039139,-0.061160,-0.034525,0.096487,-0.992853,0.000000,150.940819
24399,0.011080,0.450105,-0.039139,-0.061043,-0.034556,0.096467,-0.992861,0.000343,151.039352
24402,0.011088,0.450105,-0.039134,-0.061153,-0.034539,0.096584,-0.992844,0.000343,151.124840
24406,0.011093,0.450105,-0.039130,-0.061163,-0.034552,0.096673,-0.992834,0.000343,151.212730
24409,0.011100,0.450105,-0.039126,-0.061196,-0.034558,0.096739,-0.992825,0.000343,151.293411
24413,0.011108,0.450104,-0.039121,-0.061311,-0.034521,0.096800,-0.992814,0.000343,151.379929
24416,0.011113,0.450104,-0.039118,-0.061358,-0.034551,0.096909,-0.992799,0.000000,151.469879
24420,0.011119,0.450106,-0.039118,-0.061288,-0.034567,0.096901,-0.992804,0.000000,151.562233
24423,0.011124,0.450107,-0.039117,-0.061318,-0.034554,0.096957,-0.992797,0.000343,151.654930
24427,0.011125,0.450106,-0.039116,-0.061413,-0.034544,0.097079,-0.992779,0.000343,151.753120
24431,0.011123,0.450108,-0.039118,-0.061328,-0.034593,0.097090,-0.992782,0.000000,151.844444
24434,0.011124,0.450107,-0.039118,-0.061429,-0.034536,0.097194,-0.992767,0.000000,151.930618
24438,0.011128,0.450107,-0.039118,-0.061476,-0.034594,0.097283,-0.992754,0.000000,152.013359
24441,0.011131,0.450109,-0.039118,-0.061463,-0.034593,0.097358,-0.992747,0.000343,152.103653
24445,0.011136,0.450109,-0.039116,-0.061544,-0.034605,0.097457,-0.992732,0.000343,152.187424
24449,0.011142,0.450109,-0.039114,-0.061542,-0.034589,0.097557,-0.992723,0.000000,152.278061
24452,0.011147,0.450111,-0.039111,-0.061497,-0.034607,0.097646,-0.992716,0.000000,152.368355
24456,0.011161,0.450110,-0.039103,-0.061691,-0.034556,0.097776,-0.992693,0.000343,152.458992
24459,0.011168,0.450109,-0.039099,-0.061713,-0.034572,0.097814,-0.992688,0.000343,152.549629
24463,0.011177,0.450111,-0.039091,-0.061728,-0.034586,0.097873,-0.992680,0.000343,152.635117
24466,0.011178,0.450109,-0.039089,-0.061776,-0.034593,0.097968,-0.992668,0.000343,152.723007
24470,0.011184,0.450110,-0.039085,-0.061860,-0.034573,0.098127,-0.992648,0.000343,152.809181
24473,0.011187,0.450110,-0.039085,-0.061836,-0.034593,0.098147,-0.992646,0.000343,152.900848
24477,0.011191,0.450108,-0.039087,-0.061984,-0.034541,0.098318,-0.992622,0.000000,152.988052
24481,0.011198,0.450112,-0.039088,-0.061971,-0.034605,0.098494,-0.992603,0.000343,153.078690
24484,0.011205,0.450114,-0.039086,-0.062000,-0.034593,0.098584,-0.992593,0.000000,153.172760
24488,0.011213,0.450111,-0.039084,-0.062196,-0.034564,0.098785,-0.992562,0.000343,153.271637
24491,0.011222,0.450111,-0.039079,-0.062220,-0.034597,0.098876,-0.992550,0.000343,153.367767
24495,0.011235,0.450114,-0.039073,-0.062215,-0.034613,0.098991,-0.992538,0.000343,153.466988
24498,0.011241,0.450111,-0.039067,-0.062335,-0.034588,0.099079,-0.992523,0.000343,153.549728
24502,0.011251,0.450110,-0.039056,-0.062411,-0.034569,0.099311,-0.992495,0.000343,153.623886
24505,0.011257,0.450111,-0.039054,-0.062456,-0.034585,0.099416,-0.992482,0.000000,153.704910
24509,0.011266,0.450108,-0.039048,-0.062624,-0.034582,0.099567,-0.992456,0.000343,153.787994
24512,0.011273,0.450110,-0.039046,-0.062602,-0.034578,0.099685,-0.992446,0.000000,153.875885
24516,0.011278,0.450113,-0.039049,-0.062583,-0.034598,0.099830,-0.992432,0.000343,153.974075
24520,0.011284,0.450109,-0.039051,-0.062752,-0.034598,0.099962,-0.992408,0.000343,154.067802
24523,0.011289,0.450112,-0.039049,-0.062778,-0.034588,0.100176,-0.992385,0.000343,154.162903
24527,0.011294,0.450111,-0.039047,-0.062741,-0.034593,0.100235,-0.992381,0.000343,154.252167
24530,0.011301,0.450110,-0.039040,-0.062858,-0.034566,0.100362,-0.992362,0.000343,154.340401
24534,0.011312,0.450113,-0.039029,-0.062889,-0.034634,0.100569,-0.992336,0.000000,154.420395
24537,0.011318,0.450109,-0.039023,-0.062978,-0.034576,0.100651,-0.992324,0.000343,154.505196
24541,0.011328,0.450108,-0.039016,-0.063103,-0.034575,0.100801,-0.992301,0.000000,154.602356
24544,0.011336,0.450104,-0.039012,-0.063199,-0.034592,0.101009,-0.992273,0.000343,154.694023
24548,0.011347,0.450108,-0.039012,-0.063159,-0.034617,0.101094,-0.992266,0.000343,154.792557
24551,0.011357,0.450109,-0.039014,-0.063239,-0.034604,0.101211,-0.992250,0.000000,154.879417
24555,0.011368,0.450107,-0.039013,-0.063318,-0.034628,0.101411,-0.992224,0.000343,154.965248
24558,0.011373,0.450109,-0.039013,-0.063360,-0.034621,0.101560,-0.992206,0.000343,155.050049
24562,0.011379,0.450107,-0.039011,-0.063402,-0.034618,0.101632,-0.992196,0.000343,155.128326
24566,0.011387,0.450107,-0.039004,-0.063480,-0.034642,0.101766,-0.992176,0.000343,155.218277
24569,0.011390,0.450107,-0.039001,-0.063506,-0.034636,0.101865,-0.992165,0.000343,155.312347
24573,0.011398,0.450105,-0.038994,-0.063622,-0.034632,0.102023,-0.992141,0.000343,155.407791
24576,0.011403,0.450106,-0.038990,-0.063684,-0.034640,0.102172,-0.992122,0.000343,155.501175
24580,0.011407,0.450107,-0.038993,-0.063612,-0.034645,0.102208,-0.992122,0.000000,155.588722
24584,0.011420,0.450105,-0.038989,-0.063794,-0.034644,0.102460,-0.992085,0.000343,155.673180
24587,0.011424,0.450107,-0.038990,-0.063754,-0.034662,0.102508,-0.992082,0.000343,155.759697
24591,0.011431,0.450107,-0.038990,-0.063804,-0.034667,0.102596,-0.992069,0.000343,155.857544
24594,0.011437,0.450107,-0.038987,-0.063832,-0.034677,0.102672,-0.992059,0.000343,155.948524
24598,0.011441,0.450106,-0.038983,-0.063892,-0.034624,0.102856,-0.992038,0.000343,156.040192
24601,0.011403,0.450107,-0.038995,-0.064117,-0.033918,0.103152,-0.992017,0.000343,156.137352
24605,0.011453,0.450105,-0.038972,-0.064044,-0.034624,0.103062,-0.992007,0.000000,156.230049
24608,0.011456,0.450105,-0.038969,-0.064058,-0.034673,0.103131,-0.991997,0.000000,156.308327
24612,0.011462,0.450104,-0.038965,-0.064074,-0.034671,0.103228,-0.991986,0.000343,156.383858
24615,0.011464,0.450105,-0.038967,-0.064098,-0.034642,0.103289,-0.991979,0.000343,156.475182
24619,0.011473,0.450103,-0.038966,-0.064235,-0.034651,0.103467,-0.991951,0.000343,156.573029
24623,0.011478,0.450105,-0.038967,-0.064198,-0.034677,0.103548,-0.991945,0.000343,156.663666
24626,0.011483,0.450106,-0.038965,-0.064244,-0.034669,0.103626,-0.991934,0.000343,156.764259
24629,0.011488,0.450102,-0.038965,-0.064306,-0.034668,0.103642,-0.991928,0.000343,156.849747
24633,0.011495,0.450106,-0.038964,-0.064276,-0.034663,0.103791,-0.991915,0.000343,156.931458
24637,0.011502,0.450103,-0.038957,-0.064439,-0.034669,0.103932,-0.991889,0.000343,157.015228
24640,0.011507,0.450103,-0.038954,-0.064454,-0.034659,0.103994,-0.991882,0.000343,157.102089
24644,0.011511,0.450104,-0.038950,-0.064423,-0.034679,0.104016,-0.991881,0.000000,157.187576
24647,0.011514,0.450104,-0.038945,-0.064492,-0.034687,0.104102,-0.991867,0.000000,157.278214
24651,0.011519,0.450105,-0.038941,-0.064597,-0.034668,0.104243,-0.991846,0.000000,157.377090
24654,0.011520,0.450104,-0.038939,-0.064560,-0.034686,0.104272,-0.991845,0.000343,157.469788
24658,0.011526,0.450104,-0.038939,-0.064673,-0.034657,0.104391,-0.991826,0.000000,157.558708
24662,0.011530,0.450103,-0.038940,-0.064597,-0.034696,0.104391,-0.991830,0.000000,157.645569
24665,0.011537,0.450105,-0.038942,-0.064656,-0.034658,0.104495,-0.991816,0.000343,157.738266
24669,0.011541,0.450105,-0.038942,-0.064746,-0.034644,0.104572,-0.991803,0.000343,157.817574
24672,0.011546,0.450107,-0.038942,-0.064812,-0.034670,0.104695,-0.991784,0.000000,157.909241
24676,0.011547,0.450106,-0.038942,-0.064737,-0.034671,0.104696,-0.991789,0.000343,158.010521
24679,0.011553,0.450105,-0.038939,-0.064814,-0.034652,0.104818,-0.991772,0.000000,158.098412
24683,0.011558,0.450106,-0.038933,-0.064859,-0.034665,0.104901,-0.991760,0.000343,158.188362
24686,0.011563,0.450106,-0.038927,-0.064896,-0.034677,0.105003,-0.991746,0.000000,158.273849
24690,0.011523,0.450103,-0.038941,-0.065217,-0.033908,0.105264,-0.991724,0.000000,158.366890
24693,0.011544,0.450096,-0.038932,-0.065342,-0.034114,0.105265,-0.991709,0.000000,158.452034
24697,0.011580,0.450105,-0.038920,-0.064993,-0.034669,0.105156,-0.991724,0.000000,158.537178
24700,0.011585,0.450105,-0.038920,-0.065040,-0.034667,0.105263,-0.991709,0.000000,158.621292
24704,0.011591,0.450105,-0.038920,-0.065143,-0.034633,0.105374,-0.991692,0.000000,158.713989
24708,0.011591,0.450105,-0.038920,-0.065059,-0.034661,0.105387,-0.991695,0.000000,158.804970
24711,0.011564,0.450098,-0.038931,-0.065360,-0.034105,0.105534,-0.991679,0.000343,158.903503
24715,0.011567,0.450099,-0.038924,-0.065415,-0.034180,0.105645,-0.991661,0.000000,158.997917
24718,0.011599,0.450105,-0.038910,-0.065215,-0.034699,0.105622,-0.991659,0.000000,159.082375
24722,0.011605,0.450105,-0.038907,-0.065308,-0.034683,0.105736,-0.991641,0.000000,159.167519
24726,0.011577,0.450098,-0.038920,-0.065534,-0.034152,0.105916,-0.991625,0.000000,159.250603
24729,0.011549,0.450109,-0.038940,-0.065679,-0.033469,0.106142,-0.991615,0.000000,159.338150
24733,0.011620,0.450104,-0.038909,-0.065436,-0.034670,0.106030,-0.991602,0.000000,159.425011
24736,0.011626,0.450107,-0.038910,-0.065425,-0.034679,0.106042,-0.991601,0.000000,159.519081
24740,0.011604,0.450099,-0.038918,-0.065682,-0.034129,0.106197,-0.991586,0.000343,159.616241
24743,0.011640,0.450106,-0.038905,-0.065443,-0.034676,0.106173,-0.991586,0.000000,159.702759
24747,0.011616,0.450098,-0.038909,-0.065784,-0.034128,0.106445,-0.991553,0.000000,159.795456
24751,0.011621,0.450097,-0.038901,-0.065855,-0.034127,0.106505,-0.991542,0.000000,159.884033
24754,0.011625,0.450098,-0.038895,-0.065922,-0.034082,0.106615,-0.991527,0.000000,159.972267
24758,0.011630,0.450096,-0.038893,-0.065913,-0.034172,0.106695,-0.991516,0.000000,160.059814
24761,0.011632,0.450099,-0.038894,-0.065969,-0.034130,0.106789,-0.991504,0.000000,160.138779
24764,0.011631,0.450098,-0.038896,-0.065933,-0.034143,0.106795,-0.991505,0.000000,160.232162
24768,0.011640,0.450099,-0.038896,-0.066127,-0.034138,0.107038,-0.991466,0.000000,160.326576
24771,0.011642,0.450099,-0.038899,-0.066055,-0.034159,0.107028,-0.991471,0.000000,160.423393
24775,0.011651,0.450098,-0.038898,-0.066139,-0.034129,0.107169,-0.991451,0.000000,160.515747
24779,0.011663,0.450098,-0.038894,-0.066167,-0.034107,0.107278,-0.991438,0.000000,160.599174
24782,0.011699,0.450107,-0.038878,-0.065962,-0.034650,0.107314,-0.991429,0.000000,160.684319
24786,0.011679,0.450097,-0.038882,-0.066314,-0.034125,0.107490,-0.991405,0.000000,160.772896
24789,0.011716,0.450104,-0.038863,-0.066138,-0.034659,0.107506,-0.991397,0.000000,160.865593
24793,0.011721,0.450105,-0.038858,-0.066088,-0.034664,0.107524,-0.991398,0.000343,160.957260
24796,0.011725,0.450106,-0.038855,-0.066169,-0.034686,0.107647,-0.991378,0.000000,161.050301
24800,0.011726,0.450104,-0.038854,-0.066246,-0.034675,0.107794,-0.991358,0.000000,161.140938
24804,0.011726,0.450105,-0.038855,-0.066170,-0.034679,0.107785,-0.991363,0.000000,161.225739
24807,0.011730,0.450105,-0.038855,-0.066303,-0.034663,0.107938,-0.991338,0.000000,161.302986
24811,0.011734,0.450104,-0.038855,-0.066317,-0.034703,0.108003,-0.991329,0.000000,161.391907
24814,0.011740,0.450105,-0.038855,-0.066318,-0.034708,0.108085,-0.991320,0.000000,161.482201
24818,0.011745,0.450105,-0.038854,-0.066449,-0.034666,0.108180,-0.991302,0.000000,161.568375
24821,0.011753,0.450106,-0.038851,-0.066525,-0.034657,0.108320,-0.991282,0.000000,161.668625
24824,0.011761,0.450107,-0.038847,-0.066536,-0.034691,0.108456,-0.991265,0.000000,161.769562
24828,0.011767,0.450105,-0.038843,-0.066530,-0.034663,0.108481,-0.991264,0.000000,161.862602
24832,0.011777,0.450105,-0.038835,-0.066594,-0.034676,0.108599,-0.991246,0.000000,161.946030
24835,0.011784,0.450108,-0.038831,-0.066629,-0.034686,0.108702,-0.991232,0.000000,162.030830
24839,0.011790,0.450106,-0.038825,-0.066685,-0.034711,0.108766,-0.991221,0.000000,162.113228
24842,0.011795,0.450106,-0.038822,-0.066798,-0.034670,0.108929,-0.991197,0.000000,162.202492
24846,0.011796,0.450107,-0.038823,-0.066729,-0.034680,0.108958,-0.991198,0.000000,162.296562
24850,0.011803,0.450107,-0.038822,-0.066864,-0.034664,0.109149,-0.991168,0.000000,162.391663
24853,0.011806,0.450108,-0.038821,-0.066906,-0.034661,0.109223,-0.991157,0.000000,162.488823
24857,0.011814,0.450109,-0.038821,-0.066874,-0.034683,0.109314,-0.991149,0.000000,162.564697
24860,0.011820,0.450108,-0.038822,-0.066925,-0.034658,0.109375,-0.991139,0.000000,162.651215
24864,0.011831,0.450107,-0.038819,-0.067063,-0.034674,0.109563,-0.991109,0.000000,162.739449
24868,0.011841,0.450108,-0.038814,-0.067101,-0.034667,0.109674,-0.991094,0.000000,162.818413
24871,0.011787,0.450106,-0.038841,-0.067600,-0.033453,0.110031,-0.991062,0.000000,162.910423
24875,0.011857,0.450109,-0.038802,-0.067220,-0.034651,0.109951,-0.991056,0.000000,163.013077
24878,0.011865,0.450111,-0.038789,-0.067133,-0.034811,0.109993,-0.991051,0.000000,163.110237
24882,0.011809,0.450106,-0.038815,-0.067750,-0.033572,0.110460,-0.991000,0.000000,163.202591
24885,0.011812,0.450107,-0.038815,-0.067843,-0.033478,0.110530,-0.990989,0.000000,163.288078
24889,0.011883,0.450110,-0.038777,-0.067320,-0.034836,0.110364,-0.990997,0.000000,163.378372
24892,0.011883,0.450108,-0.038783,-0.067444,-0.034679,0.110383,-0.990992,0.000000,163.463173
24896,0.011895,0.450111,-0.038778,-0.067515,-0.034817,0.110650,-0.990952,0.000000,163.552780
24899,0.011899,0.450113,-0.038780,-0.067482,-0.034835,0.110715,-0.990947,0.000000,163.641701
24903,0.011907,0.450111,-0.038779,-0.067575,-0.034801,0.110902,-0.990920,0.000000,163.732338
24907,0.011859,0.450113,-0.038808,-0.068051,-0.033643,0.111288,-0.990885,0.000000,163.818855
24910,0.011927,0.450113,-0.038772,-0.067674,-0.034819,0.111125,-0.990888,-0.000343,163.903313
24913,0.011872,0.450111,-0.038801,-0.068127,-0.033613,0.111466,-0.990860,0.000000,163.990173
24917,0.011884,0.450111,-0.038790,-0.068334,-0.033608,0.111728,-0.990817,-0.000343,164.077721
24921,0.011889,0.450110,-0.038785,-0.068283,-0.033643,0.111769,-0.990814,0.000000,164.172478
24924,0.011899,0.450110,-0.038779,-0.068404,-0.033600,0.111895,-0.990793,0.000000,164.263115
24928,0.011907,0.450110,-0.038774,-0.068462,-0.033625,0.112074,-0.990768,-0.000343,164.352379
24931,0.011916,0.450111,-0.038772,-0.068519,-0.033610,0.112191,-0.990752,-0.000343,164.440956
24935,0.011922,0.450108,-0.038772,-0.068609,-0.033606,0.112316,-0.990731,0.000000,164.538460
24938,0.011930,0.450108,-0.038770,-0.068734,-0.033614,0.112538,-0.990697,0.000000,164.634247
24942,0.011941,0.450109,-0.038768,-0.068652,-0.033681,0.112626,-0.990691,0.000000,164.724884
24946,0.011948,0.450106,-0.038766,-0.068796,-0.033671,0.112852,-0.990655,-0.000343,164.808655
24949,0.011956,0.450104,-0.038763,-0.068905,-0.033662,0.112973,-0.990634,-0.000343,164.890709
24953,0.011965,0.450108,-0.038760,-0.068853,-0.033661,0.113069,-0.990627,-0.000343,164.971390
24956,0.011971,0.450105,-0.038757,-0.068909,-0.033639,0.113198,-0.990609,0.000000,165.055847
24960,0.011986,0.450104,-0.038750,-0.069017,-0.033703,0.113425,-0.990573,0.000000,165.147858
24963,0.011994,0.450105,-0.038747,-0.069036,-0.033702,0.113527,-0.990560,-0.000343,165.246048
24967,0.012006,0.450102,-0.038743,-0.069139,-0.033675,0.113643,-0.990541,0.000000,165.339088
24970,0.012015,0.450103,-0.038738,-0.069272,-0.033676,0.113863,-0.990506,-0.000343,165.434875
24974,0.012026,0.450104,-0.038735,-0.069250,-0.033692,0.113978,-0.990494,0.000000,165.524139
24978,0.012040,0.450101,-0.038728,-0.069433,-0.033645,0.114238,-0.990453,0.000000,165.621643
24981,0.012045,0.450100,-0.038724,-0.069476,-0.033661,0.114340,-0.990438,0.000000,165.694427
24984,0.012054,0.450099,-0.038720,-0.069479,-0.033681,0.114473,-0.990421,-0.000343,165.779572
24988,0.012058,0.450098,-0.038716,-0.069552,-0.033692,0.114583,-0.990403,0.000000,165.865746
24992,0.012061,0.450098,-0.038710,-0.069694,-0.033700,0.114864,-0.990360,0.000000,165.954666
24995,0.012063,0.450097,-0.038711,-0.069665,-0.033715,0.114897,-0.990358,0.000000,166.053886
24999,0.012071,0.450098,-0.038709,-0.069795,-0.033689,0.115169,-0.990318,0.000000,166.151733
25002,0.012078,0.450097,-0.038710,-0.069880,-0.033687,0.115264,-0.990301,0.000000,166.240311
25006,0.012092,0.450097,-0.038708,-0.069855,-0.033715,0.115411,-0.990285,-0.000343,166.331291
25009,0.012103,0.450096,-0.038706,-0.069920,-0.033714,0.115492,-0.990271,-0.000343,166.421242
25013,0.012121,0.450094,-0.038699,-0.070118,-0.033705,0.115738,-0.990228,-0.000343,166.509819
25017,0.012135,0.450095,-0.038693,-0.070121,-0.033697,0.115868,-0.990213,0.000000,166.593933
25020,0.012146,0.450092,-0.038682,-0.070221,-0.033732,0.115984,-0.990191,-0.000343,166.680794
25024,0.012156,0.450090,-0.038674,-0.070326,-0.033710,0.116201,-0.990159,-0.000343,166.769371
25027,0.012162,0.450091,-0.038668,-0.070354,-0.033746,0.116336,-0.990140,-0.000343,166.854172
25031,0.012166,0.450089,-0.038666,-0.070502,-0.033723,0.116530,-0.990108,-0.000343,166.940002
25035,0.012172,0.450091,-0.038667,-0.070514,-0.033771,0.116658,-0.990090,0.000000,167.038879
25038,0.012178,0.450090,-0.038669,-0.070589,-0.033745,0.116789,-0.990070,-0.000343,167.119217
25041,0.012183,0.450091,-0.038671,-0.070606,-0.033759,0.116889,-0.990057,-0.000343,167.211227
25045,0.012190,0.450092,-0.038670,-0.070745,-0.033739,0.117127,-0.990019,-0.000343,167.309074
25048,0.012196,0.450090,-0.038668,-0.070811,-0.033724,0.117236,-0.990002,-0.000343,167.412071
25052,0.012209,0.450093,-0.038659,-0.070824,-0.033719,0.117331,-0.989990,-0.000343,167.502365
25055,0.012220,0.450092,-0.038651,-0.070909,-0.033715,0.117485,-0.989966,-0.000343,167.585793
25059,0.012234,0.450090,-0.038642,-0.070924,-0.033769,0.117552,-0.989955,-0.000343,167.667847
25063,0.012241,0.450090,-0.038634,-0.071005,-0.033760,0.117677,-0.989935,-0.000343,167.749557
25066,0.012248,0.450089,-0.038631,-0.071121,-0.033730,0.117806,-0.989912,0.000000,167.831955
25070,0.012249,0.450090,-0.038633,-0.070991,-0.033761,0.117780,-0.989923,-0.000343,167.926712
25073,0.012250,0.450090,-0.038634,-0.071116,-0.033740,0.117934,-0.989897,0.000000,168.022842
25077,0.012253,0.450091,-0.038638,-0.071169,-0.033768,0.118039,-0.989880,-0.000343,168.108673
25080,0.012254,0.450093,-0.038639,-0.071218,-0.033753,0.118165,-0.989861,0.000000,168.197250
25084,0.012255,0.450091,-0.038642,-0.071257,-0.033745,0.118165,-0.989859,-0.000343,168.284454
25088,0.012262,0.450090,-0.038639,-0.071318,-0.033768,0.118330,-0.989834,-0.000343,168.376122
25091,0.012267,0.450091,-0.038634,-0.071287,-0.033820,0.118367,-0.989830,-0.000343,168.461266
25095,0.012279,0.450089,-0.038628,-0.071473,-0.033749,0.118545,-0.989798,0.000000,168.557053
25098,0.012287,0.450088,-0.038621,-0.071495,-0.033760,0.118595,-0.989790,0.000000,168.657990
25102,0.012299,0.450089,-0.038616,-0.071501,-0.033775,0.118713,-0.989775,-0.000343,168.752403
25105,0.012306,0.450088,-0.038612,-0.071494,-0.033806,0.118800,-0.989764,-0.000343,168.854713
25109,0.012318,0.450087,-0.038603,-0.071681,-0.033802,0.118956,-0.989732,-0.000343,168.949127
25112,0.012323,0.450086,-0.038600,-0.071657,-0.033795,0.118986,-0.989730,-0.000343,169.042854
25116,0.012327,0.450087,-0.038599,-0.071768,-0.033775,0.119137,-0.989705,0.000000,169.146538
25120,0.012329,0.450086,-0.038596,-0.071809,-0.033787,0.119297,-0.989682,-0.000343,169.256401
25123,0.012330,0.450086,-0.038599,-0.071791,-0.033789,0.119320,-0.989680,-0.000343,169.363861
25127,0.012335,0.450087,-0.038601,-0.071965,-0.033761,0.119524,-0.989644,-0.000343,169.474068
25130,0.012340,0.450087,-0.038603,-0.071965,-0.033751,0.119561,-0.989640,-0.000343,169.566422
25134,0.012349,0.450089,-0.038602,-0.071949,-0.033787,0.119672,-0.989627,-0.000343,169.661522
25137,0.012354,0.450088,-0.038604,-0.071969,-0.033767,0.119721,-0.989620,-0.000343,169.760399
25141,0.012366,0.450087,-0.038597,-0.072151,-0.033746,0.119977,-0.989576,-0.000343,169.855156
25144,0.012372,0.450088,-0.038592,-0.072143,-0.033767,0.120021,-0.989571,-0.000343,169.947510
25148,0.012384,0.450087,-0.038583,-0.072216,-0.033758,0.120203,-0.989544,0.000000,170.038490
25151,0.012393,0.450085,-0.038574,-0.072315,-0.033797,0.120309,-0.989522,-0.000343,170.147324
25155,0.012402,0.450088,-0.038568,-0.072320,-0.033778,0.120441,-0.989506,-0.000343,170.268517
25159,0.012409,0.450084,-0.038561,-0.072433,-0.033795,0.120585,-0.989480,-0.000343,170.367050
25162,0.012416,0.450085,-0.038561,-0.072544,-0.033790,0.120773,-0.989449,-0.000343,170.472107
25166,0.012422,0.450086,-0.038563,-0.072482,-0.033808,0.120799,-0.989450,-0.000343,170.569267
25169,0.012429,0.450086,-0.038565,-0.072584,-0.033783,0.120930,-0.989427,-0.000343,170.658531
25173,0.012436,0.450088,-0.038566,-0.072660,-0.033774,0.121105,-0.989401,0.000000,170.755348
25176,0.012441,0.450087,-0.038564,-0.072709,-0.033798,0.121197,-0.989385,-0.000343,170.855942
25180,0.012450,0.450088,-0.038560,-0.072719,-0.033780,0.121298,-0.989372,-0.000343,170.954819
25183,0.012456,0.450085,-0.038555,-0.072821,-0.033783,0.121447,-0.989347,-0.000343,171.056442
25187,0.012466,0.450085,-0.038547,-0.072799,-0.033837,0.121521,-0.989337,-0.000343,171.160126
25191,0.012472,0.450083,-0.038541,-0.072900,-0.033831,0.121636,-0.989316,-0.000343,171.264153
25194,0.012481,0.450083,-0.038533,-0.072999,-0.033820,0.121807,-0.989288,-0.000343,171.364059
25197,0.012489,0.450085,-0.038530,-0.073069,-0.033789,0.121935,-0.989268,-0.000343,171.462936
25201,0.012495,0.450086,-0.038531,-0.073013,-0.033796,0.122022,-0.989261,-0.000343,171.559410
25205,0.012508,0.450084,-0.038529,-0.073132,-0.033846,0.122211,-0.989227,-0.000343,171.663780
25208,0.012514,0.450088,-0.038529,-0.073178,-0.033839,0.122347,-0.989207,-0.000343,171.763000
25212,0.012519,0.450085,-0.038530,-0.073251,-0.033837,0.122426,-0.989192,0.000000,171.850548
25215,0.012527,0.450087,-0.038528,-0.073338,-0.033802,0.122613,-0.989164,-0.000343,171.943932
25219,0.012534,0.450087,-0.038525,-0.073309,-0.033862,0.122689,-0.989155,0.000000,172.054482
25223,0.012550,0.450088,-0.038517,-0.073478,-0.033800,0.122907,-0.989117,-0.000343,172.162971
25226,0.012558,0.450088,-0.038513,-0.073556,-0.033839,0.123041,-0.989093,-0.000343,172.285194
25230,0.012570,0.450088,-0.038505,-0.073569,-0.033844,0.123208,-0.989071,-0.000343,172.377548
25233,0.012566,0.450104,-0.038498,-0.073480,-0.033630,0.123617,-0.989034,-0.000343,172.520027
25237,0.012593,0.450083,-0.038492,-0.073832,-0.033834,0.123597,-0.989004,-0.000343,172.561913
25240,0.012602,0.450083,-0.038487,-0.073817,-0.033880,0.123673,-0.988994,0.000000,172.655983
25244,0.012593,0.450097,-0.038488,-0.073878,-0.033502,0.124150,-0.988942,0.000000,172.751083
25247,0.012599,0.450099,-0.038483,-0.073838,-0.033614,0.124315,-0.988921,-0.000343,172.851334
25251,0.012604,0.450100,-0.038484,-0.073833,-0.033658,0.124514,-0.988894,0.000000,172.954674
25254,0.012608,0.450102,-0.038486,-0.073852,-0.033620,0.124569,-0.988887,-0.000343,173.065567
25258,0.012618,0.450099,-0.038482,-0.074082,-0.033612,0.124877,-0.988832,0.000000,173.164101
25262,0.012631,0.450098,-0.038478,-0.074070,-0.033640,0.124992,-0.988817,-0.000343,173.279457
25265,0.012638,0.450099,-0.038474,-0.074111,-0.033630,0.125109,-0.988799,-0.000343,173.381081
25268,0.012648,0.450096,-0.038470,-0.074198,-0.033651,0.125253,-0.988774,-0.000343,173.480644
25272,0.012661,0.450094,-0.038465,-0.074403,-0.033548,0.125439,-0.988738,-0.000343,173.577805
25276,0.012677,0.450095,-0.038451,-0.074426,-0.033584,0.125642,-0.988710,-0.000343,173.670845
25280,0.012691,0.450090,-0.038449,-0.074554,-0.033569,0.125753,-0.988687,0.000000,173.763542
25283,0.012695,0.450089,-0.038446,-0.074623,-0.033557,0.125884,-0.988665,-0.000343,173.844223
25287,0.012701,0.450086,-0.038442,-0.074727,-0.033558,0.126015,-0.988640,-0.000343,173.947220
25290,0.012706,0.450087,-0.038440,-0.074833,-0.033523,0.126204,-0.988609,-0.000343,174.054680
25294,0.012708,0.450090,-0.038443,-0.074753,-0.033535,0.126216,-0.988614,-0.000343,174.162827
25297,0.012715,0.450089,-0.038443,-0.074842,-0.033517,0.126404,-0.988584,0.000000,174.281616
25301,0.012722,0.450087,-0.038443,-0.074944,-0.033513,0.126573,-0.988554,-0.000343,174.389076
25304,0.012733,0.450088,-0.038439,-0.074966,-0.033567,0.126715,-0.988533,-0.000343,174.487610
25308,0.012739,0.450086,-0.038436,-0.075046,-0.033546,0.126791,-0.988518,-0.000343,174.575844
25311,0.012745,0.450084,-0.038431,-0.075188,-0.033501,0.126969,-0.988485,0.000000,174.659271
25315,0.012756,0.450083,-0.038425,-0.075127,-0.033557,0.126997,-0.988485,0.000000,174.752655
25319,0.012763,0.450081,-0.038418,-0.075271,-0.033499,0.127187,-0.988451,-0.000343,174.854279
25322,0.012772,0.450080,-0.038414,-0.075317,-0.033545,0.127282,-0.988434,0.000000,174.961052
25325,0.012779,0.450079,-0.038412,-0.075373,-0.033557,0.127413,-0.988412,-0.000343,175.066795
25329,0.012783,0.450081,-0.038416,-0.075333,-0.033534,0.127462,-0.988410,-0.000343,175.165672
25332,0.012791,0.450079,-0.038415,-0.075449,-0.033524,0.127661,-0.988376,0.000000,175.264893
25336,0.012800,0.450080,-0.038413,-0.075448,-0.033597,0.127739,-0.988363,-0.000343,175.361366
25339,0.012805,0.450082,-0.038411,-0.075523,-0.033542,0.127874,-0.988342,0.000000,175.461960
25343,0.012808,0.450078,-0.038405,-0.075632,-0.033542,0.127988,-0.988319,-0.000343,175.561180
25347,0.012816,0.450078,-0.038399,-0.075623,-0.033561,0.128140,-0.988299,-0.000343,175.660744
25350,0.012822,0.450077,-0.038394,-0.075656,-0.033551,0.128212,-0.988288,0.000000,175.766487
25354,0.012836,0.450076,-0.038390,-0.075828,-0.033523,0.128458,-0.988243,-0.000343,175.874977
25358,0.012849,0.450076,-0.038388,-0.075831,-0.033558,0.128567,-0.988228,-0.000343,175.988274
25361,0.012856,0.450076,-0.038387,-0.075887,-0.033556,0.128678,-0.988209,-0.000343,176.076851
25365,0.012868,0.450078,-0.038383,-0.076062,-0.033525,0.128961,-0.988160,0.000000,176.172638
25367,0.012872,0.450076,-0.038380,-0.076093,-0.033542,0.129045,-0.988146,-0.000343,176.266708
25367,0.012872,0.450076,-0.038380,-0.076093,-0.033542,0.129045,-0.988146,-0.000343,176.357689
25367,0.012872,0.450076,-0.038380,-0.076093,-0.033542,0.129045,-0.988146,-0.000343,176.457939
25367,0.012872,0.450076,-0.038380,-0.076093,-0.033542,0.129045,-0.988146,-0.000343,176.563683
25367,0.012872,0.450076,-0.038380,-0.076093,-0.033542,0.129045,-0.988146,0.000000,176.674232
25367,0.012872,0.450076,-0.038380,-0.076093,-0.033542,0.129045,-0.988146,0.000000,176.781349
25367,0.012872,0.450076,-0.038380,-0.076093,-0.033542,0.129045,-0.988146,-0.000343,176.881599
25367,0.012872,0.450076,-0.038380,-0.076093,-0.033542,0.129045,-0.988146,-0.000343,176.972923
25367,0.012872,0.450076,-0.038380,-0.076093,-0.033542,0.129045,-0.988146,-0.000343,177.068710
25367,0.012872,0.450076,-0.038380,-0.076093,-0.033542,0.129045,-0.988146,-0.000343,177.166557
25367,0.012872,0.450076,-0.038380,-0.076093,-0.033542,0.129045,-0.988146,-0.000343,177.268524
25367,0.012872,0.450076,-0.038380,-0.076093,-0.033542,0.129045,-0.988146,-0.000343,177.370491
25367,0.012872,0.450076,-0.038380,-0.076093,-0.033542,0.129045,-0.988146,0.000000,177.463188
25367,0.012872,0.450076,-0.038380,-0.076093,-0.033542,0.129045,-0.988146,-0.000343,177.562752
25367,0.012872,0.450076,-0.038380,-0.076093,-0.033542,0.129045,-0.988146,0.000000,177.659912
25367,0.012872,0.450076,-0.038380,-0.076093,-0.033542,0.129045,-0.988146,0.000000,177.762222
25367,0.012872,0.450076,-0.038380,-0.076093,-0.033542,0.129045,-0.988146,-0.000343,177.864189
25367,0.012872,0.450076,-0.038380,-0.076093,-0.033542,0.129045,-0.988146,-0.000343,177.976112
25367,0.012872,0.450076,-0.038380,-0.076093,-0.033542,0.129045,-0.988146,0.000000,178.073959
25367,0.012872,0.450076,-0.038380,-0.076093,-0.033542,0.129045,-0.988146,-0.000343,178.170090
25367,0.012872,0.450076,-0.038380,-0.076093,-0.033542,0.129045,-0.988146,0.000000,178.267937
25367,0.012872,0.450076,-0.038380,-0.076093,-0.033542,0.129045,-0.988146,0.000000,178.370934
25367,0.012872,0.450076,-0.038380,-0.076093,-0.033542,0.129045,-0.988146,0.000000,178.472557
25367,0.012872,0.450076,-0.038380,-0.076093,-0.033542,0.129045,-0.988146,0.000000,178.573494
25367,0.012872,0.450076,-0.038380,-0.076093,-0.033542,0.129045,-0.988146,0.000000,178.683701
25367,0.012872,0.450076,-0.038380,-0.076093,-0.033542,0.129045,-0.988146,-0.000343,178.791161
25367,0.012872,0.450076,-0.038380,-0.076093,-0.033542,0.129045,-0.988146,0.000000,178.881111
25367,0.012872,0.450076,-0.038380,-0.076093,-0.033542,0.129045,-0.988146,-0.000343,178.977928
25367,0.012872,0.450076,-0.038380,-0.076093,-0.033542,0.129045,-0.988146,0.000000,179.072685
25367,0.012872,0.450076,-0.038380,-0.076093,-0.033542,0.129045,-0.988146,0.000000,179.173965
25475,0.013127,0.450062,-0.038275,-0.078155,-0.033575,0.133513,-0.987390,-0.000343,179.267693
25478,0.013132,0.450060,-0.038277,-0.078168,-0.033596,0.133535,-0.987385,0.000000,179.364510
25481,0.013142,0.450060,-0.038272,-0.078247,-0.033588,0.133684,-0.987359,0.000000,179.461670
25485,0.013154,0.450060,-0.038267,-0.078308,-0.033631,0.133766,-0.987342,0.000000,179.563980
25489,0.013163,0.450060,-0.038259,-0.078412,-0.033580,0.133918,-0.987315,0.000000,179.671440
25492,0.013171,0.450060,-0.038253,-0.078472,-0.033612,0.133974,-0.987301,0.000000,179.779587
25496,0.013178,0.450060,-0.038248,-0.078499,-0.033568,0.134166,-0.987274,0.000000,179.886360
25500,0.013186,0.450058,-0.038244,-0.078630,-0.033545,0.134345,-0.987240,0.000000,179.991417
25503,0.013190,0.450058,-0.038245,-0.078657,-0.033546,0.134393,-0.987232,0.000000,180.089951
25507,0.013197,0.450060,-0.038246,-0.078651,-0.033608,0.134509,-0.987214,0.000000,180.178185
25510,0.013198,0.450063,-0.038248,-0.078656,-0.033547,0.134587,-0.987205,0.000000,180.265388
25514,0.013201,0.450064,-0.038249,-0.078832,-0.033558,0.134800,-0.987162,0.000000,180.354996
25517,0.013201,0.450062,-0.038249,-0.078795,-0.033551,0.134816,-0.987163,0.000000,180.462799
25521,0.013203,0.450060,-0.038247,-0.078838,-0.033528,0.134951,-0.987142,0.000000,180.573692
25524,0.013211,0.450060,-0.038242,-0.078927,-0.033532,0.135011,-0.987126,0.000000,180.683212
25528,0.013220,0.450062,-0.038235,-0.078970,-0.033561,0.135173,-0.987100,0.000000,180.799599
25531,0.013229,0.450063,-0.038229,-0.078959,-0.033577,0.135187,-0.987098,0.000000,180.892982
25535,0.013240,0.450059,-0.038220,-0.079130,-0.033555,0.135392,-0.987057,0.000000,180.982246
25539,0.013251,0.450060,-0.038217,-0.079032,-0.033584,0.135369,-0.987067,-0.000343,181.074944
25542,0.013259,0.450059,-0.038212,-0.079129,-0.033581,0.135508,-0.987040,0.000000,181.165924
25546,0.013263,0.450058,-0.038213,-0.079197,-0.033584,0.135604,-0.987022,0.000000,181.261368
25549,0.013265,0.450058,-0.038214,-0.079259,-0.033554,0.135712,-0.987003,0.000000,181.366768
25553,0.013266,0.450061,-0.038218,-0.079269,-0.033534,0.135724,-0.987001,0.000000,181.474915
25556,0.013267,0.450059,-0.038217,-0.079340,-0.033556,0.135925,-0.986967,0.000000,181.580658
25560,0.013268,0.450060,-0.038219,-0.079278,-0.033618,0.135927,-0.986969,0.000000,181.692238
25563,0.013270,0.450063,-0.038218,-0.079363,-0.033588,0.136071,-0.986944,0.000000,181.796951
25567,0.013273,0.450060,-0.038215,-0.079464,-0.033555,0.136159,-0.986925,0.000000,181.892052
25570,0.013278,0.450060,-0.038212,-0.079562,-0.033557,0.136309,-0.986896,0.000000,181.982346
25574,0.013283,0.450059,-0.038209,-0.079468,-0.033576,0.136313,-0.986902,0.000000,182.069893
25578,0.013295,0.450060,-0.038202,-0.079561,-0.033579,0.136500,-0.986869,0.000000,182.163963
25581,0.013302,0.450060,-0.038199,-0.079597,-0.033585,0.136571,-0.986856,0.000000,182.278976
25585,0.013306,0.450058,-0.038195,-0.079591,-0.033613,0.136632,-0.986847,0.000000,182.371330
25588,0.013312,0.450052,-0.038188,-0.079682,-0.033601,0.136718,-0.986828,0.000000,182.481880
25592,0.013341,0.450058,-0.038183,-0.079567,-0.033818,0.136862,-0.986810,0.000000,182.584534
25596,0.013368,0.450060,-0.038186,-0.079673,-0.033741,0.137069,-0.986776,0.000000,182.686844
25599,0.013378,0.450060,-0.038185,-0.079682,-0.033783,0.137188,-0.986757,0.000000,182.782631
25603,0.013364,0.450057,-0.038181,-0.079717,-0.033776,0.137259,-0.986744,0.000000,182.877731
25606,0.013338,0.450051,-0.038184,-0.079828,-0.033609,0.137181,-0.986752,0.000000,182.975578
25610,0.013319,0.450050,-0.038188,-0.080006,-0.033574,0.137398,-0.986709,0.000000,183.076172
25613,0.013321,0.450055,-0.038198,-0.079942,-0.033604,0.137366,-0.986717,0.000000,183.174362
25617,0.013338,0.450057,-0.038214,-0.080033,-0.033583,0.137636,-0.986673,0.000000,183.278046
25620,0.013353,0.450058,-0.038219,-0.080047,-0.033571,0.137698,-0.986664,0.000000,183.384819
25624,0.013366,0.450057,-0.038203,-0.080095,-0.033612,0.137862,-0.986635,0.000000,183.494682
25627,0.013375,0.450056,-0.038176,-0.079949,-0.033821,0.137885,-0.986637,0.000000,183.600769
25631,0.013387,0.450050,-0.038142,-0.080214,-0.033776,0.138101,-0.986587,0.000000,183.693466
25634,0.013407,0.450046,-0.038122,-0.080204,-0.033791,0.138173,-0.986577,0.000000,183.781357
25638,0.013440,0.450044,-0.038109,-0.080266,-0.033774,0.138315,-0.986552,0.000343,183.869591
25641,0.013452,0.450042,-0.038108,-0.080304,-0.033764,0.138455,-0.986530,0.000000,183.961945
25645,0.013453,0.450042,-0.038116,-0.080411,-0.033785,0.138648,-0.986493,0.000000,184.061508
25649,0.013434,0.450046,-0.038137,-0.080418,-0.033778,0.138743,-0.986480,0.000343,184.167938
25652,0.013423,0.450047,-0.038159,-0.080492,-0.033732,0.138838,-0.986462,0.000000,184.283981
25656,0.013420,0.450053,-0.038189,-0.080420,-0.033814,0.138943,-0.986450,0.000343,184.393845
25659,0.013420,0.450055,-0.038214,-0.080521,-0.033589,0.138996,-0.986442,0.000000,184.495811
25663,0.013429,0.450057,-0.038215,-0.080677,-0.033579,0.139209,-0.986400,0.000343,184.599495
25666,0.013441,0.450056,-0.038194,-0.080592,-0.033761,0.139303,-0.986387,0.000000,184.696999
25670,0.013454,0.450050,-0.038155,-0.080617,-0.033800,0.139393,-0.986371,0.000343,184.798965
25673,0.013472,0.450044,-0.038117,-0.080776,-0.033805,0.139513,-0.986341,0.000343,184.889259
25677,0.013501,0.450038,-0.038076,-0.080900,-0.033787,0.139737,-0.986300,0.000000,184.980583
25680,0.013517,0.450036,-0.038055,-0.080983,-0.033756,0.139826,-0.986281,0.000000,185.066414
25684,0.013585,0.450036,-0.038017,-0.080692,-0.034917,0.139832,-0.986264,0.000343,185.164948
25688,0.013520,0.450034,-0.038062,-0.081039,-0.033809,0.140027,-0.986246,0.000343,185.270004
25691,0.013512,0.450035,-0.038084,-0.081096,-0.033781,0.140157,-0.986224,0.000343,185.376091
25695,0.013502,0.450041,-0.038129,-0.081154,-0.033751,0.140289,-0.986202,0.000000,185.489044
25698,0.013506,0.450047,-0.038157,-0.081173,-0.033770,0.140449,-0.986177,0.000000,185.598221
25702,0.013513,0.450052,-0.038186,-0.081036,-0.033769,0.140481,-0.986184,0.000000,185.702591
25705,0.013518,0.450053,-0.038187,-0.081162,-0.033732,0.140670,-0.986148,0.000343,185.797005
25709,0.013524,0.450046,-0.038167,-0.081196,-0.033792,0.140738,-0.986133,0.000343,185.893135
25712,0.013589,0.450044,-0.038105,-0.080865,-0.034975,0.140676,-0.986128,0.000343,185.986862
25716,0.013607,0.450038,-0.038054,-0.081038,-0.034959,0.140783,-0.986099,0.000343,186.081619
25720,0.013634,0.450035,-0.038011,-0.081077,-0.034989,0.140974,-0.986067,0.000343,186.192856
25723,0.013594,0.450031,-0.038019,-0.081570,-0.033843,0.141255,-0.986026,0.000343,186.283150
25727,0.013665,0.450032,-0.037978,-0.081327,-0.034941,0.141302,-0.986001,0.000343,186.382027
25730,0.013659,0.450031,-0.037987,-0.081271,-0.035000,0.141353,-0.985997,0.000343,186.485710
25734,0.013646,0.450034,-0.038012,-0.081245,-0.034994,0.141372,-0.985996,0.000343,186.586647
25737,0.013637,0.450036,-0.038042,-0.081282,-0.034958,0.141400,-0.985991,0.000343,186.692390
25741,0.013634,0.450043,-0.038080,-0.081272,-0.034980,0.141517,-0.985974,0.000343,186.788177
25744,0.013642,0.450046,-0.038101,-0.081277,-0.034958,0.141575,-0.985966,0.000343,186.887054
25748,0.013652,0.450046,-0.038110,-0.081397,-0.034899,0.141753,-0.985933,0.000343,186.990395
25752,0.013604,0.450044,-0.038123,-0.081844,-0.033779,0.142113,-0.985883,0.000000,187.090302
25755,0.013666,0.450039,-0.038070,-0.081458,-0.034950,0.141917,-0.985902,0.000000,187.188835
25758,0.013677,0.450038,-0.038043,-0.081546,-0.034983,0.142034,-0.985877,0.000000,187.293549
25762,0.013703,0.450034,-0.038005,-0.081741,-0.034970,0.142266,-0.985828,0.000000,187.392082
25765,0.013720,0.450033,-0.037984,-0.081785,-0.035000,0.142372,-0.985808,0.000000,187.489929
25769,0.013734,0.450029,-0.037965,-0.081898,-0.035000,0.142530,-0.985775,0.000343,187.589836
25773,0.013739,0.450031,-0.037963,-0.081965,-0.035025,0.142713,-0.985742,0.000343,187.685623
25776,0.013731,0.450031,-0.037975,-0.081909,-0.035016,0.142716,-0.985747,0.000343,187.780037
25780,0.013725,0.450030,-0.038000,-0.082075,-0.034929,0.142884,-0.985712,0.000000,187.886467
25783,0.013726,0.450036,-0.038021,-0.082006,-0.034966,0.142953,-0.985706,0.000343,187.996330
25787,0.013671,0.450036,-0.038076,-0.082397,-0.033806,0.143200,-0.985678,0.000000,188.085251
25790,0.013729,0.450039,-0.038056,-0.082002,-0.034971,0.143079,-0.985688,0.000343,188.183784
25794,0.013735,0.450040,-0.038048,-0.082152,-0.034936,0.143288,-0.985647,0.000343,188.292961
25798,0.013743,0.450036,-0.038027,-0.082162,-0.034977,0.143345,-0.985636,0.000000,188.394241
25801,0.013758,0.450036,-0.038005,-0.082267,-0.034947,0.143526,-0.985602,0.000343,188.496208
25805,0.013778,0.450034,-0.037975,-0.082300,-0.035019,0.143653,-0.985578,0.000343,188.597488
25808,0.013790,0.450032,-0.037956,-0.082368,-0.035020,0.143792,-0.985552,0.000343,188.700142
25812,0.013796,0.450028,-0.037939,-0.082516,-0.034982,0.143937,-0.985520,0.000343,188.794212
25815,0.013799,0.450028,-0.037936,-0.082622,-0.035000,0.144069,-0.985491,0.000343,188.886223
25819,0.013799,0.450031,-0.037947,-0.082507,-0.035033,0.144094,-0.985496,0.000000,188.987160
25822,0.013803,0.450032,-0.037963,-0.082590,-0.034988,0.144189,-0.985477,0.000343,189.088783
25822,0.013803,0.450032,-0.037963,-0.082590,-0.034988,0.144189,-0.985477,0.000343,189.192810
25822,0.013803,0.450032,-0.037963,-0.082590,-0.034988,0.144189,-0.985477,0.000343,189.294777
25822,0.013803,0.450032,-0.037963,-0.082590,-0.034988,0.144189,-0.985477,0.000343,189.391251
25822,0.013803,0.450032,-0.037963,-0.082590,-0.034988,0.144189,-0.985477,0.000343,189.485321
25822,0.013803,0.450032,-0.037963,-0.082590,-0.034988,0.144189,-0.985477,0.000343,189.591408
25822,0.013803,0.450032,-0.037963,-0.082590,-0.034988,0.144189,-0.985477,0.000343,189.682045
25822,0.013803,0.450032,-0.037963,-0.082590,-0.034988,0.144189,-0.985477,0.000343,189.792252
25822,0.013803,0.450032,-0.037963,-0.082590,-0.034988,0.144189,-0.985477,0.000343,189.905205
25822,0.013803,0.450032,-0.037963,-0.082590,-0.034988,0.144189,-0.985477,0.000343,190.005798
25822,0.013803,0.450032,-0.037963,-0.082590,-0.034988,0.144189,-0.985477,0.000343,190.100212
25822,0.013803,0.450032,-0.037963,-0.082590,-0.034988,0.144189,-0.985477,0.000343,190.198059
25822,0.013803,0.450032,-0.037963,-0.082590,-0.034988,0.144189,-0.985477,0.000343,190.292816
25822,0.013803,0.450032,-0.037963,-0.082590,-0.034988,0.144189,-0.985477,0.000000,190.395126
25822,0.013803,0.450032,-0.037963,-0.082590,-0.034988,0.144189,-0.985477,0.000343,190.495377
25822,0.013803,0.450032,-0.037963,-0.082590,-0.034988,0.144189,-0.985477,0.000343,190.592880
25822,0.013803,0.450032,-0.037963,-0.082590,-0.034988,0.144189,-0.985477,0.000343,190.688667
25822,0.013803,0.450032,-0.037963,-0.082590,-0.034988,0.144189,-0.985477,0.000343,190.792694
25822,0.013803,0.450032,-0.037963,-0.082590,-0.034988,0.144189,-0.985477,0.000343,190.900497
25822,0.013803,0.450032,-0.037963,-0.082590,-0.034988,0.144189,-0.985477,0.000343,190.996971
25822,0.013803,0.450032,-0.037963,-0.082590,-0.034988,0.144189,-0.985477,0.000000,191.103745
25822,0.013803,0.450032,-0.037963,-0.082590,-0.034988,0.144189,-0.985477,0.000343,191.208115
25822,0.013803,0.450032,-0.037963,-0.082590,-0.034988,0.144189,-0.985477,0.000000,191.302528
25822,0.013803,0.450032,-0.037963,-0.082590,-0.034988,0.144189,-0.985477,0.000343,191.393166
25822,0.013803,0.450032,-0.037963,-0.082590,-0.034988,0.144189,-0.985477,0.000343,191.490326
25822,0.013803,0.450032,-0.037963,-0.082590,-0.034988,0.144189,-0.985477,0.000343,191.588173
25822,0.013803,0.450032,-0.037963,-0.082590,-0.034988,0.144189,-0.985477,0.000343,191.691856
25822,0.013803,0.450032,-0.037963,-0.082590,-0.034988,0.144189,-0.985477,0.000000,191.811333
25822,0.013803,0.450032,-0.037963,-0.082590,-0.034988,0.144189,-0.985477,0.000343,191.902657
25822,0.013803,0.450032,-0.037963,-0.082590,-0.034988,0.144189,-0.985477,0.000343,192.007027
25929,0.014005,0.450023,-0.037918,-0.083950,-0.035003,0.147479,-0.984874,0.000000,192.107964
25933,0.014015,0.450023,-0.037921,-0.083900,-0.035086,0.147547,-0.984865,0.000343,192.204781
25936,0.014022,0.450023,-0.037917,-0.084003,-0.035043,0.147683,-0.984838,0.000343,192.301254
25940,0.014027,0.450019,-0.037905,-0.084117,-0.035044,0.147801,-0.984810,0.000343,192.389488
25943,0.014031,0.450017,-0.037891,-0.084196,-0.035041,0.147958,-0.984780,0.000000,192.482529
25947,0.014033,0.450018,-0.037884,-0.084133,-0.035063,0.147957,-0.984785,0.000343,192.583466
25950,0.014041,0.450015,-0.037885,-0.084262,-0.035026,0.148132,-0.984749,0.000343,192.692299
25954,0.014053,0.450018,-0.037890,-0.084291,-0.035062,0.148232,-0.984730,0.000343,192.801476
25957,0.014057,0.450020,-0.037896,-0.084291,-0.035057,0.148356,-0.984711,0.000343,192.909622
25961,0.014058,0.450018,-0.037902,-0.084357,-0.035051,0.148422,-0.984696,0.000343,193.012962
25964,0.014060,0.450018,-0.037903,-0.084467,-0.035029,0.148581,-0.984663,0.000343,193.108749
25968,0.014063,0.450021,-0.037899,-0.084344,-0.035082,0.148633,-0.984664,0.000343,193.204193
25971,0.014072,0.450019,-0.037889,-0.084454,-0.035066,0.148781,-0.984633,0.000343,193.299637
25975,0.014084,0.450016,-0.037872,-0.084537,-0.035076,0.148931,-0.984603,0.000343,193.394737
25979,0.014093,0.450015,-0.037850,-0.084607,-0.035069,0.149007,-0.984586,0.000343,193.492928
25982,0.014097,0.450011,-0.037837,-0.084679,-0.035051,0.149085,-0.984568,0.000343,193.595924
25986,0.014107,0.450010,-0.037827,-0.084787,-0.035030,0.149222,-0.984539,0.000343,193.703384
25990,0.014113,0.450010,-0.037830,-0.084853,-0.035013,0.149371,-0.984511,0.000343,193.800888
25993,0.014120,0.450012,-0.037842,-0.084844,-0.035034,0.149457,-0.984498,0.000343,193.902168
25996,0.014079,0.450024,-0.037869,-0.085045,-0.034185,0.149858,-0.984450,0.000343,194.000702
26000,0.014130,0.450017,-0.037876,-0.084773,-0.035061,0.149575,-0.984486,0.000000,194.105415
26004,0.014133,0.450017,-0.037882,-0.084979,-0.035042,0.149792,-0.984435,0.000343,194.209442
26007,0.014134,0.450016,-0.037882,-0.084944,-0.035071,0.149845,-0.984429,0.000343,194.306259
26011,0.014139,0.450015,-0.037871,-0.085008,-0.035054,0.149949,-0.984409,0.000343,194.398613
26014,0.014144,0.450012,-0.037856,-0.085101,-0.035059,0.150036,-0.984387,0.000343,194.491310
26018,0.014153,0.450011,-0.037831,-0.085207,-0.035022,0.150207,-0.984353,0.000343,194.595680
26021,0.014157,0.450011,-0.037814,-0.085200,-0.035071,0.150284,-0.984340,0.000343,194.704857
26025,0.014167,0.450006,-0.037797,-0.085457,-0.034978,0.150512,-0.984286,0.000000,194.812317
26028,0.014172,0.450004,-0.037793,-0.085469,-0.035021,0.150580,-0.984273,0.000000,194.911194
26032,0.014186,0.450005,-0.037802,-0.085474,-0.035024,0.150697,-0.984255,0.000000,195.003891
26036,0.014196,0.450007,-0.037820,-0.085596,-0.034992,0.150899,-0.984215,0.000343,195.099678
26039,0.014207,0.450006,-0.037835,-0.085622,-0.035010,0.151037,-0.984191,0.000343,195.198555
26043,0.014214,0.450009,-0.037850,-0.085547,-0.034981,0.151113,-0.984186,0.000343,195.294342
26046,0.014220,0.450010,-0.037848,-0.085665,-0.034962,0.151319,-0.984145,0.000343,195.395966
26050,0.014225,0.450005,-0.037833,-0.085701,-0.035008,0.151452,-0.984120,0.000000,195.507545
26053,0.014230,0.450004,-0.037815,-0.085784,-0.035002,0.151577,-0.984094,0.000000,195.610199
26057,0.014237,0.449997,-0.037788,-0.085982,-0.034958,0.151719,-0.984056,0.000343,195.711823
26061,0.014245,0.449994,-0.037768,-0.085940,-0.034990,0.151831,-0.984041,0.000000,195.812759
26064,0.014249,0.449991,-0.037757,-0.086047,-0.034978,0.151944,-0.984015,0.000000,195.911980
26067,0.014253,0.449990,-0.037759,-0.086128,-0.034965,0.152086,-0.983986,0.000343,196.011200
26071,0.014259,0.449992,-0.037770,-0.086154,-0.034946,0.152258,-0.983958,0.000343,196.114197
26075,0.014264,0.449995,-0.037798,-0.086126,-0.034958,0.152286,-0.983956,0.000343,196.217194
26078,0.014274,0.449997,-0.037815,-0.086198,-0.034953,0.152498,-0.983917,0.000343,196.304398
26082,0.014289,0.449997,-0.037830,-0.086191,-0.034969,0.152554,-0.983908,0.000343,196.395721
26085,0.014300,0.449999,-0.037828,-0.086242,-0.034951,0.152689,-0.983884,0.000343,196.495628
26089,0.014308,0.449995,-0.037811,-0.086343,-0.034921,0.152828,-0.983854,0.000000,196.594849
26092,0.014313,0.449990,-0.037787,-0.086453,-0.034944,0.152969,-0.983822,0.000000,196.704369
26096,0.014318,0.449985,-0.037756,-0.086476,-0.034953,0.153047,-0.983807,0.000343,196.819382
26099,0.014325,0.449982,-0.037734,-0.086595,-0.034924,0.153161,-0.983780,0.000343,196.922379
26103,0.014338,0.449978,-0.037716,-0.086686,-0.034959,0.153314,-0.983747,0.000343,197.019539
26107,0.014344,0.449977,-0.037717,-0.086758,-0.034940,0.153468,-0.983717,0.000343,197.115669
26110,0.014345,0.449977,-0.037731,-0.086772,-0.034913,0.153548,-0.983705,0.000343,197.203560
26114,0.014349,0.449981,-0.037750,-0.086775,-0.034978,0.153757,-0.983670,0.000000,197.302437
26117,0.014349,0.449985,-0.037772,-0.086725,-0.034947,0.153750,-0.983676,0.000343,197.398224
26121,0.014360,0.449985,-0.037785,-0.086886,-0.034922,0.154023,-0.983620,0.000000,197.501221
26124,0.014365,0.449984,-0.037792,-0.086878,-0.034882,0.154066,-0.983615,0.000343,197.604561
26128,0.014379,0.449983,-0.037783,-0.086889,-0.034922,0.154178,-0.983595,0.000343,197.706871
26131,0.014386,0.449981,-0.037773,-0.086939,-0.034935,0.154229,-0.983583,0.000000,197.807121
26135,0.014399,0.449977,-0.037746,-0.087109,-0.034896,0.154448,-0.983535,0.000000,197.907715
26138,0.014406,0.449975,-0.037729,-0.087147,-0.034918,0.154468,-0.983527,0.000000,198.005562
26142,0.014416,0.449973,-0.037711,-0.087304,-0.034864,0.154687,-0.983481,0.000000,198.107185
26146,0.014422,0.449974,-0.037703,-0.087343,-0.034901,0.154820,-0.983455,0.000000,198.210526
26149,0.014420,0.449975,-0.037707,-0.087320,-0.034911,0.154896,-0.983445,0.000343,198.318672
26153,0.014421,0.449971,-0.037714,-0.087491,-0.034873,0.155060,-0.983405,0.000000,198.425102
26156,0.014426,0.449974,-0.037725,-0.087472,-0.034897,0.155098,-0.983400,0.000000,198.523293
26160,0.014433,0.449976,-0.037736,-0.087438,-0.034878,0.155176,-0.983391,0.000000,198.621140
26163,0.014439,0.449977,-0.037738,-0.087454,-0.034914,0.155277,-0.983373,0.000000,198.713493
26167,0.014448,0.449977,-0.037737,-0.087519,-0.034869,0.155437,-0.983343,0.000000,198.807907
26171,0.014451,0.449973,-0.037731,-0.087541,-0.034875,0.155419,-0.983344,0.000343,198.899918
26174,0.014458,0.449971,-0.037718,-0.087678,-0.034842,0.155596,-0.983305,0.000343,198.997078
26178,0.014464,0.449971,-0.037706,-0.087654,-0.034919,0.155614,-0.983302,0.000343,199.101105
26181,0.014471,0.449969,-0.037700,-0.087753,-0.034901,0.155711,-0.983278,0.000000,199.211311
26185,0.014476,0.449967,-0.037696,-0.087814,-0.034888,0.155832,-0.983254,0.000000,199.318771
26188,0.014481,0.449967,-0.037699,-0.087886,-0.034886,0.155954,-0.983228,0.000000,199.415932
26192,0.014482,0.449971,-0.037709,-0.087792,-0.034879,0.155945,-0.983238,0.000000,199.504509
26195,0.014483,0.449970,-0.037713,-0.087864,-0.034867,0.156094,-0.983209,0.000000,199.602356
26199,0.014486,0.449969,-0.037718,-0.087884,-0.034907,0.156149,-0.983197,0.000000,199.707756
26202,0.014490,0.449970,-0.037714,-0.087888,-0.034908,0.156289,-0.983174,0.000000,199.818649
26206,0.014496,0.449968,-0.037711,-0.087994,-0.034854,0.156312,-0.983163,0.000000,199.925079
26209,0.014504,0.449969,-0.037702,-0.088099,-0.034859,0.156511,-0.983121,0.000000,200.020866
26213,0.014511,0.449966,-0.037694,-0.088004,-0.034891,0.156448,-0.983139,0.000000,200.107384
26217,0.014520,0.449964,-0.037680,-0.088178,-0.034891,0.156666,-0.983089,0.000343,200.206261
26220,0.014524,0.449965,-0.037674,-0.088210,-0.034881,0.156722,-0.983077,0.000000,200.309258
26224,0.014528,0.449965,-0.037673,-0.088189,-0.034880,0.156774,-0.983071,0.000000,200.415344
26227,0.014529,0.449964,-0.037675,-0.088234,-0.034883,0.156824,-0.983059,0.000000,200.514908
26231,0.014536,0.449965,-0.037683,-0.088273,-0.034902,0.156951,-0.983034,0.000000,200.609322
26234,0.014540,0.449967,-0.037689,-0.088265,-0.034933,0.157013,-0.983024,0.000000,200.707855
26238,0.014543,0.449965,-0.037693,-0.088378,-0.034880,0.157136,-0.982996,0.000000,200.820808
26242,0.014549,0.449968,-0.037694,-0.088383,-0.034893,0.157277,-0.982973,0.000000,200.915565
26245,0.014552,0.449968,-0.037691,-0.088331,-0.034912,0.157248,-0.982981,0.000000,201.020279
26249,0.014558,0.449963,-0.037682,-0.088574,-0.034877,0.157483,-0.982923,0.000000,201.128082
26252,0.014563,0.449963,-0.037677,-0.088563,-0.034884,0.157480,-0.982924,0.000000,201.226959
26256,0.014571,0.449961,-0.037667,-0.088620,-0.034907,0.157568,-0.982904,0.000000,201.330299
26259,0.014576,0.449960,-0.037661,-0.088652,-0.034900,0.157578,-0.982900,0.000343,201.420937
26263,0.014584,0.449962,-0.037657,-0.088703,-0.034911,0.157782,-0.982862,0.000000,201.525650
26266,0.014588,0.449962,-0.037659,-0.088634,-0.034917,0.157736,-0.982876,0.000000,201.612511
26270,0.014591,0.449961,-0.037659,-0.088817,-0.034838,0.157926,-0.982831,0.000000,201.721344
26273,0.014594,0.449960,-0.037660,-0.088783,-0.034874,0.157955,-0.982828,0.000000,201.823311
26277,0.014598,0.449962,-0.037659,-0.088807,-0.034900,0.158000,-0.982818,0.000000,201.914635
26277,0.014598,0.449962,-0.037659,-0.088807,-0.034900,0.158000,-0.982818,0.000000,202.023811
26277,0.014598,0.449962,-0.037659,-0.088807,-0.034900,0.158000,-0.982818,0.000000,202.112389
26277,0.014598,0.449962,-0.037659,-0.088807,-0.034900,0.158000,-0.982818,0.000000,202.211609
26277,0.014598,0.449962,-0.037659,-0.088807,-0.034900,0.158000,-0.982818,0.000000,202.322159
26277,0.014598,0.449962,-0.037659,-0.088807,-0.034900,0.158000,-0.982818,0.000000,202.427902
26277,0.014598,0.449962,-0.037659,-0.088807,-0.034900,0.158000,-0.982818,0.000000,202.526779
26277,0.014598,0.449962,-0.037659,-0.088807,-0.034900,0.158000,-0.982818,0.000000,202.625313
26277,0.014598,0.449962,-0.037659,-0.088807,-0.034900,0.158000,-0.982818,0.000000,202.724190
26277,0.014598,0.449962,-0.037659,-0.088807,-0.034900,0.158000,-0.982818,0.000000,202.806587
26277,0.014598,0.449962,-0.037659,-0.088807,-0.034900,0.158000,-0.982818,0.000000,202.902374
26277,0.014598,0.449962,-0.037659,-0.088807,-0.034900,0.158000,-0.982818,0.000000,203.009834
26277,0.014598,0.449962,-0.037659,-0.088807,-0.034900,0.158000,-0.982818,0.000000,203.119698
26277,0.014598,0.449962,-0.037659,-0.088807,-0.034900,0.158000,-0.982818,0.000000,203.227844
26277,0.014598,0.449962,-0.037659,-0.088807,-0.034900,0.158000,-0.982818,0.000000,203.339767
26277,0.014598,0.449962,-0.037659,-0.088807,-0.034900,0.158000,-0.982818,0.000000,203.430061
26277,0.014598,0.449962,-0.037659,-0.088807,-0.034900,0.158000,-0.982818,0.000000,203.528252
26277,0.014598,0.449962,-0.037659,-0.088807,-0.034900,0.158000,-0.982818,0.000000,203.622665
26277,0.014598,0.449962,-0.037659,-0.088807,-0.034900,0.158000,-0.982818,0.000000,203.718452
26277,0.014598,0.449962,-0.037659,-0.088807,-0.034900,0.158000,-0.982818,0.000000,203.826942
26277,0.014598,0.449962,-0.037659,-0.088807,-0.034900,0.158000,-0.982818,0.000000,203.923073
26277,0.014598,0.449962,-0.037659,-0.088807,-0.034900,0.158000,-0.982818,0.000000,204.024353
26277,0.014598,0.449962,-0.037659,-0.088807,-0.034900,0.158000,-0.982818,-0.000343,204.128380
26277,0.014598,0.449962,-0.037659,-0.088807,-0.034900,0.158000,-0.982818,0.000000,204.227600
26277,0.014598,0.449962,-0.037659,-0.088807,-0.034900,0.158000,-0.982818,0.000000,204.330254
26277,0.014598,0.449962,-0.037659,-0.088807,-0.034900,0.158000,-0.982818,-0.000343,204.426727
26277,0.014598,0.449962,-0.037659,-0.088807,-0.034900,0.158000,-0.982818,0.000000,204.530067
26277,0.014598,0.449962,-0.037659,-0.088807,-0.034900,0.158000,-0.982818,0.000000,204.634094
26277,0.014598,0.449962,-0.037659,-0.088807,-0.034900,0.158000,-0.982818,-0.000343,204.729195
26277,0.014598,0.449962,-0.037659,-0.088807,-0.034900,0.158000,-0.982818,0.000000,204.826012
26383,0.014777,0.449944,-0.037591,-0.090239,-0.034913,0.161061,-0.982190,0.000000,204.924889
26387,0.014793,0.449945,-0.037578,-0.090363,-0.034868,0.161266,-0.982147,-0.000343,205.022392
26391,0.014802,0.449944,-0.037571,-0.090391,-0.034897,0.161435,-0.982115,0.000000,205.118523
26394,0.014812,0.449943,-0.037565,-0.090422,-0.034912,0.161481,-0.982104,0.000000,205.225639
26398,0.014817,0.449940,-0.037564,-0.090600,-0.034878,0.161669,-0.982058,0.000000,205.327950
26401,0.014818,0.449938,-0.037564,-0.090609,-0.034887,0.161774,-0.982040,-0.000343,205.439873
26404,0.014821,0.449939,-0.037567,-0.090578,-0.034917,0.161822,-0.982034,0.000000,205.540810
26408,0.014824,0.449939,-0.037569,-0.090653,-0.034927,0.161937,-0.982007,-0.000343,205.632820
26412,0.014831,0.449937,-0.037568,-0.090772,-0.034912,0.162191,-0.981955,0.000000,205.725174
26415,0.014835,0.449936,-0.037568,-0.090761,-0.034907,0.162273,-0.981943,-0.000343,205.828171
26419,0.014846,0.449935,-0.037563,-0.090897,-0.034875,0.162445,-0.981903,0.000000,205.931854
26422,0.014857,0.449934,-0.037560,-0.090954,-0.034863,0.162578,-0.981876,0.000000,206.043434
26426,0.014869,0.449932,-0.037554,-0.090969,-0.034916,0.162701,-0.981852,-0.000343,206.151924
26430,0.014882,0.449932,-0.037545,-0.091092,-0.034890,0.162894,-0.981810,-0.000343,206.249428
26433,0.014889,0.449929,-0.037540,-0.091194,-0.034874,0.163087,-0.981769,-0.000343,206.335258
26437,0.014898,0.449932,-0.037535,-0.091105,-0.034914,0.163106,-0.981773,-0.000343,206.426582
26440,0.014909,0.449929,-0.037530,-0.091237,-0.034886,0.163343,-0.981722,0.000000,206.519279
26444,0.014918,0.449928,-0.037524,-0.091288,-0.034920,0.163478,-0.981693,0.000000,206.626053
26447,0.014927,0.449928,-0.037519,-0.091341,-0.034933,0.163660,-0.981658,0.000000,206.735229
26451,0.014932,0.449924,-0.037517,-0.091461,-0.034880,0.163755,-0.981633,-0.000343,206.841660
26455,0.014938,0.449925,-0.037516,-0.091439,-0.034950,0.163909,-0.981606,-0.000343,206.946030
26458,0.014946,0.449922,-0.037516,-0.091488,-0.034938,0.163990,-0.981589,0.000000,207.055206
26462,0.014955,0.449922,-0.037515,-0.091658,-0.034870,0.164211,-0.981538,-0.000343,207.152023
26465,0.014963,0.449921,-0.037516,-0.091684,-0.034874,0.164342,-0.981514,-0.000343,207.252617
26469,0.014970,0.449920,-0.037515,-0.091676,-0.034903,0.164404,-0.981503,-0.000343,207.347717
26472,0.014977,0.449920,-0.037511,-0.091749,-0.034912,0.164534,-0.981474,-0.000343,207.440758
26475,0.014985,0.449918,-0.037508,-0.091906,-0.034835,0.164687,-0.981437,-0.000343,207.530022
26479,0.014995,0.449919,-0.037501,-0.091867,-0.034906,0.164780,-0.981422,-0.000343,207.623749
26483,0.015002,0.449917,-0.037495,-0.092014,-0.034852,0.164964,-0.981379,-0.000343,207.727089
26487,0.015012,0.449915,-0.037487,-0.092030,-0.034891,0.165137,-0.981348,0.000000,207.834206
26490,0.015016,0.449915,-0.037483,-0.092020,-0.034879,0.165181,-0.981341,-0.000343,207.935829
26493,0.015020,0.449913,-0.037480,-0.092083,-0.034874,0.165292,-0.981317,-0.000343,208.052559
26497,0.015030,0.449911,-0.037476,-0.092240,-0.034858,0.165482,-0.981271,-0.000343,208.157959
26501,0.015038,0.449910,-0.037474,-0.092286,-0.034879,0.165597,-0.981246,-0.000343,208.261642
26504,0.015043,0.449910,-0.037473,-0.092346,-0.034863,0.165715,-0.981221,-0.000343,208.364983
26508,0.015050,0.449909,-0.037472,-0.092409,-0.034884,0.165947,-0.981176,0.000000,208.455963
26511,0.015054,0.449912,-0.037471,-0.092380,-0.034867,0.165939,-0.981180,-0.000343,208.547974
26515,0.015064,0.449907,-0.037467,-0.092569,-0.034810,0.166181,-0.981124,-0.000343,208.642387
26519,0.015075,0.449909,-0.037462,-0.092550,-0.034864,0.166239,-0.981113,-0.000343,208.743324
26522,0.015083,0.449908,-0.037458,-0.092613,-0.034883,0.166391,-0.981081,-0.000343,208.842888
26526,0.015089,0.449905,-0.037453,-0.092739,-0.034835,0.166535,-0.981046,0.000000,208.940392
26529,0.015095,0.449904,-0.037451,-0.092799,-0.034834,0.166653,-0.981021,-0.000343,209.042702
26533,0.015103,0.449906,-0.037448,-0.092749,-0.034845,0.166696,-0.981018,-0.000343,209.147072
26536,0.015105,0.449904,-0.037446,-0.092837,-0.034821,0.166819,-0.980989,0.000000,209.245605
26540,0.015113,0.449905,-0.037446,-0.092820,-0.034868,0.166940,-0.980969,0.000000,209.342079
26543,0.015119,0.449904,-0.037446,-0.092876,-0.034870,0.167031,-0.980948,-0.000343,209.446793
26543,0.015119,0.449904,-0.037446,-0.092876,-0.034870,0.167031,-0.980948,0.000000,209.563522
26543,0.015119,0.449904,-0.037446,-0.092876,-0.034870,0.167031,-0.980948,0.000000,209.654846
26543,0.015119,0.449904,-0.037446,-0.092876,-0.034870,0.167031,-0.980948,-0.000343,209.766426
26543,0.015119,0.449904,-0.037446,-0.092876,-0.034870,0.167031,-0.980948,0.000000,209.864960
26543,0.015119,0.449904,-0.037446,-0.092876,-0.034870,0.167031,-0.980948,-0.000343,209.959373
26543,0.015119,0.449904,-0.037446,-0.092876,-0.034870,0.167031,-0.980948,-0.000343,210.052071
26543,0.015119,0.449904,-0.037446,-0.092876,-0.034870,0.167031,-0.980948,0.000000,210.143738
26543,0.015119,0.449904,-0.037446,-0.092876,-0.034870,0.167031,-0.980948,-0.000343,210.245018
26543,0.015119,0.449904,-0.037446,-0.092876,-0.034870,0.167031,-0.980948,-0.000343,210.359001
26543,0.015119,0.449904,-0.037446,-0.092876,-0.034870,0.167031,-0.980948,0.000000,210.449638
26543,0.015119,0.449904,-0.037446,-0.092876,-0.034870,0.167031,-0.980948,-0.000343,210.556755
26543,0.015119,0.449904,-0.037446,-0.092876,-0.034870,0.167031,-0.980948,-0.000343,210.655975
26543,0.015119,0.449904,-0.037446,-0.092876,-0.034870,0.167031,-0.980948,-0.000343,210.758629
26543,0.015119,0.449904,-0.037446,-0.092876,-0.034870,0.167031,-0.980948,-0.000343,210.861626
26543,0.015119,0.449904,-0.037446,-0.092876,-0.034870,0.167031,-0.980948,-0.000343,210.962563
26543,0.015119,0.449904,-0.037446,-0.092876,-0.034870,0.167031,-0.980948,0.000000,211.065559
26543,0.015119,0.449904,-0.037446,-0.092876,-0.034870,0.167031,-0.980948,0.000000,211.170616
26543,0.015119,0.449904,-0.037446,-0.092876,-0.034870,0.167031,-0.980948,0.000000,211.264687
26543,0.015119,0.449904,-0.037446,-0.092876,-0.034870,0.167031,-0.980948,-0.000343,211.356010
26543,0.015119,0.449904,-0.037446,-0.092876,-0.034870,0.167031,-0.980948,-0.000343,211.451797
26543,0.015119,0.449904,-0.037446,-0.092876,-0.034870,0.167031,-0.980948,-0.000343,211.553764
26543,0.015119,0.449904,-0.037446,-0.092876,-0.034870,0.167031,-0.980948,-0.000343,211.663284
26543,0.015119,0.449904,-0.037446,-0.092876,-0.034870,0.167031,-0.980948,-0.000343,211.767998
26543,0.015119,0.449904,-0.037446,-0.092876,-0.034870,0.167031,-0.980948,0.000000,211.858978
26543,0.015119,0.449904,-0.037446,-0.092876,-0.034870,0.167031,-0.980948,-0.000343,211.953049
26543,0.015119,0.449904,-0.037446,-0.092876,-0.034870,0.167031,-0.980948,-0.000343,212.060852
26543,0.015119,0.449904,-0.037446,-0.092876,-0.034870,0.167031,-0.980948,0.000000,212.153893
26543,0.015119,0.449904,-0.037446,-0.092876,-0.034870,0.167031,-0.980948,-0.000343,212.265816
26543,0.015119,0.449904,-0.037446,-0.092876,-0.034870,0.167031,-0.980948,-0.000343,212.376366
26650,0.015334,0.449881,-0.037352,-0.094425,-0.034965,0.170782,-0.980150,0.000000,212.475586
26653,0.015341,0.449877,-0.037350,-0.094521,-0.034981,0.170865,-0.980126,-0.000343,212.568283
26653,0.015341,0.449877,-0.037350,-0.094521,-0.034981,0.170865,-0.980126,-0.000343,212.664757
26653,0.015341,0.449877,-0.037350,-0.094521,-0.034981,0.170865,-0.980126,-0.000343,212.758827
26653,0.015341,0.449877,-0.037350,-0.094521,-0.034981,0.170865,-0.980126,-0.000343,212.861824
26653,0.015341,0.449877,-0.037350,-0.094521,-0.034981,0.170865,-0.980126,-0.000343,212.970657
26653,0.015341,0.449877,-0.037350,-0.094521,-0.034981,0.170865,-0.980126,0.000000,213.076401
26653,0.015341,0.449877,-0.037350,-0.094521,-0.034981,0.170865,-0.980126,-0.000343,213.169098
26653,0.015341,0.449877,-0.037350,-0.094521,-0.034981,0.170865,-0.980126,-0.000343,213.270378
26653,0.015341,0.449877,-0.037350,-0.094521,-0.034981,0.170865,-0.980126,0.000000,213.370628
26653,0.015341,0.449877,-0.037350,-0.094521,-0.034981,0.170865,-0.980126,-0.000343,213.466415
26653,0.015341,0.449877,-0.037350,-0.094521,-0.034981,0.170865,-0.980126,-0.000343,213.564606
26653,0.015341,0.449877,-0.037350,-0.094521,-0.034981,0.170865,-0.980126,-0.000343,213.676529
26653,0.015341,0.449877,-0.037350,-0.094521,-0.034981,0.170865,-0.980126,-0.000343,213.774376
26653,0.015341,0.449877,-0.037350,-0.094521,-0.034981,0.170865,-0.980126,-0.000343,213.886642
26653,0.015341,0.449877,-0.037350,-0.094521,-0.034981,0.170865,-0.980126,-0.000343,213.975220
26653,0.015341,0.449877,-0.037350,-0.094521,-0.034981,0.170865,-0.980126,0.000000,214.076500
26653,0.015341,0.449877,-0.037350,-0.094521,-0.034981,0.170865,-0.980126,-0.000343,214.172630
26653,0.015341,0.449877,-0.037350,-0.094521,-0.034981,0.170865,-0.980126,0.000000,214.263954
26653,0.015341,0.449877,-0.037350,-0.094521,-0.034981,0.170865,-0.980126,-0.000343,214.366951
26653,0.015341,0.449877,-0.037350,-0.094521,-0.034981,0.170865,-0.980126,-0.000343,214.472694
26653,0.015341,0.449877,-0.037350,-0.094521,-0.034981,0.170865,-0.980126,-0.000343,214.571571
26653,0.015341,0.449877,-0.037350,-0.094521,-0.034981,0.170865,-0.980126,-0.000343,214.673882
26653,0.015341,0.449877,-0.037350,-0.094521,-0.034981,0.170865,-0.980126,-0.000343,214.784775
26653,0.015341,0.449877,-0.037350,-0.094521,-0.034981,0.170865,-0.980126,-0.000343,214.884682
26653,0.015341,0.449877,-0.037350,-0.094521,-0.034981,0.170865,-0.980126,-0.000343,214.977036
26653,0.015341,0.449877,-0.037350,-0.094521,-0.034981,0.170865,-0.980126,0.000000,215.075569
26653,0.015341,0.449877,-0.037350,-0.094521,-0.034981,0.170865,-0.980126,-0.000343,215.175476
26653,0.015341,0.449877,-0.037350,-0.094521,-0.034981,0.170865,-0.980126,-0.000343,215.271950
26653,0.015341,0.449877,-0.037350,-0.094521,-0.034981,0.170865,-0.980126,-0.000343,215.369453
26653,0.015341,0.449877,-0.037350,-0.094521,-0.034981,0.170865,-0.980126,-0.000343,215.471077
26760,0.015560,0.449846,-0.037253,-0.096311,-0.034939,0.174906,-0.979240,-0.000343,215.578537
26763,0.015566,0.449846,-0.037256,-0.096312,-0.034942,0.174995,-0.979224,-0.000343,215.677414
26767,0.015577,0.449846,-0.037258,-0.096324,-0.034993,0.175095,-0.979203,-0.000343,215.784874
26770,0.015582,0.449846,-0.037260,-0.096333,-0.035013,0.175199,-0.979183,-0.000343,215.891304
26774,0.015591,0.449843,-0.037254,-0.096508,-0.034993,0.175444,-0.979123,-0.000343,215.990524
26778,0.015598,0.449842,-0.037248,-0.096543,-0.034973,0.175549,-0.979101,-0.000343,216.082191
26781,0.015609,0.449844,-0.037240,-0.096611,-0.034960,0.175677,-0.979072,-0.000343,216.179352
26785,0.015616,0.449841,-0.037228,-0.096651,-0.035003,0.175852,-0.979035,-0.000343,216.272392
26788,0.015622,0.449841,-0.037224,-0.096719,-0.035004,0.175914,-0.979017,-0.000343,216.371956
26792,0.015629,0.449838,-0.037218,-0.096881,-0.034954,0.176116,-0.978967,0.000000,216.476669
26796,0.015635,0.449837,-0.037218,-0.096818,-0.035035,0.176182,-0.978958,-0.000343,216.595116
26799,0.015646,0.449838,-0.037218,-0.096886,-0.035004,0.176330,-0.978926,0.000000,216.695366
26802,0.015652,0.449835,-0.037218,-0.096917,-0.034987,0.176402,-0.978910,0.000000,216.795616
26806,0.015662,0.449834,-0.037218,-0.097062,-0.034959,0.176672,-0.978848,-0.000343,216.882133
26809,0.015670,0.449833,-0.037218,-0.097040,-0.034992,0.176714,-0.978842,-0.000343,216.967278
26813,0.015680,0.449831,-0.037213,-0.097179,-0.034922,0.176902,-0.978796,0.000000,217.068214
26817,0.015692,0.449829,-0.037205,-0.097178,-0.034979,0.177001,-0.978777,-0.000343,217.177391
26820,0.015700,0.449828,-0.037199,-0.097255,-0.034945,0.177152,-0.978743,-0.000343,217.292747
26824,0.015706,0.449825,-0.037189,-0.097418,-0.034911,0.177297,-0.978702,0.000000,217.405357
26827,0.015713,0.449822,-0.037186,-0.097513,-0.034910,0.177520,-0.978652,-0.000343,217.513161
26831,0.015716,0.449823,-0.037185,-0.097453,-0.034912,0.177535,-0.978655,-0.000343,217.595215
26834,0.015723,0.449822,-0.037184,-0.097573,-0.034927,0.177751,-0.978603,-0.000343,217.687225
26838,0.015730,0.449822,-0.037186,-0.097592,-0.034931,0.177849,-0.978583,-0.000343,217.774429
26842,0.015706,0.449816,-0.037205,-0.097946,-0.034305,0.177969,-0.978548,0.000000,217.865753
26845,0.015739,0.449818,-0.037187,-0.097748,-0.034920,0.178055,-0.978531,-0.000343,217.970810
26848,0.015747,0.449818,-0.037183,-0.097881,-0.034877,0.178247,-0.978484,-0.000343,218.084450
26852,0.015758,0.449819,-0.037178,-0.097813,-0.034904,0.178273,-0.978485,-0.000343,218.195000
26856,0.015770,0.449814,-0.037171,-0.097972,-0.034841,0.178473,-0.978435,-0.000343,218.312759
26859,0.015780,0.449812,-0.037163,-0.098028,-0.034857,0.178586,-0.978408,0.000000,218.414726
26863,0.015788,0.449812,-0.037156,-0.098028,-0.034853,0.178680,-0.978391,-0.000343,218.511543
26866,0.015794,0.449808,-0.037151,-0.098143,-0.034841,0.178811,-0.978356,0.000000,218.604927
26870,0.015777,0.449804,-0.037161,-0.098516,-0.034241,0.179024,-0.978301,0.000000,218.700371
26873,0.015812,0.449807,-0.037142,-0.098254,-0.034883,0.179141,-0.978283,0.000000,218.787575
26877,0.015822,0.449803,-0.037142,-0.098440,-0.034846,0.179377,-0.978223,-0.000343,218.886795
26881,0.015805,0.449802,-0.037162,-0.098753,-0.034240,0.179632,-0.978166,0.000000,218.974342
26884,0.015809,0.449800,-0.037162,-0.098742,-0.034252,0.179692,-0.978155,-0.000343,219.076309
26888,0.015846,0.449800,-0.037140,-0.098731,-0.034813,0.179966,-0.978086,0.000000,219.185829
26891,0.015825,0.449795,-0.037155,-0.098997,-0.034200,0.180024,-0.978070,0.000000,219.297752
26895,0.015842,0.449795,-0.037145,-0.099062,-0.034225,0.180208,-0.978029,-0.000343,219.410362
26898,0.015875,0.449796,-0.037120,-0.098847,-0.034836,0.180279,-0.978016,-0.000343,219.501686
26898,0.015875,0.449796,-0.037120,-0.098847,-0.034836,0.180279,-0.978016,-0.000343,219.608116
26898,0.015875,0.449796,-0.037120,-0.098847,-0.034836,0.180279,-0.978016,-0.000343,219.711800
26898,0.015875,0.449796,-0.037120,-0.098847,-0.034836,0.180279,-0.978016,0.000000,219.803467
26898,0.015875,0.449796,-0.037120,-0.098847,-0.034836,0.180279,-0.978016,0.000000,219.897881
26898,0.015875,0.449796,-0.037120,-0.098847,-0.034836,0.180279,-0.978016,0.000000,219.997787
26898,0.015875,0.449796,-0.037120,-0.098847,-0.034836,0.180279,-0.978016,0.000000,220.097351
26898,0.015875,0.449796,-0.037120,-0.098847,-0.034836,0.180279,-0.978016,-0.000343,220.193481
26898,0.015875,0.449796,-0.037120,-0.098847,-0.034836,0.180279,-0.978016,0.000000,220.291328
26898,0.015875,0.449796,-0.037120,-0.098847,-0.034836,0.180279,-0.978016,0.000000,220.386772
26898,0.015875,0.449796,-0.037120,-0.098847,-0.034836,0.180279,-0.978016,-0.000343,220.488739
26898,0.015875,0.449796,-0.037120,-0.098847,-0.034836,0.180279,-0.978016,-0.000343,220.595169
26898,0.015875,0.449796,-0.037120,-0.098847,-0.034836,0.180279,-0.978016,0.000000,220.706062
26898,0.015875,0.449796,-0.037120,-0.098847,-0.034836,0.180279,-0.978016,0.000000,220.815239
26898,0.015875,0.449796,-0.037120,-0.098847,-0.034836,0.180279,-0.978016,0.000000,220.918579
26898,0.015875,0.449796,-0.037120,-0.098847,-0.034836,0.180279,-0.978016,0.000000,221.014023
26898,0.015875,0.449796,-0.037120,-0.098847,-0.034836,0.180279,-0.978016,0.000000,221.106033
26898,0.015875,0.449796,-0.037120,-0.098847,-0.034836,0.180279,-0.978016,0.000000,221.201477
26898,0.015875,0.449796,-0.037120,-0.098847,-0.034836,0.180279,-0.978016,0.000000,221.294518
26898,0.015875,0.449796,-0.037120,-0.098847,-0.034836,0.180279,-0.978016,-0.000343,221.388245
26898,0.015875,0.449796,-0.037120,-0.098847,-0.034836,0.180279,-0.978016,0.000000,221.496048
26898,0.015875,0.449796,-0.037120,-0.098847,-0.034836,0.180279,-0.978016,0.000000,221.598015
26898,0.015875,0.449796,-0.037120,-0.098847,-0.034836,0.180279,-0.978016,0.000000,221.706848
26898,0.015875,0.449796,-0.037120,-0.098847,-0.034836,0.180279,-0.978016,-0.000343,221.817741
26898,0.015875,0.449796,-0.037120,-0.098847,-0.034836,0.180279,-0.978016,-0.000343,221.913528
26898,0.015875,0.449796,-0.037120,-0.098847,-0.034836,0.180279,-0.978016,0.000000,222.004509
26898,0.015875,0.449796,-0.037120,-0.098847,-0.034836,0.180279,-0.978016,0.000000,222.105103
26898,0.015875,0.449796,-0.037120,-0.098847,-0.034836,0.180279,-0.978016,0.000000,222.208443
26898,0.015875,0.449796,-0.037120,-0.098847,-0.034836,0.180279,-0.978016,0.000000,222.312813
26898,0.015875,0.449796,-0.037120,-0.098847,-0.034836,0.180279,-0.978016,0.000000,222.414436
27005,0.016095,0.449752,-0.037029,-0.100987,-0.034193,0.184669,-0.977001,0.000000,222.503014
27009,0.016105,0.449751,-0.037018,-0.101043,-0.034285,0.184903,-0.976947,0.000000,222.603607
27012,0.016109,0.449749,-0.037019,-0.101052,-0.034275,0.184993,-0.976930,0.000000,222.696648
27016,0.016120,0.449745,-0.037013,-0.101283,-0.034228,0.185308,-0.976848,0.000000,222.802391
27019,0.016129,0.449744,-0.037014,-0.101295,-0.034234,0.185367,-0.976835,0.000000,222.910194
27023,0.016143,0.449743,-0.037012,-0.101377,-0.034226,0.185615,-0.976780,0.000000,223.018341
27026,0.016152,0.449740,-0.037009,-0.101473,-0.034211,0.185728,-0.976749,0.000000,223.117905
27030,0.016169,0.449739,-0.037005,-0.101555,-0.034219,0.186053,-0.976678,0.000000,223.210945
27033,0.016177,0.449739,-0.037001,-0.101576,-0.034244,0.186143,-0.976658,0.000000,223.312569
27037,0.016188,0.449733,-0.036990,-0.101818,-0.034169,0.186429,-0.976581,0.000000,223.412819
27040,0.016199,0.449732,-0.036983,-0.101863,-0.034226,0.186564,-0.976548,0.000000,223.510323
27044,0.016211,0.449730,-0.036973,-0.101876,-0.034248,0.186719,-0.976517,0.000000,223.617096
27048,0.016220,0.449726,-0.036968,-0.102022,-0.034224,0.186989,-0.976450,0.000000,223.718719
27051,0.016228,0.449726,-0.036965,-0.102107,-0.034238,0.187158,-0.976409,-0.000343,223.818283
27055,0.016238,0.449727,-0.036964,-0.102125,-0.034196,0.187283,-0.976384,0.000000,223.917847
27058,0.016247,0.449724,-0.036963,-0.102289,-0.034218,0.187534,-0.976318,0.000000,224.014664
27061,0.016295,0.449955,-0.036767,-0.102889,-0.036031,0.189762,-0.975759,0.000000,224.110107
27065,0.016307,0.449956,-0.036762,-0.102916,-0.036108,0.189945,-0.975718,0.000000,224.214821
27069,0.016315,0.449952,-0.036756,-0.103074,-0.036059,0.190144,-0.975664,0.000000,224.320564
27072,0.016327,0.449952,-0.036750,-0.103172,-0.036083,0.190343,-0.975614,0.000000,224.416695
27076,0.016335,0.449950,-0.036741,-0.103138,-0.036115,0.190419,-0.975602,0.000000,224.513512
27079,0.016349,0.449950,-0.036735,-0.103249,-0.036111,0.190573,-0.975560,0.000000,224.611015
27083,0.016363,0.449950,-0.036725,-0.103358,-0.036137,0.190801,-0.975503,0.000000,224.709549
27087,0.016373,0.449950,-0.036720,-0.103382,-0.036111,0.190883,-0.975486,0.000000,224.815292
27090,0.016340,0.449712,-0.036920,-0.102966,-0.034233,0.188934,-0.975977,0.000000,224.922409
27093,0.016349,0.449710,-0.036918,-0.103069,-0.034234,0.189114,-0.975931,0.000343,225.026779
27097,0.016358,0.449711,-0.036918,-0.103040,-0.034269,0.189200,-0.975916,0.000000,225.126686
27101,0.016365,0.449710,-0.036914,-0.103140,-0.034245,0.189394,-0.975868,0.000000,225.225906
27104,0.016368,0.449708,-0.036912,-0.103236,-0.034237,0.189540,-0.975830,0.000000,225.313454
27108,0.016371,0.449707,-0.036910,-0.103184,-0.034262,0.189572,-0.975829,0.000000,225.410271
27111,0.016374,0.449704,-0.036909,-0.103290,-0.034274,0.189744,-0.975784,0.000000,225.511208
27115,0.016382,0.449704,-0.036904,-0.103325,-0.034307,0.189894,-0.975750,0.000343,225.614204
27118,0.016390,0.449704,-0.036902,-0.103415,-0.034292,0.190014,-0.975717,0.000000,225.715828
27122,0.016398,0.449703,-0.036899,-0.103488,-0.034254,0.190101,-0.975694,0.000000,225.817451
27125,0.016407,0.449703,-0.036897,-0.103618,-0.034233,0.190277,-0.975646,0.000000,225.923882
27129,0.016422,0.449703,-0.036895,-0.103519,-0.034294,0.190331,-0.975644,0.000343,226.028595
27133,0.016436,0.449700,-0.036886,-0.103735,-0.034233,0.190604,-0.975570,0.000000,226.127472
27136,0.016445,0.449699,-0.036880,-0.103724,-0.034273,0.190671,-0.975557,0.000000,226.227722
27140,0.016451,0.449696,-0.036871,-0.103782,-0.034303,0.190765,-0.975531,0.000000,226.327286
27143,0.016452,0.449696,-0.036869,-0.103816,-0.034260,0.190847,-0.975513,0.000000,226.428909
27147,0.016460,0.449694,-0.036865,-0.103923,-0.034271,0.191054,-0.975461,0.000343,226.524353
27150,0.016460,0.449695,-0.036866,-0.103908,-0.034292,0.191076,-0.975458,0.000000,226.618767
27154,0.016467,0.449694,-0.036868,-0.104037,-0.034234,0.191248,-0.975412,0.000000,226.714554
27158,0.016471,0.449694,-0.036870,-0.104051,-0.034259,0.191401,-0.975380,0.000000,226.817894
27161,0.016474,0.449693,-0.036872,-0.104056,-0.034264,0.191455,-0.975368,0.000000,226.920204
27165,0.016484,0.449690,-0.036866,-0.104275,-0.034231,0.191679,-0.975302,0.000343,227.029724
27168,0.016493,0.449691,-0.036862,-0.104255,-0.034253,0.191718,-0.975296,0.000000,227.139244
27172,0.016506,0.449689,-0.036853,-0.104250,-0.034261,0.191798,-0.975280,0.000343,227.246017
27175,0.016516,0.449687,-0.036847,-0.104314,-0.034260,0.191907,-0.975252,0.000000,227.329445
27179,0.016525,0.449686,-0.036840,-0.104404,-0.034218,0.192103,-0.975205,0.000343,227.424545
27182,0.016529,0.449685,-0.036837,-0.104388,-0.034270,0.192135,-0.975199,0.000343,227.517242
27186,0.016537,0.449684,-0.036835,-0.104523,-0.034203,0.192340,-0.975146,0.000343,227.612343
27189,0.016539,0.449682,-0.036836,-0.104534,-0.034235,0.192399,-0.975133,0.000000,227.715683
27193,0.016545,0.449682,-0.036836,-0.104518,-0.034289,0.192511,-0.975110,0.000000,227.820740
27196,0.016543,0.449679,-0.036838,-0.104563,-0.034244,0.192545,-0.975100,0.000000,227.932320
27200,0.016554,0.449679,-0.036835,-0.104716,-0.034250,0.192817,-0.975030,0.000000,228.040810
27203,0.016557,0.449679,-0.036833,-0.104696,-0.034272,0.192844,-0.975026,0.000343,228.139343
27207,0.016567,0.449677,-0.036830,-0.104762,-0.034240,0.193010,-0.974987,0.000343,228.235817
27211,0.016577,0.449677,-0.036823,-0.104762,-0.034271,0.193129,-0.974962,0.000343,228.335724
27214,0.016606,0.449678,-0.036804,-0.104592,-0.034809,0.193223,-0.974943,0.000343,228.432198
27218,0.016612,0.449678,-0.036801,-0.104679,-0.034771,0.193307,-0.974918,0.000343,228.535194
27221,0.016595,0.449672,-0.036811,-0.105025,-0.034176,0.193441,-0.974876,0.000000,228.637161
27225,0.016601,0.449672,-0.036809,-0.104925,-0.034264,0.193433,-0.974885,0.000343,228.729515
27228,0.016633,0.449674,-0.036794,-0.104773,-0.034811,0.193607,-0.974847,0.000343,228.818779
27232,0.016614,0.449669,-0.036807,-0.105107,-0.034216,0.193720,-0.974810,0.000343,228.927612
27236,0.016644,0.449674,-0.036794,-0.104786,-0.034803,0.193745,-0.974819,0.000343,229.018250
27239,0.016647,0.449671,-0.036793,-0.104908,-0.034761,0.193891,-0.974778,0.000000,229.123650
27243,0.016627,0.449665,-0.036804,-0.105179,-0.034244,0.193940,-0.974758,0.000343,229.232826
27246,0.016633,0.449665,-0.036802,-0.105213,-0.034253,0.194044,-0.974733,0.000343,229.340630
27250,0.016663,0.449665,-0.036788,-0.105077,-0.034747,0.194192,-0.974700,0.000343,229.448433
27253,0.016669,0.449664,-0.036786,-0.105151,-0.034721,0.194317,-0.974668,0.000343,229.540443
27257,0.016678,0.449668,-0.036784,-0.105072,-0.034772,0.194389,-0.974661,0.000343,229.636574
27260,0.016684,0.449665,-0.036780,-0.105125,-0.034770,0.194543,-0.974625,0.000343,229.741287
27264,0.016695,0.449661,-0.036775,-0.105257,-0.034755,0.194696,-0.974580,0.000000,229.839821
27268,0.016705,0.449659,-0.036767,-0.105298,-0.034774,0.194810,-0.974552,0.000000,229.950027
27271,0.016708,0.449659,-0.036761,-0.105323,-0.034768,0.194871,-0.974538,0.000343,230.032082
27275,0.016716,0.449657,-0.036758,-0.105423,-0.034756,0.195098,-0.974482,0.000343,230.138168
27278,0.016721,0.449657,-0.036755,-0.105398,-0.034779,0.195108,-0.974482,0.000343,230.229492
27282,0.016729,0.449655,-0.036754,-0.105567,-0.034706,0.195329,-0.974422,0.000343,230.320816
27285,0.016733,0.449655,-0.036757,-0.105536,-0.034735,0.195409,-0.974408,0.000000,230.427246
27289,0.016740,0.449656,-0.036757,-0.105529,-0.034790,0.195509,-0.974387,0.000000,230.539856
27292,0.016741,0.449656,-0.036761,-0.105573,-0.034769,0.195577,-0.974369,0.000343,230.643883
27296,0.016749,0.449653,-0.036757,-0.105735,-0.034755,0.195791,-0.974309,0.000000,230.747910
27299,0.016755,0.449653,-0.036757,-0.105681,-0.034766,0.195815,-0.974310,0.000343,230.851593
27303,0.016766,0.449651,-0.036750,-0.105775,-0.034768,0.195969,-0.974268,0.000343,230.946693
27307,0.016777,0.449650,-0.036741,-0.105829,-0.034771,0.196166,-0.974223,0.000343,231.044540
27310,0.016783,0.449648,-0.036737,-0.105860,-0.034790,0.196223,-0.974207,0.000000,231.140671
27314,0.016791,0.449644,-0.036728,-0.106021,-0.034737,0.196405,-0.974155,0.000343,231.241264
27317,0.016795,0.449642,-0.036726,-0.106076,-0.034714,0.196465,-0.974138,0.000000,231.345978
27321,0.016802,0.449644,-0.036723,-0.106014,-0.034782,0.196543,-0.974126,0.000343,231.435928
27324,0.016804,0.449642,-0.036724,-0.106086,-0.034777,0.196608,-0.974106,0.000343,231.532745
27328,0.016809,0.449641,-0.036725,-0.106184,-0.034740,0.196818,-0.974054,0.000343,231.633682
27331,0.016811,0.449638,-0.036729,-0.106186,-0.034747,0.196828,-0.974051,0.000343,231.736679
27335,0.016819,0.449640,-0.036730,-0.106236,-0.034728,0.196980,-0.974016,0.000343,231.840706
27339,0.016828,0.449639,-0.036728,-0.106261,-0.034793,0.197079,-0.973991,0.000000,231.944733
27342,0.016838,0.449640,-0.036723,-0.106304,-0.034790,0.197202,-0.973961,0.000343,232.053566
27346,0.016844,0.449638,-0.036720,-0.106416,-0.034714,0.197289,-0.973934,0.000343,232.153816
27349,0.016851,0.449635,-0.036716,-0.106494,-0.034725,0.197442,-0.973894,0.000343,232.252007
27353,0.016861,0.449636,-0.036710,-0.106422,-0.034776,0.197461,-0.973896,0.000000,232.345390
27356,0.016869,0.449635,-0.036707,-0.106528,-0.034727,0.197600,-0.973858,0.000343,232.441864
27360,0.016877,0.449632,-0.036702,-0.106580,-0.034729,0.197712,-0.973830,0.000343,232.532845
27363,0.016882,0.449633,-0.036698,-0.106606,-0.034740,0.197813,-0.973806,0.000343,232.639961
27367,0.016879,0.449629,-0.036699,-0.106644,-0.034740,0.197859,-0.973793,0.000000,232.741928
27371,0.016881,0.449630,-0.036698,-0.106645,-0.034781,0.197943,-0.973774,0.000000,232.839432
27374,0.016880,0.449630,-0.036697,-0.106653,-0.034794,0.198005,-0.973760,0.000343,232.942429
27378,0.016881,0.449627,-0.036698,-0.106769,-0.034730,0.198133,-0.973724,0.000343,233.041306
27381,0.016883,0.449627,-0.036698,-0.106821,-0.034727,0.198198,-0.973705,0.000343,233.139496
27385,0.016890,0.449629,-0.036700,-0.106761,-0.034749,0.198250,-0.973700,0.000343,233.239059
27388,0.016899,0.449626,-0.036698,-0.106832,-0.034775,0.198353,-0.973670,0.000343,233.346863
27392,0.016911,0.449623,-0.036696,-0.106943,-0.034754,0.198489,-0.973631,0.000343,233.462563
27395,0.016922,0.449625,-0.036691,-0.106936,-0.034763,0.198529,-0.973623,0.000343,233.558006
27399,0.016931,0.449622,-0.036687,-0.107007,-0.034741,0.198638,-0.973594,0.000343,233.660660
27402,0.016936,0.449619,-0.036682,-0.107091,-0.034711,0.198726,-0.973568,0.000343,233.755760
27406,0.016940,0.449621,-0.036678,-0.107024,-0.034772,0.198793,-0.973559,0.000343,233.850861
27409,0.016941,0.449620,-0.036676,-0.107067,-0.034741,0.198861,-0.973542,0.000000,233.946304
27413,0.016945,0.449616,-0.036674,-0.107188,-0.034733,0.199016,-0.973497,0.000343,234.052734
27416,0.016946,0.449616,-0.036676,-0.107154,-0.034743,0.199080,-0.973488,0.000343,234.142342
27420,0.016947,0.449615,-0.036677,-0.107232,-0.034751,0.199120,-0.973471,0.000000,234.247055
27424,0.016950,0.449613,-0.036678,-0.107327,-0.034721,0.199339,-0.973416,0.000000,234.348335
27427,0.016954,0.449614,-0.036678,-0.107246,-0.034755,0.199354,-0.973421,0.000343,234.444466
27431,0.016964,0.449613,-0.036675,-0.107389,-0.034713,0.199537,-0.973369,0.000343,234.539223
27434,0.016973,0.449611,-0.036673,-0.107395,-0.034706,0.199555,-0.973365,0.000000,234.643936
27438,0.016985,0.449610,-0.036664,-0.107394,-0.034765,0.199693,-0.973335,0.000343,234.752426
27442,0.016995,0.449607,-0.036659,-0.107528,-0.034716,0.199822,-0.973295,0.000343,234.873276
27445,0.017004,0.449608,-0.036653,-0.107600,-0.034717,0.199979,-0.973255,0.000343,234.965286
27449,0.017008,0.449606,-0.036651,-0.107529,-0.034754,0.199967,-0.973264,0.000343,235.055580
27452,0.017011,0.449605,-0.036651,-0.107586,-0.034750,0.200081,-0.973235,0.000343,235.144844
27456,0.017011,0.449601,-0.036651,-0.107645,-0.034748,0.200212,-0.973201,0.000343,235.242004
27459,0.017013,0.449602,-0.036650,-0.107658,-0.034764,0.200280,-0.973185,0.000343,235.341568
27463,0.017014,0.449602,-0.036651,-0.107765,-0.034708,0.200384,-0.973154,0.000343,235.450401
27467,0.017019,0.449599,-0.036650,-0.107714,-0.034787,0.200424,-0.973148,0.000343,235.555458
27470,0.017027,0.449599,-0.036646,-0.107768,-0.034791,0.200550,-0.973116,0.000343,235.650558
27473,0.017032,0.449598,-0.036644,-0.107848,-0.034774,0.200663,-0.973085,0.000000,235.753212
27477,0.017039,0.449593,-0.036641,-0.107980,-0.034733,0.200839,-0.973035,0.000343,235.856552
27480,0.017046,0.449594,-0.036638,-0.107990,-0.034729,0.200920,-0.973018,0.000000,235.954399
27484,0.017056,0.449593,-0.036637,-0.108035,-0.034712,0.200986,-0.973000,0.000343,236.056366
27488,0.017068,0.449592,-0.036630,-0.108084,-0.034780,0.201129,-0.972962,0.000343,236.165886
27491,0.017077,0.449592,-0.036628,-0.108131,-0.034761,0.201249,-0.972933,0.000000,236.261330
27495,0.017082,0.449588,-0.036623,-0.108228,-0.034715,0.201304,-0.972912,0.000343,236.359520
27498,0.017086,0.449587,-0.036617,-0.108318,-0.034726,0.201496,-0.972862,0.000343,236.451187
27502,0.017089,0.449587,-0.036616,-0.108235,-0.034741,0.201493,-0.972872,0.000000,236.548691
27505,0.017093,0.449587,-0.036613,-0.108349,-0.034696,0.201629,-0.972832,0.000343,236.653404
27509,0.017098,0.449585,-0.036614,-0.108415,-0.034721,0.201795,-0.972790,0.000343,236.759491
27512,0.017105,0.449586,-0.036613,-0.108474,-0.034734,0.201894,-0.972762,0.000343,236.864548
27516,0.017111,0.449585,-0.036619,-0.108464,-0.034722,0.201953,-0.972751,0.000000,236.963081
27519,0.017118,0.449584,-0.036617,-0.108608,-0.034694,0.202115,-0.972702,0.000000,237.058868
27523,0.017127,0.449583,-0.036615,-0.108547,-0.034747,0.202172,-0.972696,0.000343,237.150536
27527,0.017139,0.449583,-0.036611,-0.108693,-0.034709,0.202407,-0.972632,0.000343,237.249413
27530,0.017143,0.449579,-0.036604,-0.108753,-0.034657,0.202466,-0.972615,0.000000,237.351723
27534,0.017152,0.449580,-0.036595,-0.108773,-0.034720,0.202593,-0.972584,0.000343,237.467422
27537,0.017156,0.449578,-0.036592,-0.108765,-0.034719,0.202591,-0.972585,0.000343,237.552910
27541,0.017165,0.449576,-0.036584,-0.108970,-0.034727,0.202885,-0.972500,0.000000,237.657623
27541,0.017165,0.449576,-0.036584,-0.108970,-0.034727,0.202885,-0.972500,0.000343,237.763710
27541,0.017165,0.449576,-0.036584,-0.108970,-0.034727,0.202885,-0.972500,0.000343,237.862244
27541,0.017165,0.449576,-0.036584,-0.108970,-0.034727,0.202885,-0.972500,0.000343,237.963867
27541,0.017165,0.449576,-0.036584,-0.108970,-0.034727,0.202885,-0.972500,0.000343,238.061028
27541,0.017165,0.449576,-0.036584,-0.108970,-0.034727,0.202885,-0.972500,0.000000,238.149605
27541,0.017165,0.449576,-0.036584,-0.108970,-0.034727,0.202885,-0.972500,0.000000,238.264275
27541,0.017165,0.449576,-0.036584,-0.108970,-0.034727,0.202885,-0.972500,0.000343,238.370705
27541,0.017165,0.449576,-0.036584,-0.108970,-0.034727,0.202885,-0.972500,0.000000,238.468208
27541,0.017165,0.449576,-0.036584,-0.108970,-0.034727,0.202885,-0.972500,0.000000,238.567085
27541,0.017165,0.449576,-0.036584,-0.108970,-0.034727,0.202885,-0.972500,0.000343,238.666649
27541,0.017165,0.449576,-0.036584,-0.108970,-0.034727,0.202885,-0.972500,0.000000,238.759346
27541,0.017165,0.449576,-0.036584,-0.108970,-0.034727,0.202885,-0.972500,0.000343,238.851700
27541,0.017165,0.449576,-0.036584,-0.108970,-0.034727,0.202885,-0.972500,0.000343,238.951263
27541,0.017165,0.449576,-0.036584,-0.108970,-0.034727,0.202885,-0.972500,0.000000,239.049110
27541,0.017165,0.449576,-0.036584,-0.108970,-0.034727,0.202885,-0.972500,0.000343,239.157257
27541,0.017165,0.449576,-0.036584,-0.108970,-0.034727,0.202885,-0.972500,0.000343,239.262314
27541,0.017165,0.449576,-0.036584,-0.108970,-0.034727,0.202885,-0.972500,0.000343,239.363937
27541,0.017165,0.449576,-0.036584,-0.108970,-0.034727,0.202885,-0.972500,0.000343,239.468307
27541,0.017165,0.449576,-0.036584,-0.108970,-0.034727,0.202885,-0.972500,0.000000,239.573708
27541,0.017165,0.449576,-0.036584,-0.108970,-0.034727,0.202885,-0.972500,0.000343,239.676704
27541,0.017165,0.449576,-0.036584,-0.108970,-0.034727,0.202885,-0.972500,0.000343,239.773178
27541,0.017165,0.449576,-0.036584,-0.108970,-0.034727,0.202885,-0.972500,0.000000,239.860382
27541,0.017165,0.449576,-0.036584,-0.108970,-0.034727,0.202885,-0.972500,0.000000,239.953766
27541,0.017165,0.449576,-0.036584,-0.108970,-0.034727,0.202885,-0.972500,0.000343,240.044060
27541,0.017165,0.449576,-0.036584,-0.108970,-0.034727,0.202885,-0.972500,0.000000,240.145340
27541,0.017165,0.449576,-0.036584,-0.108970,-0.034727,0.202885,-0.972500,0.000000,240.250053
27541,0.017165,0.449576,-0.036584,-0.108970,-0.034727,0.202885,-0.972500,0.000000,240.358200
27541,0.017165,0.449576,-0.036584,-0.108970,-0.034727,0.202885,-0.972500,0.000000,240.473900
27541,0.017165,0.449576,-0.036584,-0.108970,-0.034727,0.202885,-0.972500,0.000000,240.580673
27647,0.017373,0.449537,-0.036506,-0.110604,-0.034706,0.206714,-0.971510,0.000000,240.678864
27651,0.017383,0.449535,-0.036498,-0.110624,-0.034775,0.206900,-0.971466,0.000000,240.779114
27655,0.017394,0.449532,-0.036490,-0.110817,-0.034681,0.207118,-0.971401,0.000343,240.876617
27658,0.017401,0.449530,-0.036489,-0.110843,-0.034709,0.207251,-0.971368,0.000000,240.970345
27662,0.017412,0.449528,-0.036488,-0.110875,-0.034727,0.207376,-0.971337,0.000000,241.070251
27665,0.017422,0.449529,-0.036490,-0.110859,-0.034725,0.207453,-0.971323,0.000000,241.172905
27669,0.017438,0.449528,-0.036487,-0.111060,-0.034690,0.207751,-0.971237,0.000000,241.263885
27672,0.017443,0.449527,-0.036485,-0.111025,-0.034702,0.207752,-0.971241,0.000343,241.363106
27676,0.017456,0.449525,-0.036476,-0.111147,-0.034660,0.207990,-0.971177,0.000000,241.460609
27679,0.017460,0.449522,-0.036465,-0.111187,-0.034664,0.208068,-0.971156,0.000000,241.559486
27683,0.017473,0.449522,-0.036451,-0.111229,-0.034715,0.208229,-0.971115,0.000000,241.663857
27686,0.017479,0.449522,-0.036440,-0.111239,-0.034739,0.208330,-0.971091,0.000343,241.778183
27690,0.017490,0.449515,-0.036429,-0.111483,-0.034677,0.208590,-0.971009,0.000000,241.878433
27693,0.017499,0.449515,-0.036426,-0.111511,-0.034708,0.208679,-0.970986,0.000000,241.979370
27697,0.017510,0.449514,-0.036427,-0.111559,-0.034723,0.208820,-0.970950,0.000000,242.073441
27700,0.017512,0.449513,-0.036434,-0.111592,-0.034705,0.208910,-0.970927,0.000000,242.181244
27704,0.017521,0.449513,-0.036442,-0.111664,-0.034693,0.209091,-0.970880,0.000000,242.274284
27708,0.017526,0.449512,-0.036453,-0.111698,-0.034692,0.209264,-0.970839,0.000000,242.375221
27711,0.017533,0.449510,-0.036454,-0.111862,-0.034623,0.209386,-0.970796,0.000000,242.472382
27715,0.017543,0.449509,-0.036453,-0.111773,-0.034711,0.209464,-0.970787,0.000000,242.568169
27718,0.017548,0.449509,-0.036446,-0.111852,-0.034728,0.209590,-0.970750,0.000000,242.659836
27722,0.017555,0.449505,-0.036434,-0.111998,-0.034672,0.209783,-0.970693,0.000000,242.757683
27725,0.017561,0.449503,-0.036425,-0.112061,-0.034662,0.209866,-0.970668,0.000000,242.855530
27729,0.017567,0.449503,-0.036412,-0.112031,-0.034674,0.209943,-0.970655,0.000000,242.961617
27733,0.017574,0.449500,-0.036401,-0.112119,-0.034665,0.210049,-0.970622,0.000000,243.069420
27736,0.017580,0.449500,-0.036392,-0.112171,-0.034711,0.210172,-0.970588,0.000000,243.172417
27740,0.017582,0.449498,-0.036388,-0.112242,-0.034669,0.210243,-0.970566,0.000000,243.284683
27743,0.017586,0.449496,-0.036387,-0.112379,-0.034635,0.210445,-0.970507,0.000343,243.389053
27747,0.017592,0.449498,-0.036390,-0.112274,-0.034680,0.210451,-0.970517,0.000000,243.479691
27750,0.017600,0.449495,-0.036393,-0.112364,-0.034682,0.210600,-0.970474,0.000000,243.573418
27754,0.017606,0.449493,-0.036399,-0.112475,-0.034640,0.210793,-0.970420,0.000000,243.670235
27757,0.017612,0.449490,-0.036403,-0.112541,-0.034640,0.210923,-0.970384,0.000000,243.763618
27761,0.017619,0.449491,-0.036406,-0.112533,-0.034675,0.210981,-0.970372,0.000000,243.868675
27765,0.017627,0.449488,-0.036402,-0.112697,-0.034661,0.211227,-0.970300,0.000000,243.968239
27768,0.017635,0.449487,-0.036400,-0.112681,-0.034696,0.211277,-0.970289,0.000000,244.067459
27771,0.017648,0.449484,-0.036393,-0.112770,-0.034709,0.211426,-0.970246,0.000000,244.172173
27775,0.017662,0.449483,-0.036384,-0.112918,-0.034654,0.211636,-0.970185,0.000000,244.273109
27779,0.017676,0.449480,-0.036371,-0.112946,-0.034691,0.211828,-0.970138,0.000000,244.384346
27782,0.017684,0.449477,-0.036363,-0.112984,-0.034687,0.211906,-0.970117,0.000000,244.468117
27786,0.017696,0.449472,-0.036350,-0.113213,-0.034651,0.212230,-0.970021,0.000000,244.565620
27789,0.017704,0.449470,-0.036343,-0.113238,-0.034689,0.212322,-0.969997,0.000000,244.675484
27793,0.017709,0.449466,-0.036338,-0.113324,-0.034675,0.212487,-0.969951,0.000000,244.786034
27797,0.017714,0.449463,-0.036338,-0.113449,-0.034646,0.212746,-0.969881,0.000000,244.884911
27800,0.017719,0.449461,-0.036341,-0.113434,-0.034689,0.212847,-0.969859,0.000000,244.976578
27804,0.017724,0.449461,-0.036344,-0.113552,-0.034646,0.213030,-0.969806,0.000000,245.072021
27807,0.017732,0.449460,-0.036349,-0.113589,-0.034611,0.213154,-0.969776,0.000000,245.168495
27811,0.017743,0.449459,-0.036349,-0.113600,-0.034711,0.213277,-0.969744,0.000000,245.268402
27814,0.017749,0.449459,-0.036349,-0.113649,-0.034671,0.213365,-0.969720,0.000000,245.367622
27818,0.017763,0.449457,-0.036339,-0.113846,-0.034603,0.213623,-0.969643,0.000000,245.470276
27821,0.017768,0.449451,-0.036334,-0.113819,-0.034634,0.213665,-0.969635,0.000000,245.568123
27825,0.017783,0.449451,-0.036320,-0.113916,-0.034619,0.213870,-0.969579,0.000000,245.665283
27829,0.017793,0.449447,-0.036306,-0.113987,-0.034658,0.214055,-0.969529,0.000000,245.765533
27832,0.017802,0.449446,-0.036301,-0.114061,-0.034670,0.214210,-0.969486,0.000000,245.879173
27836,0.017810,0.449443,-0.036298,-0.114163,-0.034631,0.214342,-0.969446,0.000000,245.983200
27839,0.017815,0.449441,-0.036300,-0.114276,-0.034625,0.214553,-0.969386,0.000000,246.093750
27843,0.017822,0.449442,-0.036306,-0.114186,-0.034679,0.214595,-0.969385,0.000000,246.200867
27846,0.017828,0.449440,-0.036311,-0.114287,-0.034647,0.214768,-0.969336,0.000000,246.290817
27850,0.017832,0.449439,-0.036314,-0.114324,-0.034613,0.214965,-0.969289,-0.000343,246.371498
27853,0.017845,0.449437,-0.036312,-0.114411,-0.034641,0.215128,-0.969242,0.000000,246.470718
27857,0.017854,0.449437,-0.036307,-0.114398,-0.034608,0.215181,-0.969233,0.000000,246.566849
27860,0.017863,0.449432,-0.036300,-0.114536,-0.034613,0.215377,-0.969173,0.000000,246.673965
27864,0.017878,0.449428,-0.036287,-0.114553,-0.034639,0.215428,-0.969159,0.000000,246.785202
27868,0.017886,0.449427,-0.036275,-0.114676,-0.034592,0.215597,-0.969108,0.000000,246.885452
27871,0.017895,0.449423,-0.036266,-0.114735,-0.034583,0.215739,-0.969070,-0.000343,246.988106
27875,0.017903,0.449425,-0.036261,-0.114677,-0.034616,0.215824,-0.969057,0.000000,247.093506
27878,0.017906,0.449423,-0.036261,-0.114762,-0.034633,0.215925,-0.969024,0.000000,247.182083
27882,0.017913,0.449420,-0.036262,-0.114908,-0.034595,0.216128,-0.968962,0.000000,247.272034
27885,0.017914,0.449419,-0.036267,-0.114899,-0.034604,0.216220,-0.968943,-0.000343,247.373314
27889,0.017916,0.449418,-0.036273,-0.114943,-0.034609,0.216311,-0.968917,-0.000343,247.470818
27893,0.017924,0.449419,-0.036276,-0.115051,-0.034613,0.216553,-0.968850,0.000000,247.569351
27896,0.017925,0.449419,-0.036280,-0.115004,-0.034621,0.216569,-0.968852,0.000000,247.667542
27899,0.017933,0.449417,-0.036278,-0.115075,-0.034615,0.216697,-0.968815,0.000000,247.770538
27903,0.017941,0.449414,-0.036269,-0.115208,-0.034549,0.216887,-0.968759,-0.000343,247.879372
27907,0.017956,0.449412,-0.036257,-0.115244,-0.034612,0.217047,-0.968717,0.000000,248.001251
27910,0.017966,0.449409,-0.036249,-0.115313,-0.034570,0.217095,-0.968699,-0.000343,248.094635
27914,0.017979,0.449402,-0.036236,-0.115518,-0.034563,0.217369,-0.968613,-0.000343,248.189735
27917,0.017989,0.449403,-0.036229,-0.115508,-0.034582,0.217414,-0.968604,-0.000343,248.279686
27921,0.018000,0.449400,-0.036222,-0.115606,-0.034559,0.217632,-0.968544,0.000000,248.377876
27924,0.018003,0.449399,-0.036222,-0.115678,-0.034563,0.217724,-0.968515,0.000000,248.469887
27928,0.018011,0.449397,-0.036222,-0.115692,-0.034596,0.217917,-0.968468,0.000000,248.572884
27931,0.018011,0.449398,-0.036225,-0.115692,-0.034585,0.217955,-0.968460,0.000000,248.681717
27935,0.018019,0.449392,-0.036227,-0.115977,-0.034496,0.218230,-0.968367,-0.000343,248.785400
27939,0.018030,0.449393,-0.036227,-0.115935,-0.034555,0.218350,-0.968343,-0.000343,248.894234
27942,0.018036,0.449389,-0.036227,-0.116006,-0.034597,0.218462,-0.968308,0.000000,249.003410
27946,0.018048,0.449387,-0.036222,-0.116165,-0.034509,0.218722,-0.968233,-0.000343,249.082031
27949,0.018058,0.449386,-0.036216,-0.116186,-0.034535,0.218814,-0.968209,0.000000,249.183311
27953,0.018069,0.449385,-0.036210,-0.116298,-0.034495,0.218932,-0.968170,-0.000343,249.265366
27956,0.018077,0.449382,-0.036203,-0.116429,-0.034451,0.219135,-0.968110,0.000000,249.366302
27960,0.018087,0.449378,-0.036197,-0.116416,-0.034515,0.219182,-0.968099,-0.000343,249.491615
27963,0.018096,0.449380,-0.036193,-0.116437,-0.034539,0.219293,-0.968070,-0.000343,249.587402
27967,0.018100,0.449375,-0.036188,-0.116604,-0.034477,0.219493,-0.968007,0.000000,249.692116
27970,0.018104,0.449373,-0.036187,-0.116623,-0.034497,0.219609,-0.967978,0.000000,249.795799
27974,0.018110,0.449373,-0.036185,-0.116628,-0.034501,0.219698,-0.967957,-0.000343,249.886780
27977,0.018115,0.449369,-0.036180,-0.116741,-0.034463,0.219838,-0.967913,0.000000,249.982224
27981,0.018123,0.449371,-0.036177,-0.116772,-0.034491,0.219976,-0.967877,-0.000343,250.062904
27984,0.018126,0.449368,-0.036174,-0.116812,-0.034504,0.220082,-0.967847,-0.000343,250.156288
27988,0.018135,0.449362,-0.036171,-0.116965,-0.034440,0.220263,-0.967790,-0.000343,250.265121
27992,0.018144,0.449363,-0.036172,-0.116891,-0.034532,0.220333,-0.967780,0.000000,250.377388
27995,0.018155,0.449361,-0.036168,-0.116979,-0.034504,0.220486,-0.967735,0.000000,250.488968
27999,0.018166,0.449361,-0.036170,-0.117070,-0.034440,0.220675,-0.967683,0.000000,250.591621
28002,0.018175,0.449357,-0.036168,-0.117138,-0.034487,0.220849,-0.967634,0.000000,250.691528
28006,0.018181,0.449356,-0.036166,-0.117143,-0.034444,0.220888,-0.967626,-0.000343,250.803795
28010,0.018194,0.449354,-0.036160,-0.117302,-0.034441,0.221130,-0.967551,0.000000,250.891685
28013,0.018200,0.449350,-0.036154,-0.117318,-0.034467,0.221188,-0.967535,-0.000343,250.987129
28017,0.018210,0.449349,-0.036147,-0.117457,-0.034394,0.221379,-0.967477,-0.000343,251.084290
28020,0.018217,0.449345,-0.036141,-0.117527,-0.034388,0.221487,-0.967444,0.000000,251.181107
28024,0.018225,0.449343,-0.036134,-0.117540,-0.034423,0.221634,-0.967408,-0.000343,251.272430
28027,0.018228,0.449343,-0.036133,-0.117574,-0.034432,0.221705,-0.967387,-0.000343,251.377144
28031,0.018239,0.449338,-0.036130,-0.117741,-0.034401,0.221944,-0.967313,0.000000,251.484604
28034,0.018242,0.449339,-0.036133,-0.117746,-0.034401,0.221989,-0.967302,-0.000343,251.573524
28038,0.018251,0.449338,-0.036135,-0.117773,-0.034396,0.222119,-0.967269,0.000000,251.687164
28041,0.018260,0.449337,-0.036132,-0.117812,-0.034397,0.222220,-0.967241,-0.000343,251.799088
28045,0.018268,0.449336,-0.036133,-0.117847,-0.034381,0.222333,-0.967212,-0.000343,251.899681
28049,0.018277,0.449333,-0.036126,-0.117954,-0.034326,0.222544,-0.967152,-0.000343,251.997871
28052,0.018284,0.449330,-0.036121,-0.118025,-0.034342,0.222618,-0.967126,0.000000,252.087822
28055,0.018289,0.449329,-0.036115,-0.118011,-0.034350,0.222690,-0.967110,-0.000343,252.180176
28059,0.018292,0.449325,-0.036106,-0.118043,-0.034377,0.222741,-0.967094,0.000000,252.280426
28063,0.018293,0.449321,-0.036102,-0.118218,-0.034349,0.223001,-0.967014,0.000000,252.382736
28066,0.018297,0.449322,-0.036102,-0.118185,-0.034367,0.223051,-0.967005,-0.000343,252.485733
28070,0.018304,0.449322,-0.036103,-0.118247,-0.034342,0.223195,-0.966966,-0.000343,252.583580
28073,0.018310,0.449320,-0.036108,-0.118293,-0.034308,0.223277,-0.966942,-0.000343,252.683487
28077,0.018320,0.449318,-0.036106,-0.118303,-0.034385,0.223483,-0.966891,0.000000,252.773438
28080,0.018328,0.449318,-0.036106,-0.118327,-0.034362,0.223525,-0.966879,0.000000,252.871628
28084,0.018336,0.449314,-0.036099,-0.118556,-0.034331,0.223798,-0.966789,-0.000343,252.989044
28088,0.018347,0.449313,-0.036092,-0.118494,-0.034376,0.223806,-0.966793,0.000000,253.087921
28091,0.018357,0.449309,-0.036084,-0.118571,-0.034392,0.223985,-0.966741,-0.000343,253.189201
28095,0.018368,0.449305,-0.036078,-0.118671,-0.034329,0.224134,-0.966697,-0.000343,253.288422
28098,0.018378,0.449304,-0.036072,-0.118725,-0.034325,0.224268,-0.966659,0.000000,253.392105
28102,0.018384,0.449303,-0.036069,-0.118768,-0.034351,0.224324,-0.966640,-0.000343,253.496475
28105,0.018388,0.449300,-0.036068,-0.118894,-0.034330,0.224530,-0.966577,-0.000343,253.601189
28109,0.018392,0.449299,-0.036069,-0.118818,-0.034394,0.224544,-0.966581,-0.000343,253.695259
28112,0.018396,0.449298,-0.036068,-0.118905,-0.034401,0.224676,-0.966540,-0.000343,253.785896
28116,0.018396,0.449297,-0.036070,-0.119014,-0.034305,0.224802,-0.966500,-0.000343,253.874474
28120,0.018401,0.449297,-0.036071,-0.118927,-0.034375,0.224872,-0.966492,0.000000,253.969917
28123,0.018407,0.449295,-0.036068,-0.119020,-0.034329,0.224980,-0.966457,-0.000343,254.062271
28126,0.018415,0.449293,-0.036066,-0.119172,-0.034286,0.225164,-0.966397,-0.000343,254.171448
28130,0.018424,0.449290,-0.036060,-0.119155,-0.034325,0.225256,-0.966376,-0.000343,254.276848
28134,0.018433,0.449288,-0.036055,-0.119241,-0.034329,0.225352,-0.966343,-0.000343,254.385338
28137,0.018443,0.449288,-0.036050,-0.119325,-0.034299,0.225494,-0.966301,-0.000343,254.500694
28141,0.018455,0.449286,-0.036042,-0.119309,-0.034352,0.225624,-0.966271,0.000000,254.610901
28144,0.018462,0.449285,-0.036038,-0.119409,-0.034336,0.225739,-0.966232,0.000000,254.707031
28148,0.018475,0.449279,-0.036033,-0.119565,-0.034296,0.225985,-0.966157,-0.000343,254.797668
28151,0.018482,0.449278,-0.036028,-0.119620,-0.034330,0.226100,-0.966122,-0.000343,254.881096
28155,0.018486,0.449277,-0.036024,-0.119581,-0.034341,0.226206,-0.966101,0.000000,254.971390
28159,0.018493,0.449272,-0.036023,-0.119787,-0.034336,0.226439,-0.966022,0.000000,255.065460
28162,0.018491,0.449273,-0.036023,-0.119723,-0.034353,0.226443,-0.966028,-0.000343,255.176010
28166,0.018498,0.449272,-0.036022,-0.119803,-0.034334,0.226680,-0.965963,-0.000343,255.293083
28169,0.018502,0.449269,-0.036023,-0.119895,-0.034299,0.226752,-0.965936,0.000000,255.387497
28173,0.018513,0.449268,-0.036020,-0.119892,-0.034368,0.226967,-0.965883,-0.000343,255.493927
28177,0.018528,0.449263,-0.036017,-0.120068,-0.034315,0.227185,-0.965812,-0.000343,255.592461
28180,0.018541,0.449261,-0.036015,-0.120165,-0.034282,0.227365,-0.965759,0.000000,255.680008
28183,0.018555,0.449260,-0.036010,-0.120138,-0.034337,0.227450,-0.965740,-0.000343,255.779915
28187,0.018571,0.449257,-0.036000,-0.120236,-0.034352,0.227657,-0.965679,0.000000,255.881882
28191,0.018581,0.449253,-0.035992,-0.120368,-0.034313,0.227880,-0.965611,-0.000343,255.986252
28194,0.018587,0.449249,-0.035984,-0.120453,-0.034316,0.227988,-0.965575,0.000000,256.093369
28197,0.018590,0.449248,-0.035977,-0.120453,-0.034331,0.228074,-0.965554,-0.000343,256.194649
28201,0.018597,0.449243,-0.035971,-0.120665,-0.034274,0.228360,-0.965462,-0.000343,256.291809
28205,0.018607,0.449242,-0.035969,-0.120645,-0.034379,0.228491,-0.965430,-0.000343,256.390686
28208,0.018610,0.449242,-0.035971,-0.120684,-0.034358,0.228563,-0.965409,-0.000343,256.490250
28212,0.018618,0.449238,-0.035975,-0.120851,-0.034273,0.228785,-0.965338,0.000000,256.587753
28215,0.018625,0.449235,-0.035976,-0.120877,-0.034345,0.228930,-0.965298,0.000000,256.684570
28219,0.018634,0.449234,-0.035977,-0.120872,-0.034292,0.229027,-0.965277,0.000000,256.782417
28223,0.018652,0.449233,-0.035969,-0.120946,-0.034325,0.229209,-0.965224,-0.000343,256.882668
28226,0.018661,0.449231,-0.035962,-0.120980,-0.034341,0.229357,-0.965184,0.000000,256.981888
28230,0.018673,0.449229,-0.035951,-0.121087,-0.034317,0.229456,-0.965148,-0.000343,257.073555
28233,0.018682,0.449227,-0.035943,-0.121220,-0.034284,0.229673,-0.965081,-0.000343,257.177925
28237,0.018689,0.449225,-0.035938,-0.121164,-0.034376,0.229716,-0.965074,-0.000343,257.294312
28240,0.018696,0.449222,-0.035937,-0.121240,-0.034363,0.229875,-0.965027,0.000000,257.402458
28244,0.018698,0.449220,-0.035937,-0.121340,-0.034296,0.230049,-0.964976,-0.000343,257.498245
28247,0.018700,0.449216,-0.035937,-0.121389,-0.034324,0.230205,-0.964931,-0.000343,257.591629
28251,0.018704,0.449218,-0.035940,-0.121397,-0.034322,0.230209,-0.964929,-0.000343,257.681236
28254,0.018709,0.449215,-0.035939,-0.121505,-0.034293,0.230396,-0.964872,-0.000343,257.771187
28258,0.018721,0.449213,-0.035936,-0.121476,-0.034390,0.230457,-0.964858,0.000000,257.869034
28262,0.018731,0.449212,-0.035931,-0.121591,-0.034349,0.230643,-0.964800,-0.000343,257.991257
28265,0.018739,0.449210,-0.035927,-0.121671,-0.034328,0.230734,-0.964769,-0.000343,258.091507
28269,0.018748,0.449210,-0.035921,-0.121597,-0.034377,0.230811,-0.964758,0.000000,258.193817
28272,0.018754,0.449209,-0.035919,-0.121638,-0.034356,0.230872,-0.964739,-0.000343,258.292351
28276,0.018763,0.449205,-0.035914,-0.121818,-0.034324,0.231093,-0.964665,-0.000343,258.387108
28280,0.018771,0.449203,-0.035907,-0.121789,-0.034369,0.231176,-0.964647,-0.000343,258.482895
28283,0.018772,0.449200,-0.035904,-0.121842,-0.034344,0.231213,-0.964632,0.000000,258.582458
28286,0.018778,0.449202,-0.035902,-0.121927,-0.034324,0.231323,-0.964596,0.000000,258.689232
28290,0.018779,0.449197,-0.035899,-0.121933,-0.034358,0.231471,-0.964558,0.000000,258.788109
28293,0.018782,0.449197,-0.035898,-0.121960,-0.034387,0.231522,-0.964542,-0.000343,258.889046
28297,0.018789,0.449195,-0.035899,-0.122106,-0.034273,0.231716,-0.964481,-0.000343,258.986549
28301,0.018798,0.449196,-0.035900,-0.122115,-0.034378,0.231846,-0.964445,0.000000,259.083366
28304,0.018806,0.449195,-0.035905,-0.122124,-0.034355,0.231865,-0.964440,-0.000343,259.184303
28308,0.018818,0.449193,-0.035904,-0.122312,-0.034312,0.232151,-0.964349,0.000000,259.289360
28311,0.018826,0.449192,-0.035904,-0.122294,-0.034338,0.232129,-0.964355,-0.000343,259.388237
28315,0.018837,0.449189,-0.035897,-0.122355,-0.034301,0.232303,-0.964307,-0.000343,259.485397
28318,0.018843,0.449187,-0.035886,-0.122407,-0.034321,0.232382,-0.964281,0.000000,259.586334
28322,0.018849,0.449186,-0.035874,-0.122441,-0.034341,0.232564,-0.964232,-0.000343,259.683838
28326,0.018851,0.449183,-0.035863,-0.122575,-0.034315,0.232697,-0.964184,-0.000343,259.786148
28329,0.018854,0.449181,-0.035857,-0.122682,-0.034306,0.232840,-0.964136,-0.000343,259.880562
28333,0.018858,0.449180,-0.035859,-0.122652,-0.034362,0.232841,-0.964137,-0.000343,259.975319
28336,0.018864,0.449179,-0.035860,-0.122671,-0.034385,0.232937,-0.964111,0.000000,260.075569
28340,0.018865,0.449177,-0.035871,-0.122759,-0.034310,0.233108,-0.964061,-0.000343,260.180626
28343,0.018874,0.449177,-0.035875,-0.122785,-0.034329,0.233211,-0.964032,0.000000,260.290833
28347,0.018881,0.449177,-0.035878,-0.122808,-0.034305,0.233268,-0.964016,0.000000,260.391083
28350,0.018887,0.449173,-0.035877,-0.122897,-0.034299,0.233414,-0.963970,0.000000,260.492020
28354,0.018902,0.449175,-0.035867,-0.122880,-0.034398,0.233517,-0.963944,0.000000,260.587120
28357,0.018907,0.449172,-0.035860,-0.122922,-0.034379,0.233603,-0.963918,0.000000,260.678787
28361,0.018915,0.449170,-0.035849,-0.123090,-0.034319,0.233779,-0.963856,-0.000343,260.783501
28364,0.018921,0.449167,-0.035841,-0.123154,-0.034335,0.233908,-0.963816,-0.000343,260.884094
28368,0.018923,0.449166,-0.035836,-0.123085,-0.034370,0.233936,-0.963817,0.000000,260.984344
28372,0.018930,0.449165,-0.035834,-0.123184,-0.034358,0.234090,-0.963767,0.000000,261.089401
28375,0.018933,0.449164,-0.035834,-0.123196,-0.034367,0.234201,-0.963739,0.000000,261.191025
28379,0.018936,0.449163,-0.035840,-0.123219,-0.034351,0.234216,-0.963732,0.000000,261.284409
28382,0.018945,0.449163,-0.035842,-0.123326,-0.034312,0.234402,-0.963675,-0.000343,261.381569
28386,0.018953,0.449163,-0.035845,-0.123257,-0.034366,0.234413,-0.963679,0.000000,261.480789
28390,0.018961,0.449159,-0.035842,-0.123382,-0.034316,0.234660,-0.963605,0.000000,261.594429
28393,0.018964,0.449158,-0.035837,-0.123432,-0.034317,0.234711,-0.963586,0.000000,261.688843
28396,0.018968,0.449155,-0.035831,-0.123472,-0.034347,0.234872,-0.963540,0.000000,261.787376
28400,0.018974,0.449155,-0.035826,-0.123452,-0.034372,0.234893,-0.963537,0.000000,261.883163
28404,0.018980,0.449150,-0.035819,-0.123641,-0.034315,0.235114,-0.963461,-0.000343,261.978264
28407,0.018987,0.449151,-0.035817,-0.123596,-0.034381,0.235132,-0.963460,-0.000343,262.080574
28410,0.018996,0.449150,-0.035814,-0.123642,-0.034383,0.235236,-0.963429,0.000000,262.181168
28414,0.019001,0.449147,-0.035815,-0.123766,-0.034317,0.235339,-0.963390,0.000000,262.292747
28418,0.019015,0.449147,-0.035813,-0.123715,-0.034355,0.235443,-0.963370,0.000000,262.394371
28421,0.019022,0.449147,-0.035810,-0.123714,-0.034359,0.235490,-0.963358,0.000000,262.490845
28425,0.019029,0.449142,-0.035807,-0.123879,-0.034297,0.235708,-0.963286,0.000000,262.580109
28428,0.019033,0.449141,-0.035803,-0.123867,-0.034306,0.235764,-0.963273,0.000000,262.677956
28432,0.019031,0.449140,-0.035796,-0.123892,-0.034331,0.235801,-0.963260,0.000000,262.774773
28435,0.019028,0.449139,-0.035793,-0.123940,-0.034347,0.235877,-0.963235,-0.000343,262.874336
28439,0.019026,0.449137,-0.035790,-0.123964,-0.034377,0.236030,-0.963193,0.000000,262.982826
28443,0.019023,0.449131,-0.035792,-0.124081,-0.034287,0.236139,-0.963155,0.000000,263.090286
28446,0.019038,0.449132,-0.035800,-0.124079,-0.034312,0.236214,-0.963136,0.000000,263.192253
28450,0.019063,0.449135,-0.035811,-0.124027,-0.034363,0.236344,-0.963109,0.000000,263.299026
28453,0.019085,0.449139,-0.035823,-0.123972,-0.034373,0.236383,-0.963106,0.000000,263.391380
28457,0.019088,0.449135,-0.035818,-0.124218,-0.034264,0.236593,-0.963026,-0.000343,263.488541
28461,0.019074,0.449128,-0.035806,-0.124125,-0.034338,0.236565,-0.963043,0.000000,263.589478
28464,0.019066,0.449124,-0.035788,-0.124250,-0.034345,0.236669,-0.963001,0.000000,263.690414
28468,0.019061,0.449123,-0.035774,-0.124297,-0.034348,0.236793,-0.962964,0.000000,263.778648
28471,0.019067,0.449122,-0.035763,-0.124347,-0.034369,0.236887,-0.962934,0.000000,263.888168
28475,0.019072,0.449119,-0.035761,-0.124387,-0.034285,0.236981,-0.962908,0.000000,263.971596
28478,0.019077,0.449116,-0.035755,-0.124510,-0.034245,0.237106,-0.962863,0.000000,264.066010
28481,0.019078,0.449115,-0.035753,-0.124510,-0.034290,0.237165,-0.962847,-0.000343,264.176559
28485,0.019086,0.449114,-0.035755,-0.124520,-0.034389,0.237228,-0.962827,0.000000,264.285049
28489,0.019101,0.449114,-0.035765,-0.124612,-0.034276,0.237362,-0.962786,0.000000,264.387360
28492,0.019126,0.449114,-0.035772,-0.124619,-0.034296,0.237497,-0.962751,-0.000343,264.492416
28496,0.019145,0.449116,-0.035777,-0.124534,-0.034321,0.237564,-0.962744,0.000000,264.586830
28499,0.019155,0.449113,-0.035772,-0.124646,-0.034286,0.237736,-0.962689,0.000000,264.681931
28503,0.019149,0.449111,-0.035763,-0.124680,-0.034322,0.237772,-0.962674,0.000000,264.782524
28506,0.019143,0.449110,-0.035753,-0.124702,-0.034372,0.237871,-0.962645,0.000000,264.886894
28510,0.019135,0.449106,-0.035749,-0.124855,-0.034316,0.237967,-0.962604,0.000000,264.987488
28514,0.019137,0.449106,-0.035753,-0.124744,-0.034368,0.237995,-0.962609,0.000000,265.085678
28517,0.019140,0.449107,-0.035753,-0.124801,-0.034330,0.238082,-0.962582,0.000000,265.178719
28521,0.019139,0.449106,-0.035755,-0.124887,-0.034295,0.238208,-0.962540,0.000000,265.272446
28524,0.019142,0.449104,-0.035748,-0.124938,-0.034321,0.238321,-0.962505,0.000000,265.379219
28528,0.019143,0.449100,-0.035744,-0.124898,-0.034335,0.238271,-0.962522,0.000000,265.469513
28531,0.019158,0.449099,-0.035739,-0.125039,-0.034307,0.238447,-0.962461,-0.000343,265.569763
28535,0.019179,0.449101,-0.035739,-0.124986,-0.034334,0.238524,-0.962448,0.000000,265.672760
28539,0.019195,0.449100,-0.035739,-0.125102,-0.034280,0.238697,-0.962392,0.000000,265.783997
28542,0.019198,0.449098,-0.035735,-0.125151,-0.034305,0.238757,-0.962370,0.000000,265.894203
28546,0.019195,0.449098,-0.035733,-0.125133,-0.034349,0.238859,-0.962345,0.000000,265.991020
28549,0.019190,0.449094,-0.035734,-0.125119,-0.034355,0.238851,-0.962349,0.000000,266.089211
28552,0.019192,0.449092,-0.035735,-0.125200,-0.034322,0.238996,-0.962303,0.000000,266.186714
28556,0.019203,0.449090,-0.035738,-0.125271,-0.034306,0.239101,-0.962269,0.000000,266.278381
28560,0.019220,0.449091,-0.035735,-0.125325,-0.034341,0.239235,-0.962227,0.000000,266.373825
28563,0.019230,0.449090,-0.035731,-0.125404,-0.034312,0.239315,-0.962198,0.000000,266.472359
28567,0.019239,0.449089,-0.035717,-0.125430,-0.034318,0.239451,-0.962161,0.000000,266.572952
28571,0.019244,0.449081,-0.035705,-0.125591,-0.034276,0.239635,-0.962095,0.000000,266.680069
28574,0.019247,0.449080,-0.035699,-0.125617,-0.034281,0.239726,-0.962069,-0.000343,266.783409
28577,0.019256,0.449080,-0.035703,-0.125629,-0.034294,0.239764,-0.962058,0.000000,266.882286
28581,0.019265,0.449081,-0.035712,-0.125598,-0.034323,0.239852,-0.962038,0.000000,266.975327
28585,0.019267,0.449079,-0.035721,-0.125773,-0.034251,0.240051,-0.961969,0.000000,267.073517
28588,0.019263,0.449078,-0.035729,-0.125737,-0.034302,0.240091,-0.961961,0.000000,267.177887
28592,0.019260,0.449076,-0.035727,-0.125733,-0.034311,0.240189,-0.961937,0.000000,267.280540
28595,0.019263,0.449075,-0.035726,-0.125807,-0.034265,0.240235,-0.961918,0.000000,267.373581
28599,0.019285,0.449072,-0.035714,-0.125803,-0.034365,0.240374,-0.961880,0.000000,267.446709
28602,0.019302,0.449071,-0.035702,-0.125845,-0.034342,0.240406,-0.961867,0.000343,267.516060
28606,0.019322,0.449066,-0.035680,-0.126039,-0.034256,0.240657,-0.961782,0.000000,267.583008
28610,0.019326,0.449061,-0.035659,-0.126039,-0.034327,0.240611,-0.961791,0.000000,267.664375
28613,0.019325,0.449056,-0.035648,-0.126159,-0.034320,0.240707,-0.961752,0.000000,267.773552
28617,0.019322,0.449056,-0.035650,-0.126220,-0.034256,0.240846,-0.961711,0.000000,267.930107
28620,0.019321,0.449056,-0.035663,-0.126251,-0.034294,0.240952,-0.961679,0.000000,268.097992
28623,0.019326,0.449060,-0.035687,-0.126157,-0.034322,0.240985,-0.961682,0.000000,268.356514
28627,0.019329,0.449059,-0.035717,-0.126274,-0.034234,0.241156,-0.961627,0.000000,268.754768
28631,0.019335,0.449060,-0.035734,-0.126236,-0.034329,0.241275,-0.961599,0.000000,269.253273
28634,0.019341,0.449056,-0.035732,-0.126312,-0.034315,0.241473,-0.961540,0.000000,269.824905
28638,0.019359,0.449050,-0.035718,-0.126559,-0.034288,0.241887,-0.961404,0.000000,270.397224
28641,0.019385,0.449040,-0.035693,-0.126752,-0.034305,0.242338,-0.961264,0.000000,270.912895
28645,0.019427,0.449032,-0.035658,-0.126903,-0.034261,0.242730,-0.961147,0.000000,271.173820
28649,0.019461,0.449019,-0.035623,-0.127188,-0.034248,0.243195,-0.960992,0.000000,271.213646
28652,0.019484,0.449016,-0.035603,-0.127289,-0.034260,0.243441,-0.960916,0.000000,270.028839
28656,0.019494,0.449009,-0.035591,-0.127379,-0.034251,0.243518,-0.960885,0.000000,266.050415
28659,0.019491,0.448999,-0.035574,-0.127548,-0.034278,0.243673,-0.960823,0.000000,259.965363
28663,0.019469,0.448989,-0.035554,-0.127728,-0.034211,0.243523,-0.960839,0.000000,253.612862
28666,0.019461,0.449002,-0.035590,-0.127511,-0.034204,0.243445,-0.960888,0.000000,247.323189
28670,0.019408,0.449005,-0.035599,-0.127435,-0.034195,0.242827,-0.961055,0.000343,241.034203
28673,0.019376,0.449013,-0.035609,-0.127236,-0.034260,0.242328,-0.961205,0.000343,234.742470
28677,0.019362,0.449025,-0.035627,-0.126919,-0.034321,0.241970,-0.961335,0.000343,228.448334
28681,0.019363,0.449016,-0.035609,-0.127144,-0.034260,0.241964,-0.961309,0.000343,222.172394
28684,0.019360,0.449024,-0.035626,-0.126866,-0.034281,0.241666,-0.961419,0.000000,215.916367
28688,0.019358,0.449029,-0.035624,-0.126748,-0.034331,0.241314,-0.961522,0.000343,209.679909
28691,0.019335,0.449043,-0.035642,-0.126385,-0.034405,0.240674,-0.961727,0.000343,202.848129
28695,0.019252,0.449076,-0.035695,-0.125468,-0.034512,0.239137,-0.962227,0.000343,197.291107
28698,0.019172,0.449099,-0.035731,-0.124735,-0.034545,0.237514,-0.962723,0.000343,191.149063
28702,0.019040,0.449147,-0.035801,-0.123507,-0.034611,0.235064,-0.963480,0.000343,185.047188
28706,0.018853,0.449202,-0.035876,-0.121768,-0.034775,0.231261,-0.964615,0.000343,178.454704
28709,0.018621,0.449256,-0.035964,-0.119985,-0.034783,0.227095,-0.965827,0.000000,174.910927
28712,0.018358,0.449310,-0.036066,-0.118266,-0.034736,0.223090,-0.966973,0.000343,174.249001
28716,0.018265,0.449326,-0.036083,-0.117814,-0.034662,0.221876,-0.967311,0.000343,176.407127
28720,0.018234,0.449320,-0.036083,-0.117754,-0.034725,0.221660,-0.967365,0.000343,181.170044
28723,0.018200,0.449331,-0.036111,-0.117675,-0.034700,0.221368,-0.967442,0.000343,185.012856
28727,0.018257,0.449332,-0.036112,-0.117716,-0.034634,0.221739,-0.967355,0.000343,187.554817
28730,0.018240,0.449337,-0.036135,-0.117669,-0.034582,0.221613,-0.967391,0.000343,187.573013
28734,0.018266,0.449337,-0.036135,-0.117747,-0.034543,0.221865,-0.967325,0.000000,185.247345
28738,0.018248,0.449329,-0.036110,-0.117750,-0.034608,0.221595,-0.967384,0.000343,181.653099
28741,0.018253,0.449333,-0.036109,-0.117650,-0.034693,0.221646,-0.967382,0.000343,178.166656
28744,0.018244,0.449329,-0.036093,-0.117671,-0.034653,0.221479,-0.967419,0.000343,176.008873
28748,0.018224,0.449334,-0.036094,-0.117562,-0.034666,0.221206,-0.967494,0.000343,175.694733
28752,0.018236,0.449341,-0.036095,-0.117401,-0.034678,0.220981,-0.967565,0.000343,177.074890
28755,0.018237,0.449334,-0.036090,-0.117536,-0.034667,0.220979,-0.967549,0.000343,179.392319
28759,0.018226,0.449338,-0.036108,-0.117321,-0.034788,0.220811,-0.967610,0.000343,181.605377
28762,0.018200,0.449333,-0.036112,-0.117419,-0.034720,0.220771,-0.967609,0.000000,182.814903
28766,0.018170,0.449340,-0.036146,-0.117372,-0.034719,0.220776,-0.967614,0.000343,182.546768
28769,0.018173,0.449345,-0.036166,-0.117348,-0.034716,0.220799,-0.967611,0.000343,181.174164
28773,0.018186,0.449354,-0.036193,-0.117186,-0.034716,0.220742,-0.967644,0.000343,179.082985
28776,0.018207,0.449358,-0.036200,-0.117226,-0.034693,0.220848,-0.967616,0.000343,177.093773
28780,0.018223,0.449351,-0.036178,-0.117191,-0.034675,0.220751,-0.967643,0.000343,175.863991
28783,0.018217,0.449345,-0.036141,-0.117215,-0.034701,0.220724,-0.967645,0.000343,175.656967
28787,0.018203,0.449332,-0.036082,-0.117362,-0.034721,0.220584,-0.967659,0.000343,176.325760
28790,0.018194,0.449331,-0.036053,-0.117408,-0.034725,0.220585,-0.967653,0.000343,177.496490
28794,0.018189,0.449332,-0.036043,-0.117251,-0.034755,0.220414,-0.967710,0.000343,178.594437
28798,0.018187,0.449332,-0.036061,-0.117318,-0.034701,0.220437,-0.967698,0.000343,179.150620
28801,0.018185,0.449334,-0.036091,-0.117264,-0.034716,0.220455,-0.967700,0.000000,178.967285
28805,0.018175,0.449344,-0.036139,-0.117171,-0.034724,0.220307,-0.967745,0.000000,178.139877
28809,0.018175,0.449353,-0.036185,-0.117148,-0.034686,0.220377,-0.967733,0.000343,176.783066
28812,0.018184,0.449359,-0.036210,-0.116997,-0.034745,0.220326,-0.967761,0.000343,175.691986
28815,0.018196,0.449360,-0.036225,-0.117015,-0.034717,0.220354,-0.967753,0.000343,174.897881
28819,0.018193,0.449358,-0.036217,-0.116998,-0.034688,0.220229,-0.967785,0.000343,174.648285
28823,0.018173,0.449356,-0.036180,-0.116936,-0.034740,0.220044,-0.967833,0.000000,174.808960
28826,0.018160,0.449352,-0.036147,-0.116893,-0.034755,0.219853,-0.967881,0.000000,175.380249
28830,0.018159,0.449343,-0.036104,-0.117095,-0.034731,0.219886,-0.967850,0.000343,175.844078
28833,0.018164,0.449341,-0.036092,-0.116958,-0.034786,0.219757,-0.967893,0.000343,176.115646
28836,0.018172,0.449343,-0.036091,-0.116992,-0.034773,0.219752,-0.967891,0.000343,176.043549
28840,0.018166,0.449348,-0.036110,-0.116959,-0.034696,0.219696,-0.967910,0.000000,175.572166
28844,0.018144,0.449356,-0.036133,-0.116843,-0.034712,0.219650,-0.967934,0.000343,174.851875
28848,0.018126,0.449355,-0.036154,-0.116887,-0.034712,0.219660,-0.967927,0.000343,173.988762
28851,0.018123,0.449358,-0.036169,-0.116758,-0.034727,0.219553,-0.967966,0.000343,173.421593
28854,0.018119,0.449363,-0.036180,-0.116655,-0.034749,0.219327,-0.968029,0.000000,173.073463
28858,0.018117,0.449370,-0.036189,-0.116440,-0.034768,0.218989,-0.968131,0.000343,173.016129
28862,0.018114,0.449368,-0.036178,-0.116521,-0.034724,0.218853,-0.968153,0.000000,173.135948
28865,0.018101,0.449366,-0.036169,-0.116431,-0.034778,0.218691,-0.968199,0.000343,173.338509
28869,0.018081,0.449365,-0.036161,-0.116388,-0.034742,0.218533,-0.968241,0.000000,173.466568
28872,0.018067,0.449365,-0.036160,-0.116381,-0.034735,0.218455,-0.968259,0.000000,173.448029
28876,0.018061,0.449370,-0.036177,-0.116255,-0.034783,0.218415,-0.968282,0.000343,173.214912
28879,0.018059,0.449375,-0.036192,-0.116161,-0.034807,0.218293,-0.968320,0.000000,172.770653
28883,0.018062,0.449380,-0.036210,-0.116245,-0.034749,0.218362,-0.968296,0.000343,172.214127
28886,0.018054,0.449382,-0.036217,-0.116094,-0.034803,0.218190,-0.968351,0.000000,171.669273
28890,0.018031,0.449381,-0.036214,-0.115925,-0.034841,0.217869,-0.968442,0.000343,171.280289
28893,0.018013,0.449383,-0.036207,-0.115813,-0.034832,0.217543,-0.968529,0.000343,171.095924
28897,0.018001,0.449383,-0.036193,-0.115753,-0.034841,0.217403,-0.968568,0.000343,171.054726
28901,0.017997,0.449386,-0.036182,-0.115614,-0.034816,0.217168,-0.968638,0.000343,171.056442
28904,0.017998,0.449384,-0.036175,-0.115719,-0.034774,0.217171,-0.968626,0.000343,171.058846
28908,0.017998,0.449387,-0.036175,-0.115593,-0.034842,0.216960,-0.968686,0.000000,171.042023
28911,0.017994,0.449385,-0.036184,-0.115569,-0.034865,0.216938,-0.968693,0.000343,170.876541
28915,0.017984,0.449390,-0.036207,-0.115555,-0.034780,0.216887,-0.968709,0.000343,170.546951
28918,0.017982,0.449392,-0.036230,-0.115529,-0.034799,0.216870,-0.968715,0.000343,170.134964
28922,0.017971,0.449402,-0.036258,-0.115243,-0.034845,0.216625,-0.968803,0.000343,169.700661
28925,0.017955,0.449403,-0.036269,-0.115214,-0.034804,0.216512,-0.968833,0.000343,169.360085
28929,0.017936,0.449406,-0.036273,-0.115066,-0.034887,0.216252,-0.968906,0.000000,169.122505
28933,0.017915,0.449406,-0.036260,-0.115012,-0.034848,0.215931,-0.968985,0.000343,168.996162
28936,0.017910,0.449404,-0.036247,-0.115021,-0.034849,0.215879,-0.968995,0.000343,168.939171
28940,0.017914,0.449406,-0.036231,-0.114902,-0.034922,0.215666,-0.969054,0.000343,168.882866
28943,0.017916,0.449405,-0.036222,-0.114910,-0.034883,0.215607,-0.969068,0.000343,168.765450
28947,0.017914,0.449407,-0.036220,-0.114905,-0.034822,0.215554,-0.969082,0.000343,168.564606
28951,0.017903,0.449408,-0.036225,-0.114813,-0.034885,0.215410,-0.969123,0.000343,168.287201
28954,0.017891,0.449409,-0.036239,-0.114728,-0.034890,0.215230,-0.969173,0.000343,167.963448
28958,0.017885,0.449414,-0.036261,-0.114683,-0.034911,0.215173,-0.969190,0.000000,167.626305
28961,0.017880,0.449419,-0.036278,-0.114513,-0.034941,0.214928,-0.969264,0.000343,167.337914
28965,0.017872,0.449422,-0.036295,-0.114423,-0.034884,0.214785,-0.969308,0.000000,167.128487
28968,0.017863,0.449429,-0.036296,-0.114380,-0.034898,0.214612,-0.969351,0.000000,166.981544
28972,0.017842,0.449430,-0.036285,-0.114285,-0.034932,0.214406,-0.969406,0.000343,166.858292
28975,0.017823,0.449428,-0.036276,-0.114224,-0.034947,0.214193,-0.969460,0.000000,166.727142
28979,0.017813,0.449425,-0.036263,-0.114347,-0.034900,0.214153,-0.969456,0.000000,166.568184
28982,0.017814,0.449426,-0.036260,-0.114230,-0.034952,0.214033,-0.969495,0.000343,166.342964
28986,0.017817,0.449428,-0.036265,-0.114173,-0.034940,0.213893,-0.969533,0.000000,166.073112
28989,0.017818,0.449432,-0.036275,-0.114116,-0.034919,0.213761,-0.969569,0.000343,165.792618
28993,0.017809,0.449437,-0.036291,-0.113991,-0.034953,0.213596,-0.969619,0.000000,165.502853
28996,0.017796,0.449441,-0.036305,-0.113818,-0.034970,0.213333,-0.969697,0.000000,165.255318
29000,0.017780,0.449444,-0.036321,-0.113801,-0.034960,0.213191,-0.969730,0.000343,165.056534
29004,0.017769,0.449449,-0.036332,-0.113600,-0.035036,0.212919,-0.969811,0.000343,164.893456
29007,0.017757,0.449452,-0.036334,-0.113508,-0.035032,0.212747,-0.969860,0.000343,164.726257
29011,0.017740,0.449450,-0.036327,-0.113538,-0.034973,0.212630,-0.969884,0.000343,164.600258
29014,0.017728,0.449451,-0.036320,-0.113463,-0.034983,0.212427,-0.969937,0.000343,164.381905
29018,0.017716,0.449452,-0.036308,-0.113418,-0.034983,0.212268,-0.969977,0.000343,164.159775
29021,0.017707,0.449453,-0.036304,-0.113370,-0.034966,0.212118,-0.970016,0.000343,163.896446
29025,0.017702,0.449456,-0.036309,-0.113247,-0.034980,0.211911,-0.970075,0.000000,163.634491
29029,0.017691,0.449462,-0.036318,-0.113150,-0.034983,0.211671,-0.970138,0.000343,163.387642
29032,0.017682,0.449463,-0.036328,-0.113079,-0.034958,0.211523,-0.970180,0.000343,163.165169
29035,0.017673,0.449469,-0.036335,-0.112981,-0.034996,0.211344,-0.970229,0.000343,162.968788
29039,0.017660,0.449474,-0.036349,-0.112788,-0.035005,0.211026,-0.970320,0.000000,162.802963
29043,0.017649,0.449475,-0.036358,-0.112695,-0.035008,0.210859,-0.970367,0.000343,162.638512
29046,0.017644,0.449477,-0.036363,-0.112628,-0.034981,0.210727,-0.970405,0.000343,162.455864
29050,0.017629,0.449482,-0.036371,-0.112461,-0.035005,0.210456,-0.970482,0.000343,162.221718
29053,0.017622,0.449482,-0.036375,-0.112481,-0.034958,0.210362,-0.970502,0.000343,161.997871
29057,0.017605,0.449484,-0.036385,-0.112277,-0.035037,0.210079,-0.970584,0.000343,161.739693
29060,0.017598,0.449488,-0.036391,-0.112203,-0.035074,0.209958,-0.970617,0.000343,161.500397
29064,0.017584,0.449489,-0.036400,-0.112152,-0.035013,0.209739,-0.970673,0.000343,161.272087
29068,0.017575,0.449494,-0.036406,-0.111928,-0.035051,0.209447,-0.970760,0.000343,161.065063
29071,0.017565,0.449492,-0.036405,-0.111871,-0.035039,0.209317,-0.970795,0.000343,160.889282
29075,0.017560,0.449494,-0.036399,-0.111824,-0.035090,0.209211,-0.970822,0.000000,160.704918
29078,0.017554,0.449497,-0.036392,-0.111758,-0.035102,0.209079,-0.970857,0.000000,160.495491
29082,0.017543,0.449497,-0.036382,-0.111697,-0.035080,0.208829,-0.970919,0.000343,160.310440
29085,0.017535,0.449497,-0.036381,-0.111702,-0.035056,0.208740,-0.970939,0.000000,160.082817
29089,0.017527,0.449500,-0.036382,-0.111472,-0.035111,0.208478,-0.971019,0.000000,159.834938
29092,0.017517,0.449502,-0.036389,-0.111434,-0.035101,0.208316,-0.971059,0.000000,159.593925
29096,0.017507,0.449505,-0.036403,-0.111384,-0.035078,0.208171,-0.971096,0.000343,159.369392
29099,0.017496,0.449506,-0.036419,-0.111263,-0.035108,0.208016,-0.971142,0.000343,159.163399
29103,0.017478,0.449512,-0.036448,-0.111123,-0.035072,0.207703,-0.971227,0.000343,158.978691
29106,0.017466,0.449513,-0.036463,-0.111046,-0.035087,0.207625,-0.971252,0.000000,158.794327
29110,0.017451,0.449515,-0.036480,-0.110924,-0.035092,0.207406,-0.971312,0.000000,158.591080
29114,0.017443,0.449520,-0.036486,-0.110939,-0.035078,0.207288,-0.971336,0.000343,158.387833
29117,0.017435,0.449520,-0.036483,-0.110888,-0.035078,0.207123,-0.971377,0.000000,158.156433
29121,0.017432,0.449522,-0.036468,-0.110768,-0.035123,0.206959,-0.971424,0.000343,157.905464
29124,0.017430,0.449523,-0.036453,-0.110678,-0.035155,0.206781,-0.971471,0.000343,157.657585
29128,0.017422,0.449516,-0.036433,-0.110811,-0.035089,0.206686,-0.971479,0.000000,157.439232
29131,0.017422,0.449521,-0.036425,-0.110666,-0.035156,0.206522,-0.971528,0.000000,157.248344
29135,0.017413,0.449519,-0.036423,-0.110616,-0.035153,0.206328,-0.971575,0.000000,157.064667
29138,0.017400,0.449520,-0.036432,-0.110587,-0.035122,0.206150,-0.971617,0.000000,156.877213
29142,0.017388,0.449523,-0.036455,-0.110452,-0.035156,0.206014,-0.971660,0.000000,156.694221
29146,0.017344,0.449532,-0.036509,-0.110684,-0.034253,0.205875,-0.971695,0.000000,156.502991
29149,0.017365,0.449533,-0.036507,-0.110299,-0.035059,0.205711,-0.971745,0.000000,156.256485
29153,0.017329,0.449543,-0.036550,-0.110447,-0.034345,0.205551,-0.971787,0.000000,155.994530
29156,0.017345,0.449544,-0.036534,-0.110002,-0.035154,0.205327,-0.971856,0.000000,155.732574
29160,0.017288,0.449544,-0.036547,-0.110363,-0.034265,0.205167,-0.971881,0.000000,155.471992
29163,0.017265,0.449541,-0.036529,-0.110293,-0.034316,0.204980,-0.971926,0.000000,155.301704
29167,0.017272,0.449533,-0.036486,-0.109917,-0.035133,0.204632,-0.972013,0.000000,155.132446
29170,0.017285,0.449540,-0.036477,-0.109925,-0.035161,0.204560,-0.972027,0.000000,154.973488
29174,0.017274,0.449548,-0.036505,-0.110051,-0.034354,0.204463,-0.972061,0.000000,154.791870
29178,0.017282,0.449550,-0.036524,-0.109986,-0.034266,0.204297,-0.972107,0.000000,154.614716
29181,0.017297,0.449545,-0.036511,-0.109695,-0.035089,0.204169,-0.972137,0.000000,154.354820
29185,0.017260,0.449548,-0.036529,-0.109451,-0.035152,0.203768,-0.972247,0.000000,154.122391
29188,0.017238,0.449553,-0.036545,-0.109404,-0.035123,0.203605,-0.972287,0.000000,153.835030
29192,0.017222,0.449558,-0.036569,-0.109257,-0.035109,0.203345,-0.972358,0.000000,153.570671
29195,0.017220,0.449562,-0.036580,-0.109127,-0.035098,0.203214,-0.972401,0.000000,153.353348
29199,0.017208,0.449563,-0.036581,-0.108939,-0.035085,0.202912,-0.972486,0.000000,153.163147
29202,0.017193,0.449561,-0.036563,-0.109032,-0.035061,0.202822,-0.972495,0.000000,153.019981
29206,0.017169,0.449561,-0.036535,-0.108872,-0.035206,0.202502,-0.972574,0.000000,152.864113
29209,0.017158,0.449562,-0.036521,-0.108883,-0.035184,0.202371,-0.972601,0.000000,152.693138
29213,0.017157,0.449559,-0.036520,-0.108873,-0.035133,0.202232,-0.972633,0.000000,152.475128
29216,0.017169,0.449564,-0.036535,-0.108803,-0.035143,0.202190,-0.972649,0.000000,152.214203
29220,0.017163,0.449569,-0.036561,-0.108523,-0.035113,0.201869,-0.972748,0.000000,151.933365
29224,0.017143,0.449574,-0.036584,-0.108470,-0.035111,0.201622,-0.972805,0.000000,151.667976
29227,0.017122,0.449576,-0.036601,-0.108321,-0.035128,0.201361,-0.972875,0.000000,151.444130
29231,0.017090,0.449576,-0.036621,-0.108132,-0.035116,0.200975,-0.972977,0.000000,151.237450
29235,0.017081,0.449579,-0.036634,-0.108068,-0.035133,0.200828,-0.973014,0.000000,151.059952
29238,0.017066,0.449583,-0.036637,-0.107876,-0.035139,0.200594,-0.973083,0.000000,150.909576
29242,0.017043,0.449583,-0.036631,-0.107879,-0.035059,0.200376,-0.973130,0.000000,150.739975
29245,0.017020,0.449582,-0.036620,-0.107813,-0.035079,0.200108,-0.973192,0.000000,150.541878
29249,0.017002,0.449582,-0.036604,-0.107687,-0.035141,0.199787,-0.973270,0.000000,150.299492
29252,0.016995,0.449584,-0.036606,-0.107556,-0.035125,0.199536,-0.973336,0.000000,150.072212
29256,0.016994,0.449585,-0.036614,-0.107506,-0.035109,0.199352,-0.973380,0.000000,149.818497
29259,0.016991,0.449592,-0.036627,-0.107317,-0.035157,0.199065,-0.973458,0.000000,149.588814
29263,0.016976,0.449601,-0.036645,-0.107204,-0.035086,0.198787,-0.973530,0.000000,149.357414
29266,0.016957,0.449601,-0.036654,-0.107117,-0.035097,0.198535,-0.973590,0.000000,149.151764
29270,0.016936,0.449606,-0.036666,-0.106919,-0.035165,0.198303,-0.973657,0.000000,148.960190
29273,0.016923,0.449609,-0.036677,-0.106770,-0.035159,0.197997,-0.973736,-0.000343,148.773422
29277,0.016915,0.449613,-0.036685,-0.106816,-0.035092,0.197900,-0.973753,0.000000,148.570518
29280,0.016908,0.449619,-0.036691,-0.106649,-0.035135,0.197693,-0.973812,0.000000,148.366928
29284,0.016890,0.449618,-0.036691,-0.106547,-0.035165,0.197432,-0.973875,0.000000,148.133125
29288,0.016871,0.449618,-0.036687,-0.106476,-0.035146,0.197230,-0.973924,0.000000,147.920952
29291,0.016856,0.449620,-0.036686,-0.106368,-0.035176,0.196997,-0.973982,0.000000,147.709122
29295,0.016842,0.449624,-0.036685,-0.106227,-0.035164,0.196722,-0.974053,0.000000,147.468109
29298,0.016833,0.449627,-0.036688,-0.106163,-0.035106,0.196453,-0.974117,0.000000,147.273445
29302,0.016818,0.449632,-0.036695,-0.105916,-0.035197,0.196076,-0.974216,0.000000,147.071915
29305,0.016803,0.449637,-0.036701,-0.105803,-0.035163,0.195715,-0.974302,0.000000,146.866264
29309,0.016773,0.449637,-0.036711,-0.105716,-0.035101,0.195330,-0.974391,0.000000,146.640358
29312,0.016747,0.449639,-0.036722,-0.105502,-0.035151,0.194900,-0.974499,0.000000,146.410675
29316,0.016700,0.449648,-0.036751,-0.105137,-0.035112,0.194139,-0.974691,0.000000,146.197815
29320,0.016645,0.449662,-0.036783,-0.104730,-0.035214,0.193271,-0.974904,0.000000,145.985641
29323,0.016594,0.449667,-0.036814,-0.104732,-0.034690,0.192771,-0.975022,0.000000,145.780678
29327,0.016549,0.449672,-0.036832,-0.104499,-0.034585,0.192071,-0.975189,0.000000,145.579834
29330,0.016528,0.449674,-0.036836,-0.104410,-0.034582,0.191761,-0.975259,-0.000343,145.378304
29334,0.016507,0.449678,-0.036835,-0.104129,-0.034723,0.191305,-0.975374,0.000000,145.172310
29337,0.016492,0.449678,-0.036833,-0.104036,-0.034709,0.191017,-0.975441,-0.000343,144.957733
29341,0.016479,0.449683,-0.036836,-0.103958,-0.034635,0.190716,-0.975510,0.000000,144.711571
29344,0.016466,0.449683,-0.036835,-0.103843,-0.034665,0.190489,-0.975566,0.000000,144.502144
29348,0.016438,0.449686,-0.036842,-0.103583,-0.034647,0.189998,-0.975690,0.000000,144.271431
29352,0.016413,0.449688,-0.036851,-0.103438,-0.034702,0.189630,-0.975775,0.000000,144.062691
29355,0.016391,0.449692,-0.036866,-0.103249,-0.034696,0.189299,-0.975860,-0.000343,143.846397
29359,0.016364,0.449698,-0.036892,-0.103016,-0.034653,0.188846,-0.975973,0.000000,143.642464
29362,0.016351,0.449701,-0.036907,-0.102904,-0.034594,0.188572,-0.976040,0.000000,143.458443
29366,0.016329,0.449707,-0.036923,-0.102650,-0.034688,0.188171,-0.976141,0.000000,143.272362
29369,0.016312,0.449710,-0.036930,-0.102514,-0.034657,0.187920,-0.976205,-0.000343,143.077011
29373,0.016287,0.449710,-0.036931,-0.102448,-0.034607,0.187633,-0.976269,0.000000,142.865868
29376,0.016271,0.449709,-0.036929,-0.102312,-0.034632,0.187391,-0.976328,0.000000,142.640991
29380,0.016258,0.449712,-0.036927,-0.102127,-0.034655,0.187016,-0.976419,-0.000343,142.418175
29383,0.016246,0.449714,-0.036927,-0.102096,-0.034600,0.186804,-0.976465,0.000000,142.222481
29387,0.016232,0.449717,-0.036930,-0.101932,-0.034644,0.186480,-0.976542,-0.000343,142.062149
29390,0.016215,0.449719,-0.036934,-0.101829,-0.034638,0.186247,-0.976598,0.000000,141.941986
29394,0.016190,0.449720,-0.036945,-0.101757,-0.034593,0.185983,-0.976657,0.000000,141.861305
29398,0.016219,0.449959,-0.036757,-0.102130,-0.036509,0.187909,-0.976180,0.000000,141.791611
29401,0.016206,0.449960,-0.036772,-0.102016,-0.036477,0.187676,-0.976238,-0.000343,141.752472
29405,0.016161,0.449729,-0.036989,-0.101527,-0.034550,0.185484,-0.976777,-0.000343,141.691704
29408,0.016159,0.449730,-0.036995,-0.101404,-0.034588,0.185305,-0.976823,0.000000,141.610336
29412,0.016192,0.449964,-0.036799,-0.101885,-0.036462,0.187291,-0.976326,0.000000,141.520386
29416,0.016182,0.449962,-0.036795,-0.101886,-0.036431,0.187213,-0.976342,-0.000343,141.399193
29419,0.016174,0.449961,-0.036792,-0.101819,-0.036442,0.187071,-0.976376,-0.000343,141.286926
29422,0.016167,0.449964,-0.036787,-0.101701,-0.036464,0.186876,-0.976425,0.000000,141.172600
29426,0.016160,0.449962,-0.036779,-0.101774,-0.036390,0.186790,-0.976436,-0.000343,141.080933
29430,0.016148,0.449962,-0.036779,-0.101613,-0.036478,0.186580,-0.976490,-0.000343,140.993042
29433,0.016138,0.449963,-0.036785,-0.101573,-0.036448,0.186438,-0.976522,0.000000,140.910301
29437,0.016125,0.449961,-0.036792,-0.101576,-0.036393,0.186329,-0.976545,0.000000,140.825844
29440,0.016085,0.449740,-0.036994,-0.100933,-0.034589,0.184064,-0.977106,-0.000343,140.742416
29444,0.016109,0.449966,-0.036823,-0.101350,-0.036348,0.185994,-0.976634,-0.000343,140.656242
29447,0.016104,0.449968,-0.036831,-0.101353,-0.036343,0.185865,-0.976658,-0.000343,140.557365
29451,0.016094,0.449968,-0.036840,-0.101217,-0.036361,0.185705,-0.976702,-0.000343,140.457802
29454,0.016087,0.449970,-0.036844,-0.101157,-0.036366,0.185542,-0.976739,-0.000343,140.360298
29458,0.016073,0.449967,-0.036845,-0.101205,-0.036311,0.185403,-0.976763,-0.000343,140.266571
29462,0.016030,0.449750,-0.037028,-0.100428,-0.034614,0.183053,-0.977347,0.000000,140.162544
29465,0.016029,0.449752,-0.037024,-0.100411,-0.034586,0.182962,-0.977367,-0.000343,140.053368
29469,0.016017,0.449755,-0.037026,-0.100359,-0.034571,0.182810,-0.977401,0.000000,139.960327
29472,0.016010,0.449755,-0.037025,-0.100336,-0.034593,0.182716,-0.977421,0.000000,139.875526
29476,0.015994,0.449757,-0.037029,-0.100208,-0.034579,0.182462,-0.977482,-0.000343,139.798279
29479,0.015983,0.449757,-0.037030,-0.100241,-0.034548,0.182404,-0.977490,-0.000343,139.715881
29483,0.015981,0.449760,-0.037033,-0.100079,-0.034621,0.182173,-0.977547,0.000000,139.621124
29486,0.015974,0.449760,-0.037035,-0.100053,-0.034625,0.182098,-0.977564,-0.000343,139.509544
29490,0.015967,0.449762,-0.037043,-0.100033,-0.034553,0.181951,-0.977596,0.000000,139.396591
29493,0.015962,0.449761,-0.037044,-0.100036,-0.034546,0.181880,-0.977609,-0.000343,139.289131
29497,0.015946,0.449764,-0.037052,-0.099834,-0.034573,0.181579,-0.977684,0.000000,139.195404
29501,0.015939,0.449765,-0.037055,-0.099860,-0.034589,0.181491,-0.977698,-0.000343,139.109573
29504,0.015931,0.449768,-0.037060,-0.099778,-0.034606,0.181370,-0.977728,-0.000343,139.028206
29508,0.015920,0.449769,-0.037070,-0.099725,-0.034564,0.181159,-0.977774,-0.000343,138.949928
29511,0.015916,0.449770,-0.037076,-0.099708,-0.034539,0.181058,-0.977795,-0.000343,138.867874
29515,0.015905,0.449773,-0.037086,-0.099546,-0.034595,0.180874,-0.977844,0.000000,138.777237
29518,0.015901,0.449774,-0.037087,-0.099477,-0.034588,0.180762,-0.977872,0.000000,138.669090
29522,0.015890,0.449774,-0.037087,-0.099495,-0.034545,0.180637,-0.977895,-0.000343,138.552361
29526,0.015880,0.449776,-0.037085,-0.099360,-0.034584,0.180477,-0.977937,-0.000343,138.459663
29529,0.015874,0.449777,-0.037084,-0.099276,-0.034572,0.180276,-0.977982,-0.000343,138.349800
29532,0.015864,0.449776,-0.037084,-0.099204,-0.034562,0.180155,-0.978012,-0.000343,138.258820
29536,0.015854,0.449778,-0.037081,-0.099141,-0.034623,0.179963,-0.978052,0.000000,138.163719
29540,0.015841,0.449778,-0.037085,-0.099088,-0.034540,0.179789,-0.978092,-0.000343,138.082352
29543,0.015828,0.449779,-0.037090,-0.099035,-0.034552,0.179626,-0.978127,0.000000,137.998238
29546,0.015823,0.449781,-0.037095,-0.098996,-0.034537,0.179549,-0.978146,0.000000,137.911377
29550,0.015809,0.449784,-0.037107,-0.098801,-0.034611,0.179332,-0.978203,-0.000343,137.834129
29554,0.015798,0.449783,-0.037118,-0.098867,-0.034529,0.179265,-0.978211,-0.000343,137.740059
29557,0.015792,0.449785,-0.037127,-0.098768,-0.034543,0.179075,-0.978256,-0.000343,137.637405
29561,0.015781,0.449786,-0.037133,-0.098672,-0.034560,0.178884,-0.978300,-0.000343,137.513809
29564,0.015772,0.449788,-0.037137,-0.098603,-0.034569,0.178737,-0.978333,-0.000343,137.397766
29568,0.015765,0.449789,-0.037138,-0.098521,-0.034561,0.178558,-0.978374,-0.000343,137.309532
29572,0.015748,0.449791,-0.037142,-0.098392,-0.034554,0.178243,-0.978445,0.000000,137.211342
29575,0.015741,0.449795,-0.037142,-0.098321,-0.034534,0.178082,-0.978482,-0.000343,137.121735
29579,0.015725,0.449796,-0.037140,-0.098142,-0.034603,0.177739,-0.978560,-0.000343,137.036591
29582,0.015710,0.449796,-0.037141,-0.098035,-0.034599,0.177541,-0.978607,-0.000343,136.954536
29586,0.015695,0.449798,-0.037142,-0.098048,-0.034531,0.177402,-0.978633,-0.000343,136.871796
29590,0.015679,0.449802,-0.037152,-0.097826,-0.034587,0.177091,-0.978710,0.000000,136.776009
29593,0.015674,0.449804,-0.037161,-0.097783,-0.034567,0.177034,-0.978725,-0.000343,136.681595
29597,0.015692,0.449809,-0.037156,-0.097480,-0.035224,0.176878,-0.978760,-0.000343,136.578941
29600,0.015659,0.449808,-0.037182,-0.097634,-0.034624,0.176813,-0.978778,0.000000,136.476631
29604,0.015650,0.449808,-0.037190,-0.097604,-0.034603,0.176639,-0.978813,-0.000343,136.380844
29607,0.015670,0.449811,-0.037173,-0.097346,-0.035202,0.176557,-0.978832,-0.000343,136.285400
29611,0.015665,0.449815,-0.037172,-0.097155,-0.035274,0.176331,-0.978889,-0.000343,136.181374
29614,0.015663,0.449814,-0.037168,-0.097175,-0.035252,0.176266,-0.978900,0.000000,136.105843
29618,0.015630,0.449809,-0.037185,-0.097431,-0.034599,0.176192,-0.978911,-0.000343,136.023788
29621,0.015657,0.449814,-0.037164,-0.097119,-0.035237,0.176128,-0.978931,0.000000,135.947914
29625,0.015646,0.449816,-0.037165,-0.097013,-0.035242,0.175881,-0.978985,-0.000343,135.836678
29628,0.015639,0.449814,-0.037168,-0.097063,-0.035246,0.175881,-0.978980,0.000000,135.724068
29632,0.015628,0.449818,-0.037175,-0.096911,-0.035306,0.175689,-0.979028,-0.000343,135.611115
29635,0.015621,0.449821,-0.037180,-0.096885,-0.035296,0.175614,-0.979044,-0.000343,135.510521
29639,0.015610,0.449822,-0.037191,-0.096897,-0.035270,0.175505,-0.979063,-0.000343,135.418854
29643,0.015602,0.449825,-0.037194,-0.096696,-0.035336,0.175350,-0.979109,-0.000343,135.339203
29646,0.015597,0.449826,-0.037198,-0.096654,-0.035295,0.175220,-0.979138,0.000000,135.251656
29650,0.015595,0.449824,-0.037197,-0.096710,-0.035294,0.175203,-0.979135,-0.000343,135.158958
29653,0.015591,0.449825,-0.037197,-0.096635,-0.035299,0.175081,-0.979164,0.000000,135.053215
29657,0.015589,0.449825,-0.037200,-0.096612,-0.035280,0.174932,-0.979194,0.000000,134.958458
29660,0.015583,0.449825,-0.037197,-0.096618,-0.035239,0.174841,-0.979211,-0.000343,134.870911
29664,0.015577,0.449827,-0.037199,-0.096485,-0.035296,0.174733,-0.979241,-0.000343,134.780273
29667,0.015570,0.449829,-0.037200,-0.096431,-0.035267,0.174596,-0.979272,-0.000343,134.692726
29671,0.015563,0.449828,-0.037199,-0.096450,-0.035240,0.174548,-0.979280,-0.000343,134.588356
29674,0.015556,0.449830,-0.037203,-0.096394,-0.035266,0.174416,-0.979308,-0.000343,134.485359
29678,0.015546,0.449830,-0.037208,-0.096253,-0.035291,0.174244,-0.979351,0.000000,134.390945
29682,0.015535,0.449830,-0.037217,-0.096308,-0.035285,0.174171,-0.979359,-0.000343,134.290352
29685,0.015528,0.449834,-0.037224,-0.096154,-0.035326,0.174017,-0.979400,-0.000343,134.199715
29689,0.015519,0.449836,-0.037229,-0.096127,-0.035288,0.173914,-0.979422,-0.000343,134.119720
29692,0.015511,0.449834,-0.037235,-0.096090,-0.035285,0.173765,-0.979453,-0.000343,134.042816
29696,0.015509,0.449838,-0.037236,-0.095996,-0.035305,0.173694,-0.979474,-0.000343,133.955269
29699,0.015504,0.449837,-0.037238,-0.095902,-0.035305,0.173502,-0.979517,0.000000,133.849525
29703,0.015500,0.449838,-0.037236,-0.096020,-0.035237,0.173518,-0.979505,-0.000343,133.739662
29706,0.015500,0.449840,-0.037232,-0.095907,-0.035295,0.173374,-0.979539,-0.000343,133.631859
29710,0.015493,0.449840,-0.037231,-0.095836,-0.035307,0.173230,-0.979571,-0.000343,133.532295
29714,0.015485,0.449840,-0.037230,-0.095802,-0.035283,0.173161,-0.979588,-0.000343,133.452301
29714,0.015485,0.449840,-0.037230,-0.095802,-0.035283,0.173161,-0.979588,0.000000,133.354454
29714,0.015485,0.449840,-0.037230,-0.095802,-0.035283,0.173161,-0.979588,-0.000343,133.272057
29714,0.015485,0.449840,-0.037230,-0.095802,-0.035283,0.173161,-0.979588,0.000000,133.174896
29714,0.015485,0.449840,-0.037230,-0.095802,-0.035283,0.173161,-0.979588,-0.000343,133.081169
29714,0.015485,0.449840,-0.037230,-0.095802,-0.035283,0.173161,-0.979588,0.000000,132.982635
29714,0.015485,0.449840,-0.037230,-0.095802,-0.035283,0.173161,-0.979588,-0.000343,132.872086
29714,0.015485,0.449840,-0.037230,-0.095802,-0.035283,0.173161,-0.979588,-0.000343,132.790718
29714,0.015485,0.449840,-0.037230,-0.095802,-0.035283,0.173161,-0.979588,-0.000343,132.693214
29714,0.015485,0.449840,-0.037230,-0.095802,-0.035283,0.173161,-0.979588,-0.000343,132.603951
29714,0.015485,0.449840,-0.037230,-0.095802,-0.035283,0.173161,-0.979588,-0.000343,132.510910
29714,0.015485,0.449840,-0.037230,-0.095802,-0.035283,0.173161,-0.979588,0.000000,132.417183
29714,0.015485,0.449840,-0.037230,-0.095802,-0.035283,0.173161,-0.979588,0.000000,132.327232
29714,0.015485,0.449840,-0.037230,-0.095802,-0.035283,0.173161,-0.979588,-0.000343,132.238312
29714,0.015485,0.449840,-0.037230,-0.095802,-0.035283,0.173161,-0.979588,0.000000,132.153511
29714,0.015485,0.449840,-0.037230,-0.095802,-0.035283,0.173161,-0.979588,-0.000343,132.057381
29714,0.015485,0.449840,-0.037230,-0.095802,-0.035283,0.173161,-0.979588,-0.000343,131.944771
29714,0.015485,0.449840,-0.037230,-0.095802,-0.035283,0.173161,-0.979588,0.000000,131.843834
29714,0.015485,0.449840,-0.037230,-0.095802,-0.035283,0.173161,-0.979588,0.000000,131.739464
29714,0.015485,0.449840,-0.037230,-0.095802,-0.035283,0.173161,-0.979588,-0.000343,131.651573
29714,0.015485,0.449840,-0.037230,-0.095802,-0.035283,0.173161,-0.979588,0.000000,131.556816
29714,0.015485,0.449840,-0.037230,-0.095802,-0.035283,0.173161,-0.979588,-0.000343,131.444206
29714,0.015485,0.449840,-0.037230,-0.095802,-0.035283,0.173161,-0.979588,0.000000,131.358032
29714,0.015485,0.449840,-0.037230,-0.095802,-0.035283,0.173161,-0.979588,0.000000,131.275291
29714,0.015485,0.449840,-0.037230,-0.095802,-0.035283,0.173161,-0.979588,-0.000343,131.193581
29714,0.015485,0.449840,-0.037230,-0.095802,-0.035283,0.173161,-0.979588,-0.000343,131.111870
29714,0.015485,0.449840,-0.037230,-0.095802,-0.035283,0.173161,-0.979588,-0.000343,131.016083
29714,0.015485,0.449840,-0.037230,-0.095802,-0.035283,0.173161,-0.979588,0.000000,130.924759
29714,0.015485,0.449840,-0.037230,-0.095802,-0.035283,0.173161,-0.979588,0.000000,130.817986
29714,0.015485,0.449840,-0.037230,-0.095802,-0.035283,0.173161,-0.979588,-0.000343,130.704689
29820,0.015313,0.449866,-0.037310,-0.094375,-0.035262,0.170092,-0.980265,0.000000,130.598946
29824,0.015304,0.449866,-0.037313,-0.094241,-0.035320,0.169928,-0.980304,-0.000343,130.507622
29827,0.015293,0.449867,-0.037317,-0.094189,-0.035300,0.169789,-0.980334,0.000000,130.426941
29831,0.015280,0.449867,-0.037322,-0.094254,-0.035232,0.169719,-0.980342,-0.000343,130.355530
29834,0.015273,0.449868,-0.037325,-0.094135,-0.035283,0.169551,-0.980381,-0.000343,130.278282
29838,0.015265,0.449868,-0.037333,-0.094057,-0.035250,0.169439,-0.980409,-0.000343,130.192451
29841,0.015261,0.449869,-0.037339,-0.094033,-0.035233,0.169344,-0.980428,0.000000,130.077095
29845,0.015262,0.449871,-0.037343,-0.093919,-0.035282,0.169292,-0.980446,-0.000343,129.972382
29848,0.015257,0.449873,-0.037345,-0.093858,-0.035266,0.169125,-0.980481,-0.000343,129.845352
29852,0.015256,0.449872,-0.037345,-0.093949,-0.035208,0.169099,-0.980479,-0.000343,129.737206
29856,0.015253,0.449874,-0.037346,-0.093769,-0.035250,0.168861,-0.980536,-0.000343,129.649658
29859,0.015248,0.449875,-0.037343,-0.093786,-0.035239,0.168791,-0.980547,-0.000343,129.545975
29863,0.015236,0.449873,-0.037345,-0.093772,-0.035201,0.168705,-0.980564,-0.000343,129.447441
29866,0.015226,0.449874,-0.037345,-0.093702,-0.035228,0.168607,-0.980587,0.000000,129.372253
29870,0.015211,0.449875,-0.037354,-0.093600,-0.035217,0.168415,-0.980630,0.000000,129.305305
29873,0.015205,0.449874,-0.037357,-0.093614,-0.035217,0.168418,-0.980628,0.000000,129.230461
29877,0.015198,0.449877,-0.037364,-0.093472,-0.035274,0.168194,-0.980678,0.000000,129.144287
29881,0.015188,0.449876,-0.037374,-0.093472,-0.035235,0.168087,-0.980698,0.000000,129.043350
29884,0.015185,0.449877,-0.037375,-0.093484,-0.035193,0.168019,-0.980710,0.000000,128.921814
29888,0.015180,0.449881,-0.037379,-0.093256,-0.035249,0.167792,-0.980768,-0.000343,128.807831
29891,0.015178,0.449880,-0.037377,-0.093260,-0.035217,0.167718,-0.980782,0.000000,128.700714
29895,0.015175,0.449880,-0.037373,-0.093243,-0.035260,0.167623,-0.980798,-0.000343,128.610077
29898,0.015171,0.449881,-0.037373,-0.093183,-0.035249,0.167555,-0.980816,0.000000,128.526993
29902,0.015162,0.449880,-0.037374,-0.093163,-0.035212,0.167320,-0.980859,0.000000,128.452492
29905,0.015157,0.449882,-0.037379,-0.093172,-0.035206,0.167304,-0.980861,0.000000,128.378334
29909,0.015147,0.449884,-0.037388,-0.093013,-0.035234,0.167092,-0.980911,0.000000,128.285980
29912,0.015137,0.449884,-0.037394,-0.093051,-0.035196,0.167028,-0.980920,0.000000,128.181610
29916,0.015125,0.449885,-0.037402,-0.093013,-0.035167,0.166912,-0.980945,0.000000,128.073120
29919,0.015117,0.449885,-0.037405,-0.093034,-0.035178,0.166856,-0.980952,0.000000,127.967033
29923,0.015108,0.449887,-0.037409,-0.092854,-0.035180,0.166607,-0.981011,0.000000,127.868843
29927,0.015102,0.449887,-0.037406,-0.092877,-0.035187,0.166548,-0.981019,-0.000343,127.788162
29930,0.015100,0.449887,-0.037404,-0.092813,-0.035204,0.166389,-0.981051,0.000000,127.693748
29934,0.015097,0.449888,-0.037402,-0.092818,-0.035191,0.166324,-0.981062,0.000000,127.608261
29937,0.015092,0.449887,-0.037402,-0.092794,-0.035194,0.166232,-0.981080,0.000000,127.520027
29941,0.015089,0.449890,-0.037404,-0.092679,-0.035197,0.166137,-0.981107,0.000000,127.422180
29945,0.015080,0.449888,-0.037408,-0.092742,-0.035142,0.166076,-0.981113,0.000000,127.324677
29948,0.015078,0.449891,-0.037412,-0.092672,-0.035177,0.165991,-0.981133,0.000000,127.226486
29952,0.015072,0.449893,-0.037419,-0.092574,-0.035215,0.165840,-0.981166,0.000000,127.130013
29955,0.015065,0.449893,-0.037425,-0.092544,-0.035187,0.165745,-0.981186,0.000000,127.025642
29959,0.015059,0.449892,-0.037429,-0.092564,-0.035150,0.165713,-0.981191,0.000000,126.931572
29962,0.015052,0.449895,-0.037433,-0.092409,-0.035216,0.165590,-0.981224,0.000000,126.842308
29966,0.015046,0.449895,-0.037433,-0.092444,-0.035189,0.165560,-0.981227,0.000000,126.737938
29969,0.015040,0.449894,-0.037434,-0.092433,-0.035139,0.165431,-0.981251,-0.000343,126.638031
29973,0.015037,0.449896,-0.037435,-0.092324,-0.035204,0.165321,-0.981278,0.000000,126.557350
29976,0.015031,0.449895,-0.037436,-0.092237,-0.035205,0.165172,-0.981311,0.000000,126.475983
29980,0.015026,0.449895,-0.037437,-0.092345,-0.035149,0.165158,-0.981305,-0.000343,126.390839
29984,0.015021,0.449896,-0.037440,-0.092136,-0.035202,0.164936,-0.981360,0.000000,126.286812
29987,0.015017,0.449896,-0.037441,-0.092186,-0.035177,0.164927,-0.981358,0.000000,126.189651
29990,0.015011,0.449898,-0.037445,-0.092146,-0.035185,0.164788,-0.981385,0.000000,126.087685
29994,0.015003,0.449899,-0.037448,-0.092048,-0.035212,0.164662,-0.981414,0.000000,125.979195
29998,0.014985,0.449899,-0.037456,-0.092008,-0.035190,0.164465,-0.981452,0.000000,125.881691
30001,0.014980,0.449900,-0.037457,-0.092040,-0.035183,0.164451,-0.981451,0.000000,125.790710
30005,0.014973,0.449903,-0.037463,-0.091845,-0.035248,0.164230,-0.981504,0.000000,125.703163
30008,0.014966,0.449903,-0.037466,-0.091823,-0.035219,0.164133,-0.981524,0.000000,125.618706
30012,0.014962,0.449904,-0.037470,-0.091833,-0.035219,0.164067,-0.981534,0.000000,125.532188
30015,0.014956,0.449904,-0.037472,-0.091752,-0.035221,0.164025,-0.981548,0.000000,125.438461
30019,0.014948,0.449905,-0.037474,-0.091633,-0.035229,0.163811,-0.981595,0.000000,125.339928
30022,0.014949,0.449905,-0.037474,-0.091685,-0.035191,0.163813,-0.981591,0.000000,125.242081
30026,0.014942,0.449908,-0.037471,-0.091587,-0.035230,0.163663,-0.981624,0.000343,125.149727
30030,0.014939,0.449907,-0.037471,-0.091552,-0.035232,0.163508,-0.981653,0.000000,125.040550
30033,0.014934,0.449907,-0.037472,-0.091591,-0.035185,0.163496,-0.981653,0.000000,124.945793
30037,0.014927,0.449912,-0.037479,-0.091411,-0.035225,0.163301,-0.981701,0.000000,124.843483
30040,0.014920,0.449910,-0.037481,-0.091382,-0.035249,0.163239,-0.981713,0.000000,124.765549
30044,0.014911,0.449911,-0.037488,-0.091400,-0.035224,0.163157,-0.981726,0.000000,124.697914
30048,0.014905,0.449912,-0.037493,-0.091314,-0.035250,0.163009,-0.981757,0.000000,124.605904
30051,0.014897,0.449912,-0.037499,-0.091257,-0.035238,0.162877,-0.981785,0.000000,124.500847
30055,0.014889,0.449913,-0.037505,-0.091272,-0.035249,0.162848,-0.981788,0.000000,124.403000
30058,0.014884,0.449915,-0.037505,-0.091126,-0.035232,0.162667,-0.981832,0.000000,124.284210
30061,0.014878,0.449915,-0.037503,-0.091113,-0.035257,0.162571,-0.981848,0.000000,124.174004
30065,0.014872,0.449915,-0.037503,-0.091116,-0.035205,0.162489,-0.981864,0.000000,124.085426
30069,0.014869,0.449919,-0.037503,-0.091022,-0.035234,0.162367,-0.981891,0.000000,123.983459
30072,0.014862,0.449918,-0.037503,-0.090950,-0.035257,0.162226,-0.981920,0.000000,123.893166
30076,0.014856,0.449918,-0.037506,-0.091044,-0.035203,0.162226,-0.981914,0.000343,123.814888
30079,0.014850,0.449918,-0.037510,-0.090920,-0.035233,0.162057,-0.981952,0.000000,123.732491
30083,0.014843,0.449918,-0.037515,-0.090901,-0.035231,0.162012,-0.981961,0.000000,123.660736
30086,0.014841,0.449919,-0.037520,-0.090887,-0.035231,0.161908,-0.981980,0.000000,123.571815
30090,0.014838,0.449920,-0.037524,-0.090789,-0.035245,0.161897,-0.981990,0.000000,123.477402
30094,0.014834,0.449919,-0.037527,-0.090814,-0.035228,0.161837,-0.981998,0.000000,123.368568
30097,0.014833,0.449923,-0.037526,-0.090808,-0.035214,0.161779,-0.982009,0.000000,123.250809
30101,0.014833,0.449923,-0.037524,-0.090698,-0.035279,0.161632,-0.982041,0.000000,123.138542
30104,0.014830,0.449924,-0.037523,-0.090648,-0.035255,0.161567,-0.982057,0.000000,123.027992
30108,0.014824,0.449924,-0.037520,-0.090681,-0.035231,0.161567,-0.982055,0.000000,122.937355
30111,0.014819,0.449926,-0.037522,-0.090626,-0.035233,0.161468,-0.982076,0.000343,122.864571
30115,0.014810,0.449926,-0.037524,-0.090564,-0.035222,0.161369,-0.982099,0.000000,122.797966
30119,0.014805,0.449925,-0.037527,-0.090526,-0.035282,0.161214,-0.982125,0.000343,122.724495
30122,0.014801,0.449926,-0.037532,-0.090511,-0.035260,0.161213,-0.982128,0.000000,122.630081
30125,0.014794,0.449927,-0.037537,-0.090473,-0.035264,0.161139,-0.982143,0.000000,122.523308
30129,0.014789,0.449927,-0.037546,-0.090543,-0.035198,0.161147,-0.982138,0.000000,122.408638
30132,0.014787,0.449928,-0.037550,-0.090470,-0.035206,0.161071,-0.982157,0.000000,122.300835
30136,0.014787,0.449930,-0.037554,-0.090363,-0.035250,0.160972,-0.982181,0.000000,122.206764
30140,0.014786,0.449930,-0.037554,-0.090336,-0.035220,0.160862,-0.982203,0.000343,122.113380
30143,0.014785,0.449929,-0.037549,-0.090342,-0.035251,0.160887,-0.982197,0.000343,122.027550
30147,0.014778,0.449928,-0.037546,-0.090279,-0.035198,0.160667,-0.982241,0.000343,121.940002
30150,0.014776,0.449929,-0.037540,-0.090339,-0.035196,0.160692,-0.982231,0.000000,121.848335
30154,0.014766,0.449930,-0.037540,-0.090200,-0.035240,0.160534,-0.982268,0.000343,121.750488
30157,0.014764,0.449928,-0.037543,-0.090206,-0.035267,0.160535,-0.982267,0.000000,121.659164
30161,0.014756,0.449929,-0.037550,-0.090178,-0.035229,0.160441,-0.982286,0.000000,121.565094
30165,0.014750,0.449931,-0.037560,-0.090051,-0.035281,0.160320,-0.982315,0.000343,121.459694
30168,0.014743,0.449932,-0.037567,-0.090022,-0.035235,0.160216,-0.982337,0.000343,121.368370
30172,0.014738,0.449931,-0.037571,-0.090062,-0.035230,0.160206,-0.982335,0.000343,121.269836
30175,0.014736,0.449932,-0.037574,-0.089964,-0.035257,0.160049,-0.982369,0.000000,121.172333
30179,0.014731,0.449933,-0.037573,-0.090004,-0.035236,0.160001,-0.982373,0.000343,121.071739
30182,0.014730,0.449931,-0.037569,-0.089971,-0.035239,0.159917,-0.982390,0.000000,121.002045
30186,0.014725,0.449935,-0.037566,-0.089860,-0.035280,0.159829,-0.982413,0.000343,120.912781
30189,0.014721,0.449934,-0.037566,-0.089808,-0.035252,0.159712,-0.982438,0.000343,120.827293
30189,0.014721,0.449934,-0.037566,-0.089808,-0.035252,0.159712,-0.982438,0.000000,120.725670
30189,0.014721,0.449934,-0.037566,-0.089808,-0.035252,0.159712,-0.982438,0.000000,120.623360
30189,0.014721,0.449934,-0.037566,-0.089808,-0.035252,0.159712,-0.982438,0.000343,120.507660
30189,0.014721,0.449934,-0.037566,-0.089808,-0.035252,0.159712,-0.982438,0.000343,120.399857
30189,0.014721,0.449934,-0.037566,-0.089808,-0.035252,0.159712,-0.982438,0.000343,120.310936
30189,0.014721,0.449934,-0.037566,-0.089808,-0.035252,0.159712,-0.982438,0.000343,120.215149
30189,0.014721,0.449934,-0.037566,-0.089808,-0.035252,0.159712,-0.982438,0.000343,120.134468
30189,0.014721,0.449934,-0.037566,-0.089808,-0.035252,0.159712,-0.982438,0.000343,120.053787
30189,0.014721,0.449934,-0.037566,-0.089808,-0.035252,0.159712,-0.982438,0.000343,119.972763
30189,0.014721,0.449934,-0.037566,-0.089808,-0.035252,0.159712,-0.982438,0.000000,119.869766
30189,0.014721,0.449934,-0.037566,-0.089808,-0.035252,0.159712,-0.982438,0.000343,119.782906
30189,0.014721,0.449934,-0.037566,-0.089808,-0.035252,0.159712,-0.982438,0.000343,119.684029
30189,0.014721,0.449934,-0.037566,-0.089808,-0.035252,0.159712,-0.982438,0.000343,119.574165
30189,0.014721,0.449934,-0.037566,-0.089808,-0.035252,0.159712,-0.982438,0.000343,119.472542
30189,0.014721,0.449934,-0.037566,-0.089808,-0.035252,0.159712,-0.982438,0.000343,119.363365
30189,0.014721,0.449934,-0.037566,-0.089808,-0.035252,0.159712,-0.982438,0.000000,119.281998
30189,0.014721,0.449934,-0.037566,-0.089808,-0.035252,0.159712,-0.982438,0.000343,119.200630
30189,0.014721,0.449934,-0.037566,-0.089808,-0.035252,0.159712,-0.982438,0.000343,119.120636
30189,0.014721,0.449934,-0.037566,-0.089808,-0.035252,0.159712,-0.982438,0.000343,119.035835
30189,0.014721,0.449934,-0.037566,-0.089808,-0.035252,0.159712,-0.982438,0.000343,118.939018
30189,0.014721,0.449934,-0.037566,-0.089808,-0.035252,0.159712,-0.982438,0.000343,118.831215
30189,0.014721,0.449934,-0.037566,-0.089808,-0.035252,0.159712,-0.982438,0.000343,118.728905
30189,0.014721,0.449934,-0.037566,-0.089808,-0.035252,0.159712,-0.982438,0.000343,118.623505
30189,0.014721,0.449934,-0.037566,-0.089808,-0.035252,0.159712,-0.982438,0.000343,118.519478
30189,0.014721,0.449934,-0.037566,-0.089808,-0.035252,0.159712,-0.982438,0.000343,118.437080
30189,0.014721,0.449934,-0.037566,-0.089808,-0.035252,0.159712,-0.982438,0.000343,118.349190
30189,0.014721,0.449934,-0.037566,-0.089808,-0.035252,0.159712,-0.982438,0.000343,118.263702
30189,0.014721,0.449934,-0.037566,-0.089808,-0.035252,0.159712,-0.982438,0.000343,118.169975
30189,0.014721,0.449934,-0.037566,-0.089808,-0.035252,0.159712,-0.982438,0.000343,118.076591
30296,0.014508,0.449952,-0.037658,-0.088025,-0.035257,0.156095,-0.983180,0.000000,117.985268
30299,0.014502,0.449952,-0.037661,-0.088094,-0.035227,0.156088,-0.983176,0.000343,117.890511
30303,0.014493,0.449952,-0.037664,-0.087913,-0.035288,0.155874,-0.983224,0.000343,117.791634
30307,0.014489,0.449953,-0.037668,-0.087941,-0.035254,0.155850,-0.983227,0.000343,117.689323
30310,0.014484,0.449952,-0.037672,-0.087900,-0.035222,0.155737,-0.983249,0.000343,117.579117
30314,0.014477,0.449955,-0.037678,-0.087723,-0.035247,0.155581,-0.983289,0.000343,117.500153
30317,0.014472,0.449957,-0.037681,-0.087675,-0.035284,0.155467,-0.983310,0.000343,117.404022
30321,0.014465,0.449955,-0.037680,-0.087735,-0.035264,0.155416,-0.983313,0.000000,117.308235
30324,0.014461,0.449955,-0.037683,-0.087671,-0.035276,0.155291,-0.983338,0.000343,117.237511
30328,0.014453,0.449956,-0.037682,-0.087643,-0.035258,0.155170,-0.983360,0.000343,117.152710
30331,0.014446,0.449958,-0.037683,-0.087581,-0.035267,0.155085,-0.983379,0.000343,117.051430
30335,0.014440,0.449958,-0.037686,-0.087475,-0.035301,0.154970,-0.983406,0.000000,116.942253
30338,0.014433,0.449960,-0.037690,-0.087393,-0.035284,0.154820,-0.983437,0.000343,116.835136
30342,0.014430,0.449959,-0.037690,-0.087446,-0.035280,0.154808,-0.983434,0.000343,116.732483
30345,0.014427,0.449961,-0.037695,-0.087345,-0.035280,0.154690,-0.983462,0.000000,116.637039
30349,0.014421,0.449960,-0.037700,-0.087284,-0.035280,0.154512,-0.983495,0.000343,116.561852
30353,0.014415,0.449960,-0.037702,-0.087290,-0.035253,0.154491,-0.983499,0.000000,116.471214
30356,0.014407,0.449961,-0.037705,-0.087197,-0.035280,0.154328,-0.983532,0.000343,116.377144
30360,0.014397,0.449961,-0.037706,-0.087149,-0.035248,0.154242,-0.983551,0.000000,116.286163
30363,0.014391,0.449959,-0.037709,-0.087101,-0.035261,0.154129,-0.983572,0.000343,116.189003
30367,0.014382,0.449961,-0.037712,-0.086965,-0.035335,0.154019,-0.983599,0.000343,116.091156
30370,0.014376,0.449964,-0.037717,-0.086896,-0.035310,0.153878,-0.983628,0.000000,115.998459
30374,0.014369,0.449964,-0.037722,-0.086973,-0.035253,0.153806,-0.983634,0.000000,115.912971
30378,0.014361,0.449968,-0.037727,-0.086772,-0.035308,0.153546,-0.983691,0.000343,115.820618
30381,0.014356,0.449965,-0.037729,-0.086777,-0.035297,0.153499,-0.983698,0.000343,115.725861
30385,0.014349,0.449966,-0.037727,-0.086736,-0.035281,0.153366,-0.983723,0.000343,115.620117
30388,0.014344,0.449968,-0.037729,-0.086692,-0.035284,0.153266,-0.983742,0.000343,115.511284
30392,0.014337,0.449967,-0.037727,-0.086603,-0.035293,0.153072,-0.983780,0.000000,115.415840
30395,0.014334,0.449970,-0.037725,-0.086626,-0.035262,0.153027,-0.983786,0.000000,115.336876
30398,0.014329,0.449969,-0.037726,-0.086554,-0.035292,0.152922,-0.983808,0.000000,115.258942
30402,0.014320,0.449971,-0.037730,-0.086481,-0.035317,0.152746,-0.983841,0.000000,115.167274
30406,0.014307,0.449969,-0.037737,-0.086457,-0.035303,0.152609,-0.983864,0.000343,115.060158
30410,0.014290,0.449975,-0.037750,-0.086252,-0.035333,0.152351,-0.983921,0.000343,114.961624
30413,0.014281,0.449976,-0.037756,-0.086234,-0.035318,0.152271,-0.983936,0.000000,114.867210
30417,0.014272,0.449981,-0.037761,-0.086179,-0.035347,0.152124,-0.983963,0.000000,114.758034
30420,0.014266,0.449981,-0.037765,-0.086099,-0.035362,0.152016,-0.983986,0.000000,114.683189
30424,0.014252,0.449980,-0.037770,-0.086034,-0.035337,0.151760,-0.984032,0.000343,114.579506
30427,0.014248,0.449983,-0.037770,-0.086055,-0.035311,0.151681,-0.984043,0.000000,114.491272
30431,0.014240,0.449983,-0.037772,-0.085852,-0.035354,0.151419,-0.984100,0.000343,114.394455
30434,0.014237,0.449984,-0.037770,-0.085858,-0.035337,0.151305,-0.984117,0.000343,114.296265
30438,0.014232,0.449986,-0.037768,-0.085839,-0.035333,0.151211,-0.984133,0.000000,114.203911
30441,0.014226,0.449985,-0.037767,-0.085805,-0.035343,0.151133,-0.984148,0.000343,114.102631
30445,0.014214,0.449986,-0.037771,-0.085681,-0.035341,0.150912,-0.984193,0.000343,114.012680
30448,0.014207,0.449988,-0.037773,-0.085695,-0.035334,0.150888,-0.984195,0.000343,113.928909
30452,0.014196,0.449989,-0.037777,-0.085560,-0.035406,0.150731,-0.984229,0.000343,113.833809
30456,0.014188,0.449991,-0.037788,-0.085577,-0.035349,0.150628,-0.984245,0.000343,113.738022
30459,0.014181,0.449991,-0.037791,-0.085533,-0.035369,0.150539,-0.984262,0.000343,113.638115
30463,0.014174,0.449994,-0.037801,-0.085363,-0.035404,0.150423,-0.984293,0.000343,113.550224
30466,0.014170,0.449994,-0.037803,-0.085320,-0.035399,0.150304,-0.984315,0.000343,113.463707
30470,0.014168,0.449995,-0.037804,-0.085408,-0.035390,0.150287,-0.984311,0.000343,113.366890
30473,0.014165,0.449993,-0.037804,-0.085264,-0.035417,0.150175,-0.984339,0.000343,113.273506
30477,0.014099,0.450004,-0.037828,-0.085558,-0.034117,0.150486,-0.984312,0.000000,113.174973
30481,0.014162,0.449994,-0.037797,-0.085266,-0.035395,0.150072,-0.984355,0.000000,113.071632
30484,0.014155,0.449995,-0.037800,-0.085155,-0.035403,0.149873,-0.984395,0.000343,112.979279
30487,0.014150,0.449995,-0.037802,-0.085072,-0.035394,0.149753,-0.984421,0.000343,112.880402
30491,0.014143,0.449995,-0.037805,-0.085123,-0.035366,0.149732,-0.984420,0.000000,112.795601
30495,0.014139,0.449997,-0.037810,-0.084987,-0.035434,0.149620,-0.984447,0.000000,112.695694
30498,0.014131,0.449998,-0.037814,-0.084900,-0.035411,0.149492,-0.984475,0.000000,112.588921
30502,0.014122,0.449998,-0.037819,-0.085006,-0.035378,0.149487,-0.984467,0.000343,112.500687
30505,0.014115,0.449998,-0.037822,-0.084902,-0.035410,0.149344,-0.984497,0.000000,112.415199
30509,0.014111,0.450000,-0.037823,-0.084840,-0.035420,0.149274,-0.984513,0.000000,112.332802
30512,0.014106,0.449997,-0.037826,-0.084795,-0.035390,0.149154,-0.984536,0.000343,112.249718
30512,0.014106,0.449997,-0.037826,-0.084795,-0.035390,0.149154,-0.984536,0.000000,112.149124
30512,0.014106,0.449997,-0.037826,-0.084795,-0.035390,0.149154,-0.984536,0.000000,112.046471
30512,0.014106,0.449997,-0.037826,-0.084795,-0.035390,0.149154,-0.984536,0.000000,111.937637
30512,0.014106,0.449997,-0.037826,-0.084795,-0.035390,0.149154,-0.984536,0.000343,111.833611
30512,0.014106,0.449997,-0.037826,-0.084795,-0.035390,0.149154,-0.984536,0.000343,111.739883
30512,0.014106,0.449997,-0.037826,-0.084795,-0.035390,0.149154,-0.984536,0.000343,111.642036
30512,0.014106,0.449997,-0.037826,-0.084795,-0.035390,0.149154,-0.984536,0.000343,111.579895
30512,0.014106,0.449997,-0.037826,-0.084795,-0.035390,0.149154,-0.984536,0.000343,111.496468
30512,0.014106,0.449997,-0.037826,-0.084795,-0.035390,0.149154,-0.984536,0.000343,111.394844
30512,0.014106,0.449997,-0.037826,-0.084795,-0.035390,0.149154,-0.984536,0.000343,111.289444
30512,0.014106,0.449997,-0.037826,-0.084795,-0.035390,0.149154,-0.984536,0.000000,111.189194
30512,0.014106,0.449997,-0.037826,-0.084795,-0.035390,0.149154,-0.984536,0.000343,111.093750
30512,0.014106,0.449997,-0.037826,-0.084795,-0.035390,0.149154,-0.984536,0.000000,111.002083
30512,0.014106,0.449997,-0.037826,-0.084795,-0.035390,0.149154,-0.984536,0.000000,110.918312
30512,0.014106,0.449997,-0.037826,-0.084795,-0.035390,0.149154,-0.984536,0.000000,110.819435
30512,0.014106,0.449997,-0.037826,-0.084795,-0.035390,0.149154,-0.984536,0.000000,110.716438
30512,0.014106,0.449997,-0.037826,-0.084795,-0.035390,0.149154,-0.984536,0.000343,110.625458
30512,0.014106,0.449997,-0.037826,-0.084795,-0.035390,0.149154,-0.984536,0.000343,110.533447
30512,0.014106,0.449997,-0.037826,-0.084795,-0.035390,0.149154,-0.984536,0.000000,110.441780
30512,0.014106,0.449997,-0.037826,-0.084795,-0.035390,0.149154,-0.984536,0.000000,110.352516
30512,0.014106,0.449997,-0.037826,-0.084795,-0.035390,0.149154,-0.984536,0.000343,110.265999
30512,0.014106,0.449997,-0.037826,-0.084795,-0.035390,0.149154,-0.984536,0.000000,110.174675
30512,0.014106,0.449997,-0.037826,-0.084795,-0.035390,0.149154,-0.984536,0.000343,110.066872
30512,0.014106,0.449997,-0.037826,-0.084795,-0.035390,0.149154,-0.984536,0.000000,109.962845
30512,0.014106,0.449997,-0.037826,-0.084795,-0.035390,0.149154,-0.984536,0.000000,109.854355
30512,0.014106,0.449997,-0.037826,-0.084795,-0.035390,0.149154,-0.984536,0.000000,109.750671
30512,0.014106,0.449997,-0.037826,-0.084795,-0.035390,0.149154,-0.984536,0.000000,109.692650
30512,0.014106,0.449997,-0.037826,-0.084795,-0.035390,0.149154,-0.984536,0.000000,109.612999
30512,0.014106,0.449997,-0.037826,-0.084795,-0.035390,0.149154,-0.984536,0.000343,109.523392
30619,0.013943,0.450010,-0.037898,-0.083370,-0.035399,0.146174,-0.985104,0.000000,109.425888
30623,0.013934,0.450012,-0.037894,-0.083305,-0.035446,0.146018,-0.985131,0.000000,109.330101
30626,0.013925,0.450011,-0.037897,-0.083209,-0.035418,0.145853,-0.985164,0.000343,109.227791
30630,0.013912,0.450010,-0.037901,-0.083210,-0.035429,0.145655,-0.985193,0.000000,109.113808
30633,0.013888,0.450012,-0.037912,-0.083015,-0.035396,0.145278,-0.985266,0.000000,109.010468
30637,0.013875,0.450013,-0.037921,-0.082926,-0.035357,0.144986,-0.985318,0.000343,108.905067
30640,0.013858,0.450015,-0.037929,-0.082835,-0.035356,0.144746,-0.985361,0.000000,108.811684
30644,0.013844,0.450019,-0.037939,-0.082680,-0.035399,0.144508,-0.985408,0.000000,108.725853
30647,0.013832,0.450019,-0.037944,-0.082570,-0.035399,0.144263,-0.985453,0.000000,108.648605
30651,0.013768,0.450029,-0.037965,-0.082692,-0.034501,0.144480,-0.985443,0.000000,108.573761
30654,0.013810,0.450018,-0.037953,-0.082471,-0.035383,0.143891,-0.985516,0.000000,108.483124
30658,0.013801,0.450020,-0.037956,-0.082350,-0.035392,0.143666,-0.985559,0.000000,108.387337
30662,0.013789,0.450021,-0.037957,-0.082314,-0.035360,0.143531,-0.985583,0.000000,108.290520
30665,0.013780,0.450022,-0.037958,-0.082219,-0.035371,0.143364,-0.985614,0.000000,108.177910
30669,0.013718,0.450033,-0.037977,-0.082234,-0.034486,0.143537,-0.985619,0.000000,108.064270
30672,0.013759,0.450019,-0.037965,-0.082130,-0.035324,0.143052,-0.985669,0.000000,107.963676
30676,0.013751,0.450021,-0.037970,-0.081945,-0.035373,0.142847,-0.985712,0.000000,107.882996
30679,0.013742,0.450021,-0.037974,-0.081897,-0.035360,0.142662,-0.985744,0.000000,107.820511
30683,0.013684,0.450032,-0.037993,-0.081988,-0.034497,0.142944,-0.985726,0.000000,107.738113
30686,0.013727,0.450024,-0.037982,-0.081779,-0.035333,0.142339,-0.985801,0.000000,107.631683
30690,0.013708,0.450022,-0.037992,-0.081616,-0.035298,0.142022,-0.985861,0.000000,107.532463
30694,0.013701,0.450024,-0.037996,-0.081498,-0.035328,0.141855,-0.985894,0.000000,107.415047
30697,0.013691,0.450023,-0.037998,-0.081458,-0.035308,0.141718,-0.985918,0.000000,107.327843
30700,0.013613,0.450041,-0.038028,-0.081535,-0.034062,0.142071,-0.985905,0.000000,107.232742
30704,0.013600,0.450041,-0.038030,-0.081569,-0.034006,0.141938,-0.985923,0.000000,107.140045
30708,0.013600,0.450021,-0.038042,-0.081581,-0.034187,0.141322,-0.986004,0.000000,107.044258
30711,0.013595,0.450024,-0.038044,-0.081570,-0.034175,0.141253,-0.986015,0.000000,106.957397
30715,0.013581,0.450022,-0.038050,-0.081541,-0.034148,0.141104,-0.986040,0.000000,106.870537
30718,0.013575,0.450021,-0.038055,-0.081491,-0.034144,0.141027,-0.986055,0.000000,106.776466
30722,0.013565,0.450025,-0.038064,-0.081312,-0.034142,0.140756,-0.986109,0.000000,106.680336
30726,0.013559,0.450024,-0.038067,-0.081288,-0.034167,0.140682,-0.986121,0.000000,106.586952
30729,0.013560,0.450027,-0.038070,-0.081210,-0.034176,0.140537,-0.986147,0.000000,106.487732
30732,0.013577,0.450027,-0.038054,-0.080973,-0.034681,0.140357,-0.986175,-0.000343,106.381302
30736,0.013548,0.450028,-0.038068,-0.081171,-0.034126,0.140291,-0.986187,0.000000,106.282425
30740,0.013538,0.450029,-0.038068,-0.081005,-0.034187,0.140065,-0.986231,0.000000,106.192474
30743,0.013527,0.450028,-0.038069,-0.080964,-0.034141,0.139965,-0.986250,0.000000,106.110764
30747,0.013515,0.450028,-0.038070,-0.080951,-0.034133,0.139875,-0.986264,0.000000,106.031113
30750,0.013506,0.450027,-0.038075,-0.080901,-0.034140,0.139770,-0.986283,0.000000,105.952148
30754,0.013493,0.450030,-0.038083,-0.080787,-0.034145,0.139569,-0.986320,0.000000,105.846062
30757,0.013486,0.450031,-0.038094,-0.080767,-0.034107,0.139543,-0.986327,0.000000,105.747528
30761,0.013480,0.450033,-0.038102,-0.080647,-0.034170,0.139348,-0.986362,0.000000,105.638008
30765,0.013533,0.450037,-0.038080,-0.080228,-0.035286,0.139072,-0.986396,0.000000,105.524368
30768,0.013472,0.450036,-0.038110,-0.080572,-0.034146,0.139149,-0.986397,0.000000,105.425491
30772,0.013525,0.450040,-0.038082,-0.080008,-0.035328,0.138781,-0.986453,0.000000,105.343437
30775,0.013462,0.450039,-0.038109,-0.080378,-0.034147,0.138809,-0.986461,0.000000,105.264130
30779,0.013457,0.450037,-0.038101,-0.080442,-0.034139,0.138753,-0.986464,0.000000,105.183449
30782,0.013452,0.450035,-0.038101,-0.080348,-0.034152,0.138560,-0.986498,0.000000,105.094872
30786,0.013437,0.450034,-0.038103,-0.080264,-0.034137,0.138371,-0.986532,-0.000343,105.004921
30789,0.013430,0.450036,-0.038106,-0.080246,-0.034126,0.138256,-0.986550,0.000000,104.896431
30793,0.013412,0.450039,-0.038117,-0.080098,-0.034145,0.138109,-0.986582,0.000000,104.805450
30796,0.013396,0.450040,-0.038128,-0.079996,-0.034134,0.137839,-0.986629,-0.000343,104.705887
30800,0.013381,0.450043,-0.038138,-0.079947,-0.034126,0.137665,-0.986657,0.000000,104.599800
30804,0.013364,0.450045,-0.038147,-0.079780,-0.034164,0.137371,-0.986710,0.000000,104.502983
30807,0.013353,0.450047,-0.038153,-0.079674,-0.034139,0.137141,-0.986752,0.000000,104.408913
30811,0.013341,0.450045,-0.038154,-0.079714,-0.034113,0.137012,-0.986767,0.000000,104.317589
30814,0.013334,0.450046,-0.038155,-0.079549,-0.034142,0.136750,-0.986816,0.000000,104.227295
30818,0.013326,0.450049,-0.038159,-0.079472,-0.034121,0.136563,-0.986849,0.000000,104.136314
30821,0.013318,0.450050,-0.038157,-0.079446,-0.034105,0.136422,-0.986871,0.000000,104.062843
30825,0.013309,0.450051,-0.038160,-0.079311,-0.034142,0.136269,-0.986902,0.000000,103.967056
30825,0.013309,0.450051,-0.038160,-0.079311,-0.034142,0.136269,-0.986902,0.000000,103.870926
30825,0.013309,0.450051,-0.038160,-0.079311,-0.034142,0.136269,-0.986902,-0.000343,103.762779
30825,0.013309,0.450051,-0.038160,-0.079311,-0.034142,0.136269,-0.986902,0.000000,103.649483
30825,0.013309,0.450051,-0.038160,-0.079311,-0.034142,0.136269,-0.986902,-0.000343,103.554382
30825,0.013309,0.450051,-0.038160,-0.079311,-0.034142,0.136269,-0.986902,0.000000,103.469238
30825,0.013309,0.450051,-0.038160,-0.079311,-0.034142,0.136269,-0.986902,0.000000,103.379974
30825,0.013309,0.450051,-0.038160,-0.079311,-0.034142,0.136269,-0.986902,-0.000343,103.290367
30825,0.013309,0.450051,-0.038160,-0.079311,-0.034142,0.136269,-0.986902,0.000000,103.204536
30825,0.013309,0.450051,-0.038160,-0.079311,-0.034142,0.136269,-0.986902,0.000000,103.121109
30825,0.013309,0.450051,-0.038160,-0.079311,-0.034142,0.136269,-0.986902,0.000000,103.016396
30825,0.013309,0.450051,-0.038160,-0.079311,-0.034142,0.136269,-0.986902,0.000000,102.920609
30825,0.013309,0.450051,-0.038160,-0.079311,-0.034142,0.136269,-0.986902,0.000000,102.823448
30825,0.013309,0.450051,-0.038160,-0.079311,-0.034142,0.136269,-0.986902,-0.000343,102.720108
30825,0.013309,0.450051,-0.038160,-0.079311,-0.034142,0.136269,-0.986902,0.000000,102.625008
30825,0.013309,0.450051,-0.038160,-0.079311,-0.034142,0.136269,-0.986902,0.000000,102.529907
30825,0.013309,0.450051,-0.038160,-0.079311,-0.034142,0.136269,-0.986902,0.000000,102.435493
30825,0.013309,0.450051,-0.038160,-0.079311,-0.034142,0.136269,-0.986902,-0.000343,102.347260
30825,0.013309,0.450051,-0.038160,-0.079311,-0.034142,0.136269,-0.986902,0.000000,102.262802
30825,0.013309,0.450051,-0.038160,-0.079311,-0.034142,0.136269,-0.986902,-0.000343,102.188301
30825,0.013309,0.450051,-0.038160,-0.079311,-0.034142,0.136269,-0.986902,0.000000,102.095947
30825,0.013309,0.450051,-0.038160,-0.079311,-0.034142,0.136269,-0.986902,0.000000,101.995010
30825,0.013309,0.450051,-0.038160,-0.079311,-0.034142,0.136269,-0.986902,0.000000,101.896133
30825,0.013309,0.450051,-0.038160,-0.079311,-0.034142,0.136269,-0.986902,0.000000,101.778030
30825,0.013309,0.450051,-0.038160,-0.079311,-0.034142,0.136269,-0.986902,0.000000,101.668854
30825,0.013309,0.450051,-0.038160,-0.079311,-0.034142,0.136269,-0.986902,-0.000343,101.578560
30825,0.013309,0.450051,-0.038160,-0.079311,-0.034142,0.136269,-0.986902,-0.000343,101.475563
30825,0.013309,0.450051,-0.038160,-0.079311,-0.034142,0.136269,-0.986902,-0.000343,101.386299
30825,0.013309,0.450051,-0.038160,-0.079311,-0.034142,0.136269,-0.986902,-0.000343,101.298752
30825,0.013309,0.450051,-0.038160,-0.079311,-0.034142,0.136269,-0.986902,-0.000343,101.233177
30931,0.013011,0.450059,-0.038287,-0.077184,-0.033860,0.131345,-0.987747,0.000000,101.152153
30935,0.013002,0.450063,-0.038291,-0.077057,-0.033845,0.131069,-0.987794,0.000000,101.061859
30938,0.012991,0.450063,-0.038295,-0.077037,-0.033857,0.130972,-0.987808,0.000000,100.966759
30942,0.012986,0.450064,-0.038299,-0.076891,-0.033880,0.130791,-0.987843,-0.000343,100.864449
30946,0.012978,0.450065,-0.038301,-0.076868,-0.033844,0.130643,-0.987866,-0.000343,100.750465
30949,0.012967,0.450063,-0.038305,-0.076796,-0.033862,0.130465,-0.987894,-0.000343,100.646095
30953,0.012958,0.450067,-0.038308,-0.076670,-0.033871,0.130326,-0.987922,-0.000343,100.540695
30956,0.012946,0.450066,-0.038314,-0.076586,-0.033838,0.130133,-0.987955,-0.000343,100.453148
30960,0.012938,0.450065,-0.038318,-0.076619,-0.033847,0.130083,-0.987959,-0.000343,100.364227
30963,0.012932,0.450066,-0.038322,-0.076499,-0.033878,0.129952,-0.987984,-0.000343,100.293159
30967,0.012921,0.450065,-0.038326,-0.076413,-0.033867,0.129737,-0.988020,-0.000343,100.204926
30971,0.012916,0.450065,-0.038328,-0.076378,-0.033873,0.129658,-0.988032,-0.000343,100.111542
30974,0.012907,0.450067,-0.038333,-0.076279,-0.033853,0.129486,-0.988063,-0.000343,100.012321
30978,0.012900,0.450068,-0.038334,-0.076233,-0.033810,0.129313,-0.988091,-0.000343,99.905548
30981,0.012895,0.450068,-0.038334,-0.076196,-0.033831,0.129202,-0.988108,-0.000343,99.804955
30985,0.012885,0.450069,-0.038337,-0.076045,-0.033868,0.128955,-0.988150,-0.000343,99.708824
30988,0.012876,0.450070,-0.038339,-0.075953,-0.033841,0.128809,-0.988177,-0.000343,99.610634
30992,0.012863,0.450067,-0.038342,-0.075975,-0.033829,0.128721,-0.988187,-0.000343,99.514847
30995,0.012855,0.450067,-0.038346,-0.075870,-0.033861,0.128550,-0.988217,0.000000,99.426270
30999,0.012840,0.450069,-0.038354,-0.075773,-0.033831,0.128379,-0.988247,0.000000,99.329109
31002,0.012828,0.450069,-0.038358,-0.075742,-0.033829,0.128212,-0.988271,-0.000343,99.218216
31006,0.012816,0.450073,-0.038367,-0.075614,-0.033850,0.128138,-0.988290,0.000000,99.126549
31009,0.012808,0.450072,-0.038372,-0.075546,-0.033843,0.127948,-0.988320,0.000000,99.026642
31013,0.012803,0.450073,-0.038375,-0.075594,-0.033823,0.127892,-0.988324,-0.000343,98.915405
31017,0.012801,0.450074,-0.038379,-0.075419,-0.033845,0.127673,-0.988365,-0.000343,98.806915
31020,0.012799,0.450074,-0.038378,-0.075402,-0.033860,0.127560,-0.988381,-0.000343,98.698082
31024,0.012793,0.450073,-0.038376,-0.075411,-0.033822,0.127453,-0.988395,0.000000,98.593369
31027,0.012786,0.450072,-0.038375,-0.075342,-0.033840,0.127354,-0.988412,-0.000343,98.501358
31031,0.012775,0.450073,-0.038375,-0.075233,-0.033823,0.127129,-0.988450,0.000000,98.417587
31034,0.012765,0.450072,-0.038377,-0.075222,-0.033803,0.127046,-0.988463,0.000000,98.317680
31038,0.012755,0.450073,-0.038382,-0.075100,-0.033846,0.126859,-0.988494,0.000000,98.201637
31042,0.012740,0.450075,-0.038391,-0.075033,-0.033817,0.126636,-0.988529,-0.000343,98.108253
31045,0.012728,0.450078,-0.038398,-0.075043,-0.033792,0.126604,-0.988533,-0.000343,97.989464
31049,0.012718,0.450082,-0.038407,-0.074797,-0.033855,0.126353,-0.988582,0.000000,97.878227
31052,0.012711,0.450083,-0.038414,-0.074781,-0.033844,0.126249,-0.988597,0.000000,97.777290
31056,0.012702,0.450081,-0.038416,-0.074741,-0.033846,0.126141,-0.988613,-0.000343,97.681847
31059,0.012699,0.450083,-0.038416,-0.074716,-0.033837,0.126040,-0.988629,-0.000343,97.587433
31063,0.012693,0.450083,-0.038416,-0.074585,-0.033830,0.125824,-0.988666,-0.000343,97.496796
31066,0.012690,0.450082,-0.038412,-0.074629,-0.033814,0.125780,-0.988669,-0.000343,97.396889
31070,0.012686,0.450082,-0.038414,-0.074473,-0.033879,0.125560,-0.988707,0.000000,97.302132
31073,0.012681,0.450082,-0.038415,-0.074452,-0.033871,0.125490,-0.988717,-0.000343,97.204971
31077,0.012669,0.450081,-0.038418,-0.074451,-0.033859,0.125353,-0.988735,0.000000,97.090302
31080,0.012660,0.450082,-0.038423,-0.074417,-0.033810,0.125282,-0.988748,-0.000343,96.980782
31084,0.012644,0.450086,-0.038430,-0.074227,-0.033832,0.125019,-0.988795,-0.000343,96.875725
31088,0.012633,0.450087,-0.038438,-0.074228,-0.033842,0.124912,-0.988808,-0.000343,96.765518
31091,0.012623,0.450086,-0.038442,-0.074106,-0.033874,0.124741,-0.988838,-0.000343,96.659775
31095,0.012609,0.450087,-0.038448,-0.074021,-0.033840,0.124495,-0.988877,-0.000343,96.576691
31098,0.012598,0.450087,-0.038451,-0.073999,-0.033814,0.124410,-0.988890,0.000000,96.480904
31102,0.012590,0.450087,-0.038454,-0.073864,-0.033867,0.124175,-0.988928,-0.000343,96.373787
31105,0.012588,0.450090,-0.038458,-0.073819,-0.033865,0.124058,-0.988946,-0.000343,96.274910
31109,0.012581,0.450091,-0.038456,-0.073740,-0.033910,0.123998,-0.988958,-0.000343,96.166077
31113,0.012578,0.450092,-0.038463,-0.073676,-0.033841,0.123764,-0.988994,-0.000343,96.063423
31116,0.012568,0.450090,-0.038465,-0.073618,-0.033836,0.123597,-0.989019,-0.000343,95.966949
31119,0.012561,0.450090,-0.038467,-0.073572,-0.033843,0.123529,-0.989031,0.000000,95.859146
31123,0.012553,0.450091,-0.038470,-0.073517,-0.033868,0.123317,-0.989061,0.000000,95.761299
31123,0.012553,0.450091,-0.038470,-0.073517,-0.033868,0.123317,-0.989061,-0.000343,95.661736
31123,0.012553,0.450091,-0.038470,-0.073517,-0.033868,0.123317,-0.989061,-0.000343,95.561485
31123,0.012553,0.450091,-0.038470,-0.073517,-0.033868,0.123317,-0.989061,-0.000343,95.462608
31123,0.012553,0.450091,-0.038470,-0.073517,-0.033868,0.123317,-0.989061,-0.000343,95.366478
31123,0.012553,0.450091,-0.038470,-0.073517,-0.033868,0.123317,-0.989061,-0.000343,95.266914
31123,0.012553,0.450091,-0.038470,-0.073517,-0.033868,0.123317,-0.989061,-0.000343,95.163231
31123,0.012553,0.450091,-0.038470,-0.073517,-0.033868,0.123317,-0.989061,-0.000343,95.045815
31123,0.012553,0.450091,-0.038470,-0.073517,-0.033868,0.123317,-0.989061,-0.000343,94.936981
31123,0.012553,0.450091,-0.038470,-0.073517,-0.033868,0.123317,-0.989061,0.000000,94.840164
31123,0.012553,0.450091,-0.038470,-0.073517,-0.033868,0.123317,-0.989061,0.000000,94.741287
31123,0.012553,0.450091,-0.038470,-0.073517,-0.033868,0.123317,-0.989061,0.000000,94.662323
31123,0.012553,0.450091,-0.038470,-0.073517,-0.033868,0.123317,-0.989061,-0.000343,94.564133
31123,0.012553,0.450091,-0.038470,-0.073517,-0.033868,0.123317,-0.989061,-0.000343,94.457359
31123,0.012553,0.450091,-0.038470,-0.073517,-0.033868,0.123317,-0.989061,-0.000343,94.349556
31123,0.012553,0.450091,-0.038470,-0.073517,-0.033868,0.123317,-0.989061,-0.000343,94.239693
31123,0.012553,0.450091,-0.038470,-0.073517,-0.033868,0.123317,-0.989061,-0.000343,94.133263
31123,0.012553,0.450091,-0.038470,-0.073517,-0.033868,0.123317,-0.989061,-0.000343,94.034386
31123,0.012553,0.450091,-0.038470,-0.073517,-0.033868,0.123317,-0.989061,0.000000,93.935509
31123,0.012553,0.450091,-0.038470,-0.073517,-0.033868,0.123317,-0.989061,-0.000343,93.825645
31123,0.012553,0.450091,-0.038470,-0.073517,-0.033868,0.123317,-0.989061,0.000000,93.728485
31123,0.012553,0.450091,-0.038470,-0.073517,-0.033868,0.123317,-0.989061,0.000000,93.632011
31123,0.012553,0.450091,-0.038470,-0.073517,-0.033868,0.123317,-0.989061,-0.000343,93.542061
31123,0.012553,0.450091,-0.038470,-0.073517,-0.033868,0.123317,-0.989061,-0.000343,93.451767
31123,0.012553,0.450091,-0.038470,-0.073517,-0.033868,0.123317,-0.989061,-0.000343,93.344650
31123,0.012553,0.450091,-0.038470,-0.073517,-0.033868,0.123317,-0.989061,-0.000343,93.240623
31123,0.012553,0.450091,-0.038470,-0.073517,-0.033868,0.123317,-0.989061,-0.000343,93.094368
31123,0.012553,0.450091,-0.038470,-0.073517,-0.033868,0.123317,-0.989061,0.000000,93.013000
31123,0.012553,0.450091,-0.038470,-0.073517,-0.033868,0.123317,-0.989061,-0.000343,92.907944
31123,0.012553,0.450091,-0.038470,-0.073517,-0.033868,0.123317,-0.989061,0.000000,92.773361
31230,0.012310,0.450080,-0.038585,-0.071579,-0.034117,0.118777,-0.989750,-0.000343,92.713623
31233,0.012305,0.450081,-0.038584,-0.071496,-0.034150,0.118697,-0.989764,-0.000343,92.629852
31237,0.012297,0.450079,-0.038582,-0.071526,-0.034131,0.118620,-0.989772,-0.000343,92.524109
31240,0.012291,0.450078,-0.038584,-0.071463,-0.034132,0.118530,-0.989787,-0.000343,92.418709
31244,0.012281,0.450081,-0.038587,-0.071308,-0.034127,0.118291,-0.989827,-0.000343,92.309532
31247,0.012276,0.450080,-0.038590,-0.071310,-0.034082,0.118231,-0.989836,-0.000343,92.216148
31251,0.012272,0.450081,-0.038594,-0.071164,-0.034145,0.118057,-0.989865,0.000000,92.109032
31254,0.012267,0.450080,-0.038599,-0.071132,-0.034131,0.117974,-0.989878,-0.000343,92.005348
31258,0.012260,0.450082,-0.038604,-0.071097,-0.034120,0.117811,-0.989900,0.000000,91.906471
31262,0.012252,0.450083,-0.038609,-0.070966,-0.034139,0.117649,-0.989928,-0.000343,91.809654
31265,0.012241,0.450082,-0.038613,-0.070884,-0.034092,0.117509,-0.989952,0.000000,91.710434
31269,0.012234,0.450082,-0.038613,-0.070938,-0.034076,0.117462,-0.989954,-0.000343,91.608467
31272,0.012225,0.450082,-0.038614,-0.070846,-0.034083,0.117310,-0.989979,-0.000343,91.511307
31276,0.012207,0.450082,-0.038622,-0.070702,-0.034080,0.117085,-0.990016,0.000000,91.407623
31279,0.012197,0.450082,-0.038625,-0.070690,-0.034051,0.117014,-0.990026,-0.000343,91.295013
31283,0.012187,0.450082,-0.038631,-0.070587,-0.034098,0.116844,-0.990052,0.000000,91.189270
31286,0.012182,0.450083,-0.038636,-0.070525,-0.034100,0.116698,-0.990073,-0.000343,91.093483
31290,0.012174,0.450081,-0.038640,-0.070503,-0.034083,0.116573,-0.990090,0.000000,91.003189
31294,0.012168,0.450085,-0.038646,-0.070365,-0.034077,0.116378,-0.990123,-0.000343,90.918388
31297,0.012161,0.450084,-0.038651,-0.070253,-0.034060,0.116170,-0.990156,-0.000343,90.823975
31301,0.012158,0.450083,-0.038650,-0.070310,-0.034041,0.116087,-0.990162,-0.000343,90.713081
31304,0.012150,0.450083,-0.038651,-0.070192,-0.034042,0.115871,-0.990196,0.000000,90.594292
31308,0.012139,0.450084,-0.038652,-0.070082,-0.034044,0.115637,-0.990231,0.000000,90.470009
31311,0.012122,0.450084,-0.038656,-0.070033,-0.034050,0.115478,-0.990253,-0.000343,90.354996
31315,0.012105,0.450085,-0.038660,-0.069920,-0.034076,0.115321,-0.990278,0.000000,90.243416
31318,0.012089,0.450086,-0.038666,-0.069802,-0.034070,0.115043,-0.990319,-0.000343,90.167198
31322,0.012073,0.450087,-0.038673,-0.069792,-0.034013,0.114908,-0.990337,0.000000,90.079651
31325,0.012065,0.450089,-0.038679,-0.069685,-0.034005,0.114739,-0.990365,0.000000,89.998283
31329,0.012055,0.450092,-0.038689,-0.069522,-0.034028,0.114531,-0.990400,-0.000343,89.915543
31333,0.012044,0.450091,-0.038694,-0.069559,-0.033994,0.114395,-0.990414,0.000000,89.806023
31336,0.012039,0.450093,-0.038697,-0.069463,-0.033980,0.114249,-0.990438,0.000000,89.713326
31340,0.012030,0.450091,-0.038700,-0.069353,-0.033968,0.114038,-0.990470,0.000000,89.592133
31343,0.012030,0.450092,-0.038699,-0.069315,-0.034001,0.113915,-0.990486,0.000000,89.472313
31347,0.012021,0.450092,-0.038701,-0.069222,-0.033982,0.113775,-0.990509,0.000000,89.354897
31350,0.012012,0.450091,-0.038703,-0.069108,-0.033980,0.113579,-0.990540,-0.000343,89.248466
31354,0.012003,0.450094,-0.038705,-0.069149,-0.033945,0.113498,-0.990548,-0.000343,89.156456
31357,0.011994,0.450094,-0.038707,-0.069071,-0.033951,0.113330,-0.990572,-0.000343,89.075089
31361,0.011980,0.450092,-0.038714,-0.068940,-0.034005,0.113149,-0.990600,-0.000343,88.986511
31364,0.011971,0.450095,-0.038717,-0.068911,-0.033996,0.113044,-0.990614,0.000000,88.887978
31368,0.011960,0.450094,-0.038723,-0.068939,-0.033967,0.113021,-0.990616,-0.000343,88.778458
31372,0.011951,0.450095,-0.038727,-0.068821,-0.033943,0.112792,-0.990651,0.000000,88.667564
31375,0.011950,0.450097,-0.038728,-0.068816,-0.033922,0.112767,-0.990655,0.000000,88.562851
31379,0.011947,0.450097,-0.038729,-0.068709,-0.033983,0.112611,-0.990678,-0.000343,88.462944
31382,0.011943,0.450097,-0.038730,-0.068669,-0.033950,0.112509,-0.990694,0.000000,88.361664
31386,0.011937,0.450098,-0.038731,-0.068717,-0.033920,0.112406,-0.990703,-0.000343,88.262444
31389,0.011935,0.450098,-0.038733,-0.068694,-0.033935,0.112301,-0.990716,0.000000,88.168716
31393,0.011924,0.450099,-0.038740,-0.068493,-0.033941,0.112058,-0.990757,-0.000343,88.069496
31396,0.011919,0.450098,-0.038740,-0.068554,-0.033936,0.111982,-0.990762,0.000000,87.971649
31400,0.011909,0.450098,-0.038745,-0.068476,-0.033926,0.111890,-0.990778,0.000000,87.866592
31404,0.011898,0.450101,-0.038748,-0.068329,-0.033948,0.111681,-0.990811,0.000000,87.762222
31407,0.011889,0.450099,-0.038751,-0.068368,-0.033911,0.111624,-0.990816,0.000000,87.652702
31411,0.011879,0.450101,-0.038756,-0.068209,-0.033966,0.111419,-0.990848,0.000000,87.541466
31414,0.011872,0.450100,-0.038758,-0.068192,-0.033951,0.111338,-0.990859,-0.000343,87.445679
31418,0.011858,0.450100,-0.038762,-0.068164,-0.033927,0.111166,-0.990881,-0.000343,87.347488
31421,0.011852,0.450100,-0.038764,-0.068142,-0.033910,0.111081,-0.990892,0.000000,87.250671
31425,0.011845,0.450100,-0.038772,-0.067912,-0.033915,0.110825,-0.990937,0.000000,87.168274
31428,0.011840,0.450099,-0.038775,-0.067937,-0.033888,0.110771,-0.990942,0.000000,87.069397
31432,0.011839,0.450100,-0.038776,-0.067855,-0.033915,0.110643,-0.990961,-0.000343,86.970177
31436,0.011828,0.450099,-0.038776,-0.067779,-0.033938,0.110466,-0.990985,0.000000,86.848297
31439,0.011818,0.450098,-0.038778,-0.067735,-0.033930,0.110402,-0.990996,0.000000,86.739120
31443,0.011809,0.450099,-0.038778,-0.067616,-0.033924,0.110203,-0.991026,0.000000,86.626167
31446,0.011799,0.450101,-0.038782,-0.067580,-0.033906,0.110108,-0.991040,0.000000,86.526260
31450,0.011792,0.450100,-0.038788,-0.067546,-0.033919,0.109984,-0.991055,0.000000,86.422577
31453,0.011845,0.450102,-0.038761,-0.067089,-0.035108,0.109598,-0.991088,0.000000,86.320267
31457,0.011828,0.450101,-0.038772,-0.066833,-0.035132,0.109353,-0.991131,0.000000,86.229286
31460,0.011760,0.450101,-0.038808,-0.067279,-0.033895,0.109474,-0.991131,0.000000,86.137962
31464,0.011811,0.450103,-0.038784,-0.066761,-0.035121,0.109036,-0.991171,0.000000,86.049728
31467,0.011803,0.450104,-0.038783,-0.066657,-0.035160,0.108896,-0.991192,0.000000,85.957718
31471,0.011791,0.450101,-0.038787,-0.066620,-0.035134,0.108696,-0.991218,0.000000,85.851631
31475,0.011782,0.450102,-0.038788,-0.066494,-0.035144,0.108577,-0.991239,0.000000,85.734558
31478,0.011774,0.450102,-0.038791,-0.066381,-0.035133,0.108353,-0.991271,0.000000,85.634308
31482,0.011766,0.450100,-0.038792,-0.066414,-0.035104,0.108243,-0.991282,0.000000,85.516548
31485,0.011757,0.450098,-0.038796,-0.066308,-0.035152,0.108089,-0.991304,0.000000,85.404625
31489,0.011741,0.450099,-0.038806,-0.066266,-0.034984,0.107828,-0.991342,0.000000,85.316734
31492,0.011731,0.450098,-0.038811,-0.066218,-0.034965,0.107691,-0.991360,0.000000,85.226440
31496,0.011716,0.450096,-0.038819,-0.066177,-0.035003,0.107586,-0.991373,0.000000,85.134087
31499,0.011709,0.450097,-0.038825,-0.066028,-0.034992,0.107394,-0.991404,0.000000,85.034866
31503,0.011700,0.450098,-0.038831,-0.066063,-0.034958,0.107260,-0.991418,0.000000,84.930840
31506,0.011692,0.450096,-0.038836,-0.065990,-0.034986,0.107113,-0.991437,0.000000,84.827499
31510,0.011683,0.450101,-0.038842,-0.065793,-0.034969,0.106864,-0.991478,0.000000,84.724159
31513,0.011673,0.450099,-0.038846,-0.065725,-0.034955,0.106701,-0.991500,0.000000,84.613266
31517,0.011662,0.450097,-0.038847,-0.065740,-0.034973,0.106610,-0.991509,0.000000,84.507866
31521,0.011655,0.450098,-0.038846,-0.065637,-0.034975,0.106413,-0.991537,0.000000,84.406929
31524,0.011648,0.450098,-0.038848,-0.065579,-0.035003,0.106256,-0.991556,0.000000,84.305992
31528,0.011639,0.450099,-0.038854,-0.065555,-0.034974,0.106162,-0.991569,0.000000,84.210548
31531,0.011631,0.450098,-0.038858,-0.065417,-0.034993,0.105991,-0.991596,0.000000,84.121971
31535,0.011624,0.450098,-0.038867,-0.065422,-0.034921,0.105880,-0.991610,0.000000,84.031334
31539,0.011619,0.450100,-0.038870,-0.065256,-0.035000,0.105700,-0.991637,0.000000,83.926277
31542,0.011613,0.450099,-0.038874,-0.065202,-0.034980,0.105577,-0.991655,0.000343,83.806458
31546,0.011604,0.450100,-0.038877,-0.065250,-0.034962,0.105486,-0.991662,0.000000,83.697968
31549,0.011596,0.450096,-0.038879,-0.065193,-0.034953,0.105373,-0.991678,0.000000,83.594627
31553,0.011585,0.450098,-0.038880,-0.065021,-0.034929,0.105177,-0.991711,0.000000,83.495750
31556,0.011582,0.450097,-0.038882,-0.065010,-0.034967,0.105090,-0.991719,0.000000,83.405800
31560,0.011541,0.450092,-0.038896,-0.065192,-0.034432,0.105079,-0.991727,0.000343,83.314819
31563,0.011531,0.450091,-0.038901,-0.065096,-0.034437,0.104913,-0.991751,0.000000,83.215942
31567,0.011522,0.450089,-0.038906,-0.065092,-0.034424,0.104813,-0.991762,0.000000,83.109169
31570,0.011546,0.450099,-0.038902,-0.064803,-0.034961,0.104618,-0.991783,0.000000,82.997932
31574,0.011509,0.450092,-0.038924,-0.064901,-0.034429,0.104478,-0.991810,0.000000,82.894592
31578,0.011505,0.450093,-0.038931,-0.064896,-0.034426,0.104409,-0.991818,0.000000,82.801552
31581,0.011531,0.450101,-0.038919,-0.064602,-0.034943,0.104230,-0.991838,0.000000,82.699585
31585,0.011494,0.450092,-0.038933,-0.064661,-0.034407,0.104069,-0.991869,0.000000,82.596588
31588,0.011521,0.450101,-0.038916,-0.064431,-0.034950,0.103977,-0.991875,0.000000,82.494621
31592,0.011481,0.450090,-0.038926,-0.064566,-0.034463,0.103840,-0.991898,0.000000,82.397461
31596,0.011499,0.450097,-0.038911,-0.064294,-0.034965,0.103570,-0.991926,0.000000,82.292061
31599,0.011486,0.450097,-0.038916,-0.064279,-0.034967,0.103480,-0.991936,0.000000,82.201767
31602,0.011479,0.450096,-0.038919,-0.064286,-0.034944,0.103390,-0.991946,0.000343,82.092247
31606,0.011466,0.450101,-0.038932,-0.064019,-0.034965,0.103129,-0.991990,0.000000,81.989937
31609,0.011462,0.450101,-0.038939,-0.064022,-0.034929,0.103035,-0.992001,0.000000,81.888657
31613,0.011453,0.450102,-0.038950,-0.063909,-0.034953,0.102903,-0.992021,0.000343,81.775703
31617,0.011398,0.450103,-0.038977,-0.063983,-0.034218,0.102835,-0.992049,0.000000,81.674423
31620,0.011436,0.450104,-0.038962,-0.063748,-0.034946,0.102529,-0.992070,0.000000,81.588936
31624,0.011429,0.450104,-0.038963,-0.063646,-0.034969,0.102333,-0.992096,0.000000,81.497269
31627,0.011426,0.450104,-0.038959,-0.063623,-0.034970,0.102195,-0.992112,0.000000,81.396675
31631,0.011375,0.450100,-0.038975,-0.063840,-0.034183,0.102268,-0.992118,0.000343,81.287498
31634,0.011409,0.450101,-0.038955,-0.063588,-0.034921,0.101973,-0.992138,0.000343,81.183128
31638,0.011398,0.450102,-0.038960,-0.063387,-0.034914,0.101677,-0.992182,0.000000,81.075325
31641,0.011346,0.450103,-0.038980,-0.063585,-0.034130,0.101839,-0.992180,0.000343,80.969238
31645,0.011381,0.450104,-0.038967,-0.063300,-0.034935,0.101476,-0.992207,0.000343,80.864525
31649,0.011372,0.450104,-0.038977,-0.063228,-0.034916,0.101281,-0.992233,0.000343,80.768051
31652,0.011365,0.450105,-0.038982,-0.063153,-0.034931,0.101141,-0.992251,0.000343,80.673981
31656,0.011356,0.450107,-0.038988,-0.063100,-0.034940,0.101016,-0.992267,0.000000,80.576477
31659,0.011347,0.450107,-0.038989,-0.062965,-0.034946,0.100852,-0.992292,0.000343,80.468674
31663,0.011343,0.450105,-0.038992,-0.063036,-0.034858,0.100765,-0.992299,0.000343,80.378380
31666,0.011340,0.450106,-0.038992,-0.062992,-0.034871,0.100675,-0.992311,0.000343,80.281219
31670,0.011335,0.450108,-0.038998,-0.062816,-0.034898,0.100492,-0.992339,0.000000,80.174789
31673,0.011330,0.450106,-0.038999,-0.062852,-0.034882,0.100360,-0.992351,0.000000,80.067329
31677,0.011325,0.450105,-0.039001,-0.062817,-0.034906,0.100276,-0.992361,0.000343,79.969826
31681,0.011321,0.450107,-0.039001,-0.062755,-0.034882,0.100146,-0.992379,0.000000,79.869576
31684,0.011315,0.450104,-0.038998,-0.062718,-0.034900,0.100012,-0.992394,0.000343,79.766922
31688,0.011302,0.450106,-0.039000,-0.062641,-0.034868,0.099934,-0.992408,0.000000,79.676285
31691,0.011294,0.450105,-0.039002,-0.062585,-0.034899,0.099737,-0.992430,0.000343,79.575348
31694,0.011283,0.450104,-0.039007,-0.062532,-0.034876,0.099616,-0.992446,0.000343,79.467888
31698,0.011274,0.450105,-0.039015,-0.062537,-0.034885,0.099520,-0.992456,0.000343,79.370384
31702,0.011266,0.450108,-0.039028,-0.062379,-0.034909,0.099328,-0.992484,0.000343,79.258118
31705,0.011254,0.450107,-0.039037,-0.062317,-0.034910,0.099153,-0.992505,0.000000,79.142418
31709,0.011248,0.450108,-0.039044,-0.062277,-0.034928,0.099022,-0.992520,0.000000,79.043198
31712,0.011239,0.450109,-0.039050,-0.062148,-0.034897,0.098835,-0.992548,0.000343,78.940201
31716,0.011232,0.450109,-0.039047,-0.062163,-0.034859,0.098760,-0.992556,0.000000,78.847847
31720,0.011227,0.450107,-0.039040,-0.062056,-0.034896,0.098624,-0.992575,0.000343,78.759956
31723,0.011219,0.450107,-0.039037,-0.061965,-0.034893,0.098514,-0.992592,0.000343,78.666916
31727,0.011213,0.450105,-0.039030,-0.062022,-0.034871,0.098428,-0.992597,0.000000,78.569069
31730,0.011204,0.450103,-0.039031,-0.062008,-0.034861,0.098339,-0.992607,0.000343,78.467102
31734,0.011196,0.450106,-0.039033,-0.061863,-0.034892,0.098156,-0.992633,0.000343,78.364449
31737,0.011187,0.450103,-0.039042,-0.061850,-0.034883,0.098041,-0.992646,0.000343,78.250465
31741,0.011174,0.450103,-0.039052,-0.061811,-0.034859,0.097958,-0.992657,0.000343,78.142662
31744,0.011168,0.450105,-0.039062,-0.061689,-0.034910,0.097870,-0.992672,0.000343,78.038979
31748,0.011162,0.450103,-0.039073,-0.061670,-0.034865,0.097675,-0.992694,0.000343,77.940102
31751,0.011158,0.450103,-0.039076,-0.061641,-0.034848,0.097565,-0.992707,0.000000,77.846375
31755,0.011153,0.450103,-0.039078,-0.061479,-0.034938,0.097416,-0.992728,0.000343,77.750587
31759,0.011144,0.450099,-0.039077,-0.061521,-0.034911,0.097293,-0.992739,0.000343,77.648277
31762,0.011139,0.450101,-0.039074,-0.061514,-0.034890,0.097234,-0.992746,0.000343,77.542191
31765,0.011131,0.450099,-0.039075,-0.061419,-0.034889,0.097068,-0.992768,0.000343,77.440567
31769,0.011122,0.450099,-0.039075,-0.061335,-0.034873,0.096941,-0.992786,0.000343,77.342033
31773,0.011113,0.450100,-0.039078,-0.061254,-0.034875,0.096823,-0.992803,0.000000,77.242813
31776,0.011110,0.450103,-0.039081,-0.061175,-0.034892,0.096749,-0.992814,0.000343,77.149086
31780,0.011104,0.450100,-0.039086,-0.061199,-0.034875,0.096547,-0.992833,0.000343,77.045746
31783,0.011100,0.450099,-0.039090,-0.061178,-0.034869,0.096489,-0.992840,0.000000,76.947899
31787,0.011094,0.450100,-0.039095,-0.060955,-0.034949,0.096290,-0.992870,0.000000,76.842842
31791,0.011087,0.450097,-0.039098,-0.060986,-0.034885,0.096169,-0.992882,0.000343,76.739845
31794,0.011079,0.450096,-0.039100,-0.060970,-0.034897,0.096108,-0.992889,0.000000,76.636162
31798,0.011070,0.450099,-0.039105,-0.060744,-0.034932,0.095866,-0.992925,0.000343,76.539688
31801,0.011061,0.450096,-0.039110,-0.060788,-0.034870,0.095790,-0.992932,0.000000,76.429825
31805,0.011052,0.450097,-0.039115,-0.060646,-0.034954,0.095635,-0.992952,0.000000,76.331635
31808,0.011046,0.450097,-0.039121,-0.060600,-0.034944,0.095560,-0.992963,0.000343,76.230698
31812,0.011032,0.450096,-0.039127,-0.060568,-0.034927,0.095370,-0.992984,0.000343,76.125984
31815,0.011024,0.450097,-0.039129,-0.060559,-0.034916,0.095319,-0.992989,0.000000,76.025734
31819,0.011014,0.450099,-0.039133,-0.060345,-0.034913,0.095055,-0.993028,0.000000,75.930977
31823,0.011005,0.450096,-0.039131,-0.060402,-0.034883,0.095005,-0.993030,0.000000,75.833473
31826,0.011002,0.450095,-0.039131,-0.060303,-0.034909,0.094858,-0.993049,0.000000,75.734253
31830,0.010996,0.450095,-0.039128,-0.060192,-0.034908,0.094665,-0.993075,0.000343,75.625763
31833,0.010991,0.450092,-0.039129,-0.060107,-0.034902,0.094497,-0.993096,0.000343,75.509033
31836,0.010986,0.450093,-0.039130,-0.060129,-0.034901,0.094492,-0.993095,0.000000,75.413246
31840,0.010976,0.450092,-0.039134,-0.059976,-0.034952,0.094210,-0.993129,0.000343,75.315742
31844,0.010963,0.450092,-0.039146,-0.059923,-0.034931,0.094069,-0.993147,0.000000,75.214806
31848,0.010947,0.450093,-0.039159,-0.059793,-0.034915,0.093876,-0.993173,0.000343,75.110092
31851,0.010905,0.450083,-0.039184,-0.059898,-0.034371,0.093701,-0.993202,0.000343,75.030098
31854,0.010893,0.450084,-0.039193,-0.059835,-0.034358,0.093547,-0.993221,0.000343,74.927101
31858,0.010879,0.450081,-0.039200,-0.059809,-0.034384,0.093442,-0.993232,0.000343,74.827538
31862,0.010868,0.450081,-0.039202,-0.059640,-0.034407,0.093164,-0.993267,0.000343,74.727974
31865,0.010856,0.450080,-0.039199,-0.059620,-0.034390,0.093028,-0.993282,0.000343,74.619827
31869,0.010850,0.450079,-0.039194,-0.059568,-0.034390,0.092897,-0.993297,0.000343,74.512024
31872,0.010841,0.450078,-0.039193,-0.059433,-0.034399,0.092654,-0.993328,0.000343,74.405594
31876,0.010834,0.450074,-0.039192,-0.059406,-0.034357,0.092504,-0.993345,0.000000,74.300194
31879,0.010829,0.450075,-0.039195,-0.059368,-0.034343,0.092296,-0.993367,0.000343,74.205093
31883,0.010815,0.450079,-0.039201,-0.059157,-0.034348,0.092039,-0.993403,0.000343,74.104156
31887,0.010797,0.450076,-0.039211,-0.059179,-0.034335,0.091824,-0.993422,0.000343,74.020386
31890,0.010784,0.450076,-0.039221,-0.059086,-0.034340,0.091659,-0.993443,0.000343,73.917732
31894,0.010764,0.450079,-0.039234,-0.058921,-0.034340,0.091441,-0.993473,0.000000,73.810959
31897,0.010753,0.450078,-0.039240,-0.058884,-0.034375,0.091326,-0.993484,0.000000,73.709335
31901,0.010737,0.450079,-0.039250,-0.058746,-0.034312,0.091128,-0.993513,0.000000,73.607025
31904,0.010727,0.450078,-0.039252,-0.058630,-0.034355,0.090931,-0.993536,0.000000,73.498535
31907,0.010718,0.450078,-0.039254,-0.058513,-0.034355,0.090697,-0.993564,0.000000,73.394165
31911,0.010709,0.450076,-0.039250,-0.058550,-0.034328,0.090554,-0.993576,0.000343,73.296318
31915,0.010703,0.450073,-0.039248,-0.058389,-0.034366,0.090278,-0.993609,0.000343,73.202248
31918,0.010695,0.450073,-0.039246,-0.058282,-0.034348,0.090111,-0.993632,0.000000,73.104401
31922,0.010689,0.450071,-0.039246,-0.058313,-0.034350,0.090001,-0.993640,0.000343,73.004494
31925,0.010680,0.450073,-0.039249,-0.058194,-0.034339,0.089809,-0.993664,0.000343,72.910767
31929,0.010668,0.450073,-0.039257,-0.058146,-0.034283,0.089641,-0.993684,0.000343,72.817726
31933,0.010659,0.450075,-0.039268,-0.057999,-0.034343,0.089455,-0.993707,0.000343,72.711296
31936,0.010648,0.450074,-0.039278,-0.057938,-0.034317,0.089320,-0.993724,0.000343,72.601433
31940,0.010632,0.450075,-0.039286,-0.057895,-0.034297,0.089138,-0.993744,0.000343,72.488136
31943,0.010622,0.450077,-0.039291,-0.057850,-0.034278,0.089008,-0.993758,0.000000,72.378616
31947,0.010609,0.450077,-0.039296,-0.057655,-0.034327,0.088747,-0.993791,0.000343,72.284889
31950,0.010603,0.450076,-0.039293,-0.057614,-0.034302,0.088607,-0.993807,0.000343,72.204552
31954,0.010595,0.450075,-0.039294,-0.057598,-0.034284,0.088520,-0.993817,0.000000,72.101212
31957,0.010593,0.450075,-0.039293,-0.057555,-0.034281,0.088434,-0.993827,0.000343,72.005424
31961,0.010588,0.450073,-0.039294,-0.057464,-0.034254,0.088235,-0.993851,0.000343,71.896591
31965,0.010584,0.450074,-0.039295,-0.057375,-0.034315,0.088062,-0.993869,0.000343,71.783638
31968,0.010579,0.450075,-0.039296,-0.057361,-0.034294,0.087968,-0.993879,0.000343,71.681328
31972,0.010566,0.450075,-0.039302,-0.057330,-0.034286,0.087823,-0.993894,0.000000,71.588631
31975,0.010558,0.450074,-0.039305,-0.057313,-0.034264,0.087757,-0.993901,0.000343,71.484261
31978,0.010550,0.450074,-0.039310,-0.057268,-0.034252,0.087683,-0.993911,0.000000,71.388817
31982,0.010537,0.450076,-0.039318,-0.057089,-0.034239,0.087429,-0.993944,0.000343,71.292686
31986,0.010525,0.450075,-0.039322,-0.057085,-0.034256,0.087293,-0.993956,0.000343,71.191406
31989,0.010516,0.450076,-0.039326,-0.056960,-0.034272,0.087213,-0.993969,0.000000,71.093216
31993,0.010486,0.450076,-0.039344,-0.057007,-0.033870,0.087109,-0.993990,0.000343,70.995026
31997,0.010476,0.450077,-0.039349,-0.056909,-0.033885,0.086966,-0.994007,0.000000,70.893402
32000,0.010471,0.450077,-0.039352,-0.056823,-0.033924,0.086824,-0.994023,0.000343,70.785599
32004,0.010468,0.450076,-0.039350,-0.056815,-0.033874,0.086740,-0.994033,0.000343,70.679512
32007,0.010465,0.450076,-0.039351,-0.056765,-0.033872,0.086576,-0.994050,0.000343,70.570679
32011,0.010460,0.450076,-0.039351,-0.056632,-0.033867,0.086356,-0.994077,0.000000,70.480728
32014,0.010453,0.450076,-0.039353,-0.056548,-0.033857,0.086263,-0.994090,0.000000,70.372925
32018,0.010444,0.450073,-0.039353,-0.056586,-0.033878,0.086151,-0.994097,0.000000,70.284691
32022,0.010452,0.450071,-0.039343,-0.056360,-0.034295,0.085819,-0.994124,0.000343,70.173798
32025,0.010475,0.450077,-0.039336,-0.056067,-0.034882,0.085567,-0.994142,0.000343,70.080070
32028,0.010466,0.450079,-0.039343,-0.056017,-0.034868,0.085482,-0.994152,0.000343,69.979820
32032,0.010454,0.450079,-0.039355,-0.055867,-0.034920,0.085348,-0.994171,0.000343,69.872017
32036,0.010445,0.450079,-0.039365,-0.055888,-0.034845,0.085265,-0.994179,0.000343,69.775543
32039,0.010442,0.450079,-0.039369,-0.055805,-0.034851,0.085121,-0.994196,0.000000,69.664650
32043,0.010437,0.450078,-0.039371,-0.055681,-0.034872,0.084943,-0.994218,0.000343,69.569550
32046,0.010430,0.450077,-0.039370,-0.055588,-0.034862,0.084801,-0.994235,0.000343,69.472389
32049,0.010426,0.450077,-0.039366,-0.055589,-0.034866,0.084714,-0.994242,0.000343,69.374886
32053,0.010414,0.450074,-0.039362,-0.055484,-0.034865,0.084502,-0.994266,0.000343,69.269485
32057,0.010408,0.450074,-0.039360,-0.055502,-0.034859,0.084360,-0.994278,0.000000,69.175072
32060,0.010398,0.450073,-0.039362,-0.055407,-0.034836,0.084190,-0.994298,0.000000,69.079971
32064,0.010381,0.450074,-0.039373,-0.055212,-0.034896,0.084036,-0.994320,0.000343,68.971138
32067,0.010371,0.450075,-0.039383,-0.055122,-0.034882,0.083810,-0.994344,0.000000,68.868141
32071,0.010360,0.450074,-0.039395,-0.055174,-0.034858,0.083703,-0.994351,0.000000,68.769264
32075,0.010348,0.450076,-0.039406,-0.054978,-0.034885,0.083448,-0.994383,0.000343,68.665924
32078,0.010336,0.450072,-0.039416,-0.055008,-0.034721,0.083269,-0.994402,0.000000,68.557091
32082,0.010325,0.450071,-0.039418,-0.054989,-0.034722,0.083151,-0.994413,0.000343,68.476067
32085,0.010320,0.450070,-0.039416,-0.054875,-0.034728,0.082992,-0.994432,0.000000,68.376503
32089,0.010311,0.450069,-0.039415,-0.054802,-0.034670,0.082755,-0.994458,0.000000,68.273506
32092,0.010302,0.450067,-0.039412,-0.054748,-0.034680,0.082627,-0.994471,0.000000,68.161240
32096,0.010291,0.450068,-0.039415,-0.054585,-0.034729,0.082405,-0.994497,0.000000,68.035927
32099,0.010278,0.450066,-0.039420,-0.054497,-0.034720,0.082198,-0.994519,0.000343,67.945290
32103,0.010268,0.450067,-0.039430,-0.054540,-0.034704,0.082063,-0.994528,0.000343,67.847786
32107,0.010249,0.450066,-0.039445,-0.054244,-0.034679,0.081701,-0.994575,0.000000,67.747879
32110,0.010242,0.450066,-0.039454,-0.054242,-0.034668,0.081627,-0.994582,0.000000,67.656212
32114,0.010233,0.450066,-0.039463,-0.054179,-0.034647,0.081433,-0.994602,0.000000,67.555962
32117,0.010223,0.450065,-0.039466,-0.054137,-0.034667,0.081323,-0.994612,0.000000,67.471848
32120,0.010219,0.450065,-0.039467,-0.053999,-0.034673,0.081138,-0.994635,0.000000,67.375031
32124,0.010212,0.450062,-0.039464,-0.054073,-0.034630,0.081051,-0.994640,0.000000,67.280617
32128,0.010207,0.450060,-0.039462,-0.053888,-0.034700,0.080780,-0.994669,0.000000,67.182770
32131,0.010202,0.450060,-0.039458,-0.053820,-0.034729,0.080716,-0.994677,0.000000,67.064667
32135,0.010191,0.450059,-0.039458,-0.053871,-0.034663,0.080550,-0.994690,0.000000,66.944160
32138,0.010182,0.450059,-0.039460,-0.053799,-0.034697,0.080442,-0.994701,0.000000,66.829491
32142,0.010163,0.450058,-0.039470,-0.053651,-0.034645,0.080152,-0.994735,0.000000,66.729927
32146,0.010150,0.450060,-0.039479,-0.053605,-0.034679,0.079942,-0.994753,0.000000,66.641350
32149,0.010140,0.450062,-0.039488,-0.053462,-0.034673,0.079799,-0.994772,0.000000,66.563072
32153,0.010124,0.450057,-0.039501,-0.053418,-0.034627,0.079545,-0.994797,0.000000,66.467628
32156,0.010115,0.450058,-0.039508,-0.053382,-0.034592,0.079447,-0.994807,0.000000,66.362915
32160,0.010105,0.450058,-0.039517,-0.053232,-0.034593,0.079151,-0.994839,0.000000,66.252022
32163,0.010100,0.450058,-0.039516,-0.053159,-0.034598,0.079039,-0.994852,0.000000,66.140442
32167,0.010097,0.450058,-0.039510,-0.053165,-0.034590,0.078905,-0.994862,0.000000,66.032639
32171,0.010089,0.450056,-0.039507,-0.053048,-0.034564,0.078662,-0.994889,0.000000,65.938911
32174,0.010082,0.450054,-0.039507,-0.052979,-0.034582,0.078515,-0.994903,0.000000,65.844841
32178,0.010073,0.450053,-0.039506,-0.052975,-0.034593,0.078387,-0.994913,0.000000,65.759010
32181,0.010066,0.450054,-0.039511,-0.052848,-0.034618,0.078258,-0.994929,0.000000,65.677986
32185,0.010053,0.450055,-0.039521,-0.052846,-0.034570,0.078130,-0.994941,0.000000,65.590782
32188,0.010042,0.450053,-0.039531,-0.052825,-0.034577,0.077985,-0.994953,0.000000,65.503922
32191,0.010030,0.450052,-0.039540,-0.052795,-0.034541,0.077878,-0.994965,0.000343,65.413971
32195,0.010015,0.450055,-0.039551,-0.052547,-0.034534,0.077640,-0.994997,0.000000,65.317497
32199,0.010010,0.450052,-0.039552,-0.052606,-0.034573,0.077550,-0.994999,0.000000,65.215187
32203,0.010006,0.450053,-0.039551,-0.052456,-0.034573,0.077322,-0.995025,0.000000,65.122490
32206,0.010000,0.450051,-0.039547,-0.052417,-0.034549,0.077137,-0.995042,0.000000,65.033569
32209,0.009992,0.450049,-0.039545,-0.052358,-0.034572,0.077023,-0.995053,0.000000,64.946709
32213,0.009984,0.450051,-0.039544,-0.052264,-0.034542,0.076844,-0.995073,0.000000,64.857445
32216,0.009973,0.450047,-0.039549,-0.052150,-0.034555,0.076619,-0.995096,0.000000,64.770927
32220,0.009968,0.450049,-0.039556,-0.052129,-0.034538,0.076497,-0.995107,0.000000,64.699516
32224,0.009953,0.450049,-0.039567,-0.051987,-0.034531,0.076239,-0.995135,0.000000,64.612312
32227,0.009943,0.450051,-0.039576,-0.051883,-0.034513,0.076059,-0.995154,0.000000,64.520302
32231,0.009925,0.450048,-0.039583,-0.051956,-0.034520,0.075970,-0.995157,0.000000,64.409752
32234,0.009916,0.450049,-0.039587,-0.051842,-0.034558,0.075792,-0.995175,0.000000,64.313965
32238,0.009903,0.450049,-0.039591,-0.051748,-0.034505,0.075581,-0.995198,0.000000,64.215431
32241,0.009895,0.450046,-0.039591,-0.051710,-0.034511,0.075428,-0.995211,0.000000,64.113121
32245,0.009888,0.450048,-0.039592,-0.051625,-0.034491,0.075299,-0.995226,0.000000,64.027977
32249,0.009878,0.450045,-0.039594,-0.051585,-0.034446,0.075062,-0.995248,0.000000,63.932877
32252,0.009875,0.450043,-0.039596,-0.051531,-0.034500,0.074991,-0.995254,0.000000,63.857689
32256,0.009868,0.450046,-0.039601,-0.051352,-0.034490,0.074699,-0.995286,0.000000,63.778038
32259,0.009859,0.450044,-0.039604,-0.051266,-0.034519,0.074572,-0.995299,0.000000,63.699417
32263,0.009849,0.450043,-0.039609,-0.051254,-0.034481,0.074427,-0.995311,0.000000,63.614616
32266,0.009839,0.450043,-0.039617,-0.051211,-0.034468,0.074288,-0.995324,0.000000,63.519859
32270,0.009826,0.450043,-0.039622,-0.051082,-0.034465,0.074059,-0.995348,0.000000,63.423729
32274,0.009816,0.450042,-0.039626,-0.050984,-0.034521,0.073909,-0.995363,0.000000,63.314209
32277,0.009807,0.450041,-0.039632,-0.050875,-0.034505,0.073777,-0.995378,-0.000343,63.231125
32280,0.009796,0.450041,-0.039635,-0.050806,-0.034516,0.073622,-0.995393,0.000000,63.138771
32284,0.009783,0.450040,-0.039642,-0.050813,-0.034494,0.073425,-0.995408,0.000000,63.044701
32288,0.009768,0.450039,-0.039647,-0.050594,-0.034522,0.073162,-0.995438,0.000000,62.958870
32291,0.009762,0.450039,-0.039649,-0.050543,-0.034492,0.072998,-0.995453,0.000000,62.876816
32295,0.009752,0.450037,-0.039657,-0.050506,-0.034497,0.072864,-0.995465,0.000000,62.801628
32298,0.009745,0.450036,-0.039658,-0.050457,-0.034486,0.072721,-0.995478,0.000000,62.710648
32302,0.009732,0.450037,-0.039667,-0.050303,-0.034459,0.072441,-0.995507,0.000000,62.612114
32305,0.009726,0.450033,-0.039667,-0.050335,-0.034460,0.072359,-0.995512,0.000000,62.509460
32309,0.009716,0.450037,-0.039673,-0.050112,-0.034528,0.072142,-0.995536,0.000000,62.394104
32313,0.009704,0.450034,-0.039676,-0.050094,-0.034505,0.071977,-0.995550,0.000000,62.308617
32316,0.009694,0.450033,-0.039679,-0.050042,-0.034525,0.071861,-0.995560,0.000000,62.228622
32320,0.009679,0.450034,-0.039688,-0.049898,-0.034467,0.071609,-0.995587,0.000000,62.152061
32323,0.009670,0.450035,-0.039690,-0.049799,-0.034483,0.071433,-0.995605,0.000000,62.071724
32327,0.009665,0.450033,-0.039696,-0.049844,-0.034481,0.071366,-0.995607,-0.000343,61.981773
32330,0.009658,0.450032,-0.039702,-0.049714,-0.034485,0.071198,-0.995625,0.000000,61.887703
32333,0.009652,0.450031,-0.039703,-0.049667,-0.034481,0.071076,-0.995637,0.000000,61.786079
32337,0.009643,0.450030,-0.039705,-0.049615,-0.034486,0.070885,-0.995653,-0.000343,61.695442
32341,0.009628,0.450029,-0.039707,-0.049455,-0.034493,0.070697,-0.995674,0.000000,61.606178
32345,0.009620,0.450027,-0.039707,-0.049471,-0.034451,0.070595,-0.995682,-0.000343,61.522751
32348,0.009611,0.450025,-0.039707,-0.049404,-0.034486,0.070409,-0.995697,-0.000343,61.426964
32352,0.009603,0.450025,-0.039713,-0.049212,-0.034511,0.070230,-0.995718,0.000000,61.329117
32355,0.009598,0.450025,-0.039717,-0.049198,-0.034468,0.070041,-0.995734,0.000000,61.241570
32359,0.009591,0.450022,-0.039722,-0.049195,-0.034494,0.069992,-0.995737,0.000000,61.152306
32362,0.009587,0.450023,-0.039728,-0.049089,-0.034522,0.069802,-0.995754,-0.000343,61.067162
32366,0.009580,0.450022,-0.039740,-0.049049,-0.034488,0.069654,-0.995768,0.000000,60.982704
32369,0.009574,0.450021,-0.039744,-0.048989,-0.034503,0.069529,-0.995779,0.000000,60.897903
32373,0.009562,0.450023,-0.039750,-0.048856,-0.034495,0.069421,-0.995793,-0.000343,60.809669
32377,0.009549,0.450020,-0.039749,-0.048845,-0.034493,0.069254,-0.995806,0.000000,60.702553
32380,0.009539,0.450018,-0.039749,-0.048837,-0.034474,0.069136,-0.995815,-0.000343,60.607796
32384,0.009529,0.450018,-0.039749,-0.048695,-0.034513,0.068924,-0.995835,0.000000,60.515099
32387,0.009525,0.450019,-0.039748,-0.048613,-0.034519,0.068764,-0.995850,-0.000343,60.419998
32391,0.009519,0.450017,-0.039752,-0.048604,-0.034513,0.068712,-0.995854,0.000000,60.337257
32394,0.009514,0.450017,-0.039757,-0.048563,-0.034493,0.068600,-0.995864,0.000000,60.256920
32398,0.009511,0.450018,-0.039761,-0.048483,-0.034466,0.068453,-0.995879,0.000000,60.174522
32401,0.009508,0.450016,-0.039763,-0.048453,-0.034466,0.068359,-0.995887,0.000000,60.089722
32404,0.009505,0.450017,-0.039764,-0.048432,-0.034484,0.068282,-0.995893,-0.000343,60.000801
32408,0.009497,0.450016,-0.039767,-0.048320,-0.034457,0.068115,-0.995911,0.000000,59.902267
32412,0.009491,0.450015,-0.039765,-0.048351,-0.034499,0.068104,-0.995909,-0.000343,59.809570
32415,0.009480,0.450013,-0.039767,-0.048277,-0.034475,0.067939,-0.995924,-0.000343,59.715843
32419,0.009467,0.450011,-0.039772,-0.048187,-0.034482,0.067773,-0.995940,0.000000,59.623146
32422,0.009459,0.450012,-0.039774,-0.048186,-0.034501,0.067708,-0.995944,-0.000343,59.524956
32426,0.009447,0.450014,-0.039785,-0.048128,-0.034490,0.067637,-0.995952,0.000000,59.438095
32430,0.009437,0.450013,-0.039793,-0.048032,-0.034489,0.067449,-0.995969,0.000000,59.358788
32433,0.009436,0.450013,-0.039798,-0.048057,-0.034468,0.067433,-0.995970,-0.000343,59.260254
32437,0.009434,0.450013,-0.039802,-0.047931,-0.034523,0.067258,-0.995986,-0.000343,59.168930
32440,0.009436,0.450011,-0.039799,-0.047910,-0.034518,0.067201,-0.995991,0.000000,59.087906
32444,0.009437,0.450010,-0.039793,-0.047931,-0.034487,0.067099,-0.995998,-0.000343,59.006538
32447,0.009435,0.450008,-0.039789,-0.047930,-0.034472,0.067043,-0.996002,-0.000343,58.913155
32451,0.009430,0.450006,-0.039788,-0.047798,-0.034476,0.066824,-0.996023,-0.000343,58.816681
32455,0.009423,0.450007,-0.039786,-0.047780,-0.034477,0.066759,-0.996028,-0.000343,58.719864
32458,0.009414,0.450005,-0.039791,-0.047728,-0.034470,0.066655,-0.996038,-0.000343,58.621330
32462,0.009398,0.450005,-0.039800,-0.047641,-0.034496,0.066474,-0.996053,-0.000343,58.527946
32465,0.009386,0.450005,-0.039812,-0.047618,-0.034511,0.066409,-0.996058,0.000000,58.446236
32469,0.009371,0.450005,-0.039828,-0.047451,-0.034502,0.066193,-0.996081,-0.000343,58.359718
32472,0.009365,0.450005,-0.039837,-0.047367,-0.034519,0.066055,-0.996093,-0.000343,58.275604
32476,0.009360,0.450007,-0.039840,-0.047366,-0.034498,0.065936,-0.996102,-0.000343,58.190804
32479,0.009354,0.450004,-0.039841,-0.047296,-0.034507,0.065824,-0.996112,-0.000343,58.108406
32483,0.009347,0.450003,-0.039838,-0.047172,-0.034493,0.065610,-0.996133,0.000000,58.005066
32486,0.009344,0.450001,-0.039830,-0.047160,-0.034473,0.065490,-0.996142,-0.000343,57.912369
32490,0.009338,0.450001,-0.039823,-0.047096,-0.034517,0.065308,-0.996155,0.000000,57.824135
32493,0.009331,0.449998,-0.039821,-0.047014,-0.034509,0.065163,-0.996169,0.000000,57.729034
32497,0.009320,0.449997,-0.039821,-0.047004,-0.034518,0.065039,-0.996177,-0.000343,57.637367
32501,0.009306,0.449998,-0.039835,-0.046886,-0.034487,0.064833,-0.996197,0.000000,57.549133
32504,0.009294,0.449998,-0.039848,-0.046774,-0.034495,0.064640,-0.996215,-0.000343,57.462959
32508,0.009284,0.450001,-0.039861,-0.046784,-0.034492,0.064613,-0.996216,0.000000,57.376442
32511,0.009273,0.449999,-0.039874,-0.046706,-0.034516,0.064464,-0.996229,-0.000343,57.286491
32515,0.009265,0.450000,-0.039881,-0.046602,-0.034507,0.064267,-0.996247,0.000000,57.203064
32518,0.009259,0.449998,-0.039881,-0.046567,-0.034516,0.064145,-0.996256,-0.000343,57.114830
32522,0.009254,0.449996,-0.039875,-0.046521,-0.034493,0.064042,-0.996265,-0.000343,57.020416
32526,0.009252,0.449996,-0.039865,-0.046493,-0.034497,0.063970,-0.996271,0.000000,56.921539
32529,0.009249,0.449991,-0.039857,-0.046505,-0.034478,0.063825,-0.996281,0.000000,56.824036
32533,0.009246,0.449995,-0.039856,-0.046374,-0.034497,0.063705,-0.996294,0.000000,56.732368
32536,0.009238,0.449992,-0.039860,-0.046296,-0.034481,0.063555,-0.996307,-0.000343,56.637955
32540,0.009231,0.449991,-0.039868,-0.046314,-0.034498,0.063507,-0.996309,0.000000,56.554527
32543,0.009223,0.449995,-0.039877,-0.046224,-0.034504,0.063359,-0.996322,-0.000343,56.459427
32546,0.009217,0.449994,-0.039889,-0.046091,-0.034557,0.063257,-0.996333,0.000000,56.368446
32550,0.009209,0.449995,-0.039899,-0.046019,-0.034571,0.063098,-0.996346,-0.000343,56.285362
32554,0.009200,0.449996,-0.039905,-0.045994,-0.034513,0.063027,-0.996354,-0.000343,56.201248
32557,0.009194,0.449996,-0.039907,-0.045869,-0.034535,0.062908,-0.996366,-0.000343,56.118164
32561,0.009189,0.449993,-0.039903,-0.045933,-0.034495,0.062840,-0.996369,-0.000343,56.031990
32564,0.009187,0.449993,-0.039901,-0.045892,-0.034514,0.062759,-0.996375,-0.000343,55.941353
32568,0.009180,0.449993,-0.039901,-0.045773,-0.034559,0.062624,-0.996388,-0.000343,55.846252
32572,0.009173,0.449991,-0.039899,-0.045809,-0.034520,0.062507,-0.996395,-0.000343,55.748749
32575,0.009171,0.449992,-0.039901,-0.045743,-0.034486,0.062426,-0.996404,-0.000343,55.651245
32579,0.009162,0.449993,-0.039909,-0.045588,-0.034490,0.062247,-0.996422,0.000000,55.559578
32582,0.009162,0.449991,-0.039912,-0.045605,-0.034499,0.062225,-0.996423,-0.000343,55.476151
32586,0.009153,0.449991,-0.039916,-0.045478,-0.034523,0.062088,-0.996436,-0.000343,55.387917
32589,0.009150,0.449993,-0.039920,-0.045460,-0.034516,0.062000,-0.996443,-0.000343,55.299339
32593,0.009143,0.449990,-0.039919,-0.045453,-0.034526,0.061897,-0.996449,0.000000,55.211449
32596,0.009134,0.449990,-0.039923,-0.045430,-0.034544,0.061829,-0.996454,0.000000,55.118752
32600,0.009123,0.449988,-0.039927,-0.045251,-0.034530,0.061599,-0.996477,-0.000343,55.027428
32604,0.009116,0.449987,-0.039931,-0.045250,-0.034522,0.061516,-0.996482,-0.000343,54.939537
32607,0.009110,0.449987,-0.039936,-0.045206,-0.034529,0.061442,-0.996488,-0.000343,54.842720
32611,0.009102,0.449985,-0.039943,-0.045057,-0.034532,0.061211,-0.996509,-0.000343,54.760323
32614,0.009097,0.449986,-0.039946,-0.045060,-0.034536,0.061167,-0.996512,0.000000,54.674492
32617,0.009093,0.449984,-0.039949,-0.045079,-0.034513,0.061055,-0.996519,-0.000343,54.584541
32621,0.009090,0.449987,-0.039952,-0.044914,-0.034563,0.060888,-0.996534,0.000000,54.492188
32625,0.009081,0.449983,-0.039950,-0.044888,-0.034553,0.060771,-0.996543,-0.000343,54.400864
32629,0.009074,0.449984,-0.039949,-0.044746,-0.034548,0.060618,-0.996559,-0.000343,54.293404
32632,0.009063,0.449984,-0.039950,-0.044692,-0.034520,0.060451,-0.996572,-0.000343,54.211006
32635,0.009056,0.449983,-0.039949,-0.044694,-0.034487,0.060376,-0.996578,-0.000343,54.120369
32639,0.009050,0.449982,-0.039952,-0.044640,-0.034513,0.060270,-0.996586,0.000000,54.039688
32643,0.009039,0.449981,-0.039959,-0.044559,-0.034510,0.060048,-0.996603,0.000000,53.948021
32646,0.009031,0.449978,-0.039968,-0.044527,-0.034531,0.059979,-0.996608,-0.000343,53.860474
32650,0.009022,0.449982,-0.039977,-0.044418,-0.034529,0.059871,-0.996619,0.000000,53.777046
32653,0.009013,0.449981,-0.039984,-0.044322,-0.034540,0.059725,-0.996632,-0.000343,53.683662
32657,0.009010,0.449980,-0.039987,-0.044392,-0.034502,0.059688,-0.996633,0.000000,53.590279
32661,0.009002,0.449980,-0.039989,-0.044244,-0.034511,0.059503,-0.996650,-0.000343,53.486595
32664,0.008997,0.449977,-0.039987,-0.044203,-0.034496,0.059363,-0.996661,-0.000343,53.413124
32667,0.008992,0.449977,-0.039985,-0.044144,-0.034498,0.059236,-0.996671,-0.000343,53.318367
32671,0.008984,0.449975,-0.039978,-0.044154,-0.034522,0.059122,-0.996676,-0.000343,53.224297
32675,0.008976,0.449975,-0.039981,-0.044033,-0.034538,0.058990,-0.996689,0.000000,53.137093
32678,0.008967,0.449973,-0.039986,-0.044033,-0.034501,0.058849,-0.996698,-0.000343,53.047829
32682,0.008959,0.449976,-0.039993,-0.043955,-0.034532,0.058779,-0.996705,-0.000343,52.963028
32685,0.008950,0.449975,-0.040001,-0.043863,-0.034490,0.058583,-0.996722,0.000000,52.872391
32689,0.008941,0.449971,-0.040009,-0.043908,-0.034503,0.058551,-0.996721,-0.000343,52.783813
32692,0.008941,0.449973,-0.040009,-0.043828,-0.034509,0.058411,-0.996733,-0.000343,52.689056
32696,0.008937,0.449971,-0.040013,-0.043691,-0.034541,0.058247,-0.996747,0.000000,52.594643
32699,0.008932,0.449971,-0.040010,-0.043690,-0.034536,0.058153,-0.996753,-0.000343,52.507782
32703,0.008926,0.449971,-0.040010,-0.043694,-0.034477,0.058092,-0.996758,-0.000343,52.415771
32707,0.008915,0.449969,-0.040008,-0.043588,-0.034458,0.057879,-0.996776,-0.000343,52.325821
32710,0.008907,0.449967,-0.040007,-0.043615,-0.034475,0.057881,-0.996774,0.000000,52.239647
32714,0.008896,0.449968,-0.040012,-0.043448,-0.034529,0.057698,-0.996790,0.000000,52.154503
32717,0.008891,0.449967,-0.040016,-0.043400,-0.034497,0.057587,-0.996800,-0.000343,52.062836
32721,0.008886,0.449965,-0.040023,-0.043410,-0.034520,0.057481,-0.996805,-0.000343,51.971855
32724,0.008888,0.449967,-0.040030,-0.043436,-0.034485,0.057428,-0.996808,0.000000,51.882248
32728,0.008887,0.449970,-0.040042,-0.043233,-0.034450,0.057224,-0.996830,-0.000343,51.786461
32731,0.008881,0.449967,-0.040047,-0.043223,-0.034476,0.057166,-0.996833,-0.000343,51.697540
32735,0.008858,0.449964,-0.040047,-0.043191,-0.034482,0.057054,-0.996840,-0.000343,51.608620
32739,0.008838,0.449961,-0.040051,-0.043066,-0.034491,0.056778,-0.996861,0.000000,51.521416
32742,0.008828,0.449963,-0.040055,-0.043071,-0.034504,0.056761,-0.996861,-0.000343,51.419106
32745,0.008827,0.449965,-0.040061,-0.043069,-0.034512,0.056696,-0.996865,-0.000343,51.332932
32749,0.008827,0.449968,-0.040064,-0.042831,-0.034542,0.056491,-0.996886,0.000000,51.247101
32753,0.008820,0.449963,-0.040053,-0.042858,-0.034528,0.056398,-0.996890,0.000000,51.157494
32756,0.008813,0.449960,-0.040039,-0.042861,-0.034530,0.056290,-0.996896,-0.000343,51.063080
32759,0.008798,0.449954,-0.040028,-0.042847,-0.034523,0.056114,-0.996907,0.000000,50.987549
32763,0.008790,0.449953,-0.040022,-0.042710,-0.034501,0.055882,-0.996927,-0.000343,50.893135
32767,0.008795,0.449952,-0.040031,-0.042675,-0.034521,0.055717,-0.996937,0.000000,50.796661
32771,0.008793,0.449953,-0.040052,-0.042566,-0.034537,0.055587,-0.996948,-0.000343,50.689888
32774,0.008778,0.449952,-0.040071,-0.042459,-0.034514,0.055431,-0.996962,-0.000343,50.606461
32778,0.008750,0.449953,-0.040100,-0.042359,-0.034441,0.055170,-0.996983,0.000000,50.522003
32781,0.008730,0.449953,-0.040115,-0.042251,-0.034449,0.054967,-0.996999,-0.000343,50.440636
32785,0.008715,0.449950,-0.040127,-0.042320,-0.034398,0.054833,-0.997005,0.000000,50.358925
32788,0.008709,0.449950,-0.040134,-0.042166,-0.034418,0.054697,-0.997018,-0.000343,50.275841
32792,0.008706,0.449950,-0.040127,-0.042054,-0.034432,0.054514,-0.997033,-0.000343,50.181084
32795,0.008701,0.449948,-0.040114,-0.042036,-0.034431,0.054428,-0.997038,0.000000,50.083923
32799,0.008692,0.449945,-0.040087,-0.042047,-0.034427,0.054332,-0.997043,0.000000,49.985733
32802,0.008687,0.449941,-0.040074,-0.041979,-0.034476,0.054190,-0.997052,0.000000,49.888916
32806,0.008685,0.449939,-0.040064,-0.042007,-0.034435,0.054095,-0.997057,0.000000,49.796906
32809,0.008688,0.449939,-0.040070,-0.041980,-0.034449,0.054032,-0.997061,0.000000,49.724121
32813,0.008682,0.449942,-0.040089,-0.041816,-0.034416,0.053895,-0.997077,-0.000343,49.640694
32817,0.008673,0.449942,-0.040109,-0.041843,-0.034427,0.053850,-0.997078,-0.000343,49.550743
32820,0.008660,0.449942,-0.040126,-0.041743,-0.034435,0.053702,-0.997090,0.000000,49.450150
32824,0.008648,0.449940,-0.040143,-0.041620,-0.034447,0.053557,-0.997102,0.000000,49.352989
32827,0.008648,0.449940,-0.040152,-0.041635,-0.034430,0.053465,-0.997107,-0.000343,49.259262
32831,0.008651,0.449941,-0.040158,-0.041600,-0.034387,0.053439,-0.997111,0.000000,49.163818
32834,0.008657,0.449942,-0.040153,-0.041491,-0.034406,0.053330,-0.997121,0.000000,49.096184
32838,0.008656,0.449938,-0.040135,-0.041578,-0.034391,0.053276,-0.997121,0.000000,49.009666
32841,0.008649,0.449936,-0.040119,-0.041559,-0.034412,0.053219,-0.997124,0.000000,48.925896
32845,0.008645,0.449935,-0.040107,-0.041505,-0.034420,0.053051,-0.997135,-0.000343,48.828049
32848,0.008639,0.449933,-0.040107,-0.041403,-0.034420,0.052929,-0.997146,0.000000,48.732262
32852,0.008639,0.449935,-0.040118,-0.041412,-0.034414,0.052883,-0.997148,0.000000,48.634415
32856,0.008630,0.449936,-0.040140,-0.041227,-0.034369,0.052651,-0.997169,0.000000,48.546867
32859,0.008619,0.449936,-0.040153,-0.041238,-0.034367,0.052616,-0.997171,-0.000343,48.462753
32863,0.008596,0.449935,-0.040165,-0.041130,-0.034380,0.052418,-0.997185,0.000000,48.378639
32866,0.008573,0.449931,-0.040172,-0.041048,-0.034366,0.052259,-0.997198,0.000000,48.289032
32870,0.008564,0.449928,-0.040177,-0.041034,-0.034394,0.052080,-0.997207,0.000000,48.197021
32873,0.008571,0.449930,-0.040181,-0.041041,-0.034386,0.052061,-0.997208,-0.000343,48.105011
32877,0.008584,0.449933,-0.040192,-0.040815,-0.034383,0.051853,-0.997228,-0.000343,48.007164
32880,0.008596,0.449934,-0.040189,-0.040835,-0.034385,0.051823,-0.997228,-0.000343,47.917900
32884,0.008590,0.449930,-0.040176,-0.040776,-0.034374,0.051703,-0.997238,0.000000,47.827606
32888,0.008573,0.449925,-0.040155,-0.040691,-0.034412,0.051471,-0.997252,-0.000343,47.754478
32891,0.008562,0.449923,-0.040143,-0.040715,-0.034400,0.051374,-0.997256,0.000000,47.673798
32895,0.008555,0.449925,-0.040137,-0.040616,-0.034434,0.051250,-0.997265,0.000000,47.572517
32898,0.008550,0.449925,-0.040141,-0.040538,-0.034408,0.051115,-0.997276,0.000000,47.477760
32902,0.008531,0.449919,-0.040151,-0.040563,-0.034374,0.051002,-0.997282,0.000000,47.371330
32905,0.008510,0.449918,-0.040161,-0.040550,-0.034366,0.050906,-0.997288,0.000000,47.282753
32909,0.008485,0.449922,-0.040188,-0.040311,-0.034371,0.050662,-0.997310,-0.000343,47.199326
32912,0.008475,0.449924,-0.040213,-0.040286,-0.034366,0.050539,-0.997317,0.000000,47.110062
32916,0.008478,0.449926,-0.040242,-0.040203,-0.034404,0.050450,-0.997324,0.000000,47.025604
32919,0.008483,0.449927,-0.040258,-0.040066,-0.034390,0.050324,-0.997336,0.000000,46.937027
32923,0.008485,0.449924,-0.040259,-0.040066,-0.034409,0.050177,-0.997343,0.000000,46.850166
32927,0.008483,0.449922,-0.040244,-0.040013,-0.034369,0.050054,-0.997353,-0.000343,46.759872
32930,0.008482,0.449920,-0.040225,-0.039934,-0.034375,0.049877,-0.997364,-0.000343,46.660652
32934,0.008484,0.449912,-0.040197,-0.040031,-0.034329,0.049791,-0.997367,0.000000,46.575508
32937,0.008482,0.449911,-0.040183,-0.039956,-0.034343,0.049671,-0.997375,0.000000,46.481094
32941,0.008469,0.449910,-0.040174,-0.039852,-0.034359,0.049469,-0.997389,0.000000,46.391487
32944,0.008446,0.449909,-0.040178,-0.039784,-0.034332,0.049287,-0.997401,0.000000,46.304626
32948,0.008415,0.449906,-0.040192,-0.039724,-0.034363,0.049106,-0.997412,0.000000,46.204720
32951,0.008397,0.449908,-0.040216,-0.039585,-0.034373,0.048893,-0.997427,0.000000,46.131935
32955,0.008386,0.449910,-0.040250,-0.039469,-0.034366,0.048776,-0.997438,-0.000343,46.048164
32959,0.008385,0.449913,-0.040278,-0.039286,-0.034392,0.048610,-0.997452,0.000000,45.961304
32962,0.008383,0.449916,-0.040295,-0.039199,-0.034349,0.048451,-0.997465,0.000000,45.869637
32966,0.008378,0.449913,-0.040291,-0.039207,-0.034335,0.048277,-0.997473,0.000000,45.758400
32969,0.008371,0.449909,-0.040279,-0.039185,-0.034367,0.048169,-0.997478,0.000000,45.665359
32972,0.008366,0.449907,-0.040264,-0.039104,-0.034362,0.047979,-0.997491,-0.000343,45.575752
32977,0.008362,0.449901,-0.040237,-0.039085,-0.034315,0.047743,-0.997505,0.000000,45.494385
32980,0.008359,0.449901,-0.040228,-0.039051,-0.034293,0.047655,-0.997511,0.000000,45.407867
32983,0.008351,0.449899,-0.040224,-0.038973,-0.034323,0.047538,-0.997519,-0.000343,45.330620
32987,0.008334,0.449897,-0.040231,-0.038932,-0.034301,0.047357,-0.997530,0.000000,45.237236
32991,0.008314,0.449897,-0.040255,-0.038741,-0.034374,0.047157,-0.997544,0.000000,45.136986
32994,0.008303,0.449896,-0.040278,-0.038708,-0.034352,0.047040,-0.997551,0.000000,45.040512
32998,0.008293,0.449901,-0.040308,-0.038634,-0.034365,0.046881,-0.997561,0.000000,44.947128
33001,0.008287,0.449901,-0.040324,-0.038539,-0.034365,0.046804,-0.997569,0.000000,44.868851
33005,0.008282,0.449903,-0.040337,-0.038344,-0.034351,0.046566,-0.997588,0.000000,44.787140
33008,0.008278,0.449901,-0.040331,-0.038350,-0.034312,0.046485,-0.997593,0.000000,44.710236
33012,0.008275,0.449899,-0.040311,-0.038335,-0.034356,0.046342,-0.997598,0.000000,44.620628
33016,0.008269,0.449893,-0.040287,-0.038314,-0.034346,0.046140,-0.997609,0.000000,44.520721
33019,0.008262,0.449889,-0.040273,-0.038310,-0.034341,0.046056,-0.997613,0.000000,44.419441
33023,0.008252,0.449888,-0.040263,-0.038190,-0.034328,0.045886,-0.997626,0.000000,44.317818
33026,0.008241,0.449887,-0.040268,-0.038077,-0.034332,0.045705,-0.997638,0.000000,44.229927
33030,0.008228,0.449887,-0.040278,-0.038095,-0.034300,0.045556,-0.997646,0.000000,44.149590
33033,0.008217,0.449889,-0.040297,-0.037956,-0.034318,0.045366,-0.997659,0.000000,44.074402
33037,0.008202,0.449890,-0.040326,-0.037749,-0.034296,0.045096,-0.997680,0.000000,43.989944
33040,0.008193,0.449890,-0.040347,-0.037690,-0.034310,0.044920,-0.997690,0.000000,43.889351
33044,0.008184,0.449890,-0.040365,-0.037596,-0.034359,0.044779,-0.997698,0.000000,43.787727
33047,0.008175,0.449888,-0.040370,-0.037471,-0.034387,0.044584,-0.997710,0.000000,43.690567
33051,0.008161,0.449885,-0.040367,-0.037471,-0.034314,0.044397,-0.997721,0.000000,43.605423
33054,0.008151,0.449884,-0.040358,-0.037405,-0.034336,0.044207,-0.997731,0.000000,43.522682
33058,0.008140,0.449880,-0.040346,-0.037287,-0.034335,0.044010,-0.997744,0.000000,43.446808
33061,0.008134,0.449880,-0.040338,-0.037173,-0.034338,0.043825,-0.997757,0.000000,43.358917
33065,0.008130,0.449877,-0.040329,-0.037255,-0.034326,0.043755,-0.997757,0.000000,43.266563
33069,0.008122,0.449876,-0.040329,-0.037119,-0.034331,0.043541,-0.997771,0.000000,43.168716
33072,0.008111,0.449874,-0.040336,-0.037083,-0.034351,0.043430,-0.997777,0.000000,43.072929
33076,0.008097,0.449874,-0.040346,-0.037008,-0.034321,0.043329,-0.997785,0.000000,42.978516
33079,0.008087,0.449874,-0.040360,-0.036819,-0.034335,0.043169,-0.997799,0.000000,42.890282
33083,0.008080,0.449873,-0.040374,-0.036832,-0.034318,0.043052,-0.997804,0.000000,42.811317
33086,0.008075,0.449873,-0.040386,-0.036772,-0.034314,0.042961,-0.997810,0.000000,42.723770
33090,0.008070,0.449872,-0.040398,-0.036612,-0.034341,0.042764,-0.997823,0.000000,42.636223
33094,0.008063,0.449870,-0.040399,-0.036584,-0.034384,0.042640,-0.997828,0.000000,42.544556
33097,0.008056,0.449868,-0.040400,-0.036595,-0.034354,0.042601,-0.997831,0.000000,42.458382
33101,0.008042,0.449868,-0.040397,-0.036441,-0.034308,0.042294,-0.997851,0.000343,42.361908
33104,0.008037,0.449866,-0.040393,-0.036464,-0.034309,0.042252,-0.997852,0.000000,42.264748
33108,0.008026,0.449864,-0.040386,-0.036382,-0.034329,0.042107,-0.997860,0.000000,42.188187
33111,0.008020,0.449863,-0.040385,-0.036323,-0.034328,0.041992,-0.997867,0.000000,42.103043
33115,0.008014,0.449861,-0.040385,-0.036281,-0.034352,0.041823,-0.997875,0.000000,42.010689
33118,0.008008,0.449861,-0.040389,-0.036289,-0.034352,0.041732,-0.997879,0.000000,41.916275
33122,0.007997,0.449863,-0.040403,-0.036040,-0.034345,0.041444,-0.997900,0.000000,41.820145
33126,0.007981,0.449859,-0.040416,-0.036005,-0.034319,0.041261,-0.997910,0.000343,41.731224
33129,0.007969,0.449859,-0.040421,-0.035956,-0.034339,0.041149,-0.997915,0.000000,41.639214
33132,0.007959,0.449858,-0.040426,-0.035854,-0.034359,0.041009,-0.997924,0.000343,41.554413
33132,0.007959,0.449858,-0.040426,-0.035854,-0.034359,0.041009,-0.997924,0.000000,41.453133
33132,0.007959,0.449858,-0.040426,-0.035854,-0.034359,0.041009,-0.997924,0.000000,41.361122
33132,0.007959,0.449858,-0.040426,-0.035854,-0.034359,0.041009,-0.997924,0.000343,41.268082
33132,0.007959,0.449858,-0.040426,-0.035854,-0.034359,0.041009,-0.997924,0.000343,41.187744
33132,0.007959,0.449858,-0.040426,-0.035854,-0.034359,0.041009,-0.997924,0.000000,41.104317
33132,0.007959,0.449858,-0.040426,-0.035854,-0.034359,0.041009,-0.997924,0.000343,41.008873
33132,0.007959,0.449858,-0.040426,-0.035854,-0.034359,0.041009,-0.997924,0.000343,40.933342
33132,0.007959,0.449858,-0.040426,-0.035854,-0.034359,0.041009,-0.997924,0.000343,40.844078
33132,0.007959,0.449858,-0.040426,-0.035854,-0.034359,0.041009,-0.997924,0.000343,40.753441
33132,0.007959,0.449858,-0.040426,-0.035854,-0.034359,0.041009,-0.997924,0.000343,40.649414
33132,0.007959,0.449858,-0.040426,-0.035854,-0.034359,0.041009,-0.997924,0.000343,40.562897
33132,0.007959,0.449858,-0.040426,-0.035854,-0.034359,0.041009,-0.997924,0.000343,40.479126
33132,0.007959,0.449858,-0.040426,-0.035854,-0.034359,0.041009,-0.997924,0.000343,40.393982
33132,0.007959,0.449858,-0.040426,-0.035854,-0.034359,0.041009,-0.997924,0.000343,40.307808
33132,0.007959,0.449858,-0.040426,-0.035854,-0.034359,0.041009,-0.997924,0.000343,40.225410
33132,0.007959,0.449858,-0.040426,-0.035854,-0.034359,0.041009,-0.997924,0.000343,40.125160
33132,0.007959,0.449858,-0.040426,-0.035854,-0.034359,0.041009,-0.997924,0.000000,40.028687
33132,0.007959,0.449858,-0.040426,-0.035854,-0.034359,0.041009,-0.997924,0.000343,39.920883
33132,0.007959,0.449858,-0.040426,-0.035854,-0.034359,0.041009,-0.997924,0.000343,39.840889
33132,0.007959,0.449858,-0.040426,-0.035854,-0.034359,0.041009,-0.997924,0.000343,39.749565
33132,0.007959,0.449858,-0.040426,-0.035854,-0.034359,0.041009,-0.997924,0.000343,39.668198
33132,0.007959,0.449858,-0.040426,-0.035854,-0.034359,0.041009,-0.997924,0.000343,39.580650
33132,0.007959,0.449858,-0.040426,-0.035854,-0.034359,0.041009,-0.997924,0.000343,39.488640
33132,0.007959,0.449858,-0.040426,-0.035854,-0.034359,0.041009,-0.997924,0.000343,39.392166
33132,0.007959,0.449858,-0.040426,-0.035854,-0.034359,0.041009,-0.997924,0.000000,39.311829
33132,0.007959,0.449858,-0.040426,-0.035854,-0.034359,0.041009,-0.997924,0.000000,39.229088
33132,0.007959,0.449858,-0.040426,-0.035854,-0.034359,0.041009,-0.997924,0.000000,39.140854
33132,0.007959,0.449858,-0.040426,-0.035854,-0.034359,0.041009,-0.997924,0.000343,39.051590
33132,0.007959,0.449858,-0.040426,-0.035854,-0.034359,0.041009,-0.997924,0.000343,38.958549
33239,0.007703,0.449822,-0.040521,-0.033501,-0.034211,0.036158,-0.998198,0.000343,38.865509
33243,0.007688,0.449817,-0.040517,-0.033488,-0.034202,0.035965,-0.998206,0.000343,38.773842
33246,0.007675,0.449815,-0.040514,-0.033484,-0.034189,0.035881,-0.998210,0.000343,38.670158
33250,0.007662,0.449815,-0.040518,-0.033292,-0.034203,0.035613,-0.998225,0.000000,38.594627
33253,0.007665,0.449814,-0.040525,-0.033244,-0.034218,0.035523,-0.998229,0.000343,38.500214
33257,0.007666,0.449814,-0.040542,-0.033230,-0.034183,0.035379,-0.998236,0.000343,38.385201
33260,0.007661,0.449813,-0.040557,-0.033111,-0.034179,0.035287,-0.998244,0.000000,38.334732
33264,0.007648,0.449810,-0.040573,-0.033016,-0.034205,0.035061,-0.998254,0.000343,38.241348
33267,0.007634,0.449811,-0.040584,-0.033037,-0.034228,0.034993,-0.998255,0.000343,38.145218
33271,0.007618,0.449811,-0.040592,-0.032847,-0.034233,0.034702,-0.998271,0.000343,38.050117
33275,0.007611,0.449811,-0.040594,-0.032842,-0.034230,0.034571,-0.998276,0.000343,37.963257
33278,0.007606,0.449809,-0.040587,-0.032812,-0.034190,0.034421,-0.998283,0.000343,37.878113
33282,0.007594,0.449806,-0.040571,-0.032625,-0.034193,0.034194,-0.998297,0.000343,37.798462
33285,0.007583,0.449803,-0.040553,-0.032638,-0.034174,0.034091,-0.998301,0.000343,37.712631
33289,0.007577,0.449801,-0.040530,-0.032663,-0.034216,0.033949,-0.998304,0.000343,37.625084
33292,0.007575,0.449799,-0.040526,-0.032568,-0.034204,0.033828,-0.998311,0.000000,37.523804
33296,0.007573,0.449794,-0.040535,-0.032523,-0.034215,0.033648,-0.998318,0.000000,37.436600
33299,0.007571,0.449794,-0.040554,-0.032503,-0.034177,0.033563,-0.998323,0.000343,37.341499
33303,0.007561,0.449798,-0.040589,-0.032270,-0.034177,0.033345,-0.998338,0.000343,37.249146
33306,0.007550,0.449799,-0.040612,-0.032203,-0.034165,0.033198,-0.998346,0.000343,37.163315
33310,0.007534,0.449800,-0.040637,-0.032187,-0.034166,0.033104,-0.998349,0.000343,37.075768
33314,0.007518,0.449798,-0.040653,-0.032087,-0.034169,0.032927,-0.998358,0.000343,36.993713
33317,0.007510,0.449796,-0.040655,-0.032021,-0.034169,0.032777,-0.998365,0.000343,36.906853
33321,0.007502,0.449794,-0.040642,-0.032056,-0.034177,0.032706,-0.998366,0.000343,36.802826
33324,0.007495,0.449791,-0.040626,-0.031958,-0.034183,0.032473,-0.998377,0.000343,36.715279
33328,0.007491,0.449787,-0.040600,-0.031928,-0.034168,0.032305,-0.998383,0.000343,36.610565
33331,0.007486,0.449782,-0.040584,-0.031891,-0.034162,0.032145,-0.998390,0.000343,36.535378
33335,0.007483,0.449782,-0.040577,-0.031792,-0.034147,0.032036,-0.998397,0.000343,36.450233
33339,0.007481,0.449780,-0.040587,-0.031780,-0.034121,0.031924,-0.998402,0.000343,36.362686
33342,0.007475,0.449781,-0.040604,-0.031724,-0.034140,0.031794,-0.998407,0.000343,36.274796
33346,0.007464,0.449785,-0.040633,-0.031551,-0.034190,0.031587,-0.998418,0.000343,36.188622
33349,0.007450,0.449783,-0.040655,-0.031520,-0.034168,0.031456,-0.998424,0.000343,36.090775
33353,0.007435,0.449787,-0.040675,-0.031457,-0.034175,0.031368,-0.998428,0.000000,36.009064
33356,0.007424,0.449786,-0.040687,-0.031310,-0.034204,0.031201,-0.998437,0.000000,35.918770
33360,0.007411,0.449782,-0.040685,-0.031278,-0.034174,0.031017,-0.998445,0.000000,35.817490
33363,0.007407,0.449781,-0.040676,-0.031259,-0.034164,0.030928,-0.998448,0.000343,35.724106
33367,0.007398,0.449778,-0.040658,-0.031138,-0.034151,0.030704,-0.998460,0.000343,35.636215
33371,0.007392,0.449773,-0.040634,-0.031171,-0.034174,0.030556,-0.998462,0.000000,35.543518
33373,0.007385,0.449769,-0.040631,-0.031069,-0.034145,0.030414,-0.998471,0.000000,35.457687
33373,0.007385,0.449769,-0.040631,-0.031069,-0.034145,0.030414,-0.998471,0.000343,35.369453
33373,0.007385,0.449769,-0.040631,-0.031069,-0.034145,0.030414,-0.998471,0.000343,35.293922
33373,0.007385,0.449769,-0.040631,-0.031069,-0.034145,0.030414,-0.998471,0.000343,35.208092
33373,0.007385,0.449769,-0.040631,-0.031069,-0.034145,0.030414,-0.998471,0.000343,35.112648
33373,0.007385,0.449769,-0.040631,-0.031069,-0.034145,0.030414,-0.998471,0.000000,35.028191
33373,0.007385,0.449769,-0.040631,-0.031069,-0.034145,0.030414,-0.998471,0.000343,34.937210
33373,0.007385,0.449769,-0.040631,-0.031069,-0.034145,0.030414,-0.998471,0.000343,34.838676
33373,0.007385,0.449769,-0.040631,-0.031069,-0.034145,0.030414,-0.998471,0.000343,34.744263
33373,0.007385,0.449769,-0.040631,-0.031069,-0.034145,0.030414,-0.998471,0.000343,34.659462
33373,0.007385,0.449769,-0.040631,-0.031069,-0.034145,0.030414,-0.998471,0.000000,34.574318
33373,0.007385,0.449769,-0.040631,-0.031069,-0.034145,0.030414,-0.998471,0.000343,34.486084
33373,0.007385,0.449769,-0.040631,-0.031069,-0.034145,0.030414,-0.998471,0.000000,34.402657
33373,0.007385,0.449769,-0.040631,-0.031069,-0.034145,0.030414,-0.998471,0.000343,34.312706
33373,0.007385,0.449769,-0.040631,-0.031069,-0.034145,0.030414,-0.998471,0.000343,34.216576
33373,0.007385,0.449769,-0.040631,-0.031069,-0.034145,0.030414,-0.998471,0.000000,34.118385
33373,0.007385,0.449769,-0.040631,-0.031069,-0.034145,0.030414,-0.998471,0.000343,34.025688
33373,0.007385,0.449769,-0.040631,-0.031069,-0.034145,0.030414,-0.998471,0.000343,33.930931
33373,0.007385,0.449769,-0.040631,-0.031069,-0.034145,0.030414,-0.998471,0.000343,33.837891
33373,0.007385,0.449769,-0.040631,-0.031069,-0.034145,0.030414,-0.998471,0.000343,33.758583
33373,0.007385,0.449769,-0.040631,-0.031069,-0.034145,0.030414,-0.998471,0.000343,33.678246
33373,0.007385,0.449769,-0.040631,-0.031069,-0.034145,0.030414,-0.998471,0.000343,33.591728
33373,0.007385,0.449769,-0.040631,-0.031069,-0.034145,0.030414,-0.998471,0.000343,33.512764
33373,0.007385,0.449769,-0.040631,-0.031069,-0.034145,0.030414,-0.998471,0.000343,33.426590
33373,0.007385,0.449769,-0.040631,-0.031069,-0.034145,0.030414,-0.998471,0.000343,33.334579
33373,0.007385,0.449769,-0.040631,-0.031069,-0.034145,0.030414,-0.998471,0.000343,33.236046
33373,0.007385,0.449769,-0.040631,-0.031069,-0.034145,0.030414,-0.998471,0.000343,33.136826
33373,0.007385,0.449769,-0.040631,-0.031069,-0.034145,0.030414,-0.998471,0.000343,33.033485
33373,0.007385,0.449769,-0.040631,-0.031069,-0.034145,0.030414,-0.998471,0.000343,32.942848
33373,0.007385,0.449769,-0.040631,-0.031069,-0.034145,0.030414,-0.998471,0.000343,32.865257
33480,0.007197,0.449741,-0.040723,-0.029391,-0.034229,0.026815,-0.998622,0.000343,32.789726
33484,0.007185,0.449740,-0.040738,-0.029313,-0.034178,0.026688,-0.998629,0.000343,32.708359
33487,0.007177,0.449741,-0.040754,-0.029205,-0.034197,0.026573,-0.998635,0.000000,32.617035
33491,0.007170,0.449739,-0.040772,-0.029278,-0.034172,0.026557,-0.998634,0.000000,32.520561
33495,0.007162,0.449742,-0.040788,-0.029148,-0.034220,0.026402,-0.998640,0.000343,32.427864
33498,0.007152,0.449741,-0.040797,-0.029078,-0.034195,0.026284,-0.998646,0.000343,32.337914
33502,0.007146,0.449738,-0.040800,-0.029164,-0.034184,0.026238,-0.998645,0.000000,32.248306
33505,0.007144,0.449736,-0.040798,-0.029046,-0.034183,0.026072,-0.998653,0.000000,32.159042
33509,0.007146,0.449735,-0.040789,-0.028982,-0.034169,0.025949,-0.998659,0.000343,32.071495
33513,0.007142,0.449734,-0.040776,-0.028891,-0.034148,0.025817,-0.998666,0.000000,31.984978
33516,0.007137,0.449732,-0.040765,-0.028824,-0.034162,0.025705,-0.998670,0.000343,31.894684
33520,0.007125,0.449726,-0.040757,-0.028846,-0.034158,0.025476,-0.998675,0.000343,31.801300
33523,0.007116,0.449726,-0.040759,-0.028843,-0.034156,0.025426,-0.998677,0.000343,31.708946
33527,0.007100,0.449723,-0.040773,-0.028649,-0.034197,0.025189,-0.998687,0.000343,31.618652
33530,0.007092,0.449724,-0.040786,-0.028605,-0.034198,0.025072,-0.998691,0.000000,31.533508
33534,0.007074,0.449723,-0.040804,-0.028582,-0.034175,0.024948,-0.998695,0.000000,31.442871
33537,0.007062,0.449723,-0.040817,-0.028503,-0.034171,0.024809,-0.998701,0.000000,31.363220
33541,0.007050,0.449722,-0.040833,-0.028397,-0.034147,0.024589,-0.998711,0.000343,31.275330
33544,0.007047,0.449720,-0.040837,-0.028375,-0.034131,0.024491,-0.998714,0.000343,31.180916
33548,0.007047,0.449721,-0.040837,-0.028231,-0.034162,0.024326,-0.998721,0.000000,31.077919
33552,0.007047,0.449716,-0.040828,-0.028194,-0.034185,0.024114,-0.998727,0.000343,30.998955
33555,0.007043,0.449715,-0.040820,-0.028181,-0.034149,0.024052,-0.998730,0.000000,30.917244
33558,0.007037,0.449713,-0.040812,-0.028166,-0.034146,0.023974,-0.998732,0.000343,30.825920
33562,0.007025,0.449709,-0.040808,-0.028024,-0.034115,0.023721,-0.998743,0.000343,30.730476
33566,0.007014,0.449707,-0.040811,-0.027992,-0.034105,0.023620,-0.998747,0.000343,30.641212
33569,0.007005,0.449708,-0.040815,-0.027883,-0.034138,0.023483,-0.998752,0.000000,30.546799
33573,0.006989,0.449706,-0.040833,-0.027769,-0.034164,0.023304,-0.998759,0.000343,30.456161
33576,0.006977,0.449707,-0.040842,-0.027765,-0.034155,0.023210,-0.998761,0.000343,30.368271
33580,0.006960,0.449706,-0.040858,-0.027612,-0.034202,0.023000,-0.998769,0.000343,30.285873
33583,0.006953,0.449705,-0.040865,-0.027571,-0.034185,0.022909,-0.998772,0.000000,30.198669
33587,0.006949,0.449701,-0.040868,-0.027582,-0.034170,0.022806,-0.998775,0.000000,30.108376
33591,0.006949,0.449702,-0.040869,-0.027402,-0.034153,0.022707,-0.998783,0.000343,30.022202
33594,0.006951,0.449700,-0.040862,-0.027401,-0.034157,0.022561,-0.998786,0.000000,29.932251
33598,0.006954,0.449699,-0.040850,-0.027508,-0.034166,0.022536,-0.998783,0.000000,29.840584
33601,0.006951,0.449699,-0.040847,-0.027387,-0.034164,0.022434,-0.998789,0.000000,29.746513
33605,0.006945,0.449695,-0.040840,-0.027367,-0.034158,0.022282,-0.998793,0.000000,29.657249
33608,0.006937,0.449695,-0.040844,-0.027327,-0.034167,0.022236,-0.998795,0.000000,29.564209
33612,0.006922,0.449694,-0.040854,-0.027233,-0.034150,0.022099,-0.998801,0.000000,29.478378
33615,0.006911,0.449695,-0.040864,-0.027135,-0.034135,0.021966,-0.998807,0.000000,29.393578
33619,0.006900,0.449694,-0.040875,-0.027177,-0.034139,0.021915,-0.998807,0.000343,29.304314
33622,0.006890,0.449693,-0.040883,-0.027122,-0.034156,0.021817,-0.998810,0.000000,29.223633
33626,0.006882,0.449692,-0.040892,-0.026963,-0.034139,0.021614,-0.998820,0.000000,29.136429
33630,0.006880,0.449691,-0.040893,-0.027002,-0.034191,0.021576,-0.998818,0.000000,29.049225
33633,0.006879,0.449691,-0.040895,-0.026895,-0.034177,0.021463,-0.998823,0.000000,28.956528
33637,0.006878,0.449687,-0.040890,-0.026894,-0.034148,0.021377,-0.998826,0.000000,28.855934
33640,0.006876,0.449685,-0.040885,-0.026870,-0.034166,0.021278,-0.998828,0.000343,28.761520
33644,0.006872,0.449685,-0.040884,-0.026793,-0.034111,0.021161,-0.998835,0.000000,28.667450
33648,0.006867,0.449681,-0.040881,-0.026772,-0.034162,0.021041,-0.998836,0.000343,28.574409
33651,0.006868,0.449684,-0.040883,-0.026765,-0.034142,0.021003,-0.998838,0.000000,28.498878
33654,0.006858,0.449681,-0.040887,-0.026661,-0.034140,0.020848,-0.998844,0.000000,28.414764
33658,0.006846,0.449682,-0.040894,-0.026561,-0.034197,0.020734,-0.998847,0.000000,28.327217
33662,0.006828,0.449679,-0.040902,-0.026577,-0.034131,0.020586,-0.998852,0.000000,28.231773
33665,0.006816,0.449679,-0.040907,-0.026482,-0.034151,0.020522,-0.998855,0.000000,28.143539
33669,0.006811,0.449680,-0.040918,-0.026412,-0.034143,0.020379,-0.998860,0.000000,28.051872
33672,0.006810,0.449678,-0.040925,-0.026392,-0.034133,0.020340,-0.998862,0.000000,27.965698
33676,0.006811,0.449680,-0.040931,-0.026242,-0.034159,0.020199,-0.998868,0.000000,27.881927
33679,0.006808,0.449678,-0.040929,-0.026196,-0.034154,0.020127,-0.998871,0.000000,27.794380
33683,0.006806,0.449676,-0.040919,-0.026283,-0.034150,0.020052,-0.998870,0.000000,27.704773
33686,0.006801,0.449675,-0.040914,-0.026242,-0.034174,0.019974,-0.998872,0.000000,27.613106
33690,0.006800,0.449672,-0.040908,-0.026158,-0.034125,0.019806,-0.998879,0.000000,27.520409
33694,0.006796,0.449671,-0.040907,-0.026120,-0.034122,0.019727,-0.998882,0.000000,27.417412
33697,0.006793,0.449671,-0.040908,-0.026072,-0.034131,0.019683,-0.998883,0.000000,27.339821
33700,0.006787,0.449670,-0.040912,-0.026009,-0.034159,0.019574,-0.998886,0.000000,27.255020
33704,0.006774,0.449670,-0.040922,-0.026041,-0.034163,0.019488,-0.998887,0.000000,27.171593
33708,0.006763,0.449670,-0.040936,-0.025876,-0.034192,0.019308,-0.998894,0.000000,27.083702
33711,0.006757,0.449670,-0.040943,-0.025844,-0.034179,0.019239,-0.998896,0.000000,26.977959
33715,0.006753,0.449670,-0.040948,-0.025846,-0.034196,0.019147,-0.998897,0.000000,26.889725
33718,0.006750,0.449669,-0.040951,-0.025812,-0.034168,0.019088,-0.998900,0.000000,26.798744
33722,0.006742,0.449667,-0.040951,-0.025703,-0.034168,0.018918,-0.998906,0.000000,26.706390
33726,0.006744,0.449667,-0.040940,-0.025738,-0.034198,0.018876,-0.998905,0.000000,26.633263
33729,0.006740,0.449664,-0.040940,-0.025633,-0.034150,0.018776,-0.998912,0.000000,26.552238
33733,0.006740,0.449659,-0.040933,-0.025667,-0.034190,0.018633,-0.998912,0.000000,26.461601
33736,0.006732,0.449660,-0.040936,-0.025657,-0.034160,0.018592,-0.998914,0.000000,26.368217
33740,0.006722,0.449661,-0.040945,-0.025526,-0.034136,0.018454,-0.998921,0.000000,26.272430
33743,0.006713,0.449662,-0.040952,-0.025465,-0.034166,0.018370,-0.998923,0.000000,26.171837
33747,0.006705,0.449660,-0.040961,-0.025525,-0.034141,0.018335,-0.998923,0.000000,26.080170
33750,0.006697,0.449660,-0.040966,-0.025444,-0.034138,0.018227,-0.998927,0.000000,25.995369
33754,0.006691,0.449661,-0.040975,-0.025335,-0.034160,0.018086,-0.998932,0.000000,25.919838
33757,0.006684,0.449660,-0.040974,-0.025335,-0.034145,0.017975,-0.998934,0.000000,25.837784
33761,0.006679,0.449658,-0.040973,-0.025277,-0.034182,0.017856,-0.998936,0.000000,25.747490
33765,0.006677,0.449657,-0.040965,-0.025298,-0.034156,0.017833,-0.998937,-0.000343,25.655136
33768,0.006673,0.449654,-0.040959,-0.025273,-0.034176,0.017708,-0.998939,0.000000,25.549393
33771,0.006673,0.449654,-0.040956,-0.025245,-0.034158,0.017654,-0.998942,0.000000,25.463562
33775,0.006665,0.449651,-0.040958,-0.025115,-0.034131,0.017437,-0.998950,0.000000,25.370178
33779,0.006664,0.449653,-0.040962,-0.025179,-0.034146,0.017463,-0.998947,0.000000,25.289497
33782,0.006660,0.449653,-0.040969,-0.025073,-0.034160,0.017322,-0.998952,0.000000,25.208130
33786,0.006653,0.449651,-0.040980,-0.025011,-0.034190,0.017224,-0.998954,0.000000,25.118523
33789,0.006645,0.449652,-0.040988,-0.024974,-0.034197,0.017130,-0.998956,0.000000,25.029602
33793,0.006634,0.449651,-0.040996,-0.024896,-0.034166,0.017057,-0.998960,0.000000,24.943771
33796,0.006626,0.449650,-0.041004,-0.024793,-0.034181,0.016936,-0.998965,0.000000,24.855537
33800,0.006623,0.449650,-0.041000,-0.024845,-0.034164,0.016898,-0.998964,0.000000,24.763527
33804,0.006619,0.449650,-0.040999,-0.024744,-0.034177,0.016745,-0.998969,0.000000,24.677696
33807,0.006615,0.449648,-0.040996,-0.024718,-0.034150,0.016669,-0.998972,0.000000,24.582253
33811,0.006613,0.449647,-0.040987,-0.024771,-0.034177,0.016635,-0.998970,0.000000,24.491959
33814,0.006610,0.449644,-0.040986,-0.024719,-0.034142,0.016522,-0.998975,0.000000,24.403381
33818,0.006609,0.449643,-0.040987,-0.024653,-0.034125,0.016406,-0.998979,0.000000,24.307594
33821,0.006609,0.449644,-0.040987,-0.024627,-0.034147,0.016364,-0.998979,0.000000,24.216957
33825,0.006604,0.449644,-0.040994,-0.024543,-0.034168,0.016262,-0.998982,0.000000,24.129753
33828,0.006598,0.449643,-0.040998,-0.024468,-0.034159,0.016186,-0.998986,0.000000,24.044952
33832,0.006592,0.449643,-0.041003,-0.024524,-0.034159,0.016129,-0.998985,0.000000,23.956375
33836,0.006580,0.449640,-0.041012,-0.024355,-0.034181,0.015929,-0.998992,0.000000,23.868484
33839,0.006575,0.449642,-0.041015,-0.024355,-0.034205,0.015890,-0.998992,0.000000,23.782654
33842,0.006567,0.449639,-0.041017,-0.024334,-0.034218,0.015819,-0.998993,-0.000343,23.690987
33846,0.006556,0.449639,-0.041018,-0.024351,-0.034183,0.015782,-0.998994,0.000000,23.599319
33850,0.006548,0.449639,-0.041022,-0.024215,-0.034186,0.015610,-0.999000,0.000000,23.516235
33853,0.006548,0.449636,-0.041022,-0.024282,-0.034188,0.015637,-0.998998,0.000000,23.436928
33857,0.006550,0.449637,-0.041025,-0.024127,-0.034210,0.015451,-0.999004,0.000000,23.346977
33860,0.006551,0.449637,-0.041025,-0.024112,-0.034184,0.015434,-0.999005,0.000000,23.246040
33864,0.006552,0.449634,-0.041023,-0.024134,-0.034205,0.015346,-0.999006,-0.000343,23.151970
33868,0.006545,0.449634,-0.041025,-0.023975,-0.034217,0.015236,-0.999011,0.000000,23.062019
33871,0.006542,0.449633,-0.041022,-0.023968,-0.034193,0.015169,-0.999013,-0.000343,22.977905
33875,0.006538,0.449630,-0.041022,-0.024002,-0.034185,0.015108,-0.999013,0.000000,22.887955
33878,0.006533,0.449634,-0.041022,-0.023932,-0.034193,0.015042,-0.999015,0.000000,22.804871
33882,0.006525,0.449630,-0.041027,-0.023874,-0.034206,0.014880,-0.999019,0.000000,22.711830
33885,0.006517,0.449630,-0.041032,-0.023852,-0.034183,0.014902,-0.999020,-0.000343,22.614326
33889,0.006509,0.449629,-0.041038,-0.023775,-0.034196,0.014729,-0.999024,-0.000343,22.525406
33892,0.006506,0.449628,-0.041041,-0.023737,-0.034227,0.014674,-0.999024,0.000000,22.435799
33896,0.006500,0.449626,-0.041044,-0.023770,-0.034189,0.014612,-0.999026,0.000000,22.356148
33899,0.006501,0.449628,-0.041044,-0.023750,-0.034191,0.014589,-0.999027,-0.000343,22.276154
33903,0.006497,0.449628,-0.041052,-0.023621,-0.034140,0.014439,-0.999034,-0.000343,22.187920
33907,0.006500,0.449625,-0.041042,-0.023728,-0.034165,0.014486,-0.999030,-0.000343,22.105522
33910,0.006500,0.449625,-0.041043,-0.023601,-0.034189,0.014368,-0.999033,-0.000343,22.008018
33914,0.006494,0.449622,-0.041041,-0.023604,-0.034200,0.014279,-0.999034,0.000000,21.909828
33917,0.006489,0.449621,-0.041041,-0.023584,-0.034191,0.014203,-0.999036,-0.000343,21.813011
33921,0.006481,0.449624,-0.041048,-0.023518,-0.034148,0.014162,-0.999040,-0.000343,21.725121
33924,0.006475,0.449621,-0.041053,-0.023412,-0.034170,0.014018,-0.999044,-0.000343,21.639977
33928,0.006473,0.449622,-0.041058,-0.023475,-0.034149,0.014064,-0.999042,-0.000343,21.559296
33932,0.006467,0.449622,-0.041061,-0.023344,-0.034185,0.013939,-0.999046,0.000000,21.476212
33935,0.006462,0.449623,-0.041062,-0.023345,-0.034175,0.013868,-0.999047,0.000000,21.382484
33938,0.006458,0.449621,-0.041062,-0.023290,-0.034172,0.013768,-0.999050,-0.000343,21.282578
33942,0.006454,0.449618,-0.041060,-0.023362,-0.034152,0.013754,-0.999049,-0.000343,21.187134
33946,0.006458,0.449621,-0.041058,-0.023272,-0.034156,0.013701,-0.999052,-0.000343,21.104736
33949,0.006452,0.449616,-0.041056,-0.023313,-0.034165,0.013607,-0.999052,0.000000,21.021309
33953,0.006452,0.449619,-0.041056,-0.023240,-0.034157,0.013581,-0.999054,-0.000343,20.946121
33956,0.006447,0.449617,-0.041060,-0.023175,-0.034137,0.013456,-0.999058,0.000000,20.856514
33960,0.006443,0.449616,-0.041061,-0.023251,-0.034154,0.013456,-0.999056,-0.000343,20.762787
33963,0.006441,0.449616,-0.041069,-0.023182,-0.034176,0.013385,-0.999057,0.000000,20.668373
33967,0.006438,0.449618,-0.041075,-0.023062,-0.034212,0.013280,-0.999060,-0.000343,20.567093
33971,0.006431,0.449615,-0.041079,-0.023088,-0.034171,0.013217,-0.999062,-0.000343,20.485039
33974,0.006426,0.449615,-0.041081,-0.023033,-0.034182,0.013176,-0.999063,0.000000,20.397835
33978,0.006418,0.449613,-0.041080,-0.022961,-0.034178,0.013063,-0.999067,0.000000,20.306511
33981,0.006417,0.449612,-0.041080,-0.022982,-0.034150,0.013052,-0.999067,-0.000343,20.224800
33984,0.006414,0.449612,-0.041077,-0.022966,-0.034151,0.012985,-0.999068,-0.000343,20.133820
33988,0.006415,0.449612,-0.041077,-0.022870,-0.034168,0.012913,-0.999071,-0.000343,20.041809
33992,0.006412,0.449610,-0.041077,-0.022877,-0.034178,0.012809,-0.999072,-0.000343,19.955635
33995,0.006410,0.449608,-0.041077,-0.022873,-0.034178,0.012819,-0.999072,0.000000,19.862251
33999,0.006404,0.449610,-0.041081,-0.022734,-0.034160,0.012657,-0.999078,0.000000,19.770927
34002,0.006405,0.449608,-0.041085,-0.022774,-0.034181,0.012642,-0.999076,-0.000343,19.695053
34006,0.006400,0.449607,-0.041087,-0.022727,-0.034137,0.012579,-0.999080,0.000000,19.617119
34010,0.006392,0.449607,-0.041092,-0.022636,-0.034166,0.012424,-0.999083,-0.000343,19.524765
34013,0.006390,0.449606,-0.041089,-0.022701,-0.034196,0.012468,-0.999080,0.000000,19.422455
34017,0.006382,0.449606,-0.041093,-0.022588,-0.034178,0.012302,-0.999085,0.000000,19.341431
34020,0.006379,0.449605,-0.041093,-0.022586,-0.034208,0.012297,-0.999084,-0.000343,19.246674
34024,0.006376,0.449602,-0.041093,-0.022599,-0.034183,0.012238,-0.999085,0.000000,19.152260
34027,0.006374,0.449603,-0.041095,-0.022606,-0.034161,0.012222,-0.999086,-0.000343,19.065742
34031,0.006372,0.449602,-0.041099,-0.022449,-0.034165,0.012046,-0.999092,-0.000343,18.958626
34034,0.006370,0.449600,-0.041101,-0.022472,-0.034135,0.012068,-0.999092,-0.000343,18.877258
34038,0.006370,0.449601,-0.041101,-0.022415,-0.034215,0.011985,-0.999091,-0.000343,18.793144
34041,0.006368,0.449602,-0.041102,-0.022383,-0.034171,0.011957,-0.999094,-0.000343,18.706970
34045,0.006363,0.449600,-0.041101,-0.022390,-0.034215,0.011863,-0.999093,0.000000,18.624573
34048,0.006359,0.449599,-0.041102,-0.022417,-0.034201,0.011886,-0.999093,0.000000,18.542175
34052,0.006351,0.449597,-0.041106,-0.022217,-0.034208,0.011723,-0.999099,-0.000343,18.456001
34056,0.006349,0.449596,-0.041103,-0.022336,-0.034177,0.011735,-0.999097,-0.000343,18.365707
34059,0.006345,0.449596,-0.041105,-0.022280,-0.034181,0.011658,-0.999099,-0.000343,18.273010
34063,0.006339,0.449598,-0.041107,-0.022206,-0.034202,0.011561,-0.999101,-0.000343,18.178596
34066,0.006331,0.449593,-0.041108,-0.022147,-0.034216,0.011482,-0.999103,0.000000,18.086586
34070,0.006331,0.449593,-0.041112,-0.022168,-0.034188,0.011467,-0.999104,0.000000,17.994232
34073,0.006330,0.449594,-0.041113,-0.022067,-0.034255,0.011391,-0.999105,0.000000,17.907028
34077,0.006330,0.449593,-0.041115,-0.022113,-0.034240,0.011348,-0.999105,0.000000,17.832184
34080,0.006328,0.449592,-0.041119,-0.022083,-0.034221,0.011280,-0.999107,-0.000343,17.753563
34084,0.006323,0.449592,-0.041122,-0.021943,-0.034225,0.011196,-0.999111,0.000000,17.659492
34088,0.006322,0.449592,-0.041122,-0.022089,-0.034210,0.011210,-0.999108,-0.000343,17.563019
34091,0.006318,0.449590,-0.041122,-0.021984,-0.034239,0.011114,-0.999110,0.000000,17.468262
34095,0.006317,0.449592,-0.041123,-0.021944,-0.034246,0.011036,-0.999112,0.000000,17.373505
34098,0.006312,0.449589,-0.041123,-0.021923,-0.034228,0.010948,-0.999114,0.000000,17.278404
34102,0.006308,0.449589,-0.041122,-0.021951,-0.034197,0.010934,-0.999114,-0.000343,17.193947
34105,0.006302,0.449587,-0.041126,-0.021836,-0.034198,0.010809,-0.999118,0.000000,17.116356
34109,0.006303,0.449586,-0.041124,-0.021893,-0.034222,0.010834,-0.999116,-0.000343,17.031898
34112,0.006299,0.449585,-0.041126,-0.021860,-0.034201,0.010724,-0.999118,-0.000343,16.944351
34116,0.006294,0.449586,-0.041130,-0.021745,-0.034223,0.010658,-0.999121,-0.000343,16.849937
34119,0.006289,0.449584,-0.041132,-0.021715,-0.034261,0.010552,-0.999121,-0.000343,16.758614
34123,0.006282,0.449581,-0.041132,-0.021798,-0.034204,0.010541,-0.999122,0.000000,16.664886
34126,0.006278,0.449582,-0.041136,-0.021713,-0.034239,0.010430,-0.999123,-0.000343,16.577339
34130,0.006275,0.449579,-0.041136,-0.021729,-0.034224,0.010387,-0.999124,0.000000,16.490135
34134,0.006269,0.449580,-0.041141,-0.021621,-0.034212,0.010333,-0.999127,-0.000343,16.404305
34137,0.006266,0.449577,-0.041141,-0.021597,-0.034232,0.010248,-0.999128,-0.000343,16.315727
34141,0.006264,0.449578,-0.041142,-0.021628,-0.034227,0.010192,-0.999128,0.000000,16.229553
34144,0.006264,0.449578,-0.041144,-0.021607,-0.034223,0.010155,-0.999129,-0.000343,16.132393
34148,0.006262,0.449577,-0.041147,-0.021483,-0.034260,0.010026,-0.999132,-0.000343,16.054459
34152,0.006257,0.449575,-0.041150,-0.021501,-0.034240,0.009977,-0.999133,0.000000,15.968971
34155,0.006255,0.449575,-0.041148,-0.021515,-0.034221,0.009958,-0.999133,0.000000,15.872841
34159,0.006247,0.449573,-0.041149,-0.021337,-0.034244,0.009790,-0.999138,0.000000,15.785294
34162,0.006241,0.449571,-0.041146,-0.021445,-0.034215,0.009830,-0.999136,0.000000,15.682983
34166,0.006239,0.449569,-0.041146,-0.021364,-0.034226,0.009653,-0.999139,-0.000343,15.587540
34169,0.006235,0.449570,-0.041148,-0.021312,-0.034238,0.009654,-0.999140,0.000000,15.498276
34173,0.006232,0.449569,-0.041148,-0.021306,-0.034279,0.009554,-0.999140,-0.000343,15.417938
34176,0.006228,0.449570,-0.041149,-0.021334,-0.034234,0.009584,-0.999140,0.000000,15.345840
34180,0.006220,0.449568,-0.041160,-0.021194,-0.034227,0.009359,-0.999146,-0.000343,15.268593
34183,0.006223,0.449568,-0.041161,-0.021203,-0.034252,0.009367,-0.999144,-0.000343,15.183105
34187,0.006218,0.449567,-0.041165,-0.021165,-0.034233,0.009296,-0.999147,0.000000,15.090408
34191,0.006215,0.449567,-0.041167,-0.021112,-0.034242,0.009180,-0.999148,-0.000343,14.992218
34194,0.006214,0.449566,-0.041167,-0.021121,-0.034234,0.009178,-0.999148,-0.000343,14.890938
34197,0.006211,0.449564,-0.041166,-0.021189,-0.034209,0.009176,-0.999148,0.000000,14.796524
34201,0.006208,0.449563,-0.041166,-0.021061,-0.034266,0.009019,-0.999150,0.000000,14.709663
34205,0.006206,0.449561,-0.041164,-0.021103,-0.034258,0.008961,-0.999150,-0.000343,14.624519
34209,0.006199,0.449561,-0.041168,-0.021003,-0.034238,0.008932,-0.999153,-0.000343,14.542809
34212,0.006195,0.449561,-0.041170,-0.020938,-0.034232,0.008786,-0.999156,0.000000,14.460754
34215,0.006187,0.449560,-0.041173,-0.020940,-0.034228,0.008753,-0.999156,-0.000343,14.378700
34219,0.006183,0.449557,-0.041172,-0.020958,-0.034244,0.008684,-0.999156,0.000000,14.272957
34223,0.006180,0.449559,-0.041172,-0.020915,-0.034268,0.008622,-0.999157,0.000000,14.187469
34226,0.006176,0.449557,-0.041174,-0.020930,-0.034276,0.008567,-0.999156,-0.000343,14.100609
34230,0.006172,0.449556,-0.041177,-0.020884,-0.034211,0.008498,-0.999160,0.000000,14.017525
34233,0.006168,0.449556,-0.041180,-0.020772,-0.034259,0.008399,-0.999162,0.000000,13.923454
34237,0.006166,0.449553,-0.041177,-0.020859,-0.034219,0.008422,-0.999161,-0.000343,13.826294
34240,0.006164,0.449554,-0.041179,-0.020805,-0.034228,0.008320,-0.999163,0.000000,13.734970
34244,0.006160,0.449554,-0.041180,-0.020718,-0.034244,0.008218,-0.999165,-0.000343,13.634033
34247,0.006157,0.449553,-0.041182,-0.020678,-0.034254,0.008156,-0.999166,-0.000343,13.557472
34250,0.006153,0.449551,-0.041184,-0.020734,-0.034234,0.008122,-0.999166,-0.000343,13.479881
34254,0.006153,0.449551,-0.041185,-0.020649,-0.034280,0.008029,-0.999167,-0.000343,13.401947
34258,0.006150,0.449550,-0.041188,-0.020658,-0.034271,0.007982,-0.999167,0.000000,13.314400
34262,0.006143,0.449550,-0.041190,-0.020623,-0.034220,0.007935,-0.999170,-0.000343,13.214493
34265,0.006138,0.449550,-0.041193,-0.020578,-0.034248,0.007849,-0.999171,0.000000,13.130379
34268,0.006131,0.449548,-0.041196,-0.020495,-0.034274,0.007767,-0.999172,-0.000343,13.024635
34272,0.006134,0.449548,-0.041197,-0.020601,-0.034259,0.007772,-0.999170,0.000000,12.933998
34276,0.006131,0.449548,-0.041198,-0.020480,-0.034284,0.007694,-0.999173,0.000000,12.845421
34279,0.006130,0.449548,-0.041197,-0.020452,-0.034300,0.007613,-0.999173,-0.000343,12.761650
34283,0.006126,0.449545,-0.041194,-0.020528,-0.034250,0.007611,-0.999174,0.000000,12.677879
34287,0.006118,0.449543,-0.041194,-0.020405,-0.034239,0.007468,-0.999177,0.000000,12.594109
34290,0.006118,0.449542,-0.041190,-0.020466,-0.034251,0.007475,-0.999176,-0.000343,12.518578
34293,0.006117,0.449543,-0.041189,-0.020430,-0.034255,0.007416,-0.999177,0.000000,12.423820
34297,0.006113,0.449543,-0.041194,-0.020323,-0.034264,0.007359,-0.999179,-0.000343,12.334557
34301,0.006109,0.449541,-0.041197,-0.020383,-0.034283,0.007282,-0.999178,0.000000,12.245293
34304,0.006104,0.449542,-0.041203,-0.020410,-0.034249,0.007258,-0.999179,0.000000,12.157059
34308,0.006099,0.449542,-0.041210,-0.020252,-0.034278,0.007147,-0.999182,-0.000343,12.065735
34311,0.006098,0.449541,-0.041213,-0.020302,-0.034273,0.007108,-0.999181,0.000000,11.972351
34315,0.006092,0.449541,-0.041215,-0.020250,-0.034260,0.007049,-0.999183,-0.000343,11.892700
34318,0.006091,0.449540,-0.041214,-0.020260,-0.034274,0.007011,-0.999183,0.000000,11.792793
34322,0.006085,0.449537,-0.041213,-0.020220,-0.034249,0.006915,-0.999185,-0.000343,11.699409
34326,0.006084,0.449535,-0.041210,-0.020159,-0.034318,0.006808,-0.999184,0.000000,11.610146
34329,0.006084,0.449536,-0.041208,-0.020120,-0.034296,0.006794,-0.999186,0.000000,11.521912
34333,0.006081,0.449534,-0.041206,-0.020144,-0.034289,0.006717,-0.999186,-0.000343,11.430931
34336,0.006080,0.449536,-0.041207,-0.020163,-0.034271,0.006699,-0.999187,-0.000343,11.334801
34340,0.006072,0.449534,-0.041216,-0.019980,-0.034262,0.006570,-0.999192,0.000000,11.249657
34343,0.006068,0.449533,-0.041218,-0.020017,-0.034235,0.006536,-0.999192,-0.000343,11.172752
34343,0.006068,0.449533,-0.041218,-0.020017,-0.034235,0.006536,-0.999192,0.000000,11.090355
34343,0.006068,0.449533,-0.041218,-0.020017,-0.034235,0.006536,-0.999192,-0.000343,11.019630
34343,0.006068,0.449533,-0.041218,-0.020017,-0.034235,0.006536,-0.999192,-0.000343,10.936546
34343,0.006068,0.449533,-0.041218,-0.020017,-0.034235,0.006536,-0.999192,0.000000,10.839729
34343,0.006068,0.449533,-0.041218,-0.020017,-0.034235,0.006536,-0.999192,-0.000343,10.739479
34343,0.006068,0.449533,-0.041218,-0.020017,-0.034235,0.006536,-0.999192,0.000000,10.628586
34343,0.006068,0.449533,-0.041218,-0.020017,-0.034235,0.006536,-0.999192,0.000000,10.531769
34343,0.006068,0.449533,-0.041218,-0.020017,-0.034235,0.006536,-0.999192,-0.000343,10.442848
34343,0.006068,0.449533,-0.041218,-0.020017,-0.034235,0.006536,-0.999192,-0.000343,10.362167
34343,0.006068,0.449533,-0.041218,-0.020017,-0.034235,0.006536,-0.999192,-0.000343,10.290070
34343,0.006068,0.449533,-0.041218,-0.020017,-0.034235,0.006536,-0.999192,-0.000343,10.213852
34343,0.006068,0.449533,-0.041218,-0.020017,-0.034235,0.006536,-0.999192,0.000000,10.128021
34343,0.006068,0.449533,-0.041218,-0.020017,-0.034235,0.006536,-0.999192,0.000000,10.036354
34343,0.006068,0.449533,-0.041218,-0.020017,-0.034235,0.006536,-0.999192,-0.000343,9.941254
34343,0.006068,0.449533,-0.041218,-0.020017,-0.034235,0.006536,-0.999192,0.000000,9.851990
34343,0.006068,0.449533,-0.041218,-0.020017,-0.034235,0.006536,-0.999192,0.000000,9.758606
34343,0.006068,0.449533,-0.041218,-0.020017,-0.034235,0.006536,-0.999192,0.000000,9.674492
34343,0.006068,0.449533,-0.041218,-0.020017,-0.034235,0.006536,-0.999192,0.000000,9.584198
34343,0.006068,0.449533,-0.041218,-0.020017,-0.034235,0.006536,-0.999192,0.000000,9.491844
34343,0.006068,0.449533,-0.041218,-0.020017,-0.034235,0.006536,-0.999192,-0.000343,9.409447
34343,0.006068,0.449533,-0.041218,-0.020017,-0.034235,0.006536,-0.999192,-0.000343,9.319839
34343,0.006068,0.449533,-0.041218,-0.020017,-0.034235,0.006536,-0.999192,0.000000,9.226456
34343,0.006068,0.449533,-0.041218,-0.020017,-0.034235,0.006536,-0.999192,0.000000,9.136848
34343,0.006068,0.449533,-0.041218,-0.020017,-0.034235,0.006536,-0.999192,0.000000,9.056168
34343,0.006068,0.449533,-0.041218,-0.020017,-0.034235,0.006536,-0.999192,0.000000,8.959007
34343,0.006068,0.449533,-0.041218,-0.020017,-0.034235,0.006536,-0.999192,-0.000343,8.876953
34343,0.006068,0.449533,-0.041218,-0.020017,-0.034235,0.006536,-0.999192,-0.000343,8.787003
34343,0.006068,0.449533,-0.041218,-0.020017,-0.034235,0.006536,-0.999192,0.000000,8.698425
34343,0.006068,0.449533,-0.041218,-0.020017,-0.034235,0.006536,-0.999192,0.000000,8.609161
34450,0.005977,0.449510,-0.041246,-0.019297,-0.034312,0.004766,-0.999214,0.000000,8.527794
34453,0.005972,0.449511,-0.041252,-0.019281,-0.034320,0.004783,-0.999214,0.000000,8.456039
34457,0.005966,0.449513,-0.041263,-0.019177,-0.034367,0.004682,-0.999214,0.000000,8.356133
34460,0.005964,0.449514,-0.041268,-0.019144,-0.034364,0.004625,-0.999215,0.000000,8.272705
34464,0.005963,0.449513,-0.041270,-0.019225,-0.034327,0.004613,-0.999215,0.000000,8.171768
34468,0.005959,0.449510,-0.041270,-0.019051,-0.034338,0.004436,-0.999219,0.000000,8.072891
34471,0.005964,0.449511,-0.041262,-0.019093,-0.034339,0.004479,-0.999218,0.000000,7.983971
34475,0.005964,0.449510,-0.041253,-0.019074,-0.034343,0.004389,-0.999218,0.000000,7.890244
34478,0.005963,0.449507,-0.041246,-0.019060,-0.034319,0.004362,-0.999220,0.000000,7.805099
34482,0.005960,0.449504,-0.041245,-0.019084,-0.034332,0.004238,-0.999219,0.000000,7.713776
34485,0.005958,0.449504,-0.041249,-0.019109,-0.034329,0.004278,-0.999219,0.000000,7.632408
34489,0.005950,0.449506,-0.041265,-0.018960,-0.034384,0.004123,-0.999220,0.000000,7.552757
34492,0.005945,0.449508,-0.041278,-0.018951,-0.034376,0.004117,-0.999221,-0.000343,7.471046
34496,0.005936,0.449507,-0.041290,-0.018939,-0.034385,0.004044,-0.999221,0.000000,7.386589
34499,0.005928,0.449508,-0.041299,-0.018921,-0.034363,0.004020,-0.999222,0.000000,7.300758
34503,0.005919,0.449505,-0.041299,-0.018853,-0.034348,0.003901,-0.999224,0.000000,7.210464
34506,0.005921,0.449506,-0.041291,-0.018927,-0.034370,0.003931,-0.999222,0.000000,7.111244
34510,0.005924,0.449504,-0.041277,-0.018805,-0.034354,0.003782,-0.999226,0.000000,7.006874
34514,0.005927,0.449500,-0.041259,-0.018868,-0.034394,0.003746,-0.999223,0.000000,6.922760
34517,0.005927,0.449498,-0.041251,-0.018907,-0.034348,0.003736,-0.999224,0.000000,6.830406
34521,0.005920,0.449497,-0.041250,-0.018762,-0.034345,0.003615,-0.999227,0.000000,6.747665
34524,0.005917,0.449498,-0.041254,-0.018777,-0.034335,0.003590,-0.999228,0.000000,6.667671
34528,0.005909,0.449498,-0.041269,-0.018772,-0.034331,0.003552,-0.999228,0.000000,6.586304
34531,0.005904,0.449501,-0.041282,-0.018720,-0.034363,0.003524,-0.999228,0.000000,6.502876
34535,0.005898,0.449501,-0.041301,-0.018604,-0.034376,0.003419,-0.999230,0.000000,6.407776
34538,0.005893,0.449502,-0.041308,-0.018684,-0.034357,0.003436,-0.999229,0.000000,6.315079
34542,0.005886,0.449501,-0.041313,-0.018570,-0.034381,0.003298,-0.999231,-0.000343,6.227188
34546,0.005884,0.449498,-0.041304,-0.018607,-0.034367,0.003294,-0.999231,0.000000,6.124535
34549,0.005884,0.449497,-0.041293,-0.018602,-0.034390,0.003239,-0.999230,0.000000,6.041107
34552,0.005886,0.449496,-0.041281,-0.018648,-0.034367,0.003252,-0.999230,0.000000,5.966949
34556,0.005884,0.449492,-0.041274,-0.018528,-0.034370,0.003138,-0.999232,0.000000,5.873222
34560,0.005891,0.449491,-0.041266,-0.018620,-0.034375,0.003160,-0.999231,0.000000,5.783958
34563,0.005892,0.449493,-0.041268,-0.018505,-0.034373,0.003100,-0.999233,0.000000,5.691261
34567,0.005892,0.449492,-0.041272,-0.018514,-0.034382,0.003046,-0.999233,0.000000,5.605431
34570,0.005891,0.449492,-0.041282,-0.018484,-0.034418,0.003019,-0.999232,0.000000,5.515823
34574,0.005883,0.449493,-0.041295,-0.018415,-0.034367,0.002969,-0.999235,0.000000,5.433083
34578,0.005878,0.449493,-0.041300,-0.018502,-0.034356,0.002988,-0.999234,0.000000,5.350342
34581,0.005871,0.449492,-0.041303,-0.018446,-0.034357,0.002895,-0.999235,0.000000,5.260391
34585,0.005868,0.449493,-0.041302,-0.018350,-0.034391,0.002864,-0.999236,0.000000,5.164261
34588,0.005865,0.449492,-0.041300,-0.018343,-0.034374,0.002787,-0.999237,0.000000,5.071564
34592,0.005862,0.449489,-0.041297,-0.018408,-0.034353,0.002794,-0.999236,0.000000,4.982643
34595,0.005861,0.449488,-0.041296,-0.018353,-0.034400,0.002726,-0.999236,0.000000,4.893723
34599,0.005858,0.449488,-0.041298,-0.018376,-0.034380,0.002720,-0.999236,0.000000,4.816132
34602,0.005856,0.449486,-0.041301,-0.018328,-0.034413,0.002652,-0.999236,0.000000,4.735451
34606,0.005853,0.449488,-0.041309,-0.018281,-0.034391,0.002669,-0.999238,0.000000,4.652710
34610,0.005849,0.449487,-0.041315,-0.018303,-0.034369,0.002592,-0.999238,0.000000,4.557266
34613,0.005848,0.449488,-0.041318,-0.018313,-0.034392,0.002621,-0.999237,0.000000,4.459419
34617,0.005847,0.449487,-0.041320,-0.018187,-0.034420,0.002512,-0.999239,0.000000,4.352303
34620,0.005845,0.449487,-0.041315,-0.018173,-0.034400,0.002457,-0.999240,0.000000,4.267845
34624,0.005841,0.449485,-0.041308,-0.018250,-0.034384,0.002463,-0.999239,0.000000,4.183044
34627,0.005835,0.449484,-0.041305,-0.018221,-0.034346,0.002409,-0.999241,0.000000,4.108543
34631,0.005831,0.449483,-0.041293,-0.018185,-0.034372,0.002361,-0.999241,0.000000,4.028206
34634,0.005828,0.449481,-0.041294,-0.018224,-0.034371,0.002354,-0.999240,0.000000,3.939285
34638,0.005825,0.449482,-0.041295,-0.018140,-0.034364,0.002288,-0.999242,0.000000,3.841438
34641,0.005824,0.449483,-0.041303,-0.018099,-0.034357,0.002246,-0.999243,0.000000,3.752518
34645,0.005824,0.449481,-0.041318,-0.018167,-0.034363,0.002257,-0.999242,0.000000,3.652611
34649,0.005823,0.449482,-0.041334,-0.017967,-0.034393,0.002113,-0.999245,0.000343,3.566437
34652,0.005826,0.449484,-0.041340,-0.018027,-0.034383,0.002163,-0.999244,0.000000,3.482666
34656,0.005823,0.449482,-0.041344,-0.018022,-0.034389,0.002079,-0.999244,0.000000,3.411598
34659,0.005822,0.449485,-0.041342,-0.018005,-0.034375,0.002094,-0.999245,0.000000,3.326454
34663,0.005816,0.449479,-0.041333,-0.017991,-0.034386,0.001968,-0.999245,0.000000,3.250923
34666,0.005815,0.449478,-0.041324,-0.018085,-0.034386,0.002019,-0.999243,0.000343,3.148956
34670,0.005813,0.449477,-0.041317,-0.017937,-0.034416,0.001908,-0.999245,0.000000,3.034286
34673,0.005812,0.449477,-0.041311,-0.017975,-0.034417,0.001930,-0.999244,0.000000,2.931290
34677,0.005809,0.449476,-0.041310,-0.017992,-0.034409,0.001864,-0.999244,0.000343,2.850609
34680,0.005804,0.449477,-0.041315,-0.017985,-0.034377,0.001884,-0.999245,0.000000,2.779884
34684,0.005796,0.449475,-0.041324,-0.017881,-0.034383,0.001733,-0.999247,0.000000,2.700577
34688,0.005796,0.449474,-0.041335,-0.017885,-0.034432,0.001767,-0.999245,0.000343,2.627106
34691,0.005797,0.449479,-0.041341,-0.017849,-0.034383,0.001709,-0.999248,0.000000,2.534752
34695,0.005796,0.449475,-0.041346,-0.017864,-0.034412,0.001645,-0.999247,0.000000,2.443085
34698,0.005797,0.449475,-0.041346,-0.017878,-0.034392,0.001666,-0.999247,0.000000,2.355537
34702,0.005792,0.449473,-0.041341,-0.017738,-0.034409,0.001578,-0.999249,0.000000,2.256660
34705,0.005790,0.449474,-0.041337,-0.017754,-0.034432,0.001588,-0.999248,0.000343,2.167740
34709,0.005783,0.449471,-0.041330,-0.017793,-0.034392,0.001517,-0.999249,0.000343,2.067146
34712,0.005781,0.449470,-0.041327,-0.017828,-0.034396,0.001506,-0.999248,0.000343,1.974106
34716,0.005774,0.449472,-0.041332,-0.017721,-0.034411,0.001417,-0.999250,0.000343,1.897202
34720,0.005774,0.449471,-0.041334,-0.017789,-0.034390,0.001417,-0.999249,0.000343,1.810684
34723,0.005770,0.449472,-0.041339,-0.017712,-0.034409,0.001342,-0.999250,0.000343,1.736870
34727,0.005770,0.449472,-0.041343,-0.017741,-0.034412,0.001361,-0.999249,0.000343,1.640396
34727,0.005770,0.449472,-0.041343,-0.017741,-0.034412,0.001361,-0.999249,0.000343,1.573792
34727,0.005770,0.449472,-0.041343,-0.017741,-0.034412,0.001361,-0.999249,0.000343,1.465302
34727,0.005770,0.449472,-0.041343,-0.017741,-0.034412,0.001361,-0.999249,0.000343,1.369514
34727,0.005770,0.449472,-0.041343,-0.017741,-0.034412,0.001361,-0.999249,0.000343,1.269608
34727,0.005770,0.449472,-0.041343,-0.017741,-0.034412,0.001361,-0.999249,0.000000,1.169357
34727,0.005770,0.449472,-0.041343,-0.017741,-0.034412,0.001361,-0.999249,0.000343,1.095543
34727,0.005770,0.449472,-0.041343,-0.017741,-0.034412,0.001361,-0.999249,0.000000,1.025848
34727,0.005770,0.449472,-0.041343,-0.017741,-0.034412,0.001361,-0.999249,0.000343,0.965767
34727,0.005770,0.449472,-0.041343,-0.017741,-0.034412,0.001361,-0.999249,0.000000,0.874100
34727,0.005770,0.449472,-0.041343,-0.017741,-0.034412,0.001361,-0.999249,0.000343,0.778999
34727,0.005770,0.449472,-0.041343,-0.017741,-0.034412,0.001361,-0.999249,0.000343,0.669136
34727,0.005770,0.449472,-0.041343,-0.017741,-0.034412,0.001361,-0.999249,0.000000,0.559273
34727,0.005770,0.449472,-0.041343,-0.017741,-0.034412,0.001361,-0.999249,0.000343,0.445633
34727,0.005770,0.449472,-0.041343,-0.017741,-0.034412,0.001361,-0.999249,0.000343,0.327873
34727,0.005770,0.449472,-0.041343,-0.017741,-0.034412,0.001361,-0.999249,0.000343,0.192604
34727,0.005770,0.449472,-0.041343,-0.017741,-0.034412,0.001361,-0.999249,0.000343,0.061798
34727,0.005770,0.449472,-0.041343,-0.017741,-0.034412,0.001361,-0.999249,0.000343,-0.033989
34727,0.005770,0.449472,-0.041343,-0.017741,-0.034412,0.001361,-0.999249,0.000000,-0.095100
34727,0.005770,0.449472,-0.041343,-0.017741,-0.034412,0.001361,-0.999249,0.000343,-0.108833
34727,0.005770,0.449472,-0.041343,-0.017741,-0.034412,0.001361,-0.999249,0.000343,-0.109863
34727,0.005770,0.449472,-0.041343,-0.017741,-0.034412,0.001361,-0.999249,0.000343,-0.109520
34727,0.005770,0.449472,-0.041343,-0.017741,-0.034412,0.001361,-0.999249,0.000343,-0.102310
34727,0.005770,0.449472,-0.041343,-0.017741,-0.034412,0.001361,-0.999249,0.000343,-0.069695
34727,0.005770,0.449472,-0.041343,-0.017741,-0.034412,0.001361,-0.999249,0.000343,-0.015450
34727,0.005770,0.449472,-0.041343,-0.017741,-0.034412,0.001361,-0.999249,0.000343,0.035706
34727,0.005770,0.449472,-0.041343,-0.017741,-0.034412,0.001361,-0.999249,0.000343,0.070038
34727,0.005770,0.449472,-0.041343,-0.017741,-0.034412,0.001361,-0.999249,0.000343,0.079651
34727,0.005770,0.449472,-0.041343,-0.017741,-0.034412,0.001361,-0.999249,0.000343,0.079308
34727,0.005770,0.449472,-0.041343,-0.017741,-0.034412,0.001361,-0.999249,0.000000,0.077591
34833,0.005749,0.449450,-0.041374,-0.017465,-0.034393,0.000333,-0.999256,0.000343,0.069351
34837,0.005743,0.449455,-0.041365,-0.017294,-0.034431,0.000437,-0.999257,0.000343,0.052528
34840,0.005744,0.449448,-0.041363,-0.017493,-0.034324,0.000324,-0.999258,0.000000,0.030556
34844,0.005743,0.449448,-0.041352,-0.017451,-0.034361,0.000251,-0.999257,0.000343,0.001373
34847,0.005745,0.449449,-0.041341,-0.017533,-0.034361,0.000326,-0.999256,0.000343,-0.018196
34851,0.005745,0.449455,-0.041327,-0.017217,-0.034501,0.000368,-0.999256,0.000343,-0.031929
34855,0.005747,0.449445,-0.041326,-0.017511,-0.034382,0.000253,-0.999255,0.000343,-0.033989
34858,0.005744,0.449445,-0.041326,-0.017504,-0.034383,0.000249,-0.999255,0.000000,-0.033989
34862,0.005741,0.449444,-0.041334,-0.017408,-0.034376,0.000211,-0.999257,0.000000,-0.033989
34865,0.005739,0.449455,-0.041334,-0.017185,-0.034440,0.000309,-0.999259,0.000343,-0.033989
34869,0.005739,0.449447,-0.041342,-0.017453,-0.034375,0.000235,-0.999257,0.000343,-0.033646
34872,0.005735,0.449456,-0.041338,-0.017247,-0.034424,0.000345,-0.999259,0.000343,-0.032959
34876,0.005732,0.449446,-0.041340,-0.017419,-0.034373,0.000190,-0.999257,0.000343,-0.030556
34879,0.005731,0.449454,-0.041333,-0.017230,-0.034459,0.000314,-0.999258,0.000000,-0.024376
34883,0.005732,0.449454,-0.041329,-0.017217,-0.034450,0.000316,-0.999258,0.000000,-0.014763
34886,0.005730,0.449452,-0.041331,-0.017205,-0.034455,0.000263,-0.999258,0.000000,-0.003433
34890,0.005734,0.449445,-0.041339,-0.017458,-0.034347,0.000173,-0.999258,0.000343,0.006523
34894,0.005731,0.449447,-0.041347,-0.017387,-0.034379,0.000213,-0.999258,0.000343,0.013733
34897,0.005726,0.449455,-0.041348,-0.017177,-0.034474,0.000282,-0.999258,0.000343,0.015793
34901,0.005724,0.449455,-0.041356,-0.017332,-0.034438,0.000368,-0.999256,0.000343,0.016136
34904,0.005720,0.449455,-0.041360,-0.017176,-0.034486,0.000298,-0.999258,0.000000,0.016136
34908,0.005729,0.449449,-0.041364,-0.017431,-0.034394,0.000183,-0.999256,0.000000,0.015793
34911,0.005729,0.449444,-0.041359,-0.017402,-0.034387,0.000121,-0.999257,0.000000,0.015793
34915,0.005733,0.449456,-0.041336,-0.017247,-0.034439,0.000363,-0.999258,0.000343,0.015793
34918,0.005729,0.449452,-0.041323,-0.017190,-0.034425,0.000221,-0.999259,0.000343,0.015793
34922,0.005732,0.449449,-0.041300,-0.017342,-0.034399,0.000306,-0.999258,0.000343,0.015450
34925,0.005732,0.449448,-0.041294,-0.017277,-0.034412,0.000222,-0.999258,0.000343,0.015106
34929,0.005737,0.449451,-0.041295,-0.017282,-0.034449,0.000271,-0.999257,0.000343,0.014763
34933,0.005734,0.449450,-0.041312,-0.017334,-0.034407,0.000292,-0.999258,0.000343,0.014763
34936,0.005735,0.449445,-0.041334,-0.017451,-0.034345,0.000186,-0.999258,0.000343,0.013733
34940,0.005726,0.449446,-0.041359,-0.017399,-0.034339,0.000126,-0.999259,0.000343,0.012360
34943,0.005724,0.449446,-0.041369,-0.017406,-0.034372,0.000142,-0.999258,0.000000,0.012016
34947,0.005724,0.449448,-0.041378,-0.017348,-0.034361,0.000135,-0.999259,0.000000,0.010643
34950,0.005725,0.449457,-0.041369,-0.017173,-0.034441,0.000292,-0.999259,0.000343,0.009270
34954,0.005734,0.449447,-0.041362,-0.017494,-0.034343,0.000180,-0.999257,0.000343,0.007210
34957,0.005739,0.449446,-0.041351,-0.017489,-0.034324,0.000174,-0.999258,0.000000,0.005150
34961,0.005736,0.449452,-0.041328,-0.017219,-0.034428,0.000273,-0.999259,0.000000,0.003090
34965,0.005727,0.449449,-0.041320,-0.017264,-0.034401,0.000235,-0.999259,0.000343,0.001717
34968,0.005722,0.449449,-0.041318,-0.017286,-0.034395,0.000230,-0.999259,0.000343,0.000343
34972,0.005715,0.449451,-0.041330,-0.017210,-0.034441,0.000181,-0.999259,0.000343,-0.000343
34975,0.005714,0.449452,-0.041342,-0.017290,-0.034412,0.000268,-0.999258,0.000343,-0.001030
34979,0.005713,0.449455,-0.041360,-0.017129,-0.034476,0.000160,-0.999259,0.000343,-0.001717
34982,0.005716,0.449448,-0.041374,-0.017375,-0.034371,0.000113,-0.999258,0.000343,-0.001717
34986,0.005716,0.449444,-0.041378,-0.017382,-0.034373,0.000057,-0.999258,0.000343,-0.002060
34989,0.005717,0.449443,-0.041372,-0.017443,-0.034333,0.000126,-0.999258,0.000000,-0.002060
34993,0.005717,0.449444,-0.041362,-0.017299,-0.034375,0.000017,-0.999259,0.000343,-0.002403
34997,0.005722,0.449441,-0.041345,-0.017437,-0.034325,0.000052,-0.999259,0.000343,-0.002403
35000,0.005722,0.449451,-0.041329,-0.017199,-0.034430,0.000196,-0.999259,0.000343,-0.002403
35004,0.005722,0.449451,-0.041319,-0.017217,-0.034444,0.000150,-0.999258,0.000343,-0.002403
35007,0.005719,0.449440,-0.041327,-0.017446,-0.034340,0.000047,-0.999258,0.000000,-0.002060
35011,0.005710,0.449450,-0.041336,-0.017200,-0.034430,0.000183,-0.999259,0.000343,-0.002403
35014,0.005708,0.449441,-0.041356,-0.017357,-0.034373,0.000030,-0.999258,0.000343,-0.002403
35018,0.005707,0.449446,-0.041376,-0.017406,-0.034348,0.000054,-0.999258,0.000343,-0.002060
35021,0.005705,0.449446,-0.041388,-0.017371,-0.034358,0.000022,-0.999259,0.000343,-0.002060
35025,0.005703,0.449445,-0.041393,-0.017287,-0.034386,-0.000001,-0.999259,0.000343,-0.002403
35028,0.005703,0.449444,-0.041391,-0.017301,-0.034362,0.000010,-0.999260,0.000343,-0.002403
35032,0.005706,0.449450,-0.041374,-0.017203,-0.034452,0.000180,-0.999258,0.000343,-0.002403
35035,0.005715,0.449445,-0.041369,-0.017326,-0.034385,0.000046,-0.999259,0.000343,-0.002403
35039,0.005719,0.449441,-0.041356,-0.017420,-0.034358,0.000013,-0.999258,0.000343,-0.002403
35043,0.005719,0.449451,-0.041341,-0.017239,-0.034421,0.000220,-0.999259,0.000343,-0.002403
35046,0.005712,0.449440,-0.041347,-0.017309,-0.034359,-0.000012,-0.999260,0.000343,-0.002403
35050,0.005710,0.449440,-0.041346,-0.017478,-0.034319,0.000074,-0.999258,0.000000,-0.002403
35053,0.005707,0.449452,-0.041346,-0.017221,-0.034410,0.000149,-0.999259,0.000000,-0.002403
35057,0.005712,0.449444,-0.041361,-0.017372,-0.034390,0.000035,-0.999258,0.000000,-0.002403
35060,0.005714,0.449445,-0.041368,-0.017328,-0.034363,0.000012,-0.999259,0.000343,-0.002403
35064,0.005715,0.449454,-0.041366,-0.017205,-0.034425,0.000218,-0.999259,0.000343,-0.002403
35067,0.005713,0.449443,-0.041373,-0.017270,-0.034362,-0.000012,-0.999260,0.000343,-0.002060
35071,0.005712,0.449452,-0.041361,-0.017232,-0.034386,0.000164,-0.999260,0.000343,-0.002403
35075,0.005711,0.449443,-0.041362,-0.017363,-0.034323,0.000046,-0.999260,0.000343,-0.002060
35078,0.005713,0.449443,-0.041360,-0.017323,-0.034312,0.000008,-0.999261,0.000343,-0.002060
35082,0.005717,0.449442,-0.041361,-0.017457,-0.034298,0.000052,-0.999259,0.000000,-0.002060
35085,0.005719,0.449451,-0.041356,-0.017243,-0.034401,0.000181,-0.999259,0.000000,-0.002060
35089,0.005724,0.449445,-0.041365,-0.017376,-0.034354,0.000067,-0.999259,0.000000,-0.002403
35092,0.005721,0.449452,-0.041358,-0.017206,-0.034433,0.000152,-0.999259,0.000343,-0.002060
35096,0.005721,0.449443,-0.041361,-0.017390,-0.034321,0.000037,-0.999260,0.000000,-0.002060
35099,0.005716,0.449452,-0.041353,-0.017151,-0.034406,0.000121,-0.999261,0.000343,-0.002403
35103,0.005716,0.449440,-0.041350,-0.017454,-0.034327,0.000020,-0.999258,0.000000,-0.002060
35107,0.005715,0.449439,-0.041344,-0.017349,-0.034345,-0.000064,-0.999259,0.000343,-0.002060
35110,0.005716,0.449449,-0.041335,-0.017206,-0.034436,0.000143,-0.999259,0.000343,-0.002060
35114,0.005714,0.449447,-0.041333,-0.017255,-0.034417,0.000134,-0.999259,0.000000,-0.002060
35117,0.005714,0.449451,-0.041336,-0.017285,-0.034408,0.000188,-0.999258,0.000000,-0.002060
35121,0.005708,0.449450,-0.041347,-0.017154,-0.034395,0.000080,-0.999261,0.000343,-0.002060
35124,0.005708,0.449451,-0.041353,-0.017223,-0.034394,0.000170,-0.999260,0.000000,-0.002060
35128,0.005707,0.449445,-0.041370,-0.017333,-0.034322,0.000005,-0.999261,0.000000,-0.002060
35131,0.005707,0.449444,-0.041375,-0.017349,-0.034326,0.000020,-0.999260,0.000343,-0.002060
35135,0.005710,0.449445,-0.041380,-0.017385,-0.034355,0.000003,-0.999259,0.000343,-0.001717
35138,0.005709,0.449453,-0.041369,-0.017255,-0.034410,0.000213,-0.999259,0.000343,-0.001717
35142,0.005712,0.449443,-0.041370,-0.017290,-0.034365,-0.000012,-0.999260,0.000000,-0.001717
35146,0.005713,0.449443,-0.041360,-0.017353,-0.034346,-0.000020,-0.999259,0.000343,-0.001717
35149,0.005713,0.449441,-0.041351,-0.017379,-0.034367,0.000034,-0.999258,0.000000,-0.001717
35153,0.005707,0.449451,-0.041339,-0.017134,-0.034434,0.000061,-0.999260,0.000343,-0.001373
35156,0.005707,0.449449,-0.041335,-0.017197,-0.034432,0.000115,-0.999259,0.000000,-0.001373
35160,0.005707,0.449449,-0.041334,-0.017159,-0.034441,0.000060,-0.999260,0.000000,-0.001373
35164,0.005708,0.449450,-0.041337,-0.017235,-0.034406,0.000095,-0.999259,0.000000,-0.001373
35167,0.005711,0.449440,-0.041344,-0.017358,-0.034378,-0.000080,-0.999258,0.000343,-0.001030
35170,0.005713,0.449441,-0.041350,-0.017395,-0.034331,-0.000042,-0.999259,0.000000,-0.001030
35174,0.005708,0.449450,-0.041354,-0.017088,-0.034445,0.000065,-0.999261,0.000000,-0.001030
35178,0.005712,0.449450,-0.041352,-0.017228,-0.034389,0.000115,-0.999260,0.000343,-0.000687
35181,0.005711,0.449441,-0.041363,-0.017349,-0.034312,-0.000092,-0.999261,0.000000,-0.000687
35185,0.005713,0.449443,-0.041363,-0.017346,-0.034368,-0.000035,-0.999259,0.000000,-0.000687
35188,0.005713,0.449441,-0.041365,-0.017316,-0.034386,-0.000069,-0.999259,0.000000,-0.000343
35192,0.005712,0.449442,-0.041365,-0.017362,-0.034323,-0.000041,-0.999260,0.000000,-0.000343
35195,0.005714,0.449443,-0.041366,-0.017271,-0.034363,-0.000091,-0.999260,0.000000,0.000343
35199,0.005711,0.449450,-0.041358,-0.017227,-0.034368,0.000125,-0.999261,0.000000,0.000000
35202,0.005708,0.449439,-0.041361,-0.017338,-0.034331,-0.000080,-0.999260,0.000000,0.000687
35206,0.005705,0.449452,-0.041351,-0.017111,-0.034401,0.000084,-0.999262,0.000000,0.000687
35209,0.005700,0.449450,-0.041349,-0.017083,-0.034421,0.000001,-0.999261,0.000000,0.001030
35213,0.005703,0.449441,-0.041350,-0.017412,-0.034333,-0.000034,-0.999259,0.000000,0.001030
35217,0.005701,0.449441,-0.041350,-0.017361,-0.034327,-0.000030,-0.999260,0.000000,0.001030
35220,0.005703,0.449439,-0.041352,-0.017407,-0.034335,-0.000067,-0.999259,0.000000,0.001373
35224,0.005707,0.449442,-0.041354,-0.017377,-0.034305,-0.000029,-0.999260,0.000000,0.001373
35227,0.005707,0.449441,-0.041359,-0.017307,-0.034320,-0.000060,-0.999261,0.000000,0.001373
35231,0.005715,0.449442,-0.041360,-0.017453,-0.034320,0.000001,-0.999259,0.000000,0.001717
35234,0.005713,0.449449,-0.041360,-0.017191,-0.034394,0.000091,-0.999260,0.000000,0.001717
35238,0.005711,0.449449,-0.041360,-0.017145,-0.034435,0.000125,-0.999260,0.000000,0.001717
35241,0.005710,0.449450,-0.041361,-0.017096,-0.034461,0.000069,-0.999260,0.000000,0.001717
35245,0.005704,0.449440,-0.041367,-0.017389,-0.034318,0.000007,-0.999260,0.000000,0.001717
35248,0.005700,0.449439,-0.041369,-0.017349,-0.034337,-0.000070,-0.999260,0.000000,0.001717
35252,0.005698,0.449439,-0.041368,-0.017391,-0.034286,-0.000023,-0.999261,0.000000,0.001717
35256,0.005696,0.449440,-0.041369,-0.017320,-0.034340,-0.000068,-0.999260,0.000000,0.001717
35259,0.005696,0.449448,-0.041364,-0.017132,-0.034411,0.000109,-0.999261,0.000000,0.001717
35263,0.005696,0.449447,-0.041363,-0.017189,-0.034397,0.000074,-0.999260,0.000343,0.002060
35266,0.005699,0.449438,-0.041367,-0.017401,-0.034343,0.000020,-0.999259,0.000000,0.001717
35270,0.005701,0.449440,-0.041369,-0.017312,-0.034328,-0.000075,-0.999261,0.000000,0.001717
35274,0.005702,0.449438,-0.041366,-0.017337,-0.034343,-0.000073,-0.999260,0.000000,0.001717
35277,0.005706,0.449440,-0.041361,-0.017372,-0.034320,-0.000063,-0.999260,0.000000,0.001717
35280,0.005705,0.449448,-0.041353,-0.017189,-0.034394,0.000101,-0.999261,0.000000,0.001717
35284,0.005706,0.449446,-0.041350,-0.017227,-0.034404,0.000071,-0.999260,0.000000,0.001717
35288,0.005710,0.449439,-0.041359,-0.017285,-0.034374,-0.000108,-0.999260,0.000000,0.001717
35291,0.005709,0.449439,-0.041363,-0.017318,-0.034361,-0.000087,-0.999260,0.000000,0.001717
35295,0.005705,0.449439,-0.041371,-0.017352,-0.034344,-0.000097,-0.999259,0.000000,0.002060
35297,0.005700,0.449440,-0.041377,-0.017285,-0.034351,-0.000105,-0.999260,0.000000,0.002060
35302,0.005689,0.449442,-0.041386,-0.017219,-0.034382,-0.000138,-0.999260,0.000000,0.001717
35305,0.005688,0.449444,-0.041389,-0.017342,-0.034310,-0.000078,-0.999261,0.000000,0.001717
35309,0.005686,0.449441,-0.041388,-0.017284,-0.034345,-0.000105,-0.999261,0.000000,0.001717
35313,0.005694,0.449440,-0.041378,-0.017337,-0.034336,-0.000084,-0.999260,0.000000,0.002060
35316,0.005694,0.449438,-0.041370,-0.017285,-0.034374,-0.000107,-0.999260,0.000000,0.001717
35320,0.005696,0.449451,-0.041350,-0.017151,-0.034374,0.000057,-0.999262,0.000000,0.001717
35323,0.005696,0.449449,-0.041343,-0.017075,-0.034415,-0.000004,-0.999262,0.000000,0.001717
35327,0.005700,0.449447,-0.041336,-0.017229,-0.034374,0.000074,-0.999261,-0.000343,0.001717
35330,0.005701,0.449437,-0.041345,-0.017345,-0.034324,-0.000083,-0.999260,-0.000343,0.001717
35334,0.005695,0.449440,-0.041358,-0.017301,-0.034341,-0.000088,-0.999260,0.000000,0.001717
35337,0.005693,0.449441,-0.041370,-0.017297,-0.034349,-0.000119,-0.999260,0.000000,0.001717
35341,0.005686,0.449443,-0.041390,-0.017333,-0.034345,-0.000075,-0.999260,0.000000,0.001717
35344,0.005685,0.449444,-0.041401,-0.017237,-0.034387,-0.000131,-0.999260,0.000000,0.001717
35348,0.005690,0.449444,-0.041403,-0.017332,-0.034362,-0.000101,-0.999259,0.000000,0.002060
35351,0.005694,0.449442,-0.041401,-0.017309,-0.034376,-0.000105,-0.999259,0.000000,0.002060
35355,0.005698,0.449442,-0.041387,-0.017255,-0.034343,-0.000101,-0.999261,0.000000,0.001717
35359,0.005704,0.449441,-0.041364,-0.017439,-0.034292,-0.000041,-0.999260,0.000000,0.001717
35362,0.005703,0.449449,-0.041343,-0.017207,-0.034426,0.000082,-0.999259,0.000000,0.001717
35366,0.005701,0.449447,-0.041330,-0.017225,-0.034422,0.000053,-0.999259,0.000000,0.001717
35369,0.005697,0.449447,-0.041327,-0.017190,-0.034422,0.000006,-0.999260,0.000000,0.001717
35373,0.005692,0.449437,-0.041340,-0.017407,-0.034309,-0.000085,-0.999260,-0.000343,0.001717
35376,0.005689,0.449449,-0.041350,-0.017091,-0.034387,-0.000008,-0.999263,0.000000,0.001717
35380,0.005693,0.449442,-0.041374,-0.017374,-0.034327,-0.000028,-0.999260,0.000000,0.001717
35383,0.005696,0.449441,-0.041389,-0.017308,-0.034331,-0.000093,-0.999261,0.000000,0.001717
35387,0.005700,0.449443,-0.041403,-0.017257,-0.034345,-0.000044,-0.999261,0.000000,0.001717
35391,0.005699,0.449441,-0.041403,-0.017356,-0.034345,-0.000071,-0.999259,-0.000343,0.001717
35394,0.005701,0.449443,-0.041397,-0.017339,-0.034321,-0.000019,-0.999261,0.000000,0.001717
35398,0.005692,0.449450,-0.041376,-0.017131,-0.034418,0.000035,-0.999261,0.000000,0.001717
35401,0.005697,0.449439,-0.041366,-0.017391,-0.034325,-0.000081,-0.999259,0.000000,0.002060
35404,0.005694,0.449437,-0.041354,-0.017372,-0.034330,-0.000129,-0.999260,-0.000343,0.001717
35408,0.005692,0.449448,-0.041340,-0.017163,-0.034380,0.000042,-0.999261,-0.000343,0.001717
35412,0.005692,0.449447,-0.041337,-0.017244,-0.034408,0.000055,-0.999259,0.000000,0.001717
35415,0.005692,0.449446,-0.041343,-0.017267,-0.034405,0.000056,-0.999259,0.000000,0.001717
35419,0.005695,0.449439,-0.041362,-0.017338,-0.034350,-0.000103,-0.999260,-0.000343,0.001717
35423,0.005696,0.449441,-0.041374,-0.017349,-0.034332,-0.000134,-0.999260,0.000000,0.001373
35426,0.005697,0.449440,-0.041382,-0.017356,-0.034338,-0.000059,-0.999260,-0.000343,0.001717
35430,0.005698,0.449441,-0.041389,-0.017227,-0.034364,-0.000136,-0.999261,-0.000343,0.001717
35433,0.005699,0.449441,-0.041386,-0.017341,-0.034314,-0.000082,-0.999261,0.000000,0.001373
35437,0.005702,0.449439,-0.041382,-0.017272,-0.034354,-0.000149,-0.999261,0.000000,0.001717
35440,0.005700,0.449439,-0.041376,-0.017294,-0.034331,-0.000061,-0.999261,-0.000343,0.001373
35444,0.005695,0.449436,-0.041368,-0.017344,-0.034346,-0.000142,-0.999260,0.000000,0.001373
35448,0.005690,0.449447,-0.041361,-0.017111,-0.034408,0.000010,-0.999261,0.000000,0.001373
35451,0.005689,0.449437,-0.041366,-0.017232,-0.034329,-0.000163,-0.999262,0.000000,0.001373
35454,0.005694,0.449445,-0.041358,-0.017180,-0.034388,0.000004,-0.999261,0.000000,0.001373
35458,0.005701,0.449439,-0.041372,-0.017305,-0.034317,-0.000124,-0.999261,0.000000,0.001373
35462,0.005711,0.449439,-0.041373,-0.017245,-0.034384,-0.000133,-0.999260,0.000000,0.001373
35465,0.005717,0.449439,-0.041375,-0.017287,-0.034339,-0.000132,-0.999261,-0.000343,0.001373
35469,0.005717,0.449440,-0.041371,-0.017249,-0.034346,-0.000137,-0.999261,-0.000343,0.001030
35472,0.005717,0.449439,-0.041364,-0.017233,-0.034375,-0.000157,-0.999260,-0.000343,0.001030
35476,0.005710,0.449445,-0.041350,-0.017130,-0.034401,-0.000016,-0.999261,0.000000,0.001030
35479,0.005704,0.449446,-0.041344,-0.017180,-0.034412,0.000016,-0.999260,-0.000343,0.001030
35483,0.005698,0.449437,-0.041350,-0.017277,-0.034333,-0.000177,-0.999261,0.000000,0.001030
35487,0.005692,0.449447,-0.041344,-0.017261,-0.034405,0.000079,-0.999259,-0.000343,0.001030
35490,0.005688,0.449445,-0.041349,-0.017147,-0.034429,-0.000012,-0.999260,-0.000343,0.001030
35493,0.005688,0.449449,-0.041357,-0.017088,-0.034442,-0.000009,-0.999261,-0.000343,0.001030
35497,0.005686,0.449439,-0.041369,-0.017294,-0.034386,-0.000162,-0.999259,0.000000,0.001030
35501,0.005688,0.449440,-0.041372,-0.017318,-0.034311,-0.000093,-0.999261,-0.000343,0.000687
35504,0.005688,0.449440,-0.041371,-0.017202,-0.034339,-0.000168,-0.999262,-0.000343,0.001030
35508,0.005697,0.449449,-0.041351,-0.017196,-0.034375,0.000057,-0.999261,0.000000,0.000687
35511,0.005699,0.449437,-0.041351,-0.017347,-0.034323,-0.000137,-0.999260,-0.000343,0.000687
35515,0.005705,0.449437,-0.041341,-0.017320,-0.034320,-0.000130,-0.999261,-0.000343,0.000687
35518,0.005705,0.449435,-0.041338,-0.017322,-0.034333,-0.000191,-0.999260,0.000000,0.000687
35522,0.005703,0.449446,-0.041335,-0.017214,-0.034370,0.000057,-0.999261,0.000000,0.000687
35525,0.005700,0.449435,-0.041351,-0.017320,-0.034341,-0.000167,-0.999260,-0.000343,0.000687
35529,0.005696,0.449437,-0.041366,-0.017382,-0.034302,-0.000140,-0.999260,-0.000343,0.000687
35533,0.005692,0.449439,-0.041381,-0.017306,-0.034312,-0.000114,-0.999261,0.000000,0.000687
35536,0.005690,0.449439,-0.041392,-0.017259,-0.034340,-0.000135,-0.999261,-0.000343,0.000687
35540,0.005691,0.449438,-0.041393,-0.017385,-0.034310,-0.000099,-0.999260,-0.000343,0.000687
35543,0.005697,0.449440,-0.041386,-0.017357,-0.034343,-0.000112,-0.999259,-0.000343,0.000343
35546,0.005698,0.449439,-0.041377,-0.017282,-0.034337,-0.000166,-0.999261,-0.000343,0.000343
35550,0.005704,0.449437,-0.041357,-0.017326,-0.034332,-0.000167,-0.999260,0.000000,0.000343
35554,0.005708,0.449445,-0.041330,-0.017195,-0.034395,0.000020,-0.999260,0.000000,0.000343
35557,0.005710,0.449436,-0.041327,-0.017335,-0.034283,-0.000148,-0.999262,0.000000,0.000343
35561,0.005711,0.449433,-0.041319,-0.017409,-0.034282,-0.000114,-0.999261,0.000000,0.000343
35564,0.005709,0.449442,-0.041320,-0.017185,-0.034375,0.000024,-0.999261,0.000000,0.000000
35568,0.005706,0.449444,-0.041335,-0.017121,-0.034409,0.000007,-0.999261,0.000000,0.000000
35572,0.005703,0.449437,-0.041363,-0.017355,-0.034350,-0.000152,-0.999259,-0.000343,0.000000
35575,0.005700,0.449439,-0.041379,-0.017376,-0.034304,-0.000102,-0.999260,-0.000343,0.000000
35579,0.005690,0.449440,-0.041394,-0.017205,-0.034341,-0.000187,-0.999262,-0.000343,0.000000
35582,0.005685,0.449439,-0.041395,-0.017275,-0.034351,-0.000128,-0.999261,-0.000343,-0.000343
35586,0.005677,0.449447,-0.041383,-0.017073,-0.034402,-0.000021,-0.999262,-0.000343,0.000000
35589,0.005677,0.449447,-0.041371,-0.017139,-0.034386,-0.000006,-0.999262,0.000000,-0.000343
35593,0.005679,0.449445,-0.041353,-0.017160,-0.034397,-0.000035,-0.999261,0.000000,-0.000343
35596,0.005686,0.449443,-0.041340,-0.017264,-0.034389,0.000034,-0.999260,0.000000,-0.000343
35600,0.005695,0.449444,-0.041332,-0.017079,-0.034430,-0.000068,-0.999261,0.000000,-0.000343
35604,0.005699,0.449442,-0.041327,-0.017193,-0.034399,-0.000046,-0.999260,-0.000343,-0.000343
35607,0.005705,0.449435,-0.041337,-0.017410,-0.034290,-0.000143,-0.999260,0.000000,-0.000343
35611,0.005702,0.449435,-0.041350,-0.017227,-0.034330,-0.000244,-0.999262,0.000000,-0.000687
35614,0.005700,0.449444,-0.041350,-0.017147,-0.034380,-0.000050,-0.999262,0.000000,-0.000687
35618,0.005701,0.449435,-0.041365,-0.017289,-0.034344,-0.000198,-0.999260,0.000000,-0.000687
35621,0.005702,0.449439,-0.041369,-0.017241,-0.034322,-0.000153,-0.999262,-0.000343,-0.000687
35625,0.005702,0.449437,-0.041367,-0.017334,-0.034340,-0.000203,-0.999260,-0.000343,-0.000687
35625,0.005702,0.449437,-0.041367,-0.017334,-0.034340,-0.000203,-0.999260,-0.000343,-0.000687
35625,0.005702,0.449437,-0.041367,-0.017334,-0.034340,-0.000203,-0.999260,-0.000343,-0.000687
35625,0.005702,0.449437,-0.041367,-0.017334,-0.034340,-0.000203,-0.999260,-0.000343,-0.000687
35625,0.005702,0.449437,-0.041367,-0.017334,-0.034340,-0.000203,-0.999260,-0.000343,-0.000687
35625,0.005702,0.449437,-0.041367,-0.017334,-0.034340,-0.000203,-0.999260,-0.000343,-0.000687
