0,0.000000,0.000000,0.000000,0.000000,0.000000,0.000000,0.000000,0.000000,0.000000
0,0.000000,0.000000,0.000000,0.000000,0.000000,0.000000,0.000000,0.000000,0.000000
0,0.000000,0.000000,0.000000,0.000000,0.000000,0.000000,0.000000,0.000000,0.000000
0,0.000000,0.000000,0.000000,0.000000,0.000000,0.000000,0.000000,0.000000,0.000000
0,0.000000,0.000000,0.000000,0.000000,0.000000,0.000000,0.000000,0.000000,0.000000
0,0.000000,0.000000,0.000000,0.000000,0.000000,0.000000,0.000000,0.000000,0.000000
0,0.000000,0.000000,0.000000,0.000000,0.000000,0.000000,0.000000,0.000000,0.000000
0,0.000000,0.000000,0.000000,0.000000,0.000000,0.000000,0.000000,0.000000,0.000000
0,0.000000,0.000000,0.000000,0.000000,0.000000,0.000000,0.000000,0.000000,0.000000
0,0.000000,0.000000,0.000000,0.000000,0.000000,0.000000,0.000000,0.000000,0.000000
0,0.000000,0.000000,0.000000,0.000000,0.000000,0.000000,0.000000,0.000000,0.000000
0,0.000000,0.000000,0.000000,0.000000,0.000000,0.000000,0.000000,0.000000,0.000000
0,0.000000,0.000000,0.000000,0.000000,0.000000,0.000000,0.000000,0.000000,0.000000
0,0.000000,0.000000,0.000000,0.000000,0.000000,0.000000,0.000000,0.000000,0.000000
0,0.000000,0.000000,0.000000,0.000000,0.000000,0.000000,0.000000,0.000000,0.000000
0,0.000000,0.000000,0.000000,0.000000,0.000000,0.000000,0.000000,0.000000,0.000000
0,0.000000,0.000000,0.000000,0.000000,0.000000,0.000000,0.000000,0.000000,0.000000
0,0.000000,0.000000,0.000000,0.000000,0.000000,0.000000,0.000000,0.000000,0.000000
0,0.000000,0.000000,0.000000,0.000000,0.000000,0.000000,0.000000,0.000000,0.000000
0,0.000000,0.000000,0.000000,0.000000,0.000000,0.000000,0.000000,0.000000,0.000000
0,0.000000,0.000000,0.000000,0.000000,0.000000,0.000000,0.000000,0.000000,0.000000
153027,0.005717,0.449434,-0.041356,-0.017202,-0.034126,-0.000537,-0.999269,0.000343,0.000000
153030,0.005721,0.449436,-0.041348,-0.017226,-0.034106,-0.000502,-0.999270,0.000000,-0.000343
153034,0.005725,0.449435,-0.041343,-0.017149,-0.034167,-0.000542,-0.999269,0.000000,-0.000343
153038,0.005722,0.449436,-0.041343,-0.017174,-0.034127,-0.000605,-0.999270,0.000000,-0.000343
153041,0.005720,0.449436,-0.041347,-0.017216,-0.034119,-0.000524,-0.999269,0.000000,-0.000343
153045,0.005718,0.449437,-0.041356,-0.017069,-0.034172,-0.000592,-0.999270,0.000000,-0.000343
153048,0.005719,0.449439,-0.041358,-0.017110,-0.034101,-0.000553,-0.999272,0.000000,-0.000343
153052,0.005717,0.449439,-0.041366,-0.017104,-0.034147,-0.000559,-0.999270,0.000000,-0.000687
153055,0.005715,0.449440,-0.041368,-0.017113,-0.034118,-0.000532,-0.999271,0.000000,-0.000687
153059,0.005706,0.449437,-0.041369,-0.017104,-0.034154,-0.000610,-0.999270,0.000000,-0.000343
153062,0.005700,0.449437,-0.041368,-0.017189,-0.034109,-0.000533,-0.999270,0.000000,-0.000343
153066,0.005693,0.449437,-0.041371,-0.017042,-0.034123,-0.000654,-0.999272,0.000000,-0.000343
153069,0.005698,0.449438,-0.041369,-0.017105,-0.034161,-0.000556,-0.999270,0.000000,-0.000343
153073,0.005707,0.449436,-0.041368,-0.017114,-0.034143,-0.000556,-0.999270,0.000000,-0.000343
153076,0.005719,0.449439,-0.041364,-0.017172,-0.034114,-0.000525,-0.999270,0.000000,-0.000343
153080,0.005725,0.449438,-0.041360,-0.017077,-0.034175,-0.000563,-0.999270,0.000000,-0.000343
153083,0.005727,0.449437,-0.041354,-0.017217,-0.034153,-0.000516,-0.999268,0.000000,-0.000343
153087,0.005717,0.449447,-0.041342,-0.016893,-0.034258,-0.000470,-0.999270,0.000000,-0.000687
153091,0.005710,0.449445,-0.041336,-0.017039,-0.034187,-0.000408,-0.999270,0.000000,-0.000343
153094,0.005706,0.449435,-0.041343,-0.017184,-0.034152,-0.000611,-0.999269,0.000000,-0.000343
153098,0.005702,0.449437,-0.041351,-0.017114,-0.034159,-0.000572,-0.999270,0.000000,-0.000343
153101,0.005703,0.449436,-0.041361,-0.017016,-0.034172,-0.000623,-0.999271,0.000000,-0.000343
153105,0.005708,0.449438,-0.041374,-0.017149,-0.034158,-0.000559,-0.999269,0.000000,-0.000343
153108,0.005711,0.449441,-0.041386,-0.017061,-0.034171,-0.000574,-0.999270,0.000000,-0.000343
153112,0.005713,0.449441,-0.041390,-0.017105,-0.034162,-0.000556,-0.999270,0.000000,-0.000343
153116,0.005714,0.449441,-0.041387,-0.017162,-0.034137,-0.000493,-0.999270,0.000000,-0.000343
153119,0.005712,0.449440,-0.041378,-0.017062,-0.034137,-0.000548,-0.999271,0.000000,-0.000343
153123,0.005716,0.449447,-0.041347,-0.017062,-0.034195,-0.000344,-0.999269,-0.000343,-0.000343
153126,0.005721,0.449437,-0.041338,-0.017181,-0.034113,-0.000527,-0.999270,-0.000343,-0.000343
153130,0.005724,0.449434,-0.041322,-0.017168,-0.034142,-0.000572,-0.999269,0.000000,-0.000343
153133,0.005720,0.449442,-0.041311,-0.016985,-0.034208,-0.000421,-0.999270,0.000000,-0.000343
153137,0.005713,0.449442,-0.041317,-0.017087,-0.034157,-0.000377,-0.999270,0.000000,-0.000343
153140,0.005705,0.449444,-0.041333,-0.016963,-0.034196,-0.000437,-0.999271,0.000000,-0.000343
153144,0.005700,0.449449,-0.041360,-0.016971,-0.034199,-0.000369,-0.999271,0.000000,-0.000343
153147,0.005699,0.449440,-0.041385,-0.017151,-0.034140,-0.000513,-0.999270,0.000000,-0.000343
153151,0.005702,0.449442,-0.041405,-0.017067,-0.034142,-0.000506,-0.999271,0.000000,-0.000343
153155,0.005704,0.449441,-0.041411,-0.017077,-0.034180,-0.000574,-0.999270,0.000000,-0.000343
153158,0.005706,0.449442,-0.041404,-0.017198,-0.034139,-0.000475,-0.999269,0.000000,-0.000343
153162,0.005703,0.449439,-0.041390,-0.017032,-0.034170,-0.000592,-0.999271,0.000000,-0.000343
153165,0.005705,0.449446,-0.041364,-0.016954,-0.034233,-0.000390,-0.999270,-0.000343,-0.000343
153169,0.005705,0.449445,-0.041341,-0.016963,-0.034239,-0.000427,-0.999270,0.000000,-0.000343
153172,0.005704,0.449444,-0.041325,-0.017022,-0.034177,-0.000405,-0.999271,-0.000343,-0.000343
153176,0.005702,0.449443,-0.041318,-0.016990,-0.034218,-0.000465,-0.999270,0.000000,-0.000343
153180,0.005702,0.449434,-0.041327,-0.017145,-0.034143,-0.000575,-0.999270,0.000000,-0.000343
153183,0.005701,0.449435,-0.041337,-0.017091,-0.034176,-0.000608,-0.999269,-0.000343,-0.000343
153186,0.005700,0.449436,-0.041350,-0.017141,-0.034172,-0.000565,-0.999269,-0.000343,-0.000343
153190,0.005697,0.449435,-0.041368,-0.017123,-0.034141,-0.000614,-0.999270,-0.000343,-0.000343
153194,0.005697,0.449440,-0.041386,-0.017038,-0.034179,-0.000582,-0.999270,0.000000,-0.000343
153197,0.005697,0.449440,-0.041390,-0.017013,-0.034166,-0.000630,-0.999271,0.000000,-0.000343
153201,0.005703,0.449439,-0.041386,-0.017107,-0.034137,-0.000564,-0.999271,0.000000,-0.000343
153204,0.005700,0.449447,-0.041374,-0.016839,-0.034250,-0.000453,-0.999271,0.000000,-0.000343
153208,0.005705,0.449437,-0.041363,-0.017196,-0.034150,-0.000591,-0.999269,-0.000343,-0.000343
153211,0.005705,0.449434,-0.041353,-0.017157,-0.034163,-0.000583,-0.999269,0.000000,-0.000343
153215,0.005705,0.449435,-0.041344,-0.017109,-0.034131,-0.000568,-0.999271,0.000000,-0.000343
153219,0.005708,0.449436,-0.041342,-0.017264,-0.034131,-0.000495,-0.999268,0.000000,-0.000343
153222,0.005703,0.449446,-0.041342,-0.016975,-0.034213,-0.000378,-0.999270,0.000000,-0.000343
153225,0.005702,0.449437,-0.041355,-0.017123,-0.034146,-0.000568,-0.999270,-0.000343,-0.000343
153229,0.005699,0.449438,-0.041363,-0.017113,-0.034131,-0.000584,-0.999271,-0.000343,-0.000343
153232,0.005697,0.449439,-0.041366,-0.017071,-0.034177,-0.000597,-0.999270,0.000000,-0.000343
153236,0.005700,0.449440,-0.041365,-0.017114,-0.034121,-0.000568,-0.999271,0.000000,-0.000343
153240,0.005706,0.449438,-0.041358,-0.017175,-0.034086,-0.000523,-0.999271,-0.000343,-0.000343
153243,0.005706,0.449437,-0.041354,-0.017184,-0.034108,-0.000548,-0.999270,-0.000343,-0.000343
153247,0.005709,0.449445,-0.041341,-0.016940,-0.034215,-0.000391,-0.999271,0.000000,-0.000343
153251,0.005705,0.449434,-0.041344,-0.017171,-0.034136,-0.000568,-0.999270,0.000000,-0.000343
153254,0.005703,0.449444,-0.041335,-0.017083,-0.034204,-0.000351,-0.999269,0.000000,-0.000343
153257,0.005700,0.449432,-0.041349,-0.017179,-0.034141,-0.000565,-0.999269,-0.000343,-0.000343
153261,0.005696,0.449435,-0.041360,-0.017194,-0.034119,-0.000517,-0.999270,-0.000343,-0.000343
153264,0.005694,0.449444,-0.041363,-0.016945,-0.034235,-0.000441,-0.999270,0.000000,-0.000343
153268,0.005692,0.449437,-0.041380,-0.017161,-0.034116,-0.000528,-0.999270,0.000000,-0.000343
153272,0.005691,0.449445,-0.041377,-0.016933,-0.034234,-0.000428,-0.999270,-0.000343,-0.000343
153275,0.005696,0.449436,-0.041375,-0.017209,-0.034133,-0.000509,-0.999269,-0.000343,0.000000
153279,0.005697,0.449435,-0.041371,-0.017068,-0.034149,-0.000597,-0.999271,0.000000,-0.000343
153282,0.005702,0.449435,-0.041358,-0.017149,-0.034152,-0.000558,-0.999269,-0.000343,0.000000
153286,0.005700,0.449442,-0.041343,-0.016975,-0.034215,-0.000435,-0.999270,-0.000343,-0.000343
153290,0.005699,0.449431,-0.041349,-0.017083,-0.034165,-0.000617,-0.999270,-0.000343,0.000000
153293,0.005698,0.449433,-0.041350,-0.017139,-0.034118,-0.000616,-0.999271,0.000000,0.000000
153296,0.005694,0.449442,-0.041350,-0.017033,-0.034183,-0.000366,-0.999270,-0.000343,0.000000
153300,0.005693,0.449446,-0.041363,-0.016890,-0.034233,-0.000449,-0.999271,-0.000343,-0.000343
153304,0.005693,0.449438,-0.041377,-0.017103,-0.034190,-0.000608,-0.999269,-0.000343,-0.000343
153307,0.005693,0.449438,-0.041379,-0.017138,-0.034156,-0.000599,-0.999269,-0.000343,-0.000343
153311,0.005690,0.449439,-0.041373,-0.017021,-0.034163,-0.000607,-0.999271,-0.000343,-0.000343
153314,0.005687,0.449438,-0.041361,-0.017036,-0.034150,-0.000617,-0.999271,0.000000,0.000000
153318,0.005686,0.449443,-0.041336,-0.016972,-0.034213,-0.000410,-0.999270,-0.000343,0.000000
153321,0.005687,0.449442,-0.041322,-0.016987,-0.034186,-0.000438,-0.999271,-0.000343,0.000000
153325,0.005688,0.449442,-0.041315,-0.016956,-0.034201,-0.000492,-0.999271,-0.000343,0.000000
153328,0.005692,0.449441,-0.041319,-0.016988,-0.034183,-0.000490,-0.999271,-0.000343,-0.000343
153332,0.005691,0.449442,-0.041339,-0.016918,-0.034218,-0.000489,-0.999271,0.000000,-0.000343
153336,0.005695,0.449436,-0.041371,-0.017145,-0.034116,-0.000487,-0.999271,0.000000,0.000000
153339,0.005696,0.449438,-0.041388,-0.017122,-0.034167,-0.000560,-0.999269,-0.000343,0.000000
153343,0.005695,0.449441,-0.041407,-0.017077,-0.034145,-0.000508,-0.999271,0.000000,0.000000
153346,0.005691,0.449442,-0.041409,-0.017014,-0.034176,-0.000569,-0.999271,0.000000,0.000687
153350,0.005691,0.449438,-0.041396,-0.017187,-0.034153,-0.000508,-0.999269,-0.000343,0.016136
153353,0.005689,0.449439,-0.041381,-0.017129,-0.034169,-0.000588,-0.999269,-0.000343,0.081711
153357,0.005691,0.449444,-0.041344,-0.017073,-0.034214,-0.000409,-0.999269,0.000000,0.252686
153360,0.005693,0.449442,-0.041324,-0.017008,-0.034235,-0.000473,-0.999269,-0.000343,0.515671
153364,0.005698,0.449441,-0.041307,-0.017051,-0.034181,-0.000392,-0.999270,-0.000343,0.872040
153368,0.005697,0.449439,-0.041308,-0.017036,-0.034196,-0.000461,-0.999270,0.000000,1.279564
153371,0.005699,0.449443,-0.041317,-0.017103,-0.034181,-0.000379,-0.999269,-0.000343,1.730690
153375,0.005699,0.449436,-0.041349,-0.017118,-0.034186,-0.000606,-0.999269,-0.000343,2.203102
153378,0.005696,0.449448,-0.041360,-0.016951,-0.034240,-0.000404,-0.999270,-0.000343,2.684784
153382,0.005692,0.449440,-0.041389,-0.017113,-0.034162,-0.000562,-0.999270,-0.000343,3.199081
153385,0.005687,0.449448,-0.041393,-0.016984,-0.034191,-0.000367,-0.999271,-0.000343,3.757324
153389,0.005679,0.449440,-0.041397,-0.017086,-0.034124,-0.000609,-0.999271,-0.000343,4.288101
153392,0.005673,0.449439,-0.041388,-0.017175,-0.034105,-0.000546,-0.999271,0.000000,5.024185
153396,0.005664,0.449436,-0.041369,-0.017079,-0.034125,-0.000639,-0.999272,-0.000343,5.693665
153399,0.005662,0.449445,-0.041350,-0.016972,-0.034175,-0.000445,-0.999272,0.000000,6.605186
153403,0.005659,0.449442,-0.041338,-0.017034,-0.034192,-0.000457,-0.999270,-0.000343,7.490959
153407,0.005656,0.449443,-0.041339,-0.016943,-0.034174,-0.000542,-0.999272,-0.000343,8.414841
153410,0.005659,0.449444,-0.041345,-0.016961,-0.034146,-0.000505,-0.999273,0.000000,9.375801
153414,0.005666,0.449448,-0.041356,-0.017025,-0.034140,-0.000400,-0.999272,-0.000343,10.361824
153417,0.005668,0.449448,-0.041365,-0.016983,-0.034170,-0.000370,-0.999272,0.000000,11.273689
153421,0.005669,0.449452,-0.041375,-0.016961,-0.034154,-0.000377,-0.999273,0.000000,12.462959
153424,0.005669,0.449452,-0.041376,-0.017034,-0.034138,-0.000286,-0.999272,-0.000343,13.465462
153428,0.005667,0.449453,-0.041373,-0.017052,-0.034085,-0.000223,-0.999274,-0.000343,14.762878
153432,0.005670,0.449447,-0.041364,-0.017361,-0.034013,-0.000149,-0.999271,0.000000,16.014290
153435,0.005673,0.449454,-0.041349,-0.017240,-0.034166,-0.000021,-0.999267,0.000000,17.325439
153439,0.005678,0.449456,-0.041342,-0.017284,-0.034176,0.000144,-0.999266,0.000000,18.558655
153442,0.005682,0.449458,-0.041341,-0.017290,-0.034178,0.000253,-0.999266,0.000000,20.112534
153446,0.005699,0.449463,-0.041333,-0.017552,-0.034233,0.000610,-0.999260,-0.000343,21.576118
153449,0.005711,0.449466,-0.041335,-0.017619,-0.034232,0.000844,-0.999258,0.000000,22.917480
153453,0.005734,0.449472,-0.041335,-0.017755,-0.034244,0.001149,-0.999255,-0.000343,24.600449
153456,0.005743,0.449474,-0.041337,-0.017861,-0.034216,0.001273,-0.999254,-0.000343,26.023521
153460,0.005757,0.449480,-0.041337,-0.017907,-0.034180,0.001508,-0.999254,0.000000,27.830772
153464,0.005764,0.449477,-0.041327,-0.018002,-0.034200,0.001650,-0.999252,-0.000343,29.529877
153467,0.005771,0.449481,-0.041317,-0.018123,-0.034178,0.001800,-0.999250,0.000000,31.287346
153471,0.005769,0.449480,-0.041306,-0.018033,-0.034232,0.001779,-0.999250,-0.000343,33.075371
153474,0.005771,0.449478,-0.041299,-0.018095,-0.034231,0.001892,-0.999248,0.000000,34.681435
153477,0.005771,0.449478,-0.041298,-0.018145,-0.034206,0.001933,-0.999248,0.000000,36.669960
153481,0.005773,0.449481,-0.041299,-0.018214,-0.034221,0.002085,-0.999246,0.000000,38.486824
153485,0.005774,0.449483,-0.041310,-0.018166,-0.034180,0.002083,-0.999249,0.000000,41.271858
153488,0.005779,0.449486,-0.041313,-0.018250,-0.034156,0.002211,-0.999247,-0.000343,44.697189
153492,0.005783,0.449489,-0.041319,-0.018172,-0.034222,0.002299,-0.999246,-0.000343,49.332733
153496,0.005794,0.449493,-0.041326,-0.018390,-0.034159,0.002607,-0.999244,0.000000,55.376930
153499,0.005806,0.449500,-0.041332,-0.018488,-0.034000,0.002977,-0.999246,-0.000343,60.998840
153502,0.005842,0.449512,-0.041322,-0.018798,-0.033899,0.003716,-0.999242,0.000000,67.847099
153506,0.005925,0.449534,-0.041300,-0.019228,-0.033912,0.005132,-0.999227,0.000000,73.415108
153510,0.006060,0.449567,-0.041249,-0.020187,-0.033949,0.007521,-0.999191,0.000000,80.179253
153513,0.006191,0.449596,-0.041198,-0.021212,-0.033977,0.009943,-0.999148,0.000000,86.282501
153517,0.006419,0.449642,-0.041103,-0.023186,-0.034020,0.014091,-0.999053,0.000000,91.282310
153520,0.006628,0.449671,-0.041016,-0.024943,-0.034048,0.017637,-0.998953,-0.000343,92.897987
153524,0.006768,0.449687,-0.040955,-0.025902,-0.034114,0.019749,-0.998887,-0.000343,91.374664
153527,0.006744,0.449684,-0.040963,-0.025875,-0.034129,0.019641,-0.998889,-0.000343,87.636223
153531,0.006770,0.449679,-0.040920,-0.026218,-0.033961,0.020005,-0.998879,0.000000,82.260475
153535,0.006710,0.449673,-0.040917,-0.026137,-0.033946,0.019690,-0.998888,0.000000,78.848534
153538,0.006706,0.449678,-0.040921,-0.026123,-0.033932,0.019760,-0.998887,0.000000,77.989197
153542,0.006712,0.449671,-0.040894,-0.026381,-0.033961,0.019861,-0.998878,0.000000,79.893608
153545,0.006707,0.449679,-0.040922,-0.026150,-0.034001,0.019762,-0.998884,-0.000343,83.214569
153549,0.006750,0.449689,-0.040945,-0.026102,-0.033935,0.020052,-0.998882,-0.000343,87.307663
153552,0.006756,0.449688,-0.040949,-0.026125,-0.034008,0.020019,-0.998879,-0.000343,90.517044
153556,0.006767,0.449691,-0.040954,-0.026141,-0.034013,0.020234,-0.998875,0.000000,91.308746
153559,0.006770,0.449688,-0.040948,-0.026238,-0.033965,0.020271,-0.998873,-0.000343,90.154839
153563,0.006753,0.449689,-0.040949,-0.026341,-0.033978,0.020351,-0.998868,-0.000343,87.970963
153566,0.006752,0.449687,-0.040934,-0.026398,-0.033926,0.020408,-0.998867,-0.000343,85.315018
153570,0.006740,0.449678,-0.040921,-0.026457,-0.033981,0.020263,-0.998867,0.000000,83.400307
153574,0.006755,0.449683,-0.040925,-0.026458,-0.033945,0.020381,-0.998866,-0.000343,83.234138
153577,0.006763,0.449681,-0.040912,-0.026513,-0.033921,0.020444,-0.998864,0.000000,84.556618
153581,0.006766,0.449683,-0.040927,-0.026386,-0.033922,0.020395,-0.998868,0.000000,86.835938
153584,0.006779,0.449689,-0.040931,-0.026433,-0.033906,0.020559,-0.998864,-0.000343,88.942566
153588,0.006776,0.449689,-0.040935,-0.026344,-0.033968,0.020481,-0.998866,0.000000,90.776253
153591,0.006773,0.449693,-0.040936,-0.026310,-0.033992,0.020559,-0.998864,-0.000343,91.253128
153595,0.006767,0.449688,-0.040930,-0.026480,-0.033979,0.020630,-0.998859,-0.000343,90.694199
153598,0.006768,0.449690,-0.040934,-0.026504,-0.033974,0.020681,-0.998857,0.000000,89.446907
153602,0.006777,0.449690,-0.040934,-0.026422,-0.033947,0.020654,-0.998861,0.000000,88.145370
153606,0.006794,0.449690,-0.040926,-0.026516,-0.033965,0.020778,-0.998855,-0.000343,87.369118
153609,0.006797,0.449693,-0.040926,-0.026480,-0.033953,0.020782,-0.998856,-0.000343,87.388687
153612,0.006792,0.449688,-0.040920,-0.026573,-0.033921,0.020787,-0.998855,-0.000343,88.325615
153616,0.006781,0.449686,-0.040911,-0.026609,-0.033963,0.020772,-0.998853,0.000000,89.581490
153620,0.006774,0.449689,-0.040915,-0.026521,-0.033959,0.020756,-0.998856,0.000000,91.048508
153623,0.006780,0.449691,-0.040920,-0.026513,-0.033970,0.020802,-0.998855,0.000000,92.221642
153627,0.006798,0.449693,-0.040921,-0.026721,-0.033955,0.021076,-0.998844,-0.000343,92.613716
153630,0.006819,0.449696,-0.040923,-0.026767,-0.033970,0.021277,-0.998838,0.000000,92.490120
153634,0.006834,0.449699,-0.040923,-0.026819,-0.033944,0.021459,-0.998833,0.000000,91.957626
153637,0.006840,0.449698,-0.040921,-0.026912,-0.033965,0.021617,-0.998827,-0.000343,91.402130
153641,0.006846,0.449702,-0.040913,-0.027039,-0.033998,0.021793,-0.998818,0.000000,91.046791
153645,0.006851,0.449701,-0.040906,-0.027116,-0.033990,0.021893,-0.998814,-0.000343,91.159058
153648,0.006860,0.449701,-0.040896,-0.027173,-0.034001,0.021993,-0.998810,-0.000343,91.779442
153652,0.006868,0.449703,-0.040881,-0.027194,-0.033984,0.022123,-0.998807,-0.000343,92.726326
153655,0.006878,0.449703,-0.040881,-0.027168,-0.033974,0.022198,-0.998807,-0.000343,93.706856
153659,0.006902,0.449707,-0.040863,-0.027480,-0.034021,0.022699,-0.998785,0.000000,94.486885
153662,0.006923,0.449708,-0.040850,-0.027727,-0.034038,0.023198,-0.998767,-0.000343,94.871407
153666,0.006961,0.449722,-0.040845,-0.028005,-0.033945,0.023916,-0.998745,0.000000,94.993286
153669,0.006977,0.449724,-0.040839,-0.028201,-0.033978,0.024285,-0.998729,0.000000,94.910889
153673,0.006991,0.449729,-0.040847,-0.028352,-0.033960,0.024632,-0.998717,0.000000,94.775620
153676,0.007003,0.449732,-0.040850,-0.028339,-0.033942,0.024742,-0.998716,-0.000343,94.707985
153680,0.007017,0.449732,-0.040844,-0.028510,-0.033952,0.024960,-0.998705,0.000000,94.832611
153684,0.007033,0.449735,-0.040837,-0.028500,-0.033968,0.025028,-0.998703,0.000000,95.215416
153687,0.007040,0.449734,-0.040829,-0.028581,-0.033938,0.025121,-0.998699,0.000000,95.946007
153691,0.007058,0.449738,-0.040817,-0.028751,-0.033993,0.025496,-0.998683,0.000000,96.631622
153694,0.007076,0.449741,-0.040801,-0.028974,-0.033990,0.025896,-0.998666,0.000000,97.382469
153698,0.007107,0.449750,-0.040790,-0.029130,-0.033949,0.026525,-0.998647,0.000000,97.847672
153701,0.007133,0.449752,-0.040778,-0.029387,-0.033966,0.026966,-0.998627,0.000000,98.084564
153705,0.007156,0.449758,-0.040775,-0.029539,-0.033981,0.027401,-0.998610,0.000000,98.162498
153708,0.007166,0.449760,-0.040778,-0.029610,-0.033969,0.027597,-0.998603,0.000000,98.203697
153712,0.007176,0.449760,-0.040777,-0.029754,-0.033972,0.027727,-0.998595,0.000000,98.329010
153715,0.007182,0.449763,-0.040776,-0.029867,-0.033984,0.027912,-0.998586,0.000000,98.598518
153719,0.007186,0.449763,-0.040768,-0.029778,-0.033982,0.027929,-0.998588,0.000000,99.055824
153723,0.007202,0.449766,-0.040756,-0.029969,-0.034003,0.028242,-0.998573,0.000000,99.648743
153726,0.007220,0.449768,-0.040745,-0.030086,-0.033970,0.028490,-0.998564,0.000000,100.271187
153730,0.007255,0.449771,-0.040732,-0.030158,-0.033968,0.028838,-0.998551,0.000000,100.755272
153733,0.007279,0.449774,-0.040723,-0.030322,-0.033937,0.029156,-0.998538,0.000000,101.214294
153737,0.007304,0.449779,-0.040709,-0.030528,-0.034002,0.029598,-0.998517,0.000000,101.471443
153740,0.007311,0.449783,-0.040706,-0.030588,-0.033993,0.029835,-0.998508,-0.000343,101.726875
153744,0.007310,0.449780,-0.040702,-0.030797,-0.033966,0.030088,-0.998495,0.000000,101.925659
153747,0.007315,0.449785,-0.040702,-0.030910,-0.033976,0.030347,-0.998483,0.000000,102.219200
153751,0.007330,0.449791,-0.040705,-0.030947,-0.034007,0.030701,-0.998471,0.000000,102.579002
153755,0.007365,0.449795,-0.040698,-0.031299,-0.034026,0.031274,-0.998441,0.000000,103.035278
153758,0.007400,0.449800,-0.040690,-0.031520,-0.034002,0.031791,-0.998419,-0.000343,103.559189
153762,0.007470,0.449810,-0.040661,-0.031993,-0.033916,0.032880,-0.998371,0.000000,104.015808
153765,0.007514,0.449813,-0.040640,-0.032265,-0.033936,0.033580,-0.998339,0.000000,104.554138
153769,0.007560,0.449820,-0.040606,-0.032604,-0.033994,0.034427,-0.998297,0.000000,105.003891
153772,0.007592,0.449824,-0.040586,-0.032823,-0.033987,0.034927,-0.998272,0.000000,105.360260
153776,0.007622,0.449826,-0.040560,-0.033114,-0.033946,0.035523,-0.998243,0.000000,105.678520
153779,0.007643,0.449829,-0.040547,-0.033345,-0.033948,0.035891,-0.998222,0.000000,106.001587
153783,0.007666,0.449833,-0.040534,-0.033551,-0.033987,0.036393,-0.998196,-0.000343,106.357613
153787,0.007690,0.449839,-0.040533,-0.033811,-0.033995,0.036926,-0.998167,0.000000,106.764107
153790,0.007708,0.449843,-0.040534,-0.034007,-0.034034,0.037365,-0.998143,0.000000,107.194633
153793,0.007737,0.449849,-0.040531,-0.034178,-0.034084,0.037880,-0.998116,-0.000343,107.749786
153797,0.007776,0.449858,-0.040529,-0.034503,-0.034007,0.038577,-0.998081,0.000000,108.234558
153801,0.007809,0.449865,-0.040516,-0.034746,-0.034059,0.039229,-0.998045,0.000000,108.698387
153804,0.007838,0.449866,-0.040502,-0.034977,-0.034060,0.039688,-0.998019,-0.000343,109.131660
153808,0.007873,0.449867,-0.040481,-0.035288,-0.034092,0.040219,-0.997985,-0.000343,109.525795
153812,0.007907,0.449872,-0.040461,-0.035460,-0.034101,0.040712,-0.997959,0.000000,109.932632
153815,0.007932,0.449877,-0.040446,-0.035662,-0.034076,0.041044,-0.997939,0.000000,110.322304
153819,0.007957,0.449880,-0.040428,-0.035933,-0.034088,0.041570,-0.997907,0.000000,110.702362
153822,0.007974,0.449883,-0.040417,-0.036164,-0.034107,0.042013,-0.997880,0.000000,111.217690
153826,0.008003,0.449887,-0.040407,-0.036452,-0.034057,0.042617,-0.997845,0.000000,111.638947
153829,0.008032,0.449891,-0.040397,-0.036724,-0.034077,0.043243,-0.997808,0.000000,112.197533
153833,0.008074,0.449903,-0.040392,-0.037024,-0.034070,0.043902,-0.997768,0.000000,112.709427
153836,0.008106,0.449906,-0.040384,-0.037234,-0.034074,0.044463,-0.997735,-0.000343,113.177376
153840,0.008154,0.449912,-0.040365,-0.037670,-0.034077,0.045254,-0.997683,0.000000,113.618546
153844,0.008197,0.449915,-0.040342,-0.037986,-0.034061,0.046115,-0.997632,0.000000,114.052162
153847,0.008230,0.449918,-0.040324,-0.038269,-0.034011,0.046644,-0.997599,0.000000,114.444923
153851,0.008273,0.449919,-0.040299,-0.038698,-0.034035,0.047435,-0.997544,0.000000,114.908066
153854,0.008309,0.449924,-0.040280,-0.038938,-0.034058,0.047964,-0.997509,0.000000,115.408287
153858,0.008358,0.449927,-0.040259,-0.039305,-0.034023,0.048724,-0.997459,0.000000,115.877609
153861,0.008389,0.449930,-0.040247,-0.039579,-0.033997,0.049309,-0.997420,0.000000,116.394310
153865,0.008435,0.449936,-0.040228,-0.039942,-0.034019,0.050203,-0.997360,0.000000,116.864662
153868,0.008469,0.449941,-0.040218,-0.040226,-0.034036,0.050872,-0.997314,0.000000,117.365913
153872,0.008508,0.449948,-0.040206,-0.040576,-0.034000,0.051635,-0.997262,0.000000,117.901497
153875,0.008533,0.449951,-0.040195,-0.040814,-0.034044,0.052142,-0.997224,0.000000,118.398972
153879,0.008566,0.449957,-0.040183,-0.041084,-0.034019,0.052772,-0.997181,0.000000,118.899879
153883,0.008597,0.449958,-0.040172,-0.041426,-0.034046,0.053393,-0.997133,0.000000,119.373322
153886,0.008621,0.449960,-0.040161,-0.041596,-0.034047,0.053778,-0.997105,0.000000,119.794922
153889,0.008644,0.449963,-0.040152,-0.041744,-0.034057,0.054152,-0.997078,0.000000,120.329132
153893,0.008679,0.449965,-0.040138,-0.041985,-0.034036,0.054696,-0.997039,0.000000,120.823517
153897,0.008726,0.449970,-0.040115,-0.042339,-0.034089,0.055574,-0.996974,0.000000,121.345367
153900,0.008770,0.449975,-0.040095,-0.042624,-0.034049,0.056286,-0.996923,0.000000,121.892281
153904,0.008826,0.449981,-0.040075,-0.043149,-0.033998,0.057319,-0.996843,0.000000,122.366409
153907,0.008872,0.449986,-0.040054,-0.043497,-0.034052,0.058064,-0.996783,0.000000,122.904739
153911,0.008940,0.449997,-0.040025,-0.043929,-0.034119,0.059291,-0.996690,0.000000,123.473969
153911,0.008940,0.449997,-0.040025,-0.043929,-0.034119,0.059291,-0.996690,0.000000,123.958397
153911,0.008940,0.449997,-0.040025,-0.043929,-0.034119,0.059291,-0.996690,0.000000,124.480934
153911,0.008940,0.449997,-0.040025,-0.043929,-0.034119,0.059291,-0.996690,0.000000,125.052567
153911,0.008940,0.449997,-0.040025,-0.043929,-0.034119,0.059291,-0.996690,0.000000,125.538025
153911,0.008940,0.449997,-0.040025,-0.043929,-0.034119,0.059291,-0.996690,0.000000,125.983658
153911,0.008940,0.449997,-0.040025,-0.043929,-0.034119,0.059291,-0.996690,0.000000,126.352730
153911,0.008940,0.449997,-0.040025,-0.043929,-0.034119,0.059291,-0.996690,0.000000,126.744118
153911,0.008940,0.449997,-0.040025,-0.043929,-0.034119,0.059291,-0.996690,0.000000,126.975517
153911,0.008940,0.449997,-0.040025,-0.043929,-0.034119,0.059291,-0.996690,0.000000,127.191811
153911,0.008940,0.449997,-0.040025,-0.043929,-0.034119,0.059291,-0.996690,0.000000,127.344246
153911,0.008940,0.449997,-0.040025,-0.043929,-0.034119,0.059291,-0.996690,0.000000,127.532730
153911,0.008940,0.449997,-0.040025,-0.043929,-0.034119,0.059291,-0.996690,0.000000,127.758293
153911,0.008940,0.449997,-0.040025,-0.043929,-0.034119,0.059291,-0.996690,0.000000,128.067627
153911,0.008940,0.449997,-0.040025,-0.043929,-0.034119,0.059291,-0.996690,0.000000,128.434639
153911,0.008940,0.449997,-0.040025,-0.043929,-0.034119,0.059291,-0.996690,0.000000,128.830833
153911,0.008940,0.449997,-0.040025,-0.043929,-0.034119,0.059291,-0.996690,0.000000,129.153214
153911,0.008940,0.449997,-0.040025,-0.043929,-0.034119,0.059291,-0.996690,0.000000,129.510612
153911,0.008940,0.449997,-0.040025,-0.043929,-0.034119,0.059291,-0.996690,0.000000,129.782867
153911,0.008940,0.449997,-0.040025,-0.043929,-0.034119,0.059291,-0.996690,0.000000,130.012207
153911,0.008940,0.449997,-0.040025,-0.043929,-0.034119,0.059291,-0.996690,0.000000,130.231934
153911,0.008940,0.449997,-0.040025,-0.043929,-0.034119,0.059291,-0.996690,0.000000,130.439644
153911,0.008940,0.449997,-0.040025,-0.043929,-0.034119,0.059291,-0.996690,0.000000,130.701599
153911,0.008940,0.449997,-0.040025,-0.043929,-0.034119,0.059291,-0.996690,0.000000,131.050415
153911,0.008940,0.449997,-0.040025,-0.043929,-0.034119,0.059291,-0.996690,0.000000,131.395111
153911,0.008940,0.449997,-0.040025,-0.043929,-0.034119,0.059291,-0.996690,0.000000,131.767616
153911,0.008940,0.449997,-0.040025,-0.043929,-0.034119,0.059291,-0.996690,0.000000,132.105103
153911,0.008940,0.449997,-0.040025,-0.043929,-0.034119,0.059291,-0.996690,0.000343,132.400017
153911,0.008940,0.449997,-0.040025,-0.043929,-0.034119,0.059291,-0.996690,0.000000,132.710381
153911,0.008940,0.449997,-0.040025,-0.043929,-0.034119,0.059291,-0.996690,0.000000,132.952080
154017,0.009862,0.450071,-0.039612,-0.051737,-0.033971,0.075979,-0.995187,0.000000,133.255577
154021,0.009884,0.450069,-0.039596,-0.052050,-0.033954,0.076482,-0.995132,0.000343,133.504486
154024,0.009907,0.450073,-0.039586,-0.052188,-0.033955,0.076853,-0.995097,0.000000,133.791504
154028,0.009938,0.450073,-0.039570,-0.052387,-0.033952,0.077361,-0.995047,0.000000,134.153023
154032,0.009967,0.450072,-0.039560,-0.052669,-0.033954,0.077899,-0.994990,0.000000,134.468880
154035,0.009989,0.450077,-0.039553,-0.052832,-0.033959,0.078299,-0.994950,0.000000,134.837265
154039,0.010012,0.450075,-0.039548,-0.052967,-0.033932,0.078705,-0.994911,0.000000,135.168571
154042,0.010038,0.450077,-0.039542,-0.053161,-0.033928,0.079099,-0.994870,0.000343,135.471725
154046,0.010066,0.450080,-0.039532,-0.053327,-0.034030,0.079597,-0.994818,0.000000,135.734367
154049,0.010084,0.450082,-0.039529,-0.053450,-0.034025,0.079933,-0.994784,0.000343,136.056747
154053,0.010110,0.450081,-0.039516,-0.053691,-0.034019,0.080365,-0.994737,0.000000,136.351318
154056,0.010128,0.450081,-0.039505,-0.053830,-0.034059,0.080750,-0.994697,0.000000,136.662369
154060,0.010151,0.450084,-0.039490,-0.053898,-0.034049,0.081099,-0.994665,0.000000,136.989899
154063,0.010170,0.450083,-0.039479,-0.054080,-0.034070,0.081471,-0.994624,0.000343,137.303352
154067,0.010189,0.450085,-0.039468,-0.054259,-0.034056,0.081897,-0.994580,0.000343,137.663841
154070,0.010205,0.450085,-0.039459,-0.054395,-0.034065,0.082199,-0.994547,0.000000,137.996521
154074,0.010225,0.450084,-0.039454,-0.054605,-0.034055,0.082582,-0.994504,0.000000,138.317871
154078,0.010251,0.450088,-0.039448,-0.054764,-0.034092,0.083043,-0.994456,0.000343,138.646431
154081,0.010273,0.450091,-0.039446,-0.054917,-0.034093,0.083325,-0.994424,0.000343,138.951988
154085,0.010298,0.450092,-0.039440,-0.055118,-0.034097,0.083754,-0.994377,0.000343,139.273338
154088,0.010316,0.450094,-0.039435,-0.055280,-0.034093,0.084059,-0.994342,0.000000,139.554863
154092,0.010335,0.450096,-0.039423,-0.055375,-0.034115,0.084415,-0.994306,0.000000,139.921532
154095,0.010350,0.450095,-0.039413,-0.055551,-0.034120,0.084738,-0.994268,0.000000,140.211983
154099,0.010373,0.450096,-0.039393,-0.055801,-0.034160,0.085186,-0.994215,0.000000,140.546379
154103,0.010397,0.450099,-0.039379,-0.055981,-0.034131,0.085623,-0.994168,0.000343,140.922318
154106,0.010424,0.450101,-0.039362,-0.056130,-0.034261,0.085994,-0.994123,0.000000,141.236115
154110,0.010452,0.450105,-0.039351,-0.056311,-0.034297,0.086568,-0.994062,0.000000,141.606903
154113,0.010473,0.450106,-0.039347,-0.056443,-0.034273,0.086860,-0.994030,0.000000,141.906624
154117,0.010505,0.450103,-0.039336,-0.056789,-0.034264,0.087498,-0.993954,0.000343,142.269173
154120,0.010530,0.450104,-0.039329,-0.056968,-0.034296,0.087936,-0.993904,0.000000,142.592239
154124,0.010506,0.450101,-0.039347,-0.057580,-0.033215,0.088663,-0.993841,0.000000,142.920456
154127,0.010530,0.450100,-0.039338,-0.057755,-0.033228,0.089045,-0.993796,0.000000,143.208504
154131,0.010566,0.450099,-0.039322,-0.058002,-0.033282,0.089602,-0.993730,0.000343,143.582382
154135,0.010589,0.450100,-0.039311,-0.058116,-0.033273,0.089966,-0.993691,0.000343,143.928795
154138,0.010608,0.450097,-0.039299,-0.058318,-0.033282,0.090312,-0.993647,0.000343,144.290657
154142,0.010631,0.450099,-0.039286,-0.058425,-0.033378,0.090690,-0.993604,0.000343,144.629517
154145,0.010641,0.450099,-0.039281,-0.058538,-0.033327,0.090944,-0.993575,0.000000,144.950180
154148,0.010653,0.450101,-0.039276,-0.058674,-0.033319,0.091171,-0.993547,0.000000,145.310326
154152,0.010698,0.450101,-0.039257,-0.058802,-0.033795,0.091614,-0.993482,0.000343,145.651932
154156,0.010701,0.450102,-0.039269,-0.059053,-0.033321,0.092087,-0.993440,0.000000,145.981522
154159,0.010723,0.450104,-0.039265,-0.059215,-0.033346,0.092451,-0.993396,0.000000,146.324158
154163,0.010768,0.450106,-0.039242,-0.059233,-0.033816,0.092739,-0.993352,0.000343,146.676064
154166,0.010784,0.450104,-0.039237,-0.059411,-0.033853,0.093066,-0.993309,0.000343,146.999130
154170,0.010810,0.450101,-0.039220,-0.059668,-0.033811,0.093421,-0.993262,0.000000,147.394981
154174,0.010837,0.450103,-0.039206,-0.059802,-0.033886,0.093815,-0.993214,0.000343,147.704659
154177,0.010859,0.450105,-0.039194,-0.059946,-0.033870,0.094102,-0.993179,0.000343,148.081970
154181,0.010886,0.450107,-0.039180,-0.060216,-0.033815,0.094615,-0.993116,0.000000,148.421173
154184,0.010904,0.450107,-0.039171,-0.060342,-0.033860,0.094932,-0.993076,0.000000,148.768272
154188,0.010925,0.450110,-0.039166,-0.060469,-0.033854,0.095272,-0.993036,0.000343,149.111938
154191,0.010940,0.450110,-0.039162,-0.060675,-0.033848,0.095620,-0.992990,0.000343,149.460411
154195,0.010963,0.450113,-0.039155,-0.060812,-0.033919,0.095985,-0.992944,0.000343,149.816780
154198,0.010980,0.450113,-0.039148,-0.060983,-0.033909,0.096387,-0.992895,0.000343,150.123367
154202,0.011003,0.450114,-0.039139,-0.061288,-0.033891,0.096820,-0.992835,0.000000,150.528145
154206,0.011026,0.450115,-0.039130,-0.061414,-0.033888,0.097221,-0.992788,0.000343,150.896530
154209,0.011045,0.450116,-0.039122,-0.061548,-0.033898,0.097542,-0.992748,0.000000,151.271782
154212,0.011068,0.450114,-0.039110,-0.061804,-0.033880,0.097931,-0.992694,0.000000,151.630554
154216,0.011136,0.450128,-0.039081,-0.061802,-0.034455,0.098434,-0.992625,0.000343,151.948814
154220,0.011169,0.450129,-0.039067,-0.061994,-0.034438,0.098883,-0.992569,0.000343,152.343979
154223,0.011193,0.450126,-0.039054,-0.062215,-0.034420,0.099261,-0.992518,0.000343,152.692795
154227,0.011230,0.450127,-0.039039,-0.062494,-0.034429,0.099885,-0.992438,0.000343,153.027191
154230,0.011258,0.450128,-0.039030,-0.062631,-0.034456,0.100306,-0.992385,0.000343,153.374290
154234,0.011303,0.450127,-0.039018,-0.062994,-0.034438,0.101058,-0.992287,0.000000,153.696671
154237,0.011331,0.450128,-0.039006,-0.063220,-0.034455,0.101550,-0.992222,0.000343,154.057503
154241,0.011358,0.450127,-0.038991,-0.063488,-0.034471,0.102205,-0.992137,0.000000,154.464340
154245,0.011391,0.450120,-0.038965,-0.063980,-0.034476,0.103108,-0.992012,0.000343,154.850922
154248,0.011422,0.450119,-0.038946,-0.064289,-0.034515,0.103761,-0.991922,0.000343,155.213814
154252,0.011462,0.450120,-0.038928,-0.064555,-0.034525,0.104477,-0.991829,0.000343,155.584259
154255,0.011494,0.450120,-0.038917,-0.064792,-0.034525,0.104911,-0.991768,0.000343,155.884666
154259,0.011531,0.450119,-0.038898,-0.065055,-0.034575,0.105540,-0.991682,0.000343,156.292877
154262,0.011490,0.450117,-0.038917,-0.065689,-0.033291,0.106194,-0.991615,0.000343,156.623154
154266,0.011521,0.450115,-0.038898,-0.066009,-0.033261,0.106704,-0.991540,0.000000,157.038231
154269,0.011548,0.450114,-0.038886,-0.066223,-0.033296,0.107103,-0.991481,0.000343,157.406273
154273,0.011618,0.450108,-0.038858,-0.066167,-0.033970,0.107326,-0.991438,0.000000,157.763329
154276,0.011643,0.450108,-0.038854,-0.066348,-0.033985,0.107705,-0.991384,0.000343,158.083992
154280,0.011672,0.450109,-0.038847,-0.066598,-0.034014,0.108291,-0.991303,0.000343,158.490829
154284,0.011657,0.450116,-0.038860,-0.066999,-0.033271,0.108938,-0.991230,0.000000,158.854065
154287,0.011704,0.450110,-0.038829,-0.067064,-0.033984,0.109174,-0.991175,0.000343,159.227257
154291,0.011732,0.450110,-0.038816,-0.067268,-0.034041,0.109677,-0.991104,0.000000,159.596329
154294,0.011757,0.450110,-0.038806,-0.067483,-0.034009,0.110102,-0.991043,0.000343,159.967461
154298,0.011794,0.450111,-0.038791,-0.067777,-0.034002,0.110689,-0.990958,0.000343,160.329323
154301,0.011824,0.450112,-0.038774,-0.068011,-0.033970,0.111142,-0.990892,0.000000,160.663376
154305,0.011890,0.450121,-0.038740,-0.067959,-0.034517,0.111581,-0.990828,0.000000,161.077080
154308,0.011927,0.450122,-0.038717,-0.068116,-0.034646,0.112142,-0.990749,0.000343,161.447182
154312,0.011975,0.450119,-0.038693,-0.068386,-0.034699,0.112845,-0.990649,0.000000,161.836853
154315,0.012009,0.450121,-0.038684,-0.068555,-0.034690,0.113346,-0.990580,0.000343,162.160263
154319,0.012045,0.450119,-0.038674,-0.068863,-0.034668,0.113937,-0.990492,0.000000,162.579460
154319,0.012045,0.450119,-0.038674,-0.068863,-0.034668,0.113937,-0.990492,0.000343,162.904930
154319,0.012045,0.450119,-0.038674,-0.068863,-0.034668,0.113937,-0.990492,0.000000,163.312111
154319,0.012045,0.450119,-0.038674,-0.068863,-0.034668,0.113937,-0.990492,0.000343,163.686676
154319,0.012045,0.450119,-0.038674,-0.068863,-0.034668,0.113937,-0.990492,0.000343,164.064331
154319,0.012045,0.450119,-0.038674,-0.068863,-0.034668,0.113937,-0.990492,0.000343,164.437180
154319,0.012045,0.450119,-0.038674,-0.068863,-0.034668,0.113937,-0.990492,0.000000,164.779816
154319,0.012045,0.450119,-0.038674,-0.068863,-0.034668,0.113937,-0.990492,0.000000,165.149918
154319,0.012045,0.450119,-0.038674,-0.068863,-0.034668,0.113937,-0.990492,0.000000,165.526886
154319,0.012045,0.450119,-0.038674,-0.068863,-0.034668,0.113937,-0.990492,0.000343,165.925827
154319,0.012045,0.450119,-0.038674,-0.068863,-0.034668,0.113937,-0.990492,0.000000,166.303825
154319,0.012045,0.450119,-0.038674,-0.068863,-0.034668,0.113937,-0.990492,0.000000,166.685600
154319,0.012045,0.450119,-0.038674,-0.068863,-0.034668,0.113937,-0.990492,0.000000,167.068062
154319,0.012045,0.450119,-0.038674,-0.068863,-0.034668,0.113937,-0.990492,0.000343,167.461510
154319,0.012045,0.450119,-0.038674,-0.068863,-0.034668,0.113937,-0.990492,0.000000,167.789726
154319,0.012045,0.450119,-0.038674,-0.068863,-0.034668,0.113937,-0.990492,0.000343,168.208580
154319,0.012045,0.450119,-0.038674,-0.068863,-0.034668,0.113937,-0.990492,0.000343,168.573875
154319,0.012045,0.450119,-0.038674,-0.068863,-0.034668,0.113937,-0.990492,0.000000,168.965607
154319,0.012045,0.450119,-0.038674,-0.068863,-0.034668,0.113937,-0.990492,0.000343,169.365578
154319,0.012045,0.450119,-0.038674,-0.068863,-0.034668,0.113937,-0.990492,0.000000,169.750443
154319,0.012045,0.450119,-0.038674,-0.068863,-0.034668,0.113937,-0.990492,0.000000,170.239334
154319,0.012045,0.450119,-0.038674,-0.068863,-0.034668,0.113937,-0.990492,0.000000,170.654411
154319,0.012045,0.450119,-0.038674,-0.068863,-0.034668,0.113937,-0.990492,0.000343,171.162186
154319,0.012045,0.450119,-0.038674,-0.068863,-0.034668,0.113937,-0.990492,0.000000,171.595116
154319,0.012045,0.450119,-0.038674,-0.068863,-0.034668,0.113937,-0.990492,0.000343,172.008133
154319,0.012045,0.450119,-0.038674,-0.068863,-0.034668,0.113937,-0.990492,0.000343,172.389908
154319,0.012045,0.450119,-0.038674,-0.068863,-0.034668,0.113937,-0.990492,0.000000,172.781639
154319,0.012045,0.450119,-0.038674,-0.068863,-0.034668,0.113937,-0.990492,0.000343,173.238258
154319,0.012045,0.450119,-0.038674,-0.068863,-0.034668,0.113937,-0.990492,0.000343,173.665352
154319,0.012045,0.450119,-0.038674,-0.068863,-0.034668,0.113937,-0.990492,0.000343,174.048843
154319,0.012045,0.450119,-0.038674,-0.068863,-0.034668,0.113937,-0.990492,0.000343,174.495506
154429,0.012780,0.450101,-0.038374,-0.075645,-0.033464,0.128762,-0.988220,0.000000,174.978218
154433,0.012808,0.450092,-0.038358,-0.075990,-0.033386,0.129212,-0.988137,0.000343,175.366516
154436,0.012836,0.450088,-0.038344,-0.076236,-0.033371,0.129697,-0.988055,0.000000,175.824165
154440,0.012886,0.450087,-0.038326,-0.076575,-0.033395,0.130474,-0.987926,0.000343,176.244049
154443,0.012929,0.450085,-0.038309,-0.076825,-0.033397,0.130986,-0.987839,0.000000,176.667709
154447,0.012982,0.450084,-0.038289,-0.077225,-0.033398,0.131735,-0.987708,0.000343,177.078667
154448,0.012995,0.450082,-0.038284,-0.077252,-0.033456,0.131899,-0.987682,0.000343,177.561035
154453,0.013054,0.450079,-0.038258,-0.077684,-0.033447,0.132798,-0.987528,0.000000,177.943497
154456,0.013074,0.450076,-0.038249,-0.077920,-0.033418,0.133223,-0.987453,0.000000,178.358231
154460,0.013105,0.450073,-0.038231,-0.078275,-0.033471,0.133891,-0.987333,0.000343,178.813133
154464,0.013121,0.450072,-0.038225,-0.078475,-0.033426,0.134380,-0.987252,0.000343,179.251213
154467,0.013131,0.450073,-0.038222,-0.078644,-0.033385,0.134735,-0.987192,0.000343,179.673843
154471,0.013149,0.450075,-0.038220,-0.078840,-0.033406,0.135252,-0.987104,0.000000,180.105400
154474,0.013165,0.450074,-0.038222,-0.078958,-0.033386,0.135528,-0.987058,0.000000,180.518417
154478,0.013200,0.450078,-0.038224,-0.079254,-0.033342,0.136060,-0.986962,0.000343,180.943108
154481,0.013228,0.450077,-0.038224,-0.079328,-0.033402,0.136385,-0.986910,0.000000,181.321793
154485,0.013262,0.450075,-0.038217,-0.079498,-0.033397,0.136803,-0.986838,0.000343,181.753693
154489,0.013293,0.450073,-0.038194,-0.079758,-0.033374,0.137283,-0.986751,0.000343,182.180443
154492,0.013314,0.450066,-0.038172,-0.079924,-0.033429,0.137726,-0.986674,0.000000,182.607880
154495,0.013344,0.450065,-0.038138,-0.079947,-0.033650,0.138091,-0.986614,0.000343,183.087502
154499,0.013381,0.450056,-0.038105,-0.080312,-0.033610,0.138786,-0.986488,0.000000,183.472023
154503,0.013483,0.450054,-0.038047,-0.080159,-0.034877,0.139260,-0.986390,0.000000,183.945465
154506,0.013511,0.450053,-0.038037,-0.080431,-0.034849,0.139825,-0.986289,0.000000,184.382515
154510,0.013552,0.450051,-0.038030,-0.080860,-0.034818,0.140690,-0.986132,0.000343,184.756050
154513,0.013582,0.450048,-0.038029,-0.081143,-0.034858,0.141344,-0.986014,0.000343,185.180740
154517,0.013617,0.450047,-0.038033,-0.081388,-0.034849,0.142027,-0.985895,0.000343,185.645256
154521,0.013666,0.450043,-0.038021,-0.081905,-0.034853,0.142967,-0.985717,0.000000,186.072006
154524,0.013707,0.450044,-0.038006,-0.082213,-0.034844,0.143641,-0.985593,0.000000,186.509056
154528,0.013754,0.450042,-0.037979,-0.082533,-0.034865,0.144334,-0.985465,0.000000,186.941986
154531,0.013780,0.450039,-0.037956,-0.082791,-0.034860,0.144805,-0.985374,0.000000,187.374229
154535,0.013817,0.450034,-0.037926,-0.082949,-0.034909,0.145357,-0.985278,0.000343,187.791367
154538,0.013842,0.450032,-0.037905,-0.083147,-0.034901,0.145762,-0.985201,0.000000,188.163872
154542,0.013877,0.450029,-0.037884,-0.083391,-0.034931,0.146390,-0.985087,0.000000,188.628731
154545,0.013851,0.450040,-0.037892,-0.083701,-0.034094,0.147160,-0.984975,0.000000,189.003639
154549,0.013922,0.450028,-0.037879,-0.083721,-0.034929,0.147206,-0.984937,0.000343,189.483261
154553,0.013950,0.450025,-0.037879,-0.084066,-0.034930,0.147871,-0.984808,0.000000,189.917908
154556,0.013971,0.450026,-0.037878,-0.084168,-0.034966,0.148242,-0.984742,0.000000,190.333328
154559,0.013999,0.450024,-0.037870,-0.084398,-0.034986,0.148754,-0.984645,0.000343,190.725746
154563,0.014039,0.450024,-0.037849,-0.084778,-0.034961,0.149467,-0.984505,0.000000,191.155243
154566,0.014067,0.450022,-0.037832,-0.085036,-0.034924,0.149989,-0.984405,0.000000,191.626625
154570,0.014106,0.450017,-0.037806,-0.085349,-0.034923,0.150666,-0.984274,0.000000,192.017326
154574,0.014149,0.450010,-0.037780,-0.085798,-0.034877,0.151433,-0.984119,0.000000,192.479439
154577,0.014181,0.450003,-0.037763,-0.085997,-0.034914,0.151966,-0.984018,0.000000,192.893829
154581,0.014228,0.450000,-0.037748,-0.086290,-0.034842,0.152668,-0.983886,0.000000,193.301010
154584,0.014258,0.449993,-0.037739,-0.086533,-0.034850,0.153191,-0.983784,0.000000,193.684845
154588,0.014299,0.449986,-0.037731,-0.086820,-0.034870,0.153984,-0.983634,0.000000,194.142494
154592,0.014332,0.449985,-0.037725,-0.087113,-0.034782,0.154572,-0.983519,0.000000,194.562721
154595,0.014358,0.449987,-0.037719,-0.087373,-0.034770,0.155081,-0.983416,0.000343,195.009384
154599,0.014396,0.449983,-0.037704,-0.087610,-0.034852,0.155721,-0.983291,0.000000,195.428238
154602,0.014419,0.449982,-0.037695,-0.087776,-0.034836,0.156136,-0.983211,0.000343,195.811043
154605,0.014443,0.449979,-0.037681,-0.087995,-0.034809,0.156552,-0.983126,0.000000,196.287231
154609,0.014482,0.449973,-0.037656,-0.088421,-0.034819,0.157284,-0.982971,0.000000,196.654930
154613,0.014515,0.449972,-0.037635,-0.088649,-0.034795,0.157763,-0.982874,0.000000,197.120132
154616,0.014544,0.449968,-0.037617,-0.088920,-0.034779,0.158228,-0.982776,0.000000,197.539673
154620,0.014573,0.449965,-0.037601,-0.089167,-0.034808,0.158747,-0.982668,0.000000,197.947540
154623,0.014595,0.449963,-0.037595,-0.089338,-0.034796,0.159109,-0.982595,0.000000,198.310776
154627,0.014630,0.449958,-0.037585,-0.089692,-0.034773,0.159715,-0.982465,0.000000,198.776665
154630,0.014650,0.449956,-0.037585,-0.089882,-0.034741,0.160090,-0.982388,0.000000,199.197922
154634,0.014679,0.449957,-0.037579,-0.089986,-0.034809,0.160557,-0.982299,0.000000,199.603386
154638,0.014708,0.449957,-0.037567,-0.090247,-0.034786,0.161108,-0.982186,0.000000,200.005074
154641,0.014728,0.449954,-0.037554,-0.090417,-0.034804,0.161475,-0.982110,0.000000,200.462036
154645,0.014760,0.449950,-0.037532,-0.090626,-0.034750,0.161984,-0.982008,0.000000,200.820465
154648,0.014786,0.449943,-0.037517,-0.090914,-0.034779,0.162487,-0.981898,0.000000,201.297684
154652,0.014826,0.449939,-0.037501,-0.091153,-0.034814,0.163098,-0.981773,0.000343,201.717567
154655,0.014855,0.449935,-0.037494,-0.091349,-0.034831,0.163614,-0.981668,0.000000,202.138481
154659,0.014891,0.449933,-0.037493,-0.091636,-0.034779,0.164202,-0.981545,0.000000,202.520943
154662,0.014921,0.449930,-0.037492,-0.091830,-0.034783,0.164679,-0.981447,0.000000,202.958679
154666,0.014959,0.449928,-0.037488,-0.091985,-0.034776,0.165248,-0.981337,0.000000,203.364487
154669,0.014993,0.449924,-0.037475,-0.092279,-0.034719,0.165848,-0.981210,0.000000,203.772011
154673,0.015045,0.449918,-0.037448,-0.092683,-0.034768,0.166671,-0.981031,0.000000,204.183998
154677,0.015082,0.449911,-0.037416,-0.092943,-0.034742,0.167278,-0.980904,0.000000,204.553413
154680,0.015107,0.449907,-0.037389,-0.093135,-0.034763,0.167722,-0.980809,0.000000,205.019989
154684,0.015137,0.449899,-0.037354,-0.093380,-0.034762,0.168338,-0.980681,0.000000,205.392838
154687,0.015157,0.449894,-0.037334,-0.093519,-0.034775,0.168705,-0.980604,0.000000,205.832634
154691,0.015190,0.449896,-0.037315,-0.093814,-0.034769,0.169329,-0.980468,0.000000,206.259041
154694,0.015205,0.449889,-0.037310,-0.094025,-0.034777,0.169677,-0.980388,0.000000,206.655922
154698,0.015235,0.449893,-0.037321,-0.094079,-0.034827,0.170058,-0.980314,0.000000,207.066536
154701,0.015256,0.449892,-0.037329,-0.094214,-0.034841,0.170436,-0.980235,0.000000,207.499466
154705,0.015286,0.449888,-0.037341,-0.094499,-0.034846,0.171022,-0.980106,0.000000,207.857208
154708,0.015312,0.449888,-0.037341,-0.094625,-0.034877,0.171348,-0.980035,0.000000,208.298721
154712,0.015340,0.449884,-0.037333,-0.094917,-0.034782,0.171868,-0.979920,0.000000,208.702126
154716,0.015370,0.449883,-0.037309,-0.095074,-0.034888,0.172408,-0.979806,0.000000,209.110336
154719,0.015391,0.449881,-0.037287,-0.095266,-0.034864,0.172706,-0.979735,0.000000,209.506874
154723,0.015416,0.449870,-0.037253,-0.095640,-0.034822,0.173230,-0.979608,0.000000,209.882469
154726,0.015408,0.449830,-0.037264,-0.095813,-0.034777,0.173511,-0.979543,0.000000,210.319862
154730,0.015469,0.449858,-0.037201,-0.096074,-0.034858,0.174315,-0.979372,0.000000,210.676231
154734,0.015504,0.449851,-0.037187,-0.096403,-0.034863,0.175027,-0.979212,0.000000,211.125641
154737,0.015534,0.449851,-0.037184,-0.096608,-0.034886,0.175542,-0.979099,0.000000,211.524582
154741,0.015568,0.449849,-0.037191,-0.096768,-0.034869,0.176040,-0.978995,0.000000,211.941376
154744,0.015597,0.449847,-0.037193,-0.096972,-0.034846,0.176555,-0.978882,0.000000,212.346840
154748,0.015641,0.449843,-0.037186,-0.097169,-0.034881,0.177129,-0.978758,0.000000,212.696342
154751,0.015671,0.449838,-0.037174,-0.097419,-0.034855,0.177581,-0.978652,0.000000,213.144035
154755,0.015702,0.449831,-0.037152,-0.097771,-0.034766,0.178144,-0.978518,0.000000,213.533020
154758,0.015723,0.449823,-0.037134,-0.098026,-0.034759,0.178599,-0.978410,0.000000,213.929214
154762,0.015748,0.449817,-0.037114,-0.098198,-0.034753,0.179080,-0.978305,0.000000,214.322319
154765,0.015738,0.449810,-0.037121,-0.098713,-0.034056,0.179541,-0.978193,0.000000,214.723320
154769,0.015761,0.449805,-0.037112,-0.098912,-0.034131,0.180023,-0.978081,0.000000,215.110245
154772,0.015804,0.449808,-0.037098,-0.098758,-0.034791,0.180318,-0.978019,0.000000,215.465584
154776,0.015795,0.449803,-0.037122,-0.099255,-0.034079,0.180674,-0.977928,0.000000,215.887871
154779,0.015837,0.449804,-0.037105,-0.099140,-0.034690,0.180992,-0.977860,0.000000,216.283379
154783,0.015856,0.449803,-0.037100,-0.099178,-0.034718,0.181254,-0.977806,0.000000,216.680260
154787,0.015853,0.449796,-0.037098,-0.099707,-0.034056,0.181712,-0.977691,0.000000,217.053452
154790,0.015872,0.449793,-0.037078,-0.099813,-0.034099,0.182005,-0.977624,0.000000,217.423210
154794,0.015904,0.449782,-0.037049,-0.099974,-0.034076,0.182408,-0.977533,0.000000,217.841034
154797,0.015932,0.449778,-0.037027,-0.100128,-0.034052,0.182735,-0.977457,0.000000,218.238258
154801,0.015970,0.449770,-0.037011,-0.100351,-0.034079,0.183300,-0.977328,-0.000343,218.642693
154805,0.016001,0.449767,-0.037004,-0.100575,-0.034051,0.183831,-0.977206,0.000000,219.036827
154808,0.016019,0.449767,-0.037009,-0.100702,-0.034074,0.184205,-0.977122,0.000000,219.417572
154811,0.016031,0.449764,-0.037018,-0.100868,-0.034057,0.184521,-0.977046,0.000000,219.789047
154815,0.016055,0.449764,-0.037026,-0.100967,-0.034116,0.185004,-0.976942,0.000000,220.163956
154819,0.016079,0.449757,-0.037030,-0.101348,-0.034047,0.185644,-0.976783,0.000000,220.530281
154822,0.016105,0.449755,-0.037022,-0.101529,-0.034085,0.186107,-0.976675,0.000000,220.908966
154826,0.016149,0.449747,-0.037000,-0.101846,-0.034113,0.186880,-0.976493,0.000000,221.298637
154829,0.016223,0.449971,-0.036778,-0.102657,-0.035928,0.189482,-0.975842,0.000000,221.691055
154833,0.016264,0.449966,-0.036739,-0.102924,-0.035995,0.190152,-0.975681,0.000000,222.020302
154836,0.016248,0.449729,-0.036914,-0.102515,-0.034167,0.188353,-0.976139,0.000000,222.427139
154840,0.016281,0.449723,-0.036885,-0.102883,-0.034101,0.188896,-0.975997,0.000000,222.793121
154843,0.016307,0.449721,-0.036871,-0.103042,-0.034121,0.189298,-0.975902,0.000000,223.197556
154847,0.016339,0.449717,-0.036865,-0.103217,-0.034173,0.189723,-0.975799,0.000000,223.560791
154850,0.016357,0.449713,-0.036868,-0.103372,-0.034164,0.190041,-0.975721,0.000000,223.933296
154854,0.016384,0.449713,-0.036875,-0.103593,-0.034159,0.190550,-0.975599,0.000000,224.323997
154858,0.016404,0.449713,-0.036883,-0.103681,-0.034181,0.190966,-0.975507,0.000000,224.657707
154861,0.016418,0.449708,-0.036881,-0.103925,-0.034116,0.191365,-0.975405,0.000000,225.068321
154865,0.016440,0.449705,-0.036869,-0.104069,-0.034172,0.191800,-0.975302,0.000000,225.427437
154868,0.016456,0.449704,-0.036852,-0.104225,-0.034171,0.192098,-0.975227,0.000000,225.784836
154872,0.016479,0.449696,-0.036827,-0.104484,-0.034143,0.192498,-0.975121,0.000000,226.152534
154875,0.016500,0.449690,-0.036806,-0.104659,-0.034138,0.192877,-0.975028,0.000000,226.515083
154879,0.016534,0.449687,-0.036786,-0.104741,-0.034143,0.193244,-0.974946,0.000000,226.883469
154883,0.016569,0.449677,-0.036774,-0.105046,-0.034122,0.193778,-0.974808,0.000000,227.254257
154886,0.016615,0.449678,-0.036757,-0.104934,-0.034656,0.194132,-0.974731,0.000000,227.572517
154890,0.016620,0.449672,-0.036773,-0.105278,-0.034100,0.194463,-0.974648,0.000000,227.974892
154893,0.016659,0.449674,-0.036759,-0.105169,-0.034630,0.194841,-0.974565,0.000000,228.329201
154897,0.016683,0.449671,-0.036754,-0.105376,-0.034677,0.195312,-0.974447,0.000000,228.708916
154900,0.016702,0.449667,-0.036746,-0.105523,-0.034707,0.195670,-0.974358,0.000000,229.050179
154904,0.016725,0.449659,-0.036733,-0.105790,-0.034622,0.196193,-0.974227,0.000000,229.409981
154907,0.016721,0.449651,-0.036735,-0.106187,-0.034105,0.196491,-0.974142,0.000000,229.759140
154911,0.016767,0.449649,-0.036709,-0.106066,-0.034645,0.196879,-0.974058,0.000000,230.080490
154915,0.016792,0.449645,-0.036695,-0.106356,-0.034626,0.197412,-0.973919,0.000000,230.459518
154918,0.016806,0.449642,-0.036691,-0.106443,-0.034663,0.197639,-0.973862,0.000000,230.781898
154922,0.016829,0.449641,-0.036690,-0.106558,-0.034650,0.197966,-0.973784,-0.000343,231.139297
154925,0.016841,0.449637,-0.036689,-0.106690,-0.034635,0.198150,-0.973732,0.000000,231.531029
154929,0.016870,0.449637,-0.036685,-0.106781,-0.034670,0.198562,-0.973637,0.000000,231.846199
154932,0.016888,0.449634,-0.036679,-0.106846,-0.034671,0.198729,-0.973596,0.000000,232.225914
154936,0.016912,0.449627,-0.036663,-0.107138,-0.034618,0.199170,-0.973475,0.000000,232.562370
154939,0.016927,0.449622,-0.036650,-0.107235,-0.034640,0.199433,-0.973410,-0.000343,232.901230
154943,0.016944,0.449616,-0.036631,-0.107373,-0.034687,0.199773,-0.973323,0.000000,233.196144
154946,0.016953,0.449612,-0.036622,-0.107486,-0.034665,0.200014,-0.973262,0.000000,233.572426
154950,0.016969,0.449606,-0.036614,-0.107726,-0.034668,0.200490,-0.973138,-0.000343,233.881416
154953,0.016983,0.449605,-0.036617,-0.107774,-0.034659,0.200675,-0.973095,0.000000,234.274521
154957,0.017004,0.449604,-0.036619,-0.108010,-0.034600,0.201137,-0.972975,-0.000343,234.611320
154961,0.017026,0.449601,-0.036620,-0.108126,-0.034671,0.201461,-0.972893,0.000000,234.960136
154964,0.017045,0.449602,-0.036617,-0.108225,-0.034691,0.201778,-0.972815,-0.000343,235.279083
154968,0.017070,0.449595,-0.036604,-0.108518,-0.034606,0.202180,-0.972702,0.000000,235.613480
154971,0.017094,0.449589,-0.036592,-0.108723,-0.034591,0.202531,-0.972607,0.000000,235.899811
154975,0.017125,0.449585,-0.036568,-0.108824,-0.034614,0.202937,-0.972510,0.000000,236.263733
154979,0.017158,0.449578,-0.036542,-0.109133,-0.034634,0.203485,-0.972360,0.000000,236.557274
154982,0.017181,0.449575,-0.036524,-0.109325,-0.034637,0.203883,-0.972255,-0.000343,236.928749
154986,0.017211,0.449569,-0.036506,-0.109608,-0.034610,0.204407,-0.972114,-0.000343,237.272415
154989,0.017237,0.449563,-0.036498,-0.109865,-0.034623,0.204939,-0.971973,-0.000343,237.565613
154992,0.017267,0.449556,-0.036493,-0.110139,-0.034605,0.205554,-0.971813,-0.000343,237.917519
154996,0.017315,0.449550,-0.036490,-0.110386,-0.034651,0.206285,-0.971628,-0.000343,238.192520
155000,0.017349,0.449546,-0.036494,-0.110660,-0.034578,0.207042,-0.971438,-0.000343,238.551292
155003,0.017386,0.449539,-0.036488,-0.110947,-0.034602,0.207709,-0.971262,-0.000343,238.872299
155007,0.017432,0.449531,-0.036472,-0.111212,-0.034583,0.208461,-0.971072,0.000000,239.195023
155010,0.017466,0.449522,-0.036456,-0.111540,-0.034580,0.209116,-0.970893,0.000000,239.468307
155014,0.017518,0.449512,-0.036420,-0.112015,-0.034591,0.209977,-0.970652,-0.000343,239.790001
155017,0.017556,0.449505,-0.036392,-0.112285,-0.034596,0.210577,-0.970491,0.000000,240.125084
155021,0.017609,0.449491,-0.036345,-0.112858,-0.034507,0.211506,-0.970226,-0.000343,240.411072
155024,0.017644,0.449478,-0.036312,-0.113182,-0.034530,0.212081,-0.970061,-0.000343,240.756454
155028,0.017671,0.449474,-0.036289,-0.113315,-0.034562,0.212562,-0.969940,-0.000343,241.082611
155032,0.017697,0.449462,-0.036268,-0.113645,-0.034517,0.213118,-0.969781,-0.000343,241.399155
155035,0.017709,0.449460,-0.036267,-0.113725,-0.034534,0.213367,-0.969716,0.000000,241.708145
155039,0.017729,0.449456,-0.036268,-0.113854,-0.034553,0.213752,-0.969615,-0.000343,241.985207
155042,0.017744,0.449452,-0.036274,-0.114028,-0.034521,0.214098,-0.969519,0.000000,242.314796
155046,0.017773,0.449446,-0.036279,-0.114218,-0.034595,0.214705,-0.969360,0.000000,242.571945
155049,0.017799,0.449445,-0.036283,-0.114325,-0.034584,0.215068,-0.969268,0.000000,242.888489
155053,0.017833,0.449439,-0.036281,-0.114597,-0.034505,0.215652,-0.969108,-0.000343,243.167610
155057,0.017863,0.449434,-0.036274,-0.114728,-0.034546,0.216059,-0.969001,0.000000,243.449821
155060,0.017880,0.449428,-0.036264,-0.114883,-0.034505,0.216365,-0.968916,-0.000343,243.791084
155064,0.017895,0.449422,-0.036246,-0.115187,-0.034444,0.216783,-0.968788,0.000000,244.102821
155067,0.017904,0.449418,-0.036234,-0.115276,-0.034484,0.217020,-0.968723,0.000000,244.401512
155071,0.017923,0.449413,-0.036220,-0.115377,-0.034431,0.217274,-0.968656,0.000000,244.685097
155074,0.017940,0.449410,-0.036211,-0.115540,-0.034438,0.217585,-0.968567,-0.000343,244.945679
155078,0.017968,0.449403,-0.036200,-0.115738,-0.034459,0.218028,-0.968443,-0.000343,245.246429
155081,0.017990,0.449400,-0.036191,-0.115902,-0.034449,0.218322,-0.968357,-0.000343,245.536537
155085,0.018010,0.449394,-0.036182,-0.116173,-0.034377,0.218770,-0.968226,-0.000343,245.772743
155088,0.018027,0.449390,-0.036176,-0.116351,-0.034387,0.219088,-0.968133,-0.000343,246.090317
155092,0.018046,0.449383,-0.036170,-0.116470,-0.034427,0.219432,-0.968039,-0.000343,246.358795
155095,0.018064,0.449380,-0.036164,-0.116626,-0.034414,0.219737,-0.967951,-0.000343,246.693535
155099,0.018091,0.449373,-0.036157,-0.116870,-0.034350,0.220186,-0.967822,-0.000343,246.970940
155103,0.018111,0.449371,-0.036155,-0.116924,-0.034368,0.220500,-0.967744,-0.000343,247.277184
155106,0.018131,0.449364,-0.036151,-0.117139,-0.034340,0.220852,-0.967638,-0.000343,247.536736
155110,0.018156,0.449360,-0.036145,-0.117293,-0.034347,0.221210,-0.967538,0.000000,247.780838
155113,0.018169,0.449358,-0.036142,-0.117412,-0.034359,0.221472,-0.967463,0.000000,248.030090
155117,0.018181,0.449351,-0.036137,-0.117608,-0.034305,0.221813,-0.967363,-0.000343,248.271790
155120,0.018191,0.449348,-0.036131,-0.117792,-0.034285,0.222135,-0.967267,-0.000343,248.575974
155124,0.018207,0.449346,-0.036125,-0.117796,-0.034310,0.222360,-0.967214,0.000000,248.861961
155127,0.018218,0.449339,-0.036120,-0.117950,-0.034273,0.222641,-0.967132,0.000000,249.143143
155131,0.018236,0.449334,-0.036113,-0.118066,-0.034287,0.222984,-0.967038,-0.000343,249.409561
155135,0.018254,0.449328,-0.036106,-0.118206,-0.034279,0.223239,-0.966963,-0.000343,249.685249
155138,0.018262,0.449324,-0.036103,-0.118304,-0.034243,0.223471,-0.966898,-0.000343,249.942398
155142,0.018283,0.449319,-0.036098,-0.118462,-0.034265,0.223859,-0.966788,0.000000,250.154572
155145,0.018301,0.449318,-0.036095,-0.118569,-0.034252,0.224024,-0.966738,-0.000343,250.397987
155149,0.018323,0.449313,-0.036090,-0.118803,-0.034170,0.224455,-0.966612,0.000000,250.665092
155152,0.018336,0.449309,-0.036085,-0.118898,-0.034178,0.224649,-0.966555,0.000000,250.929451
155156,0.018348,0.449305,-0.036077,-0.118993,-0.034222,0.224939,-0.966474,0.000000,251.208916
155160,0.018358,0.449299,-0.036068,-0.119234,-0.034162,0.225355,-0.966349,-0.000343,251.466751
155163,0.018369,0.449295,-0.036065,-0.119337,-0.034186,0.225557,-0.966289,-0.000343,251.693344
155167,0.018382,0.449295,-0.036063,-0.119427,-0.034168,0.225905,-0.966197,0.000000,251.965942
155170,0.018393,0.449289,-0.036059,-0.119565,-0.034177,0.226159,-0.966120,-0.000343,252.210388
155174,0.018407,0.449284,-0.036058,-0.119676,-0.034199,0.226520,-0.966021,-0.000343,252.457924
155177,0.018415,0.449282,-0.036058,-0.119773,-0.034220,0.226704,-0.965965,0.000000,252.687263
155181,0.018429,0.449278,-0.036058,-0.119987,-0.034124,0.227001,-0.965872,0.000000,252.884331
155184,0.018441,0.449277,-0.036060,-0.120069,-0.034150,0.227231,-0.965807,0.000000,253.145599
155188,0.018465,0.449275,-0.036055,-0.120078,-0.034214,0.227490,-0.965743,0.000000,253.388329
155192,0.018483,0.449270,-0.036048,-0.120281,-0.034131,0.227820,-0.965643,0.000000,253.640327
155195,0.018503,0.449264,-0.036036,-0.120392,-0.034170,0.228128,-0.965555,-0.000343,253.889236
155199,0.018523,0.449261,-0.036013,-0.120510,-0.034172,0.228380,-0.965480,0.000000,254.122696
155202,0.018540,0.449254,-0.035995,-0.120711,-0.034152,0.228746,-0.965369,-0.000343,254.324570
155206,0.018564,0.449245,-0.035970,-0.120835,-0.034235,0.229054,-0.965278,0.000000,254.551506
155209,0.018576,0.449240,-0.035956,-0.120948,-0.034229,0.229341,-0.965196,0.000000,254.775352
155213,0.018590,0.449236,-0.035947,-0.121168,-0.034173,0.229674,-0.965091,-0.000343,255.008469
155216,0.018600,0.449233,-0.035946,-0.121273,-0.034178,0.229979,-0.965005,0.000000,255.232315
155220,0.018611,0.449230,-0.035956,-0.121290,-0.034186,0.230173,-0.964956,0.000000,255.425606
155223,0.018625,0.449228,-0.035960,-0.121415,-0.034173,0.230488,-0.964866,0.000000,255.664902
155227,0.018645,0.449225,-0.035963,-0.121513,-0.034233,0.230738,-0.964792,0.000000,255.864029
155231,0.018663,0.449225,-0.035967,-0.121613,-0.034180,0.230921,-0.964737,0.000000,256.119804
155234,0.018675,0.449220,-0.035962,-0.121710,-0.034151,0.231134,-0.964675,0.000000,256.338158
155238,0.018696,0.449217,-0.035953,-0.121766,-0.034218,0.231408,-0.964600,0.000000,256.555138
155241,0.018709,0.449213,-0.035940,-0.121846,-0.034217,0.231514,-0.964564,-0.000343,256.772804
155245,0.018727,0.449207,-0.035923,-0.122088,-0.034144,0.231896,-0.964444,-0.000343,256.973305
155248,0.018737,0.449203,-0.035915,-0.122187,-0.034179,0.232060,-0.964391,0.000000,257.139130
155252,0.018750,0.449201,-0.035906,-0.122250,-0.034197,0.232250,-0.964337,0.000000,257.362976
155255,0.018751,0.449199,-0.035905,-0.122308,-0.034166,0.232398,-0.964295,-0.000343,257.540131
155259,0.018761,0.449196,-0.035905,-0.122451,-0.034211,0.232672,-0.964209,-0.000343,257.760544
155262,0.018766,0.449197,-0.035905,-0.122463,-0.034224,0.232802,-0.964176,0.000000,257.968254
155266,0.018772,0.449193,-0.035909,-0.122620,-0.034139,0.233053,-0.964098,0.000000,258.172531
155270,0.018788,0.449192,-0.035905,-0.122643,-0.034220,0.233288,-0.964036,0.000000,258.360329
155273,0.018799,0.449191,-0.035899,-0.122688,-0.034236,0.233381,-0.964007,-0.000343,258.556023
155276,0.018806,0.449188,-0.035895,-0.122768,-0.034191,0.233457,-0.963980,0.000000,258.772659
155280,0.018824,0.449182,-0.035878,-0.122989,-0.034196,0.233767,-0.963876,0.000000,258.954964
155284,0.018838,0.449181,-0.035869,-0.122981,-0.034214,0.233899,-0.963845,0.000000,259.115982
155287,0.018844,0.449176,-0.035868,-0.123092,-0.034214,0.234007,-0.963804,-0.000343,259.314766
155291,0.018858,0.449175,-0.035871,-0.123169,-0.034210,0.234264,-0.963732,0.000000,259.493980
155294,0.018862,0.449176,-0.035878,-0.123133,-0.034222,0.234291,-0.963730,-0.000343,259.662209
155298,0.018872,0.449175,-0.035886,-0.123283,-0.034140,0.234534,-0.963654,-0.000343,259.868546
155301,0.018875,0.449174,-0.035892,-0.123317,-0.034136,0.234641,-0.963624,0.000000,260.038834
155305,0.018885,0.449174,-0.035892,-0.123291,-0.034246,0.234786,-0.963588,-0.000343,260.218735
155309,0.018891,0.449169,-0.035887,-0.123427,-0.034180,0.234946,-0.963534,-0.000343,260.396576
155312,0.018899,0.449166,-0.035879,-0.123549,-0.034156,0.235124,-0.963476,-0.000343,260.574074
155316,0.018911,0.449164,-0.035863,-0.123495,-0.034200,0.235197,-0.963463,0.000000,260.743332
155319,0.018923,0.449161,-0.035849,-0.123666,-0.034173,0.235441,-0.963383,0.000000,260.895081
155323,0.018938,0.449155,-0.035830,-0.123685,-0.034226,0.235568,-0.963348,-0.000343,261.083565
155326,0.018954,0.449152,-0.035817,-0.123760,-0.034247,0.235728,-0.963298,0.000000,261.250763
155330,0.018964,0.449146,-0.035813,-0.123884,-0.034181,0.235868,-0.963250,-0.000343,261.412468
155333,0.018977,0.449146,-0.035811,-0.123973,-0.034191,0.236074,-0.963188,0.000000,261.553230
155337,0.018983,0.449146,-0.035821,-0.123895,-0.034252,0.236100,-0.963189,0.000000,261.737251
155341,0.018987,0.449143,-0.035834,-0.124000,-0.034186,0.236336,-0.963120,0.000000,261.866341
155344,0.018989,0.449144,-0.035842,-0.124045,-0.034200,0.236470,-0.963081,0.000000,262.012939
155347,0.018988,0.449142,-0.035850,-0.124061,-0.034224,0.236607,-0.963045,0.000000,262.184601
155351,0.018988,0.449140,-0.035856,-0.124132,-0.034184,0.236665,-0.963023,-0.000343,262.351112
155355,0.018994,0.449135,-0.035851,-0.124171,-0.034244,0.236822,-0.962977,0.000000,262.492561
155358,0.019002,0.449133,-0.035844,-0.124214,-0.034242,0.236938,-0.962943,-0.000343,262.658386
155362,0.019006,0.449129,-0.035827,-0.124370,-0.034189,0.237130,-0.962877,0.000000,262.778549
155365,0.019011,0.449124,-0.035812,-0.124480,-0.034175,0.237235,-0.962838,0.000000,262.935104
155369,0.019021,0.449123,-0.035797,-0.124432,-0.034244,0.237346,-0.962814,-0.000343,263.080673
155373,0.019041,0.449120,-0.035786,-0.124684,-0.034167,0.237656,-0.962708,-0.000343,263.216629
155376,0.019054,0.449116,-0.035784,-0.124642,-0.034204,0.237715,-0.962697,-0.000343,263.344688
155380,0.019067,0.449114,-0.035781,-0.124688,-0.034192,0.237893,-0.962648,0.000000,263.467598
155383,0.019071,0.449113,-0.035781,-0.124734,-0.034202,0.237967,-0.962623,-0.000343,263.630333
155387,0.019076,0.449111,-0.035780,-0.124785,-0.034207,0.238193,-0.962560,-0.000343,263.770752
155390,0.019079,0.449113,-0.035777,-0.124753,-0.034222,0.238203,-0.962562,-0.000343,263.902931
155394,0.019087,0.449107,-0.035770,-0.124981,-0.034143,0.238474,-0.962468,-0.000343,264.015884
155397,0.019097,0.449105,-0.035762,-0.124983,-0.034148,0.238520,-0.962456,0.000000,264.121628
155401,0.019106,0.449101,-0.035744,-0.125025,-0.034226,0.238640,-0.962418,0.000000,264.246941
155404,0.019107,0.449101,-0.035737,-0.125031,-0.034235,0.238721,-0.962397,-0.000343,264.370880
155408,0.019106,0.449094,-0.035730,-0.125167,-0.034201,0.238955,-0.962322,-0.000343,264.507866
155412,0.019109,0.449097,-0.035735,-0.125163,-0.034189,0.239001,-0.962312,-0.000343,264.626656
155415,0.019115,0.449095,-0.035740,-0.125218,-0.034184,0.239152,-0.962267,0.000000,264.741325
155419,0.019119,0.449095,-0.035749,-0.125246,-0.034214,0.239230,-0.962243,-0.000343,264.858398
155422,0.019122,0.449096,-0.035754,-0.125256,-0.034205,0.239318,-0.962220,-0.000343,264.978218
155426,0.019124,0.449091,-0.035754,-0.125419,-0.034133,0.239451,-0.962169,-0.000343,265.084991
155429,0.019133,0.449093,-0.035748,-0.125454,-0.034176,0.239597,-0.962126,0.000000,265.182152
155433,0.019144,0.449093,-0.035736,-0.125365,-0.034214,0.239619,-0.962131,0.000000,265.276909
155436,0.019152,0.449087,-0.035724,-0.125516,-0.034194,0.239767,-0.962075,0.000000,265.373039
155440,0.019158,0.449087,-0.035705,-0.125553,-0.034168,0.239890,-0.962040,0.000000,265.463333
155444,0.019160,0.449082,-0.035687,-0.125574,-0.034213,0.239899,-0.962034,-0.000343,265.576630
155447,0.019164,0.449079,-0.035680,-0.125711,-0.034187,0.240040,-0.961982,0.000000,265.668297
155451,0.019172,0.449082,-0.035678,-0.125656,-0.034242,0.240097,-0.961973,0.000000,265.789146
155454,0.019184,0.449079,-0.035680,-0.125707,-0.034275,0.240241,-0.961929,-0.000343,265.894890
155454,0.019184,0.449079,-0.035680,-0.125707,-0.034275,0.240241,-0.961929,0.000000,265.979691
155454,0.019184,0.449079,-0.035680,-0.125707,-0.034275,0.240241,-0.961929,0.000000,266.065521
155454,0.019184,0.449079,-0.035680,-0.125707,-0.034275,0.240241,-0.961929,0.000000,266.154099
155454,0.019184,0.449079,-0.035680,-0.125707,-0.034275,0.240241,-0.961929,0.000000,266.226883
155454,0.019184,0.449079,-0.035680,-0.125707,-0.034275,0.240241,-0.961929,-0.000343,266.300354
155454,0.019184,0.449079,-0.035680,-0.125707,-0.034275,0.240241,-0.961929,0.000000,266.381035
155454,0.019184,0.449079,-0.035680,-0.125707,-0.034275,0.240241,-0.961929,0.000000,266.456566
155454,0.019184,0.449079,-0.035680,-0.125707,-0.034275,0.240241,-0.961929,-0.000343,266.546860
155454,0.019184,0.449079,-0.035680,-0.125707,-0.034275,0.240241,-0.961929,0.000000,266.625481
155454,0.019184,0.449079,-0.035680,-0.125707,-0.034275,0.240241,-0.961929,0.000000,266.714745
155454,0.019184,0.449079,-0.035680,-0.125707,-0.034275,0.240241,-0.961929,0.000000,266.784096
155454,0.019184,0.449079,-0.035680,-0.125707,-0.034275,0.240241,-0.961929,0.000000,266.843834
155454,0.019184,0.449079,-0.035680,-0.125707,-0.034275,0.240241,-0.961929,0.000000,266.895676
155454,0.019184,0.449079,-0.035680,-0.125707,-0.034275,0.240241,-0.961929,0.000000,266.958504
155454,0.019184,0.449079,-0.035680,-0.125707,-0.034275,0.240241,-0.961929,0.000000,267.014465
155454,0.019184,0.449079,-0.035680,-0.125707,-0.034275,0.240241,-0.961929,-0.000343,267.084160
155454,0.019184,0.449079,-0.035680,-0.125707,-0.034275,0.240241,-0.961929,-0.000343,267.148361
155454,0.019184,0.449079,-0.035680,-0.125707,-0.034275,0.240241,-0.961929,-0.000343,267.220116
155454,0.019184,0.449079,-0.035680,-0.125707,-0.034275,0.240241,-0.961929,0.000000,267.287064
155454,0.019184,0.449079,-0.035680,-0.125707,-0.034275,0.240241,-0.961929,0.000000,267.334785
155454,0.019184,0.449079,-0.035680,-0.125707,-0.034275,0.240241,-0.961929,0.000000,267.373238
155454,0.019184,0.449079,-0.035680,-0.125707,-0.034275,0.240241,-0.961929,-0.000343,267.409630
155454,0.019184,0.449079,-0.035680,-0.125707,-0.034275,0.240241,-0.961929,0.000000,267.440186
155454,0.019184,0.449079,-0.035680,-0.125707,-0.034275,0.240241,-0.961929,0.000000,267.477608
155454,0.019184,0.449079,-0.035680,-0.125707,-0.034275,0.240241,-0.961929,0.000000,267.520180
155454,0.019184,0.449079,-0.035680,-0.125707,-0.034275,0.240241,-0.961929,-0.000343,267.578201
155454,0.019184,0.449079,-0.035680,-0.125707,-0.034275,0.240241,-0.961929,0.000000,267.618713
155454,0.019184,0.449079,-0.035680,-0.125707,-0.034275,0.240241,-0.961929,0.000000,267.673988
155454,0.019184,0.449079,-0.035680,-0.125707,-0.034275,0.240241,-0.961929,-0.000343,267.711754
155561,0.019317,0.449032,-0.035605,-0.126955,-0.034171,0.242772,-0.961133,0.000000,267.737503
155564,0.019320,0.449033,-0.035609,-0.127027,-0.034124,0.242944,-0.961082,0.000000,267.759132
155568,0.019320,0.449033,-0.035618,-0.127008,-0.034189,0.242931,-0.961085,0.000000,267.773209
155571,0.019323,0.449031,-0.035626,-0.127053,-0.034199,0.243021,-0.961056,-0.000343,267.790031
155575,0.019327,0.449034,-0.035635,-0.127060,-0.034134,0.243074,-0.961044,-0.000343,267.806511
155578,0.019331,0.449033,-0.035636,-0.127128,-0.034115,0.243185,-0.961008,0.000000,267.832603
155582,0.019340,0.449031,-0.035633,-0.127049,-0.034179,0.243084,-0.961041,0.000000,267.863503
155586,0.019348,0.449028,-0.035622,-0.127208,-0.034096,0.243262,-0.960978,0.000000,267.889595
155589,0.019351,0.449026,-0.035614,-0.127150,-0.034161,0.243276,-0.960980,0.000000,267.913628
155593,0.019350,0.449022,-0.035602,-0.127204,-0.034192,0.243273,-0.960973,0.000000,267.928047
155596,0.019347,0.449023,-0.035600,-0.127231,-0.034160,0.243326,-0.960957,0.000000,267.938690
155600,0.019345,0.449020,-0.035601,-0.127229,-0.034167,0.243392,-0.960940,0.000000,267.943497
155603,0.019344,0.449024,-0.035607,-0.127197,-0.034208,0.243380,-0.960946,0.000000,267.944870
155607,0.019349,0.449025,-0.035618,-0.127315,-0.034145,0.243552,-0.960889,0.000000,267.945213
155610,0.019351,0.449023,-0.035626,-0.127273,-0.034136,0.243528,-0.960901,0.000000,267.945557
155614,0.019358,0.449025,-0.035630,-0.127215,-0.034187,0.243533,-0.960905,0.000000,267.945557
155617,0.019358,0.449023,-0.035627,-0.127239,-0.034189,0.243540,-0.960900,0.000000,268.081169
155621,0.019362,0.449020,-0.035617,-0.127375,-0.034120,0.243646,-0.960858,0.000000,268.863945
155625,0.019378,0.449019,-0.035612,-0.127340,-0.034142,0.243834,-0.960814,-0.000343,270.418854
155628,0.019406,0.449008,-0.035593,-0.127565,-0.034167,0.244326,-0.960659,0.000000,271.408997
155632,0.019482,0.448988,-0.035553,-0.128078,-0.034130,0.245442,-0.960307,0.000000,269.343567
155635,0.019493,0.448980,-0.035540,-0.128214,-0.034133,0.245642,-0.960238,0.000000,264.456367
155639,0.019475,0.448964,-0.035496,-0.128639,-0.034012,0.245712,-0.960167,0.000000,258.788109
155642,0.019466,0.448958,-0.035492,-0.128723,-0.033981,0.245732,-0.960152,0.000000,251.856766
155646,0.019430,0.448973,-0.035520,-0.128385,-0.034113,0.245299,-0.960303,0.000000,246.191597
155649,0.019390,0.448971,-0.035520,-0.128326,-0.034129,0.244797,-0.960439,0.000000,239.283600
155653,0.019355,0.448988,-0.035553,-0.127996,-0.034184,0.244215,-0.960629,0.000000,232.997704
155657,0.019344,0.448997,-0.035567,-0.127803,-0.034163,0.243909,-0.960733,0.000000,226.703911
155660,0.019342,0.448994,-0.035563,-0.127862,-0.034108,0.243842,-0.960744,-0.000343,220.422134
155664,0.019333,0.449006,-0.035577,-0.127589,-0.034234,0.243465,-0.960871,0.000000,214.797134
155667,0.019324,0.449007,-0.035570,-0.127492,-0.034203,0.243116,-0.960974,0.000000,209.128876
155671,0.019292,0.449022,-0.035582,-0.127159,-0.034263,0.242466,-0.961180,0.000000,206.047554
155674,0.019267,0.449027,-0.035587,-0.126983,-0.034256,0.242124,-0.961290,0.000000,204.960594
155678,0.019248,0.449033,-0.035583,-0.126823,-0.034267,0.241812,-0.961389,0.000000,204.872017
155681,0.019242,0.449035,-0.035589,-0.126808,-0.034227,0.241742,-0.961410,-0.000343,204.821892
155685,0.019246,0.449035,-0.035587,-0.126801,-0.034247,0.241675,-0.961427,0.000000,203.458900
155688,0.019243,0.449041,-0.035598,-0.126570,-0.034308,0.241425,-0.961518,0.000000,200.224457
155692,0.019185,0.449064,-0.035636,-0.125872,-0.034402,0.240035,-0.961954,0.000000,195.790100
155696,0.019080,0.449096,-0.035691,-0.124856,-0.034491,0.238067,-0.962572,0.000000,190.039444
155699,0.018974,0.449130,-0.035737,-0.124014,-0.034558,0.236181,-0.963143,0.000000,184.108543
155703,0.018800,0.449172,-0.035799,-0.122795,-0.034526,0.233298,-0.964003,0.000000,180.298691
155706,0.018671,0.449196,-0.035849,-0.121862,-0.034563,0.231333,-0.964593,0.000000,178.945999
155710,0.018584,0.449210,-0.035883,-0.121355,-0.034566,0.230045,-0.964965,0.000000,180.084801
155713,0.018577,0.449217,-0.035895,-0.121221,-0.034532,0.229821,-0.965037,0.000000,182.807007
155717,0.018561,0.449217,-0.035909,-0.121285,-0.034473,0.229662,-0.965068,0.000000,186.725693
155720,0.018572,0.449220,-0.035915,-0.121216,-0.034496,0.229590,-0.965093,0.000000,189.320869
155724,0.018569,0.449220,-0.035918,-0.121268,-0.034420,0.229668,-0.965071,0.000000,190.063477
155727,0.018565,0.449218,-0.035913,-0.121291,-0.034432,0.229659,-0.965070,0.000000,189.015312
155731,0.018556,0.449219,-0.035897,-0.121205,-0.034442,0.229613,-0.965091,0.000000,186.256714
155735,0.018558,0.449213,-0.035886,-0.121355,-0.034448,0.229703,-0.965051,0.000000,183.661880
155738,0.018568,0.449216,-0.035882,-0.121297,-0.034480,0.229665,-0.965066,0.000000,181.285057
155742,0.018570,0.449217,-0.035877,-0.121208,-0.034521,0.229493,-0.965117,0.000000,180.563393
155745,0.018578,0.449218,-0.035881,-0.121152,-0.034493,0.229440,-0.965137,0.000000,181.175537
155749,0.018574,0.449219,-0.035883,-0.121174,-0.034468,0.229446,-0.965134,0.000000,182.608910
155752,0.018564,0.449222,-0.035892,-0.121074,-0.034532,0.229323,-0.965173,0.000000,184.643440
155756,0.018551,0.449220,-0.035900,-0.121180,-0.034452,0.229348,-0.965157,0.000000,185.844040
155760,0.018538,0.449222,-0.035911,-0.121114,-0.034476,0.229204,-0.965198,0.000000,186.169853
155763,0.018541,0.449222,-0.035914,-0.121100,-0.034478,0.229246,-0.965190,0.000000,185.341415
155767,0.018545,0.449224,-0.035917,-0.121153,-0.034423,0.229267,-0.965181,0.000000,183.803673
155770,0.018548,0.449220,-0.035911,-0.121194,-0.034428,0.229273,-0.965174,0.000000,182.133408
155774,0.018563,0.449223,-0.035908,-0.121028,-0.034483,0.229197,-0.965211,0.000000,180.995979
155777,0.018561,0.449223,-0.035900,-0.121117,-0.034431,0.229215,-0.965197,0.000000,180.413361
155781,0.018553,0.449222,-0.035894,-0.121045,-0.034496,0.229160,-0.965217,0.000000,180.590858
155784,0.018546,0.449224,-0.035893,-0.121052,-0.034478,0.229156,-0.965218,0.000000,181.333809
155788,0.018529,0.449222,-0.035899,-0.121047,-0.034475,0.229040,-0.965246,0.000000,182.219582
155791,0.018528,0.449223,-0.035904,-0.121105,-0.034425,0.229075,-0.965232,0.000000,182.805290
155795,0.018532,0.449225,-0.035913,-0.120973,-0.034482,0.228932,-0.965281,0.000000,182.845116
155799,0.018539,0.449227,-0.035923,-0.120975,-0.034441,0.229015,-0.965262,0.000343,182.345924
155802,0.018544,0.449225,-0.035924,-0.121022,-0.034426,0.229008,-0.965259,0.000000,181.432686
155806,0.018545,0.449227,-0.035921,-0.120915,-0.034502,0.228932,-0.965287,0.000000,180.484772
155809,0.018541,0.449226,-0.035916,-0.120947,-0.034490,0.228944,-0.965281,0.000000,179.552994
155813,0.018532,0.449225,-0.035905,-0.120926,-0.034483,0.228825,-0.965312,0.000000,179.008141
155816,0.018522,0.449228,-0.035902,-0.120873,-0.034517,0.228708,-0.965345,0.000000,178.942566
155820,0.018521,0.449229,-0.035900,-0.120880,-0.034497,0.228618,-0.965366,0.000000,179.142036
155824,0.018521,0.449232,-0.035904,-0.120827,-0.034501,0.228611,-0.965374,0.000343,179.475746
155827,0.018520,0.449234,-0.035912,-0.120736,-0.034530,0.228513,-0.965408,0.000000,179.682083
155830,0.018516,0.449234,-0.035917,-0.120735,-0.034520,0.228487,-0.965415,0.000343,179.683456
155834,0.018506,0.449235,-0.035929,-0.120789,-0.034468,0.228480,-0.965411,0.000000,179.370346
155838,0.018504,0.449234,-0.035931,-0.120777,-0.034493,0.228458,-0.965417,0.000000,178.763695
155841,0.018503,0.449235,-0.035935,-0.120712,-0.034500,0.228376,-0.965444,0.000343,178.094215
155845,0.018511,0.449238,-0.035934,-0.120714,-0.034501,0.228413,-0.965435,0.000000,177.304230
155848,0.018503,0.449242,-0.035933,-0.120544,-0.034527,0.228065,-0.965538,0.000000,176.798515
155852,0.018492,0.449244,-0.035936,-0.120485,-0.034438,0.227837,-0.965602,0.000000,176.555099
155855,0.018481,0.449247,-0.035926,-0.120410,-0.034489,0.227673,-0.965649,0.000343,176.491241
155859,0.018466,0.449248,-0.035926,-0.120326,-0.034540,0.227488,-0.965701,0.000000,176.492271
155862,0.018456,0.449249,-0.035927,-0.120256,-0.034524,0.227332,-0.965747,0.000343,176.492615
155866,0.018447,0.449249,-0.035933,-0.120350,-0.034484,0.227351,-0.965732,0.000343,176.408157
155870,0.018441,0.449253,-0.035944,-0.120196,-0.034502,0.227196,-0.965787,0.000343,176.097450
155873,0.018445,0.449253,-0.035950,-0.120239,-0.034475,0.227162,-0.965791,0.000343,175.665550
155877,0.018437,0.449260,-0.035962,-0.120056,-0.034495,0.226945,-0.965864,0.000000,175.060959
155880,0.018421,0.449263,-0.035966,-0.119923,-0.034528,0.226629,-0.965953,0.000000,174.410019
155884,0.018387,0.449269,-0.035978,-0.119748,-0.034532,0.226107,-0.966097,0.000000,173.918037
155887,0.018362,0.449274,-0.035986,-0.119631,-0.034491,0.225719,-0.966204,0.000000,173.589134
155891,0.018334,0.449281,-0.035993,-0.119306,-0.034532,0.225162,-0.966372,0.000000,173.404770
155894,0.018320,0.449284,-0.036001,-0.119204,-0.034552,0.224926,-0.966439,0.000000,173.268127
155898,0.018308,0.449288,-0.036010,-0.119132,-0.034519,0.224661,-0.966511,0.000000,173.128052
155902,0.018298,0.449293,-0.036021,-0.118906,-0.034544,0.224321,-0.966617,0.000000,172.863007
155905,0.018288,0.449295,-0.036030,-0.118869,-0.034504,0.224153,-0.966662,0.000000,172.535133
155908,0.018278,0.449298,-0.036035,-0.118790,-0.034520,0.223993,-0.966708,0.000343,172.044868
155912,0.018250,0.449304,-0.036042,-0.118479,-0.034596,0.223449,-0.966869,0.000343,171.570053
155916,0.018204,0.449314,-0.036053,-0.118229,-0.034604,0.222792,-0.967052,0.000343,170.985374
155919,0.018172,0.449320,-0.036060,-0.118029,-0.034582,0.222317,-0.967186,0.000000,170.524635
155923,0.018132,0.449332,-0.036070,-0.117612,-0.034668,0.221649,-0.967387,0.000000,170.205688
155926,0.018105,0.449339,-0.036084,-0.117447,-0.034643,0.221204,-0.967510,0.000000,169.880562
155930,0.018087,0.449344,-0.036095,-0.117332,-0.034698,0.220818,-0.967610,0.000343,169.634056
155933,0.018071,0.449347,-0.036108,-0.117172,-0.034718,0.220536,-0.967693,0.000000,169.361115
155937,0.018052,0.449353,-0.036124,-0.117006,-0.034698,0.220142,-0.967803,0.000343,169.012642
155941,0.018030,0.449359,-0.036136,-0.116826,-0.034741,0.219860,-0.967888,0.000000,168.637390
155944,0.018011,0.449365,-0.036146,-0.116594,-0.034754,0.219452,-0.968008,0.000000,168.108330
155948,0.017983,0.449372,-0.036157,-0.116442,-0.034692,0.219007,-0.968129,0.000343,167.605019
155951,0.017961,0.449378,-0.036167,-0.116193,-0.034750,0.218585,-0.968252,0.000343,167.131233
155955,0.017934,0.449383,-0.036174,-0.115907,-0.034816,0.218030,-0.968409,0.000000,166.690407
155958,0.017912,0.449387,-0.036179,-0.115719,-0.034799,0.217662,-0.968515,0.000343,166.337814
155962,0.017887,0.449392,-0.036181,-0.115644,-0.034789,0.217320,-0.968601,0.000000,165.941963
155965,0.017866,0.449396,-0.036186,-0.115459,-0.034809,0.216939,-0.968708,0.000343,165.614777
155969,0.017841,0.449403,-0.036196,-0.115270,-0.034808,0.216617,-0.968803,0.000343,165.195580
155973,0.017824,0.449406,-0.036204,-0.115084,-0.034830,0.216222,-0.968912,0.000343,164.769173
155976,0.017809,0.449411,-0.036214,-0.114884,-0.034865,0.215891,-0.969008,0.000343,164.325600
155980,0.017786,0.449417,-0.036228,-0.114743,-0.034838,0.215404,-0.969135,0.000000,163.848038
155983,0.017765,0.449423,-0.036238,-0.114560,-0.034851,0.215047,-0.969235,0.000343,163.338890
155987,0.017733,0.449435,-0.036254,-0.114237,-0.034878,0.214400,-0.969415,0.000000,162.902184
155990,0.017713,0.449437,-0.036262,-0.114136,-0.034877,0.214020,-0.969511,0.000343,162.446251
155994,0.017688,0.449443,-0.036274,-0.113932,-0.034896,0.213635,-0.969620,0.000000,161.968346
155997,0.017666,0.449449,-0.036282,-0.113713,-0.034940,0.213260,-0.969726,0.000000,161.542969
156001,0.017635,0.449454,-0.036294,-0.113501,-0.034914,0.212751,-0.969864,0.000000,161.102486
156004,0.017621,0.449459,-0.036298,-0.113406,-0.034876,0.212487,-0.969934,0.000343,160.667839
156008,0.017600,0.449464,-0.036306,-0.113191,-0.034955,0.212006,-0.970062,0.000343,160.221863
156012,0.017577,0.449469,-0.036319,-0.113035,-0.034903,0.211573,-0.970176,0.000000,159.767647
156015,0.017560,0.449475,-0.036325,-0.112873,-0.034915,0.211245,-0.970266,0.000000,159.248886
156019,0.017531,0.449484,-0.036341,-0.112459,-0.034970,0.210632,-0.970445,0.000343,158.711929
156022,0.017504,0.449486,-0.036352,-0.112312,-0.034909,0.210202,-0.970558,0.000000,158.217888
156026,0.017479,0.449490,-0.036361,-0.112075,-0.034989,0.209719,-0.970687,0.000343,157.690201
156029,0.017458,0.449496,-0.036371,-0.111869,-0.035014,0.209288,-0.970803,0.000343,157.232552
156033,0.017414,0.449503,-0.036386,-0.111529,-0.034991,0.208547,-0.971002,0.000000,156.724777
156036,0.017387,0.449507,-0.036395,-0.111357,-0.034998,0.208114,-0.971115,0.000343,156.307983
156040,0.017351,0.449515,-0.036409,-0.111056,-0.035043,0.207481,-0.971283,0.000000,155.771027
156044,0.017315,0.449523,-0.036426,-0.110890,-0.034975,0.206966,-0.971414,0.000343,155.268745
156047,0.017291,0.449528,-0.036437,-0.110690,-0.035032,0.206541,-0.971525,0.000343,154.743462
156051,0.017251,0.449535,-0.036457,-0.110386,-0.035032,0.205797,-0.971718,0.000000,154.225044
156054,0.017223,0.449540,-0.036471,-0.110164,-0.035033,0.205339,-0.971840,0.000343,153.761902
156058,0.017188,0.449549,-0.036486,-0.109968,-0.035010,0.204727,-0.971992,0.000000,153.208809
156061,0.017154,0.449555,-0.036502,-0.109639,-0.035040,0.204069,-0.972166,0.000000,152.616920
156065,0.017104,0.449561,-0.036522,-0.109221,-0.034987,0.203250,-0.972387,0.000343,152.058334
156069,0.017060,0.449570,-0.036541,-0.108835,-0.035012,0.202464,-0.972593,0.000343,151.521034
156072,0.017030,0.449576,-0.036553,-0.108549,-0.035018,0.201939,-0.972734,0.000000,150.997467
156075,0.017002,0.449579,-0.036565,-0.108345,-0.035033,0.201445,-0.972859,0.000000,150.481453
156079,0.016960,0.449583,-0.036584,-0.108059,-0.034996,0.200790,-0.973027,0.000343,150.000458
156083,0.016915,0.449593,-0.036605,-0.107627,-0.035030,0.199896,-0.973258,0.000000,149.425392
156086,0.016883,0.449602,-0.036619,-0.107386,-0.034999,0.199308,-0.973406,0.000343,148.884659
156090,0.016836,0.449608,-0.036633,-0.107073,-0.035030,0.198592,-0.973586,0.000000,148.309250
156093,0.016802,0.449616,-0.036645,-0.106766,-0.035086,0.197984,-0.973741,0.000343,147.714272
156097,0.016744,0.449632,-0.036666,-0.106372,-0.034990,0.196957,-0.973996,0.000343,147.134743
156100,0.016708,0.449637,-0.036678,-0.106093,-0.035018,0.196294,-0.974159,0.000343,146.578560
156104,0.016653,0.449644,-0.036697,-0.105645,-0.035059,0.195230,-0.974421,0.000000,146.025810
156107,0.016606,0.449656,-0.036713,-0.105254,-0.035079,0.194402,-0.974628,0.000343,145.504303
156111,0.016548,0.449665,-0.036736,-0.104815,-0.035083,0.193380,-0.974878,0.000343,144.867096
156114,0.016497,0.449677,-0.036757,-0.104464,-0.035148,0.192613,-0.975065,0.000000,144.286537
156118,0.016404,0.449682,-0.036808,-0.104194,-0.034545,0.191491,-0.975337,0.000343,143.786316
156122,0.016356,0.449689,-0.036833,-0.103825,-0.034586,0.190643,-0.975541,0.000343,143.232536
156125,0.016317,0.449699,-0.036856,-0.103462,-0.034597,0.189950,-0.975714,0.000343,142.676697
156129,0.016256,0.449705,-0.036882,-0.103043,-0.034535,0.188943,-0.975956,0.000343,142.168579
156132,0.016214,0.449709,-0.036902,-0.102761,-0.034483,0.188353,-0.976102,0.000000,141.876411
156136,0.016172,0.449717,-0.036914,-0.102363,-0.034539,0.187614,-0.976284,0.000000,141.766548
156139,0.016150,0.449718,-0.036920,-0.102227,-0.034521,0.187251,-0.976368,0.000000,141.739082
156143,0.016131,0.449720,-0.036919,-0.102156,-0.034516,0.187035,-0.976417,0.000343,141.712303
156146,0.016120,0.449721,-0.036918,-0.102074,-0.034517,0.186862,-0.976459,0.000343,141.572227
156150,0.016112,0.449723,-0.036919,-0.101935,-0.034509,0.186575,-0.976529,0.000000,141.299286
156153,0.016103,0.449722,-0.036922,-0.101949,-0.034472,0.186423,-0.976558,0.000343,140.890045
156157,0.016088,0.449730,-0.036935,-0.101681,-0.034522,0.185994,-0.976666,0.000000,140.419693
156161,0.016060,0.449733,-0.036951,-0.101471,-0.034460,0.185497,-0.976784,0.000000,139.966850
156164,0.016076,0.449971,-0.036764,-0.101836,-0.036345,0.187196,-0.976354,0.000000,139.646873
156168,0.016002,0.449745,-0.036977,-0.101007,-0.034496,0.184556,-0.977009,0.000343,139.344063
156171,0.015978,0.449749,-0.036990,-0.100821,-0.034485,0.184116,-0.977112,0.000000,139.164162
156175,0.015949,0.449746,-0.037000,-0.100777,-0.034476,0.183756,-0.977184,0.000343,139.030266
156178,0.015936,0.449750,-0.037007,-0.100597,-0.034492,0.183446,-0.977261,0.000343,138.889847
156182,0.015916,0.449756,-0.037016,-0.100457,-0.034472,0.183100,-0.977341,0.000000,138.648834
156186,0.015901,0.449762,-0.037021,-0.100300,-0.034483,0.182830,-0.977407,0.000000,138.386192
156189,0.015885,0.449763,-0.037026,-0.100177,-0.034489,0.182512,-0.977479,0.000000,137.975235
156193,0.015858,0.449766,-0.037035,-0.100041,-0.034470,0.182028,-0.977583,0.000000,137.583160
156196,0.015837,0.449771,-0.037041,-0.099864,-0.034485,0.181682,-0.977666,0.000000,137.204819
156200,0.015798,0.449777,-0.037053,-0.099570,-0.034540,0.181012,-0.977818,0.000000,136.857033
156203,0.015773,0.449781,-0.037066,-0.099338,-0.034518,0.180513,-0.977934,0.000343,136.599197
156207,0.015748,0.449782,-0.037077,-0.099181,-0.034504,0.180149,-0.978018,0.000343,136.336555
156211,0.015724,0.449791,-0.037093,-0.098889,-0.034504,0.179687,-0.978132,0.000343,136.131592
156214,0.015701,0.449795,-0.037106,-0.098783,-0.034469,0.179380,-0.978201,0.000000,135.922508
156218,0.015679,0.449795,-0.037118,-0.098622,-0.034548,0.178963,-0.978291,0.000343,135.654030
156221,0.015656,0.449800,-0.037124,-0.098414,-0.034553,0.178635,-0.978371,0.000000,135.357399
156225,0.015650,0.449806,-0.037118,-0.097964,-0.035166,0.178086,-0.978495,0.000000,134.947815
156228,0.015627,0.449808,-0.037126,-0.097815,-0.035163,0.177751,-0.978571,0.000343,134.569130
156232,0.015599,0.449817,-0.037136,-0.097452,-0.035214,0.177188,-0.978707,0.000000,134.215851
156235,0.015584,0.449820,-0.037146,-0.097307,-0.035167,0.176864,-0.978782,0.000343,133.908920
156239,0.015560,0.449824,-0.037154,-0.097187,-0.035236,0.176500,-0.978857,0.000000,133.662071
156242,0.015541,0.449827,-0.037165,-0.097047,-0.035244,0.176241,-0.978917,0.000000,133.389473
156246,0.015518,0.449829,-0.037173,-0.096878,-0.035214,0.175771,-0.979020,0.000343,133.121338
156249,0.015503,0.449831,-0.037179,-0.096820,-0.035216,0.175559,-0.979063,0.000343,132.838097
156253,0.015487,0.449837,-0.037190,-0.096582,-0.035262,0.175170,-0.979155,0.000000,132.521896
156256,0.015476,0.449837,-0.037194,-0.096506,-0.035260,0.174896,-0.979211,0.000000,132.229042
156260,0.015452,0.449840,-0.037203,-0.096311,-0.035207,0.174463,-0.979310,0.000000,131.841774
156264,0.015423,0.449846,-0.037209,-0.096014,-0.035255,0.173944,-0.979429,0.000000,131.538277
156267,0.015402,0.449852,-0.037217,-0.095865,-0.035190,0.173492,-0.979527,0.000343,131.145859
156271,0.015369,0.449853,-0.037225,-0.095783,-0.035194,0.173114,-0.979601,0.000000,130.821762
156274,0.015347,0.449857,-0.037233,-0.095541,-0.035239,0.172674,-0.979701,0.000343,130.503845
156278,0.015316,0.449859,-0.037250,-0.095314,-0.035186,0.172175,-0.979813,0.000343,130.273819
156281,0.015292,0.449860,-0.037263,-0.095162,-0.035200,0.171824,-0.979888,0.000343,129.975128
156285,0.015272,0.449864,-0.037281,-0.094861,-0.035240,0.171413,-0.979988,0.000343,129.670601
156288,0.015251,0.449868,-0.037292,-0.094643,-0.035231,0.170983,-0.980085,0.000000,129.316292
156292,0.015222,0.449869,-0.037306,-0.094462,-0.035168,0.170446,-0.980198,0.000000,128.939323
156296,0.015189,0.449876,-0.037314,-0.094141,-0.035188,0.169774,-0.980345,0.000000,128.575745
156299,0.015157,0.449875,-0.037325,-0.093898,-0.035147,0.169223,-0.980465,0.000343,128.227272
156303,0.015119,0.449875,-0.037333,-0.093697,-0.035133,0.168658,-0.980582,0.000343,127.929955
156306,0.015090,0.449879,-0.037340,-0.093512,-0.035142,0.168198,-0.980678,0.000343,127.602081
156310,0.015056,0.449885,-0.037353,-0.093239,-0.035121,0.167671,-0.980795,0.000000,127.315063
156313,0.015030,0.449887,-0.037362,-0.093119,-0.035081,0.167298,-0.980872,0.000000,127.033882
156317,0.015002,0.449895,-0.037377,-0.092873,-0.035166,0.166842,-0.980970,0.000343,126.718712
156320,0.014973,0.449896,-0.037391,-0.092749,-0.035132,0.166395,-0.981059,0.000000,126.401138
156324,0.014937,0.449900,-0.037413,-0.092597,-0.035107,0.165897,-0.981158,0.000343,125.989151
156328,0.014898,0.449907,-0.037431,-0.092231,-0.035149,0.165164,-0.981315,0.000343,125.648575
156331,0.014878,0.449909,-0.037442,-0.092024,-0.035171,0.164709,-0.981410,0.000000,125.244484
156335,0.014839,0.449914,-0.037458,-0.091744,-0.035171,0.164001,-0.981555,0.000343,124.896698
156338,0.014818,0.449918,-0.037465,-0.091529,-0.035196,0.163551,-0.981649,0.000000,124.588051
156342,0.014784,0.449920,-0.037476,-0.091325,-0.035121,0.162959,-0.981769,0.000343,124.285240
156345,0.014766,0.449918,-0.037481,-0.091261,-0.035083,0.162726,-0.981815,0.000000,123.961143
156349,0.014744,0.449921,-0.037490,-0.091006,-0.035181,0.162301,-0.981906,0.000000,123.658676
156352,0.014727,0.449923,-0.037494,-0.090892,-0.035192,0.162027,-0.981961,0.000343,123.317413
156356,0.014706,0.449927,-0.037504,-0.090753,-0.035142,0.161702,-0.982029,0.000000,122.925682
156359,0.014688,0.449928,-0.037512,-0.090599,-0.035180,0.161437,-0.982086,0.000343,122.558670
156363,0.014657,0.449935,-0.037530,-0.090320,-0.035159,0.160897,-0.982201,0.000000,122.204018
156367,0.014633,0.449936,-0.037537,-0.090197,-0.035174,0.160474,-0.982281,0.000343,121.850739
156370,0.014611,0.449937,-0.037547,-0.089981,-0.035222,0.160137,-0.982354,0.000343,121.502609
156374,0.014584,0.449938,-0.037557,-0.089833,-0.035132,0.159638,-0.982452,0.000343,121.152763
156377,0.014571,0.449941,-0.037563,-0.089694,-0.035179,0.159412,-0.982499,0.000343,120.857162
156381,0.014551,0.449944,-0.037573,-0.089406,-0.035188,0.158981,-0.982595,0.000343,120.480537
156385,0.014536,0.449945,-0.037581,-0.089308,-0.035163,0.158691,-0.982652,0.000000,120.136871
156388,0.014519,0.449950,-0.037589,-0.089112,-0.035186,0.158363,-0.982722,0.000000,119.811745
156391,0.014500,0.449951,-0.037598,-0.088940,-0.035181,0.158006,-0.982795,0.000000,119.412117
156395,0.014469,0.449953,-0.037609,-0.088689,-0.035196,0.157474,-0.982903,0.000343,119.045105
156399,0.014436,0.449955,-0.037619,-0.088466,-0.035240,0.157114,-0.982979,0.000000,118.689423
156402,0.014412,0.449956,-0.037630,-0.088257,-0.035232,0.156699,-0.983064,0.000000,118.329277
156406,0.014378,0.449961,-0.037645,-0.088041,-0.035176,0.156197,-0.983165,0.000000,117.972565
156409,0.014355,0.449960,-0.037655,-0.087870,-0.035174,0.155806,-0.983243,0.000000,117.654991
156413,0.014332,0.449966,-0.037663,-0.087559,-0.035256,0.155319,-0.983344,0.000000,117.268410
156416,0.014305,0.449969,-0.037674,-0.087346,-0.035238,0.154855,-0.983437,0.000000,116.917534
156420,0.014277,0.449967,-0.037684,-0.087230,-0.035225,0.154355,-0.983527,0.000000,116.602020
156423,0.014259,0.449971,-0.037691,-0.086988,-0.035251,0.153942,-0.983612,0.000000,116.195526
156427,0.014230,0.449978,-0.037704,-0.086723,-0.035219,0.153352,-0.983729,0.000000,115.864220
156430,0.014207,0.449981,-0.037713,-0.086563,-0.035218,0.152867,-0.983818,0.000000,115.442619
156434,0.014152,0.449989,-0.037735,-0.086170,-0.035274,0.152043,-0.983978,0.000000,115.080757
156438,0.014113,0.449994,-0.037752,-0.085905,-0.035228,0.151309,-0.984116,0.000000,114.721298
156441,0.014086,0.449997,-0.037761,-0.085792,-0.035223,0.150940,-0.984183,0.000000,114.364586
156445,0.014059,0.450004,-0.037776,-0.085403,-0.035323,0.150395,-0.984297,0.000000,114.033966
156448,0.014040,0.450003,-0.037785,-0.085256,-0.035308,0.150060,-0.984361,0.000000,113.620262
156452,0.014014,0.450003,-0.037798,-0.085060,-0.035312,0.149677,-0.984436,0.000000,113.255653
156455,0.013996,0.450004,-0.037804,-0.084935,-0.035303,0.149354,-0.984496,0.000000,112.888985
156459,0.013975,0.450007,-0.037811,-0.084674,-0.035290,0.148860,-0.984594,0.000000,112.513390
156463,0.013948,0.450006,-0.037820,-0.084434,-0.035315,0.148314,-0.984696,0.000000,112.144318
156466,0.013924,0.450008,-0.037831,-0.084180,-0.035332,0.147844,-0.984788,0.000000,111.798935
156469,0.013900,0.450012,-0.037847,-0.083930,-0.035327,0.147386,-0.984878,0.000000,111.383171
156473,0.013876,0.450014,-0.037858,-0.083774,-0.035277,0.146829,-0.984977,0.000000,111.014786
156477,0.013844,0.450019,-0.037877,-0.083371,-0.035335,0.146225,-0.985099,0.000000,110.687256
156480,0.013815,0.450019,-0.037885,-0.083177,-0.035274,0.145730,-0.985190,0.000000,110.290031
156484,0.013789,0.450021,-0.037897,-0.083072,-0.035271,0.145318,-0.985260,0.000000,109.912376
156487,0.013767,0.450024,-0.037904,-0.082908,-0.035261,0.144976,-0.985325,0.000000,109.587593
156491,0.013735,0.450023,-0.037914,-0.082699,-0.035238,0.144432,-0.985423,0.000000,109.170113
156494,0.013661,0.450038,-0.037935,-0.082655,-0.034377,0.144540,-0.985441,0.000000,108.824043
156498,0.013677,0.450026,-0.037935,-0.082264,-0.035266,0.143542,-0.985589,0.000000,108.389740
156501,0.013604,0.450043,-0.037957,-0.082123,-0.034402,0.143600,-0.985622,0.000000,107.996292
156505,0.013576,0.450043,-0.037969,-0.081979,-0.034387,0.143134,-0.985703,0.000000,107.618637
156509,0.013600,0.450034,-0.037974,-0.081527,-0.035271,0.142126,-0.985855,0.000000,107.248878
156512,0.013582,0.450035,-0.037987,-0.081317,-0.035219,0.141694,-0.985936,0.000000,106.881523
156516,0.013554,0.450035,-0.038003,-0.081180,-0.035220,0.141239,-0.986013,0.000343,106.545067
156519,0.013532,0.450039,-0.038015,-0.080911,-0.035231,0.140718,-0.986109,0.000000,106.163979
156523,0.013481,0.450040,-0.038032,-0.080542,-0.035152,0.139835,-0.986268,0.000000,105.741348
156527,0.013434,0.450045,-0.038047,-0.080167,-0.035211,0.139099,-0.986400,0.000000,105.354767
156530,0.013400,0.450048,-0.038052,-0.079942,-0.035188,0.138571,-0.986493,0.000000,104.968529
156533,0.013332,0.450048,-0.038075,-0.079903,-0.034549,0.138267,-0.986562,0.000000,104.631042
156537,0.013276,0.450049,-0.038102,-0.080041,-0.033939,0.137804,-0.986637,0.000000,104.206009
156541,0.013296,0.450051,-0.038088,-0.079266,-0.035142,0.136875,-0.986786,0.000000,103.864746
156544,0.013205,0.450050,-0.038137,-0.079602,-0.033790,0.136616,-0.986842,0.000000,103.434563
156548,0.013175,0.450053,-0.038153,-0.079411,-0.033798,0.136119,-0.986926,0.000000,103.044548
156551,0.013151,0.450055,-0.038168,-0.079177,-0.033796,0.135642,-0.987011,0.000000,102.660370
156555,0.013119,0.450058,-0.038188,-0.078911,-0.033766,0.135037,-0.987116,0.000000,102.255592
156558,0.013103,0.450060,-0.038205,-0.078675,-0.033761,0.134647,-0.987188,0.000000,101.928406
156562,0.013079,0.450062,-0.038218,-0.078376,-0.033838,0.134040,-0.987292,0.000000,101.499596
156565,0.013062,0.450066,-0.038226,-0.078146,-0.033814,0.133641,-0.987365,0.000000,101.107864
156569,0.013019,0.450062,-0.038230,-0.077923,-0.033780,0.133066,-0.987462,0.000000,100.720596
156573,0.012973,0.450064,-0.038235,-0.077607,-0.033777,0.132419,-0.987574,0.000000,100.325775
156576,0.012938,0.450064,-0.038243,-0.077425,-0.033730,0.132043,-0.987640,-0.000343,99.960480
156580,0.012903,0.450063,-0.038253,-0.077209,-0.033781,0.131514,-0.987725,0.000000,99.504204
156583,0.012879,0.450070,-0.038273,-0.076937,-0.033760,0.131040,-0.987810,0.000000,99.084663
156587,0.012840,0.450072,-0.038298,-0.076664,-0.033713,0.130428,-0.987914,0.000000,98.643150
156590,0.012815,0.450074,-0.038318,-0.076482,-0.033726,0.130050,-0.987978,0.000000,98.220177
156594,0.012777,0.450078,-0.038345,-0.076062,-0.033770,0.129343,-0.988102,0.000000,97.819519
156597,0.012755,0.450082,-0.038360,-0.075886,-0.033743,0.128885,-0.988176,0.000000,97.376633
156601,0.012735,0.450086,-0.038376,-0.075657,-0.033720,0.128358,-0.988263,0.000000,96.965675
156604,0.012717,0.450088,-0.038386,-0.075399,-0.033743,0.127850,-0.988348,0.000000,96.507339
156608,0.012684,0.450094,-0.038388,-0.074953,-0.033814,0.127205,-0.988462,0.000000,96.095352
156612,0.012647,0.450089,-0.038387,-0.074902,-0.033698,0.126572,-0.988551,0.000000,95.676155
156615,0.012611,0.450090,-0.038386,-0.074660,-0.033757,0.126062,-0.988633,0.000000,95.242882
156619,0.012564,0.450094,-0.038385,-0.074230,-0.033794,0.125426,-0.988745,0.000000,94.815445
156622,0.012523,0.450097,-0.038396,-0.073981,-0.033801,0.124824,-0.988839,0.000000,94.388008
156626,0.012467,0.450101,-0.038423,-0.073534,-0.033871,0.123953,-0.988980,0.000000,94.007950
156629,0.012443,0.450085,-0.038448,-0.073350,-0.034050,0.122997,-0.989107,0.000000,93.566437
156633,0.012402,0.450086,-0.038474,-0.073190,-0.034036,0.122460,-0.989186,0.000000,93.086128
156637,0.012362,0.450087,-0.038501,-0.072847,-0.034056,0.121838,-0.989287,0.000000,92.673111
156640,0.012336,0.450087,-0.038519,-0.072678,-0.034007,0.121402,-0.989355,0.000000,92.245674
156643,0.012309,0.450089,-0.038539,-0.072491,-0.034004,0.120879,-0.989433,0.000000,91.825104
156647,0.012279,0.450092,-0.038559,-0.072125,-0.033999,0.120270,-0.989534,-0.000343,91.403160
156651,0.012247,0.450091,-0.038572,-0.071808,-0.033943,0.119503,-0.989652,0.000000,90.957870
156654,0.012213,0.450092,-0.038583,-0.071490,-0.033925,0.118860,-0.989753,0.000000,90.535240
156658,0.012156,0.450090,-0.038593,-0.070981,-0.033986,0.117793,-0.989915,0.000000,90.096474
156661,0.012101,0.450091,-0.038604,-0.070608,-0.033913,0.116935,-0.990046,0.000000,89.703026
156665,0.012039,0.450096,-0.038615,-0.070220,-0.033892,0.115972,-0.990187,0.000000,89.271469
156668,0.011986,0.450095,-0.038629,-0.069879,-0.033891,0.115171,-0.990305,0.000000,88.799400
156672,0.011971,0.450107,-0.038627,-0.068834,-0.035022,0.113733,-0.990505,0.000000,88.421402
156675,0.011910,0.450110,-0.038652,-0.068434,-0.034991,0.112859,-0.990634,0.000000,87.957230
156679,0.011864,0.450112,-0.038681,-0.068135,-0.035049,0.112075,-0.990741,0.000000,87.532883
156683,0.011800,0.450107,-0.038721,-0.067924,-0.034849,0.111242,-0.990857,0.000000,87.161407
156686,0.011745,0.450103,-0.038755,-0.067950,-0.034328,0.110858,-0.990916,-0.000343,86.682816
156690,0.011718,0.450103,-0.038780,-0.067562,-0.034376,0.110235,-0.991011,0.000000,86.246796
156693,0.011705,0.450105,-0.038793,-0.067363,-0.034360,0.109870,-0.991065,0.000000,85.803223
156697,0.011679,0.450103,-0.038800,-0.067072,-0.034357,0.109192,-0.991160,0.000000,85.346260
156700,0.011684,0.450107,-0.038789,-0.066638,-0.034872,0.108623,-0.991234,0.000000,84.924316
156704,0.011617,0.450097,-0.038799,-0.066499,-0.034298,0.107892,-0.991343,0.000000,84.542542
156707,0.011580,0.450098,-0.038800,-0.066329,-0.034301,0.107371,-0.991411,0.000000,84.068756
156711,0.011530,0.450095,-0.038818,-0.065951,-0.034382,0.106545,-0.991522,0.000000,83.639946
156714,0.011492,0.450095,-0.038833,-0.065672,-0.034373,0.105939,-0.991606,0.000000,83.208046
156718,0.011400,0.450107,-0.038892,-0.065436,-0.033606,0.105353,-0.991710,0.000000,82.785759
156722,0.011340,0.450112,-0.038933,-0.064900,-0.033634,0.104443,-0.991841,0.000000,82.401924
156725,0.011359,0.450112,-0.038934,-0.064127,-0.034865,0.103387,-0.991959,-0.000343,81.975517
156729,0.011317,0.450114,-0.038965,-0.063822,-0.034851,0.102656,-0.992055,0.000000,81.506195
156732,0.011295,0.450115,-0.038980,-0.063585,-0.034860,0.102174,-0.992120,0.000000,81.058159
156736,0.011271,0.450117,-0.038986,-0.063314,-0.034841,0.101564,-0.992201,0.000000,80.624886
156739,0.011248,0.450113,-0.038984,-0.063149,-0.034816,0.101155,-0.992254,0.000000,80.188179
156743,0.011222,0.450113,-0.038970,-0.062930,-0.034810,0.100664,-0.992318,-0.000343,79.744263
156746,0.011200,0.450110,-0.038965,-0.062793,-0.034759,0.100234,-0.992372,-0.000343,79.371414
156750,0.011173,0.450107,-0.038961,-0.062622,-0.034737,0.099748,-0.992432,-0.000343,78.899689
156754,0.011139,0.450107,-0.038977,-0.062310,-0.034768,0.099124,-0.992514,0.000000,78.515854
156757,0.011113,0.450107,-0.038993,-0.062134,-0.034746,0.098759,-0.992562,-0.000343,78.044472
156761,0.011082,0.450108,-0.039023,-0.061963,-0.034782,0.098386,-0.992608,0.000000,77.608109
156764,0.011055,0.450110,-0.039050,-0.061733,-0.034831,0.098039,-0.992655,0.000000,77.181358
156768,0.010997,0.450101,-0.039093,-0.061688,-0.034253,0.097556,-0.992726,0.000000,76.747055
156771,0.010982,0.450102,-0.039111,-0.061532,-0.034264,0.097238,-0.992766,0.000000,76.365967
156775,0.010961,0.450103,-0.039123,-0.061283,-0.034267,0.096777,-0.992827,0.000000,75.899391
156778,0.010946,0.450100,-0.039123,-0.061131,-0.034275,0.096393,-0.992873,0.000000,75.490494
156782,0.010918,0.450097,-0.039115,-0.060947,-0.034275,0.095951,-0.992927,0.000000,75.014648
156786,0.010885,0.450093,-0.039109,-0.060645,-0.034308,0.095368,-0.993001,-0.000343,74.626350
156789,0.010860,0.450092,-0.039107,-0.060518,-0.034282,0.094964,-0.993048,0.000000,74.148102
156793,0.010827,0.450088,-0.039117,-0.060317,-0.034294,0.094530,-0.993101,-0.000343,73.731308
156796,0.010806,0.450089,-0.039132,-0.060088,-0.034298,0.094149,-0.993151,0.000000,73.298378
156800,0.010764,0.450086,-0.039166,-0.059693,-0.034272,0.093332,-0.993253,-0.000343,72.866135
156803,0.010730,0.450087,-0.039192,-0.059482,-0.034273,0.092885,-0.993307,-0.000343,72.482300
156807,0.010706,0.450091,-0.039215,-0.059146,-0.034331,0.092316,-0.993379,-0.000343,72.060356
156810,0.010679,0.450092,-0.039230,-0.058929,-0.034251,0.091802,-0.993442,0.000000,71.586914
156810,0.010679,0.450092,-0.039230,-0.058929,-0.034251,0.091802,-0.993442,-0.000343,71.150894
156810,0.010679,0.450092,-0.039230,-0.058929,-0.034251,0.091802,-0.993442,0.000000,70.725174
156810,0.010679,0.450092,-0.039230,-0.058929,-0.034251,0.091802,-0.993442,0.000000,70.302544
156810,0.010679,0.450092,-0.039230,-0.058929,-0.034251,0.091802,-0.993442,0.000000,69.861031
156810,0.010679,0.450092,-0.039230,-0.058929,-0.034251,0.091802,-0.993442,0.000000,69.488525
156810,0.010679,0.450092,-0.039230,-0.058929,-0.034251,0.091802,-0.993442,0.000000,69.012680
156810,0.010679,0.450092,-0.039230,-0.058929,-0.034251,0.091802,-0.993442,0.000000,68.577003
156810,0.010679,0.450092,-0.039230,-0.058929,-0.034251,0.091802,-0.993442,0.000000,68.158150
156810,0.010679,0.450092,-0.039230,-0.058929,-0.034251,0.091802,-0.993442,0.000000,67.728310
156810,0.010679,0.450092,-0.039230,-0.058929,-0.034251,0.091802,-0.993442,-0.000343,67.299156
156810,0.010679,0.450092,-0.039230,-0.058929,-0.034251,0.091802,-0.993442,0.000000,66.914978
156810,0.010679,0.450092,-0.039230,-0.058929,-0.034251,0.091802,-0.993442,0.000000,66.450462
156810,0.010679,0.450092,-0.039230,-0.058929,-0.034251,0.091802,-0.993442,-0.000343,66.032982
156810,0.010679,0.450092,-0.039230,-0.058929,-0.034251,0.091802,-0.993442,0.000000,65.641937
156810,0.010679,0.450092,-0.039230,-0.058929,-0.034251,0.091802,-0.993442,-0.000343,65.288658
156810,0.010679,0.450092,-0.039230,-0.058929,-0.034251,0.091802,-0.993442,0.000000,64.938812
156810,0.010679,0.450092,-0.039230,-0.058929,-0.034251,0.091802,-0.993442,-0.000343,64.609222
156810,0.010679,0.450092,-0.039230,-0.058929,-0.034251,0.091802,-0.993442,-0.000343,64.246330
156810,0.010679,0.450092,-0.039230,-0.058929,-0.034251,0.091802,-0.993442,0.000000,63.911591
156810,0.010679,0.450092,-0.039230,-0.058929,-0.034251,0.091802,-0.993442,0.000000,63.456001
156810,0.010679,0.450092,-0.039230,-0.058929,-0.034251,0.091802,-0.993442,0.000000,63.082123
156810,0.010679,0.450092,-0.039230,-0.058929,-0.034251,0.091802,-0.993442,-0.000343,62.646103
156810,0.010679,0.450092,-0.039230,-0.058929,-0.034251,0.091802,-0.993442,0.000000,62.248192
156810,0.010679,0.450092,-0.039230,-0.058929,-0.034251,0.091802,-0.993442,0.000000,61.910706
156810,0.010679,0.450092,-0.039230,-0.058929,-0.034251,0.091802,-0.993442,0.000000,61.518288
156810,0.010679,0.450092,-0.039230,-0.058929,-0.034251,0.091802,-0.993442,-0.000343,61.163292
156810,0.010679,0.450092,-0.039230,-0.058929,-0.034251,0.091802,-0.993442,0.000000,60.807953
156810,0.010679,0.450092,-0.039230,-0.058929,-0.034251,0.091802,-0.993442,0.000000,60.440254
156810,0.010679,0.450092,-0.039230,-0.058929,-0.034251,0.091802,-0.993442,0.000000,60.061913
156917,0.009735,0.450054,-0.039613,-0.051026,-0.034414,0.074476,-0.995322,0.000000,59.716530
156920,0.009715,0.450055,-0.039629,-0.050915,-0.034397,0.074131,-0.995354,-0.000343,59.288063
156924,0.009691,0.450057,-0.039647,-0.050651,-0.034483,0.073626,-0.995402,-0.000343,58.942680
156927,0.009663,0.450052,-0.039659,-0.050394,-0.034472,0.073181,-0.995448,-0.000343,58.512840
156931,0.009628,0.450050,-0.039668,-0.050123,-0.034443,0.072455,-0.995516,-0.000343,58.139305
156935,0.009583,0.450045,-0.039679,-0.049686,-0.034458,0.071547,-0.995603,-0.000343,57.774010
156938,0.009518,0.450035,-0.039695,-0.049285,-0.034400,0.070560,-0.995695,0.000000,57.413521
156942,0.009466,0.450029,-0.039713,-0.048892,-0.034422,0.069647,-0.995778,-0.000343,57.099724
156945,0.009429,0.450025,-0.039721,-0.048641,-0.034454,0.069053,-0.995831,-0.000343,56.709366
156949,0.009362,0.450021,-0.039757,-0.048141,-0.034435,0.067899,-0.995935,0.000000,56.328278
156953,0.009317,0.450017,-0.039785,-0.047850,-0.034435,0.067093,-0.996004,-0.000343,55.933113
156956,0.009281,0.450014,-0.039809,-0.047499,-0.034435,0.066464,-0.996063,0.000000,55.592194
156959,0.009238,0.450014,-0.039833,-0.047072,-0.034457,0.065676,-0.996134,-0.000343,55.176773
156963,0.009168,0.450008,-0.039860,-0.046612,-0.034407,0.064399,-0.996241,0.000000,54.846153
156966,0.009117,0.450004,-0.039881,-0.046156,-0.034465,0.063605,-0.996311,-0.000343,54.449959
156970,0.009065,0.450000,-0.039891,-0.045768,-0.034446,0.062746,-0.996384,-0.000343,54.091873
156974,0.009023,0.449996,-0.039902,-0.045486,-0.034464,0.062112,-0.996436,-0.000343,53.732758
156977,0.009003,0.449992,-0.039908,-0.045278,-0.034464,0.061649,-0.996475,0.000000,53.388062
156981,0.008978,0.449988,-0.039918,-0.044967,-0.034446,0.061064,-0.996525,0.000000,53.058128
156984,0.008958,0.449989,-0.039933,-0.044757,-0.034461,0.060636,-0.996560,-0.000343,52.696266
156988,0.008925,0.449983,-0.039950,-0.044505,-0.034402,0.060083,-0.996607,0.000000,52.314835
156991,0.008895,0.449982,-0.039963,-0.044262,-0.034447,0.059612,-0.996645,0.000000,51.906967
156995,0.008851,0.449979,-0.039977,-0.044030,-0.034451,0.058983,-0.996692,0.000000,51.536522
156999,0.008815,0.449977,-0.039992,-0.043728,-0.034460,0.058331,-0.996744,0.000000,51.213455
157002,0.008788,0.449974,-0.040005,-0.043529,-0.034466,0.057887,-0.996778,-0.000343,50.815544
157006,0.008756,0.449968,-0.040019,-0.043387,-0.034379,0.057335,-0.996819,-0.000343,50.493164
157009,0.008732,0.449965,-0.040028,-0.043174,-0.034400,0.056943,-0.996850,0.000000,50.135765
157013,0.008694,0.449959,-0.040043,-0.042802,-0.034371,0.056095,-0.996915,0.000000,49.756050
157016,0.008657,0.449953,-0.040058,-0.042583,-0.034331,0.055484,-0.996960,0.000000,49.397964
157020,0.008598,0.449949,-0.040080,-0.042088,-0.034376,0.054475,-0.997035,-0.000343,49.078331
157023,0.008561,0.449944,-0.040096,-0.041764,-0.034371,0.053823,-0.997084,0.000000,48.713379
157027,0.008517,0.449939,-0.040114,-0.041480,-0.034307,0.052992,-0.997143,0.000000,48.318901
157031,0.008474,0.449937,-0.040137,-0.041076,-0.034277,0.052232,-0.997201,-0.000343,47.956696
157034,0.008446,0.449933,-0.040152,-0.040837,-0.034268,0.051691,-0.997239,-0.000343,47.608223
157038,0.008418,0.449929,-0.040170,-0.040597,-0.034281,0.051160,-0.997276,0.000000,47.259407
157041,0.008393,0.449925,-0.040185,-0.040384,-0.034281,0.050718,-0.997307,0.000000,46.947670
157045,0.008359,0.449920,-0.040194,-0.040066,-0.034305,0.050081,-0.997351,-0.000343,46.595078
157048,0.008325,0.449916,-0.040207,-0.039834,-0.034273,0.049510,-0.997390,0.000000,46.239738
157052,0.008277,0.449911,-0.040221,-0.039504,-0.034294,0.048813,-0.997437,0.000000,45.851440
157055,0.008255,0.449910,-0.040228,-0.039288,-0.034274,0.048342,-0.997469,-0.000343,45.500221
157059,0.008229,0.449908,-0.040239,-0.039093,-0.034261,0.047839,-0.997502,-0.000343,45.146599
157062,0.008212,0.449907,-0.040247,-0.038908,-0.034270,0.047431,-0.997528,-0.000343,44.797440
157066,0.008185,0.449904,-0.040263,-0.038612,-0.034252,0.046846,-0.997568,-0.000343,44.447250
157070,0.008157,0.449900,-0.040278,-0.038374,-0.034275,0.046332,-0.997600,0.000000,44.145126
157073,0.008129,0.449897,-0.040288,-0.038159,-0.034298,0.045791,-0.997633,-0.000343,43.762665
157077,0.008092,0.449893,-0.040305,-0.037850,-0.034253,0.045156,-0.997675,0.000000,43.455048
157080,0.008067,0.449889,-0.040313,-0.037680,-0.034270,0.044747,-0.997699,0.000000,43.076363
157084,0.008039,0.449888,-0.040327,-0.037372,-0.034256,0.044275,-0.997732,-0.000343,42.739220
157087,0.008022,0.449885,-0.040337,-0.037157,-0.034260,0.043867,-0.997758,-0.000343,42.391777
157091,0.008002,0.449879,-0.040344,-0.037074,-0.034231,0.043483,-0.997779,0.000000,42.063217
157095,0.007973,0.449877,-0.040354,-0.036749,-0.034269,0.042963,-0.997812,-0.000343,41.721954
157098,0.007949,0.449874,-0.040360,-0.036596,-0.034255,0.042599,-0.997834,-0.000343,41.378288
157102,0.007918,0.449870,-0.040371,-0.036422,-0.034241,0.042165,-0.997859,0.000000,41.061745
157105,0.007891,0.449869,-0.040381,-0.036194,-0.034258,0.041758,-0.997884,0.000000,40.683746
157109,0.007860,0.449864,-0.040399,-0.035925,-0.034224,0.041150,-0.997920,-0.000343,40.340424
157112,0.007838,0.449860,-0.040412,-0.035773,-0.034188,0.040806,-0.997941,0.000000,40.013924
157116,0.007811,0.449857,-0.040427,-0.035455,-0.034220,0.040203,-0.997976,0.000000,39.686394
157119,0.007789,0.449853,-0.040440,-0.035250,-0.034207,0.039810,-0.997999,0.000000,39.389763
157123,0.007761,0.449850,-0.040446,-0.035029,-0.034204,0.039294,-0.998028,0.000000,39.019661
157126,0.007741,0.449847,-0.040454,-0.034911,-0.034185,0.038983,-0.998045,0.000000,38.687325
157130,0.007710,0.449842,-0.040466,-0.034606,-0.034119,0.038434,-0.998079,0.000000,38.356018
157134,0.007688,0.449841,-0.040476,-0.034411,-0.034142,0.037977,-0.998102,-0.000343,38.020592
157137,0.007667,0.449838,-0.040485,-0.034205,-0.034145,0.037624,-0.998123,-0.000343,37.693062
157140,0.007646,0.449835,-0.040497,-0.034007,-0.034120,0.037225,-0.998145,0.000000,37.404327
157144,0.007618,0.449828,-0.040507,-0.033849,-0.034118,0.036721,-0.998169,-0.000343,37.054825
157148,0.007587,0.449824,-0.040522,-0.033501,-0.034134,0.036177,-0.998200,0.000000,36.728668
157151,0.007566,0.449820,-0.040529,-0.033375,-0.034126,0.035791,-0.998219,-0.000343,36.409721
157155,0.007536,0.449816,-0.040540,-0.033156,-0.034134,0.035342,-0.998242,0.000000,36.079102
157158,0.007518,0.449816,-0.040546,-0.033072,-0.034107,0.035013,-0.998257,0.000000,35.753632
157162,0.007490,0.449809,-0.040554,-0.032759,-0.034127,0.034438,-0.998287,-0.000343,35.417175
157165,0.007470,0.449806,-0.040564,-0.032605,-0.034122,0.034060,-0.998305,0.000000,35.129128
157169,0.007436,0.449800,-0.040576,-0.032401,-0.034135,0.033393,-0.998334,-0.000343,34.806404
157172,0.007412,0.449799,-0.040591,-0.032135,-0.034127,0.032913,-0.998358,0.000000,34.467201
157176,0.007379,0.449792,-0.040610,-0.031929,-0.034116,0.032348,-0.998384,-0.000343,34.157524
157180,0.007349,0.449791,-0.040626,-0.031659,-0.034085,0.031828,-0.998410,-0.000343,33.874969
157183,0.007324,0.449790,-0.040640,-0.031420,-0.034136,0.031417,-0.998429,0.000000,33.523750
157187,0.007296,0.449782,-0.040653,-0.031330,-0.034089,0.030910,-0.998449,0.000000,33.206520
157190,0.007278,0.449781,-0.040660,-0.031084,-0.034103,0.030547,-0.998468,0.000000,32.888947
157194,0.007255,0.449775,-0.040668,-0.030848,-0.034112,0.030034,-0.998490,-0.000343,32.570686
157197,0.007233,0.449771,-0.040671,-0.030671,-0.034111,0.029684,-0.998506,0.000000,32.294312
157201,0.007208,0.449768,-0.040679,-0.030468,-0.034136,0.029334,-0.998522,0.000000,31.989098
157204,0.007185,0.449764,-0.040687,-0.030289,-0.034164,0.028946,-0.998538,0.000000,31.649895
157208,0.007158,0.449760,-0.040700,-0.030189,-0.034086,0.028590,-0.998554,0.000000,31.375923
157211,0.007142,0.449757,-0.040709,-0.030031,-0.034110,0.028239,-0.998568,0.000000,31.038780
157215,0.007118,0.449755,-0.040726,-0.029739,-0.034131,0.027765,-0.998589,0.000000,30.740776
157219,0.007095,0.449751,-0.040744,-0.029587,-0.034130,0.027325,-0.998606,-0.000343,30.465775
157222,0.007072,0.449749,-0.040754,-0.029381,-0.034159,0.026887,-0.998623,-0.000343,30.158844
157226,0.007040,0.449743,-0.040770,-0.029089,-0.034111,0.026314,-0.998648,-0.000343,29.819298
157229,0.007016,0.449736,-0.040776,-0.028938,-0.034104,0.025832,-0.998665,0.000000,29.514427
157233,0.006977,0.449730,-0.040787,-0.028633,-0.034080,0.025208,-0.998691,0.000000,29.241142
157236,0.006950,0.449724,-0.040796,-0.028432,-0.034109,0.024724,-0.998708,0.000000,28.951035
157240,0.006915,0.449715,-0.040803,-0.028219,-0.034114,0.024146,-0.998728,-0.000343,28.634834
157244,0.006891,0.449710,-0.040815,-0.027899,-0.034127,0.023605,-0.998749,0.000000,28.339577
157247,0.006871,0.449707,-0.040822,-0.027769,-0.034106,0.023264,-0.998761,-0.000343,28.043976
157251,0.006855,0.449703,-0.040832,-0.027612,-0.034115,0.022926,-0.998773,0.000000,27.746658
157254,0.006836,0.449704,-0.040840,-0.027430,-0.034114,0.022609,-0.998786,-0.000343,27.479210
157258,0.006803,0.449697,-0.040856,-0.027205,-0.034080,0.022058,-0.998805,0.000000,27.166786
157261,0.006782,0.449693,-0.040866,-0.027131,-0.034032,0.021733,-0.998816,0.000000,26.904144
157265,0.006752,0.449689,-0.040880,-0.026803,-0.034096,0.021189,-0.998834,0.000000,26.591377
157268,0.006730,0.449686,-0.040890,-0.026634,-0.034075,0.020807,-0.998848,-0.000343,26.299896
157272,0.006702,0.449680,-0.040903,-0.026462,-0.034049,0.020331,-0.998863,0.000000,26.009102
157275,0.006684,0.449679,-0.040909,-0.026311,-0.034058,0.020015,-0.998873,-0.000343,25.722427
157279,0.006657,0.449675,-0.040922,-0.025996,-0.034034,0.019536,-0.998892,0.000000,25.435066
157282,0.006643,0.449673,-0.040927,-0.025897,-0.034037,0.019252,-0.998900,0.000000,25.189247
157286,0.006626,0.449670,-0.040929,-0.025754,-0.034080,0.018872,-0.998909,0.000000,24.909096
157290,0.006607,0.449665,-0.040937,-0.025614,-0.034059,0.018522,-0.998920,-0.000343,24.617958
157293,0.006594,0.449663,-0.040940,-0.025509,-0.034066,0.018270,-0.998927,0.000000,24.341240
157297,0.006577,0.449661,-0.040946,-0.025335,-0.034043,0.017997,-0.998937,0.000000,24.062462
157300,0.006562,0.449660,-0.040953,-0.025166,-0.034076,0.017714,-0.998945,0.000000,23.780594
157304,0.006548,0.449657,-0.040959,-0.025142,-0.034043,0.017487,-0.998951,-0.000343,23.519325
157307,0.006534,0.449656,-0.040966,-0.025002,-0.034025,0.017205,-0.998960,0.000000,23.211708
157311,0.006516,0.449652,-0.040975,-0.024829,-0.034073,0.016871,-0.998968,0.000000,22.972412
157315,0.006499,0.449649,-0.040985,-0.024736,-0.034079,0.016647,-0.998974,0.000000,22.705307
157318,0.006488,0.449649,-0.040991,-0.024619,-0.034078,0.016437,-0.998981,-0.000343,22.414513
157322,0.006476,0.449647,-0.041000,-0.024458,-0.034054,0.016123,-0.998991,-0.000343,22.157021
157325,0.006469,0.449645,-0.041004,-0.024388,-0.034080,0.015938,-0.998994,0.000000,21.891975
157329,0.006452,0.449643,-0.041005,-0.024216,-0.034060,0.015702,-0.999003,0.000000,21.633797
157332,0.006441,0.449642,-0.041008,-0.024092,-0.034051,0.015486,-0.999010,0.000000,21.396561
157336,0.006424,0.449636,-0.041009,-0.024077,-0.034092,0.015268,-0.999012,0.000000,21.099243
157339,0.006413,0.449636,-0.041011,-0.023982,-0.034066,0.015031,-0.999019,0.000000,20.863037
157343,0.006392,0.449631,-0.041020,-0.023759,-0.034080,0.014711,-0.999028,0.000000,20.571556
157346,0.006383,0.449629,-0.041024,-0.023706,-0.034076,0.014484,-0.999033,-0.000343,20.309944
157350,0.006369,0.449628,-0.041036,-0.023585,-0.034018,0.014263,-0.999041,-0.000343,20.073395
157353,0.006360,0.449626,-0.041046,-0.023429,-0.034024,0.014030,-0.999048,0.000000,19.794960
157357,0.006352,0.449624,-0.041053,-0.023365,-0.034041,0.013850,-0.999051,0.000000,19.562531
157361,0.006345,0.449625,-0.041060,-0.023177,-0.034067,0.013568,-0.999059,-0.000343,19.324608
157364,0.006338,0.449625,-0.041059,-0.023146,-0.034051,0.013405,-0.999062,0.000000,19.098701
157368,0.006322,0.449618,-0.041059,-0.023083,-0.034058,0.013257,-0.999065,0.000000,18.813057
157371,0.006312,0.449617,-0.041059,-0.023020,-0.034042,0.013078,-0.999070,0.000000,18.571701
157375,0.006292,0.449613,-0.041063,-0.022801,-0.034049,0.012749,-0.999079,0.000000,18.291893
157379,0.006277,0.449611,-0.041065,-0.022773,-0.034056,0.012550,-0.999082,0.000000,18.043671
157382,0.006264,0.449607,-0.041073,-0.022636,-0.034062,0.012339,-0.999087,0.000000,17.801971
157386,0.006249,0.449606,-0.041082,-0.022538,-0.034093,0.012081,-0.999092,-0.000343,17.568512
157389,0.006234,0.449603,-0.041093,-0.022464,-0.034067,0.011890,-0.999096,-0.000343,17.362518
157392,0.006223,0.449601,-0.041099,-0.022363,-0.034090,0.011758,-0.999099,0.000000,17.116356
157396,0.006206,0.449598,-0.041115,-0.022097,-0.034064,0.011364,-0.999111,0.000000,16.907616
157400,0.006198,0.449594,-0.041121,-0.022104,-0.034059,0.011177,-0.999113,0.000000,16.639137
157403,0.006191,0.449591,-0.041125,-0.022013,-0.034095,0.010982,-0.999116,0.000000,16.394691
157407,0.006180,0.449589,-0.041129,-0.021812,-0.034078,0.010666,-0.999124,0.000000,16.146126
157410,0.006171,0.449584,-0.041126,-0.021765,-0.034115,0.010443,-0.999126,0.000000,15.931206
157414,0.006153,0.449582,-0.041126,-0.021699,-0.034087,0.010231,-0.999131,0.000000,15.674057
157418,0.006133,0.449574,-0.041128,-0.021612,-0.034074,0.009978,-0.999136,0.000000,15.470810
157421,0.006123,0.449574,-0.041128,-0.021541,-0.034100,0.009764,-0.999139,0.000000,15.231514
157425,0.006107,0.449570,-0.041137,-0.021383,-0.034077,0.009545,-0.999145,0.000000,15.023804
157428,0.006098,0.449568,-0.041141,-0.021276,-0.034129,0.009313,-0.999148,0.000000,14.805450
157432,0.006090,0.449565,-0.041149,-0.021330,-0.034117,0.009187,-0.999148,0.000000,14.592247
157435,0.006081,0.449564,-0.041154,-0.021240,-0.034103,0.008985,-0.999152,0.000000,14.390030
157439,0.006073,0.449564,-0.041159,-0.021116,-0.034121,0.008816,-0.999156,0.000000,14.131851
157442,0.006066,0.449563,-0.041165,-0.021089,-0.034114,0.008669,-0.999158,0.000000,13.903885
157446,0.006056,0.449559,-0.041167,-0.020999,-0.034100,0.008498,-0.999162,0.000000,13.679352
157450,0.006049,0.449558,-0.041175,-0.020863,-0.034123,0.008244,-0.999166,0.000000,13.464775
157453,0.006043,0.449556,-0.041176,-0.020863,-0.034112,0.008167,-0.999167,0.000000,13.254662
157457,0.006033,0.449554,-0.041181,-0.020672,-0.034148,0.007898,-0.999172,0.000000,13.046608
157460,0.006023,0.449553,-0.041184,-0.020596,-0.034142,0.007786,-0.999174,0.000000,12.861557
157464,0.006010,0.449549,-0.041183,-0.020628,-0.034139,0.007625,-0.999175,0.000000,12.633247
157467,0.006002,0.449547,-0.041187,-0.020549,-0.034075,0.007499,-0.999180,0.000000,12.427597
157471,0.005990,0.449545,-0.041191,-0.020385,-0.034129,0.007235,-0.999183,0.000000,12.226753
157474,0.005987,0.449544,-0.041194,-0.020407,-0.034126,0.007211,-0.999183,-0.000343,12.031059
157478,0.005982,0.449543,-0.041199,-0.020272,-0.034133,0.006989,-0.999187,0.000000,11.845665
157481,0.005978,0.449542,-0.041201,-0.020251,-0.034128,0.006900,-0.999188,0.000000,11.633148
157485,0.005966,0.449537,-0.041205,-0.020208,-0.034145,0.006766,-0.999190,0.000000,11.437798
157488,0.005959,0.449535,-0.041207,-0.020233,-0.034135,0.006651,-0.999190,0.000000,11.198502
157492,0.005950,0.449534,-0.041213,-0.020025,-0.034133,0.006377,-0.999196,0.000000,10.988388
157495,0.005944,0.449532,-0.041215,-0.020030,-0.034126,0.006311,-0.999197,0.000000,10.803337
157499,0.005936,0.449530,-0.041218,-0.019931,-0.034168,0.006169,-0.999198,0.000000,10.621033
157503,0.005932,0.449530,-0.041225,-0.019814,-0.034183,0.005991,-0.999201,0.000000,10.461044
157506,0.005923,0.449527,-0.041226,-0.019823,-0.034176,0.005871,-0.999202,0.000000,10.275307
157510,0.005917,0.449527,-0.041231,-0.019673,-0.034207,0.005721,-0.999205,0.000000,10.103302
157513,0.005911,0.449525,-0.041234,-0.019641,-0.034197,0.005592,-0.999206,0.000000,9.892159
157517,0.005903,0.449523,-0.041237,-0.019611,-0.034176,0.005439,-0.999209,0.000000,9.704018
157520,0.005898,0.449521,-0.041239,-0.019579,-0.034187,0.005359,-0.999209,0.000000,9.513817
157524,0.005887,0.449518,-0.041243,-0.019463,-0.034174,0.005164,-0.999213,0.000000,9.329453
157527,0.005881,0.449518,-0.041244,-0.019412,-0.034188,0.005062,-0.999214,0.000000,9.157791
157531,0.005874,0.449518,-0.041241,-0.019388,-0.034202,0.004949,-0.999215,0.000000,8.956604
157534,0.005867,0.449515,-0.041246,-0.019301,-0.034192,0.004827,-0.999217,0.000000,8.782883
157538,0.005858,0.449514,-0.041245,-0.019308,-0.034223,0.004711,-0.999217,0.000000,8.608475
157542,0.005848,0.449511,-0.041250,-0.019237,-0.034202,0.004629,-0.999219,0.000000,8.452263
157545,0.005842,0.449511,-0.041257,-0.019117,-0.034226,0.004489,-0.999221,0.000000,8.299141
157549,0.005843,0.449511,-0.041259,-0.019208,-0.034214,0.004464,-0.999220,0.000000,8.136406
157553,0.005840,0.449511,-0.041267,-0.019046,-0.034219,0.004287,-0.999224,0.000000,7.959251
157556,0.005839,0.449512,-0.041270,-0.019014,-0.034252,0.004226,-0.999223,0.000000,7.795830
157559,0.005835,0.449509,-0.041270,-0.018930,-0.034257,0.004091,-0.999225,0.000000,7.594299
157563,0.005826,0.449507,-0.041269,-0.018966,-0.034214,0.004040,-0.999226,0.000000,7.436714
157566,0.005818,0.449505,-0.041269,-0.018858,-0.034216,0.003862,-0.999229,0.000000,7.261620
157570,0.005812,0.449502,-0.041265,-0.018932,-0.034184,0.003815,-0.999229,0.000000,7.115364
157574,0.005810,0.449504,-0.041266,-0.018791,-0.034222,0.003664,-0.999231,0.000000,6.974945
157577,0.005806,0.449502,-0.041270,-0.018733,-0.034230,0.003608,-0.999232,0.000000,6.826973
157581,0.005803,0.449500,-0.041277,-0.018796,-0.034219,0.003518,-0.999231,0.000000,6.678658
157584,0.005802,0.449500,-0.041282,-0.018780,-0.034226,0.003500,-0.999232,0.000000,6.525536
157588,0.005795,0.449498,-0.041287,-0.018651,-0.034223,0.003331,-0.999235,0.000000,6.361427
157592,0.005791,0.449500,-0.041291,-0.018595,-0.034246,0.003289,-0.999235,0.000000,6.200752
157595,0.005789,0.449497,-0.041290,-0.018575,-0.034223,0.003205,-0.999237,0.000000,6.041451
157599,0.005788,0.449497,-0.041290,-0.018504,-0.034261,0.003086,-0.999237,0.000000,5.891075
157602,0.005788,0.449493,-0.041289,-0.018536,-0.034237,0.003087,-0.999237,0.000000,5.744820
157606,0.005783,0.449493,-0.041287,-0.018399,-0.034275,0.002943,-0.999239,0.000000,5.622940
157609,0.005778,0.449492,-0.041286,-0.018411,-0.034256,0.002921,-0.999239,0.000000,5.479774
157613,0.005770,0.449490,-0.041287,-0.018420,-0.034269,0.002813,-0.999239,0.000000,5.357895
157616,0.005766,0.449491,-0.041289,-0.018427,-0.034256,0.002795,-0.999239,0.000000,5.222626
157620,0.005760,0.449490,-0.041300,-0.018302,-0.034266,0.002657,-0.999242,0.000000,5.081863
157623,0.005761,0.449490,-0.041305,-0.018314,-0.034253,0.002673,-0.999242,0.000000,4.942818
157627,0.005766,0.449491,-0.041313,-0.018239,-0.034280,0.002605,-0.999242,0.000000,4.805489
157631,0.005769,0.449490,-0.041312,-0.018264,-0.034299,0.002560,-0.999241,0.000000,4.677429
157634,0.005769,0.449490,-0.041311,-0.018224,-0.034285,0.002479,-0.999243,0.000343,4.545937
157637,0.005766,0.449488,-0.041308,-0.018224,-0.034263,0.002485,-0.999244,0.000343,4.398994
157641,0.005759,0.449488,-0.041304,-0.018127,-0.034271,0.002359,-0.999245,0.000000,4.288788
157645,0.005753,0.449485,-0.041295,-0.018284,-0.034259,0.002415,-0.999243,0.000000,4.165535
157648,0.005747,0.449485,-0.041296,-0.018138,-0.034259,0.002284,-0.999246,0.000000,4.063911
157652,0.005741,0.449484,-0.041294,-0.018111,-0.034288,0.002204,-0.999245,0.000000,3.941689
157655,0.005735,0.449482,-0.041304,-0.018091,-0.034248,0.002135,-0.999247,0.000000,3.807793
157659,0.005735,0.449484,-0.041314,-0.018067,-0.034265,0.002138,-0.999247,0.000000,3.682137
157662,0.005730,0.449482,-0.041324,-0.017952,-0.034276,0.002024,-0.999249,0.000000,3.566093
157666,0.005732,0.449483,-0.041329,-0.018051,-0.034236,0.002055,-0.999249,0.000000,3.463783
157670,0.005731,0.449484,-0.041333,-0.017965,-0.034284,0.001999,-0.999249,0.000343,3.349800
157673,0.005729,0.449485,-0.041332,-0.017891,-0.034262,0.001930,-0.999251,0.000343,3.256073
157677,0.005727,0.449478,-0.041331,-0.018000,-0.034240,0.001904,-0.999250,0.000000,3.144150
157680,0.005729,0.449480,-0.041331,-0.018006,-0.034254,0.001875,-0.999249,0.000000,3.024673
157684,0.005726,0.449479,-0.041330,-0.017899,-0.034227,0.001766,-0.999252,0.000343,2.926826
157687,0.005721,0.449476,-0.041329,-0.017936,-0.034261,0.001764,-0.999251,0.000000,2.833443
157691,0.005711,0.449478,-0.041329,-0.017870,-0.034256,0.001678,-0.999252,0.000000,2.724609
157694,0.005703,0.449475,-0.041329,-0.017827,-0.034274,0.001606,-0.999252,0.000000,2.628136
157698,0.005694,0.449473,-0.041331,-0.017909,-0.034296,0.001586,-0.999250,0.000000,2.535439
157701,0.005692,0.449476,-0.041334,-0.017886,-0.034268,0.001553,-0.999251,0.000343,2.430382
157705,0.005691,0.449475,-0.041339,-0.017773,-0.034285,0.001452,-0.999253,0.000343,2.345238
157708,0.005693,0.449475,-0.041341,-0.017801,-0.034255,0.001442,-0.999254,0.000000,2.254601
157712,0.005694,0.449474,-0.041339,-0.017769,-0.034274,0.001410,-0.999254,0.000000,2.169456
157716,0.005697,0.449473,-0.041341,-0.017643,-0.034310,0.001294,-0.999255,0.000343,2.070580
157719,0.005700,0.449473,-0.041341,-0.017762,-0.034261,0.001344,-0.999254,0.000343,1.976852
157723,0.005701,0.449473,-0.041345,-0.017665,-0.034307,0.001257,-0.999254,0.000000,1.895485
157726,0.005703,0.449476,-0.041350,-0.017666,-0.034301,0.001270,-0.999255,0.000343,1.806221
157730,0.005692,0.449471,-0.041355,-0.017675,-0.034298,0.001195,-0.999255,0.000343,1.743050
157733,0.005684,0.449469,-0.041357,-0.017709,-0.034270,0.001232,-0.999255,0.000000,1.660309
157737,0.005670,0.449470,-0.041363,-0.017511,-0.034311,0.001061,-0.999257,0.000000,1.599197
157740,0.005667,0.449470,-0.041360,-0.017609,-0.034295,0.001118,-0.999256,0.000343,1.514397
157744,0.005666,0.449469,-0.041363,-0.017561,-0.034320,0.001062,-0.999256,0.000343,1.439896
157748,0.005667,0.449468,-0.041361,-0.017524,-0.034348,0.001006,-0.999256,0.000000,1.356812
157751,0.005668,0.449468,-0.041362,-0.017582,-0.034328,0.000981,-0.999255,0.000000,1.276817
157755,0.005666,0.449469,-0.041361,-0.017529,-0.034296,0.000973,-0.999258,0.000000,1.199226
157758,0.005665,0.449466,-0.041363,-0.017430,-0.034335,0.000860,-0.999258,0.000000,1.146011
157762,0.005671,0.449468,-0.041362,-0.017552,-0.034257,0.000941,-0.999259,0.000343,1.098289
157765,0.005671,0.449466,-0.041364,-0.017493,-0.034308,0.000846,-0.999258,0.000343,1.046104
157769,0.005676,0.449468,-0.041361,-0.017453,-0.034336,0.000894,-0.999258,0.000343,0.992203
157772,0.005672,0.449468,-0.041363,-0.017440,-0.034327,0.000789,-0.999258,0.000000,0.932465
157776,0.005667,0.449464,-0.041359,-0.017508,-0.034309,0.000803,-0.999258,0.000343,0.871353
157780,0.005659,0.449465,-0.041358,-0.017481,-0.034294,0.000784,-0.999259,0.000000,0.807838
157783,0.005655,0.449464,-0.041359,-0.017473,-0.034320,0.000745,-0.999258,0.000000,0.724068
157787,0.005650,0.449462,-0.041365,-0.017452,-0.034288,0.000737,-0.999259,0.000343,0.664673
157790,0.005649,0.449465,-0.041373,-0.017380,-0.034326,0.000710,-0.999259,0.000000,0.608368
157794,0.005648,0.449463,-0.041375,-0.017480,-0.034308,0.000722,-0.999258,0.000343,0.578156
157797,0.005652,0.449466,-0.041380,-0.017405,-0.034319,0.000654,-0.999259,0.000343,0.548973
157801,0.005653,0.449463,-0.041382,-0.017355,-0.034355,0.000620,-0.999259,0.000000,0.523224
157804,0.005657,0.449463,-0.041378,-0.017351,-0.034345,0.000569,-0.999259,0.000000,0.494041
157808,0.005662,0.449466,-0.041376,-0.017400,-0.034301,0.000637,-0.999260,0.000000,0.447693
157812,0.005659,0.449464,-0.041368,-0.017291,-0.034351,0.000548,-0.999260,0.000343,0.395164
157815,0.005658,0.449461,-0.041362,-0.017407,-0.034321,0.000586,-0.999259,0.000000,0.352936
157819,0.005645,0.449460,-0.041357,-0.017274,-0.034347,0.000469,-0.999261,0.000343,0.290451
157822,0.005641,0.449461,-0.041353,-0.017366,-0.034331,0.000525,-0.999260,0.000000,0.243416
157826,0.005635,0.449459,-0.041358,-0.017399,-0.034313,0.000454,-0.999260,0.000343,0.215607
157829,0.005636,0.449461,-0.041363,-0.017383,-0.034310,0.000498,-0.999260,0.000343,0.197411
157833,0.005640,0.449462,-0.041374,-0.017224,-0.034314,0.000383,-0.999263,0.000343,0.183334
157836,0.005640,0.449462,-0.041376,-0.017311,-0.034300,0.000478,-0.999262,0.000343,0.168915
157836,0.005640,0.449462,-0.041376,-0.017311,-0.034300,0.000478,-0.999262,0.000000,0.160675
157840,0.005640,0.449461,-0.041373,-0.017255,-0.034332,0.000373,-0.999261,0.000343,0.138359
157845,0.005643,0.449461,-0.041367,-0.017287,-0.034361,0.000357,-0.999260,0.000000,0.117073
157848,0.005648,0.449460,-0.041365,-0.017367,-0.034304,0.000436,-0.999260,0.000000,0.090981
157852,0.005648,0.449459,-0.041370,-0.017192,-0.034320,0.000318,-0.999263,0.000000,0.065918
157856,0.005651,0.449461,-0.041371,-0.017234,-0.034321,0.000370,-0.999262,0.000000,0.047035
157859,0.005644,0.449460,-0.041376,-0.017247,-0.034321,0.000351,-0.999262,0.000343,0.025406
157863,0.005629,0.449461,-0.041377,-0.017159,-0.034353,0.000289,-0.999262,0.000343,0.004807
157866,0.005617,0.449459,-0.041378,-0.017227,-0.034347,0.000242,-0.999261,0.000343,-0.004463
157870,0.005611,0.449459,-0.041377,-0.017212,-0.034320,0.000256,-0.999263,0.000343,-0.007553
157874,0.005619,0.449461,-0.041370,-0.017280,-0.034305,0.000300,-0.999262,0.000000,-0.007896
157877,0.005625,0.449459,-0.041362,-0.017240,-0.034323,0.000235,-0.999262,0.000343,-0.007896
157881,0.005635,0.449460,-0.041353,-0.017243,-0.034305,0.000302,-0.999263,0.000000,-0.007896
157884,0.005640,0.449457,-0.041350,-0.017189,-0.034332,0.000229,-0.999263,0.000000,-0.007896
157888,0.005647,0.449457,-0.041346,-0.017343,-0.034295,0.000325,-0.999261,0.000343,-0.007896
157891,0.005648,0.449457,-0.041352,-0.017276,-0.034317,0.000261,-0.999262,0.000000,-0.007553
157895,0.005646,0.449459,-0.041365,-0.017248,-0.034342,0.000284,-0.999261,0.000343,-0.007896
157898,0.005643,0.449460,-0.041373,-0.017199,-0.034361,0.000198,-0.999261,0.000000,-0.007896
157902,0.005635,0.449461,-0.041381,-0.017224,-0.034305,0.000241,-0.999263,0.000343,-0.007896
157905,0.005628,0.449461,-0.041384,-0.017118,-0.034341,0.000185,-0.999264,0.000343,-0.007896
157909,0.005626,0.449460,-0.041372,-0.017265,-0.034326,0.000252,-0.999262,0.000000,-0.007896
157913,0.005622,0.449456,-0.041364,-0.017189,-0.034336,0.000177,-0.999263,0.000000,-0.007553
157916,0.005622,0.449459,-0.041353,-0.017210,-0.034337,0.000182,-0.999262,0.000000,-0.007553
157919,0.005624,0.449456,-0.041348,-0.017205,-0.034317,0.000172,-0.999263,0.000000,-0.007553
157923,0.005621,0.449455,-0.041347,-0.017291,-0.034269,0.000201,-0.999263,0.000343,-0.007553
157927,0.005625,0.449457,-0.041355,-0.017178,-0.034308,0.000120,-0.999264,0.000343,-0.007210
157930,0.005628,0.449457,-0.041363,-0.017261,-0.034287,0.000216,-0.999263,0.000343,-0.006866
157934,0.005630,0.449458,-0.041376,-0.017157,-0.034310,0.000156,-0.999264,0.000000,-0.006866
157937,0.005637,0.449462,-0.041384,-0.017165,-0.034332,0.000219,-0.999263,0.000343,-0.006866
157941,0.005635,0.449461,-0.041388,-0.017185,-0.034330,0.000155,-0.999263,0.000000,-0.006180
157945,0.005630,0.449459,-0.041386,-0.017062,-0.034352,0.000087,-0.999264,0.000000,-0.005493
157948,0.005628,0.449458,-0.041376,-0.017130,-0.034341,0.000110,-0.999263,0.000343,-0.004807
157952,0.005625,0.449455,-0.041361,-0.017148,-0.034317,0.000106,-0.999264,0.000000,-0.003777
157955,0.005621,0.449455,-0.041352,-0.017212,-0.034337,0.000147,-0.999262,0.000343,-0.002403
157959,0.005613,0.449453,-0.041350,-0.017145,-0.034320,0.000043,-0.999264,0.000000,-0.001030
157962,0.005614,0.449453,-0.041349,-0.017216,-0.034342,0.000066,-0.999262,0.000343,0.000343
157966,0.005615,0.449455,-0.041360,-0.017135,-0.034335,0.000032,-0.999264,0.000343,0.001373
157969,0.005614,0.449456,-0.041369,-0.017157,-0.034349,0.000069,-0.999263,0.000000,0.002060
157973,0.005616,0.449456,-0.041381,-0.017183,-0.034356,0.000067,-0.999262,0.000343,0.002403
157976,0.005617,0.449458,-0.041385,-0.017152,-0.034318,0.000112,-0.999264,0.000343,0.002747
157980,0.005619,0.449460,-0.041386,-0.017059,-0.034323,0.000055,-0.999265,0.000343,0.003090
157984,0.005626,0.449459,-0.041379,-0.017238,-0.034310,0.000159,-0.999263,0.000000,0.003433
157987,0.005626,0.449457,-0.041370,-0.017135,-0.034324,0.000100,-0.999264,0.000000,0.003777
157991,0.005630,0.449455,-0.041360,-0.017197,-0.034323,0.000091,-0.999263,0.000000,0.003777
157994,0.005624,0.449454,-0.041353,-0.017160,-0.034330,0.000058,-0.999263,0.000343,0.003777
157998,0.005618,0.449454,-0.041350,-0.017200,-0.034299,0.000103,-0.999264,0.000343,0.003777
158001,0.005612,0.449456,-0.041354,-0.017100,-0.034310,0.000003,-0.999265,0.000343,0.003777
158005,0.005608,0.449455,-0.041360,-0.017246,-0.034283,0.000095,-0.999263,0.000000,0.004120
158008,0.005608,0.449456,-0.041368,-0.017180,-0.034313,0.000044,-0.999263,0.000343,0.003777
158012,0.005608,0.449458,-0.041377,-0.017139,-0.034325,0.000066,-0.999264,0.000343,0.004120
158015,0.005610,0.449458,-0.041380,-0.017098,-0.034371,0.000014,-0.999263,0.000000,0.004120
158019,0.005615,0.449458,-0.041382,-0.017160,-0.034316,0.000098,-0.999264,0.000000,0.003777
158023,0.005618,0.449457,-0.041376,-0.017154,-0.034292,0.000067,-0.999265,0.000343,0.003777
158026,0.005623,0.449457,-0.041370,-0.017207,-0.034300,0.000113,-0.999264,0.000343,0.004120
158030,0.005623,0.449455,-0.041363,-0.017172,-0.034287,0.000061,-0.999264,0.000000,0.003777
158033,0.005625,0.449455,-0.041357,-0.017169,-0.034284,0.000067,-0.999265,0.000000,0.004120
158037,0.005625,0.449455,-0.041354,-0.017230,-0.034317,0.000103,-0.999263,0.000343,0.004120
158040,0.005625,0.449454,-0.041356,-0.017246,-0.034319,0.000116,-0.999262,0.000000,0.003777
158044,0.005620,0.449456,-0.041364,-0.017145,-0.034325,0.000041,-0.999264,0.000000,0.003777
158047,0.005615,0.449456,-0.041369,-0.017185,-0.034320,0.000027,-0.999263,0.000000,0.003777
158051,0.005607,0.449456,-0.041374,-0.017181,-0.034293,0.000059,-0.999264,0.000343,0.003777
158055,0.005601,0.449456,-0.041379,-0.017104,-0.034359,-0.000039,-0.999263,0.000343,0.003777
158058,0.005604,0.449456,-0.041376,-0.017192,-0.034315,0.000023,-0.999263,0.000000,0.003777
158062,0.005611,0.449456,-0.041376,-0.017061,-0.034362,-0.000030,-0.999264,0.000000,0.003777
158065,0.005620,0.449455,-0.041371,-0.017105,-0.034346,0.000034,-0.999264,0.000000,0.003777
158069,0.005627,0.449453,-0.041364,-0.017183,-0.034300,0.000003,-0.999264,0.000343,0.003777
158072,0.005629,0.449454,-0.041358,-0.017199,-0.034263,0.000066,-0.999265,0.000343,0.003777
158076,0.005622,0.449453,-0.041356,-0.017076,-0.034300,-0.000055,-0.999266,0.000000,0.003777
158079,0.005619,0.449455,-0.041355,-0.017173,-0.034280,0.000017,-0.999265,0.000343,0.003777
158083,0.005612,0.449453,-0.041362,-0.017097,-0.034319,-0.000029,-0.999265,0.000000,0.003777
158087,0.005610,0.449453,-0.041369,-0.017151,-0.034339,-0.000012,-0.999263,0.000000,0.003777
158090,0.005609,0.449456,-0.041377,-0.017109,-0.034328,-0.000038,-0.999264,0.000343,0.003777
158093,0.005605,0.449455,-0.041382,-0.017171,-0.034311,0.000028,-0.999264,0.000343,0.003777
158097,0.005601,0.449456,-0.041390,-0.016989,-0.034320,-0.000066,-0.999267,0.000000,0.003777
158101,0.005606,0.449456,-0.041382,-0.017157,-0.034293,-0.000005,-0.999265,0.000000,0.003777
158104,0.005606,0.449454,-0.041379,-0.017045,-0.034332,-0.000021,-0.999265,0.000000,0.003433
158108,0.005616,0.449455,-0.041368,-0.017087,-0.034350,-0.000011,-0.999264,0.000343,0.003777
158111,0.005618,0.449453,-0.041364,-0.017070,-0.034296,-0.000077,-0.999266,0.000343,0.003777
158115,0.005626,0.449454,-0.041356,-0.017145,-0.034300,0.000016,-0.999265,0.000343,0.003433
158119,0.005628,0.449454,-0.041354,-0.017187,-0.034255,0.000044,-0.999265,0.000000,0.003433
158122,0.005628,0.449454,-0.041354,-0.017194,-0.034282,0.000029,-0.999264,0.000000,0.003433
158125,0.005623,0.449453,-0.041359,-0.017155,-0.034315,-0.000009,-0.999264,0.000343,0.003433
158129,0.005612,0.449455,-0.041369,-0.017085,-0.034303,-0.000004,-0.999265,0.000343,0.003433
158133,0.005607,0.449456,-0.041375,-0.017219,-0.034292,0.000030,-0.999264,0.000343,0.003433
158136,0.005601,0.449455,-0.041381,-0.017163,-0.034291,0.000011,-0.999265,0.000000,0.003433
158140,0.005600,0.449455,-0.041384,-0.017126,-0.034325,0.000008,-0.999264,0.000000,0.003090
158143,0.005604,0.449456,-0.041381,-0.017123,-0.034341,-0.000017,-0.999264,0.000000,0.003090
158147,0.005607,0.449455,-0.041378,-0.017123,-0.034274,-0.000003,-0.999266,0.000000,0.003090
158150,0.005607,0.449456,-0.041374,-0.017107,-0.034315,-0.000034,-0.999265,0.000000,0.003090
158154,0.005613,0.449455,-0.041364,-0.017201,-0.034317,0.000024,-0.999263,0.000000,0.002747
158157,0.005612,0.449451,-0.041362,-0.017176,-0.034285,-0.000017,-0.999265,0.000000,0.003090
158161,0.005620,0.449456,-0.041361,-0.017147,-0.034329,-0.000021,-0.999264,0.000000,0.002747
158165,0.005621,0.449452,-0.041366,-0.017152,-0.034321,-0.000028,-0.999264,0.000000,0.002747
158168,0.005624,0.449455,-0.041366,-0.017183,-0.034282,0.000028,-0.999264,0.000343,0.002747
158172,0.005621,0.449454,-0.041373,-0.017016,-0.034344,-0.000072,-0.999265,0.000000,0.002403
158175,0.005617,0.449454,-0.041371,-0.017151,-0.034278,-0.000001,-0.999265,0.000343,0.002403
158179,0.005613,0.449456,-0.041371,-0.017045,-0.034340,-0.000062,-0.999265,0.000343,0.002403
158182,0.005609,0.449456,-0.041371,-0.017100,-0.034319,-0.000007,-0.999265,0.000343,0.002403
158186,0.005608,0.449453,-0.041367,-0.017140,-0.034339,-0.000066,-0.999263,0.000000,0.002060
158189,0.005609,0.449456,-0.041363,-0.017185,-0.034300,0.000028,-0.999264,0.000000,0.002060
158193,0.005607,0.449453,-0.041366,-0.017012,-0.034311,-0.000092,-0.999267,0.000000,0.002060
158197,0.005610,0.449453,-0.041365,-0.017126,-0.034289,-0.000027,-0.999265,0.000000,0.001717
158200,0.005611,0.449453,-0.041368,-0.017079,-0.034284,-0.000049,-0.999266,0.000343,0.001717
158204,0.005612,0.449455,-0.041371,-0.017070,-0.034326,-0.000064,-0.999265,0.000000,0.001717
158204,0.005612,0.449455,-0.041371,-0.017070,-0.034326,-0.000064,-0.999265,0.000000,0.001717
158204,0.005612,0.449455,-0.041371,-0.017070,-0.034326,-0.000064,-0.999265,0.000000,0.001717
158204,0.005612,0.449455,-0.041371,-0.017070,-0.034326,-0.000064,-0.999265,0.000000,0.001717
158204,0.005612,0.449455,-0.041371,-0.017070,-0.034326,-0.000064,-0.999265,0.000000,0.001717
158204,0.005612,0.449455,-0.041371,-0.017070,-0.034326,-0.000064,-0.999265,0.000000,0.001717
158204,0.005612,0.449455,-0.041371,-0.017070,-0.034326,-0.000064,-0.999265,0.000000,0.001717
158204,0.005612,0.449455,-0.041371,-0.017070,-0.034326,-0.000064,-0.999265,0.000000,0.001717
158204,0.005612,0.449455,-0.041371,-0.017070,-0.034326,-0.000064,-0.999265,0.000000,0.001717
158204,0.005612,0.449455,-0.041371,-0.017070,-0.034326,-0.000064,-0.999265,0.000000,0.001717
158204,0.005612,0.449455,-0.041371,-0.017070,-0.034326,-0.000064,-0.999265,0.000000,0.001717
158204,0.005612,0.449455,-0.041371,-0.017070,-0.034326,-0.000064,-0.999265,0.000000,0.001717
158204,0.005612,0.449455,-0.041371,-0.017070,-0.034326,-0.000064,-0.999265,0.000000,0.001717
158204,0.005612,0.449455,-0.041371,-0.017070,-0.034326,-0.000064,-0.999265,0.000000,0.001717
158204,0.005612,0.449455,-0.041371,-0.017070,-0.034326,-0.000064,-0.999265,0.000000,0.001717
158204,0.005612,0.449455,-0.041371,-0.017070,-0.034326,-0.000064,-0.999265,0.000000,0.001717
158204,0.005612,0.449455,-0.041371,-0.017070,-0.034326,-0.000064,-0.999265,0.000000,0.001717
158204,0.005612,0.449455,-0.041371,-0.017070,-0.034326,-0.000064,-0.999265,0.000000,0.001717
