0,0.000000,0.000000,0.000000,0.000000,0.000000,0.000000,0.000000,0.000000,0.000000
0,0.000000,0.000000,0.000000,0.000000,0.000000,0.000000,0.000000,0.000000,0.000000
0,0.000000,0.000000,0.000000,0.000000,0.000000,0.000000,0.000000,0.000000,0.000000
0,0.000000,0.000000,0.000000,0.000000,0.000000,0.000000,0.000000,0.000000,0.000000
0,0.000000,0.000000,0.000000,0.000000,0.000000,0.000000,0.000000,0.000000,0.000000
0,0.000000,0.000000,0.000000,0.000000,0.000000,0.000000,0.000000,0.000000,0.000000
0,0.000000,0.000000,0.000000,0.000000,0.000000,0.000000,0.000000,0.000000,0.000000
0,0.000000,0.000000,0.000000,0.000000,0.000000,0.000000,0.000000,0.000000,0.000000
0,0.000000,0.000000,0.000000,0.000000,0.000000,0.000000,0.000000,0.000000,0.000000
0,0.000000,0.000000,0.000000,0.000000,0.000000,0.000000,0.000000,0.000000,0.000000
0,0.000000,0.000000,0.000000,0.000000,0.000000,0.000000,0.000000,0.000000,0.000000
0,0.000000,0.000000,0.000000,0.000000,0.000000,0.000000,0.000000,0.000000,0.000000
0,0.000000,0.000000,0.000000,0.000000,0.000000,0.000000,0.000000,0.000000,0.000000
0,0.000000,0.000000,0.000000,0.000000,0.000000,0.000000,0.000000,0.000000,0.000000
0,0.000000,0.000000,0.000000,0.000000,0.000000,0.000000,0.000000,0.000000,0.000000
0,0.000000,0.000000,0.000000,0.000000,0.000000,0.000000,0.000000,0.000000,0.000000
0,0.000000,0.000000,0.000000,0.000000,0.000000,0.000000,0.000000,0.000000,0.000000
0,0.000000,0.000000,0.000000,0.000000,0.000000,0.000000,0.000000,0.000000,0.000000
0,0.000000,0.000000,0.000000,0.000000,0.000000,0.000000,0.000000,0.000000,0.000000
0,0.000000,0.000000,0.000000,0.000000,0.000000,0.000000,0.000000,0.000000,0.000000
0,0.000000,0.000000,0.000000,0.000000,0.000000,0.000000,0.000000,0.000000,0.000000
0,0.000000,0.000000,0.000000,0.000000,0.000000,0.000000,0.000000,0.000000,-0.000343
38273,0.005754,0.449422,-0.041376,-0.017216,-0.034294,-0.000384,-0.999263,0.000343,-0.000343
38273,0.005754,0.449422,-0.041376,-0.017216,-0.034294,-0.000384,-0.999263,0.000343,-0.000343
38277,0.005750,0.449422,-0.041373,-0.017301,-0.034276,-0.000387,-0.999263,0.000343,0.000000
38281,0.005744,0.449425,-0.041380,-0.017308,-0.034262,-0.000308,-0.999263,0.000343,-0.000343
38288,0.005747,0.449424,-0.041394,-0.017381,-0.034238,-0.000300,-0.999263,0.000000,-0.000343
38288,0.005747,0.449424,-0.041394,-0.017381,-0.034238,-0.000300,-0.999263,0.000000,0.000000
38291,0.005749,0.449424,-0.041403,-0.017284,-0.034263,-0.000334,-0.999263,0.000000,-0.000343
38298,0.005763,0.449425,-0.041410,-0.017182,-0.034278,-0.000357,-0.999265,0.000343,-0.000343
38298,0.005763,0.449425,-0.041410,-0.017182,-0.034278,-0.000357,-0.999265,0.000000,-0.000343
38305,0.005759,0.449427,-0.041405,-0.017213,-0.034252,-0.000350,-0.999265,0.000343,-0.000343
38305,0.005759,0.449427,-0.041405,-0.017213,-0.034252,-0.000350,-0.999265,0.000343,-0.000343
38312,0.005757,0.449421,-0.041393,-0.017289,-0.034249,-0.000367,-0.999264,0.000000,-0.000343
38312,0.005757,0.449421,-0.041393,-0.017289,-0.034249,-0.000367,-0.999264,0.000000,-0.000343
38320,0.005761,0.449422,-0.041386,-0.017314,-0.034275,-0.000302,-0.999263,0.000343,-0.000343
38323,0.005763,0.449424,-0.041385,-0.017361,-0.034233,-0.000277,-0.999263,0.000000,-0.000343
38323,0.005763,0.449424,-0.041385,-0.017361,-0.034233,-0.000277,-0.999263,0.000343,0.000000
38330,0.005756,0.449426,-0.041391,-0.017303,-0.034235,-0.000339,-0.999264,0.000000,0.000000
38330,0.005756,0.449426,-0.041391,-0.017303,-0.034235,-0.000339,-0.999264,0.000343,-0.000343
38334,0.005746,0.449421,-0.041396,-0.017270,-0.034252,-0.000342,-0.999264,0.000000,-0.000343
38341,0.005750,0.449425,-0.041402,-0.017269,-0.034296,-0.000321,-0.999263,0.000000,-0.000343
38341,0.005750,0.449425,-0.041402,-0.017269,-0.034296,-0.000321,-0.999263,0.000000,-0.000343
38348,0.005761,0.449427,-0.041405,-0.017188,-0.034289,-0.000356,-0.999264,0.000000,-0.000343
38348,0.005761,0.449427,-0.041405,-0.017188,-0.034289,-0.000356,-0.999264,0.000000,-0.000343
38352,0.005758,0.449424,-0.041397,-0.017253,-0.034288,-0.000358,-0.999263,0.000000,-0.000343
38355,0.005754,0.449424,-0.041390,-0.017310,-0.034269,-0.000314,-0.999263,0.000000,0.000000
38359,0.005742,0.449423,-0.041382,-0.017197,-0.034294,-0.000420,-0.999264,0.000000,-0.000343
38362,0.005739,0.449422,-0.041379,-0.017265,-0.034264,-0.000359,-0.999264,0.000000,0.000000
38369,0.005747,0.449422,-0.041384,-0.017237,-0.034252,-0.000374,-0.999265,0.000000,0.000000
38369,0.005747,0.449422,-0.041384,-0.017237,-0.034252,-0.000374,-0.999265,0.000000,-0.000343
38373,0.005751,0.449424,-0.041392,-0.017264,-0.034302,-0.000354,-0.999262,0.000000,0.000000
38380,0.005751,0.449425,-0.041406,-0.017131,-0.034282,-0.000412,-0.999265,0.000000,0.000000
38384,0.005751,0.449425,-0.041402,-0.017287,-0.034253,-0.000324,-0.999264,0.000343,0.000000
38384,0.005751,0.449425,-0.041402,-0.017287,-0.034253,-0.000324,-0.999264,0.000000,0.000000
38391,0.005757,0.449425,-0.041398,-0.017188,-0.034286,-0.000352,-0.999264,0.000000,0.000000
38391,0.005757,0.449425,-0.041398,-0.017188,-0.034286,-0.000352,-0.999264,0.000000,0.000000
38398,0.005763,0.449424,-0.041387,-0.017278,-0.034244,-0.000291,-0.999264,0.000000,0.000000
38401,0.005763,0.449423,-0.041384,-0.017160,-0.034311,-0.000408,-0.999264,0.000000,0.000000
38401,0.005763,0.449423,-0.041384,-0.017160,-0.034311,-0.000408,-0.999264,0.000000,0.000000
38405,0.005760,0.449420,-0.041377,-0.017308,-0.034236,-0.000325,-0.999264,0.000000,0.000000
38409,0.005752,0.449422,-0.041375,-0.017267,-0.034263,-0.000313,-0.999264,0.000000,0.000343
38415,0.005738,0.449420,-0.041378,-0.017204,-0.034300,-0.000433,-0.999263,0.000000,0.000343
38415,0.005738,0.449420,-0.041378,-0.017204,-0.034300,-0.000433,-0.999263,0.000000,0.000000
38419,0.005739,0.449423,-0.041382,-0.017303,-0.034250,-0.000332,-0.999264,0.000000,0.000343
38426,0.005745,0.449422,-0.041393,-0.017293,-0.034295,-0.000339,-0.999262,0.000000,0.000343
38426,0.005745,0.449422,-0.041393,-0.017293,-0.034295,-0.000339,-0.999262,0.000000,0.000343
38433,0.005743,0.449424,-0.041402,-0.017190,-0.034272,-0.000383,-0.999265,0.000000,0.000343
38433,0.005743,0.449424,-0.041402,-0.017190,-0.034272,-0.000383,-0.999265,0.000000,0.000000
38440,0.005749,0.449424,-0.041404,-0.017289,-0.034270,-0.000315,-0.999263,0.000000,0.000343
38440,0.005749,0.449424,-0.041404,-0.017289,-0.034270,-0.000315,-0.999263,0.000000,0.000343
38444,0.005758,0.449426,-0.041404,-0.017256,-0.034283,-0.000349,-0.999263,0.000000,0.000343
38451,0.005762,0.449422,-0.041387,-0.017318,-0.034249,-0.000288,-0.999263,0.000000,0.000343
38451,0.005762,0.449422,-0.041387,-0.017318,-0.034249,-0.000288,-0.999263,0.000000,0.000343
38458,0.005756,0.449425,-0.041376,-0.017351,-0.034220,-0.000272,-0.999264,0.000000,0.000343
38461,0.005752,0.449426,-0.041373,-0.017286,-0.034244,-0.000341,-0.999264,0.000000,0.000343
38461,0.005752,0.449426,-0.041373,-0.017286,-0.034244,-0.000341,-0.999264,0.000000,0.000343
38469,0.005733,0.449421,-0.041376,-0.017275,-0.034288,-0.000403,-0.999263,0.000000,0.000343
38472,0.005731,0.449423,-0.041377,-0.017335,-0.034258,-0.000316,-0.999263,0.000000,0.000343
38476,0.005731,0.449425,-0.041383,-0.017162,-0.034268,-0.000403,-0.999265,0.000000,0.000343
38479,0.005739,0.449427,-0.041383,-0.017271,-0.034253,-0.000324,-0.999264,0.000000,0.000343
38479,0.005739,0.449427,-0.041383,-0.017271,-0.034253,-0.000324,-0.999264,0.000000,0.000687
38483,0.005744,0.449426,-0.041384,-0.017209,-0.034269,-0.000355,-0.999264,-0.000343,0.000343
38487,0.005748,0.449422,-0.041382,-0.017191,-0.034273,-0.000417,-0.999265,0.000000,0.000343
38493,0.005754,0.449423,-0.041382,-0.017358,-0.034270,-0.000299,-0.999262,0.000000,0.003090
38493,0.005754,0.449423,-0.041382,-0.017358,-0.034270,-0.000299,-0.999262,0.000000,0.386238
38497,0.005755,0.449424,-0.041390,-0.017186,-0.034292,-0.000392,-0.999264,-0.000343,1.890335
38504,0.005744,0.449425,-0.041399,-0.017267,-0.034252,-0.000377,-0.999264,0.000000,4.712105
38504,0.005744,0.449425,-0.041399,-0.017267,-0.034252,-0.000377,-0.999264,-0.000343,8.524017
38511,0.005703,0.449430,-0.041410,-0.017312,-0.034180,-0.000256,-0.999266,0.000000,12.690926
38511,0.005703,0.449430,-0.041410,-0.017312,-0.034180,-0.000256,-0.999266,0.000000,16.503525
38518,0.005708,0.449439,-0.041393,-0.017537,-0.034260,0.000316,-0.999259,-0.000343,19.465027
38518,0.005708,0.449439,-0.041393,-0.017537,-0.034260,0.000316,-0.999259,-0.000343,21.459732
38525,0.005763,0.449448,-0.041365,-0.017971,-0.034302,0.001004,-0.999250,-0.000343,22.757149
38525,0.005763,0.449448,-0.041365,-0.017971,-0.034302,0.001004,-0.999250,0.000000,23.846855
38529,0.005783,0.449464,-0.041351,-0.017782,-0.034378,0.001379,-0.999250,-0.000343,25.190620
38536,0.005824,0.449457,-0.041326,-0.018356,-0.034261,0.001862,-0.999243,-0.000343,27.077866
38536,0.005824,0.449457,-0.041326,-0.018356,-0.034261,0.001862,-0.999243,0.000000,29.571075
38543,0.005842,0.449472,-0.041310,-0.018340,-0.034333,0.002348,-0.999239,-0.000343,32.529831
38547,0.005854,0.449468,-0.041321,-0.018612,-0.034266,0.002508,-0.999236,0.000000,35.698357
38547,0.005854,0.449468,-0.041321,-0.018612,-0.034266,0.002508,-0.999236,0.000000,38.823624
38554,0.005861,0.449480,-0.041333,-0.018584,-0.034332,0.002892,-0.999234,0.000000,41.805382
38557,0.005864,0.449473,-0.041344,-0.018810,-0.034248,0.002817,-0.999232,-0.000343,44.722252
38557,0.005864,0.449473,-0.041344,-0.018810,-0.034248,0.002817,-0.999232,0.000000,48.052483
38561,0.005860,0.449484,-0.041346,-0.018639,-0.034314,0.003107,-0.999232,-0.000343,52.515678
38568,0.005875,0.449496,-0.041345,-0.018917,-0.034269,0.003680,-0.999227,-0.000343,58.402290
38568,0.005875,0.449496,-0.041345,-0.018917,-0.034269,0.003680,-0.999227,-0.000343,64.623985
38575,0.005960,0.449522,-0.041320,-0.019487,-0.033982,0.005465,-0.999218,0.000000,70.835724
38575,0.005960,0.449522,-0.041320,-0.019487,-0.033982,0.005465,-0.999218,-0.000343,77.017250
38582,0.006205,0.449582,-0.041230,-0.021017,-0.034043,0.009626,-0.999153,0.000000,83.147278
38582,0.006205,0.449582,-0.041230,-0.021017,-0.034043,0.009626,-0.999153,-0.000343,89.504585
38586,0.006424,0.449624,-0.041138,-0.022919,-0.034074,0.013465,-0.999066,0.000000,92.288246
38593,0.006733,0.449664,-0.041000,-0.025286,-0.034166,0.018371,-0.998927,-0.000343,92.318459
38593,0.006733,0.449664,-0.041000,-0.025286,-0.034166,0.018371,-0.998927,-0.000343,89.494286
38597,0.006715,0.449661,-0.040999,-0.025391,-0.034145,0.018404,-0.998925,-0.000343,85.160866
38604,0.006673,0.449649,-0.040966,-0.025571,-0.034042,0.018391,-0.998924,-0.000343,81.244926
38604,0.006673,0.449649,-0.040966,-0.025571,-0.034042,0.018391,-0.998924,-0.000343,79.126282
38611,0.006675,0.449653,-0.040976,-0.025627,-0.034082,0.018534,-0.998919,0.000000,79.566765
38614,0.006667,0.449661,-0.041005,-0.025482,-0.034060,0.018481,-0.998924,-0.000343,82.041779
38614,0.006667,0.449661,-0.041005,-0.025482,-0.034060,0.018481,-0.998924,-0.000343,85.526505
38621,0.006714,0.449673,-0.041037,-0.025468,-0.034145,0.018745,-0.998917,-0.000343,88.643188
38625,0.006727,0.449672,-0.041032,-0.025349,-0.034116,0.018724,-0.998921,-0.000343,90.336456
38625,0.006727,0.449672,-0.041032,-0.025349,-0.034116,0.018724,-0.998921,-0.000343,90.272598
38632,0.006719,0.449669,-0.041012,-0.025567,-0.034071,0.018850,-0.998915,-0.000343,88.662071
38632,0.006719,0.449669,-0.041012,-0.025567,-0.034071,0.018850,-0.998915,-0.000343,87.567215
38639,0.006703,0.449658,-0.040968,-0.025715,-0.034048,0.018782,-0.998913,0.000000,84.361954
38639,0.006703,0.449658,-0.040968,-0.025715,-0.034048,0.018782,-0.998913,-0.000343,83.457298
38646,0.006704,0.449659,-0.040965,-0.025662,-0.034053,0.018791,-0.998914,-0.000343,83.825340
38646,0.006704,0.449659,-0.040965,-0.025662,-0.034053,0.018791,-0.998914,-0.000343,85.344200
38653,0.006717,0.449666,-0.040984,-0.025651,-0.034042,0.018916,-0.998912,-0.000343,87.371521
38657,0.006715,0.449670,-0.040995,-0.025588,-0.034051,0.018908,-0.998914,-0.000343,89.155769
38657,0.006715,0.449670,-0.040995,-0.025588,-0.034051,0.018908,-0.998914,0.000000,90.111923
38661,0.006716,0.449668,-0.040995,-0.025718,-0.034046,0.019009,-0.998908,-0.000343,90.107117
38667,0.006728,0.449669,-0.040996,-0.025642,-0.034073,0.018969,-0.998910,-0.000343,89.250870
38667,0.006728,0.449669,-0.040996,-0.025642,-0.034073,0.018969,-0.998910,-0.000343,88.038597
38675,0.006748,0.449667,-0.041002,-0.025727,-0.034035,0.019094,-0.998907,-0.000343,87.023735
38678,0.006741,0.449670,-0.041010,-0.025661,-0.034048,0.019072,-0.998909,0.000000,86.617241
38682,0.006722,0.449669,-0.041011,-0.025740,-0.034065,0.019116,-0.998905,-0.000343,86.897049
38682,0.006722,0.449669,-0.041011,-0.025740,-0.034065,0.019116,-0.998905,-0.000343,87.820244
38689,0.006705,0.449672,-0.041017,-0.025683,-0.034091,0.019035,-0.998907,-0.000343,89.034576
38689,0.006705,0.449672,-0.041017,-0.025683,-0.034091,0.019035,-0.998907,0.000000,90.101624
38696,0.006718,0.449676,-0.041012,-0.025734,-0.034062,0.019192,-0.998904,0.000000,90.707245
38696,0.006718,0.449676,-0.041012,-0.025734,-0.034062,0.019192,-0.998904,-0.000343,90.799599
38703,0.006729,0.449672,-0.040981,-0.025761,-0.034031,0.019218,-0.998904,-0.000343,90.444603
38703,0.006729,0.449672,-0.040981,-0.025761,-0.034031,0.019218,-0.998904,-0.000343,89.866447
38710,0.006737,0.449669,-0.040966,-0.025777,-0.033984,0.019217,-0.998905,0.000000,89.353180
38713,0.006741,0.449670,-0.040967,-0.025738,-0.034023,0.019195,-0.998905,-0.000343,89.160576
38713,0.006741,0.449670,-0.040967,-0.025738,-0.034023,0.019195,-0.998905,0.000000,89.323997
38717,0.006745,0.449671,-0.040976,-0.025841,-0.034016,0.019284,-0.998901,-0.000343,89.865761
38721,0.006742,0.449673,-0.040991,-0.025691,-0.034030,0.019185,-0.998906,0.000000,90.608711
38724,0.006738,0.449671,-0.041001,-0.025781,-0.034055,0.019243,-0.998902,-0.000343,91.325912
38731,0.006732,0.449678,-0.041021,-0.025741,-0.034061,0.019350,-0.998901,0.000000,91.811714
38731,0.006732,0.449678,-0.041021,-0.025741,-0.034061,0.019350,-0.998901,0.000000,91.966209
38739,0.006729,0.449679,-0.041007,-0.025789,-0.034090,0.019410,-0.998897,0.000000,91.914024
38742,0.006727,0.449675,-0.040993,-0.025830,-0.034060,0.019401,-0.998898,-0.000343,91.684685
38742,0.006727,0.449675,-0.040993,-0.025830,-0.034060,0.019401,-0.998898,0.000000,91.450195
38746,0.006733,0.449674,-0.040975,-0.025961,-0.034074,0.019520,-0.998891,-0.000343,91.362991
38753,0.006748,0.449673,-0.040970,-0.025924,-0.034018,0.019557,-0.998894,-0.000343,91.438179
38753,0.006748,0.449673,-0.040970,-0.025924,-0.034018,0.019557,-0.998894,-0.000343,91.746826
38756,0.006755,0.449676,-0.040975,-0.025949,-0.034007,0.019594,-0.998893,-0.000343,92.218208
38763,0.006759,0.449679,-0.040991,-0.025912,-0.034036,0.019728,-0.998890,0.000000,92.722206
38767,0.006758,0.449679,-0.040991,-0.026033,-0.034078,0.019804,-0.998884,0.000000,93.134537
38770,0.006760,0.449679,-0.040990,-0.026054,-0.034075,0.019930,-0.998881,-0.000343,93.377609
38770,0.006760,0.449679,-0.040990,-0.026054,-0.034075,0.019930,-0.998881,-0.000343,93.435974
38774,0.006767,0.449683,-0.040991,-0.026045,-0.034049,0.020081,-0.998879,-0.000343,93.433228
38778,0.006780,0.449682,-0.040978,-0.026312,-0.034022,0.020344,-0.998867,-0.000343,93.404388
38781,0.006789,0.449684,-0.040970,-0.026332,-0.034037,0.020419,-0.998865,0.000000,93.400269
38785,0.006789,0.449682,-0.040956,-0.026359,-0.034047,0.020512,-0.998862,-0.000343,93.426704
38792,0.006790,0.449681,-0.040943,-0.026554,-0.034021,0.020688,-0.998854,-0.000343,93.592873
38792,0.006790,0.449681,-0.040943,-0.026554,-0.034021,0.020688,-0.998854,0.000000,93.889503
38799,0.006812,0.449686,-0.040948,-0.026579,-0.034020,0.020938,-0.998848,-0.000343,94.257889
38799,0.006812,0.449686,-0.040948,-0.026579,-0.034020,0.020938,-0.998848,0.000000,94.643784
38803,0.006826,0.449690,-0.040952,-0.026649,-0.034033,0.021179,-0.998841,-0.000343,94.887886
38810,0.006855,0.449697,-0.040942,-0.026956,-0.033987,0.021736,-0.998822,-0.000343,95.057487
38813,0.006863,0.449699,-0.040935,-0.027085,-0.034037,0.022009,-0.998811,-0.000343,95.132675
38817,0.006874,0.449701,-0.040931,-0.027095,-0.033969,0.022117,-0.998811,0.000000,95.153961
38817,0.006874,0.449701,-0.040931,-0.027095,-0.033969,0.022117,-0.998811,-0.000343,95.183487
38824,0.006891,0.449705,-0.040922,-0.027318,-0.033950,0.022446,-0.998798,0.000000,95.278244
38824,0.006891,0.449705,-0.040922,-0.027318,-0.033950,0.022446,-0.998798,-0.000343,95.452995
38827,0.006898,0.449707,-0.040921,-0.027295,-0.033981,0.022556,-0.998795,-0.000343,95.703621
38834,0.006917,0.449707,-0.040910,-0.027555,-0.033951,0.022875,-0.998782,-0.000343,95.992012
38838,0.006934,0.449710,-0.040901,-0.027563,-0.034036,0.023021,-0.998775,0.000000,96.279373
38838,0.006934,0.449710,-0.040901,-0.027563,-0.034036,0.023021,-0.998775,-0.000343,96.505966
38845,0.006976,0.449715,-0.040879,-0.028016,-0.033998,0.023781,-0.998746,0.000000,96.664581
38845,0.006976,0.449715,-0.040879,-0.028016,-0.033998,0.023781,-0.998746,0.000000,96.767235
38849,0.006988,0.449718,-0.040870,-0.028094,-0.033966,0.024083,-0.998738,-0.000343,96.832123
38852,0.006997,0.449719,-0.040865,-0.028211,-0.033952,0.024314,-0.998729,-0.000343,96.925163
38859,0.007012,0.449726,-0.040867,-0.028405,-0.033983,0.024772,-0.998712,-0.000343,97.066956
38863,0.007028,0.449728,-0.040869,-0.028535,-0.033979,0.024938,-0.998704,-0.000343,97.253380
38863,0.007028,0.449728,-0.040869,-0.028535,-0.033979,0.024938,-0.998704,0.000000,97.484779
38866,0.007036,0.449731,-0.040869,-0.028594,-0.034036,0.025137,-0.998695,-0.000343,97.726479
38873,0.007063,0.449736,-0.040861,-0.028701,-0.034007,0.025559,-0.998682,0.000000,97.953072
38877,0.007079,0.449737,-0.040845,-0.028898,-0.034009,0.025878,-0.998668,-0.000343,98.138123
38881,0.007093,0.449737,-0.040823,-0.028977,-0.034015,0.026038,-0.998662,-0.000343,98.285751
38884,0.007102,0.449739,-0.040807,-0.029044,-0.034023,0.026207,-0.998655,0.000000,98.410721
38884,0.007102,0.449739,-0.040807,-0.029044,-0.034023,0.026207,-0.998655,0.000000,98.532600
38888,0.007113,0.449739,-0.040785,-0.029175,-0.034030,0.026469,-0.998644,0.000000,98.673019
38895,0.007121,0.449741,-0.040778,-0.029333,-0.034019,0.026731,-0.998633,0.000000,98.834724
38895,0.007121,0.449741,-0.040778,-0.029333,-0.034019,0.026731,-0.998633,0.000000,99.019089
38898,0.007125,0.449743,-0.040784,-0.029388,-0.034050,0.026863,-0.998627,-0.000343,99.229889
38902,0.007131,0.449747,-0.040807,-0.029366,-0.034029,0.026995,-0.998625,-0.000343,99.436226
38902,0.007131,0.449747,-0.040807,-0.029366,-0.034029,0.026995,-0.998625,-0.000343,99.629860
38902,0.007131,0.449747,-0.040807,-0.029366,-0.034029,0.026995,-0.998625,0.000000,99.811134
38902,0.007131,0.449747,-0.040807,-0.029366,-0.034029,0.026995,-0.998625,-0.000343,99.963913
38902,0.007131,0.449747,-0.040807,-0.029366,-0.034029,0.026995,-0.998625,0.000000,100.106392
38902,0.007131,0.449747,-0.040807,-0.029366,-0.034029,0.026995,-0.998625,0.000000,100.252304
38902,0.007131,0.449747,-0.040807,-0.029366,-0.034029,0.026995,-0.998625,-0.000343,100.409546
38902,0.007131,0.449747,-0.040807,-0.029366,-0.034029,0.026995,-0.998625,-0.000343,100.573311
38902,0.007131,0.449747,-0.040807,-0.029366,-0.034029,0.026995,-0.998625,0.000000,100.751495
38902,0.007131,0.449747,-0.040807,-0.029366,-0.034029,0.026995,-0.998625,-0.000343,100.945473
38902,0.007131,0.449747,-0.040807,-0.029366,-0.034029,0.026995,-0.998625,-0.000343,101.149063
38902,0.007131,0.449747,-0.040807,-0.029366,-0.034029,0.026995,-0.998625,0.000000,101.334114
38902,0.007131,0.449747,-0.040807,-0.029366,-0.034029,0.026995,-0.998625,-0.000343,101.507492
38902,0.007131,0.449747,-0.040807,-0.029366,-0.034029,0.026995,-0.998625,-0.000343,101.669197
38902,0.007131,0.449747,-0.040807,-0.029366,-0.034029,0.026995,-0.998625,0.000000,101.826782
38902,0.007131,0.449747,-0.040807,-0.029366,-0.034029,0.026995,-0.998625,-0.000343,101.976128
38902,0.007131,0.449747,-0.040807,-0.029366,-0.034029,0.026995,-0.998625,-0.000343,102.131653
38902,0.007131,0.449747,-0.040807,-0.029366,-0.034029,0.026995,-0.998625,-0.000343,102.298851
38902,0.007131,0.449747,-0.040807,-0.029366,-0.034029,0.026995,-0.998625,-0.000343,102.470512
38902,0.007131,0.449747,-0.040807,-0.029366,-0.034029,0.026995,-0.998625,-0.000343,102.654877
38902,0.007131,0.449747,-0.040807,-0.029366,-0.034029,0.026995,-0.998625,-0.000343,102.840958
38902,0.007131,0.449747,-0.040807,-0.029366,-0.034029,0.026995,-0.998625,-0.000343,103.021889
38902,0.007131,0.449747,-0.040807,-0.029366,-0.034029,0.026995,-0.998625,-0.000343,103.194580
38902,0.007131,0.449747,-0.040807,-0.029366,-0.034029,0.026995,-0.998625,-0.000343,103.374138
38902,0.007131,0.449747,-0.040807,-0.029366,-0.034029,0.026995,-0.998625,0.000000,103.542366
38902,0.007131,0.449747,-0.040807,-0.029366,-0.034029,0.026995,-0.998625,0.000000,103.705101
38902,0.007131,0.449747,-0.040807,-0.029366,-0.034029,0.026995,-0.998625,0.000000,103.854446
38902,0.007131,0.449747,-0.040807,-0.029366,-0.034029,0.026995,-0.998625,-0.000343,104.012032
38902,0.007131,0.449747,-0.040807,-0.029366,-0.034029,0.026995,-0.998625,-0.000343,104.188156
38902,0.007131,0.449747,-0.040807,-0.029366,-0.034029,0.026995,-0.998625,0.000000,104.364624
39008,0.007535,0.449813,-0.040672,-0.032510,-0.034012,0.033986,-0.998314,0.000000,104.539375
39012,0.007566,0.449813,-0.040649,-0.032626,-0.034037,0.034351,-0.998297,0.000000,104.729919
39019,0.007614,0.449814,-0.040584,-0.032961,-0.033979,0.035050,-0.998264,0.000000,104.919777
39019,0.007614,0.449814,-0.040584,-0.032961,-0.033979,0.035050,-0.998264,-0.000343,105.092125
39026,0.007650,0.449814,-0.040536,-0.033365,-0.033956,0.035719,-0.998227,0.000000,105.253487
39026,0.007650,0.449814,-0.040536,-0.033365,-0.033956,0.035719,-0.998227,0.000000,105.412102
39033,0.007672,0.449822,-0.040557,-0.033464,-0.033956,0.036143,-0.998209,0.000000,105.567970
39037,0.007679,0.449827,-0.040585,-0.033606,-0.033985,0.036445,-0.998192,0.000000,105.730705
39037,0.007679,0.449827,-0.040585,-0.033606,-0.033985,0.036445,-0.998192,0.000000,105.906143
39040,0.007679,0.449831,-0.040608,-0.033595,-0.034017,0.036578,-0.998187,-0.000343,106.086388
39047,0.007691,0.449834,-0.040629,-0.033809,-0.034061,0.036987,-0.998163,0.000000,106.268692
39047,0.007691,0.449834,-0.040629,-0.033809,-0.034061,0.036987,-0.998163,-0.000343,106.465073
39055,0.007737,0.449839,-0.040591,-0.034124,-0.034038,0.037615,-0.998129,0.000000,106.617165
39058,0.007765,0.449840,-0.040556,-0.034263,-0.034070,0.037906,-0.998112,0.000000,106.794662
39061,0.007782,0.449838,-0.040521,-0.034392,-0.034054,0.038102,-0.998101,0.000000,106.964951
39061,0.007782,0.449838,-0.040521,-0.034392,-0.034054,0.038102,-0.998101,0.000000,107.130775
39069,0.007806,0.449840,-0.040462,-0.034690,-0.033964,0.038561,-0.998076,0.000000,107.290764
39072,0.007808,0.449841,-0.040466,-0.034658,-0.034008,0.038697,-0.998071,0.000000,107.462082
39072,0.007808,0.449841,-0.040466,-0.034658,-0.034008,0.038697,-0.998071,0.000000,107.632713
39079,0.007816,0.449849,-0.040509,-0.034833,-0.034015,0.039026,-0.998051,0.000000,107.803001
39083,0.007813,0.449856,-0.040546,-0.034708,-0.034111,0.039164,-0.998047,0.000000,107.973289
39083,0.007813,0.449856,-0.040546,-0.034708,-0.034111,0.039164,-0.998047,0.000000,108.159027
39090,0.007818,0.449859,-0.040578,-0.034941,-0.034115,0.039551,-0.998024,0.000000,108.311806
39090,0.007818,0.449859,-0.040578,-0.034941,-0.034115,0.039551,-0.998024,0.000000,108.491364
39097,0.007838,0.449859,-0.040558,-0.035022,-0.034091,0.039808,-0.998011,0.000000,108.675728
39097,0.007838,0.449859,-0.040558,-0.035022,-0.034091,0.039808,-0.998011,-0.000343,108.846703
39104,0.007877,0.449859,-0.040496,-0.035240,-0.034102,0.040154,-0.997989,0.000000,109.016991
39104,0.007877,0.449859,-0.040496,-0.035240,-0.034102,0.040154,-0.997989,0.000000,109.182472
39108,0.007896,0.449855,-0.040464,-0.035422,-0.034100,0.040322,-0.997976,0.000000,109.352074
39115,0.007924,0.449859,-0.040434,-0.035580,-0.034063,0.040698,-0.997957,0.000000,109.500732
39115,0.007924,0.449859,-0.040434,-0.035580,-0.034063,0.040698,-0.997957,0.000000,109.674110
39122,0.007930,0.449864,-0.040445,-0.035844,-0.034094,0.041188,-0.997926,0.000000,109.862938
39122,0.007930,0.449864,-0.040445,-0.035844,-0.034094,0.041188,-0.997926,0.000000,110.046616
39125,0.007929,0.449868,-0.040458,-0.035813,-0.034109,0.041384,-0.997919,0.000000,110.212784
39132,0.007942,0.449873,-0.040488,-0.036015,-0.034134,0.041776,-0.997894,0.000000,110.381355
39132,0.007942,0.449873,-0.040488,-0.036015,-0.034134,0.041776,-0.997894,0.000000,110.556107
39140,0.007983,0.449879,-0.040487,-0.036265,-0.034130,0.042229,-0.997866,0.000000,110.721245
39140,0.007983,0.449879,-0.040487,-0.036265,-0.034130,0.042229,-0.997866,0.000000,110.892220
39147,0.008009,0.449880,-0.040454,-0.036392,-0.034117,0.042573,-0.997847,0.000000,111.067314
39150,0.008020,0.449877,-0.040439,-0.036485,-0.034090,0.042748,-0.997837,0.000000,111.241722
39154,0.008046,0.449878,-0.040415,-0.036734,-0.034119,0.043081,-0.997813,0.000000,111.414413
39154,0.008046,0.449878,-0.040415,-0.036734,-0.034119,0.043081,-0.997813,0.000000,111.598091
39158,0.008071,0.449882,-0.040403,-0.036794,-0.034125,0.043241,-0.997804,0.000000,111.762886
39164,0.008089,0.449884,-0.040395,-0.037004,-0.034084,0.043593,-0.997782,0.000343,111.928024
39164,0.008089,0.449884,-0.040395,-0.037004,-0.034084,0.043593,-0.997782,0.000000,112.097282
39172,0.008085,0.449887,-0.040398,-0.037170,-0.034045,0.044000,-0.997759,0.000000,112.260361
39175,0.008086,0.449889,-0.040403,-0.037245,-0.034056,0.044194,-0.997748,0.000343,112.438889
39175,0.008086,0.449889,-0.040403,-0.037245,-0.034056,0.044194,-0.997748,0.000000,112.628746
39179,0.008094,0.449894,-0.040408,-0.037268,-0.034092,0.044386,-0.997737,0.000000,112.780151
39182,0.008103,0.449896,-0.040410,-0.037331,-0.034077,0.044569,-0.997727,0.000000,112.950096
39186,0.008123,0.449898,-0.040402,-0.037539,-0.034104,0.044884,-0.997704,0.000000,113.123817
39193,0.008163,0.449902,-0.040381,-0.037702,-0.034060,0.045303,-0.997680,0.000343,113.297882
39193,0.008163,0.449902,-0.040381,-0.037702,-0.034060,0.045303,-0.997680,-0.000343,113.466797
39200,0.008192,0.449901,-0.040352,-0.037952,-0.034055,0.045800,-0.997648,0.000000,113.643608
39204,0.008204,0.449901,-0.040343,-0.038099,-0.034063,0.046013,-0.997633,0.000000,113.817329
39204,0.008204,0.449901,-0.040343,-0.038099,-0.034063,0.046013,-0.997633,0.000000,113.990707
39207,0.008217,0.449905,-0.040338,-0.038249,-0.034082,0.046260,-0.997615,0.000000,114.174385
39214,0.008232,0.449904,-0.040338,-0.038335,-0.034067,0.046593,-0.997597,0.000000,114.326477
39218,0.008238,0.449905,-0.040339,-0.038480,-0.034106,0.046913,-0.997575,0.000000,114.492302
39221,0.008243,0.449908,-0.040338,-0.038531,-0.034103,0.047029,-0.997567,0.000000,114.666023
39225,0.008252,0.449911,-0.040338,-0.038612,-0.034100,0.047249,-0.997554,0.000000,114.846954
39225,0.008252,0.449911,-0.040338,-0.038612,-0.034100,0.047249,-0.997554,0.000000,115.019302
39229,0.008267,0.449912,-0.040332,-0.038756,-0.034093,0.047507,-0.997536,0.000000,115.179977
39235,0.008307,0.449913,-0.040316,-0.038950,-0.034112,0.048032,-0.997503,0.000000,115.343742
39235,0.008307,0.449913,-0.040316,-0.038950,-0.034112,0.048032,-0.997503,0.000000,115.520210
39243,0.008352,0.449917,-0.040293,-0.039244,-0.034066,0.048605,-0.997465,0.000000,115.691872
39246,0.008368,0.449919,-0.040283,-0.039305,-0.034057,0.048830,-0.997452,0.000343,115.871773
39246,0.008368,0.449919,-0.040283,-0.039305,-0.034057,0.048830,-0.997452,0.000000,116.046524
39253,0.008394,0.449919,-0.040262,-0.039610,-0.034063,0.049380,-0.997413,0.000343,116.220589
39253,0.008394,0.449919,-0.040262,-0.039610,-0.034063,0.049380,-0.997413,0.000000,116.410789
39260,0.008400,0.449922,-0.040250,-0.039892,-0.034053,0.049811,-0.997381,0.000000,116.559105
39260,0.008400,0.449922,-0.040250,-0.039892,-0.034053,0.049811,-0.997381,0.000000,116.734543
39268,0.008420,0.449926,-0.040267,-0.040076,-0.034040,0.050342,-0.997347,0.000000,116.900711
39268,0.008420,0.449926,-0.040267,-0.040076,-0.034040,0.050342,-0.997347,0.000343,117.070999
39275,0.008441,0.449933,-0.040278,-0.040131,-0.034086,0.050670,-0.997327,0.000000,117.241974
39278,0.008449,0.449935,-0.040277,-0.040223,-0.034084,0.050782,-0.997317,0.000000,117.418098
39282,0.008465,0.449935,-0.040262,-0.040412,-0.034107,0.051091,-0.997293,0.000000,117.586670
39282,0.008465,0.449935,-0.040262,-0.040412,-0.034107,0.051091,-0.997293,0.000000,117.757988
39289,0.008506,0.449935,-0.040228,-0.040646,-0.034051,0.051488,-0.997265,0.000000,117.923470
39289,0.008506,0.449935,-0.040228,-0.040646,-0.034051,0.051488,-0.997265,0.000000,118.095818
39292,0.008525,0.449934,-0.040212,-0.040743,-0.034073,0.051709,-0.997249,0.000000,118.277779
39296,0.008542,0.449937,-0.040192,-0.040865,-0.034052,0.051995,-0.997230,0.000000,118.475533
39299,0.008546,0.449937,-0.040184,-0.040892,-0.034059,0.052083,-0.997224,0.000000,118.635178
39306,0.008553,0.449939,-0.040182,-0.041094,-0.034090,0.052484,-0.997193,0.000343,118.813019
39306,0.008553,0.449939,-0.040182,-0.041094,-0.034090,0.052484,-0.997193,0.000000,118.976784
39314,0.008567,0.449946,-0.040209,-0.041250,-0.034066,0.052918,-0.997165,0.000343,119.134026
39317,0.008575,0.449947,-0.040218,-0.041245,-0.034063,0.053019,-0.997160,0.000343,119.284058
39317,0.008575,0.449947,-0.040218,-0.041245,-0.034063,0.053019,-0.997160,0.000343,119.445419
39324,0.008593,0.449950,-0.040220,-0.041421,-0.034105,0.053353,-0.997133,0.000343,119.622231
39324,0.008593,0.449950,-0.040220,-0.041421,-0.034105,0.053353,-0.997133,0.000000,119.821358
39331,0.008617,0.449953,-0.040200,-0.041440,-0.034091,0.053528,-0.997124,0.000343,120.006752
39331,0.008617,0.449953,-0.040200,-0.041440,-0.034091,0.053528,-0.997124,0.000000,120.185623
39339,0.008635,0.449950,-0.040162,-0.041609,-0.034076,0.053819,-0.997101,0.000343,120.354881
39339,0.008635,0.449950,-0.040162,-0.041609,-0.034076,0.053819,-0.997101,0.000343,120.520020
39346,0.008654,0.449953,-0.040138,-0.041780,-0.034109,0.054120,-0.997077,0.000000,120.672112
39349,0.008657,0.449954,-0.040141,-0.041854,-0.034091,0.054280,-0.997066,0.000000,120.839653
39353,0.008666,0.449953,-0.040146,-0.041917,-0.034149,0.054368,-0.997056,0.000000,121.003075
39353,0.008666,0.449953,-0.040146,-0.041917,-0.034149,0.054368,-0.997056,0.000343,121.174049
39356,0.008670,0.449955,-0.040158,-0.041987,-0.034121,0.054543,-0.997045,0.000343,121.358757
39363,0.008680,0.449962,-0.040175,-0.042003,-0.034102,0.054758,-0.997033,0.000343,121.543465
39363,0.008680,0.449962,-0.040175,-0.042003,-0.034102,0.054758,-0.997033,0.000343,121.732635
39370,0.008700,0.449961,-0.040166,-0.042213,-0.034113,0.055125,-0.997003,0.000343,121.904984
39370,0.008700,0.449961,-0.040166,-0.042213,-0.034113,0.055125,-0.997003,0.000343,122.070122
39377,0.008732,0.449960,-0.040145,-0.042450,-0.034092,0.055508,-0.996973,0.000343,122.230797
39377,0.008732,0.449960,-0.040145,-0.042450,-0.034092,0.055508,-0.996973,0.000343,122.401772
39385,0.008756,0.449963,-0.040111,-0.042596,-0.034150,0.055912,-0.996942,0.000343,122.567253
39388,0.008761,0.449963,-0.040104,-0.042674,-0.034140,0.056066,-0.996930,0.000343,122.736168
39388,0.008761,0.449963,-0.040104,-0.042674,-0.034140,0.056066,-0.996930,0.000343,122.911949
39395,0.008778,0.449967,-0.040106,-0.042703,-0.034140,0.056329,-0.996914,0.000343,123.088417
39399,0.008796,0.449971,-0.040110,-0.042921,-0.034145,0.056645,-0.996887,0.000343,123.260078
39402,0.008803,0.449971,-0.040117,-0.042884,-0.034152,0.056743,-0.996883,0.000343,123.425560
39406,0.008810,0.449974,-0.040120,-0.043026,-0.034132,0.056947,-0.996866,0.000343,123.597908
39409,0.008811,0.449973,-0.040117,-0.043105,-0.034144,0.057123,-0.996852,0.000343,123.773346
39409,0.008811,0.449973,-0.040117,-0.043105,-0.034144,0.057123,-0.996852,0.000000,123.951187
39417,0.008836,0.449975,-0.040101,-0.043349,-0.034104,0.057639,-0.996813,0.000000,124.135551
39417,0.008836,0.449975,-0.040101,-0.043349,-0.034104,0.057639,-0.996813,0.000343,124.312706
39420,0.008852,0.449978,-0.040090,-0.043409,-0.034159,0.057861,-0.996795,0.000343,124.482307
39427,0.008890,0.449983,-0.040057,-0.043531,-0.034235,0.058328,-0.996760,0.000343,124.647102
39427,0.008890,0.449983,-0.040057,-0.043531,-0.034235,0.058328,-0.996760,0.000343,124.825287
39434,0.008915,0.449985,-0.040031,-0.043813,-0.034230,0.058889,-0.996715,0.000343,124.998322
39434,0.008915,0.449985,-0.040031,-0.043813,-0.034230,0.058889,-0.996715,0.000343,125.194702
39438,0.008930,0.449985,-0.040027,-0.044008,-0.034188,0.059204,-0.996689,0.000000,125.390739
39438,0.008930,0.449985,-0.040027,-0.044008,-0.034188,0.059204,-0.996689,0.000343,125.576134
39438,0.008930,0.449985,-0.040027,-0.044008,-0.034188,0.059204,-0.996689,0.000000,125.740929
39438,0.008930,0.449985,-0.040027,-0.044008,-0.034188,0.059204,-0.996689,0.000000,125.895081
39438,0.008930,0.449985,-0.040027,-0.044008,-0.034188,0.059204,-0.996689,0.000343,126.009407
39438,0.008930,0.449985,-0.040027,-0.044008,-0.034188,0.059204,-0.996689,0.000343,126.095924
39438,0.008930,0.449985,-0.040027,-0.044008,-0.034188,0.059204,-0.996689,0.000000,126.155663
39438,0.008930,0.449985,-0.040027,-0.044008,-0.034188,0.059204,-0.996689,0.000000,126.203041
39438,0.008930,0.449985,-0.040027,-0.044008,-0.034188,0.059204,-0.996689,0.000000,126.257286
39438,0.008930,0.449985,-0.040027,-0.044008,-0.034188,0.059204,-0.996689,0.000343,126.328697
39438,0.008930,0.449985,-0.040027,-0.044008,-0.034188,0.059204,-0.996689,0.000343,126.419334
39438,0.008930,0.449985,-0.040027,-0.044008,-0.034188,0.059204,-0.996689,0.000343,126.524048
39438,0.008930,0.449985,-0.040027,-0.044008,-0.034188,0.059204,-0.996689,0.000343,126.646614
39438,0.008930,0.449985,-0.040027,-0.044008,-0.034188,0.059204,-0.996689,0.000000,126.760254
39438,0.008930,0.449985,-0.040027,-0.044008,-0.034188,0.059204,-0.996689,0.000343,126.852608
39438,0.008930,0.449985,-0.040027,-0.044008,-0.034188,0.059204,-0.996689,0.000000,126.924706
39438,0.008930,0.449985,-0.040027,-0.044008,-0.034188,0.059204,-0.996689,0.000343,126.998177
39438,0.008930,0.449985,-0.040027,-0.044008,-0.034188,0.059204,-0.996689,0.000343,127.075424
39438,0.008930,0.449985,-0.040027,-0.044008,-0.034188,0.059204,-0.996689,0.000000,127.176704
39438,0.008930,0.449985,-0.040027,-0.044008,-0.034188,0.059204,-0.996689,0.000000,127.258415
39438,0.008930,0.449985,-0.040027,-0.044008,-0.034188,0.059204,-0.996689,0.000000,127.355919
39438,0.008930,0.449985,-0.040027,-0.044008,-0.034188,0.059204,-0.996689,0.000000,127.445869
39438,0.008930,0.449985,-0.040027,-0.044008,-0.034188,0.059204,-0.996689,0.000343,127.531700
39438,0.008930,0.449985,-0.040027,-0.044008,-0.034188,0.059204,-0.996689,0.000000,127.627487
39438,0.008930,0.449985,-0.040027,-0.044008,-0.034188,0.059204,-0.996689,0.000000,127.714691
39438,0.008930,0.449985,-0.040027,-0.044008,-0.034188,0.059204,-0.996689,0.000343,127.802925
39438,0.008930,0.449985,-0.040027,-0.044008,-0.034188,0.059204,-0.996689,0.000000,127.889099
39438,0.008930,0.449985,-0.040027,-0.044008,-0.034188,0.059204,-0.996689,0.000000,127.984543
39438,0.008930,0.449985,-0.040027,-0.044008,-0.034188,0.059204,-0.996689,0.000000,128.076553
39438,0.008930,0.449985,-0.040027,-0.044008,-0.034188,0.059204,-0.996689,0.000000,128.162041
39544,0.009232,0.450015,-0.039901,-0.046542,-0.034170,0.064622,-0.996238,0.000343,128.247185
39548,0.009244,0.450014,-0.039893,-0.046745,-0.034192,0.064890,-0.996210,0.000000,128.339882
39555,0.009269,0.450015,-0.039893,-0.046874,-0.034194,0.065145,-0.996188,0.000343,128.434982
39555,0.009269,0.450015,-0.039893,-0.046874,-0.034194,0.065145,-0.996188,0.000343,128.523560
39559,0.009280,0.450017,-0.039894,-0.046931,-0.034165,0.065351,-0.996172,0.000000,128.619347
39562,0.009287,0.450018,-0.039893,-0.046948,-0.034181,0.065480,-0.996163,0.000343,128.706894
39566,0.009293,0.450016,-0.039893,-0.047072,-0.034228,0.065652,-0.996144,0.000343,128.781052
39573,0.009305,0.450016,-0.039884,-0.047183,-0.034203,0.065922,-0.996122,0.000000,128.856583
39576,0.009312,0.450020,-0.039880,-0.047219,-0.034222,0.066043,-0.996111,0.000343,128.942070
39580,0.009321,0.450020,-0.039873,-0.047365,-0.034185,0.066236,-0.996093,0.000343,129.034767
39583,0.009327,0.450022,-0.039869,-0.047373,-0.034171,0.066382,-0.996083,0.000000,129.130554
39583,0.009327,0.450022,-0.039869,-0.047373,-0.034171,0.066382,-0.996083,0.000000,129.233208
39587,0.009334,0.450021,-0.039864,-0.047406,-0.034110,0.066485,-0.996077,0.000343,129.332771
39594,0.009347,0.450024,-0.039854,-0.047477,-0.034167,0.066733,-0.996055,0.000343,129.421005
39594,0.009347,0.450024,-0.039854,-0.047477,-0.034167,0.066733,-0.996055,0.000343,129.498253
39598,0.009353,0.450022,-0.039848,-0.047627,-0.034151,0.066821,-0.996042,0.000343,129.585114
39601,0.009358,0.450023,-0.039847,-0.047681,-0.034148,0.067007,-0.996027,0.000343,129.669914
39608,0.009380,0.450027,-0.039849,-0.047704,-0.034129,0.067205,-0.996014,0.000343,129.758492
39608,0.009380,0.450027,-0.039849,-0.047704,-0.034129,0.067205,-0.996014,0.000343,129.851875
39612,0.009391,0.450028,-0.039850,-0.047802,-0.034122,0.067352,-0.995999,0.000343,129.941826
39619,0.009400,0.450028,-0.039848,-0.047844,-0.034157,0.067503,-0.995986,0.000343,130.034523
39619,0.009400,0.450028,-0.039848,-0.047844,-0.034157,0.067503,-0.995986,0.000343,130.116234
39623,0.009401,0.450027,-0.039841,-0.047913,-0.034164,0.067659,-0.995972,0.000000,130.214767
39626,0.009406,0.450029,-0.039839,-0.047895,-0.034192,0.067673,-0.995971,0.000343,130.296478
39630,0.009414,0.450031,-0.039833,-0.048054,-0.034132,0.067867,-0.995952,0.000343,130.382996
39637,0.009424,0.450031,-0.039826,-0.048064,-0.034156,0.068039,-0.995939,0.000000,130.471230
39637,0.009424,0.450031,-0.039826,-0.048064,-0.034156,0.068039,-0.995939,0.000343,130.559807
39644,0.009436,0.450030,-0.039818,-0.048254,-0.034184,0.068283,-0.995912,0.000343,130.648727
39647,0.009439,0.450030,-0.039819,-0.048234,-0.034167,0.068288,-0.995913,0.000000,130.743141
39647,0.009439,0.450030,-0.039819,-0.048234,-0.034167,0.068288,-0.995913,0.000000,130.838928
39651,0.009446,0.450031,-0.039819,-0.048315,-0.034174,0.068397,-0.995901,0.000343,130.931282
39658,0.009460,0.450033,-0.039819,-0.048327,-0.034130,0.068621,-0.995887,0.000343,131.018829
39658,0.009460,0.450033,-0.039819,-0.048327,-0.034130,0.068621,-0.995887,0.000000,131.107407
39665,0.009476,0.450036,-0.039812,-0.048501,-0.034103,0.068860,-0.995863,0.000343,131.189804
39665,0.009476,0.450036,-0.039812,-0.048501,-0.034103,0.068860,-0.995863,0.000000,131.274605
39672,0.009482,0.450035,-0.039803,-0.048533,-0.034147,0.069022,-0.995849,0.000343,131.357002
39676,0.009488,0.450035,-0.039796,-0.048635,-0.034129,0.069197,-0.995832,0.000000,131.449356
39676,0.009488,0.450035,-0.039796,-0.048635,-0.034129,0.069197,-0.995832,0.000343,131.538620
39683,0.009500,0.450034,-0.039791,-0.048705,-0.034122,0.069387,-0.995816,0.000000,131.631317
39683,0.009500,0.450034,-0.039791,-0.048705,-0.034122,0.069387,-0.995816,0.000000,131.729507
39690,0.009517,0.450039,-0.039795,-0.048749,-0.034110,0.069590,-0.995800,0.000343,131.824951
39694,0.009526,0.450038,-0.039793,-0.048892,-0.034136,0.069690,-0.995785,0.000343,131.911469
39697,0.009533,0.450039,-0.039794,-0.048921,-0.034141,0.069839,-0.995773,0.000000,131.988716
39697,0.009533,0.450039,-0.039794,-0.048921,-0.034141,0.069839,-0.995773,0.000343,132.076607
39704,0.009542,0.450039,-0.039788,-0.048991,-0.034127,0.069985,-0.995760,0.000343,132.166214
39704,0.009542,0.450039,-0.039788,-0.048991,-0.034127,0.069985,-0.995760,0.000000,132.261658
39708,0.009547,0.450039,-0.039783,-0.049001,-0.034130,0.070121,-0.995750,0.000000,132.350922
39715,0.009556,0.450039,-0.039773,-0.049147,-0.034154,0.070350,-0.995725,0.000000,132.440529
39718,0.009561,0.450040,-0.039770,-0.049255,-0.034147,0.070523,-0.995708,0.000000,132.528763
39722,0.009567,0.450041,-0.039768,-0.049194,-0.034178,0.070572,-0.995706,0.000343,132.606010
39725,0.009572,0.450043,-0.039765,-0.049280,-0.034132,0.070658,-0.995698,0.000000,132.696991
39729,0.009578,0.450042,-0.039761,-0.049399,-0.034169,0.070831,-0.995678,0.000343,132.792778
39732,0.009585,0.450044,-0.039762,-0.049409,-0.034123,0.070953,-0.995671,0.000000,132.889595
39736,0.009593,0.450045,-0.039759,-0.049403,-0.034114,0.070991,-0.995669,0.000343,132.981606
39736,0.009593,0.450045,-0.039759,-0.049403,-0.034114,0.070991,-0.995669,0.000000,133.064346
39740,0.009603,0.450045,-0.039756,-0.049473,-0.034100,0.071107,-0.995657,0.000000,133.151550
39743,0.009609,0.450046,-0.039754,-0.049483,-0.034128,0.071216,-0.995648,0.000343,133.237381
39747,0.009616,0.450045,-0.039752,-0.049612,-0.034119,0.071298,-0.995636,0.000000,133.324585
39750,0.009618,0.450046,-0.039751,-0.049690,-0.034096,0.071457,-0.995622,0.000000,133.413506
39754,0.009620,0.450049,-0.039752,-0.049634,-0.034104,0.071539,-0.995618,0.000000,133.506889
39761,0.009635,0.450051,-0.039745,-0.049832,-0.034130,0.071904,-0.995581,0.000000,133.604050
39761,0.009635,0.450051,-0.039745,-0.049832,-0.034130,0.071904,-0.995581,0.000000,133.698807
39765,0.009649,0.450053,-0.039743,-0.049846,-0.034116,0.072007,-0.995573,0.000000,133.788414
39768,0.009655,0.450052,-0.039739,-0.049919,-0.034118,0.072133,-0.995561,0.000000,133.870811
39772,0.009668,0.450054,-0.039731,-0.050050,-0.034128,0.072358,-0.995537,0.000000,133.960075
39779,0.009688,0.450051,-0.039712,-0.050263,-0.034122,0.072697,-0.995502,0.000000,134.045219
39779,0.009688,0.450051,-0.039712,-0.050263,-0.034122,0.072697,-0.995502,0.000000,134.126587
39786,0.009704,0.450052,-0.039698,-0.050356,-0.034099,0.072962,-0.995479,0.000000,134.216537
39789,0.009709,0.450053,-0.039696,-0.050393,-0.034113,0.073069,-0.995469,0.000000,134.308548
39793,0.009719,0.450053,-0.039696,-0.050582,-0.034089,0.073330,-0.995441,0.000000,134.397125
39796,0.009726,0.450055,-0.039700,-0.050566,-0.034086,0.073378,-0.995438,0.000000,134.489136
39800,0.009731,0.450056,-0.039706,-0.050629,-0.034083,0.073509,-0.995425,0.000343,134.579430
39800,0.009731,0.450056,-0.039706,-0.050629,-0.034083,0.073509,-0.995425,0.000000,134.667664
39804,0.009737,0.450056,-0.039707,-0.050704,-0.034070,0.073732,-0.995405,0.000343,134.751778
39811,0.009752,0.450059,-0.039697,-0.050863,-0.034077,0.074023,-0.995376,0.000000,134.845505
39814,0.009763,0.450058,-0.039688,-0.050939,-0.034047,0.074106,-0.995366,0.000000,134.941292
39814,0.009763,0.450058,-0.039688,-0.050939,-0.034047,0.074106,-0.995366,0.000000,135.035362
39821,0.009784,0.450057,-0.039665,-0.051013,-0.034075,0.074330,-0.995345,0.000000,135.125313
39825,0.009793,0.450056,-0.039652,-0.051188,-0.034085,0.074593,-0.995316,0.000000,135.212517
39825,0.009793,0.450056,-0.039652,-0.051188,-0.034085,0.074593,-0.995316,0.000000,135.291481
39832,0.009808,0.450055,-0.039643,-0.051283,-0.034071,0.074841,-0.995293,0.000000,135.365639
39835,0.009815,0.450057,-0.039641,-0.051365,-0.034096,0.074995,-0.995276,0.000000,135.457993
39839,0.009821,0.450058,-0.039647,-0.051416,-0.034105,0.075153,-0.995261,0.000000,135.554123
39839,0.009821,0.450058,-0.039647,-0.051416,-0.034105,0.075153,-0.995261,0.000000,135.651627
39846,0.009833,0.450058,-0.039652,-0.051599,-0.034144,0.075469,-0.995227,0.000343,135.742950
39850,0.009840,0.450062,-0.039657,-0.051518,-0.034085,0.075471,-0.995233,0.000000,135.831184
39850,0.009840,0.450062,-0.039657,-0.051518,-0.034085,0.075471,-0.995233,0.000000,135.921135
39857,0.009861,0.450065,-0.039649,-0.051731,-0.034076,0.075814,-0.995196,0.000343,136.004906
39857,0.009861,0.450065,-0.039649,-0.051731,-0.034076,0.075814,-0.995196,0.000000,136.091423
39860,0.009869,0.450063,-0.039639,-0.051773,-0.034050,0.075922,-0.995187,0.000000,136.181374
39860,0.009869,0.450063,-0.039639,-0.051773,-0.034050,0.075922,-0.995187,0.000000,136.271667
39860,0.009869,0.450063,-0.039639,-0.051773,-0.034050,0.075922,-0.995187,0.000000,136.367798
39860,0.009869,0.450063,-0.039639,-0.051773,-0.034050,0.075922,-0.995187,0.000000,136.458092
39860,0.009869,0.450063,-0.039639,-0.051773,-0.034050,0.075922,-0.995187,0.000343,136.543579
39860,0.009869,0.450063,-0.039639,-0.051773,-0.034050,0.075922,-0.995187,0.000000,136.633186
39860,0.009869,0.450063,-0.039639,-0.051773,-0.034050,0.075922,-0.995187,0.000000,136.721764
39860,0.009869,0.450063,-0.039639,-0.051773,-0.034050,0.075922,-0.995187,0.000000,136.812401
39860,0.009869,0.450063,-0.039639,-0.051773,-0.034050,0.075922,-0.995187,0.000000,136.898575
39860,0.009869,0.450063,-0.039639,-0.051773,-0.034050,0.075922,-0.995187,0.000000,136.988182
39860,0.009869,0.450063,-0.039639,-0.051773,-0.034050,0.075922,-0.995187,0.000000,137.078133
39860,0.009869,0.450063,-0.039639,-0.051773,-0.034050,0.075922,-0.995187,0.000000,137.165680
39860,0.009869,0.450063,-0.039639,-0.051773,-0.034050,0.075922,-0.995187,0.000000,137.249794
39860,0.009869,0.450063,-0.039639,-0.051773,-0.034050,0.075922,-0.995187,0.000000,137.337341
39860,0.009869,0.450063,-0.039639,-0.051773,-0.034050,0.075922,-0.995187,0.000000,137.432442
39860,0.009869,0.450063,-0.039639,-0.051773,-0.034050,0.075922,-0.995187,0.000000,137.522049
39860,0.009869,0.450063,-0.039639,-0.051773,-0.034050,0.075922,-0.995187,0.000000,137.617149
39860,0.009869,0.450063,-0.039639,-0.051773,-0.034050,0.075922,-0.995187,0.000000,137.701263
39860,0.009869,0.450063,-0.039639,-0.051773,-0.034050,0.075922,-0.995187,0.000000,137.789497
39860,0.009869,0.450063,-0.039639,-0.051773,-0.034050,0.075922,-0.995187,0.000000,137.878761
39860,0.009869,0.450063,-0.039639,-0.051773,-0.034050,0.075922,-0.995187,0.000000,137.972488
39860,0.009869,0.450063,-0.039639,-0.051773,-0.034050,0.075922,-0.995187,0.000000,138.066559
39860,0.009869,0.450063,-0.039639,-0.051773,-0.034050,0.075922,-0.995187,0.000343,138.153419
39860,0.009869,0.450063,-0.039639,-0.051773,-0.034050,0.075922,-0.995187,0.000000,138.244400
39860,0.009869,0.450063,-0.039639,-0.051773,-0.034050,0.075922,-0.995187,0.000000,138.327827
39860,0.009869,0.450063,-0.039639,-0.051773,-0.034050,0.075922,-0.995187,0.000000,138.416405
39860,0.009869,0.450063,-0.039639,-0.051773,-0.034050,0.075922,-0.995187,0.000000,138.507729
39860,0.009869,0.450063,-0.039639,-0.051773,-0.034050,0.075922,-0.995187,0.000000,138.604202
39860,0.009869,0.450063,-0.039639,-0.051773,-0.034050,0.075922,-0.995187,0.000000,138.689690
39860,0.009869,0.450063,-0.039639,-0.051773,-0.034050,0.075922,-0.995187,0.000000,138.775520
39967,0.010068,0.450069,-0.039541,-0.053274,-0.034195,0.079489,-0.994824,0.000000,138.856201
39974,0.010079,0.450067,-0.039535,-0.053474,-0.034180,0.079807,-0.994788,0.000000,138.941002
39974,0.010079,0.450067,-0.039535,-0.053474,-0.034180,0.079807,-0.994788,0.000000,139.024086
39981,0.010091,0.450071,-0.039542,-0.053515,-0.034182,0.080021,-0.994769,0.000000,139.122276
39985,0.010103,0.450072,-0.039544,-0.053580,-0.034200,0.080193,-0.994751,0.000000,139.220467
39985,0.010103,0.450072,-0.039544,-0.053580,-0.034200,0.080193,-0.994751,0.000000,139.317284
39992,0.010122,0.450072,-0.039537,-0.053728,-0.034217,0.080477,-0.994719,0.000000,139.409637
39992,0.010122,0.450072,-0.039537,-0.053728,-0.034217,0.080477,-0.994719,0.000000,139.497871
39996,0.010135,0.450072,-0.039529,-0.053800,-0.034227,0.080708,-0.994696,0.000000,139.585762
39999,0.010144,0.450073,-0.039520,-0.053808,-0.034237,0.080808,-0.994687,0.000000,139.668159
40003,0.010160,0.450073,-0.039507,-0.054031,-0.034186,0.081144,-0.994650,0.000000,139.753304
40010,0.010192,0.450072,-0.039484,-0.054267,-0.034206,0.081719,-0.994589,0.000000,139.839478
40010,0.010192,0.450072,-0.039484,-0.054267,-0.034206,0.081719,-0.994589,0.000000,139.929771
40017,0.010211,0.450074,-0.039481,-0.054486,-0.034139,0.082179,-0.994541,-0.000343,140.018005
40017,0.010211,0.450074,-0.039481,-0.054486,-0.034139,0.082179,-0.994541,-0.000343,140.106583
40024,0.010227,0.450077,-0.039486,-0.054551,-0.034192,0.082407,-0.994517,-0.000343,140.197906
40027,0.010231,0.450076,-0.039486,-0.054671,-0.034186,0.082529,-0.994501,0.000000,140.288544
40031,0.010236,0.450081,-0.039487,-0.054594,-0.034190,0.082670,-0.994493,0.000000,140.376434
40031,0.010236,0.450081,-0.039487,-0.054594,-0.034190,0.082670,-0.994493,0.000000,140.473595
40038,0.010254,0.450080,-0.039470,-0.054865,-0.034175,0.082977,-0.994453,0.000000,140.568008
40038,0.010254,0.450080,-0.039470,-0.054865,-0.034175,0.082977,-0.994453,0.000000,140.653152
40045,0.010273,0.450078,-0.039453,-0.054912,-0.034243,0.083154,-0.994433,0.000000,140.739326
40048,0.010277,0.450078,-0.039450,-0.054997,-0.034211,0.083260,-0.994421,0.000000,140.822754
40052,0.010287,0.450080,-0.039446,-0.055019,-0.034243,0.083432,-0.994404,0.000000,140.911674
40052,0.010287,0.450080,-0.039446,-0.055019,-0.034243,0.083432,-0.994404,-0.000343,141.001968
40056,0.010294,0.450080,-0.039448,-0.055156,-0.034180,0.083633,-0.994382,0.000000,141.096725
40063,0.010309,0.450085,-0.039447,-0.055233,-0.034221,0.083880,-0.994355,0.000000,141.192513
40066,0.010311,0.450083,-0.039446,-0.055280,-0.034239,0.083934,-0.994347,0.000000,141.281090
40066,0.010311,0.450083,-0.039446,-0.055280,-0.034239,0.083934,-0.994347,0.000000,141.365547
40073,0.010324,0.450082,-0.039437,-0.055458,-0.034259,0.084263,-0.994309,0.000000,141.451035
40073,0.010324,0.450082,-0.039437,-0.055458,-0.034259,0.084263,-0.994309,-0.000343,141.536865
40080,0.010341,0.450082,-0.039430,-0.055521,-0.034241,0.084491,-0.994287,0.000000,141.621323
40084,0.010350,0.450084,-0.039425,-0.055578,-0.034226,0.084673,-0.994269,-0.000343,141.711273
40088,0.010359,0.450084,-0.039419,-0.055699,-0.034203,0.084806,-0.994251,-0.000343,141.799850
40088,0.010359,0.450084,-0.039419,-0.055699,-0.034203,0.084806,-0.994251,-0.000343,141.901474
40095,0.010379,0.450083,-0.039413,-0.055771,-0.034245,0.085069,-0.994223,-0.000343,141.992798
40098,0.010387,0.450085,-0.039412,-0.055855,-0.034228,0.085197,-0.994208,0.000000,142.090302
40102,0.010400,0.450087,-0.039408,-0.055978,-0.034221,0.085396,-0.994184,-0.000343,142.179222
40105,0.010409,0.450089,-0.039406,-0.056062,-0.034226,0.085625,-0.994160,0.000000,142.266426
40105,0.010409,0.450089,-0.039406,-0.056062,-0.034226,0.085625,-0.994160,-0.000343,142.348137
40109,0.010418,0.450086,-0.039401,-0.056097,-0.034219,0.085706,-0.994151,0.000000,142.430534
40116,0.010441,0.450089,-0.039381,-0.056163,-0.034391,0.086084,-0.994109,0.000000,142.513618
40116,0.010441,0.450089,-0.039381,-0.056163,-0.034391,0.086084,-0.994109,-0.000343,142.602196
40120,0.010446,0.450087,-0.039371,-0.056314,-0.034392,0.086204,-0.994090,0.000000,142.692833
40127,0.010455,0.450088,-0.039363,-0.056348,-0.034366,0.086430,-0.994069,-0.000343,142.782440
40127,0.010455,0.450088,-0.039363,-0.056348,-0.034366,0.086430,-0.994069,-0.000343,142.881660
40134,0.010481,0.450092,-0.039361,-0.056559,-0.034381,0.086849,-0.994020,0.000000,142.974358
40134,0.010481,0.450092,-0.039361,-0.056559,-0.034381,0.086849,-0.994020,0.000000,143.063278
40141,0.010504,0.450093,-0.039363,-0.056645,-0.034400,0.087136,-0.993990,0.000000,143.146362
40144,0.010512,0.450092,-0.039358,-0.056803,-0.034376,0.087308,-0.993966,-0.000343,143.235283
40144,0.010512,0.450092,-0.039358,-0.056803,-0.034376,0.087308,-0.993966,-0.000343,143.329010
40151,0.010477,0.450088,-0.039374,-0.057286,-0.033303,0.087886,-0.993924,-0.000343,143.416901
40155,0.010547,0.450090,-0.039336,-0.057099,-0.034338,0.087819,-0.993906,-0.000343,143.504791
40159,0.010503,0.450085,-0.039356,-0.057473,-0.033305,0.088291,-0.993877,-0.000343,143.591652
40159,0.010503,0.450085,-0.039356,-0.057473,-0.033305,0.088291,-0.993877,-0.000343,143.688469
40166,0.010518,0.450085,-0.039347,-0.057722,-0.033344,0.088642,-0.993830,-0.000343,143.778763
40169,0.010522,0.450085,-0.039346,-0.057728,-0.033364,0.088725,-0.993822,0.000000,143.865280
40169,0.010522,0.450085,-0.039346,-0.057728,-0.033364,0.088725,-0.993822,-0.000343,143.953857
40173,0.010527,0.450086,-0.039346,-0.057781,-0.033343,0.088856,-0.993808,-0.000343,144.042778
40180,0.010550,0.450089,-0.039343,-0.057870,-0.033386,0.089210,-0.993770,0.000000,144.128609
40180,0.010550,0.450089,-0.039343,-0.057870,-0.033386,0.089210,-0.993770,-0.000343,144.219589
40187,0.010574,0.450085,-0.039330,-0.058108,-0.033346,0.089524,-0.993729,-0.000343,144.309883
40191,0.010587,0.450087,-0.039322,-0.058080,-0.033400,0.089618,-0.993720,-0.000343,144.399834
40191,0.010587,0.450087,-0.039322,-0.058080,-0.033400,0.089618,-0.993720,-0.000343,144.484291
40198,0.010601,0.450086,-0.039316,-0.058298,-0.033370,0.089925,-0.993681,0.000000,144.570808
40198,0.010601,0.450086,-0.039316,-0.058298,-0.033370,0.089925,-0.993681,-0.000343,144.668312
40205,0.010609,0.450087,-0.039320,-0.058338,-0.033364,0.090137,-0.993659,-0.000343,144.754486
40208,0.010612,0.450086,-0.039320,-0.058371,-0.033357,0.090256,-0.993647,-0.000343,144.848900
40208,0.010612,0.450086,-0.039320,-0.058371,-0.033357,0.090256,-0.993647,-0.000343,144.942284
40215,0.010622,0.450088,-0.039315,-0.058439,-0.033383,0.090412,-0.993628,-0.000343,145.027428
40219,0.010630,0.450087,-0.039308,-0.058577,-0.033414,0.090645,-0.993597,-0.000343,145.112915
40222,0.010635,0.450084,-0.039300,-0.058638,-0.033407,0.090711,-0.993588,0.000000,145.200462
40222,0.010635,0.450084,-0.039300,-0.058638,-0.033407,0.090711,-0.993588,-0.000343,145.282516
40230,0.010652,0.450085,-0.039289,-0.058733,-0.033390,0.090956,-0.993560,0.000000,145.379677
40233,0.010673,0.450053,-0.039304,-0.058414,-0.034128,0.090503,-0.993596,-0.000343,145.475807
40233,0.010673,0.450053,-0.039304,-0.058414,-0.034128,0.090503,-0.993596,-0.000343,145.565414
40237,0.010670,0.450086,-0.039289,-0.058779,-0.033433,0.091188,-0.993535,-0.000343,145.648842
40244,0.010707,0.450086,-0.039279,-0.058746,-0.033836,0.091291,-0.993514,-0.000343,145.735703
40247,0.010693,0.450088,-0.039289,-0.058939,-0.033442,0.091566,-0.993491,0.000000,145.821190
40247,0.010693,0.450088,-0.039289,-0.058939,-0.033442,0.091566,-0.993491,0.000000,145.910797
40251,0.010717,0.450086,-0.039270,-0.058982,-0.033822,0.091547,-0.993477,0.000000,145.997658
40258,0.010725,0.450086,-0.039265,-0.058981,-0.033816,0.091752,-0.993458,-0.000343,146.095505
40262,0.010737,0.450085,-0.039258,-0.059121,-0.033840,0.091938,-0.993432,0.000000,146.194725
40262,0.010737,0.450085,-0.039258,-0.059121,-0.033840,0.091938,-0.993432,0.000000,146.286736
40269,0.010746,0.450086,-0.039255,-0.059192,-0.033845,0.092115,-0.993411,0.000000,146.378746
40269,0.010746,0.450086,-0.039255,-0.059192,-0.033845,0.092115,-0.993411,0.000000,146.461487
40276,0.010759,0.450088,-0.039252,-0.059225,-0.033880,0.092322,-0.993389,-0.000343,146.544228
40279,0.010764,0.450088,-0.039251,-0.059222,-0.033851,0.092395,-0.993383,-0.000343,146.627998
40279,0.010764,0.450088,-0.039251,-0.059222,-0.033851,0.092395,-0.993383,0.000000,146.716919
40286,0.010783,0.450089,-0.039244,-0.059423,-0.033864,0.092663,-0.993346,0.000000,146.802063
40290,0.010788,0.450087,-0.039239,-0.059464,-0.033865,0.092705,-0.993339,-0.000343,146.889954
40293,0.010792,0.450087,-0.039234,-0.059486,-0.033911,0.092821,-0.993326,-0.000343,146.986427
40297,0.010798,0.450086,-0.039231,-0.059536,-0.033936,0.092938,-0.993311,0.000000,147.082214
40301,0.010803,0.450085,-0.039232,-0.059673,-0.033883,0.093099,-0.993289,-0.000343,147.177315
40304,0.010805,0.450087,-0.039231,-0.059670,-0.033915,0.093167,-0.993282,0.000000,147.263832
40304,0.010805,0.450087,-0.039231,-0.059670,-0.033915,0.093167,-0.993282,0.000000,147.344513
40308,0.010811,0.450089,-0.039233,-0.059673,-0.033904,0.093251,-0.993274,-0.000343,147.425880
40311,0.010814,0.450091,-0.039234,-0.059657,-0.033899,0.093283,-0.993272,-0.000343,147.511024
40318,0.010826,0.450090,-0.039225,-0.059827,-0.033910,0.093465,-0.993245,-0.000343,147.608871
40322,0.010833,0.450089,-0.039219,-0.059861,-0.033901,0.093565,-0.993234,-0.000343,147.705002
40325,0.010837,0.450086,-0.039214,-0.059911,-0.033941,0.093629,-0.993223,0.000000,147.799072
40325,0.010837,0.450086,-0.039214,-0.059911,-0.033941,0.093629,-0.993223,-0.000343,147.891769
40329,0.010842,0.450087,-0.039210,-0.059940,-0.033917,0.093771,-0.993209,0.000000,147.975883
40336,0.010857,0.450089,-0.039207,-0.060039,-0.033906,0.093958,-0.993186,0.000000,148.064804
40336,0.010857,0.450089,-0.039207,-0.060039,-0.033906,0.093958,-0.993186,0.000000,148.147202
40340,0.010863,0.450091,-0.039211,-0.060020,-0.033949,0.093961,-0.993185,-0.000343,148.238525
40347,0.010867,0.450091,-0.039215,-0.060152,-0.033918,0.094192,-0.993156,-0.000343,148.328476
40347,0.010867,0.450091,-0.039215,-0.060152,-0.033918,0.094192,-0.993156,0.000000,148.419113
40350,0.010867,0.450090,-0.039216,-0.060177,-0.033913,0.094269,-0.993147,0.000000,148.510094
40357,0.010877,0.450091,-0.039206,-0.060224,-0.033915,0.094379,-0.993134,0.000000,148.600388
40357,0.010877,0.450091,-0.039206,-0.060224,-0.033915,0.094379,-0.993134,-0.000343,148.692741
40364,0.010888,0.450092,-0.039193,-0.060256,-0.033929,0.094529,-0.993118,0.000000,148.776169
40364,0.010888,0.450092,-0.039193,-0.060256,-0.033929,0.094529,-0.993118,0.000000,148.861656
40372,0.010899,0.450091,-0.039189,-0.060305,-0.033967,0.094625,-0.993104,0.000000,148.950577
40372,0.010899,0.450091,-0.039189,-0.060305,-0.033967,0.094625,-0.993104,0.000000,149.036751
40375,0.010906,0.450094,-0.039188,-0.060355,-0.033960,0.094718,-0.993092,-0.000343,149.127731
40382,0.010915,0.450093,-0.039193,-0.060448,-0.033977,0.094939,-0.993065,-0.000343,149.220085
40386,0.010915,0.450092,-0.039197,-0.060416,-0.033949,0.094901,-0.993072,0.000000,149.314842
40386,0.010915,0.450092,-0.039197,-0.060416,-0.033949,0.094901,-0.993072,-0.000343,149.402733
40393,0.010929,0.450092,-0.039190,-0.060512,-0.034010,0.095087,-0.993046,0.000000,149.484444
40393,0.010929,0.450092,-0.039190,-0.060512,-0.034010,0.095087,-0.993046,-0.000343,149.576454
40400,0.010941,0.450091,-0.039179,-0.060662,-0.033968,0.095286,-0.993019,0.000000,149.674988
40400,0.010941,0.450091,-0.039179,-0.060662,-0.033968,0.095286,-0.993019,0.000000,149.769745
40404,0.010947,0.450095,-0.039175,-0.060641,-0.033961,0.095386,-0.993011,-0.000343,149.868965
40410,0.010958,0.450095,-0.039166,-0.060805,-0.033947,0.095575,-0.992983,-0.000343,149.937973
40414,0.010966,0.450096,-0.039162,-0.060816,-0.033976,0.095661,-0.992973,-0.000343,150.014877
40414,0.010966,0.450096,-0.039162,-0.060816,-0.033976,0.095661,-0.992973,0.000000,150.108948
40421,0.010972,0.450095,-0.039160,-0.060904,-0.033981,0.095801,-0.992954,-0.000343,150.195122
40421,0.010972,0.450095,-0.039160,-0.060904,-0.033981,0.095801,-0.992954,0.000000,150.293655
40425,0.010972,0.450095,-0.039163,-0.060917,-0.033985,0.095925,-0.992941,0.000000,150.387726
40428,0.010975,0.450096,-0.039166,-0.060891,-0.033987,0.095953,-0.992940,-0.000343,150.486259
40435,0.010988,0.450098,-0.039167,-0.061056,-0.033957,0.096197,-0.992908,-0.000343,150.573120
40435,0.010988,0.450098,-0.039167,-0.061056,-0.033957,0.096197,-0.992908,0.000000,150.656891
40439,0.010997,0.450101,-0.039165,-0.061078,-0.033955,0.096290,-0.992897,0.000000,150.745811
40443,0.011007,0.450098,-0.039159,-0.061244,-0.033969,0.096463,-0.992870,-0.000343,150.834045
40450,0.011021,0.450099,-0.039142,-0.061301,-0.033928,0.096607,-0.992854,-0.000343,150.919189
40450,0.011021,0.450099,-0.039142,-0.061301,-0.033928,0.096607,-0.992854,-0.000343,151.012230
40457,0.011030,0.450100,-0.039131,-0.061352,-0.033956,0.096792,-0.992831,0.000000,151.100121
40457,0.011030,0.450100,-0.039131,-0.061352,-0.033956,0.096792,-0.992831,0.000000,151.189384
40464,0.011036,0.450098,-0.039134,-0.061560,-0.033971,0.096984,-0.992799,0.000000,151.272812
40464,0.011036,0.450098,-0.039134,-0.061560,-0.033971,0.096984,-0.992799,-0.000343,151.364136
40468,0.011036,0.450102,-0.039140,-0.061438,-0.033978,0.096980,-0.992807,-0.000343,151.456833
40474,0.011045,0.450100,-0.039144,-0.061543,-0.033998,0.097114,-0.992787,0.000000,151.549530
40474,0.011045,0.450100,-0.039144,-0.061543,-0.033998,0.097114,-0.992787,-0.000343,151.641197
40478,0.011049,0.450102,-0.039139,-0.061624,-0.033968,0.097308,-0.992764,-0.000343,151.735611
40485,0.011098,0.450107,-0.039115,-0.061479,-0.034506,0.097405,-0.992745,-0.000343,151.825218
40485,0.011098,0.450107,-0.039115,-0.061479,-0.034506,0.097405,-0.992745,0.000000,151.910706
40485,0.011098,0.450107,-0.039115,-0.061479,-0.034506,0.097405,-0.992745,-0.000343,151.995163
40485,0.011098,0.450107,-0.039115,-0.061479,-0.034506,0.097405,-0.992745,0.000000,152.083740
40485,0.011098,0.450107,-0.039115,-0.061479,-0.034506,0.097405,-0.992745,-0.000343,152.169914
40485,0.011098,0.450107,-0.039115,-0.061479,-0.034506,0.097405,-0.992745,0.000000,152.260551
40485,0.011098,0.450107,-0.039115,-0.061479,-0.034506,0.097405,-0.992745,0.000000,152.352562
40485,0.011098,0.450107,-0.039115,-0.061479,-0.034506,0.097405,-0.992745,-0.000343,152.445259
40485,0.011098,0.450107,-0.039115,-0.061479,-0.034506,0.097405,-0.992745,0.000000,152.536583
40485,0.011098,0.450107,-0.039115,-0.061479,-0.034506,0.097405,-0.992745,-0.000343,152.616234
40485,0.011098,0.450107,-0.039115,-0.061479,-0.034506,0.097405,-0.992745,-0.000343,152.700348
40485,0.011098,0.450107,-0.039115,-0.061479,-0.034506,0.097405,-0.992745,0.000000,152.789268
40485,0.011098,0.450107,-0.039115,-0.061479,-0.034506,0.097405,-0.992745,-0.000343,152.877846
40485,0.011098,0.450107,-0.039115,-0.061479,-0.034506,0.097405,-0.992745,0.000000,152.977409
40485,0.011098,0.450107,-0.039115,-0.061479,-0.034506,0.097405,-0.992745,0.000000,153.060150
40485,0.011098,0.450107,-0.039115,-0.061479,-0.034506,0.097405,-0.992745,0.000000,153.154907
40485,0.011098,0.450107,-0.039115,-0.061479,-0.034506,0.097405,-0.992745,-0.000343,153.256531
40485,0.011098,0.450107,-0.039115,-0.061479,-0.034506,0.097405,-0.992745,0.000000,153.353348
40485,0.011098,0.450107,-0.039115,-0.061479,-0.034506,0.097405,-0.992745,0.000000,153.443298
40485,0.011098,0.450107,-0.039115,-0.061479,-0.034506,0.097405,-0.992745,0.000000,153.525352
40485,0.011098,0.450107,-0.039115,-0.061479,-0.034506,0.097405,-0.992745,0.000000,153.604317
40485,0.011098,0.450107,-0.039115,-0.061479,-0.034506,0.097405,-0.992745,0.000000,153.686028
40485,0.011098,0.450107,-0.039115,-0.061479,-0.034506,0.097405,-0.992745,0.000000,153.767738
40485,0.011098,0.450107,-0.039115,-0.061479,-0.034506,0.097405,-0.992745,-0.000343,153.857002
40485,0.011098,0.450107,-0.039115,-0.061479,-0.034506,0.097405,-0.992745,-0.000343,153.961372
40485,0.011098,0.450107,-0.039115,-0.061479,-0.034506,0.097405,-0.992745,0.000000,154.047890
40485,0.011098,0.450107,-0.039115,-0.061479,-0.034506,0.097405,-0.992745,0.000000,154.145050
40485,0.011098,0.450107,-0.039115,-0.061479,-0.034506,0.097405,-0.992745,-0.000343,154.238777
40485,0.011098,0.450107,-0.039115,-0.061479,-0.034506,0.097405,-0.992745,0.000000,154.330788
40485,0.011098,0.450107,-0.039115,-0.061479,-0.034506,0.097405,-0.992745,0.000000,154.411812
40485,0.011098,0.450107,-0.039115,-0.061479,-0.034506,0.097405,-0.992745,0.000000,154.489403
40592,0.011286,0.450112,-0.039020,-0.063085,-0.034510,0.100782,-0.992307,-0.000343,154.578667
40599,0.011297,0.450113,-0.039022,-0.063100,-0.034548,0.101032,-0.992279,0.000000,154.670334
40602,0.011301,0.450114,-0.039023,-0.063170,-0.034555,0.101110,-0.992266,0.000000,154.767838
40602,0.011301,0.450114,-0.039023,-0.063170,-0.034555,0.101110,-0.992266,0.000000,154.860878
40606,0.011305,0.450113,-0.039023,-0.063174,-0.034551,0.101263,-0.992251,0.000000,154.951859
40610,0.011310,0.450113,-0.039024,-0.063218,-0.034553,0.101337,-0.992240,0.000000,155.039062
40616,0.011327,0.450112,-0.039016,-0.063389,-0.034555,0.101564,-0.992206,0.000000,155.117340
40616,0.011327,0.450112,-0.039016,-0.063389,-0.034555,0.101564,-0.992206,0.000000,155.204201
40624,0.011344,0.450111,-0.039002,-0.063468,-0.034540,0.101744,-0.992183,0.000000,155.296898
40627,0.011349,0.450110,-0.038999,-0.063463,-0.034536,0.101872,-0.992170,0.000000,155.390968
40631,0.011354,0.450110,-0.038997,-0.063473,-0.034560,0.101861,-0.992170,0.000000,155.484352
40631,0.011354,0.450110,-0.038997,-0.063473,-0.034560,0.101861,-0.992170,0.000000,155.579453
40638,0.011360,0.450108,-0.038995,-0.063543,-0.034591,0.102090,-0.992141,0.000000,155.657387
40638,0.011360,0.450108,-0.038995,-0.063543,-0.034591,0.102090,-0.992141,0.000000,155.740128
40642,0.011366,0.450109,-0.038997,-0.063634,-0.034592,0.102246,-0.992119,-0.000343,155.831451
40645,0.011370,0.450110,-0.038997,-0.063703,-0.034580,0.102335,-0.992106,0.000000,155.933418
40649,0.011375,0.450112,-0.039002,-0.063615,-0.034619,0.102413,-0.992102,0.000000,156.020622
40656,0.011389,0.450112,-0.038993,-0.063808,-0.034604,0.102708,-0.992060,0.000000,156.120529
40656,0.011389,0.450112,-0.038993,-0.063808,-0.034604,0.102708,-0.992060,-0.000343,156.212196
40663,0.011402,0.450108,-0.038981,-0.063887,-0.034604,0.102866,-0.992038,0.000000,156.293907
40666,0.011410,0.450108,-0.038976,-0.063939,-0.034595,0.102977,-0.992024,0.000000,156.370468
40670,0.011418,0.450106,-0.038972,-0.064005,-0.034615,0.103139,-0.992002,0.000000,156.463509
40670,0.011418,0.450106,-0.038972,-0.064005,-0.034615,0.103139,-0.992002,0.000000,156.551056
40677,0.011431,0.450106,-0.038969,-0.064129,-0.034592,0.103408,-0.991967,0.000000,156.643066
40677,0.011431,0.450106,-0.038969,-0.064129,-0.034592,0.103408,-0.991967,0.000000,156.740913
40681,0.011436,0.450109,-0.038971,-0.064142,-0.034627,0.103532,-0.991952,0.000000,156.828804
40684,0.011438,0.450107,-0.038972,-0.064147,-0.034623,0.103562,-0.991948,-0.000343,156.911888
40688,0.011447,0.450106,-0.038968,-0.064335,-0.034620,0.103797,-0.991912,0.000000,156.998749
40694,0.011460,0.450106,-0.038962,-0.064334,-0.034667,0.103916,-0.991898,0.000000,157.086296
40694,0.011460,0.450106,-0.038962,-0.064334,-0.034667,0.103916,-0.991898,0.000000,157.170753
40698,0.011469,0.450107,-0.038953,-0.064429,-0.034635,0.104030,-0.991881,0.000000,157.260017
40705,0.011483,0.450107,-0.038945,-0.064448,-0.034640,0.104227,-0.991858,0.000000,157.357521
40705,0.011483,0.450107,-0.038945,-0.064448,-0.034640,0.104227,-0.991858,-0.000343,157.463951
40709,0.011493,0.450105,-0.038938,-0.064654,-0.034613,0.104443,-0.991823,0.000000,157.544289
40712,0.011496,0.450108,-0.038937,-0.064691,-0.034618,0.104502,-0.991815,0.000000,157.628059
40719,0.011500,0.450106,-0.038938,-0.064707,-0.034640,0.104653,-0.991797,0.000000,157.718353
40723,0.011439,0.450108,-0.038971,-0.065210,-0.033386,0.105176,-0.991752,0.000000,157.800407
40727,0.011509,0.450107,-0.038941,-0.064861,-0.034610,0.104918,-0.991760,0.000000,157.890015
40730,0.011516,0.450108,-0.038941,-0.064926,-0.034603,0.105041,-0.991743,0.000000,157.986488
40730,0.011516,0.450108,-0.038941,-0.064926,-0.034603,0.105041,-0.991743,0.000000,158.080559
40734,0.011524,0.450107,-0.038941,-0.064896,-0.034627,0.105116,-0.991736,0.000000,158.170166
40741,0.011540,0.450104,-0.038928,-0.065093,-0.034573,0.105301,-0.991705,0.000000,158.259087
40741,0.011540,0.450104,-0.038928,-0.065093,-0.034573,0.105301,-0.991705,0.000343,158.348007
40748,0.011552,0.450107,-0.038911,-0.065151,-0.034585,0.105495,-0.991680,0.000000,158.432808
40748,0.011552,0.450107,-0.038911,-0.065151,-0.034585,0.105495,-0.991680,0.000000,158.516922
40755,0.011498,0.450105,-0.038935,-0.065661,-0.033363,0.106055,-0.991629,0.000000,158.601723
40759,0.011533,0.450099,-0.038916,-0.065514,-0.034074,0.105831,-0.991638,0.000000,158.695450
40762,0.011566,0.450106,-0.038905,-0.065377,-0.034619,0.105910,-0.991620,0.000000,158.786087
40762,0.011566,0.450106,-0.038905,-0.065377,-0.034619,0.105910,-0.991620,0.000000,158.885994
40766,0.011568,0.450107,-0.038913,-0.065295,-0.034630,0.105912,-0.991625,0.000000,158.980064
40773,0.011580,0.450106,-0.038919,-0.065445,-0.034587,0.106121,-0.991594,0.000000,159.064522
40773,0.011580,0.450106,-0.038919,-0.065445,-0.034587,0.106121,-0.991594,0.000000,159.150352
40777,0.011526,0.450112,-0.038945,-0.065778,-0.033383,0.106563,-0.991566,0.000000,159.233093
40783,0.011571,0.450099,-0.038913,-0.065778,-0.034063,0.106471,-0.991553,0.000000,159.321671
40783,0.011571,0.450099,-0.038913,-0.065778,-0.034063,0.106471,-0.991553,0.000000,159.409561
40791,0.011584,0.450097,-0.038891,-0.065956,-0.034063,0.106663,-0.991520,0.000000,159.503975
40791,0.011584,0.450097,-0.038891,-0.065956,-0.034063,0.106663,-0.991520,0.000000,159.596329
40798,0.011592,0.450098,-0.038889,-0.065934,-0.034073,0.106849,-0.991501,0.000000,159.684219
40798,0.011592,0.450098,-0.038889,-0.065934,-0.034073,0.106849,-0.991501,0.000000,159.787216
40805,0.011570,0.450107,-0.038912,-0.066303,-0.033346,0.107360,-0.991446,0.000343,159.866867
40808,0.011575,0.450111,-0.038917,-0.066269,-0.033370,0.107403,-0.991443,0.000000,159.955101
40808,0.011575,0.450111,-0.038917,-0.066269,-0.033370,0.107403,-0.991443,0.000000,160.036812
40815,0.011615,0.450102,-0.038896,-0.066169,-0.034094,0.107318,-0.991434,0.000000,160.120583
40819,0.011589,0.450108,-0.038911,-0.066405,-0.033396,0.107705,-0.991400,0.000000,160.211563
40819,0.011589,0.450108,-0.038911,-0.066405,-0.033396,0.107705,-0.991400,0.000000,160.305977
40826,0.011632,0.450098,-0.038880,-0.066352,-0.034074,0.107680,-0.991384,0.000000,160.400047
40826,0.011632,0.450098,-0.038880,-0.066352,-0.034074,0.107680,-0.991384,0.000000,160.496521
40833,0.011645,0.450101,-0.038869,-0.066339,-0.034082,0.107799,-0.991371,0.000343,160.587502
40833,0.011645,0.450101,-0.038869,-0.066339,-0.034082,0.107799,-0.991371,0.000343,160.672646
40840,0.011660,0.450098,-0.038860,-0.066559,-0.034078,0.108032,-0.991331,0.000343,160.756760
40844,0.011667,0.450099,-0.038859,-0.066559,-0.034067,0.108104,-0.991324,0.000000,160.847054
40844,0.011667,0.450099,-0.038859,-0.066559,-0.034067,0.108104,-0.991324,0.000343,160.937347
40851,0.011678,0.450100,-0.038858,-0.066684,-0.034100,0.108413,-0.991280,0.000000,161.031075
40854,0.011684,0.450100,-0.038858,-0.066638,-0.034134,0.108451,-0.991278,0.000000,161.122055
40854,0.011684,0.450100,-0.038858,-0.066638,-0.034134,0.108451,-0.991278,0.000000,161.207542
40862,0.011696,0.450100,-0.038854,-0.066794,-0.034125,0.108704,-0.991240,0.000000,161.288910
40862,0.011696,0.450100,-0.038854,-0.066794,-0.034125,0.108704,-0.991240,0.000343,161.386414
40869,0.011710,0.450099,-0.038846,-0.066977,-0.034102,0.108961,-0.991201,0.000343,161.465721
40872,0.011715,0.450099,-0.038843,-0.067035,-0.034096,0.109072,-0.991185,0.000343,161.552925
40872,0.011715,0.450099,-0.038843,-0.067035,-0.034096,0.109072,-0.991185,0.000343,161.650085
40879,0.011732,0.450099,-0.038833,-0.067125,-0.034062,0.109311,-0.991153,0.000343,161.749992
40879,0.011732,0.450099,-0.038833,-0.067125,-0.034062,0.109311,-0.991153,0.000343,161.843719
40883,0.011744,0.450101,-0.038826,-0.067135,-0.034120,0.109407,-0.991140,0.000343,161.928520
40887,0.011781,0.450109,-0.038807,-0.067037,-0.034617,0.109420,-0.991128,0.000000,162.012291
40890,0.011786,0.450107,-0.038805,-0.067097,-0.034619,0.109563,-0.991108,0.000343,162.096748
40894,0.011761,0.450102,-0.038817,-0.067259,-0.034103,0.109698,-0.991100,0.000343,162.182236
40901,0.011802,0.450109,-0.038805,-0.067212,-0.034632,0.109931,-0.991059,0.000343,162.276649
40901,0.011802,0.450109,-0.038805,-0.067212,-0.034632,0.109931,-0.991059,0.000000,162.372093
40904,0.011806,0.450107,-0.038806,-0.067219,-0.034613,0.110012,-0.991050,0.000000,162.461700
40911,0.011785,0.450101,-0.038814,-0.067573,-0.034106,0.110263,-0.991016,0.000343,162.544785
40911,0.011785,0.450101,-0.038814,-0.067573,-0.034106,0.110263,-0.991016,0.000000,162.633705
40918,0.011831,0.450110,-0.038792,-0.067368,-0.034630,0.110382,-0.990999,0.000343,162.721939
40922,0.011841,0.450108,-0.038785,-0.067521,-0.034612,0.110565,-0.990968,0.000343,162.800903
40922,0.011841,0.450108,-0.038785,-0.067521,-0.034612,0.110565,-0.990968,0.000000,162.889824
40925,0.011848,0.450108,-0.038779,-0.067560,-0.034610,0.110669,-0.990954,0.000343,162.992134
40933,0.011867,0.450109,-0.038770,-0.067723,-0.034626,0.110920,-0.990915,0.000343,163.092041
40936,0.011874,0.450112,-0.038765,-0.067604,-0.034789,0.110984,-0.990910,0.000343,163.186455
40940,0.011875,0.450110,-0.038770,-0.067812,-0.034608,0.111093,-0.990890,0.000000,163.273659
40940,0.011875,0.450110,-0.038770,-0.067812,-0.034608,0.111093,-0.990890,0.000000,163.362236
40943,0.011878,0.450111,-0.038770,-0.067803,-0.034630,0.111162,-0.990882,0.000343,163.442574
40950,0.011887,0.450112,-0.038774,-0.067796,-0.034626,0.111339,-0.990862,0.000000,163.530464
40950,0.011887,0.450112,-0.038774,-0.067796,-0.034626,0.111339,-0.990862,0.000000,163.620415
40958,0.011912,0.450114,-0.038759,-0.067891,-0.034781,0.111660,-0.990814,0.000343,163.713112
40958,0.011912,0.450114,-0.038759,-0.067891,-0.034781,0.111660,-0.990814,0.000343,163.800316
40965,0.011925,0.450113,-0.038748,-0.068089,-0.034789,0.111935,-0.990770,0.000343,163.887520
40968,0.011931,0.450115,-0.038745,-0.068094,-0.034759,0.112016,-0.990761,0.000000,163.974037
40968,0.011931,0.450115,-0.038745,-0.068094,-0.034759,0.112016,-0.990761,0.000000,164.060211
40975,0.011942,0.450112,-0.038739,-0.068199,-0.034749,0.112238,-0.990729,0.000343,164.153938
40975,0.011942,0.450112,-0.038739,-0.068199,-0.034749,0.112238,-0.990729,0.000343,164.252815
40982,0.011951,0.450115,-0.038737,-0.068205,-0.034795,0.112394,-0.990709,0.000343,164.332123
40982,0.011951,0.450115,-0.038737,-0.068205,-0.034795,0.112394,-0.990709,0.000000,164.418983
40989,0.011962,0.450112,-0.038736,-0.068370,-0.034809,0.112675,-0.990666,0.000343,164.517860
40993,0.011969,0.450113,-0.038737,-0.068327,-0.034799,0.112767,-0.990658,0.000000,164.616394
40993,0.011969,0.450113,-0.038737,-0.068327,-0.034799,0.112767,-0.990658,0.000343,164.707031
41000,0.011991,0.450112,-0.038729,-0.068457,-0.034804,0.113071,-0.990615,0.000000,164.793892
41000,0.011991,0.450112,-0.038729,-0.068457,-0.034804,0.113071,-0.990615,0.000000,164.876289
41007,0.011947,0.450106,-0.038748,-0.069053,-0.033569,0.113489,-0.990568,0.000343,164.958687
41007,0.011947,0.450106,-0.038748,-0.069053,-0.033569,0.113489,-0.990568,0.000343,165.040398
41014,0.012017,0.450108,-0.038705,-0.068667,-0.034790,0.113479,-0.990554,0.000343,165.132408
41018,0.012022,0.450109,-0.038703,-0.068778,-0.034824,0.113656,-0.990525,0.000343,165.228539
41018,0.012022,0.450109,-0.038703,-0.068778,-0.034824,0.113656,-0.990525,0.000343,165.316086
41025,0.011987,0.450104,-0.038723,-0.069048,-0.034114,0.113956,-0.990496,0.000343,165.414276
41029,0.012036,0.450108,-0.038705,-0.068956,-0.034826,0.114042,-0.990468,0.000000,165.506630
41032,0.011985,0.450105,-0.038739,-0.069369,-0.033644,0.114295,-0.990451,0.000000,165.595894
41032,0.011985,0.450105,-0.038739,-0.069369,-0.033644,0.114295,-0.990451,0.000000,165.675888
41039,0.012002,0.450104,-0.038736,-0.069508,-0.033618,0.114545,-0.990413,0.000343,165.760002
41039,0.012002,0.450104,-0.038736,-0.069508,-0.033618,0.114545,-0.990413,0.000000,165.848923
41046,0.012020,0.450104,-0.038726,-0.069505,-0.033638,0.114770,-0.990386,0.000343,165.938530
41046,0.012020,0.450104,-0.038726,-0.069505,-0.033638,0.114770,-0.990386,0.000000,166.036720
41053,0.012035,0.450100,-0.038711,-0.069696,-0.033628,0.115048,-0.990341,0.000000,166.131134
41053,0.012035,0.450100,-0.038711,-0.069696,-0.033628,0.115048,-0.990341,0.000343,166.221085
41060,0.012042,0.450098,-0.038703,-0.069813,-0.033633,0.115206,-0.990314,0.000343,166.313438
41060,0.012042,0.450098,-0.038703,-0.069813,-0.033633,0.115206,-0.990314,0.000343,166.401329
41067,0.012048,0.450100,-0.038708,-0.069799,-0.033652,0.115396,-0.990293,0.000343,166.489563
41068,0.012049,0.450099,-0.038708,-0.069930,-0.033613,0.115546,-0.990267,0.000343,166.584663
41071,0.012054,0.450099,-0.038710,-0.069947,-0.033628,0.115616,-0.990257,0.000000,166.663628
41078,0.012071,0.450101,-0.038713,-0.069970,-0.033646,0.115765,-0.990238,0.000343,166.754265
41078,0.012071,0.450101,-0.038713,-0.069970,-0.033646,0.115765,-0.990238,0.000343,166.838379
41078,0.012071,0.450101,-0.038713,-0.069970,-0.033646,0.115765,-0.990238,0.000343,166.930733
41078,0.012071,0.450101,-0.038713,-0.069970,-0.033646,0.115765,-0.990238,0.000343,167.013474
41078,0.012071,0.450101,-0.038713,-0.069970,-0.033646,0.115765,-0.990238,0.000343,167.102051
41078,0.012071,0.450101,-0.038713,-0.069970,-0.033646,0.115765,-0.990238,0.000000,167.188225
41078,0.012071,0.450101,-0.038713,-0.069970,-0.033646,0.115765,-0.990238,0.000343,167.287102
41078,0.012071,0.450101,-0.038713,-0.069970,-0.033646,0.115765,-0.990238,0.000000,167.391815
41078,0.012071,0.450101,-0.038713,-0.069970,-0.033646,0.115765,-0.990238,0.000000,167.485542
41078,0.012071,0.450101,-0.038713,-0.069970,-0.033646,0.115765,-0.990238,0.000000,167.568626
41078,0.012071,0.450101,-0.038713,-0.069970,-0.033646,0.115765,-0.990238,0.000343,167.652397
41078,0.012071,0.450101,-0.038713,-0.069970,-0.033646,0.115765,-0.990238,0.000343,167.733421
41078,0.012071,0.450101,-0.038713,-0.069970,-0.033646,0.115765,-0.990238,0.000343,167.815819
41078,0.012071,0.450101,-0.038713,-0.069970,-0.033646,0.115765,-0.990238,0.000343,167.909546
41078,0.012071,0.450101,-0.038713,-0.069970,-0.033646,0.115765,-0.990238,0.000343,168.004303
41078,0.012071,0.450101,-0.038713,-0.069970,-0.033646,0.115765,-0.990238,0.000000,168.092194
41078,0.012071,0.450101,-0.038713,-0.069970,-0.033646,0.115765,-0.990238,0.000000,168.178024
41078,0.012071,0.450101,-0.038713,-0.069970,-0.033646,0.115765,-0.990238,0.000000,168.263855
41078,0.012071,0.450101,-0.038713,-0.069970,-0.033646,0.115765,-0.990238,0.000343,168.355179
41078,0.012071,0.450101,-0.038713,-0.069970,-0.033646,0.115765,-0.990238,0.000000,168.443069
41078,0.012071,0.450101,-0.038713,-0.069970,-0.033646,0.115765,-0.990238,0.000343,168.538513
41078,0.012071,0.450101,-0.038713,-0.069970,-0.033646,0.115765,-0.990238,0.000000,168.639450
41078,0.012071,0.450101,-0.038713,-0.069970,-0.033646,0.115765,-0.990238,0.000343,168.735924
41078,0.012071,0.450101,-0.038713,-0.069970,-0.033646,0.115765,-0.990238,0.000000,168.837891
41078,0.012071,0.450101,-0.038713,-0.069970,-0.033646,0.115765,-0.990238,0.000343,168.931618
41078,0.012071,0.450101,-0.038713,-0.069970,-0.033646,0.115765,-0.990238,0.000343,169.024315
41078,0.012071,0.450101,-0.038713,-0.069970,-0.033646,0.115765,-0.990238,0.000000,169.125252
41078,0.012071,0.450101,-0.038713,-0.069970,-0.033646,0.115765,-0.990238,0.000343,169.234428
41078,0.012071,0.450101,-0.038713,-0.069970,-0.033646,0.115765,-0.990238,0.000343,169.342232
41078,0.012071,0.450101,-0.038713,-0.069970,-0.033646,0.115765,-0.990238,0.000343,169.442482
41078,0.012071,0.450101,-0.038713,-0.069970,-0.033646,0.115765,-0.990238,0.000343,169.545822
41188,0.012260,0.450091,-0.038619,-0.071564,-0.033706,0.118956,-0.989743,0.000000,169.642639
41188,0.012260,0.450091,-0.038619,-0.071564,-0.033706,0.118956,-0.989743,0.000343,169.741859
41192,0.012269,0.450093,-0.038614,-0.071597,-0.033696,0.119137,-0.989720,0.000343,169.837646
41199,0.012286,0.450093,-0.038608,-0.071819,-0.033679,0.119435,-0.989668,0.000000,169.928627
41199,0.012286,0.450093,-0.038608,-0.071819,-0.033679,0.119435,-0.989668,0.000343,170.018234
41206,0.012303,0.450091,-0.038608,-0.071872,-0.033716,0.119672,-0.989635,0.000343,170.124664
41209,0.012306,0.450092,-0.038607,-0.071934,-0.033679,0.119784,-0.989618,0.000343,170.236244
41209,0.012306,0.450092,-0.038607,-0.071934,-0.033679,0.119784,-0.989618,0.000343,170.344048
41217,0.012322,0.450092,-0.038599,-0.072121,-0.033649,0.120182,-0.989557,0.000343,170.451164
41217,0.012322,0.450092,-0.038599,-0.072121,-0.033649,0.120182,-0.989557,0.000000,170.549011
41224,0.012343,0.450092,-0.038583,-0.072209,-0.033717,0.120434,-0.989517,0.000343,170.640335
41224,0.012343,0.450092,-0.038583,-0.072209,-0.033717,0.120434,-0.989517,0.000343,170.740585
41227,0.012351,0.450092,-0.038578,-0.072269,-0.033721,0.120537,-0.989500,0.000000,170.837746
41234,0.012372,0.450090,-0.038568,-0.072510,-0.033679,0.120884,-0.989442,0.000000,170.935249
41234,0.012372,0.450090,-0.038568,-0.072510,-0.033679,0.120884,-0.989442,0.000343,171.035500
41241,0.012387,0.450091,-0.038568,-0.072554,-0.033712,0.121090,-0.989412,0.000000,171.140213
41241,0.012387,0.450091,-0.038568,-0.072554,-0.033712,0.121090,-0.989412,0.000343,171.244926
41249,0.012399,0.450091,-0.038567,-0.072627,-0.033727,0.121314,-0.989379,0.000343,171.344490
41252,0.012407,0.450090,-0.038563,-0.072753,-0.033671,0.121458,-0.989354,0.000000,171.443367
41256,0.012413,0.450094,-0.038563,-0.072671,-0.033749,0.121560,-0.989345,0.000000,171.536751
41256,0.012413,0.450094,-0.038563,-0.072671,-0.033749,0.121560,-0.989345,0.000000,171.639748
41262,0.012424,0.450089,-0.038555,-0.072820,-0.033733,0.121798,-0.989305,0.000000,171.743774
41266,0.012436,0.450091,-0.038549,-0.072944,-0.033718,0.122006,-0.989271,0.000343,171.834068
41266,0.012436,0.450091,-0.038549,-0.072944,-0.033718,0.122006,-0.989271,0.000343,171.930199
41273,0.012454,0.450089,-0.038539,-0.073057,-0.033712,0.122206,-0.989238,0.000343,172.032509
41277,0.012466,0.450089,-0.038535,-0.073088,-0.033751,0.122299,-0.989223,0.000343,172.139626
41277,0.012466,0.450089,-0.038535,-0.073088,-0.033751,0.122299,-0.989223,0.000000,172.248116
41281,0.012479,0.450089,-0.038528,-0.073199,-0.033713,0.122481,-0.989193,0.000343,172.352486
41288,0.012494,0.450090,-0.038520,-0.073283,-0.033737,0.122756,-0.989152,0.000343,172.450676
41288,0.012494,0.450090,-0.038520,-0.073283,-0.033737,0.122756,-0.989152,0.000000,172.540283
41292,0.012504,0.450089,-0.038514,-0.073475,-0.033752,0.123015,-0.989106,0.000000,172.619934
41295,0.012506,0.450089,-0.038513,-0.073513,-0.033720,0.123112,-0.989092,0.000343,172.697868
41298,0.012512,0.450090,-0.038514,-0.073508,-0.033745,0.123224,-0.989077,0.000000,172.835884
41302,0.012520,0.450091,-0.038512,-0.073599,-0.033754,0.123397,-0.989049,0.000000,172.938194
41306,0.012530,0.450090,-0.038509,-0.073750,-0.033754,0.123662,-0.989004,0.000343,173.050117
41312,0.012549,0.450091,-0.038502,-0.073787,-0.033751,0.123921,-0.988969,0.000000,173.149338
41316,0.012568,0.450089,-0.038494,-0.074026,-0.033695,0.124274,-0.988909,0.000343,173.250961
41319,0.012569,0.450107,-0.038486,-0.073916,-0.033509,0.124765,-0.988862,0.000000,173.353958
41323,0.012588,0.450107,-0.038477,-0.073969,-0.033531,0.124966,-0.988831,0.000343,173.454895
41323,0.012588,0.450107,-0.038477,-0.073969,-0.033531,0.124966,-0.988831,0.000343,173.554802
41327,0.012606,0.450104,-0.038464,-0.074172,-0.033544,0.125289,-0.988775,0.000000,173.663635
41330,0.012613,0.450098,-0.038459,-0.074200,-0.033545,0.125371,-0.988762,0.000343,173.743973
41337,0.012627,0.450101,-0.038449,-0.074354,-0.033525,0.125676,-0.988713,0.000000,173.831520
41337,0.012627,0.450101,-0.038449,-0.074354,-0.033525,0.125676,-0.988713,0.000343,173.940010
41344,0.012630,0.450101,-0.038452,-0.074370,-0.033578,0.125890,-0.988683,0.000343,174.032364
41344,0.012630,0.450101,-0.038452,-0.074370,-0.033578,0.125890,-0.988683,0.000343,174.134331
41348,0.012636,0.450103,-0.038455,-0.074527,-0.033518,0.126092,-0.988647,0.000000,174.250374
41352,0.012643,0.450102,-0.038460,-0.074498,-0.033563,0.126125,-0.988644,0.000000,174.365044
41355,0.012651,0.450102,-0.038457,-0.074581,-0.033563,0.126294,-0.988616,0.000000,174.465294
41362,0.012673,0.450099,-0.038443,-0.074730,-0.033563,0.126625,-0.988562,0.000343,174.555244
41362,0.012673,0.450099,-0.038443,-0.074730,-0.033563,0.126625,-0.988562,0.000000,174.648285
41369,0.012694,0.450093,-0.038421,-0.074933,-0.033532,0.126866,-0.988517,0.000000,174.740295
41373,0.012707,0.450093,-0.038414,-0.074929,-0.033590,0.126921,-0.988508,0.000343,174.836769
41373,0.012707,0.450093,-0.038414,-0.074929,-0.033590,0.126921,-0.988508,0.000000,174.938736
41380,0.012717,0.450086,-0.038415,-0.075205,-0.033464,0.127172,-0.988459,0.000000,175.042419
41380,0.012717,0.450086,-0.038415,-0.075205,-0.033464,0.127172,-0.988459,0.000000,175.140953
41384,0.012720,0.450088,-0.038422,-0.075163,-0.033457,0.127282,-0.988449,0.000000,175.244637
41387,0.012725,0.450092,-0.038419,-0.075081,-0.033571,0.127450,-0.988429,0.000343,175.342140
41387,0.012725,0.450092,-0.038419,-0.075081,-0.033571,0.127450,-0.988429,0.000343,175.445137
41387,0.012725,0.450092,-0.038419,-0.075081,-0.033571,0.127450,-0.988429,0.000000,175.543327
41387,0.012725,0.450092,-0.038419,-0.075081,-0.033571,0.127450,-0.988429,0.000000,175.642891
41387,0.012725,0.450092,-0.038419,-0.075081,-0.033571,0.127450,-0.988429,0.000000,175.746918
41387,0.012725,0.450092,-0.038419,-0.075081,-0.033571,0.127450,-0.988429,0.000000,175.853004
41387,0.012725,0.450092,-0.038419,-0.075081,-0.033571,0.127450,-0.988429,0.000000,175.957375
41387,0.012725,0.450092,-0.038419,-0.075081,-0.033571,0.127450,-0.988429,0.000343,176.054878
41387,0.012725,0.450092,-0.038419,-0.075081,-0.033571,0.127450,-0.988429,0.000000,176.154099
41387,0.012725,0.450092,-0.038419,-0.075081,-0.033571,0.127450,-0.988429,0.000000,176.248169
41387,0.012725,0.450092,-0.038419,-0.075081,-0.033571,0.127450,-0.988429,0.000000,176.342239
41387,0.012725,0.450092,-0.038419,-0.075081,-0.033571,0.127450,-0.988429,0.000000,176.439743
41387,0.012725,0.450092,-0.038419,-0.075081,-0.033571,0.127450,-0.988429,0.000000,176.543770
41387,0.012725,0.450092,-0.038419,-0.075081,-0.033571,0.127450,-0.988429,0.000000,176.648827
41387,0.012725,0.450092,-0.038419,-0.075081,-0.033571,0.127450,-0.988429,0.000000,176.754227
41387,0.012725,0.450092,-0.038419,-0.075081,-0.033571,0.127450,-0.988429,0.000000,176.856537
41387,0.012725,0.450092,-0.038419,-0.075081,-0.033571,0.127450,-0.988429,0.000000,176.953697
41387,0.012725,0.450092,-0.038419,-0.075081,-0.033571,0.127450,-0.988429,0.000000,177.047424
41387,0.012725,0.450092,-0.038419,-0.075081,-0.033571,0.127450,-0.988429,0.000000,177.145958
41387,0.012725,0.450092,-0.038419,-0.075081,-0.033571,0.127450,-0.988429,0.000000,177.247925
41387,0.012725,0.450092,-0.038419,-0.075081,-0.033571,0.127450,-0.988429,0.000000,177.352982
41387,0.012725,0.450092,-0.038419,-0.075081,-0.033571,0.127450,-0.988429,0.000000,177.450485
41387,0.012725,0.450092,-0.038419,-0.075081,-0.033571,0.127450,-0.988429,0.000000,177.549362
41387,0.012725,0.450092,-0.038419,-0.075081,-0.033571,0.127450,-0.988429,0.000000,177.638969
41387,0.012725,0.450092,-0.038419,-0.075081,-0.033571,0.127450,-0.988429,0.000000,177.739220
41387,0.012725,0.450092,-0.038419,-0.075081,-0.033571,0.127450,-0.988429,0.000000,177.841530
41387,0.012725,0.450092,-0.038419,-0.075081,-0.033571,0.127450,-0.988429,0.000000,177.953453
41387,0.012725,0.450092,-0.038419,-0.075081,-0.033571,0.127450,-0.988429,0.000000,178.056107
41387,0.012725,0.450092,-0.038419,-0.075081,-0.033571,0.127450,-0.988429,0.000000,178.157387
41387,0.012725,0.450092,-0.038419,-0.075081,-0.033571,0.127450,-0.988429,0.000000,178.250771
41493,0.012999,0.450068,-0.038310,-0.077533,-0.033534,0.132177,-0.987620,0.000000,178.348961
41500,0.013024,0.450064,-0.038292,-0.077795,-0.033499,0.132594,-0.987545,0.000000,178.447495
41504,0.013040,0.450063,-0.038280,-0.077790,-0.033524,0.132726,-0.987526,0.000000,178.549118
41508,0.013053,0.450062,-0.038272,-0.077902,-0.033540,0.132972,-0.987484,0.000000,178.660698
41511,0.013063,0.450062,-0.038266,-0.078032,-0.033513,0.133138,-0.987452,0.000000,178.765755
41515,0.013067,0.450060,-0.038266,-0.078022,-0.033514,0.133248,-0.987438,0.000000,178.862228
41518,0.013073,0.450059,-0.038264,-0.078144,-0.033497,0.133418,-0.987406,0.000000,178.970718
41518,0.013073,0.450059,-0.038264,-0.078144,-0.033497,0.133418,-0.987406,0.000000,179.067192
41522,0.013083,0.450060,-0.038267,-0.078180,-0.033551,0.133570,-0.987381,-0.000343,179.156456
41529,0.013096,0.450060,-0.038268,-0.078389,-0.033513,0.133911,-0.987320,0.000000,179.249496
41529,0.013096,0.450060,-0.038268,-0.078389,-0.033513,0.133911,-0.987320,0.000000,179.343910
41536,0.013114,0.450061,-0.038262,-0.078423,-0.033534,0.134165,-0.987282,0.000000,179.435234
41536,0.013114,0.450061,-0.038262,-0.078423,-0.033534,0.134165,-0.987282,0.000000,179.539261
41543,0.013137,0.450060,-0.038246,-0.078662,-0.033505,0.134526,-0.987215,0.000000,179.647751
41543,0.013137,0.450060,-0.038246,-0.078662,-0.033505,0.134526,-0.987215,0.000000,179.752464
41547,0.013149,0.450059,-0.038234,-0.078768,-0.033495,0.134693,-0.987184,0.000000,179.866447
41554,0.013167,0.450057,-0.038224,-0.078917,-0.033497,0.135064,-0.987121,0.000000,179.975967
41554,0.013167,0.450057,-0.038224,-0.078917,-0.033497,0.135064,-0.987121,0.000000,180.073471
41561,0.013185,0.450057,-0.038222,-0.079114,-0.033433,0.135411,-0.987060,0.000000,180.163422
41561,0.013185,0.450057,-0.038222,-0.079114,-0.033433,0.135411,-0.987060,0.000000,180.253029
41565,0.013195,0.450058,-0.038223,-0.079119,-0.033539,0.135529,-0.987040,0.000000,180.338516
41572,0.013210,0.450058,-0.038226,-0.079315,-0.033460,0.135844,-0.986983,-0.000343,180.438423
41572,0.013210,0.450058,-0.038226,-0.079315,-0.033460,0.135844,-0.986983,0.000000,180.544167
41579,0.013228,0.450057,-0.038211,-0.079390,-0.033438,0.136063,-0.986948,0.000000,180.655746
41582,0.013235,0.450054,-0.038204,-0.079480,-0.033483,0.136178,-0.986923,0.000000,180.764580
41582,0.013235,0.450054,-0.038204,-0.079480,-0.033483,0.136178,-0.986923,0.000000,180.872383
41589,0.013246,0.450055,-0.038187,-0.079552,-0.033468,0.136439,-0.986882,0.000000,180.967484
41593,0.013252,0.450050,-0.038185,-0.079752,-0.033440,0.136662,-0.986836,0.000000,181.062584
41597,0.013259,0.450054,-0.038190,-0.079638,-0.033483,0.136692,-0.986839,0.000000,181.153564
41597,0.013259,0.450054,-0.038190,-0.079638,-0.033483,0.136692,-0.986839,0.000000,181.248665
41600,0.013266,0.450052,-0.038193,-0.079741,-0.033503,0.136851,-0.986808,-0.000343,181.346855
41604,0.013278,0.450052,-0.038199,-0.079841,-0.033471,0.137057,-0.986773,0.000000,181.450195
41611,0.013297,0.450052,-0.038196,-0.079898,-0.033520,0.137278,-0.986736,0.000000,181.556282
41611,0.013297,0.450052,-0.038196,-0.079898,-0.033520,0.137278,-0.986736,0.000000,181.669579
41618,0.013314,0.450046,-0.038176,-0.080023,-0.033526,0.137522,-0.986691,0.000000,181.774292
41618,0.013314,0.450046,-0.038176,-0.080023,-0.033526,0.137522,-0.986691,0.000000,181.869736
41622,0.013330,0.450048,-0.038154,-0.080037,-0.033690,0.137757,-0.986652,0.000000,181.962433
41628,0.013341,0.450045,-0.038140,-0.080191,-0.033694,0.138029,-0.986601,0.000000,182.052383
41628,0.013341,0.450045,-0.038140,-0.080191,-0.033694,0.138029,-0.986601,0.000000,182.147827
41635,0.013353,0.450043,-0.038148,-0.080267,-0.033686,0.138310,-0.986556,0.000000,182.247391
41635,0.013353,0.450043,-0.038148,-0.080267,-0.033686,0.138310,-0.986556,-0.000343,182.351761
41643,0.013374,0.450045,-0.038158,-0.080344,-0.033731,0.138547,-0.986515,-0.000343,182.460251
41643,0.013374,0.450045,-0.038158,-0.080344,-0.033731,0.138547,-0.986515,0.000000,182.559814
41650,0.013395,0.450047,-0.038150,-0.080420,-0.033716,0.138825,-0.986470,0.000000,182.663155
41650,0.013395,0.450047,-0.038150,-0.080420,-0.033716,0.138825,-0.986470,0.000000,182.763405
41657,0.013415,0.450041,-0.038128,-0.080603,-0.033686,0.139173,-0.986407,-0.000343,182.859879
41657,0.013415,0.450041,-0.038128,-0.080603,-0.033686,0.139173,-0.986407,-0.000343,182.969398
41664,0.013429,0.450040,-0.038112,-0.080708,-0.033690,0.139373,-0.986370,0.000000,183.059349
41667,0.013491,0.450039,-0.038081,-0.080342,-0.034887,0.139262,-0.986374,0.000000,183.156853
41667,0.013491,0.450039,-0.038081,-0.080342,-0.034887,0.139262,-0.986374,0.000000,183.254356
41671,0.013438,0.450039,-0.038113,-0.080864,-0.033695,0.139611,-0.986324,0.000000,183.362503
41678,0.013449,0.450038,-0.038121,-0.080942,-0.033670,0.139846,-0.986285,-0.000343,183.469963
41678,0.013449,0.450038,-0.038121,-0.080942,-0.033670,0.139846,-0.986285,-0.000343,183.573647
41685,0.013517,0.450040,-0.038092,-0.080517,-0.034873,0.139780,-0.986287,0.000000,183.675613
41689,0.013523,0.450035,-0.038085,-0.080745,-0.034838,0.139986,-0.986241,-0.000343,183.767281
41692,0.013528,0.450037,-0.038077,-0.080690,-0.034892,0.140025,-0.986238,0.000000,183.854485
41692,0.013528,0.450037,-0.038077,-0.080690,-0.034892,0.140025,-0.986238,-0.000343,183.955421
41696,0.013537,0.450035,-0.038072,-0.080751,-0.034848,0.140092,-0.986225,-0.000343,184.041595
41703,0.013548,0.450036,-0.038063,-0.080813,-0.034888,0.140316,-0.986186,-0.000343,184.148712
41703,0.013548,0.450036,-0.038063,-0.080813,-0.034888,0.140316,-0.986186,-0.000343,184.265442
41707,0.013552,0.450035,-0.038063,-0.080838,-0.034905,0.140399,-0.986172,0.000000,184.370842
41714,0.013569,0.450037,-0.038063,-0.080905,-0.034941,0.140614,-0.986135,0.000000,184.472122
41714,0.013569,0.450037,-0.038063,-0.080905,-0.034941,0.140614,-0.986135,0.000000,184.575119
41721,0.013583,0.450036,-0.038059,-0.081056,-0.034900,0.140876,-0.986086,-0.000343,184.673309
41721,0.013583,0.450036,-0.038059,-0.081056,-0.034900,0.140876,-0.986086,-0.000343,184.775276
41724,0.013585,0.450032,-0.038055,-0.081153,-0.034881,0.141007,-0.986060,-0.000343,184.867630
41731,0.013537,0.450030,-0.038077,-0.081651,-0.033680,0.141441,-0.985999,0.000000,184.961357
41731,0.013537,0.450030,-0.038077,-0.081651,-0.033680,0.141441,-0.985999,0.000000,185.053024
41739,0.013552,0.450028,-0.038075,-0.081734,-0.033716,0.141554,-0.985974,-0.000343,185.153618
41742,0.013616,0.450030,-0.038044,-0.081380,-0.034885,0.141523,-0.985967,0.000000,185.257301
41742,0.013616,0.450030,-0.038044,-0.081380,-0.034885,0.141523,-0.985967,0.000000,185.356865
41749,0.013631,0.450032,-0.038042,-0.081388,-0.034910,0.141736,-0.985935,0.000000,185.463982
41749,0.013631,0.450032,-0.038042,-0.081388,-0.034910,0.141736,-0.985935,-0.000343,185.571442
41756,0.013647,0.450029,-0.038028,-0.081584,-0.034897,0.142039,-0.985876,0.000000,185.675468
41756,0.013647,0.450029,-0.038028,-0.081584,-0.034897,0.142039,-0.985876,0.000000,185.773659
41760,0.013654,0.450029,-0.038020,-0.081606,-0.034909,0.142117,-0.985862,0.000000,185.874252
41767,0.013665,0.450028,-0.038012,-0.081722,-0.034951,0.142370,-0.985815,0.000000,185.970039
41767,0.013665,0.450028,-0.038012,-0.081722,-0.034951,0.142370,-0.985815,-0.000343,186.061363
41771,0.013674,0.450028,-0.038009,-0.081894,-0.034897,0.142599,-0.985769,0.000000,186.159897
41774,0.013677,0.450028,-0.038010,-0.081921,-0.034904,0.142661,-0.985758,0.000000,186.262894
41781,0.013655,0.450025,-0.038027,-0.082169,-0.034274,0.142978,-0.985713,-0.000343,186.364861
41785,0.013701,0.450027,-0.038007,-0.082168,-0.034881,0.143083,-0.985677,-0.000343,186.467857
41788,0.013659,0.450041,-0.038017,-0.082191,-0.034118,0.143604,-0.985626,-0.000343,186.568451
41792,0.013718,0.450027,-0.037998,-0.082212,-0.034927,0.143326,-0.985636,-0.000343,186.672821
41792,0.013718,0.450027,-0.037998,-0.082212,-0.034927,0.143326,-0.985636,0.000000,186.767921
41799,0.013734,0.450027,-0.037985,-0.082287,-0.034962,0.143628,-0.985585,0.000000,186.865768
41802,0.013738,0.450028,-0.037983,-0.082321,-0.034932,0.143626,-0.985583,-0.000343,186.968079
41802,0.013738,0.450028,-0.037983,-0.082321,-0.034932,0.143626,-0.985583,0.000000,187.079659
41806,0.013746,0.450025,-0.037977,-0.082496,-0.034913,0.143852,-0.985537,0.000000,187.166862
41813,0.013753,0.450025,-0.037975,-0.082476,-0.034966,0.143966,-0.985520,0.000000,187.271919
41813,0.013753,0.450025,-0.037975,-0.082476,-0.034966,0.143966,-0.985520,-0.000343,187.373199
41816,0.013757,0.450025,-0.037977,-0.082510,-0.034937,0.144008,-0.985512,0.000000,187.472076
41816,0.013757,0.450025,-0.037977,-0.082510,-0.034937,0.144008,-0.985512,-0.000343,187.570610
41816,0.013757,0.450025,-0.037977,-0.082510,-0.034937,0.144008,-0.985512,-0.000343,187.663651
41816,0.013757,0.450025,-0.037977,-0.082510,-0.034937,0.144008,-0.985512,-0.000343,187.763901
41816,0.013757,0.450025,-0.037977,-0.082510,-0.034937,0.144008,-0.985512,-0.000343,187.865524
41816,0.013757,0.450025,-0.037977,-0.082510,-0.034937,0.144008,-0.985512,-0.000343,187.966805
41816,0.013757,0.450025,-0.037977,-0.082510,-0.034937,0.144008,-0.985512,-0.000343,188.064995
41816,0.013757,0.450025,-0.037977,-0.082510,-0.034937,0.144008,-0.985512,-0.000343,188.162842
41816,0.013757,0.450025,-0.037977,-0.082510,-0.034937,0.144008,-0.985512,-0.000343,188.269272
41816,0.013757,0.450025,-0.037977,-0.082510,-0.034937,0.144008,-0.985512,-0.000343,188.371925
41816,0.013757,0.450025,-0.037977,-0.082510,-0.034937,0.144008,-0.985512,0.000000,188.473892
41816,0.013757,0.450025,-0.037977,-0.082510,-0.034937,0.144008,-0.985512,-0.000343,188.576202
41816,0.013757,0.450025,-0.037977,-0.082510,-0.034937,0.144008,-0.985512,-0.000343,188.678169
41816,0.013757,0.450025,-0.037977,-0.082510,-0.034937,0.144008,-0.985512,-0.000343,188.774986
41816,0.013757,0.450025,-0.037977,-0.082510,-0.034937,0.144008,-0.985512,-0.000343,188.869743
41816,0.013757,0.450025,-0.037977,-0.082510,-0.034937,0.144008,-0.985512,-0.000343,188.968620
41816,0.013757,0.450025,-0.037977,-0.082510,-0.034937,0.144008,-0.985512,-0.000343,189.069214
41816,0.013757,0.450025,-0.037977,-0.082510,-0.034937,0.144008,-0.985512,-0.000343,189.172554
41816,0.013757,0.450025,-0.037977,-0.082510,-0.034937,0.144008,-0.985512,-0.000343,189.275208
41816,0.013757,0.450025,-0.037977,-0.082510,-0.034937,0.144008,-0.985512,-0.000343,189.369621
41816,0.013757,0.450025,-0.037977,-0.082510,-0.034937,0.144008,-0.985512,-0.000343,189.463005
41816,0.013757,0.450025,-0.037977,-0.082510,-0.034937,0.144008,-0.985512,-0.000343,189.560509
41816,0.013757,0.450025,-0.037977,-0.082510,-0.034937,0.144008,-0.985512,-0.000343,189.663849
41816,0.013757,0.450025,-0.037977,-0.082510,-0.034937,0.144008,-0.985512,-0.000343,189.773369
41816,0.013757,0.450025,-0.037977,-0.082510,-0.034937,0.144008,-0.985512,-0.000343,189.884949
41816,0.013757,0.450025,-0.037977,-0.082510,-0.034937,0.144008,-0.985512,0.000000,189.984169
41816,0.013757,0.450025,-0.037977,-0.082510,-0.034937,0.144008,-0.985512,-0.000343,190.075493
41816,0.013757,0.450025,-0.037977,-0.082510,-0.034937,0.144008,-0.985512,-0.000343,190.175056
41816,0.013757,0.450025,-0.037977,-0.082510,-0.034937,0.144008,-0.985512,-0.000343,190.273590
41816,0.013757,0.450025,-0.037977,-0.082510,-0.034937,0.144008,-0.985512,-0.000343,190.376244
41923,0.013928,0.450014,-0.037905,-0.083815,-0.034962,0.147103,-0.984943,-0.000343,190.474434
41927,0.013930,0.450015,-0.037904,-0.083792,-0.035006,0.147149,-0.984937,-0.000343,190.573654
41934,0.013936,0.450015,-0.037912,-0.083929,-0.034981,0.147439,-0.984883,-0.000343,190.669441
41934,0.013936,0.450015,-0.037912,-0.083929,-0.034981,0.147439,-0.984883,0.000000,190.773468
41941,0.013896,0.450028,-0.037934,-0.084011,-0.034147,0.147909,-0.984835,-0.000343,190.879211
41944,0.013951,0.450016,-0.037918,-0.084000,-0.034992,0.147630,-0.984848,-0.000343,190.975685
41944,0.013951,0.450016,-0.037918,-0.084000,-0.034992,0.147630,-0.984848,0.000000,191.081085
41952,0.013968,0.450014,-0.037900,-0.084090,-0.034982,0.147817,-0.984812,0.000000,191.187172
41955,0.013977,0.450011,-0.037888,-0.084205,-0.034997,0.148006,-0.984774,-0.000343,191.280556
41959,0.013987,0.450013,-0.037880,-0.084174,-0.034996,0.148007,-0.984776,-0.000343,191.375313
41959,0.013987,0.450013,-0.037880,-0.084174,-0.034996,0.148007,-0.984776,-0.000343,191.471786
41966,0.013999,0.450010,-0.037876,-0.084331,-0.034997,0.148295,-0.984719,0.000000,191.568604
41966,0.013999,0.450010,-0.037876,-0.084331,-0.034997,0.148295,-0.984719,0.000000,191.670227
41973,0.014004,0.450011,-0.037885,-0.084328,-0.034999,0.148422,-0.984700,0.000000,191.779747
41973,0.014004,0.450011,-0.037885,-0.084328,-0.034999,0.148422,-0.984700,-0.000343,191.883774
41977,0.014008,0.450011,-0.037889,-0.084472,-0.035001,0.148629,-0.984657,0.000000,191.995354
41980,0.014014,0.450013,-0.037890,-0.084441,-0.035057,0.148669,-0.984651,0.000000,192.086334
41984,0.014016,0.450010,-0.037889,-0.084498,-0.035030,0.148792,-0.984629,0.000000,192.181778
41990,0.014029,0.450012,-0.037877,-0.084676,-0.034986,0.149019,-0.984581,-0.000343,192.277222
41990,0.014029,0.450012,-0.037877,-0.084676,-0.034986,0.149019,-0.984581,0.000000,192.369576
41998,0.014048,0.450010,-0.037864,-0.084793,-0.034973,0.149241,-0.984538,-0.000343,192.466049
42001,0.014056,0.450011,-0.037858,-0.084734,-0.035024,0.149322,-0.984529,-0.000343,192.563553
42001,0.014056,0.450011,-0.037858,-0.084734,-0.035024,0.149322,-0.984529,-0.000343,192.673073
42005,0.014063,0.450010,-0.037852,-0.084784,-0.034992,0.149366,-0.984519,-0.000343,192.784309
42008,0.014067,0.450008,-0.037847,-0.084832,-0.034984,0.149441,-0.984503,-0.000343,192.891426
42012,0.014079,0.450012,-0.037845,-0.084900,-0.034999,0.149627,-0.984469,-0.000343,192.991676
42019,0.014091,0.450010,-0.037849,-0.085018,-0.034978,0.149866,-0.984423,-0.000343,193.088493
42019,0.014091,0.450010,-0.037849,-0.085018,-0.034978,0.149866,-0.984423,-0.000343,193.181190
42026,0.014097,0.450010,-0.037853,-0.085028,-0.035019,0.150007,-0.984399,0.000000,193.278694
42026,0.014097,0.450010,-0.037853,-0.085028,-0.035019,0.150007,-0.984399,0.000000,193.374825
42033,0.014105,0.450008,-0.037850,-0.085215,-0.034987,0.150259,-0.984346,0.000000,193.472672
42033,0.014105,0.450008,-0.037850,-0.085215,-0.034987,0.150259,-0.984346,0.000000,193.577042
42037,0.014115,0.450009,-0.037843,-0.085210,-0.034989,0.150402,-0.984324,0.000000,193.684158
42044,0.014135,0.450007,-0.037828,-0.085386,-0.034984,0.150664,-0.984269,-0.000343,193.783379
42044,0.014135,0.450007,-0.037828,-0.085386,-0.034984,0.150664,-0.984269,-0.000343,193.882599
42051,0.014149,0.450002,-0.037815,-0.085593,-0.034941,0.150893,-0.984218,0.000000,193.980789
42051,0.014149,0.450002,-0.037815,-0.085593,-0.034941,0.150893,-0.984218,-0.000343,194.082756
42055,0.014155,0.450002,-0.037812,-0.085550,-0.034976,0.150945,-0.984212,0.000000,194.187469
42061,0.014165,0.450000,-0.037810,-0.085705,-0.034989,0.151186,-0.984161,-0.000343,194.286690
42061,0.014165,0.450000,-0.037810,-0.085705,-0.034989,0.151186,-0.984161,-0.000343,194.376984
42065,0.014173,0.449999,-0.037809,-0.085814,-0.034948,0.151457,-0.984112,0.000000,194.471397
42072,0.014186,0.450000,-0.037813,-0.085903,-0.034906,0.151707,-0.984067,0.000000,194.575424
42072,0.014186,0.450000,-0.037813,-0.085903,-0.034906,0.151707,-0.984067,0.000000,194.682541
42076,0.014197,0.449999,-0.037812,-0.085920,-0.034971,0.151810,-0.984047,0.000000,194.793091
42083,0.014214,0.449995,-0.037803,-0.086104,-0.034921,0.152119,-0.983985,0.000000,194.895058
42083,0.014214,0.449995,-0.037803,-0.086104,-0.034921,0.152119,-0.983985,-0.000343,194.989128
42090,0.014230,0.449993,-0.037786,-0.086096,-0.034948,0.152317,-0.983954,0.000000,195.079079
42094,0.014238,0.449988,-0.037775,-0.086288,-0.034897,0.152537,-0.983905,-0.000343,195.179672
42097,0.014248,0.449989,-0.037773,-0.086269,-0.034911,0.152621,-0.983893,-0.000343,195.277176
42101,0.014255,0.449988,-0.037771,-0.086314,-0.034922,0.152718,-0.983874,-0.000343,195.377769
42104,0.014258,0.449987,-0.037773,-0.086384,-0.034895,0.152835,-0.983850,-0.000343,195.481796
42104,0.014258,0.449987,-0.037773,-0.086384,-0.034895,0.152835,-0.983850,-0.000343,195.584106
42111,0.014267,0.449985,-0.037778,-0.086383,-0.034926,0.152971,-0.983828,0.000000,195.686760
42111,0.014267,0.449985,-0.037778,-0.086383,-0.034926,0.152971,-0.983828,0.000000,195.791130
42115,0.014275,0.449989,-0.037780,-0.086548,-0.034887,0.153205,-0.983779,0.000000,195.893784
42122,0.014285,0.449986,-0.037776,-0.086519,-0.034900,0.153371,-0.983755,-0.000343,195.992661
42126,0.014297,0.449981,-0.037769,-0.086740,-0.034893,0.153595,-0.983701,0.000000,196.096001
42126,0.014297,0.449981,-0.037769,-0.086740,-0.034893,0.153595,-0.983701,0.000000,196.197968
42133,0.014313,0.449980,-0.037756,-0.086750,-0.034901,0.153756,-0.983674,0.000000,196.285858
42133,0.014313,0.449980,-0.037756,-0.086750,-0.034901,0.153756,-0.983674,0.000000,196.377869
42139,0.014320,0.449977,-0.037747,-0.086900,-0.034867,0.153881,-0.983643,-0.000343,196.473656
42143,0.014325,0.449978,-0.037744,-0.086836,-0.034897,0.153975,-0.983633,-0.000343,196.572876
42143,0.014325,0.449978,-0.037744,-0.086836,-0.034897,0.153975,-0.983633,-0.000343,196.683426
42147,0.014328,0.449976,-0.037744,-0.087046,-0.034862,0.154193,-0.983581,0.000000,196.798439
42154,0.014342,0.449977,-0.037750,-0.087025,-0.034884,0.154309,-0.983564,-0.000343,196.902122
42157,0.014345,0.449975,-0.037754,-0.087030,-0.034912,0.154382,-0.983551,0.000000,196.999969
42161,0.014357,0.449978,-0.037751,-0.087117,-0.034900,0.154596,-0.983510,0.000000,197.096443
42164,0.014362,0.449976,-0.037749,-0.087102,-0.034906,0.154620,-0.983508,0.000000,197.183647
42168,0.014371,0.449976,-0.037743,-0.087243,-0.034851,0.154788,-0.983471,-0.000343,197.283211
42168,0.014371,0.449976,-0.037743,-0.087243,-0.034851,0.154788,-0.983471,-0.000343,197.380028
42175,0.014384,0.449973,-0.037726,-0.087316,-0.034900,0.154938,-0.983439,0.000000,197.480621
42175,0.014384,0.449973,-0.037726,-0.087316,-0.034900,0.154938,-0.983439,0.000000,197.583275
42182,0.014394,0.449969,-0.037712,-0.087498,-0.034856,0.155216,-0.983381,-0.000343,197.684212
42182,0.014394,0.449969,-0.037712,-0.087498,-0.034856,0.155216,-0.983381,0.000000,197.785835
42189,0.014399,0.449971,-0.037720,-0.087519,-0.034833,0.155371,-0.983355,0.000000,197.883339
42193,0.014405,0.449974,-0.037725,-0.087538,-0.034844,0.155436,-0.983343,-0.000343,197.985649
42193,0.014405,0.449974,-0.037725,-0.087538,-0.034844,0.155436,-0.983343,-0.000343,198.088303
42200,0.014412,0.449971,-0.037730,-0.087631,-0.034848,0.155610,-0.983307,-0.000343,198.193359
42200,0.014412,0.449971,-0.037730,-0.087631,-0.034848,0.155610,-0.983307,0.000000,198.299789
42204,0.014420,0.449971,-0.037731,-0.087608,-0.034861,0.155665,-0.983300,0.000000,198.403816
42210,0.014440,0.449969,-0.037719,-0.087771,-0.034822,0.155873,-0.983253,0.000000,198.500977
42210,0.014440,0.449969,-0.037719,-0.087771,-0.034822,0.155873,-0.983253,0.000000,198.597107
42218,0.014454,0.449967,-0.037700,-0.087822,-0.034850,0.156033,-0.983222,-0.000343,198.693924
42218,0.014454,0.449967,-0.037700,-0.087822,-0.034850,0.156033,-0.983222,0.000000,198.787651
42225,0.014457,0.449966,-0.037691,-0.087954,-0.034873,0.156247,-0.983176,0.000000,198.880005
42228,0.014459,0.449967,-0.037692,-0.087948,-0.034898,0.156305,-0.983166,0.000000,198.978882
42228,0.014459,0.449967,-0.037692,-0.087948,-0.034898,0.156305,-0.983166,-0.000343,199.082222
42232,0.014461,0.449967,-0.037699,-0.087995,-0.034838,0.156403,-0.983149,0.000000,199.202042
42236,0.014465,0.449968,-0.037705,-0.088013,-0.034856,0.156537,-0.983125,0.000000,199.298859
42239,0.014467,0.449968,-0.037712,-0.087981,-0.034890,0.156540,-0.983126,0.000000,199.399109
42243,0.014479,0.449969,-0.037707,-0.088186,-0.034834,0.156782,-0.983071,-0.000343,199.489059
42243,0.014479,0.449969,-0.037707,-0.088186,-0.034834,0.156782,-0.983071,0.000000,199.583473
42243,0.014479,0.449969,-0.037707,-0.088186,-0.034834,0.156782,-0.983071,-0.000343,199.687157
42243,0.014479,0.449969,-0.037707,-0.088186,-0.034834,0.156782,-0.983071,0.000000,199.797363
42243,0.014479,0.449969,-0.037707,-0.088186,-0.034834,0.156782,-0.983071,0.000000,199.903107
42243,0.014479,0.449969,-0.037707,-0.088186,-0.034834,0.156782,-0.983071,-0.000343,199.994774
42243,0.014479,0.449969,-0.037707,-0.088186,-0.034834,0.156782,-0.983071,0.000000,200.088158
42243,0.014479,0.449969,-0.037707,-0.088186,-0.034834,0.156782,-0.983071,0.000000,200.187378
42243,0.014479,0.449969,-0.037707,-0.088186,-0.034834,0.156782,-0.983071,-0.000343,200.287628
42243,0.014479,0.449969,-0.037707,-0.088186,-0.034834,0.156782,-0.983071,-0.000343,200.390625
42243,0.014479,0.449969,-0.037707,-0.088186,-0.034834,0.156782,-0.983071,0.000000,200.493279
42243,0.014479,0.449969,-0.037707,-0.088186,-0.034834,0.156782,-0.983071,0.000000,200.588722
42243,0.014479,0.449969,-0.037707,-0.088186,-0.034834,0.156782,-0.983071,0.000000,200.687256
42243,0.014479,0.449969,-0.037707,-0.088186,-0.034834,0.156782,-0.983071,0.000000,200.792656
42243,0.014479,0.449969,-0.037707,-0.088186,-0.034834,0.156782,-0.983071,0.000000,200.898399
42243,0.014479,0.449969,-0.037707,-0.088186,-0.034834,0.156782,-0.983071,0.000000,201.008606
42243,0.014479,0.449969,-0.037707,-0.088186,-0.034834,0.156782,-0.983071,0.000000,201.103020
42243,0.014479,0.449969,-0.037707,-0.088186,-0.034834,0.156782,-0.983071,0.000000,201.206017
42243,0.014479,0.449969,-0.037707,-0.088186,-0.034834,0.156782,-0.983071,0.000000,201.301117
42243,0.014479,0.449969,-0.037707,-0.088186,-0.034834,0.156782,-0.983071,0.000000,201.397247
42243,0.014479,0.449969,-0.037707,-0.088186,-0.034834,0.156782,-0.983071,0.000000,201.504021
42243,0.014479,0.449969,-0.037707,-0.088186,-0.034834,0.156782,-0.983071,0.000000,201.596718
42243,0.014479,0.449969,-0.037707,-0.088186,-0.034834,0.156782,-0.983071,0.000000,201.705208
42243,0.014479,0.449969,-0.037707,-0.088186,-0.034834,0.156782,-0.983071,0.000000,201.805801
42243,0.014479,0.449969,-0.037707,-0.088186,-0.034834,0.156782,-0.983071,0.000000,201.897125
42243,0.014479,0.449969,-0.037707,-0.088186,-0.034834,0.156782,-0.983071,0.000000,201.995659
42243,0.014479,0.449969,-0.037707,-0.088186,-0.034834,0.156782,-0.983071,0.000000,202.091789
42243,0.014479,0.449969,-0.037707,-0.088186,-0.034834,0.156782,-0.983071,0.000000,202.191353
42243,0.014479,0.449969,-0.037707,-0.088186,-0.034834,0.156782,-0.983071,0.000000,202.297096
42243,0.014479,0.449969,-0.037707,-0.088186,-0.034834,0.156782,-0.983071,0.000000,202.400093
42349,0.014647,0.449949,-0.037606,-0.089463,-0.034824,0.159207,-0.982566,0.000000,202.503433
42356,0.014657,0.449952,-0.037613,-0.089445,-0.034862,0.159384,-0.982538,0.000000,202.608490
42356,0.014657,0.449952,-0.037613,-0.089445,-0.034862,0.159384,-0.982538,0.000000,202.708054
42360,0.014656,0.449950,-0.037624,-0.089643,-0.034804,0.159620,-0.982484,0.000000,202.793541
42363,0.014659,0.449950,-0.037638,-0.089596,-0.034855,0.159660,-0.982480,0.000000,202.884178
42370,0.014671,0.449952,-0.037657,-0.089588,-0.034860,0.159836,-0.982452,0.000000,202.990608
42370,0.014671,0.449952,-0.037657,-0.089588,-0.034860,0.159836,-0.982452,0.000000,203.098068
42374,0.014674,0.449952,-0.037647,-0.089718,-0.034842,0.160060,-0.982404,0.000000,203.202782
42378,0.014671,0.449950,-0.037626,-0.089814,-0.034820,0.160161,-0.982379,0.000000,203.304062
42385,0.014693,0.449944,-0.037586,-0.089985,-0.034836,0.160394,-0.982325,0.000000,203.410492
42385,0.014693,0.449944,-0.037586,-0.089985,-0.034836,0.160394,-0.982325,0.000343,203.508682
42392,0.014724,0.449946,-0.037568,-0.090171,-0.034812,0.160676,-0.982263,0.000000,203.604813
42395,0.014729,0.449944,-0.037571,-0.090191,-0.034829,0.160768,-0.982246,0.000000,203.705750
42395,0.014729,0.449944,-0.037571,-0.090191,-0.034829,0.160768,-0.982246,0.000000,203.801537
42402,0.014736,0.449944,-0.037588,-0.090216,-0.034827,0.160908,-0.982220,0.000000,203.904533
42406,0.014743,0.449944,-0.037603,-0.090192,-0.034844,0.161061,-0.982197,0.000000,204.005127
42406,0.014743,0.449944,-0.037603,-0.090192,-0.034844,0.161061,-0.982197,0.000343,204.102631
42413,0.014757,0.449945,-0.037616,-0.090328,-0.034801,0.161297,-0.982147,0.000000,204.200821
42413,0.014757,0.449945,-0.037616,-0.090328,-0.034801,0.161297,-0.982147,0.000000,204.307251
42420,0.014760,0.449942,-0.037594,-0.090395,-0.034878,0.161464,-0.982111,0.000000,204.409218
42424,0.014763,0.449938,-0.037576,-0.090529,-0.034850,0.161582,-0.982080,0.000000,204.515305
42424,0.014763,0.449938,-0.037576,-0.090529,-0.034850,0.161582,-0.982080,0.000000,204.617615
42431,0.014788,0.449938,-0.037561,-0.090521,-0.034872,0.161780,-0.982047,0.000000,204.709969
42434,0.014801,0.449938,-0.037556,-0.090653,-0.034827,0.161971,-0.982005,0.000000,204.806786
42434,0.014801,0.449938,-0.037556,-0.090653,-0.034827,0.161971,-0.982005,0.000000,204.905319
42438,0.014816,0.449936,-0.037552,-0.090705,-0.034885,0.162082,-0.981980,0.000000,205.001793
42445,0.014827,0.449935,-0.037554,-0.090815,-0.034851,0.162334,-0.981930,0.000343,205.098267
42445,0.014827,0.449935,-0.037554,-0.090815,-0.034851,0.162334,-0.981930,0.000343,205.199203
42449,0.014836,0.449935,-0.037555,-0.090851,-0.034877,0.162503,-0.981898,0.000000,205.302887
42452,0.014843,0.449936,-0.037561,-0.090862,-0.034838,0.162566,-0.981887,0.000343,205.417213
42459,0.014856,0.449931,-0.037555,-0.091059,-0.034859,0.162962,-0.981803,0.000000,205.522614
42463,0.014859,0.449930,-0.037548,-0.091102,-0.034860,0.163068,-0.981781,0.000343,205.618401
42463,0.014859,0.449930,-0.037548,-0.091102,-0.034860,0.163068,-0.981781,0.000000,205.708351
42467,0.014863,0.449929,-0.037536,-0.091273,-0.034860,0.163332,-0.981721,0.000000,205.806885
42470,0.014868,0.449927,-0.037534,-0.091275,-0.034902,0.163424,-0.981704,0.000343,205.909195
42477,0.014887,0.449925,-0.037525,-0.091413,-0.034816,0.163699,-0.981649,0.000343,206.016312
42477,0.014887,0.449925,-0.037525,-0.091413,-0.034816,0.163699,-0.981649,0.000000,206.125488
42484,0.014909,0.449927,-0.037516,-0.091432,-0.034895,0.163893,-0.981612,0.000343,206.224709
42484,0.014909,0.449927,-0.037516,-0.091432,-0.034895,0.163893,-0.981612,0.000343,206.315002
42488,0.014923,0.449922,-0.037511,-0.091647,-0.034826,0.164142,-0.981553,0.000000,206.408043
42491,0.014935,0.449925,-0.037510,-0.091630,-0.034848,0.164219,-0.981541,0.000343,206.505547
42498,0.014948,0.449920,-0.037506,-0.091733,-0.034845,0.164435,-0.981495,0.000343,206.605453
42498,0.014948,0.449920,-0.037506,-0.091733,-0.034845,0.164435,-0.981495,0.000000,206.711884
42505,0.014947,0.449922,-0.037500,-0.091791,-0.034854,0.164653,-0.981452,0.000343,206.822090
42505,0.014947,0.449922,-0.037500,-0.091791,-0.034854,0.164653,-0.981452,0.000343,206.926460
42513,0.014960,0.449919,-0.037509,-0.091899,-0.034865,0.164877,-0.981404,0.000343,207.031860
42513,0.014960,0.449919,-0.037509,-0.091899,-0.034865,0.164877,-0.981404,0.000343,207.140694
42516,0.014968,0.449918,-0.037509,-0.091937,-0.034863,0.165021,-0.981377,0.000343,207.232361
42523,0.014987,0.449914,-0.037500,-0.092150,-0.034822,0.165385,-0.981297,0.000343,207.328148
42527,0.014995,0.449914,-0.037487,-0.092139,-0.034818,0.165413,-0.981293,0.000343,207.422905
42527,0.014995,0.449914,-0.037487,-0.092139,-0.034818,0.165413,-0.981293,0.000343,207.513885
42534,0.015018,0.449908,-0.037462,-0.092338,-0.034831,0.165753,-0.981217,0.000343,207.607613
42534,0.015018,0.449908,-0.037462,-0.092338,-0.034831,0.165753,-0.981217,0.000343,207.708206
42537,0.015031,0.449910,-0.037452,-0.092374,-0.034821,0.165898,-0.981189,0.000000,207.806053
42544,0.015040,0.449903,-0.037451,-0.092613,-0.034772,0.166241,-0.981111,0.000000,207.914543
42548,0.015045,0.449908,-0.037459,-0.092530,-0.034795,0.166263,-0.981114,0.000000,208.030243
42548,0.015045,0.449908,-0.037459,-0.092530,-0.034795,0.166263,-0.981114,0.000343,208.137703
42555,0.015062,0.449908,-0.037469,-0.092733,-0.034807,0.166660,-0.981027,0.000000,208.242760
42555,0.015062,0.449908,-0.037469,-0.092733,-0.034807,0.166660,-0.981027,0.000343,208.344040
42562,0.015078,0.449901,-0.037464,-0.092903,-0.034771,0.166965,-0.980960,0.000343,208.435707
42562,0.015078,0.449901,-0.037464,-0.092903,-0.034771,0.166965,-0.980960,0.000343,208.535271
42566,0.015093,0.449901,-0.037450,-0.092969,-0.034811,0.167201,-0.980912,0.000343,208.621445
42568,0.015100,0.449901,-0.037441,-0.093088,-0.034789,0.167369,-0.980873,0.000343,208.723755
42568,0.015100,0.449901,-0.037441,-0.093088,-0.034789,0.167369,-0.980873,0.000343,208.821602
42568,0.015100,0.449901,-0.037441,-0.093088,-0.034789,0.167369,-0.980873,0.000343,208.918762
42568,0.015100,0.449901,-0.037441,-0.093088,-0.034789,0.167369,-0.980873,0.000343,209.023476
42568,0.015100,0.449901,-0.037441,-0.093088,-0.034789,0.167369,-0.980873,0.000343,209.127159
42568,0.015100,0.449901,-0.037441,-0.093088,-0.034789,0.167369,-0.980873,0.000343,209.228783
42568,0.015100,0.449901,-0.037441,-0.093088,-0.034789,0.167369,-0.980873,0.000000,209.325943
42568,0.015100,0.449901,-0.037441,-0.093088,-0.034789,0.167369,-0.980873,0.000000,209.425163
42568,0.015100,0.449901,-0.037441,-0.093088,-0.034789,0.167369,-0.980873,0.000000,209.530907
42568,0.015100,0.449901,-0.037441,-0.093088,-0.034789,0.167369,-0.980873,0.000343,209.635963
42568,0.015100,0.449901,-0.037441,-0.093088,-0.034789,0.167369,-0.980873,0.000000,209.743767
42568,0.015100,0.449901,-0.037441,-0.093088,-0.034789,0.167369,-0.980873,0.000000,209.843674
42568,0.015100,0.449901,-0.037441,-0.093088,-0.034789,0.167369,-0.980873,0.000343,209.942207
42568,0.015100,0.449901,-0.037441,-0.093088,-0.034789,0.167369,-0.980873,0.000343,210.043488
42568,0.015100,0.449901,-0.037441,-0.093088,-0.034789,0.167369,-0.980873,0.000343,210.125885
42568,0.015100,0.449901,-0.037441,-0.093088,-0.034789,0.167369,-0.980873,0.000343,210.224762
42568,0.015100,0.449901,-0.037441,-0.093088,-0.034789,0.167369,-0.980873,0.000343,210.321922
42568,0.015100,0.449901,-0.037441,-0.093088,-0.034789,0.167369,-0.980873,0.000343,210.426292
42568,0.015100,0.449901,-0.037441,-0.093088,-0.034789,0.167369,-0.980873,0.000343,210.533752
42568,0.015100,0.449901,-0.037441,-0.093088,-0.034789,0.167369,-0.980873,0.000343,210.635719
42568,0.015100,0.449901,-0.037441,-0.093088,-0.034789,0.167369,-0.980873,0.000343,210.739746
42568,0.015100,0.449901,-0.037441,-0.093088,-0.034789,0.167369,-0.980873,0.000343,210.841713
42568,0.015100,0.449901,-0.037441,-0.093088,-0.034789,0.167369,-0.980873,0.000343,210.946083
42568,0.015100,0.449901,-0.037441,-0.093088,-0.034789,0.167369,-0.980873,0.000000,211.050110
42568,0.015100,0.449901,-0.037441,-0.093088,-0.034789,0.167369,-0.980873,0.000343,211.146927
42568,0.015100,0.449901,-0.037441,-0.093088,-0.034789,0.167369,-0.980873,0.000343,211.239281
42568,0.015100,0.449901,-0.037441,-0.093088,-0.034789,0.167369,-0.980873,0.000000,211.335754
42568,0.015100,0.449901,-0.037441,-0.093088,-0.034789,0.167369,-0.980873,0.000000,211.433601
42568,0.015100,0.449901,-0.037441,-0.093088,-0.034789,0.167369,-0.980873,0.000343,211.534195
42568,0.015100,0.449901,-0.037441,-0.093088,-0.034789,0.167369,-0.980873,0.000343,211.640282
42676,0.015314,0.449874,-0.037339,-0.094574,-0.034918,0.171115,-0.980080,0.000343,211.747055
42683,0.015333,0.449873,-0.037330,-0.094758,-0.034949,0.171460,-0.980000,0.000343,211.841469
42683,0.015333,0.449873,-0.037330,-0.094758,-0.034949,0.171460,-0.980000,0.000000,211.936226
42687,0.015343,0.449871,-0.037327,-0.094831,-0.034927,0.171609,-0.979968,0.000343,212.034760
42690,0.015348,0.449870,-0.037324,-0.094877,-0.034910,0.171666,-0.979954,0.000000,212.136383
42694,0.015355,0.449869,-0.037323,-0.094916,-0.034936,0.171863,-0.979915,0.000000,212.241096
42701,0.015371,0.449866,-0.037319,-0.095142,-0.034867,0.172176,-0.979841,0.000343,212.350616
42701,0.015371,0.449866,-0.037319,-0.095142,-0.034867,0.172176,-0.979841,0.000343,212.457733
42708,0.015389,0.449865,-0.037315,-0.095175,-0.034947,0.172429,-0.979790,0.000343,212.552834
42711,0.015395,0.449863,-0.037313,-0.095249,-0.034942,0.172556,-0.979761,0.000000,212.645187
42711,0.015395,0.449863,-0.037313,-0.095249,-0.034942,0.172556,-0.979761,0.000343,212.741661
42718,0.015414,0.449863,-0.037303,-0.095367,-0.034964,0.172831,-0.979700,0.000343,212.842255
42718,0.015414,0.449863,-0.037303,-0.095367,-0.034964,0.172831,-0.979700,0.000343,212.949028
42722,0.015426,0.449861,-0.037297,-0.095542,-0.034896,0.173109,-0.979636,0.000000,213.056145
42726,0.015437,0.449861,-0.037288,-0.095567,-0.034947,0.173285,-0.979601,0.000000,213.147469
42733,0.015460,0.449855,-0.037275,-0.095846,-0.034903,0.173659,-0.979509,0.000343,213.249435
42736,0.015469,0.449853,-0.037273,-0.095844,-0.034944,0.173809,-0.979481,0.000000,213.347969
42740,0.015484,0.449852,-0.037269,-0.095875,-0.034936,0.173963,-0.979451,0.000343,213.445129
42743,0.015491,0.449850,-0.037266,-0.095972,-0.034926,0.174079,-0.979421,0.000000,213.547096
42743,0.015491,0.449850,-0.037266,-0.095972,-0.034926,0.174079,-0.979421,0.000000,213.658333
42750,0.015503,0.449848,-0.037261,-0.096066,-0.034961,0.174406,-0.979353,0.000000,213.753090
42750,0.015503,0.449848,-0.037261,-0.096066,-0.034961,0.174406,-0.979353,0.000000,213.858490
42754,0.015508,0.449844,-0.037259,-0.096234,-0.034915,0.174615,-0.979301,0.000343,213.953247
42758,0.015517,0.449845,-0.037258,-0.096219,-0.034962,0.174696,-0.979286,0.000343,214.053497
42761,0.015527,0.449845,-0.037254,-0.096300,-0.034968,0.174853,-0.979250,0.000000,214.148941
42761,0.015527,0.449845,-0.037254,-0.096300,-0.034968,0.174853,-0.979250,0.000000,214.248505
42761,0.015527,0.449845,-0.037254,-0.096300,-0.034968,0.174853,-0.979250,0.000343,214.352531
42761,0.015527,0.449845,-0.037254,-0.096300,-0.034968,0.174853,-0.979250,0.000343,214.449348
42761,0.015527,0.449845,-0.037254,-0.096300,-0.034968,0.174853,-0.979250,0.000343,214.546509
42761,0.015527,0.449845,-0.037254,-0.096300,-0.034968,0.174853,-0.979250,0.000343,214.652939
42761,0.015527,0.449845,-0.037254,-0.096300,-0.034968,0.174853,-0.979250,0.000000,214.762115
42761,0.015527,0.449845,-0.037254,-0.096300,-0.034968,0.174853,-0.979250,0.000343,214.861679
42761,0.015527,0.449845,-0.037254,-0.096300,-0.034968,0.174853,-0.979250,0.000343,214.957809
42761,0.015527,0.449845,-0.037254,-0.096300,-0.034968,0.174853,-0.979250,0.000000,215.053253
42761,0.015527,0.449845,-0.037254,-0.096300,-0.034968,0.174853,-0.979250,0.000000,215.154877
42761,0.015527,0.449845,-0.037254,-0.096300,-0.034968,0.174853,-0.979250,0.000343,215.255470
42761,0.015527,0.449845,-0.037254,-0.096300,-0.034968,0.174853,-0.979250,0.000000,215.351601
42761,0.015527,0.449845,-0.037254,-0.096300,-0.034968,0.174853,-0.979250,0.000343,215.452194
42761,0.015527,0.449845,-0.037254,-0.096300,-0.034968,0.174853,-0.979250,0.000343,215.556221
42761,0.015527,0.449845,-0.037254,-0.096300,-0.034968,0.174853,-0.979250,0.000343,215.652008
42761,0.015527,0.449845,-0.037254,-0.096300,-0.034968,0.174853,-0.979250,0.000343,215.760155
42761,0.015527,0.449845,-0.037254,-0.096300,-0.034968,0.174853,-0.979250,0.000000,215.867615
42761,0.015527,0.449845,-0.037254,-0.096300,-0.034968,0.174853,-0.979250,0.000000,215.968552
42761,0.015527,0.449845,-0.037254,-0.096300,-0.034968,0.174853,-0.979250,0.000343,216.067085
42761,0.015527,0.449845,-0.037254,-0.096300,-0.034968,0.174853,-0.979250,0.000343,216.169052
42761,0.015527,0.449845,-0.037254,-0.096300,-0.034968,0.174853,-0.979250,0.000000,216.263466
42761,0.015527,0.449845,-0.037254,-0.096300,-0.034968,0.174853,-0.979250,0.000343,216.358566
42761,0.015527,0.449845,-0.037254,-0.096300,-0.034968,0.174853,-0.979250,0.000000,216.451950
42761,0.015527,0.449845,-0.037254,-0.096300,-0.034968,0.174853,-0.979250,0.000343,216.552544
42761,0.015527,0.449845,-0.037254,-0.096300,-0.034968,0.174853,-0.979250,0.000343,216.662750
42761,0.015527,0.449845,-0.037254,-0.096300,-0.034968,0.174853,-0.979250,0.000343,216.764374
42761,0.015527,0.449845,-0.037254,-0.096300,-0.034968,0.174853,-0.979250,0.000343,216.859818
42761,0.015527,0.449845,-0.037254,-0.096300,-0.034968,0.174853,-0.979250,0.000000,216.952171
42782,0.015578,0.449841,-0.037228,-0.096607,-0.034975,0.175625,-0.979081,0.000343,217.058258
42868,0.015704,0.449813,-0.037185,-0.098071,-0.034182,0.178120,-0.978513,0.000343,217.176361
42871,0.015711,0.449812,-0.037185,-0.098159,-0.034165,0.178261,-0.978479,0.000000,217.277298
42878,0.015750,0.449816,-0.037173,-0.097913,-0.034863,0.178406,-0.978452,0.000343,217.385101
42882,0.015756,0.449812,-0.037173,-0.098043,-0.034830,0.178513,-0.978421,0.000000,217.478485
42885,0.015763,0.449813,-0.037173,-0.098079,-0.034845,0.178646,-0.978393,0.000000,217.565346
42885,0.015763,0.449813,-0.037173,-0.098079,-0.034845,0.178646,-0.978393,0.000343,217.653580
42892,0.015786,0.449812,-0.037162,-0.098113,-0.034806,0.178766,-0.978369,0.000000,217.746964
42892,0.015786,0.449812,-0.037162,-0.098113,-0.034806,0.178766,-0.978369,0.000000,217.848587
42896,0.015793,0.449812,-0.037155,-0.098174,-0.034793,0.178898,-0.978339,0.000000,217.962570
42900,0.015794,0.449809,-0.037145,-0.098168,-0.034810,0.178913,-0.978336,0.000343,218.077927
42907,0.015772,0.449804,-0.037158,-0.098547,-0.034198,0.179143,-0.978277,0.000000,218.186073
42907,0.015772,0.449804,-0.037158,-0.098547,-0.034198,0.179143,-0.978277,0.000000,218.294563
42914,0.015784,0.449805,-0.037163,-0.098674,-0.034148,0.179378,-0.978223,0.000000,218.387947
42914,0.015784,0.449805,-0.037163,-0.098674,-0.034148,0.179378,-0.978223,0.000000,218.479271
42921,0.015820,0.449808,-0.037148,-0.098365,-0.034839,0.179494,-0.978209,0.000343,218.571281
42921,0.015820,0.449808,-0.037148,-0.098365,-0.034839,0.179494,-0.978209,0.000343,218.675652
42928,0.015802,0.449803,-0.037157,-0.098798,-0.034183,0.179714,-0.978148,0.000000,218.766632
42931,0.015807,0.449802,-0.037151,-0.098835,-0.034178,0.179830,-0.978123,0.000343,218.859673
42931,0.015807,0.449802,-0.037151,-0.098835,-0.034178,0.179830,-0.978123,0.000000,218.960953
42938,0.015840,0.449801,-0.037121,-0.098748,-0.034743,0.179967,-0.978087,0.000000,219.064293
42942,0.015813,0.449801,-0.037135,-0.098878,-0.034192,0.179983,-0.978090,0.000000,219.170723
42942,0.015813,0.449801,-0.037135,-0.098878,-0.034192,0.179983,-0.978090,0.000343,219.281273
42946,0.015818,0.449798,-0.037132,-0.099059,-0.034121,0.180185,-0.978037,0.000343,219.381523
42949,0.015820,0.449798,-0.037135,-0.099057,-0.034149,0.180233,-0.978027,0.000000,219.481430
42956,0.015851,0.449799,-0.037123,-0.098810,-0.034785,0.180310,-0.978016,0.000000,219.577217
42956,0.015851,0.449799,-0.037123,-0.098810,-0.034785,0.180310,-0.978016,0.000000,219.676094
42963,0.015831,0.449797,-0.037141,-0.099142,-0.034210,0.180526,-0.977963,0.000000,219.777374
42963,0.015831,0.449797,-0.037141,-0.099142,-0.034210,0.180526,-0.977963,0.000000,219.878654
42970,0.015853,0.449793,-0.037138,-0.099318,-0.034124,0.180755,-0.977906,0.000000,219.983711
42970,0.015853,0.449793,-0.037138,-0.099318,-0.034124,0.180755,-0.977906,0.000000,220.091858
42978,0.015866,0.449791,-0.037122,-0.099507,-0.034104,0.181052,-0.977832,0.000343,220.175972
42978,0.015866,0.449791,-0.037122,-0.099507,-0.034104,0.181052,-0.977832,0.000000,220.274162
42985,0.015870,0.449790,-0.037110,-0.099513,-0.034153,0.181165,-0.977809,0.000000,220.367546
42985,0.015870,0.449790,-0.037110,-0.099513,-0.034153,0.181165,-0.977809,0.000343,220.466080
42988,0.015871,0.449788,-0.037108,-0.099533,-0.034179,0.181226,-0.977795,0.000000,220.571480
42995,0.015883,0.449790,-0.037112,-0.099585,-0.034170,0.181452,-0.977748,0.000000,220.678596
42995,0.015883,0.449790,-0.037112,-0.099585,-0.034170,0.181452,-0.977748,0.000000,220.792236
43002,0.015893,0.449787,-0.037117,-0.099746,-0.034105,0.181673,-0.977692,0.000000,220.901070
43002,0.015893,0.449787,-0.037117,-0.099746,-0.034105,0.181673,-0.977692,0.000000,220.998573
43010,0.015901,0.449786,-0.037116,-0.099777,-0.034124,0.181809,-0.977663,0.000343,221.091270
43010,0.015901,0.449786,-0.037116,-0.099777,-0.034124,0.181809,-0.977663,0.000000,221.187401
43013,0.015908,0.449787,-0.037113,-0.099866,-0.034134,0.181996,-0.977619,0.000343,221.277695
43020,0.015923,0.449785,-0.037100,-0.099904,-0.034097,0.182122,-0.977593,0.000000,221.369705
43020,0.015923,0.449785,-0.037100,-0.099904,-0.034097,0.182122,-0.977593,0.000343,221.470985
43027,0.015936,0.449783,-0.037078,-0.099898,-0.034196,0.182292,-0.977559,0.000343,221.571579
43031,0.015937,0.449779,-0.037071,-0.100013,-0.034148,0.182363,-0.977535,0.000000,221.681442
43031,0.015937,0.449779,-0.037071,-0.100013,-0.034148,0.182363,-0.977535,0.000000,221.792679
43038,0.015948,0.449781,-0.037073,-0.099978,-0.034148,0.182469,-0.977519,0.000343,221.895676
43038,0.015948,0.449781,-0.037073,-0.099978,-0.034148,0.182469,-0.977519,0.000000,221.987343
43042,0.015949,0.449778,-0.037079,-0.100077,-0.034126,0.182632,-0.977479,0.000000,222.086906
43048,0.015954,0.449779,-0.037088,-0.100117,-0.034157,0.182836,-0.977436,0.000000,222.190590
43048,0.015954,0.449779,-0.037088,-0.100117,-0.034157,0.182836,-0.977436,0.000343,222.294960
43056,0.015963,0.449780,-0.037093,-0.100158,-0.034153,0.182955,-0.977409,0.000000,222.391777
43056,0.015963,0.449780,-0.037093,-0.100158,-0.034153,0.182955,-0.977409,0.000000,222.479668
43063,0.015974,0.449776,-0.037083,-0.100254,-0.034131,0.183106,-0.977372,0.000000,222.574425
43063,0.015974,0.449776,-0.037083,-0.100254,-0.034131,0.183106,-0.977372,0.000000,222.672272
43067,0.015984,0.449775,-0.037071,-0.100236,-0.034186,0.183219,-0.977351,-0.000343,222.777672
43073,0.015993,0.449774,-0.037058,-0.100278,-0.034159,0.183287,-0.977335,0.000000,222.885818
43073,0.015993,0.449774,-0.037058,-0.100278,-0.034159,0.183287,-0.977335,0.000000,222.998772
43080,0.016012,0.449769,-0.037050,-0.100420,-0.034170,0.183534,-0.977273,0.000000,223.097992
43084,0.016017,0.449769,-0.037052,-0.100470,-0.034169,0.183640,-0.977249,0.000000,223.193779
43084,0.016017,0.449769,-0.037052,-0.100470,-0.034169,0.183640,-0.977249,0.000000,223.292999
43088,0.016020,0.449767,-0.037052,-0.100540,-0.034172,0.183837,-0.977204,0.000000,223.401833
43091,0.016021,0.449768,-0.037057,-0.100502,-0.034190,0.183852,-0.977205,0.000000,223.488350
43098,0.016030,0.449764,-0.037059,-0.100719,-0.034148,0.184174,-0.977123,0.000000,223.592377
43098,0.016030,0.449764,-0.037059,-0.100719,-0.034148,0.184174,-0.977123,0.000000,223.699150
43105,0.016045,0.449762,-0.037052,-0.100743,-0.034183,0.184346,-0.977087,0.000000,223.801804
43105,0.016045,0.449762,-0.037052,-0.100743,-0.034183,0.184346,-0.977087,0.000000,223.898277
43109,0.016056,0.449760,-0.037043,-0.100878,-0.034167,0.184614,-0.977023,0.000000,223.999214
43113,0.016063,0.449759,-0.037033,-0.100918,-0.034165,0.184674,-0.977008,0.000000,224.095345
43116,0.016073,0.449758,-0.037027,-0.101001,-0.034163,0.184835,-0.976969,0.000000,224.196281
43123,0.016094,0.449758,-0.037018,-0.101049,-0.034223,0.185113,-0.976909,0.000000,224.300995
43123,0.016094,0.449758,-0.037018,-0.101049,-0.034223,0.185113,-0.976909,0.000000,224.393005
43130,0.016106,0.449751,-0.037018,-0.101244,-0.034161,0.185415,-0.976834,0.000000,224.493599
43130,0.016106,0.449751,-0.037018,-0.101244,-0.034161,0.185415,-0.976834,0.000000,224.588013
43137,0.016117,0.449752,-0.037019,-0.101300,-0.034182,0.185593,-0.976793,0.000000,224.687920
43141,0.016122,0.449749,-0.037015,-0.101360,-0.034174,0.185767,-0.976754,0.000000,224.791260
43144,0.016128,0.449748,-0.037013,-0.101431,-0.034175,0.185871,-0.976727,0.000000,224.902496
43148,0.016131,0.449745,-0.037009,-0.101523,-0.034145,0.186014,-0.976691,0.000000,225.007896
43148,0.016131,0.449745,-0.037009,-0.101523,-0.034145,0.186014,-0.976691,0.000000,225.110893
43155,0.016153,0.449745,-0.036996,-0.101605,-0.034208,0.186279,-0.976630,0.000000,225.208740
43155,0.016153,0.449745,-0.036996,-0.101605,-0.034208,0.186279,-0.976630,0.000000,225.297318
43162,0.016171,0.449738,-0.036986,-0.101821,-0.034166,0.186672,-0.976534,0.000000,225.389671
43162,0.016171,0.449738,-0.036986,-0.101821,-0.034166,0.186672,-0.976534,0.000000,225.490608
43169,0.016192,0.449738,-0.036981,-0.101871,-0.034175,0.186929,-0.976479,0.000000,225.591545
43173,0.016204,0.449738,-0.036977,-0.101961,-0.034197,0.187116,-0.976433,0.000000,225.694199
43173,0.016204,0.449738,-0.036977,-0.101961,-0.034197,0.187116,-0.976433,0.000000,225.794106
43180,0.016264,0.449963,-0.036774,-0.102691,-0.036031,0.189549,-0.975822,0.000000,225.904999
43180,0.016264,0.449963,-0.036774,-0.102691,-0.036031,0.189549,-0.975822,0.000000,226.006622
43187,0.016285,0.449964,-0.036761,-0.102789,-0.036087,0.189923,-0.975736,0.000000,226.107559
43187,0.016285,0.449964,-0.036761,-0.102789,-0.036087,0.189923,-0.975736,0.000000,226.219139
43191,0.016298,0.449962,-0.036752,-0.103020,-0.036031,0.190241,-0.975652,0.000000,226.309433
43194,0.016306,0.449960,-0.036748,-0.103074,-0.036060,0.190384,-0.975618,0.000000,226.411057
43201,0.016333,0.449956,-0.036738,-0.103202,-0.036075,0.190748,-0.975532,0.000000,226.506500
43205,0.016353,0.449957,-0.036727,-0.103412,-0.036067,0.191062,-0.975449,-0.000343,226.598511
43205,0.016353,0.449957,-0.036727,-0.103412,-0.036067,0.191062,-0.975449,-0.000343,226.693268
43212,0.016327,0.449716,-0.036922,-0.103034,-0.034166,0.189261,-0.975908,0.000000,226.797295
43212,0.016327,0.449716,-0.036922,-0.103034,-0.034166,0.189261,-0.975908,0.000000,226.899605
43216,0.016340,0.449715,-0.036912,-0.103110,-0.034205,0.189491,-0.975854,-0.000343,227.009125
43222,0.016352,0.449710,-0.036908,-0.103182,-0.034237,0.189715,-0.975802,0.000000,227.120018
43226,0.016364,0.449707,-0.036899,-0.103396,-0.034222,0.190025,-0.975720,-0.000343,227.215462
43226,0.016364,0.449707,-0.036899,-0.103396,-0.034222,0.190025,-0.975720,-0.000343,227.313652
43233,0.016386,0.449709,-0.036905,-0.103495,-0.034239,0.190253,-0.975664,-0.000343,227.407722
43233,0.016386,0.449709,-0.036905,-0.103495,-0.034239,0.190253,-0.975664,-0.000343,227.501106
43240,0.016401,0.449706,-0.036902,-0.103586,-0.034239,0.190574,-0.975592,0.000000,227.593117
43240,0.016401,0.449706,-0.036902,-0.103586,-0.034239,0.190574,-0.975592,-0.000343,227.690620
43247,0.016407,0.449701,-0.036890,-0.103779,-0.034203,0.190833,-0.975522,0.000000,227.794304
43247,0.016407,0.449701,-0.036890,-0.103779,-0.034203,0.190833,-0.975522,0.000000,227.906570
43251,0.016420,0.449704,-0.036880,-0.103792,-0.034270,0.190979,-0.975489,0.000000,228.015404
43258,0.016444,0.449696,-0.036868,-0.104039,-0.034185,0.191269,-0.975409,0.000000,228.119087
43262,0.016455,0.449697,-0.036863,-0.103969,-0.034219,0.191342,-0.975401,-0.000343,228.217278
43265,0.016461,0.449696,-0.036857,-0.104092,-0.034178,0.191486,-0.975362,0.000000,228.316498
43268,0.016462,0.449694,-0.036857,-0.104139,-0.034193,0.191578,-0.975338,0.000000,228.414345
43272,0.016470,0.449695,-0.036857,-0.104174,-0.034206,0.191751,-0.975300,0.000000,228.515282
43272,0.016470,0.449695,-0.036857,-0.104174,-0.034206,0.191751,-0.975300,0.000000,228.618279
43279,0.016481,0.449692,-0.036863,-0.104384,-0.034141,0.192016,-0.975227,0.000000,228.710289
43279,0.016481,0.449692,-0.036863,-0.104384,-0.034141,0.192016,-0.975227,-0.000343,228.799896
43286,0.016520,0.449694,-0.036848,-0.104109,-0.034785,0.192195,-0.975199,-0.000343,228.897400
43286,0.016520,0.449694,-0.036848,-0.104109,-0.034785,0.192195,-0.975199,-0.000343,228.998680
43290,0.016503,0.449691,-0.036859,-0.104478,-0.034146,0.192328,-0.975156,0.000000,229.100990
43294,0.016512,0.449691,-0.036854,-0.104390,-0.034218,0.192367,-0.975155,-0.000343,229.212570
43297,0.016521,0.449687,-0.036850,-0.104481,-0.034176,0.192528,-0.975115,0.000000,229.323120
43297,0.016521,0.449687,-0.036850,-0.104481,-0.034176,0.192528,-0.975115,-0.000343,229.421310
43297,0.016521,0.449687,-0.036850,-0.104481,-0.034176,0.192528,-0.975115,-0.000343,229.521561
43297,0.016521,0.449687,-0.036850,-0.104481,-0.034176,0.192528,-0.975115,0.000000,229.619751
43297,0.016521,0.449687,-0.036850,-0.104481,-0.034176,0.192528,-0.975115,-0.000343,229.719658
43297,0.016521,0.449687,-0.036850,-0.104481,-0.034176,0.192528,-0.975115,0.000000,229.817848
43297,0.016521,0.449687,-0.036850,-0.104481,-0.034176,0.192528,-0.975115,-0.000343,229.919128
43297,0.016521,0.449687,-0.036850,-0.104481,-0.034176,0.192528,-0.975115,0.000000,230.010796
43297,0.016521,0.449687,-0.036850,-0.104481,-0.034176,0.192528,-0.975115,-0.000343,230.103493
43297,0.016521,0.449687,-0.036850,-0.104481,-0.034176,0.192528,-0.975115,0.000000,230.206833
43297,0.016521,0.449687,-0.036850,-0.104481,-0.034176,0.192528,-0.975115,-0.000343,230.303650
43297,0.016521,0.449687,-0.036850,-0.104481,-0.034176,0.192528,-0.975115,0.000000,230.408020
43297,0.016521,0.449687,-0.036850,-0.104481,-0.034176,0.192528,-0.975115,-0.000343,230.519600
43297,0.016521,0.449687,-0.036850,-0.104481,-0.034176,0.192528,-0.975115,-0.000343,230.623970
43297,0.016521,0.449687,-0.036850,-0.104481,-0.034176,0.192528,-0.975115,-0.000343,230.729713
43297,0.016521,0.449687,-0.036850,-0.104481,-0.034176,0.192528,-0.975115,0.000000,230.829277
43297,0.016521,0.449687,-0.036850,-0.104481,-0.034176,0.192528,-0.975115,-0.000343,230.926094
43297,0.016521,0.449687,-0.036850,-0.104481,-0.034176,0.192528,-0.975115,-0.000343,231.025314
43297,0.016521,0.449687,-0.036850,-0.104481,-0.034176,0.192528,-0.975115,-0.000343,231.124191
43297,0.016521,0.449687,-0.036850,-0.104481,-0.034176,0.192528,-0.975115,-0.000343,231.224785
43297,0.016521,0.449687,-0.036850,-0.104481,-0.034176,0.192528,-0.975115,0.000000,231.318169
43297,0.016521,0.449687,-0.036850,-0.104481,-0.034176,0.192528,-0.975115,-0.000343,231.412582
43297,0.016521,0.449687,-0.036850,-0.104481,-0.034176,0.192528,-0.975115,-0.000343,231.512489
43297,0.016521,0.449687,-0.036850,-0.104481,-0.034176,0.192528,-0.975115,0.000000,231.611023
43297,0.016521,0.449687,-0.036850,-0.104481,-0.034176,0.192528,-0.975115,0.000000,231.716766
43297,0.016521,0.449687,-0.036850,-0.104481,-0.034176,0.192528,-0.975115,0.000000,231.823196
43297,0.016521,0.449687,-0.036850,-0.104481,-0.034176,0.192528,-0.975115,-0.000343,231.921387
43297,0.016521,0.449687,-0.036850,-0.104481,-0.034176,0.192528,-0.975115,-0.000343,232.032623
43297,0.016521,0.449687,-0.036850,-0.104481,-0.034176,0.192528,-0.975115,-0.000343,232.136993
43297,0.016521,0.449687,-0.036850,-0.104481,-0.034176,0.192528,-0.975115,0.000000,232.233124
43404,0.016757,0.449648,-0.036734,-0.105886,-0.034694,0.196200,-0.974213,-0.000343,232.326851
43411,0.016758,0.449649,-0.036746,-0.105900,-0.034721,0.196359,-0.974178,0.000000,232.421951
43411,0.016758,0.449649,-0.036746,-0.105900,-0.034721,0.196359,-0.974178,0.000000,232.513618
43418,0.016769,0.449647,-0.036753,-0.106039,-0.034699,0.196636,-0.974108,-0.000343,232.621078
43421,0.016778,0.449646,-0.036751,-0.106048,-0.034716,0.196761,-0.974081,-0.000343,232.721329
43421,0.016778,0.449646,-0.036751,-0.106048,-0.034716,0.196761,-0.974081,-0.000343,232.817802
43428,0.016792,0.449643,-0.036739,-0.106241,-0.034654,0.196965,-0.974021,0.000000,232.923203
43432,0.016805,0.449643,-0.036725,-0.106186,-0.034754,0.197012,-0.974014,0.000000,233.022766
43435,0.016810,0.449642,-0.036715,-0.106249,-0.034707,0.197069,-0.973997,-0.000343,233.123703
43439,0.016816,0.449637,-0.036707,-0.106364,-0.034696,0.197224,-0.973954,-0.000343,233.219147
43439,0.016816,0.449637,-0.036707,-0.106364,-0.034696,0.197224,-0.973954,0.000000,233.323860
43446,0.016827,0.449637,-0.036706,-0.106354,-0.034680,0.197341,-0.973932,-0.000343,233.430977
43446,0.016827,0.449637,-0.036706,-0.106354,-0.034680,0.197341,-0.973932,-0.000343,233.537064
43453,0.016833,0.449637,-0.036713,-0.106464,-0.034709,0.197599,-0.973866,-0.000343,233.639374
43457,0.016833,0.449636,-0.036719,-0.106471,-0.034731,0.197655,-0.973853,-0.000343,233.734818
43460,0.016836,0.449633,-0.036725,-0.106577,-0.034654,0.197734,-0.973828,-0.000343,233.830948
43460,0.016836,0.449633,-0.036725,-0.106577,-0.034654,0.197734,-0.973828,-0.000343,233.925362
43464,0.016844,0.449637,-0.036727,-0.106513,-0.034719,0.197799,-0.973820,0.000000,234.022522
43471,0.016863,0.449636,-0.036717,-0.106660,-0.034684,0.198089,-0.973746,0.000000,234.123116
43475,0.016871,0.449632,-0.036706,-0.106696,-0.034710,0.198205,-0.973718,-0.000343,234.227486
43475,0.016871,0.449632,-0.036706,-0.106696,-0.034710,0.198205,-0.973718,-0.000343,234.330139
43481,0.016878,0.449628,-0.036690,-0.106770,-0.034704,0.198369,-0.973677,0.000000,234.423180
43481,0.016878,0.449628,-0.036690,-0.106770,-0.034704,0.198369,-0.973677,-0.000343,234.522743
43489,0.016892,0.449622,-0.036678,-0.106972,-0.034696,0.198646,-0.973598,0.000000,234.622650
43489,0.016892,0.449622,-0.036678,-0.106972,-0.034696,0.198646,-0.973598,-0.000343,234.725990
43496,0.016901,0.449621,-0.036679,-0.107043,-0.034710,0.198838,-0.973550,0.000000,234.837227
43496,0.016901,0.449621,-0.036679,-0.107043,-0.034710,0.198838,-0.973550,0.000000,234.945374
43503,0.016908,0.449617,-0.036688,-0.107201,-0.034651,0.199099,-0.973482,-0.000343,235.040131
43506,0.016916,0.449619,-0.036691,-0.107165,-0.034667,0.199136,-0.973478,0.000000,235.132484
43510,0.016921,0.449617,-0.036689,-0.107209,-0.034722,0.199226,-0.973453,-0.000343,235.227585
43510,0.016921,0.449617,-0.036689,-0.107209,-0.034722,0.199226,-0.973453,0.000000,235.332298
43514,0.016933,0.449616,-0.036682,-0.107352,-0.034664,0.199424,-0.973398,-0.000343,235.427399
43521,0.016944,0.449612,-0.036670,-0.107386,-0.034657,0.199564,-0.973366,-0.000343,235.530739
43524,0.016956,0.449613,-0.036664,-0.107440,-0.034637,0.199754,-0.973322,-0.000343,235.626869
43528,0.016963,0.449610,-0.036657,-0.107449,-0.034716,0.199820,-0.973305,-0.000343,235.732613
43528,0.016963,0.449610,-0.036657,-0.107449,-0.034716,0.199820,-0.973305,-0.000343,235.845222
43535,0.016970,0.449606,-0.036653,-0.107621,-0.034640,0.200092,-0.973232,-0.000343,235.932770
43538,0.016971,0.449603,-0.036655,-0.107652,-0.034681,0.200164,-0.973213,-0.000343,236.035080
43542,0.016979,0.449603,-0.036657,-0.107612,-0.034704,0.200248,-0.973199,-0.000343,236.142883
43542,0.016979,0.449603,-0.036657,-0.107612,-0.034704,0.200248,-0.973199,-0.000343,236.241760
43549,0.016994,0.449603,-0.036656,-0.107760,-0.034687,0.200535,-0.973124,-0.000343,236.340637
43549,0.016994,0.449603,-0.036656,-0.107760,-0.034687,0.200535,-0.973124,-0.000343,236.431961
43553,0.017001,0.449599,-0.036654,-0.107780,-0.034672,0.200574,-0.973114,0.000000,236.528435
43560,0.017022,0.449597,-0.036643,-0.107912,-0.034687,0.200834,-0.973046,0.000000,236.631432
43560,0.017022,0.449597,-0.036643,-0.107912,-0.034687,0.200834,-0.973046,-0.000343,236.740608
43567,0.017041,0.449592,-0.036630,-0.108143,-0.034651,0.201194,-0.972947,-0.000343,236.846008
43567,0.017041,0.449592,-0.036630,-0.108143,-0.034651,0.201194,-0.972947,-0.000343,236.941109
43571,0.017052,0.449590,-0.036622,-0.108155,-0.034687,0.201354,-0.972911,-0.000343,237.040329
43574,0.017059,0.449589,-0.036620,-0.108214,-0.034700,0.201470,-0.972880,-0.000343,237.135429
43581,0.017085,0.449586,-0.036611,-0.108426,-0.034696,0.201878,-0.972772,0.000000,237.235336
43585,0.017093,0.449584,-0.036608,-0.108525,-0.034681,0.202091,-0.972717,-0.000343,237.337990
43585,0.017093,0.449584,-0.036608,-0.108525,-0.034681,0.202091,-0.972717,-0.000343,237.438240
43588,0.017098,0.449579,-0.036606,-0.108670,-0.034649,0.202273,-0.972664,0.000000,237.528877
43595,0.017110,0.449576,-0.036597,-0.108783,-0.034664,0.202678,-0.972567,-0.000343,237.633591
43599,0.017135,0.449573,-0.036588,-0.109074,-0.034592,0.203105,-0.972448,-0.000343,237.742081
43599,0.017135,0.449573,-0.036588,-0.109074,-0.034592,0.203105,-0.972448,0.000000,237.840958
43606,0.017175,0.449569,-0.036580,-0.109235,-0.034656,0.203610,-0.972322,0.000000,237.944984
43606,0.017175,0.449569,-0.036580,-0.109235,-0.034656,0.203610,-0.972322,0.000000,238.042145
43610,0.017199,0.449563,-0.036568,-0.109530,-0.034619,0.204018,-0.972205,-0.000343,238.134842
43617,0.017221,0.449559,-0.036550,-0.109650,-0.034632,0.204379,-0.972115,-0.000343,238.248138
43617,0.017221,0.449559,-0.036550,-0.109650,-0.034632,0.204379,-0.972115,-0.000343,238.351479
43624,0.017242,0.449556,-0.036533,-0.109801,-0.034660,0.204757,-0.972017,-0.000343,238.446236
43624,0.017242,0.449556,-0.036533,-0.109801,-0.034660,0.204757,-0.972017,0.000000,238.543396
43631,0.017258,0.449548,-0.036526,-0.110047,-0.034641,0.205196,-0.971897,-0.000343,238.643303
43631,0.017258,0.449548,-0.036526,-0.110047,-0.034641,0.205196,-0.971897,0.000000,238.742867
43635,0.017269,0.449549,-0.036527,-0.110054,-0.034716,0.205313,-0.971869,0.000000,238.837967
43641,0.017285,0.449547,-0.036529,-0.110219,-0.034689,0.205668,-0.971776,0.000000,238.936501
43641,0.017285,0.449547,-0.036529,-0.110219,-0.034689,0.205668,-0.971776,-0.000343,239.031944
43648,0.017305,0.449543,-0.036525,-0.110329,-0.034670,0.205963,-0.971702,-0.000343,239.135284
43652,0.017320,0.449541,-0.036515,-0.110471,-0.034630,0.206266,-0.971623,0.000000,239.237938
43652,0.017320,0.449541,-0.036515,-0.110471,-0.034630,0.206266,-0.971623,0.000000,239.340248
43656,0.017335,0.449540,-0.036503,-0.110475,-0.034726,0.206382,-0.971595,-0.000343,239.444962
43659,0.017347,0.449537,-0.036496,-0.110533,-0.034711,0.206530,-0.971557,-0.000343,239.553108
43666,0.017368,0.449532,-0.036484,-0.110764,-0.034657,0.206924,-0.971449,0.000000,239.657478
43666,0.017368,0.449532,-0.036484,-0.110764,-0.034657,0.206924,-0.971449,0.000000,239.755325
43673,0.017379,0.449531,-0.036482,-0.110864,-0.034627,0.207200,-0.971380,-0.000343,239.844246
43677,0.017385,0.449528,-0.036480,-0.110885,-0.034686,0.207395,-0.971334,0.000000,239.935226
43680,0.017390,0.449528,-0.036478,-0.110923,-0.034662,0.207498,-0.971308,-0.000343,240.023804
43684,0.017397,0.449523,-0.036476,-0.111065,-0.034618,0.207668,-0.971257,-0.000343,240.121994
43688,0.017409,0.449525,-0.036474,-0.111026,-0.034684,0.207775,-0.971236,0.000000,240.226364
43688,0.017409,0.449525,-0.036474,-0.111026,-0.034684,0.207775,-0.971236,-0.000343,240.336571
43695,0.017432,0.449522,-0.036464,-0.111263,-0.034601,0.208112,-0.971140,0.000000,240.452271
43698,0.017439,0.449519,-0.036461,-0.111321,-0.034640,0.208292,-0.971093,0.000000,240.563164
43698,0.017439,0.449519,-0.036461,-0.111321,-0.034640,0.208292,-0.971093,0.000000,240.660324
43702,0.017450,0.449520,-0.036454,-0.111274,-0.034654,0.208382,-0.971079,0.000000,240.758858
43709,0.017469,0.449515,-0.036444,-0.111481,-0.034670,0.208706,-0.970985,-0.000343,240.859451
43712,0.017480,0.449514,-0.036439,-0.111518,-0.034678,0.208851,-0.970949,-0.000343,240.952492
43716,0.017483,0.449511,-0.036436,-0.111656,-0.034606,0.208959,-0.970913,-0.000343,241.047592
43719,0.017489,0.449509,-0.036431,-0.111760,-0.034620,0.209150,-0.970859,-0.000343,241.146126
43719,0.017489,0.449509,-0.036431,-0.111760,-0.034620,0.209150,-0.970859,0.000000,241.242256
43723,0.017493,0.449510,-0.036429,-0.111650,-0.034688,0.209165,-0.970866,0.000000,241.343193
43730,0.017507,0.449504,-0.036430,-0.111865,-0.034633,0.209502,-0.970771,-0.000343,241.445503
43730,0.017507,0.449504,-0.036430,-0.111865,-0.034633,0.209502,-0.970771,-0.000343,241.543007
43734,0.017518,0.449507,-0.036429,-0.111916,-0.034653,0.209596,-0.970744,-0.000343,241.644630
43741,0.017535,0.449502,-0.036424,-0.112033,-0.034627,0.209901,-0.970665,0.000000,241.757927
43741,0.017535,0.449502,-0.036424,-0.112033,-0.034627,0.209901,-0.970665,0.000000,241.859207
43748,0.017548,0.449499,-0.036416,-0.112209,-0.034580,0.210166,-0.970589,-0.000343,241.956024
43748,0.017548,0.449499,-0.036416,-0.112209,-0.034580,0.210166,-0.970589,-0.000343,242.049065
43755,0.017561,0.449498,-0.036402,-0.112213,-0.034628,0.210362,-0.970545,0.000000,242.146568
43759,0.017568,0.449494,-0.036395,-0.112462,-0.034570,0.210596,-0.970467,-0.000343,242.249222
43759,0.017568,0.449494,-0.036395,-0.112462,-0.034570,0.210596,-0.970467,-0.000343,242.353592
43762,0.017572,0.449491,-0.036393,-0.112421,-0.034616,0.210656,-0.970457,-0.000343,242.455559
43766,0.017579,0.449492,-0.036391,-0.112450,-0.034591,0.210745,-0.970435,0.000000,242.552376
43773,0.017590,0.449491,-0.036392,-0.112543,-0.034599,0.210992,-0.970371,0.000000,242.644043
43773,0.017590,0.449491,-0.036392,-0.112543,-0.034599,0.210992,-0.970371,-0.000343,242.739830
43780,0.017598,0.449487,-0.036393,-0.112733,-0.034569,0.211234,-0.970297,0.000000,242.835960
43780,0.017598,0.449487,-0.036393,-0.112733,-0.034569,0.211234,-0.970297,-0.000343,242.941017
43784,0.017608,0.449487,-0.036389,-0.112660,-0.034651,0.211270,-0.970295,0.000000,243.044357
43791,0.017623,0.449482,-0.036378,-0.112861,-0.034588,0.211554,-0.970212,0.000000,243.145638
43791,0.017623,0.449482,-0.036378,-0.112861,-0.034588,0.211554,-0.970212,0.000000,243.260307
43798,0.017635,0.449478,-0.036368,-0.112926,-0.034594,0.211713,-0.970169,-0.000343,243.369827
43798,0.017635,0.449478,-0.036368,-0.112926,-0.034594,0.211713,-0.970169,-0.000343,243.466988
43801,0.017643,0.449477,-0.036361,-0.113023,-0.034582,0.211899,-0.970118,0.000000,243.561058
43808,0.017653,0.449476,-0.036358,-0.113119,-0.034644,0.212118,-0.970057,0.000000,243.653755
43808,0.017653,0.449476,-0.036358,-0.113119,-0.034644,0.212118,-0.970057,-0.000343,243.754349
43815,0.017664,0.449471,-0.036359,-0.113305,-0.034576,0.212407,-0.969974,0.000000,243.844986
43815,0.017664,0.449471,-0.036359,-0.113305,-0.034576,0.212407,-0.969974,-0.000343,243.942833
43819,0.017670,0.449472,-0.036362,-0.113207,-0.034629,0.212404,-0.969984,0.000000,244.044800
43826,0.017684,0.449467,-0.036355,-0.113367,-0.034604,0.212671,-0.969908,0.000000,244.151230
43830,0.017693,0.449468,-0.036347,-0.113401,-0.034635,0.212778,-0.969880,0.000000,244.254570
43833,0.017697,0.449464,-0.036345,-0.113458,-0.034615,0.212893,-0.969848,-0.000343,244.354820
43833,0.017697,0.449464,-0.036345,-0.113458,-0.034615,0.212893,-0.969848,0.000000,244.444427
43837,0.017703,0.449464,-0.036340,-0.113511,-0.034640,0.212997,-0.969819,0.000000,244.542961
43841,0.017713,0.449460,-0.036336,-0.113623,-0.034590,0.213189,-0.969765,0.000000,244.653854
43847,0.017723,0.449460,-0.036336,-0.113704,-0.034604,0.213360,-0.969717,0.000000,244.763031
43847,0.017723,0.449460,-0.036336,-0.113704,-0.034604,0.213360,-0.969717,0.000000,244.863968
43854,0.017737,0.449457,-0.036335,-0.113719,-0.034613,0.213560,-0.969671,-0.000343,244.960442
43854,0.017737,0.449457,-0.036335,-0.113719,-0.034613,0.213560,-0.969671,0.000000,245.057602
43858,0.017748,0.449455,-0.036330,-0.113832,-0.034629,0.213766,-0.969612,0.000000,245.147896
43858,0.017748,0.449455,-0.036330,-0.113832,-0.034629,0.213766,-0.969612,0.000000,245.246429
43858,0.017748,0.449455,-0.036330,-0.113832,-0.034629,0.213766,-0.969612,0.000000,245.346336
43858,0.017748,0.449455,-0.036330,-0.113832,-0.034629,0.213766,-0.969612,0.000000,245.451736
43858,0.017748,0.449455,-0.036330,-0.113832,-0.034629,0.213766,-0.969612,0.000000,245.550957
43858,0.017748,0.449455,-0.036330,-0.113832,-0.034629,0.213766,-0.969612,0.000000,245.658417
43858,0.017748,0.449455,-0.036330,-0.113832,-0.034629,0.213766,-0.969612,0.000000,245.749741
43858,0.017748,0.449455,-0.036330,-0.113832,-0.034629,0.213766,-0.969612,0.000000,245.856171
43858,0.017748,0.449455,-0.036330,-0.113832,-0.034629,0.213766,-0.969612,0.000000,245.955391
43858,0.017748,0.449455,-0.036330,-0.113832,-0.034629,0.213766,-0.969612,0.000000,246.064224
43858,0.017748,0.449455,-0.036330,-0.113832,-0.034629,0.213766,-0.969612,0.000000,246.174088
43858,0.017748,0.449455,-0.036330,-0.113832,-0.034629,0.213766,-0.969612,0.000000,246.276054
43858,0.017748,0.449455,-0.036330,-0.113832,-0.034629,0.213766,-0.969612,0.000000,246.362228
43858,0.017748,0.449455,-0.036330,-0.113832,-0.034629,0.213766,-0.969612,0.000000,246.457329
43858,0.017748,0.449455,-0.036330,-0.113832,-0.034629,0.213766,-0.969612,0.000000,246.550713
43858,0.017748,0.449455,-0.036330,-0.113832,-0.034629,0.213766,-0.969612,0.000000,246.651993
43858,0.017748,0.449455,-0.036330,-0.113832,-0.034629,0.213766,-0.969612,0.000000,246.762886
43858,0.017748,0.449455,-0.036330,-0.113832,-0.034629,0.213766,-0.969612,0.000000,246.873436
43858,0.017748,0.449455,-0.036330,-0.113832,-0.034629,0.213766,-0.969612,0.000000,246.965103
43858,0.017748,0.449455,-0.036330,-0.113832,-0.034629,0.213766,-0.969612,0.000000,247.066383
43858,0.017748,0.449455,-0.036330,-0.113832,-0.034629,0.213766,-0.969612,0.000000,247.158394
43858,0.017748,0.449455,-0.036330,-0.113832,-0.034629,0.213766,-0.969612,0.000000,247.251091
43858,0.017748,0.449455,-0.036330,-0.113832,-0.034629,0.213766,-0.969612,0.000000,247.352371
43858,0.017748,0.449455,-0.036330,-0.113832,-0.034629,0.213766,-0.969612,0.000000,247.458801
43858,0.017748,0.449455,-0.036330,-0.113832,-0.034629,0.213766,-0.969612,0.000000,247.557678
43858,0.017748,0.449455,-0.036330,-0.113832,-0.034629,0.213766,-0.969612,0.000000,247.654495
43858,0.017748,0.449455,-0.036330,-0.113832,-0.034629,0.213766,-0.969612,0.000000,247.755089
43858,0.017748,0.449455,-0.036330,-0.113832,-0.034629,0.213766,-0.969612,0.000000,247.855682
43858,0.017748,0.449455,-0.036330,-0.113832,-0.034629,0.213766,-0.969612,0.000000,247.963829
43858,0.017748,0.449455,-0.036330,-0.113832,-0.034629,0.213766,-0.969612,0.000000,248.067856
43965,0.017973,0.449401,-0.036239,-0.115613,-0.034529,0.217859,-0.968493,0.000000,248.163986
43972,0.017986,0.449398,-0.036239,-0.115800,-0.034493,0.218141,-0.968409,0.000000,248.260460
43972,0.017986,0.449398,-0.036239,-0.115800,-0.034493,0.218141,-0.968409,0.000000,248.359337
43979,0.017999,0.449394,-0.036227,-0.115870,-0.034526,0.218338,-0.968355,0.000000,248.452034
43979,0.017999,0.449394,-0.036227,-0.115870,-0.034526,0.218338,-0.968355,0.000000,248.552628
43986,0.018015,0.449389,-0.036214,-0.116090,-0.034484,0.218616,-0.968267,0.000000,248.657341
43989,0.018023,0.449388,-0.036208,-0.116092,-0.034500,0.218666,-0.968255,0.000343,248.764114
43989,0.018023,0.449388,-0.036208,-0.116092,-0.034500,0.218666,-0.968255,0.000000,248.884621
43993,0.018035,0.449389,-0.036203,-0.116225,-0.034435,0.218865,-0.968196,0.000000,248.976288
44000,0.018048,0.449385,-0.036201,-0.116249,-0.034502,0.219068,-0.968145,0.000343,249.062805
44000,0.018048,0.449385,-0.036201,-0.116249,-0.034502,0.219068,-0.968145,0.000000,249.154472
44007,0.018060,0.449380,-0.036199,-0.116443,-0.034460,0.219326,-0.968065,0.000000,249.245796
44007,0.018060,0.449380,-0.036199,-0.116443,-0.034460,0.219326,-0.968065,0.000000,249.345703
44014,0.018067,0.449378,-0.036196,-0.116513,-0.034468,0.219479,-0.968022,0.000000,249.449387
44018,0.018074,0.449376,-0.036193,-0.116562,-0.034483,0.219689,-0.967967,0.000000,249.562340
44018,0.018074,0.449376,-0.036193,-0.116562,-0.034483,0.219689,-0.967967,0.000000,249.671516
44025,0.018085,0.449374,-0.036190,-0.116721,-0.034425,0.219906,-0.967901,0.000000,249.780350
44025,0.018085,0.449374,-0.036190,-0.116721,-0.034425,0.219906,-0.967901,0.000000,249.875107
44032,0.018103,0.449370,-0.036184,-0.116766,-0.034477,0.220063,-0.967858,0.000000,249.965057
44036,0.018113,0.449369,-0.036178,-0.116906,-0.034409,0.220250,-0.967801,0.000000,250.045738
44036,0.018113,0.449369,-0.036178,-0.116906,-0.034409,0.220250,-0.967801,0.000000,250.141525
44043,0.018122,0.449365,-0.036168,-0.116930,-0.034432,0.220428,-0.967757,0.000000,250.246239
44046,0.018129,0.449360,-0.036164,-0.117005,-0.034390,0.220555,-0.967721,0.000000,250.354385
44050,0.018134,0.449362,-0.036162,-0.117028,-0.034474,0.220705,-0.967680,0.000000,250.467682
44053,0.018138,0.449361,-0.036161,-0.117062,-0.034445,0.220769,-0.967663,0.000000,250.573769
44057,0.018145,0.449359,-0.036162,-0.117209,-0.034397,0.220898,-0.967617,0.000343,250.671272
44057,0.018145,0.449359,-0.036162,-0.117209,-0.034397,0.220898,-0.967617,0.000000,250.772896
44064,0.018162,0.449358,-0.036166,-0.117183,-0.034453,0.221099,-0.967573,0.000343,250.872459
44064,0.018162,0.449358,-0.036166,-0.117183,-0.034453,0.221099,-0.967573,0.000343,250.970650
44067,0.018167,0.449356,-0.036164,-0.117310,-0.034413,0.221227,-0.967529,0.000000,251.067467
44075,0.018181,0.449352,-0.036155,-0.117378,-0.034405,0.221439,-0.967473,0.000343,251.161880
44078,0.018186,0.449349,-0.036149,-0.117476,-0.034359,0.221573,-0.967432,0.000000,251.254578
44082,0.018196,0.449345,-0.036142,-0.117478,-0.034400,0.221611,-0.967421,0.000343,251.354828
44082,0.018196,0.449345,-0.036142,-0.117478,-0.034400,0.221611,-0.967421,0.000000,251.450958
44085,0.018203,0.449347,-0.036135,-0.117538,-0.034412,0.221738,-0.967385,0.000343,251.550179
44092,0.018209,0.449341,-0.036131,-0.117691,-0.034345,0.221974,-0.967314,0.000000,251.663818
44092,0.018209,0.449341,-0.036131,-0.117691,-0.034345,0.221974,-0.967314,0.000343,251.787758
44096,0.018212,0.449343,-0.036132,-0.117603,-0.034396,0.221982,-0.967321,0.000000,251.882172
44103,0.018226,0.449339,-0.036137,-0.117743,-0.034378,0.222209,-0.967253,0.000000,251.977615
44103,0.018226,0.449339,-0.036137,-0.117743,-0.034378,0.222209,-0.967253,0.000343,252.069283
44110,0.018237,0.449338,-0.036136,-0.117862,-0.034350,0.222384,-0.967199,0.000000,252.161980
44114,0.018241,0.449334,-0.036133,-0.117871,-0.034368,0.222530,-0.967164,0.000343,252.256737
44117,0.018245,0.449336,-0.036131,-0.117892,-0.034370,0.222517,-0.967164,0.000000,252.359734
44117,0.018245,0.449336,-0.036131,-0.117892,-0.034370,0.222517,-0.967164,0.000000,252.466164
44121,0.018253,0.449332,-0.036124,-0.118023,-0.034306,0.222776,-0.967091,0.000343,252.561951
44128,0.018263,0.449327,-0.036116,-0.118039,-0.034339,0.222880,-0.967064,0.000000,252.663574
44131,0.018265,0.449325,-0.036115,-0.118081,-0.034315,0.222938,-0.967046,0.000000,252.758675
44131,0.018265,0.449325,-0.036115,-0.118081,-0.034315,0.222938,-0.967046,0.000343,252.851715
44138,0.018278,0.449323,-0.036106,-0.118156,-0.034354,0.223156,-0.966985,0.000343,252.955399
44138,0.018278,0.449323,-0.036106,-0.118156,-0.034354,0.223156,-0.966985,0.000000,253.068695
44146,0.018295,0.449320,-0.036105,-0.118287,-0.034345,0.223512,-0.966887,0.000343,253.167229
44146,0.018295,0.449320,-0.036105,-0.118287,-0.034345,0.223512,-0.966887,0.000343,253.266449
44153,0.018306,0.449316,-0.036104,-0.118476,-0.034269,0.223733,-0.966816,0.000000,253.371849
44153,0.018306,0.449316,-0.036104,-0.118476,-0.034269,0.223733,-0.966816,0.000343,253.473473
44156,0.018315,0.449315,-0.036102,-0.118484,-0.034285,0.223782,-0.966803,0.000343,253.581619
44163,0.018330,0.449314,-0.036093,-0.118544,-0.034294,0.223912,-0.966765,0.000000,253.677406
44163,0.018330,0.449314,-0.036093,-0.118544,-0.034294,0.223912,-0.966765,0.000000,253.780403
44167,0.018337,0.449312,-0.036085,-0.118619,-0.034304,0.224140,-0.966703,0.000343,253.862114
44171,0.018335,0.449307,-0.036082,-0.118660,-0.034294,0.224108,-0.966706,0.000343,253.953438
44178,0.018342,0.449305,-0.036077,-0.118733,-0.034330,0.224316,-0.966647,0.000343,254.041328
44181,0.018347,0.449304,-0.036079,-0.118775,-0.034341,0.224427,-0.966616,0.000343,254.143639
44181,0.018347,0.449304,-0.036079,-0.118775,-0.034341,0.224427,-0.966616,0.000343,254.251785
44188,0.018361,0.449303,-0.036088,-0.118916,-0.034280,0.224737,-0.966528,0.000343,254.365082
44188,0.018361,0.449303,-0.036088,-0.118916,-0.034280,0.224737,-0.966528,0.000343,254.477005
44195,0.018376,0.449301,-0.036086,-0.118929,-0.034268,0.224916,-0.966486,0.000343,254.587555
44199,0.018388,0.449298,-0.036076,-0.118987,-0.034278,0.224996,-0.966459,0.000000,254.689522
44199,0.018388,0.449298,-0.036076,-0.118987,-0.034278,0.224996,-0.966459,0.000343,254.782562
44203,0.018395,0.449296,-0.036062,-0.119072,-0.034297,0.225140,-0.966415,0.000343,254.863930
44209,0.018406,0.449289,-0.036043,-0.119328,-0.034237,0.225484,-0.966305,0.000343,254.954567
44209,0.018406,0.449289,-0.036043,-0.119328,-0.034237,0.225484,-0.966305,0.000343,255.042801
44217,0.018421,0.449285,-0.036039,-0.119403,-0.034244,0.225787,-0.966225,0.000343,255.154381
44217,0.018421,0.449285,-0.036039,-0.119403,-0.034244,0.225787,-0.966225,0.000343,255.262184
44224,0.018436,0.449283,-0.036045,-0.119464,-0.034311,0.226042,-0.966155,0.000343,255.365181
44224,0.018436,0.449283,-0.036045,-0.119464,-0.034311,0.226042,-0.966155,0.000343,255.472641
44227,0.018440,0.449280,-0.036050,-0.119537,-0.034247,0.226175,-0.966118,0.000343,255.572891
44231,0.018454,0.449277,-0.036048,-0.119638,-0.034267,0.226359,-0.966061,0.000343,255.663528
44235,0.018470,0.449276,-0.036042,-0.119749,-0.034246,0.226634,-0.965984,0.000343,255.761719
44238,0.018477,0.449270,-0.036036,-0.119858,-0.034234,0.226738,-0.965946,0.000000,255.860596
44245,0.018507,0.449266,-0.036007,-0.119968,-0.034285,0.227156,-0.965832,0.000343,255.960846
44245,0.018507,0.449266,-0.036007,-0.119968,-0.034285,0.227156,-0.965832,0.000343,256.068649
44252,0.018532,0.449255,-0.035989,-0.120310,-0.034288,0.227690,-0.965664,0.000343,256.174736
44252,0.018532,0.449255,-0.035989,-0.120310,-0.034288,0.227690,-0.965664,0.000343,256.275330
44259,0.018558,0.449249,-0.035986,-0.120488,-0.034268,0.228124,-0.965540,0.000343,256.374893
44263,0.018575,0.449245,-0.035985,-0.120662,-0.034255,0.228539,-0.965421,0.000343,256.472740
44266,0.018583,0.449241,-0.035983,-0.120699,-0.034292,0.228706,-0.965375,0.000343,256.570587
44266,0.018583,0.449241,-0.035983,-0.120699,-0.034292,0.228706,-0.965375,0.000343,256.667061
44270,0.018602,0.449235,-0.035976,-0.120964,-0.034202,0.229134,-0.965244,0.000343,256.760788
44274,0.018624,0.449229,-0.035965,-0.121049,-0.034307,0.229449,-0.965155,0.000343,256.863098
44280,0.018645,0.449221,-0.035951,-0.121200,-0.034263,0.229809,-0.965052,0.000343,256.959915
44280,0.018645,0.449221,-0.035951,-0.121200,-0.034263,0.229809,-0.965052,0.000343,257.051582
44288,0.018671,0.449214,-0.035934,-0.121398,-0.034270,0.230264,-0.964918,0.000343,257.155609
44288,0.018671,0.449214,-0.035934,-0.121398,-0.034270,0.230264,-0.964918,0.000000,257.271652
44295,0.018695,0.449210,-0.035922,-0.121577,-0.034315,0.230637,-0.964805,0.000343,257.383232
44295,0.018695,0.449210,-0.035922,-0.121577,-0.034315,0.230637,-0.964805,0.000343,257.483826
44298,0.018705,0.449209,-0.035917,-0.121623,-0.034300,0.230758,-0.964771,0.000343,257.575493
44305,0.018724,0.449203,-0.035912,-0.121886,-0.034236,0.231149,-0.964646,0.000000,257.664070
44305,0.018724,0.449203,-0.035912,-0.121886,-0.034236,0.231149,-0.964646,0.000000,257.754707
44309,0.018735,0.449203,-0.035911,-0.121834,-0.034286,0.231237,-0.964630,0.000343,257.847404
44315,0.018743,0.449197,-0.035910,-0.121990,-0.034270,0.231471,-0.964554,0.000343,257.957611
44315,0.018743,0.449197,-0.035910,-0.121990,-0.034270,0.231471,-0.964554,0.000000,258.070221
44315,0.018743,0.449197,-0.035910,-0.121990,-0.034270,0.231471,-0.964554,0.000000,258.168755
44315,0.018743,0.449197,-0.035910,-0.121990,-0.034270,0.231471,-0.964554,0.000000,258.272438
44315,0.018743,0.449197,-0.035910,-0.121990,-0.034270,0.231471,-0.964554,0.000343,258.374405
44315,0.018743,0.449197,-0.035910,-0.121990,-0.034270,0.231471,-0.964554,0.000343,258.468819
44315,0.018743,0.449197,-0.035910,-0.121990,-0.034270,0.231471,-0.964554,0.000343,258.563919
44315,0.018743,0.449197,-0.035910,-0.121990,-0.034270,0.231471,-0.964554,0.000343,258.669319
44315,0.018743,0.449197,-0.035910,-0.121990,-0.034270,0.231471,-0.964554,0.000343,258.765793
44315,0.018743,0.449197,-0.035910,-0.121990,-0.034270,0.231471,-0.964554,0.000343,258.866730
44315,0.018743,0.449197,-0.035910,-0.121990,-0.034270,0.231471,-0.964554,0.000343,258.959427
44315,0.018743,0.449197,-0.035910,-0.121990,-0.034270,0.231471,-0.964554,0.000000,259.059334
44315,0.018743,0.449197,-0.035910,-0.121990,-0.034270,0.231471,-0.964554,0.000000,259.163361
44315,0.018743,0.449197,-0.035910,-0.121990,-0.034270,0.231471,-0.964554,0.000343,259.271851
44315,0.018743,0.449197,-0.035910,-0.121990,-0.034270,0.231471,-0.964554,0.000343,259.383430
44315,0.018743,0.449197,-0.035910,-0.121990,-0.034270,0.231471,-0.964554,0.000000,259.471664
44315,0.018743,0.449197,-0.035910,-0.121990,-0.034270,0.231471,-0.964554,0.000000,259.571228
44315,0.018743,0.449197,-0.035910,-0.121990,-0.034270,0.231471,-0.964554,0.000343,259.665298
44315,0.018743,0.449197,-0.035910,-0.121990,-0.034270,0.231471,-0.964554,0.000343,259.760056
44315,0.018743,0.449197,-0.035910,-0.121990,-0.034270,0.231471,-0.964554,0.000343,259.856873
44315,0.018743,0.449197,-0.035910,-0.121990,-0.034270,0.231471,-0.964554,0.000343,259.955063
44315,0.018743,0.449197,-0.035910,-0.121990,-0.034270,0.231471,-0.964554,0.000000,260.048790
44315,0.018743,0.449197,-0.035910,-0.121990,-0.034270,0.231471,-0.964554,0.000000,260.158653
44315,0.018743,0.449197,-0.035910,-0.121990,-0.034270,0.231471,-0.964554,0.000343,260.271950
44315,0.018743,0.449197,-0.035910,-0.121990,-0.034270,0.231471,-0.964554,0.000343,260.372200
44315,0.018743,0.449197,-0.035910,-0.121990,-0.034270,0.231471,-0.964554,0.000000,260.474510
44315,0.018743,0.449197,-0.035910,-0.121990,-0.034270,0.231471,-0.964554,0.000343,260.571327
44315,0.018743,0.449197,-0.035910,-0.121990,-0.034270,0.231471,-0.964554,0.000343,260.659904
44315,0.018743,0.449197,-0.035910,-0.121990,-0.034270,0.231471,-0.964554,0.000343,260.763245
44315,0.018743,0.449197,-0.035910,-0.121990,-0.034270,0.231471,-0.964554,0.000343,260.864868
44315,0.018743,0.449197,-0.035910,-0.121990,-0.034270,0.231471,-0.964554,0.000000,260.963058
44426,0.018944,0.449150,-0.035825,-0.123557,-0.034310,0.234944,-0.963513,0.000343,261.062965
44430,0.018945,0.449149,-0.035823,-0.123654,-0.034255,0.235095,-0.963466,0.000000,261.165276
44430,0.018945,0.449149,-0.035823,-0.123654,-0.034255,0.235095,-0.963466,0.000000,261.264839
44433,0.018951,0.449147,-0.035821,-0.123690,-0.034301,0.235220,-0.963429,0.000000,261.366463
44440,0.018960,0.449145,-0.035818,-0.123749,-0.034235,0.235372,-0.963387,0.000343,261.464996
44440,0.018960,0.449145,-0.035818,-0.123749,-0.034235,0.235372,-0.963387,0.000343,261.563873
44447,0.018971,0.449144,-0.035811,-0.123778,-0.034283,0.235514,-0.963347,0.000343,261.671333
44451,0.018974,0.449139,-0.035810,-0.123905,-0.034219,0.235627,-0.963305,0.000343,261.772957
44455,0.018984,0.449138,-0.035808,-0.123817,-0.034313,0.235641,-0.963310,0.000000,261.865311
44455,0.018984,0.449138,-0.035808,-0.123817,-0.034313,0.235641,-0.963310,0.000343,261.953545
44458,0.018992,0.449136,-0.035807,-0.123890,-0.034277,0.235747,-0.963276,0.000343,262.056541
44465,0.019009,0.449135,-0.035803,-0.123983,-0.034274,0.236018,-0.963198,0.000343,262.161255
44465,0.019009,0.449135,-0.035803,-0.123983,-0.034274,0.236018,-0.963198,0.000000,262.273865
44469,0.019011,0.449131,-0.035804,-0.123954,-0.034279,0.235978,-0.963211,0.000000,262.374458
44476,0.019015,0.449130,-0.035794,-0.124012,-0.034313,0.236194,-0.963149,0.000343,262.473335
44476,0.019015,0.449130,-0.035794,-0.124012,-0.034313,0.236194,-0.963149,0.000343,262.562943
44480,0.019017,0.449127,-0.035793,-0.124120,-0.034264,0.236359,-0.963096,0.000343,262.659760
44486,0.019020,0.449125,-0.035792,-0.124214,-0.034262,0.236520,-0.963045,0.000343,262.754517
44486,0.019020,0.449125,-0.035792,-0.124214,-0.034262,0.236520,-0.963045,0.000000,262.848587
44493,0.019034,0.449124,-0.035796,-0.124193,-0.034273,0.236633,-0.963019,0.000343,262.955360
44497,0.019046,0.449121,-0.035797,-0.124270,-0.034286,0.236744,-0.962982,0.000000,263.066940
44497,0.019046,0.449121,-0.035797,-0.124270,-0.034286,0.236744,-0.962982,0.000343,263.164787
44504,0.019062,0.449118,-0.035787,-0.124353,-0.034267,0.236879,-0.962939,0.000000,263.268471
44508,0.019069,0.449116,-0.035779,-0.124373,-0.034276,0.237034,-0.962897,0.000000,263.377991
44511,0.019074,0.449113,-0.035773,-0.124358,-0.034293,0.237029,-0.962900,0.000000,263.485451
44511,0.019074,0.449113,-0.035773,-0.124358,-0.034293,0.237029,-0.962900,0.000000,263.576431
44518,0.019078,0.449111,-0.035762,-0.124508,-0.034236,0.237311,-0.962813,0.000343,263.672905
44518,0.019078,0.449111,-0.035762,-0.124508,-0.034236,0.237311,-0.962813,0.000000,263.759766
44526,0.019080,0.449106,-0.035768,-0.124684,-0.034218,0.237526,-0.962738,0.000000,263.855209
44526,0.019080,0.449106,-0.035768,-0.124684,-0.034218,0.237526,-0.962738,0.000000,263.946190
44529,0.019086,0.449107,-0.035776,-0.124666,-0.034237,0.237583,-0.962726,0.000000,264.044037
44536,0.019096,0.449107,-0.035781,-0.124687,-0.034202,0.237720,-0.962690,0.000000,264.150124
44540,0.019106,0.449105,-0.035773,-0.124679,-0.034285,0.237851,-0.962656,0.000000,264.259300
44540,0.019106,0.449105,-0.035773,-0.124679,-0.034285,0.237851,-0.962656,0.000343,264.371223
44547,0.019122,0.449099,-0.035752,-0.124917,-0.034184,0.238087,-0.962571,0.000000,264.477654
44550,0.019132,0.449097,-0.035744,-0.124927,-0.034220,0.238163,-0.962549,0.000000,264.571381
44554,0.019140,0.449096,-0.035737,-0.124893,-0.034280,0.238253,-0.962529,0.000000,264.666138
44554,0.019140,0.449096,-0.035737,-0.124893,-0.034280,0.238253,-0.962529,0.000343,264.760895
44561,0.019147,0.449094,-0.035736,-0.125021,-0.034233,0.238479,-0.962458,0.000000,264.860458
44564,0.019149,0.449094,-0.035741,-0.125008,-0.034263,0.238509,-0.962451,0.000000,264.962769
44564,0.019149,0.449094,-0.035741,-0.125008,-0.034263,0.238509,-0.962451,0.000343,265.063362
44572,0.019154,0.449093,-0.035751,-0.125080,-0.034288,0.238690,-0.962396,0.000000,265.160179
44572,0.019154,0.449093,-0.035751,-0.125080,-0.034288,0.238690,-0.962396,0.000000,265.255280
44579,0.019161,0.449091,-0.035748,-0.125228,-0.034211,0.238929,-0.962320,0.000343,265.351067
44582,0.019168,0.449088,-0.035744,-0.125300,-0.034211,0.239040,-0.962284,0.000000,265.452003
44582,0.019168,0.449088,-0.035744,-0.125300,-0.034211,0.239040,-0.962284,0.000000,265.549507
44589,0.019182,0.449084,-0.035729,-0.125372,-0.034219,0.239200,-0.962234,0.000000,265.651131
44589,0.019182,0.449084,-0.035729,-0.125372,-0.034219,0.239200,-0.962234,0.000000,265.762711
44596,0.019199,0.449084,-0.035710,-0.125419,-0.034284,0.239405,-0.962175,0.000000,265.871887
44596,0.019199,0.449084,-0.035710,-0.125419,-0.034284,0.239405,-0.962175,0.000343,265.972481
44600,0.019202,0.449078,-0.035707,-0.125552,-0.034222,0.239485,-0.962140,0.000000,266.069641
44607,0.019213,0.449078,-0.035709,-0.125528,-0.034268,0.239647,-0.962101,0.000000,266.166115
44611,0.019220,0.449077,-0.035712,-0.125633,-0.034235,0.239841,-0.962040,0.000343,266.258469
44611,0.019220,0.449077,-0.035712,-0.125633,-0.034235,0.239841,-0.962040,0.000000,266.355286
44618,0.019225,0.449074,-0.035721,-0.125651,-0.034255,0.239931,-0.962014,0.000000,266.451759
44621,0.019230,0.449073,-0.035721,-0.125729,-0.034211,0.240060,-0.961973,0.000343,266.553040
44625,0.019238,0.449071,-0.035718,-0.125740,-0.034254,0.240155,-0.961947,0.000000,266.658440
44625,0.019238,0.449071,-0.035718,-0.125740,-0.034254,0.240155,-0.961947,0.000000,266.772079
44629,0.019249,0.449068,-0.035710,-0.125856,-0.034211,0.240380,-0.961877,0.000000,266.863060
44635,0.019265,0.449064,-0.035695,-0.125967,-0.034218,0.240572,-0.961814,0.000000,266.956100
44635,0.019265,0.449064,-0.035695,-0.125967,-0.034218,0.240572,-0.961814,0.000000,267.052917
44643,0.019281,0.449060,-0.035678,-0.126147,-0.034201,0.240844,-0.961723,0.000000,267.157974
44643,0.019281,0.449060,-0.035678,-0.126147,-0.034201,0.240844,-0.961723,0.000000,267.262688
44646,0.019285,0.449059,-0.035677,-0.126144,-0.034224,0.240861,-0.961718,0.000000,267.356758
44650,0.019290,0.449056,-0.035676,-0.126173,-0.034250,0.240982,-0.961683,0.000000,267.431259
44653,0.019289,0.449055,-0.035680,-0.126234,-0.034216,0.241019,-0.961667,0.000000,267.497520
44657,0.019293,0.449053,-0.035682,-0.126249,-0.034224,0.241204,-0.961619,0.000000,267.565842
44661,0.019295,0.449053,-0.035687,-0.126350,-0.034172,0.241331,-0.961576,0.000000,267.642746
44664,0.019298,0.449050,-0.035686,-0.126408,-0.034175,0.241395,-0.961552,0.000000,267.750206
44671,0.019313,0.449051,-0.035684,-0.126395,-0.034255,0.241518,-0.961520,0.000000,267.882042
44671,0.019313,0.449051,-0.035684,-0.126395,-0.034255,0.241518,-0.961520,0.000000,268.061600
44678,0.019330,0.449042,-0.035669,-0.126565,-0.034244,0.241771,-0.961434,0.000000,268.299179
44678,0.019330,0.449042,-0.035669,-0.126565,-0.034244,0.241771,-0.961434,0.000000,268.660698
44685,0.019348,0.449036,-0.035657,-0.126690,-0.034181,0.242053,-0.961349,0.000000,269.139290
44689,0.019365,0.449034,-0.035647,-0.126750,-0.034255,0.242324,-0.961270,0.000000,269.714012
44689,0.019365,0.449034,-0.035647,-0.126750,-0.034255,0.242324,-0.961270,0.000000,270.302124
44696,0.019400,0.449021,-0.035639,-0.127099,-0.034178,0.242984,-0.961060,0.000000,270.794449
44696,0.019400,0.449021,-0.035639,-0.127099,-0.034178,0.242984,-0.961060,0.000000,271.123009
44703,0.019436,0.449013,-0.035635,-0.127269,-0.034228,0.243580,-0.960885,0.000000,271.217079
44703,0.019436,0.449013,-0.035635,-0.127269,-0.034228,0.243580,-0.960885,0.000000,270.488548
44710,0.019459,0.449008,-0.035631,-0.127466,-0.034197,0.243969,-0.960761,0.000343,267.064590
44714,0.019440,0.448987,-0.035585,-0.127757,-0.034166,0.243919,-0.960736,0.000000,261.225357
44714,0.019440,0.448987,-0.035585,-0.127757,-0.034166,0.243919,-0.960736,0.000000,254.876289
44721,0.019405,0.448994,-0.035588,-0.127540,-0.034182,0.243497,-0.960872,0.000000,248.569794
44724,0.019366,0.448993,-0.035574,-0.127594,-0.034167,0.243000,-0.960991,0.000000,242.279778
44724,0.019366,0.448993,-0.035574,-0.127594,-0.034167,0.243000,-0.960991,-0.000343,235.961609
44731,0.019337,0.449011,-0.035596,-0.127247,-0.034258,0.242370,-0.961193,0.000000,229.665413
44731,0.019337,0.449011,-0.035596,-0.127247,-0.034258,0.242370,-0.961193,0.000000,223.380547
44738,0.019325,0.449020,-0.035615,-0.126970,-0.034264,0.241990,-0.961325,0.000000,217.113876
44738,0.019325,0.449020,-0.035615,-0.126970,-0.034264,0.241990,-0.961325,0.000000,210.865059
44746,0.019265,0.449050,-0.035658,-0.126060,-0.034392,0.240307,-0.961862,0.000000,204.638901
44749,0.019186,0.449077,-0.035696,-0.125315,-0.034447,0.238777,-0.962338,0.000000,198.455658
44749,0.019186,0.449077,-0.035696,-0.125315,-0.034447,0.238777,-0.962338,0.000000,192.305717
44756,0.018923,0.449159,-0.035809,-0.123081,-0.034625,0.233886,-0.963820,-0.000343,186.187363
44760,0.018717,0.449209,-0.035885,-0.121289,-0.034580,0.230086,-0.964963,0.000000,180.108833
44763,0.018486,0.449264,-0.035975,-0.119501,-0.034625,0.225890,-0.966175,-0.000343,175.413208
44763,0.018486,0.449264,-0.035975,-0.119501,-0.034625,0.225890,-0.966175,0.000000,174.146004
44770,0.018201,0.449322,-0.036091,-0.117749,-0.034663,0.221740,-0.967349,0.000000,175.807686
44770,0.018201,0.449322,-0.036091,-0.117749,-0.034663,0.221740,-0.967349,0.000000,179.899063
44778,0.018145,0.449338,-0.036142,-0.117517,-0.034654,0.221330,-0.967472,0.000000,184.294281
44778,0.018145,0.449338,-0.036142,-0.117517,-0.034654,0.221330,-0.967472,0.000000,187.240334
44785,0.018162,0.449342,-0.036158,-0.117522,-0.034626,0.221431,-0.967449,0.000000,187.740555
44785,0.018162,0.449342,-0.036158,-0.117522,-0.034626,0.221431,-0.967449,0.000000,185.820694
44788,0.018192,0.449335,-0.036139,-0.117586,-0.034558,0.221528,-0.967422,0.000000,182.384033
44792,0.018182,0.449328,-0.036112,-0.117751,-0.034537,0.221473,-0.967415,0.000000,178.765755
44799,0.018182,0.449325,-0.036086,-0.117627,-0.034614,0.221140,-0.967503,-0.000343,176.284218
44802,0.018172,0.449331,-0.036095,-0.117448,-0.034661,0.220940,-0.967569,0.000000,175.631561
44802,0.018172,0.449331,-0.036095,-0.117448,-0.034661,0.220940,-0.967569,0.000000,176.904259
44810,0.018157,0.449335,-0.036109,-0.117351,-0.034644,0.220765,-0.967622,0.000000,178.922997
44813,0.018148,0.449338,-0.036122,-0.117387,-0.034590,0.220763,-0.967620,0.000000,181.244888
44813,0.018148,0.449338,-0.036122,-0.117387,-0.034590,0.220763,-0.967620,-0.000343,182.704353
44820,0.018120,0.449345,-0.036157,-0.117222,-0.034688,0.220633,-0.967666,-0.000343,182.783318
44820,0.018120,0.449345,-0.036157,-0.117222,-0.034688,0.220633,-0.967666,0.000000,181.515083
44824,0.018110,0.449342,-0.036154,-0.117346,-0.034629,0.220651,-0.967649,-0.000343,179.491882
44827,0.018112,0.449345,-0.036158,-0.117262,-0.034655,0.220656,-0.967657,0.000000,177.238655
44831,0.018126,0.449341,-0.036148,-0.117249,-0.034651,0.220627,-0.967665,-0.000343,175.930252
44835,0.018145,0.449341,-0.036135,-0.117228,-0.034649,0.220546,-0.967686,0.000000,175.648384
44841,0.018158,0.449339,-0.036111,-0.117231,-0.034687,0.220501,-0.967695,0.000000,176.149635
44841,0.018158,0.449339,-0.036111,-0.117231,-0.034687,0.220501,-0.967695,0.000000,177.255821
44848,0.018127,0.449339,-0.036108,-0.117268,-0.034652,0.220409,-0.967712,0.000000,178.420372
44848,0.018127,0.449339,-0.036108,-0.117268,-0.034652,0.220409,-0.967712,0.000000,179.111481
44856,0.018106,0.449344,-0.036137,-0.117140,-0.034663,0.220273,-0.967759,-0.000343,179.067192
44856,0.018106,0.449344,-0.036137,-0.117140,-0.034663,0.220273,-0.967759,0.000000,178.320465
44859,0.018109,0.449346,-0.036148,-0.117150,-0.034650,0.220306,-0.967750,0.000000,177.111626
44866,0.018116,0.449345,-0.036162,-0.117167,-0.034647,0.220321,-0.967745,0.000000,175.879097
44870,0.018118,0.449347,-0.036158,-0.117008,-0.034701,0.220159,-0.967799,0.000000,175.000191
44873,0.018109,0.449345,-0.036146,-0.117069,-0.034702,0.220077,-0.967810,-0.000343,174.670944
44873,0.018109,0.449345,-0.036146,-0.117069,-0.034702,0.220077,-0.967810,0.000000,174.758492
44877,0.018095,0.449347,-0.036142,-0.116959,-0.034668,0.219853,-0.967876,-0.000343,175.235367
44881,0.018088,0.449347,-0.036135,-0.116881,-0.034708,0.219725,-0.967913,-0.000343,175.773010
44884,0.018091,0.449350,-0.036138,-0.116811,-0.034713,0.219640,-0.967940,-0.000343,176.101913
44891,0.018099,0.449351,-0.036144,-0.116806,-0.034741,0.219589,-0.967951,-0.000343,176.076508
44891,0.018099,0.449351,-0.036144,-0.116806,-0.034741,0.219589,-0.967951,0.000000,175.665550
44898,0.018080,0.449354,-0.036158,-0.116823,-0.034686,0.219508,-0.967970,0.000000,174.971008
44901,0.018073,0.449354,-0.036161,-0.116871,-0.034668,0.219582,-0.967948,0.000000,174.190292
44901,0.018073,0.449354,-0.036161,-0.116871,-0.034668,0.219582,-0.967948,-0.000343,173.516006
44909,0.018048,0.449361,-0.036172,-0.116519,-0.034744,0.219021,-0.968115,-0.000343,173.118782
44909,0.018048,0.449361,-0.036172,-0.116519,-0.034744,0.219021,-0.968115,0.000000,173.032608
44913,0.018037,0.449366,-0.036177,-0.116361,-0.034764,0.218745,-0.968195,-0.000343,173.119812
44916,0.018029,0.449367,-0.036178,-0.116319,-0.034720,0.218564,-0.968243,-0.000343,173.315163
44920,0.018026,0.449367,-0.036179,-0.116377,-0.034735,0.218569,-0.968234,0.000000,173.460388
44927,0.018014,0.449368,-0.036181,-0.116262,-0.034701,0.218402,-0.968287,0.000000,173.461075
44927,0.018014,0.449368,-0.036181,-0.116262,-0.034701,0.218402,-0.968287,0.000000,173.267784
44934,0.018012,0.449371,-0.036182,-0.116164,-0.034764,0.218279,-0.968324,-0.000343,172.852364
44937,0.018012,0.449371,-0.036186,-0.116066,-0.034784,0.218184,-0.968357,-0.000343,172.303047
44937,0.018012,0.449371,-0.036186,-0.116066,-0.034784,0.218184,-0.968357,-0.000343,171.708755
44941,0.018004,0.449372,-0.036189,-0.116104,-0.034742,0.218074,-0.968378,-0.000343,171.359596
44948,0.017969,0.449382,-0.036203,-0.115751,-0.034795,0.217458,-0.968557,-0.000343,171.136436
44948,0.017969,0.449382,-0.036203,-0.115751,-0.034795,0.217458,-0.968557,0.000000,171.069489
44952,0.017948,0.449385,-0.036209,-0.115653,-0.034776,0.217230,-0.968621,-0.000343,171.069832
44959,0.017929,0.449387,-0.036217,-0.115538,-0.034769,0.216937,-0.968700,-0.000343,171.072235
44962,0.017931,0.449389,-0.036220,-0.115560,-0.034730,0.216951,-0.968696,0.000000,171.062965
44962,0.017931,0.449389,-0.036220,-0.115560,-0.034730,0.216951,-0.968696,0.000000,170.909500
44969,0.017938,0.449391,-0.036227,-0.115414,-0.034812,0.216767,-0.968752,-0.000343,170.600853
44973,0.017930,0.449391,-0.036228,-0.115434,-0.034749,0.216721,-0.968762,-0.000343,170.197449
44976,0.017920,0.449392,-0.036227,-0.115348,-0.034796,0.216584,-0.968801,-0.000343,169.763489
44980,0.017900,0.449396,-0.036228,-0.115166,-0.034794,0.216268,-0.968893,-0.000343,169.417076
44983,0.017891,0.449398,-0.036229,-0.115138,-0.034790,0.216139,-0.968926,0.000000,169.168854
44983,0.017891,0.449398,-0.036229,-0.115138,-0.034790,0.216139,-0.968926,-0.000343,169.040108
44987,0.017883,0.449401,-0.036232,-0.115037,-0.034859,0.215953,-0.968977,-0.000343,168.962860
44994,0.017869,0.449403,-0.036240,-0.114999,-0.034789,0.215750,-0.969029,-0.000343,168.904839
44998,0.017861,0.449406,-0.036250,-0.114767,-0.034865,0.215532,-0.969102,0.000000,168.794289
45001,0.017859,0.449408,-0.036252,-0.114790,-0.034859,0.215517,-0.969103,0.000000,168.606148
45005,0.017852,0.449410,-0.036259,-0.114784,-0.034839,0.215473,-0.969114,0.000000,168.338699
45005,0.017852,0.449410,-0.036259,-0.114784,-0.034839,0.215473,-0.969114,0.000000,167.983017
45008,0.017848,0.449411,-0.036261,-0.114713,-0.034841,0.215403,-0.969138,-0.000343,167.682610
45012,0.017843,0.449413,-0.036266,-0.114589,-0.034876,0.215137,-0.969211,0.000000,167.388725
45015,0.017836,0.449415,-0.036267,-0.114585,-0.034852,0.215052,-0.969231,-0.000343,167.172775
45019,0.017830,0.449416,-0.036266,-0.114470,-0.034910,0.214791,-0.969300,0.000000,167.016220
45023,0.017817,0.449419,-0.036267,-0.114450,-0.034855,0.214643,-0.969337,0.000000,166.890907
45026,0.017807,0.449420,-0.036268,-0.114436,-0.034858,0.214515,-0.969367,-0.000343,166.755295
45030,0.017798,0.449425,-0.036270,-0.114271,-0.034931,0.214373,-0.969415,0.000000,166.603203
45037,0.017782,0.449425,-0.036282,-0.114259,-0.034900,0.214178,-0.969461,-0.000343,166.389656
45040,0.017781,0.449427,-0.036289,-0.114184,-0.034885,0.214062,-0.969496,0.000000,166.128044
45043,0.017779,0.449431,-0.036291,-0.114120,-0.034915,0.213978,-0.969521,0.000000,165.845146
45047,0.017769,0.449431,-0.036296,-0.114073,-0.034907,0.213731,-0.969581,-0.000343,165.551262
45047,0.017769,0.449431,-0.036296,-0.114073,-0.034907,0.213731,-0.969581,0.000000,165.277290
45051,0.017756,0.449438,-0.036299,-0.113883,-0.034944,0.213465,-0.969661,0.000000,165.080910
45058,0.017723,0.449442,-0.036303,-0.113677,-0.034926,0.212926,-0.969804,0.000000,164.933968
45058,0.017723,0.449442,-0.036303,-0.113677,-0.034926,0.212926,-0.969804,-0.000343,164.790802
45065,0.017690,0.449446,-0.036309,-0.113428,-0.034949,0.212371,-0.969954,-0.000343,164.639053
45069,0.017678,0.449450,-0.036316,-0.113466,-0.034911,0.212286,-0.969970,0.000000,164.446793
45069,0.017678,0.449450,-0.036316,-0.113466,-0.034911,0.212286,-0.969970,-0.000343,164.202690
45072,0.017668,0.449453,-0.036324,-0.113316,-0.034961,0.212082,-0.970030,-0.000343,163.947601
45079,0.017645,0.449459,-0.036349,-0.113133,-0.034896,0.211696,-0.970138,-0.000343,163.690796
45079,0.017645,0.449459,-0.036349,-0.113133,-0.034896,0.211696,-0.970138,-0.000343,163.432617
45086,0.017621,0.449470,-0.036362,-0.112810,-0.034963,0.211196,-0.970282,0.000000,163.200874
45090,0.017613,0.449470,-0.036361,-0.112833,-0.034921,0.211064,-0.970310,0.000000,163.003120
45094,0.017608,0.449474,-0.036359,-0.112611,-0.034966,0.210749,-0.970403,-0.000343,162.841759
45097,0.017604,0.449474,-0.036354,-0.112603,-0.034968,0.210640,-0.970427,0.000000,162.682457
45097,0.017604,0.449474,-0.036354,-0.112603,-0.034968,0.210640,-0.970427,-0.000343,162.497749
45101,0.017598,0.449474,-0.036349,-0.112570,-0.034937,0.210517,-0.970459,-0.000343,162.283516
45108,0.017572,0.449477,-0.036360,-0.112389,-0.034920,0.210154,-0.970559,-0.000343,162.049026
45108,0.017572,0.449477,-0.036360,-0.112389,-0.034920,0.210154,-0.970559,0.000000,161.792221
45111,0.017564,0.449481,-0.036365,-0.112322,-0.034949,0.210060,-0.970586,0.000000,161.546059
45115,0.017544,0.449479,-0.036384,-0.112162,-0.035002,0.209720,-0.970676,-0.000343,161.308479
45122,0.017523,0.449487,-0.036408,-0.111983,-0.034976,0.209415,-0.970764,0.000000,161.096649
45122,0.017523,0.449487,-0.036408,-0.111983,-0.034976,0.209415,-0.970764,-0.000343,160.922585
45126,0.017510,0.449493,-0.036417,-0.111753,-0.035030,0.209111,-0.970854,-0.000343,160.744400
45129,0.017506,0.449494,-0.036418,-0.111730,-0.035008,0.209012,-0.970878,0.000000,160.568275
45133,0.017498,0.449495,-0.036413,-0.111686,-0.035017,0.208871,-0.970913,0.000000,160.358162
45140,0.017485,0.449497,-0.036405,-0.111544,-0.035032,0.208464,-0.971017,-0.000343,160.130882
45140,0.017485,0.449497,-0.036405,-0.111544,-0.035032,0.208464,-0.971017,-0.000343,159.885406
45147,0.017469,0.449500,-0.036410,-0.111324,-0.035057,0.208124,-0.971114,0.000000,159.643364
45147,0.017469,0.449500,-0.036410,-0.111324,-0.035057,0.208124,-0.971114,-0.000343,159.411278
45154,0.017447,0.449506,-0.036429,-0.111210,-0.035027,0.207845,-0.971188,0.000000,159.193268
45154,0.017447,0.449506,-0.036429,-0.111210,-0.035027,0.207845,-0.971188,0.000000,158.999977
45158,0.017431,0.449508,-0.036440,-0.111044,-0.035068,0.207621,-0.971253,-0.000343,158.836899
45164,0.017405,0.449508,-0.036453,-0.111023,-0.035021,0.207327,-0.971320,0.000000,158.638115
45164,0.017405,0.449508,-0.036453,-0.111023,-0.035021,0.207327,-0.971320,-0.000343,158.432808
45172,0.017386,0.449511,-0.036457,-0.110884,-0.035043,0.206957,-0.971414,-0.000343,158.201065
45172,0.017386,0.449511,-0.036457,-0.110884,-0.035043,0.206957,-0.971414,-0.000343,157.946320
45179,0.017375,0.449515,-0.036459,-0.110717,-0.035068,0.206643,-0.971499,0.000000,157.696724
45182,0.017366,0.449518,-0.036463,-0.110599,-0.035111,0.206468,-0.971548,0.000000,157.470818
45182,0.017366,0.449518,-0.036463,-0.110599,-0.035111,0.206468,-0.971548,0.000000,157.281303
45186,0.017361,0.449520,-0.036464,-0.110642,-0.035079,0.206379,-0.971563,0.000000,157.100029
45193,0.017338,0.449522,-0.036474,-0.110447,-0.035100,0.205919,-0.971682,-0.000343,156.926651
45193,0.017338,0.449522,-0.036474,-0.110447,-0.035100,0.205919,-0.971682,-0.000343,156.753960
45200,0.017315,0.449528,-0.036483,-0.110261,-0.035108,0.205568,-0.971778,0.000000,156.564102
45200,0.017315,0.449528,-0.036483,-0.110261,-0.035108,0.205568,-0.971778,0.000000,156.303177
45204,0.017272,0.449533,-0.036513,-0.110543,-0.034227,0.205480,-0.971796,0.000000,156.029205
45211,0.017247,0.449538,-0.036525,-0.110325,-0.034283,0.205015,-0.971917,0.000000,155.763817
45211,0.017247,0.449538,-0.036525,-0.110325,-0.034283,0.205015,-0.971917,0.000000,155.527267
45218,0.017250,0.449538,-0.036514,-0.109938,-0.035015,0.204577,-0.972027,0.000000,155.333633
45218,0.017250,0.449538,-0.036514,-0.109938,-0.035015,0.204577,-0.972027,0.000000,155.167809
45221,0.017213,0.449545,-0.036544,-0.110114,-0.034229,0.204443,-0.972063,-0.000343,154.998207
45225,0.017235,0.449544,-0.036523,-0.109697,-0.035045,0.204205,-0.972131,-0.000343,154.837875
45232,0.017221,0.449547,-0.036523,-0.109540,-0.035066,0.203907,-0.972210,-0.000343,154.662437
45232,0.017221,0.449547,-0.036523,-0.109540,-0.035066,0.203907,-0.972210,-0.000343,154.447861
45239,0.017199,0.449546,-0.036526,-0.109473,-0.035028,0.203593,-0.972285,-0.000343,154.167023
45243,0.017183,0.449551,-0.036532,-0.109256,-0.035091,0.203268,-0.972375,0.000000,153.887558
45246,0.017174,0.449553,-0.036537,-0.109198,-0.035112,0.203125,-0.972411,-0.000343,153.616676
45246,0.017174,0.449553,-0.036537,-0.109198,-0.035112,0.203125,-0.972411,-0.000343,153.385277
45253,0.017146,0.449558,-0.036554,-0.109019,-0.035063,0.202734,-0.972514,0.000000,153.188553
45253,0.017146,0.449558,-0.036554,-0.109019,-0.035063,0.202734,-0.972514,-0.000343,153.045731
45260,0.017118,0.449561,-0.036573,-0.108808,-0.035031,0.202285,-0.972633,-0.000343,152.904625
45260,0.017118,0.449561,-0.036573,-0.108808,-0.035031,0.202285,-0.972633,0.000000,152.742920
45268,0.017100,0.449565,-0.036582,-0.108572,-0.035070,0.201791,-0.972760,-0.000343,152.527313
45268,0.017100,0.449565,-0.036582,-0.108572,-0.035070,0.201791,-0.972760,-0.000343,152.265701
45275,0.017080,0.449570,-0.036584,-0.108313,-0.035098,0.201378,-0.972874,-0.000343,151.988297
45275,0.017080,0.449570,-0.036584,-0.108313,-0.035098,0.201378,-0.972874,-0.000343,151.724968
45278,0.017068,0.449571,-0.036585,-0.108239,-0.035059,0.201159,-0.972929,0.000000,151.470222
45285,0.017038,0.449574,-0.036591,-0.108060,-0.035071,0.200724,-0.973038,-0.000343,151.274872
45285,0.017038,0.449574,-0.036591,-0.108060,-0.035071,0.200724,-0.973038,0.000000,151.085701
45292,0.017003,0.449577,-0.036609,-0.107861,-0.035047,0.200252,-0.973158,0.000000,150.932579
45292,0.017003,0.449577,-0.036609,-0.107861,-0.035047,0.200252,-0.973158,-0.000343,150.771904
45296,0.016993,0.449583,-0.036621,-0.107680,-0.035103,0.199988,-0.973230,0.000000,150.561790
45303,0.016976,0.449590,-0.036638,-0.107576,-0.035043,0.199667,-0.973310,-0.000343,150.375710
45307,0.016966,0.449593,-0.036643,-0.107426,-0.035121,0.199450,-0.973368,0.000000,150.127144
45307,0.016966,0.449593,-0.036643,-0.107426,-0.035121,0.199450,-0.973368,-0.000343,149.876518
45310,0.016957,0.449594,-0.036645,-0.107315,-0.035094,0.199184,-0.973436,-0.000343,149.639282
45310,0.016957,0.449594,-0.036645,-0.107315,-0.035094,0.199184,-0.973436,0.000000,149.408226
45310,0.016957,0.449594,-0.036645,-0.107315,-0.035094,0.199184,-0.973436,-0.000343,149.181290
45310,0.016957,0.449594,-0.036645,-0.107315,-0.035094,0.199184,-0.973436,0.000000,148.996582
45310,0.016957,0.449594,-0.036645,-0.107315,-0.035094,0.199184,-0.973436,0.000000,148.830414
45310,0.016957,0.449594,-0.036645,-0.107315,-0.035094,0.199184,-0.973436,0.000000,148.622704
45310,0.016957,0.449594,-0.036645,-0.107315,-0.035094,0.199184,-0.973436,0.000000,148.410873
45310,0.016957,0.449594,-0.036645,-0.107315,-0.035094,0.199184,-0.973436,0.000000,148.187370
45310,0.016957,0.449594,-0.036645,-0.107315,-0.035094,0.199184,-0.973436,0.000000,147.964897
45310,0.016957,0.449594,-0.036645,-0.107315,-0.035094,0.199184,-0.973436,0.000000,147.758217
45310,0.016957,0.449594,-0.036645,-0.107315,-0.035094,0.199184,-0.973436,-0.000343,147.527161
45310,0.016957,0.449594,-0.036645,-0.107315,-0.035094,0.199184,-0.973436,-0.000343,147.305031
45310,0.016957,0.449594,-0.036645,-0.107315,-0.035094,0.199184,-0.973436,-0.000343,147.112770
45310,0.016957,0.449594,-0.036645,-0.107315,-0.035094,0.199184,-0.973436,0.000000,146.909180
45310,0.016957,0.449594,-0.036645,-0.107315,-0.035094,0.199184,-0.973436,-0.000343,146.687393
45310,0.016957,0.449594,-0.036645,-0.107315,-0.035094,0.199184,-0.973436,0.000000,146.465607
45310,0.016957,0.449594,-0.036645,-0.107315,-0.035094,0.199184,-0.973436,0.000000,146.244164
45310,0.016957,0.449594,-0.036645,-0.107315,-0.035094,0.199184,-0.973436,-0.000343,146.025124
45310,0.016957,0.449594,-0.036645,-0.107315,-0.035094,0.199184,-0.973436,-0.000343,145.816727
45310,0.016957,0.449594,-0.036645,-0.107315,-0.035094,0.199184,-0.973436,0.000000,145.613136
45310,0.016957,0.449594,-0.036645,-0.107315,-0.035094,0.199184,-0.973436,0.000000,145.416412
45310,0.016957,0.449594,-0.036645,-0.107315,-0.035094,0.199184,-0.973436,-0.000343,145.217628
45310,0.016957,0.449594,-0.036645,-0.107315,-0.035094,0.199184,-0.973436,0.000000,145.004082
45310,0.016957,0.449594,-0.036645,-0.107315,-0.035094,0.199184,-0.973436,-0.000343,144.776459
45310,0.016957,0.449594,-0.036645,-0.107315,-0.035094,0.199184,-0.973436,-0.000343,144.551239
45310,0.016957,0.449594,-0.036645,-0.107315,-0.035094,0.199184,-0.973436,0.000000,144.322929
45310,0.016957,0.449594,-0.036645,-0.107315,-0.035094,0.199184,-0.973436,-0.000343,144.103546
45310,0.016957,0.449594,-0.036645,-0.107315,-0.035094,0.199184,-0.973436,0.000000,143.863220
45310,0.016957,0.449594,-0.036645,-0.107315,-0.035094,0.199184,-0.973436,0.000000,143.681946
45310,0.016957,0.449594,-0.036645,-0.107315,-0.035094,0.199184,-0.973436,0.000000,143.493462
45417,0.016293,0.449698,-0.036912,-0.102785,-0.034593,0.188342,-0.976097,-0.000343,143.312187
45424,0.016241,0.449706,-0.036946,-0.102322,-0.034621,0.187575,-0.976293,0.000000,143.115807
45424,0.016241,0.449706,-0.036946,-0.102322,-0.034621,0.187575,-0.976293,0.000000,142.885780
45431,0.016199,0.449713,-0.036958,-0.102075,-0.034543,0.186811,-0.976468,-0.000343,142.684593
45431,0.016199,0.449713,-0.036958,-0.102075,-0.034543,0.186811,-0.976468,-0.000343,142.461090
45434,0.016188,0.449713,-0.036956,-0.101973,-0.034554,0.186556,-0.976527,0.000000,142.257500
45438,0.016174,0.449715,-0.036951,-0.101796,-0.034584,0.186195,-0.976613,0.000000,142.093735
45445,0.016154,0.449716,-0.036947,-0.101617,-0.034584,0.185769,-0.976713,-0.000343,141.967735
45445,0.016154,0.449716,-0.036947,-0.101617,-0.034584,0.185769,-0.976713,0.000000,141.879501
45449,0.016183,0.449954,-0.036753,-0.102139,-0.036399,0.187776,-0.976209,-0.000343,141.810493
45456,0.016120,0.449725,-0.036975,-0.101385,-0.034578,0.185308,-0.976825,0.000000,141.762428
45456,0.016120,0.449725,-0.036975,-0.101385,-0.034578,0.185308,-0.976825,0.000000,141.700287
45463,0.016096,0.449727,-0.036994,-0.101370,-0.034547,0.185104,-0.976866,0.000000,141.624413
45463,0.016096,0.449727,-0.036994,-0.101370,-0.034547,0.185104,-0.976866,-0.000343,141.540298
45470,0.016120,0.449960,-0.036805,-0.101738,-0.036408,0.186925,-0.976413,0.000000,141.434898
45473,0.016114,0.449959,-0.036804,-0.101729,-0.036401,0.186798,-0.976439,0.000000,141.315422
45473,0.016114,0.449959,-0.036804,-0.101729,-0.036401,0.186798,-0.976439,0.000000,141.189766
45477,0.016108,0.449961,-0.036802,-0.101656,-0.036410,0.186690,-0.976467,0.000000,141.108742
45484,0.016094,0.449959,-0.036800,-0.101626,-0.036343,0.186419,-0.976524,0.000000,141.010208
45488,0.016052,0.449735,-0.036996,-0.100894,-0.034570,0.184047,-0.977114,0.000000,140.926437
45488,0.016052,0.449735,-0.036996,-0.100894,-0.034570,0.184047,-0.977114,0.000000,140.838203
45495,0.016038,0.449737,-0.037005,-0.100836,-0.034497,0.183823,-0.977165,0.000000,140.756836
45495,0.016038,0.449737,-0.037005,-0.100836,-0.034497,0.183823,-0.977165,0.000000,140.673409
45502,0.016014,0.449738,-0.037020,-0.100654,-0.034504,0.183450,-0.977254,0.000000,140.579338
45505,0.016005,0.449742,-0.037024,-0.100615,-0.034485,0.183364,-0.977274,0.000000,140.478401
45509,0.015996,0.449745,-0.037029,-0.100493,-0.034552,0.183164,-0.977322,0.000343,140.380898
45509,0.015996,0.449745,-0.037029,-0.100493,-0.034552,0.183164,-0.977322,0.000000,140.286827
45516,0.015973,0.449748,-0.037038,-0.100419,-0.034519,0.182864,-0.977387,0.000000,140.181084
45516,0.015973,0.449748,-0.037038,-0.100419,-0.034519,0.182864,-0.977387,0.000000,140.074654
45523,0.015956,0.449753,-0.037045,-0.100214,-0.034531,0.182460,-0.977483,0.000000,139.981270
45527,0.015945,0.449753,-0.037048,-0.100165,-0.034526,0.182270,-0.977524,0.000000,139.892693
45527,0.015945,0.449753,-0.037048,-0.100165,-0.034526,0.182270,-0.977524,0.000000,139.814072
45530,0.015936,0.449754,-0.037047,-0.100107,-0.034501,0.182129,-0.977557,0.000000,139.729271
45537,0.015914,0.449758,-0.037052,-0.100004,-0.034481,0.181749,-0.977639,0.000000,139.637947
45541,0.015906,0.449760,-0.037054,-0.099835,-0.034578,0.181552,-0.977689,0.000000,139.530487
45541,0.015906,0.449760,-0.037054,-0.099835,-0.034578,0.181552,-0.977689,0.000000,139.416847
45548,0.015888,0.449762,-0.037064,-0.099813,-0.034517,0.181307,-0.977739,0.000000,139.310760
45548,0.015888,0.449762,-0.037064,-0.099813,-0.034517,0.181307,-0.977739,0.000000,139.215660
45552,0.015876,0.449765,-0.037073,-0.099632,-0.034544,0.181068,-0.977801,0.000000,139.126396
45559,0.015853,0.449766,-0.037086,-0.099581,-0.034506,0.180779,-0.977861,0.000000,139.047089
45559,0.015853,0.449766,-0.037086,-0.099581,-0.034506,0.180779,-0.977861,0.000000,138.958511
45566,0.015830,0.449769,-0.037095,-0.099367,-0.034518,0.180352,-0.977961,0.000000,138.882637
45566,0.015830,0.449769,-0.037095,-0.099367,-0.034518,0.180352,-0.977961,0.000000,138.790627
45573,0.015812,0.449772,-0.037099,-0.099177,-0.034538,0.180031,-0.978039,0.000000,138.686256
45573,0.015812,0.449772,-0.037099,-0.099177,-0.034538,0.180031,-0.978039,0.000000,138.581886
45576,0.015806,0.449775,-0.037099,-0.099082,-0.034541,0.179859,-0.978080,0.000000,138.470306
45580,0.015797,0.449773,-0.037100,-0.099111,-0.034488,0.179773,-0.978095,0.000000,138.376236
45587,0.015783,0.449777,-0.037107,-0.098894,-0.034536,0.179435,-0.978177,0.000000,138.278389
45587,0.015783,0.449777,-0.037107,-0.098894,-0.034536,0.179435,-0.978177,0.000000,138.182945
45594,0.015764,0.449777,-0.037118,-0.098803,-0.034540,0.179191,-0.978231,0.000000,138.101234
45594,0.015764,0.449777,-0.037118,-0.098803,-0.034540,0.179191,-0.978231,0.000000,138.010597
45601,0.015775,0.449786,-0.037112,-0.098447,-0.035127,0.178913,-0.978297,0.000000,137.926483
45601,0.015775,0.449786,-0.037112,-0.098447,-0.035127,0.178913,-0.978297,0.000000,137.843742
45605,0.015741,0.449783,-0.037133,-0.098613,-0.034555,0.178827,-0.978316,0.000000,137.757912
45612,0.015724,0.449785,-0.037139,-0.098616,-0.034491,0.178612,-0.978357,0.000000,137.656631
45612,0.015724,0.449785,-0.037139,-0.098616,-0.034491,0.178612,-0.978357,0.000000,137.534752
45619,0.015709,0.449788,-0.037138,-0.098388,-0.034576,0.178290,-0.978436,0.000000,137.428665
45619,0.015709,0.449788,-0.037138,-0.098388,-0.034576,0.178290,-0.978436,0.000000,137.331161
45626,0.015693,0.449788,-0.037143,-0.098270,-0.034551,0.178034,-0.978495,0.000000,137.229195
45630,0.015680,0.449792,-0.037148,-0.098161,-0.034534,0.177855,-0.978539,0.000000,137.144737
45630,0.015680,0.449792,-0.037148,-0.098161,-0.034534,0.177855,-0.978539,0.000000,137.057533
45637,0.015668,0.449795,-0.037157,-0.098032,-0.034578,0.177557,-0.978605,0.000000,136.975136
45637,0.015668,0.449795,-0.037157,-0.098032,-0.034578,0.177557,-0.978605,0.000343,136.892738
45644,0.015659,0.449798,-0.037168,-0.097996,-0.034543,0.177412,-0.978636,0.000000,136.796608
45644,0.015659,0.449798,-0.037168,-0.097996,-0.034543,0.177412,-0.978636,0.000000,136.697731
45651,0.015650,0.449799,-0.037173,-0.097816,-0.034561,0.177158,-0.978700,0.000000,136.600571
45654,0.015648,0.449801,-0.037171,-0.097830,-0.034551,0.177137,-0.978702,0.000000,136.500320
45654,0.015648,0.449801,-0.037171,-0.097830,-0.034551,0.177137,-0.978702,0.000000,136.399727
45662,0.015660,0.449803,-0.037149,-0.097422,-0.035204,0.176847,-0.978772,0.000000,136.301880
45662,0.015660,0.449803,-0.037149,-0.097422,-0.035204,0.176847,-0.978772,0.000000,136.205406
45665,0.015626,0.449802,-0.037167,-0.097742,-0.034527,0.176835,-0.978767,0.000000,136.115112
45669,0.015614,0.449803,-0.037172,-0.097553,-0.034615,0.176647,-0.978816,0.000000,136.043358
45672,0.015632,0.449805,-0.037157,-0.097290,-0.035221,0.176562,-0.978836,0.000000,135.961304
45679,0.015620,0.449809,-0.037174,-0.097238,-0.035226,0.176428,-0.978865,0.000000,135.854874
45679,0.015620,0.449809,-0.037174,-0.097238,-0.035226,0.176428,-0.978865,0.000000,135.746040
45683,0.015615,0.449813,-0.037185,-0.097079,-0.035246,0.176203,-0.978921,0.000000,135.625191
45687,0.015614,0.449814,-0.037189,-0.097103,-0.035262,0.176153,-0.978927,0.000343,135.519791
45690,0.015612,0.449815,-0.037189,-0.097010,-0.035268,0.175975,-0.978968,0.000000,135.434303
45694,0.015605,0.449815,-0.037187,-0.097003,-0.035244,0.175878,-0.978987,0.000000,135.361176
45700,0.015596,0.449815,-0.037174,-0.096976,-0.035232,0.175723,-0.979018,0.000000,135.271225
45704,0.015582,0.449819,-0.037174,-0.096780,-0.035275,0.175457,-0.979083,0.000000,135.173378
45708,0.015576,0.449817,-0.037174,-0.096845,-0.035252,0.175457,-0.979078,0.000000,135.065918
45708,0.015576,0.449817,-0.037174,-0.096845,-0.035252,0.175457,-0.979078,0.000343,134.974251
45715,0.015556,0.449820,-0.037194,-0.096707,-0.035269,0.175178,-0.979141,0.000000,134.889107
45715,0.015556,0.449820,-0.037194,-0.096707,-0.035269,0.175178,-0.979141,0.000343,134.800186
45722,0.015541,0.449825,-0.037215,-0.096553,-0.035300,0.175039,-0.979180,0.000000,134.714699
45725,0.015538,0.449826,-0.037222,-0.096480,-0.035277,0.174875,-0.979217,0.000343,134.615822
45725,0.015538,0.449826,-0.037222,-0.096480,-0.035277,0.174875,-0.979217,0.000000,134.509048
45732,0.015532,0.449825,-0.037219,-0.096467,-0.035248,0.174738,-0.979244,0.000000,134.408455
45732,0.015532,0.449825,-0.037219,-0.096467,-0.035248,0.174738,-0.979244,0.000000,134.307518
45736,0.015530,0.449826,-0.037210,-0.096428,-0.035252,0.174580,-0.979276,0.000343,134.207954
45740,0.015526,0.449826,-0.037201,-0.096486,-0.035206,0.174536,-0.979280,0.000000,134.136543
45747,0.015516,0.449829,-0.037201,-0.096321,-0.035210,0.174275,-0.979342,0.000343,134.063072
45747,0.015516,0.449829,-0.037201,-0.096321,-0.035210,0.174275,-0.979342,0.000343,133.972435
45754,0.015500,0.449832,-0.037217,-0.096187,-0.035268,0.174076,-0.979388,0.000000,133.862572
45757,0.015486,0.449832,-0.037227,-0.096063,-0.035254,0.173896,-0.979433,0.000343,133.754425
45761,0.015474,0.449831,-0.037238,-0.096130,-0.035227,0.173873,-0.979432,0.000000,133.652458
45761,0.015474,0.449831,-0.037238,-0.096130,-0.035227,0.173873,-0.979432,0.000343,133.559418
45768,0.015465,0.449837,-0.037250,-0.095944,-0.035268,0.173580,-0.979500,0.000343,133.471527
45772,0.015458,0.449835,-0.037248,-0.095932,-0.035250,0.173498,-0.979517,0.000000,133.382263
45772,0.015458,0.449835,-0.037248,-0.095932,-0.035250,0.173498,-0.979517,0.000000,133.290253
45775,0.015456,0.449838,-0.037245,-0.095864,-0.035261,0.173435,-0.979534,0.000343,133.193092
45782,0.015448,0.449837,-0.037234,-0.095849,-0.035237,0.173248,-0.979570,0.000000,133.097649
45782,0.015448,0.449837,-0.037234,-0.095849,-0.035237,0.173248,-0.979570,0.000000,132.997055
45789,0.015445,0.449838,-0.037233,-0.095691,-0.035302,0.173009,-0.979625,0.000000,132.901611
45793,0.015435,0.449838,-0.037238,-0.095696,-0.035254,0.172903,-0.979645,0.000343,132.811661
45796,0.015429,0.449839,-0.037245,-0.095667,-0.035238,0.172835,-0.979660,0.000343,132.713470
45800,0.015419,0.449845,-0.037257,-0.095496,-0.035249,0.172598,-0.979718,0.000000,132.625923
45804,0.015408,0.449845,-0.037266,-0.095504,-0.035278,0.172542,-0.979726,0.000000,132.530479
45804,0.015408,0.449845,-0.037266,-0.095504,-0.035278,0.172542,-0.979726,0.000000,132.438126
45807,0.015402,0.449846,-0.037272,-0.095423,-0.035280,0.172451,-0.979750,0.000000,132.334099
45811,0.015392,0.449844,-0.037276,-0.095382,-0.035250,0.172274,-0.979786,0.000343,132.252388
45818,0.015388,0.449850,-0.037275,-0.095226,-0.035283,0.172077,-0.979835,0.000343,132.176170
45818,0.015388,0.449850,-0.037275,-0.095226,-0.035283,0.172077,-0.979835,0.000343,132.077293
45825,0.015381,0.449847,-0.037268,-0.095218,-0.035229,0.171948,-0.979860,0.000343,131.970177
45825,0.015381,0.449847,-0.037268,-0.095218,-0.035229,0.171948,-0.979860,0.000343,131.866837
45829,0.015376,0.449849,-0.037265,-0.095137,-0.035249,0.171810,-0.979892,0.000000,131.750793
45836,0.015363,0.449850,-0.037271,-0.095157,-0.035232,0.171697,-0.979910,0.000000,131.674576
45839,0.015355,0.449851,-0.037278,-0.095009,-0.035259,0.171511,-0.979956,0.000000,131.572609
45842,0.015349,0.449848,-0.037284,-0.094962,-0.035263,0.171436,-0.979974,0.000343,131.463089
45846,0.015341,0.449851,-0.037294,-0.094952,-0.035241,0.171345,-0.979991,0.000343,131.373482
45846,0.015341,0.449851,-0.037294,-0.094952,-0.035241,0.171345,-0.979991,0.000343,131.284904
45853,0.015331,0.449854,-0.037306,-0.094768,-0.035260,0.171143,-0.980044,0.000000,131.203880
45853,0.015331,0.449854,-0.037306,-0.094768,-0.035260,0.171143,-0.980044,0.000000,131.123543
45860,0.015324,0.449853,-0.037301,-0.094779,-0.035228,0.170983,-0.980072,0.000343,131.039429
45864,0.015320,0.449854,-0.037296,-0.094749,-0.035249,0.170914,-0.980086,0.000343,130.942955
45868,0.015316,0.449855,-0.037293,-0.094739,-0.035235,0.170855,-0.980098,0.000343,130.838585
45868,0.015316,0.449855,-0.037293,-0.094739,-0.035235,0.170855,-0.980098,0.000343,130.734558
45875,0.015301,0.449854,-0.037297,-0.094609,-0.035213,0.170650,-0.980147,0.000343,130.624008
45875,0.015301,0.449854,-0.037297,-0.094609,-0.035213,0.170650,-0.980147,0.000343,130.520325
45878,0.015297,0.449856,-0.037301,-0.094601,-0.035210,0.170586,-0.980159,0.000343,130.435867
45882,0.015291,0.449861,-0.037310,-0.094472,-0.035265,0.170395,-0.980202,0.000343,130.364113
45889,0.015275,0.449860,-0.037323,-0.094454,-0.035242,0.170222,-0.980235,0.000343,130.294075
45889,0.015275,0.449860,-0.037323,-0.094454,-0.035242,0.170222,-0.980235,0.000343,130.210648
45896,0.015266,0.449863,-0.037328,-0.094273,-0.035223,0.169960,-0.980299,0.000343,130.100441
45896,0.015266,0.449863,-0.037328,-0.094273,-0.035223,0.169960,-0.980299,0.000000,130.001221
45900,0.015263,0.449863,-0.037327,-0.094239,-0.035238,0.169865,-0.980318,0.000343,129.876595
45903,0.015260,0.449865,-0.037323,-0.094175,-0.035260,0.169799,-0.980335,0.000343,129.758148
45907,0.015251,0.449864,-0.037325,-0.094112,-0.035220,0.169600,-0.980377,0.000000,129.666138
45914,0.015234,0.449865,-0.037333,-0.093981,-0.035236,0.169352,-0.980432,0.000343,129.552155
45914,0.015234,0.449865,-0.037333,-0.093981,-0.035236,0.169352,-0.980432,0.000000,129.458084
45921,0.015223,0.449867,-0.037346,-0.093941,-0.035224,0.169207,-0.980461,0.000343,129.387016
45921,0.015223,0.449867,-0.037346,-0.093941,-0.035224,0.169207,-0.980461,0.000000,129.321785
45928,0.015215,0.449871,-0.037358,-0.093794,-0.035218,0.168952,-0.980519,0.000343,129.249001
45928,0.015215,0.449871,-0.037358,-0.093794,-0.035218,0.168952,-0.980519,0.000343,129.166946
45935,0.015207,0.449869,-0.037355,-0.093713,-0.035243,0.168775,-0.980556,0.000343,129.067383
45938,0.015206,0.449871,-0.037353,-0.093721,-0.035234,0.168739,-0.980562,0.000000,128.937950
45938,0.015206,0.449871,-0.037353,-0.093721,-0.035234,0.168739,-0.980562,0.000343,128.834267
45946,0.015186,0.449870,-0.037351,-0.093582,-0.035183,0.168448,-0.980627,0.000000,128.720627
45949,0.015177,0.449870,-0.037352,-0.093512,-0.035217,0.168325,-0.980654,0.000343,128.619690
45949,0.015177,0.449870,-0.037352,-0.093512,-0.035217,0.168325,-0.980654,0.000343,128.534203
45956,0.015155,0.449871,-0.037364,-0.093472,-0.035197,0.168142,-0.980690,0.000343,128.464165
45956,0.015155,0.449871,-0.037364,-0.093472,-0.035197,0.168142,-0.980690,0.000343,128.394470
45963,0.015133,0.449872,-0.037387,-0.093387,-0.035180,0.167867,-0.980746,0.000343,128.308983
45963,0.015133,0.449872,-0.037387,-0.093387,-0.035180,0.167867,-0.980746,0.000343,128.208733
45970,0.015133,0.449878,-0.037398,-0.093191,-0.035222,0.167634,-0.980803,0.000343,128.098183
45970,0.015133,0.449878,-0.037398,-0.093191,-0.035222,0.167634,-0.980803,0.000000,127.985229
45978,0.015136,0.449876,-0.037390,-0.093187,-0.035185,0.167470,-0.980832,0.000000,127.879829
45978,0.015136,0.449876,-0.037390,-0.093187,-0.035185,0.167470,-0.980832,0.000000,127.799149
45985,0.015123,0.449875,-0.037372,-0.093214,-0.035165,0.167355,-0.980850,0.000343,127.709541
45985,0.015123,0.449875,-0.037372,-0.093214,-0.035165,0.167355,-0.980850,0.000343,127.626457
45992,0.015104,0.449878,-0.037373,-0.093074,-0.035162,0.167123,-0.980903,0.000000,127.536850
45995,0.015095,0.449876,-0.037383,-0.093053,-0.035180,0.167002,-0.980925,0.000343,127.441750
45995,0.015095,0.449876,-0.037383,-0.093053,-0.035180,0.167002,-0.980925,0.000343,127.345963
46002,0.015078,0.449884,-0.037414,-0.092877,-0.035178,0.166754,-0.980984,0.000000,127.247772
46002,0.015078,0.449884,-0.037414,-0.092877,-0.035178,0.166754,-0.980984,0.000000,127.156448
46010,0.015069,0.449887,-0.037431,-0.092820,-0.035182,0.166555,-0.981023,0.000343,127.050705
46010,0.015069,0.449887,-0.037431,-0.092820,-0.035182,0.166555,-0.981023,0.000343,126.951485
46017,0.015064,0.449886,-0.037419,-0.092823,-0.035157,0.166427,-0.981045,0.000343,126.860161
46020,0.015065,0.449884,-0.037409,-0.092785,-0.035153,0.166347,-0.981063,0.000343,126.753731
46020,0.015065,0.449884,-0.037409,-0.092785,-0.035153,0.166347,-0.981063,0.000343,126.659660
46027,0.015054,0.449883,-0.037397,-0.092769,-0.035117,0.166167,-0.981096,0.000343,126.583099
46027,0.015054,0.449883,-0.037397,-0.092769,-0.035117,0.166167,-0.981096,0.000343,126.491432
46034,0.015042,0.449886,-0.037407,-0.092596,-0.035173,0.165933,-0.981150,0.000343,126.404915
46034,0.015042,0.449886,-0.037407,-0.092596,-0.035173,0.165933,-0.981150,0.000000,126.306038
46041,0.015022,0.449889,-0.037431,-0.092609,-0.035130,0.165839,-0.981166,0.000343,126.211624
46045,0.015010,0.449891,-0.037447,-0.092408,-0.035138,0.165607,-0.981224,0.000000,126.110001
46045,0.015010,0.449891,-0.037447,-0.092408,-0.035138,0.165607,-0.981224,0.000343,126.000137
46052,0.015005,0.449893,-0.037452,-0.092336,-0.035164,0.165478,-0.981252,0.000000,125.906410
46052,0.015005,0.449893,-0.037452,-0.092336,-0.035164,0.165478,-0.981252,0.000000,125.806160
46059,0.014997,0.449891,-0.037445,-0.092357,-0.035128,0.165294,-0.981282,0.000343,125.716896
46063,0.014991,0.449892,-0.037440,-0.092169,-0.035186,0.165089,-0.981332,0.000000,125.644798
46063,0.014991,0.449892,-0.037440,-0.092169,-0.035186,0.165089,-0.981332,0.000343,125.553818
46070,0.014982,0.449891,-0.037436,-0.092181,-0.035185,0.164978,-0.981350,0.000343,125.462494
46070,0.014982,0.449891,-0.037436,-0.092181,-0.035185,0.164978,-0.981350,0.000343,125.359840
46074,0.014976,0.449897,-0.037442,-0.092051,-0.035184,0.164796,-0.981392,0.000000,125.269203
46080,0.014966,0.449897,-0.037454,-0.092015,-0.035167,0.164628,-0.981425,0.000343,125.171700
46084,0.014959,0.449897,-0.037463,-0.091929,-0.035226,0.164482,-0.981455,0.000343,125.057030
46088,0.014952,0.449899,-0.037466,-0.091921,-0.035196,0.164387,-0.981473,0.000343,124.960556
46088,0.014952,0.449899,-0.037466,-0.091921,-0.035196,0.164387,-0.981473,0.000343,124.865799
46095,0.014932,0.449900,-0.037473,-0.091741,-0.035240,0.164145,-0.981529,0.000343,124.782715
46098,0.014925,0.449905,-0.037475,-0.091659,-0.035228,0.163966,-0.981566,0.000000,124.717827
46098,0.014925,0.449905,-0.037475,-0.091659,-0.035228,0.163966,-0.981566,0.000000,124.625130
46105,0.014916,0.449903,-0.037479,-0.091611,-0.035209,0.163784,-0.981602,0.000343,124.520416
46105,0.014916,0.449903,-0.037479,-0.091611,-0.035209,0.163784,-0.981602,0.000000,124.417076
46113,0.014903,0.449906,-0.037483,-0.091586,-0.035186,0.163584,-0.981639,0.000000,124.313049
46113,0.014903,0.449906,-0.037483,-0.091586,-0.035186,0.163584,-0.981639,0.000343,124.204216
46120,0.014883,0.449904,-0.037487,-0.091485,-0.035172,0.163359,-0.981686,0.000000,124.103279
46120,0.014883,0.449904,-0.037487,-0.091485,-0.035172,0.163359,-0.981686,0.000343,123.997879
46126,0.014875,0.449910,-0.037491,-0.091338,-0.035191,0.163100,-0.981742,0.000343,123.907242
46130,0.014865,0.449910,-0.037496,-0.091235,-0.035213,0.162930,-0.981779,0.000343,123.827591
46130,0.014865,0.449910,-0.037496,-0.091235,-0.035213,0.162930,-0.981779,0.000343,123.747940
46137,0.014848,0.449911,-0.037504,-0.091222,-0.035185,0.162710,-0.981818,0.000000,123.677216
46137,0.014848,0.449911,-0.037504,-0.091222,-0.035185,0.162710,-0.981818,0.000343,123.589668
46141,0.014838,0.449914,-0.037511,-0.091103,-0.035204,0.162565,-0.981852,0.000343,123.495941
46144,0.014831,0.449914,-0.037514,-0.091043,-0.035226,0.162400,-0.981884,0.000000,123.393288
46148,0.014818,0.449914,-0.037518,-0.090963,-0.035233,0.162257,-0.981915,0.000343,123.263855
46155,0.014803,0.449915,-0.037522,-0.090915,-0.035205,0.161971,-0.981968,0.000000,123.158798
46155,0.014803,0.449915,-0.037522,-0.090915,-0.035205,0.161971,-0.981968,0.000000,123.047905
46162,0.014794,0.449918,-0.037522,-0.090700,-0.035249,0.161639,-0.982041,0.000000,122.955894
46166,0.014784,0.449921,-0.037528,-0.090669,-0.035231,0.161517,-0.982064,0.000343,122.880020
46169,0.014777,0.449919,-0.037530,-0.090680,-0.035196,0.161458,-0.982074,0.000000,122.813072
46169,0.014777,0.449919,-0.037530,-0.090680,-0.035196,0.161458,-0.982074,0.000000,122.745438
46176,0.014761,0.449922,-0.037537,-0.090541,-0.035209,0.161254,-0.982120,0.000000,122.654457
46176,0.014761,0.449922,-0.037537,-0.090541,-0.035209,0.161254,-0.982120,0.000000,122.545280
46183,0.014752,0.449924,-0.037544,-0.090415,-0.035244,0.161063,-0.982162,0.000000,122.433701
46187,0.014747,0.449923,-0.037550,-0.090422,-0.035202,0.160935,-0.982184,0.000000,122.325211
46191,0.014739,0.449924,-0.037553,-0.090261,-0.035224,0.160798,-0.982220,0.000343,122.223244
46191,0.014739,0.449924,-0.037553,-0.090261,-0.035224,0.160798,-0.982220,0.000000,122.128487
46198,0.014729,0.449924,-0.037554,-0.090281,-0.035200,0.160674,-0.982239,0.000000,122.042999
46198,0.014729,0.449924,-0.037554,-0.090281,-0.035200,0.160674,-0.982239,0.000000,121.955109
46198,0.014729,0.449924,-0.037554,-0.090281,-0.035200,0.160674,-0.982239,0.000000,121.866188
46198,0.014729,0.449924,-0.037554,-0.090281,-0.035200,0.160674,-0.982239,0.000343,121.770058
46198,0.014729,0.449924,-0.037554,-0.090281,-0.035200,0.160674,-0.982239,0.000000,121.680107
46198,0.014729,0.449924,-0.037554,-0.090281,-0.035200,0.160674,-0.982239,0.000000,121.586380
46198,0.014729,0.449924,-0.037554,-0.090281,-0.035200,0.160674,-0.982239,0.000000,121.483383
46198,0.014729,0.449924,-0.037554,-0.090281,-0.035200,0.160674,-0.982239,0.000343,121.388283
46198,0.014729,0.449924,-0.037554,-0.090281,-0.035200,0.160674,-0.982239,0.000000,121.288033
46198,0.014729,0.449924,-0.037554,-0.090281,-0.035200,0.160674,-0.982239,0.000343,121.193619
46198,0.014729,0.449924,-0.037554,-0.090281,-0.035200,0.160674,-0.982239,0.000000,121.102982
46198,0.014729,0.449924,-0.037554,-0.090281,-0.035200,0.160674,-0.982239,0.000000,121.017838
46198,0.014729,0.449924,-0.037554,-0.090281,-0.035200,0.160674,-0.982239,0.000000,120.940590
46198,0.014729,0.449924,-0.037554,-0.090281,-0.035200,0.160674,-0.982239,0.000000,120.843773
46198,0.014729,0.449924,-0.037554,-0.090281,-0.035200,0.160674,-0.982239,0.000000,120.746956
46198,0.014729,0.449924,-0.037554,-0.090281,-0.035200,0.160674,-0.982239,0.000000,120.645332
46198,0.014729,0.449924,-0.037554,-0.090281,-0.035200,0.160674,-0.982239,0.000000,120.528603
46198,0.014729,0.449924,-0.037554,-0.090281,-0.035200,0.160674,-0.982239,0.000000,120.422859
46198,0.014729,0.449924,-0.037554,-0.090281,-0.035200,0.160674,-0.982239,0.000000,120.330505
46198,0.014729,0.449924,-0.037554,-0.090281,-0.035200,0.160674,-0.982239,0.000000,120.233345
46198,0.014729,0.449924,-0.037554,-0.090281,-0.035200,0.160674,-0.982239,0.000000,120.152321
46198,0.014729,0.449924,-0.037554,-0.090281,-0.035200,0.160674,-0.982239,0.000000,120.069237
46198,0.014729,0.449924,-0.037554,-0.090281,-0.035200,0.160674,-0.982239,0.000000,119.990616
46198,0.014729,0.449924,-0.037554,-0.090281,-0.035200,0.160674,-0.982239,0.000000,119.897232
46198,0.014729,0.449924,-0.037554,-0.090281,-0.035200,0.160674,-0.982239,0.000000,119.804535
46198,0.014729,0.449924,-0.037554,-0.090281,-0.035200,0.160674,-0.982239,0.000000,119.706001
46198,0.014729,0.449924,-0.037554,-0.090281,-0.035200,0.160674,-0.982239,0.000000,119.594078
46198,0.014729,0.449924,-0.037554,-0.090281,-0.035200,0.160674,-0.982239,0.000000,119.497261
46198,0.014729,0.449924,-0.037554,-0.090281,-0.035200,0.160674,-0.982239,0.000000,119.392891
46198,0.014729,0.449924,-0.037554,-0.090281,-0.035200,0.160674,-0.982239,0.000343,119.294701
46198,0.014729,0.449924,-0.037554,-0.090281,-0.035200,0.160674,-0.982239,0.000000,119.214706
46304,0.014540,0.449946,-0.037654,-0.088614,-0.035190,0.157347,-0.982930,0.000000,119.137802
46308,0.014534,0.449944,-0.037647,-0.088517,-0.035273,0.157210,-0.982958,0.000000,119.057465
46311,0.014533,0.449944,-0.037638,-0.088526,-0.035267,0.157100,-0.982975,0.000000,118.965797
46318,0.014523,0.449941,-0.037630,-0.088514,-0.035219,0.156949,-0.983001,0.000000,118.855247
46318,0.014523,0.449941,-0.037630,-0.088514,-0.035219,0.156949,-0.983001,0.000000,118.749504
46322,0.014510,0.449942,-0.037635,-0.088288,-0.035255,0.156719,-0.983057,0.000000,118.636894
46326,0.014499,0.449944,-0.037644,-0.088330,-0.035233,0.156660,-0.983064,0.000343,118.534241
46329,0.014490,0.449944,-0.037656,-0.088184,-0.035263,0.156456,-0.983108,0.000000,118.454590
46336,0.014465,0.449948,-0.037676,-0.088045,-0.035227,0.156137,-0.983173,0.000000,118.370132
46336,0.014465,0.449948,-0.037676,-0.088045,-0.035227,0.156137,-0.983173,0.000000,118.281898
46340,0.014458,0.449951,-0.037684,-0.087902,-0.035249,0.155993,-0.983208,0.000000,118.186798
46343,0.014448,0.449952,-0.037688,-0.087795,-0.035248,0.155756,-0.983255,0.000000,118.084145
46347,0.014441,0.449951,-0.037683,-0.087859,-0.035229,0.155684,-0.983261,0.000000,118.002090
46354,0.014420,0.449952,-0.037682,-0.087625,-0.035231,0.155267,-0.983348,0.000000,117.904243
46354,0.014420,0.449952,-0.037682,-0.087625,-0.035231,0.155267,-0.983348,0.000000,117.810860
46357,0.014412,0.449952,-0.037684,-0.087550,-0.035260,0.155093,-0.983381,0.000000,117.708893
46365,0.014391,0.449955,-0.037696,-0.087391,-0.035224,0.154760,-0.983449,0.000343,117.607613
46365,0.014391,0.449955,-0.037696,-0.087391,-0.035224,0.154760,-0.983449,0.000000,117.520409
46368,0.014385,0.449955,-0.037698,-0.087358,-0.035205,0.154644,-0.983471,0.000000,117.423935
46375,0.014366,0.449957,-0.037710,-0.087103,-0.035275,0.154287,-0.983547,0.000000,117.337074
46375,0.014366,0.449957,-0.037710,-0.087103,-0.035275,0.154287,-0.983547,0.000000,117.250900
46379,0.014354,0.449957,-0.037713,-0.087173,-0.035248,0.154219,-0.983552,0.000000,117.170219
46386,0.014337,0.449959,-0.037720,-0.086953,-0.035243,0.153854,-0.983629,0.000000,117.074089
46386,0.014337,0.449959,-0.037720,-0.086953,-0.035243,0.153854,-0.983629,0.000000,116.964912
46390,0.014328,0.449960,-0.037726,-0.086875,-0.035265,0.153701,-0.983659,0.000000,116.854362
46393,0.014324,0.449963,-0.037728,-0.086820,-0.035272,0.153603,-0.983679,0.000000,116.747932
46400,0.014304,0.449965,-0.037734,-0.086762,-0.035243,0.153299,-0.983733,0.000000,116.653519
46400,0.014304,0.449965,-0.037734,-0.086762,-0.035243,0.153299,-0.983733,0.000000,116.580391
46407,0.014287,0.449965,-0.037738,-0.086552,-0.035296,0.152936,-0.983806,0.000000,116.489410
46411,0.014279,0.449967,-0.037740,-0.086551,-0.035271,0.152810,-0.983826,0.000000,116.398087
46411,0.014279,0.449967,-0.037740,-0.086551,-0.035271,0.152810,-0.983826,0.000000,116.302986
46418,0.014258,0.449971,-0.037747,-0.086309,-0.035290,0.152461,-0.983901,0.000000,116.207886
46418,0.014258,0.449971,-0.037747,-0.086309,-0.035290,0.152461,-0.983901,0.000000,116.109695
46425,0.014241,0.449973,-0.037752,-0.086219,-0.035323,0.152231,-0.983943,0.000000,116.020088
46425,0.014241,0.449973,-0.037752,-0.086219,-0.035323,0.152231,-0.983943,0.000000,115.933571
46432,0.014221,0.449975,-0.037762,-0.086146,-0.035298,0.151914,-0.984000,0.000000,115.837784
46432,0.014221,0.449975,-0.037762,-0.086146,-0.035298,0.151914,-0.984000,0.000000,115.744400
46439,0.014207,0.449981,-0.037773,-0.085901,-0.035321,0.151549,-0.984076,0.000000,115.635910
46439,0.014207,0.449981,-0.037773,-0.085901,-0.035321,0.151549,-0.984076,0.000000,115.527077
46446,0.014191,0.449980,-0.037779,-0.085849,-0.035330,0.151303,-0.984119,0.000000,115.433693
46446,0.014191,0.449980,-0.037779,-0.085849,-0.035330,0.151303,-0.984119,0.000000,115.349579
46450,0.014184,0.449985,-0.037778,-0.085722,-0.035325,0.151117,-0.984158,-0.000343,115.274734
46457,0.014166,0.449986,-0.037781,-0.085620,-0.035363,0.150857,-0.984206,0.000000,115.186844
46457,0.014166,0.449986,-0.037781,-0.085620,-0.035363,0.150857,-0.984206,0.000000,115.082474
46464,0.014153,0.449987,-0.037784,-0.085565,-0.035365,0.150671,-0.984239,-0.000343,114.985657
46464,0.014153,0.449987,-0.037784,-0.085565,-0.035365,0.150671,-0.984239,0.000000,114.885406
46471,0.014136,0.449989,-0.037796,-0.085339,-0.035349,0.150340,-0.984310,0.000000,114.786530
46471,0.014136,0.449989,-0.037796,-0.085339,-0.035349,0.150340,-0.984310,0.000000,114.697609
46478,0.014123,0.449990,-0.037806,-0.085295,-0.035378,0.150139,-0.984343,0.000000,114.596672
46478,0.014123,0.449990,-0.037806,-0.085295,-0.035378,0.150139,-0.984343,0.000000,114.505692
46485,0.014109,0.449992,-0.037815,-0.085179,-0.035382,0.149872,-0.984394,-0.000343,114.409218
46485,0.014109,0.449992,-0.037815,-0.085179,-0.035382,0.149872,-0.984394,-0.000343,114.314117
46492,0.014096,0.449995,-0.037818,-0.084960,-0.035418,0.149637,-0.984447,-0.000343,114.223480
46492,0.014096,0.449995,-0.037818,-0.084960,-0.035418,0.149637,-0.984447,0.000000,114.131126
46499,0.014084,0.449994,-0.037819,-0.084949,-0.035378,0.149449,-0.984478,0.000000,114.040833
46499,0.014084,0.449994,-0.037819,-0.084949,-0.035378,0.149449,-0.984478,0.000000,113.949165
46503,0.014075,0.449996,-0.037822,-0.084834,-0.035396,0.149277,-0.984513,0.000000,113.853722
46510,0.014054,0.449994,-0.037830,-0.084823,-0.035350,0.149069,-0.984548,0.000000,113.753471
46510,0.014054,0.449994,-0.037830,-0.084823,-0.035350,0.149069,-0.984548,-0.000343,113.651505
46517,0.014044,0.449996,-0.037839,-0.084660,-0.035347,0.148851,-0.984595,0.000000,113.564301
46517,0.014044,0.449996,-0.037839,-0.084660,-0.035347,0.148851,-0.984595,-0.000343,113.476410
46524,0.014040,0.450000,-0.037845,-0.084492,-0.035376,0.148629,-0.984642,0.000000,113.387489
46524,0.014040,0.450000,-0.037845,-0.084492,-0.035376,0.148629,-0.984642,-0.000343,113.299255
46531,0.014027,0.449996,-0.037846,-0.084520,-0.035366,0.148477,-0.984662,-0.000343,113.198318
46531,0.014027,0.449996,-0.037846,-0.084520,-0.035366,0.148477,-0.984662,0.000000,113.097725
46535,0.014019,0.449998,-0.037847,-0.084317,-0.035408,0.148232,-0.984715,-0.000343,113.000221
46539,0.014010,0.449998,-0.037851,-0.084284,-0.035366,0.148103,-0.984739,0.000000,112.895164
46542,0.014003,0.450000,-0.037852,-0.084233,-0.035391,0.148051,-0.984750,0.000000,112.806244
46549,0.013975,0.449999,-0.037866,-0.084103,-0.035375,0.147696,-0.984815,-0.000343,112.706680
46549,0.013975,0.449999,-0.037866,-0.084103,-0.035375,0.147696,-0.984815,0.000000,112.610550
46556,0.013949,0.450001,-0.037878,-0.083870,-0.035421,0.147230,-0.984903,-0.000343,112.524376
46560,0.013939,0.450003,-0.037886,-0.083793,-0.035381,0.146999,-0.984946,0.000000,112.426872
46560,0.013939,0.450003,-0.037886,-0.083793,-0.035381,0.146999,-0.984946,0.000000,112.354088
46567,0.013928,0.450008,-0.037893,-0.083562,-0.035398,0.146617,-0.985022,0.000000,112.266884
46567,0.013928,0.450008,-0.037893,-0.083562,-0.035398,0.146617,-0.985022,-0.000343,112.175217
46571,0.013926,0.450003,-0.037887,-0.083623,-0.035382,0.146580,-0.985023,-0.000343,112.062607
46574,0.013920,0.450005,-0.037888,-0.083516,-0.035410,0.146424,-0.985054,-0.000343,111.953773
46574,0.013920,0.450005,-0.037888,-0.083516,-0.035410,0.146424,-0.985054,0.000000,111.852150
46574,0.013920,0.450005,-0.037888,-0.083516,-0.035410,0.146424,-0.985054,-0.000343,111.757393
46574,0.013920,0.450005,-0.037888,-0.083516,-0.035410,0.146424,-0.985054,-0.000343,111.669502
46574,0.013920,0.450005,-0.037888,-0.083516,-0.035410,0.146424,-0.985054,-0.000343,111.595001
46574,0.013920,0.450005,-0.037888,-0.083516,-0.035410,0.146424,-0.985054,-0.000343,111.515350
46574,0.013920,0.450005,-0.037888,-0.083516,-0.035410,0.146424,-0.985054,-0.000343,111.418533
46574,0.013920,0.450005,-0.037888,-0.083516,-0.035410,0.146424,-0.985054,0.000000,111.312447
46574,0.013920,0.450005,-0.037888,-0.083516,-0.035410,0.146424,-0.985054,-0.000343,111.207733
46574,0.013920,0.450005,-0.037888,-0.083516,-0.035410,0.146424,-0.985054,-0.000343,111.108170
46574,0.013920,0.450005,-0.037888,-0.083516,-0.035410,0.146424,-0.985054,-0.000343,111.014442
46574,0.013920,0.450005,-0.037888,-0.083516,-0.035410,0.146424,-0.985054,0.000000,110.931358
46574,0.013920,0.450005,-0.037888,-0.083516,-0.035410,0.146424,-0.985054,0.000000,110.837288
46574,0.013920,0.450005,-0.037888,-0.083516,-0.035410,0.146424,-0.985054,0.000000,110.732574
46574,0.013920,0.450005,-0.037888,-0.083516,-0.035410,0.146424,-0.985054,-0.000343,110.654640
46574,0.013920,0.450005,-0.037888,-0.083516,-0.035410,0.146424,-0.985054,0.000000,110.558510
46574,0.013920,0.450005,-0.037888,-0.083516,-0.035410,0.146424,-0.985054,-0.000343,110.461693
46574,0.013920,0.450005,-0.037888,-0.083516,-0.035410,0.146424,-0.985054,-0.000343,110.369682
46574,0.013920,0.450005,-0.037888,-0.083516,-0.035410,0.146424,-0.985054,-0.000343,110.276642
46574,0.013920,0.450005,-0.037888,-0.083516,-0.035410,0.146424,-0.985054,0.000000,110.180855
46574,0.013920,0.450005,-0.037888,-0.083516,-0.035410,0.146424,-0.985054,0.000000,110.080948
46574,0.013920,0.450005,-0.037888,-0.083516,-0.035410,0.146424,-0.985054,-0.000343,109.969368
46574,0.013920,0.450005,-0.037888,-0.083516,-0.035410,0.146424,-0.985054,-0.000343,109.879417
46574,0.013920,0.450005,-0.037888,-0.083516,-0.035410,0.146424,-0.985054,0.000000,109.789810
46574,0.013920,0.450005,-0.037888,-0.083516,-0.035410,0.146424,-0.985054,0.000000,109.715996
46574,0.013920,0.450005,-0.037888,-0.083516,-0.035410,0.146424,-0.985054,-0.000343,109.633942
46574,0.013920,0.450005,-0.037888,-0.083516,-0.035410,0.146424,-0.985054,-0.000343,109.538155
46574,0.013920,0.450005,-0.037888,-0.083516,-0.035410,0.146424,-0.985054,0.000000,109.439964
46574,0.013920,0.450005,-0.037888,-0.083516,-0.035410,0.146424,-0.985054,-0.000343,109.346924
46574,0.013920,0.450005,-0.037888,-0.083516,-0.035410,0.146424,-0.985054,-0.000343,109.230194
46681,0.013680,0.450018,-0.037991,-0.081673,-0.035311,0.142311,-0.985815,-0.000343,109.134064
46688,0.013667,0.450020,-0.037996,-0.081644,-0.035257,0.142126,-0.985846,-0.000343,109.033813
46688,0.013667,0.450020,-0.037996,-0.081644,-0.035257,0.142126,-0.985846,0.000000,108.927383
46695,0.013654,0.450022,-0.038001,-0.081439,-0.035284,0.141835,-0.985904,-0.000343,108.836403
46695,0.013654,0.450022,-0.038001,-0.081439,-0.035284,0.141835,-0.985904,-0.000343,108.757439
46702,0.013647,0.450019,-0.037998,-0.081376,-0.035283,0.141655,-0.985935,-0.000343,108.674355
46702,0.013647,0.450019,-0.037998,-0.081376,-0.035283,0.141655,-0.985935,0.000000,108.591957
46706,0.013643,0.450022,-0.037999,-0.081345,-0.035257,0.141601,-0.985946,0.000000,108.506126
46709,0.013584,0.450017,-0.038029,-0.081745,-0.034124,0.141658,-0.985944,-0.000343,108.405876
46716,0.013621,0.450021,-0.038008,-0.081127,-0.035276,0.141187,-0.986023,-0.000343,108.302193
46720,0.013614,0.450023,-0.038013,-0.081210,-0.035277,0.141190,-0.986015,-0.000343,108.195763
46720,0.013614,0.450023,-0.038013,-0.081210,-0.035277,0.141190,-0.986015,0.000000,108.091393
46727,0.013544,0.450022,-0.038057,-0.081405,-0.034114,0.141017,-0.986065,-0.000343,107.991486
46730,0.013591,0.450025,-0.038032,-0.080905,-0.035305,0.140659,-0.986115,0.000000,107.908058
46734,0.013522,0.450022,-0.038065,-0.081315,-0.034112,0.140743,-0.986111,0.000000,107.837677
46734,0.013522,0.450022,-0.038065,-0.081315,-0.034112,0.140743,-0.986111,-0.000343,107.750816
46741,0.013563,0.450025,-0.038036,-0.080814,-0.035226,0.140310,-0.986175,-0.000343,107.652283
46741,0.013563,0.450025,-0.038036,-0.080814,-0.035226,0.140310,-0.986175,0.000000,107.552376
46748,0.013499,0.450025,-0.038065,-0.081102,-0.034099,0.140254,-0.986199,-0.000343,107.450409
46751,0.013553,0.450030,-0.038038,-0.080599,-0.035283,0.139982,-0.986237,-0.000343,107.348099
46751,0.013553,0.450030,-0.038038,-0.080599,-0.035283,0.139982,-0.986237,-0.000343,107.244415
46759,0.013482,0.450027,-0.038076,-0.080949,-0.034069,0.139956,-0.986255,-0.000343,107.154465
46759,0.013482,0.450027,-0.038076,-0.080949,-0.034069,0.139956,-0.986255,-0.000343,107.066917
46766,0.013470,0.450026,-0.038081,-0.080855,-0.034107,0.139795,-0.986284,-0.000343,106.976280
46766,0.013470,0.450026,-0.038081,-0.080855,-0.034107,0.139795,-0.986284,-0.000343,106.890450
46770,0.013462,0.450029,-0.038086,-0.080801,-0.034103,0.139664,-0.986307,0.000000,106.796036
46773,0.013460,0.450027,-0.038088,-0.080821,-0.034089,0.139648,-0.986309,-0.000343,106.699219
46780,0.013451,0.450031,-0.038095,-0.080660,-0.034082,0.139414,-0.986355,0.000000,106.605835
46780,0.013451,0.450031,-0.038095,-0.080660,-0.034082,0.139414,-0.986355,-0.000343,106.510391
46787,0.013500,0.450034,-0.038070,-0.080203,-0.035268,0.139132,-0.986390,-0.000343,106.406708
46791,0.013438,0.450033,-0.038101,-0.080507,-0.034134,0.139145,-0.986404,0.000000,106.304741
46794,0.013434,0.450032,-0.038102,-0.080523,-0.034082,0.139085,-0.986413,-0.000343,106.213417
46794,0.013434,0.450032,-0.038102,-0.080523,-0.034082,0.139085,-0.986413,0.000000,106.125526
46798,0.013429,0.450032,-0.038104,-0.080441,-0.034130,0.138972,-0.986433,0.000000,106.042099
46801,0.013431,0.450034,-0.038104,-0.080413,-0.034140,0.138885,-0.986448,0.000000,105.962105
46808,0.013420,0.450034,-0.038105,-0.080403,-0.034083,0.138753,-0.986469,0.000000,105.870781
46808,0.013420,0.450034,-0.038105,-0.080403,-0.034083,0.138753,-0.986469,-0.000343,105.768471
46815,0.013399,0.450034,-0.038109,-0.080232,-0.034084,0.138475,-0.986522,0.000000,105.660667
46819,0.013390,0.450035,-0.038111,-0.080244,-0.034081,0.138391,-0.986533,0.000000,105.553207
46823,0.013379,0.450036,-0.038114,-0.080192,-0.034108,0.138282,-0.986552,-0.000343,105.451584
46826,0.013374,0.450037,-0.038120,-0.080145,-0.034067,0.138151,-0.986575,-0.000343,105.360947
46830,0.013425,0.450040,-0.038099,-0.079681,-0.035241,0.137900,-0.986607,-0.000343,105.280952
46833,0.013360,0.450039,-0.038134,-0.079969,-0.034121,0.137944,-0.986617,-0.000343,105.199242
46833,0.013360,0.450039,-0.038134,-0.079969,-0.034121,0.137944,-0.986617,0.000000,105.111694
46837,0.013418,0.450039,-0.038109,-0.079611,-0.035225,0.137766,-0.986632,-0.000343,105.027580
46840,0.013356,0.450039,-0.038140,-0.079980,-0.034068,0.137875,-0.986627,0.000000,104.922180
46844,0.013360,0.450042,-0.038140,-0.079872,-0.034129,0.137737,-0.986653,0.000000,104.828453
46848,0.013357,0.450040,-0.038136,-0.079967,-0.034074,0.137714,-0.986650,-0.000343,104.723396
46854,0.013349,0.450041,-0.038132,-0.079784,-0.034124,0.137461,-0.986699,0.000000,104.619370
46854,0.013349,0.450041,-0.038132,-0.079784,-0.034124,0.137461,-0.986699,0.000000,104.516373
46862,0.013329,0.450043,-0.038132,-0.079719,-0.034076,0.137302,-0.986728,0.000000,104.417152
46862,0.013329,0.450043,-0.038132,-0.079719,-0.034076,0.137302,-0.986728,-0.000343,104.336128
46869,0.013307,0.450043,-0.038149,-0.079706,-0.034054,0.137073,-0.986762,-0.000343,104.248238
46869,0.013307,0.450043,-0.038149,-0.079706,-0.034054,0.137073,-0.986762,0.000000,104.160004
46872,0.013300,0.450045,-0.038156,-0.079643,-0.034075,0.136969,-0.986780,0.000000,104.086533
46879,0.013285,0.450046,-0.038170,-0.079485,-0.034112,0.136658,-0.986835,-0.000343,103.993492
46879,0.013285,0.450046,-0.038170,-0.079485,-0.034112,0.136658,-0.986835,0.000000,103.890152
46886,0.013281,0.450048,-0.038170,-0.079366,-0.034093,0.136478,-0.986870,-0.000343,103.777885
46886,0.013281,0.450048,-0.038170,-0.079366,-0.034093,0.136478,-0.986870,0.000000,103.670769
46894,0.013272,0.450049,-0.038161,-0.079244,-0.034093,0.136147,-0.986926,0.000000,103.574295
46894,0.013272,0.450049,-0.038161,-0.079244,-0.034093,0.136147,-0.986926,-0.000343,103.482285
46901,0.013251,0.450044,-0.038169,-0.079322,-0.033886,0.135889,-0.986962,-0.000343,103.394051
46901,0.013251,0.450044,-0.038169,-0.079322,-0.033886,0.135889,-0.986962,-0.000343,103.306847
46907,0.013240,0.450051,-0.038175,-0.079084,-0.034062,0.135757,-0.986993,0.000000,103.224106
46907,0.013240,0.450051,-0.038175,-0.079084,-0.034062,0.135757,-0.986993,-0.000343,103.142395
46912,0.013216,0.450049,-0.038196,-0.079105,-0.033888,0.135536,-0.987028,-0.000343,103.042831
46915,0.013203,0.450047,-0.038203,-0.079003,-0.033880,0.135324,-0.987065,-0.000343,102.944984
46922,0.013183,0.450053,-0.038214,-0.078847,-0.033834,0.134993,-0.987125,0.000000,102.842331
46922,0.013183,0.450053,-0.038214,-0.078847,-0.033834,0.134993,-0.987125,0.000000,102.734528
46926,0.013170,0.450052,-0.038217,-0.078703,-0.033896,0.134766,-0.987165,0.000000,102.637711
46929,0.013164,0.450051,-0.038219,-0.078564,-0.033887,0.134487,-0.987215,0.000000,102.543297
46936,0.013146,0.450050,-0.038216,-0.078509,-0.033877,0.134145,-0.987266,-0.000343,102.451630
46936,0.013146,0.450050,-0.038216,-0.078509,-0.033877,0.134145,-0.987266,0.000000,102.365112
46943,0.013128,0.450049,-0.038218,-0.078261,-0.033879,0.133775,-0.987336,-0.000343,102.279968
46943,0.013128,0.450049,-0.038218,-0.078261,-0.033879,0.133775,-0.987336,0.000000,102.209587
46950,0.013115,0.450050,-0.038232,-0.078162,-0.033924,0.133539,-0.987374,0.000000,102.117920
46950,0.013115,0.450050,-0.038232,-0.078162,-0.033924,0.133539,-0.987374,-0.000343,102.016983
46957,0.013097,0.450051,-0.038249,-0.078076,-0.033890,0.133344,-0.987408,-0.000343,101.910896
46957,0.013097,0.450051,-0.038249,-0.078076,-0.033890,0.133344,-0.987408,-0.000343,101.795883
46965,0.013076,0.450052,-0.038263,-0.077993,-0.033857,0.133148,-0.987442,-0.000343,101.689796
46968,0.013075,0.450055,-0.038261,-0.077871,-0.033884,0.133016,-0.987469,-0.000343,101.595383
46972,0.013067,0.450054,-0.038261,-0.077821,-0.033905,0.132865,-0.987492,-0.000343,101.491699
46975,0.013062,0.450054,-0.038261,-0.077753,-0.033892,0.132742,-0.987515,0.000000,101.406898
46975,0.013062,0.450054,-0.038261,-0.077753,-0.033892,0.132742,-0.987515,0.000000,101.331367
46979,0.013059,0.450053,-0.038256,-0.077735,-0.033871,0.132698,-0.987523,0.000000,101.257896
46982,0.013050,0.450051,-0.038255,-0.077663,-0.033887,0.132572,-0.987545,0.000000,101.175842
46986,0.013048,0.450055,-0.038255,-0.077675,-0.033860,0.132520,-0.987552,-0.000343,101.072845
46990,0.013039,0.450053,-0.038261,-0.077578,-0.033865,0.132340,-0.987583,0.000000,100.983238
46996,0.013027,0.450057,-0.038271,-0.077440,-0.033884,0.132130,-0.987622,0.000000,100.882988
46996,0.013027,0.450057,-0.038271,-0.077440,-0.033884,0.132130,-0.987622,0.000000,100.769005
47004,0.013005,0.450057,-0.038289,-0.077331,-0.033840,0.131862,-0.987668,-0.000343,100.661201
47007,0.013002,0.450058,-0.038290,-0.077354,-0.033801,0.131786,-0.987677,0.000000,100.562325
47011,0.012994,0.450058,-0.038294,-0.077271,-0.033815,0.131667,-0.987699,0.000000,100.475464
47011,0.012994,0.450058,-0.038294,-0.077271,-0.033815,0.131667,-0.987699,-0.000343,100.392723
47018,0.012981,0.450056,-0.038291,-0.077201,-0.033808,0.131442,-0.987735,0.000000,100.312386
47021,0.012975,0.450057,-0.038290,-0.077224,-0.033769,0.131348,-0.987747,0.000000,100.223122
47021,0.012975,0.450057,-0.038290,-0.077224,-0.033769,0.131348,-0.987747,0.000000,100.127678
47021,0.012975,0.450057,-0.038290,-0.077224,-0.033769,0.131348,-0.987747,-0.000343,100.028114
47021,0.012975,0.450057,-0.038290,-0.077224,-0.033769,0.131348,-0.987747,0.000000,99.924774
47021,0.012975,0.450057,-0.038290,-0.077224,-0.033769,0.131348,-0.987747,0.000000,99.815254
47021,0.012975,0.450057,-0.038290,-0.077224,-0.033769,0.131348,-0.987747,0.000000,99.729424
47021,0.012975,0.450057,-0.038290,-0.077224,-0.033769,0.131348,-0.987747,-0.000343,99.636726
47021,0.012975,0.450057,-0.038290,-0.077224,-0.033769,0.131348,-0.987747,-0.000343,99.539909
47021,0.012975,0.450057,-0.038290,-0.077224,-0.033769,0.131348,-0.987747,0.000000,99.446182
47021,0.012975,0.450057,-0.038290,-0.077224,-0.033769,0.131348,-0.987747,0.000000,99.346962
47021,0.012975,0.450057,-0.038290,-0.077224,-0.033769,0.131348,-0.987747,0.000000,99.243279
47021,0.012975,0.450057,-0.038290,-0.077224,-0.033769,0.131348,-0.987747,-0.000343,99.144402
47021,0.012975,0.450057,-0.038290,-0.077224,-0.033769,0.131348,-0.987747,0.000000,99.048615
47021,0.012975,0.450057,-0.038290,-0.077224,-0.033769,0.131348,-0.987747,0.000000,98.933258
47021,0.012975,0.450057,-0.038290,-0.077224,-0.033769,0.131348,-0.987747,0.000000,98.827858
47021,0.012975,0.450057,-0.038290,-0.077224,-0.033769,0.131348,-0.987747,0.000000,98.719368
47021,0.012975,0.450057,-0.038290,-0.077224,-0.033769,0.131348,-0.987747,0.000000,98.612938
47021,0.012975,0.450057,-0.038290,-0.077224,-0.033769,0.131348,-0.987747,0.000000,98.518524
47021,0.012975,0.450057,-0.038290,-0.077224,-0.033769,0.131348,-0.987747,-0.000343,98.438530
47021,0.012975,0.450057,-0.038290,-0.077224,-0.033769,0.131348,-0.987747,0.000000,98.340683
47021,0.012975,0.450057,-0.038290,-0.077224,-0.033769,0.131348,-0.987747,0.000000,98.239746
47021,0.012975,0.450057,-0.038290,-0.077224,-0.033769,0.131348,-0.987747,0.000000,98.132286
47021,0.012975,0.450057,-0.038290,-0.077224,-0.033769,0.131348,-0.987747,0.000000,98.008347
47021,0.012975,0.450057,-0.038290,-0.077224,-0.033769,0.131348,-0.987747,0.000000,97.900887
47021,0.012975,0.450057,-0.038290,-0.077224,-0.033769,0.131348,-0.987747,0.000000,97.801666
47021,0.012975,0.450057,-0.038290,-0.077224,-0.033769,0.131348,-0.987747,0.000000,97.699699
47021,0.012975,0.450057,-0.038290,-0.077224,-0.033769,0.131348,-0.987747,0.000000,97.604256
47021,0.012975,0.450057,-0.038290,-0.077224,-0.033769,0.131348,-0.987747,0.000000,97.517395
47021,0.012975,0.450057,-0.038290,-0.077224,-0.033769,0.131348,-0.987747,0.000000,97.417145
47021,0.012975,0.450057,-0.038290,-0.077224,-0.033769,0.131348,-0.987747,0.000000,97.319298
47021,0.012975,0.450057,-0.038290,-0.077224,-0.033769,0.131348,-0.987747,0.000000,97.221451
47128,0.012799,0.450071,-0.038376,-0.075694,-0.033806,0.128316,-0.988263,0.000000,97.111588
47135,0.012787,0.450069,-0.038380,-0.075579,-0.033800,0.128104,-0.988299,0.000000,97.007217
47135,0.012787,0.450069,-0.038380,-0.075579,-0.033800,0.128104,-0.988299,0.000000,96.897697
47139,0.012784,0.450070,-0.038379,-0.075470,-0.033833,0.127906,-0.988332,0.000000,96.785088
47142,0.012782,0.450071,-0.038375,-0.075464,-0.033846,0.127858,-0.988338,0.000000,96.689301
47149,0.012771,0.450071,-0.038373,-0.075450,-0.033811,0.127691,-0.988362,0.000343,96.595573
47149,0.012771,0.450071,-0.038373,-0.075450,-0.033811,0.127691,-0.988362,0.000000,96.500816
47156,0.012758,0.450071,-0.038383,-0.075267,-0.033801,0.127429,-0.988410,0.000000,96.395073
47156,0.012758,0.450071,-0.038383,-0.075267,-0.033801,0.127429,-0.988410,0.000000,96.292763
47160,0.012747,0.450073,-0.038389,-0.075224,-0.033814,0.127336,-0.988425,0.000000,96.187363
47167,0.012724,0.450075,-0.038403,-0.075122,-0.033802,0.127090,-0.988465,0.000000,96.088829
47167,0.012724,0.450075,-0.038403,-0.075122,-0.033802,0.127090,-0.988465,0.000000,95.985489
47174,0.012714,0.450076,-0.038408,-0.074963,-0.033825,0.126795,-0.988514,0.000000,95.877342
47174,0.012714,0.450076,-0.038408,-0.074963,-0.033825,0.126795,-0.988514,0.000000,95.782928
47181,0.012706,0.450077,-0.038408,-0.074926,-0.033807,0.126665,-0.988534,0.000000,95.684395
47185,0.012698,0.450078,-0.038408,-0.074761,-0.033827,0.126468,-0.988571,0.000000,95.583115
47188,0.012691,0.450077,-0.038409,-0.074777,-0.033803,0.126321,-0.988589,0.000000,95.480118
47188,0.012691,0.450077,-0.038409,-0.074777,-0.033803,0.126321,-0.988589,0.000343,95.383301
47192,0.012685,0.450078,-0.038409,-0.074715,-0.033838,0.126174,-0.988612,0.000000,95.290604
47199,0.012666,0.450080,-0.038418,-0.074576,-0.033820,0.125807,-0.988669,0.000343,95.185547
47199,0.012666,0.450080,-0.038418,-0.074576,-0.033820,0.125807,-0.988669,0.000000,95.068130
47202,0.012657,0.450080,-0.038421,-0.074552,-0.033807,0.125704,-0.988685,0.000000,94.958611
47209,0.012633,0.450084,-0.038437,-0.074305,-0.033800,0.125360,-0.988747,0.000000,94.857330
47209,0.012633,0.450084,-0.038437,-0.074305,-0.033800,0.125360,-0.988747,0.000343,94.763260
47213,0.012621,0.450083,-0.038442,-0.074268,-0.033803,0.125239,-0.988765,0.000343,94.680519
47220,0.012605,0.450086,-0.038450,-0.074120,-0.033829,0.124966,-0.988810,0.000343,94.585762
47220,0.012605,0.450086,-0.038450,-0.074120,-0.033829,0.124966,-0.988810,0.000343,94.480362
47227,0.012590,0.450086,-0.038458,-0.073980,-0.033821,0.124679,-0.988857,0.000000,94.373245
47227,0.012590,0.450086,-0.038458,-0.073980,-0.033821,0.124679,-0.988857,0.000000,94.259605
47234,0.012582,0.450090,-0.038453,-0.073806,-0.033912,0.124502,-0.988889,0.000000,94.153862
47234,0.012582,0.450090,-0.038453,-0.073806,-0.033912,0.124502,-0.988889,0.000000,94.045029
47238,0.012571,0.450087,-0.038458,-0.073820,-0.033844,0.124264,-0.988920,0.000343,93.948555
47245,0.012569,0.450071,-0.038457,-0.073851,-0.034136,0.123798,-0.988967,0.000000,93.839378
47245,0.012569,0.450071,-0.038457,-0.073851,-0.034136,0.123798,-0.988967,0.000343,93.745308
47252,0.012538,0.450094,-0.038467,-0.073539,-0.033931,0.123832,-0.988993,0.000000,93.651924
47256,0.012545,0.450077,-0.038472,-0.073628,-0.034143,0.123391,-0.989034,0.000343,93.564034
47256,0.012545,0.450077,-0.038472,-0.073628,-0.034143,0.123391,-0.989034,0.000343,93.474426
47259,0.012539,0.450078,-0.038477,-0.073534,-0.034175,0.123333,-0.989047,0.000343,93.374519
47266,0.012529,0.450076,-0.038485,-0.073529,-0.034111,0.123062,-0.989083,0.000343,93.269119
47270,0.012525,0.450078,-0.038488,-0.073336,-0.034195,0.122884,-0.989117,0.000000,93.149300
47270,0.012525,0.450078,-0.038488,-0.073336,-0.034195,0.122884,-0.989117,0.000000,93.030510
47277,0.012514,0.450075,-0.038485,-0.073336,-0.034167,0.122697,-0.989141,0.000343,92.924423
47277,0.012514,0.450075,-0.038485,-0.073336,-0.034167,0.122697,-0.989141,0.000000,92.835503
47281,0.012504,0.450078,-0.038486,-0.073138,-0.034186,0.122483,-0.989181,0.000000,92.744522
47288,0.012492,0.450075,-0.038489,-0.073123,-0.034187,0.122322,-0.989203,0.000343,92.647705
47288,0.012492,0.450075,-0.038489,-0.073123,-0.034187,0.122322,-0.989203,0.000343,92.540932
47291,0.012486,0.450076,-0.038494,-0.073078,-0.034181,0.122261,-0.989214,0.000343,92.448235
47298,0.012467,0.450076,-0.038509,-0.073027,-0.034132,0.122067,-0.989243,0.000343,92.349014
47298,0.012467,0.450076,-0.038509,-0.073027,-0.034132,0.122067,-0.989243,0.000343,92.236748
47302,0.012458,0.450076,-0.038518,-0.072835,-0.034182,0.121865,-0.989280,0.000343,92.134781
47309,0.012451,0.450078,-0.038522,-0.072822,-0.034114,0.121737,-0.989299,0.000000,92.024231
47309,0.012451,0.450078,-0.038522,-0.072822,-0.034114,0.121737,-0.989299,0.000000,91.922264
47316,0.012442,0.450076,-0.038520,-0.072698,-0.034131,0.121432,-0.989345,0.000343,91.827164
47316,0.012442,0.450076,-0.038520,-0.072698,-0.034131,0.121432,-0.989345,0.000343,91.730003
47323,0.012429,0.450074,-0.038519,-0.072554,-0.034166,0.121143,-0.989390,0.000343,91.627350
47323,0.012429,0.450074,-0.038519,-0.072554,-0.034166,0.121143,-0.989390,0.000000,91.535683
47327,0.012419,0.450074,-0.038523,-0.072567,-0.034102,0.121030,-0.989405,0.000000,91.431656
47334,0.012393,0.450078,-0.038539,-0.072351,-0.034112,0.120715,-0.989459,0.000343,91.313896
47334,0.012393,0.450078,-0.038539,-0.072351,-0.034112,0.120715,-0.989459,0.000343,91.205750
47338,0.012373,0.450075,-0.038546,-0.072377,-0.034101,0.120536,-0.989480,0.000343,91.100349
47341,0.012359,0.450078,-0.038554,-0.072262,-0.034110,0.120335,-0.989512,0.000343,91.015549
47345,0.012342,0.450079,-0.038564,-0.072082,-0.034087,0.120040,-0.989562,0.000000,90.937614
47348,0.012333,0.450079,-0.038571,-0.072059,-0.034083,0.119887,-0.989582,0.000343,90.844574
47351,0.012323,0.450077,-0.038575,-0.071961,-0.034090,0.119685,-0.989614,0.000000,90.739174
47359,0.012308,0.450077,-0.038579,-0.071810,-0.034071,0.119338,-0.989667,0.000000,90.620041
47359,0.012308,0.450077,-0.038579,-0.071810,-0.034071,0.119338,-0.989667,0.000000,90.495758
47362,0.012304,0.450078,-0.038578,-0.071746,-0.034054,0.119195,-0.989690,0.000343,90.375252
47366,0.012298,0.450077,-0.038576,-0.071584,-0.034136,0.118955,-0.989727,0.000343,90.273285
47369,0.012288,0.450076,-0.038578,-0.071532,-0.034114,0.118774,-0.989754,0.000000,90.180244
47376,0.012264,0.450078,-0.038586,-0.071377,-0.034090,0.118512,-0.989797,0.000000,90.092010
47376,0.012264,0.450078,-0.038586,-0.071377,-0.034090,0.118512,-0.989797,0.000000,90.015106
47383,0.012240,0.450080,-0.038606,-0.071206,-0.034076,0.118248,-0.989841,0.000343,89.935112
47383,0.012240,0.450080,-0.038606,-0.071206,-0.034076,0.118248,-0.989841,0.000343,89.840355
47390,0.012217,0.450083,-0.038625,-0.070977,-0.034076,0.117953,-0.989893,0.000000,89.736671
47394,0.012211,0.450081,-0.038626,-0.071039,-0.034041,0.117818,-0.989906,0.000343,89.621658
47394,0.012211,0.450081,-0.038626,-0.071039,-0.034041,0.117818,-0.989906,0.000343,89.499092
47401,0.012199,0.450080,-0.038626,-0.070833,-0.034041,0.117462,-0.989963,0.000343,89.374809
47401,0.012199,0.450080,-0.038626,-0.070833,-0.034041,0.117462,-0.989963,0.000000,89.259109
47405,0.012191,0.450079,-0.038622,-0.070768,-0.034036,0.117286,-0.989989,0.000343,89.167442
47412,0.012180,0.450081,-0.038626,-0.070637,-0.034044,0.117014,-0.990030,0.000343,89.089165
47415,0.012174,0.450080,-0.038631,-0.070674,-0.034026,0.116965,-0.990034,0.000000,89.007797
47415,0.012174,0.450080,-0.038631,-0.070674,-0.034026,0.116965,-0.990034,0.000343,88.913040
47422,0.012157,0.450083,-0.038645,-0.070458,-0.034061,0.116637,-0.990087,0.000000,88.801117
47422,0.012157,0.450083,-0.038645,-0.070458,-0.034061,0.116637,-0.990087,0.000343,88.690910
47426,0.012142,0.450081,-0.038654,-0.070416,-0.034026,0.116542,-0.990102,0.000000,88.583450
47433,0.012122,0.450085,-0.038661,-0.070226,-0.034031,0.116228,-0.990152,0.000343,88.477364
47433,0.012122,0.450085,-0.038661,-0.070226,-0.034031,0.116228,-0.990152,0.000343,88.381233
47440,0.012109,0.450080,-0.038659,-0.070138,-0.034055,0.116011,-0.990183,0.000343,88.283386
47440,0.012109,0.450080,-0.038659,-0.070138,-0.034055,0.116011,-0.990183,0.000343,88.188286
47447,0.012100,0.450083,-0.038661,-0.070080,-0.034031,0.115773,-0.990216,0.000000,88.092155
47451,0.012097,0.450087,-0.038667,-0.069913,-0.034054,0.115625,-0.990244,0.000000,87.993622
47455,0.012087,0.450085,-0.038671,-0.069996,-0.033981,0.115536,-0.990251,0.000343,87.891655
47458,0.012082,0.450086,-0.038674,-0.069882,-0.034001,0.115397,-0.990275,0.000000,87.786255
47458,0.012082,0.450086,-0.038674,-0.069882,-0.034001,0.115397,-0.990275,0.000343,87.671585
47465,0.012063,0.450090,-0.038680,-0.069681,-0.034023,0.115034,-0.990330,0.000343,87.558632
47465,0.012063,0.450090,-0.038680,-0.069681,-0.034023,0.115034,-0.990330,0.000343,87.464218
47472,0.012041,0.450091,-0.038689,-0.069560,-0.034009,0.114751,-0.990372,0.000343,87.364655
47472,0.012041,0.450091,-0.038689,-0.069560,-0.034009,0.114751,-0.990372,0.000000,87.267494
47476,0.012031,0.450089,-0.038694,-0.069550,-0.033972,0.114658,-0.990385,0.000000,87.188873
47483,0.012014,0.450093,-0.038703,-0.069397,-0.033992,0.114380,-0.990427,0.000000,87.093773
47483,0.012014,0.450093,-0.038703,-0.069397,-0.033992,0.114380,-0.990427,0.000000,86.998329
47490,0.012001,0.450092,-0.038709,-0.069382,-0.033945,0.114164,-0.990455,0.000343,86.883659
47490,0.012001,0.450092,-0.038709,-0.069382,-0.033945,0.114164,-0.990455,0.000343,86.758003
47494,0.011996,0.450093,-0.038711,-0.069185,-0.033962,0.113920,-0.990496,0.000000,86.649513
47501,0.011981,0.450093,-0.038711,-0.069114,-0.033984,0.113716,-0.990524,0.000343,86.549263
47501,0.011981,0.450093,-0.038711,-0.069114,-0.033984,0.113716,-0.990524,0.000000,86.436653
47508,0.011962,0.450094,-0.038715,-0.068994,-0.033929,0.113335,-0.990578,0.000000,86.335030
47511,0.011952,0.450092,-0.038718,-0.068981,-0.033950,0.113245,-0.990588,0.000343,86.246109
47511,0.011952,0.450092,-0.038718,-0.068981,-0.033950,0.113245,-0.990588,0.000000,86.156502
47518,0.011933,0.450095,-0.038728,-0.068778,-0.033982,0.112894,-0.990641,0.000343,86.071358
47522,0.011924,0.450095,-0.038732,-0.068788,-0.033918,0.112775,-0.990656,0.000343,85.978661
47522,0.011924,0.450095,-0.038732,-0.068788,-0.033918,0.112775,-0.990656,0.000343,85.878754
47529,0.011905,0.450098,-0.038744,-0.068601,-0.033928,0.112494,-0.990701,0.000000,85.775757
47529,0.011905,0.450098,-0.038744,-0.068601,-0.033928,0.112494,-0.990701,0.000343,85.652161
47536,0.011894,0.450098,-0.038750,-0.068510,-0.033960,0.112260,-0.990732,0.000343,85.530281
47536,0.011894,0.450098,-0.038750,-0.068510,-0.033960,0.112260,-0.990732,0.000000,85.420074
47543,0.011882,0.450098,-0.038753,-0.068480,-0.033900,0.112000,-0.990766,0.000343,85.335274
47546,0.011874,0.450097,-0.038752,-0.068431,-0.033892,0.111855,-0.990786,0.000000,85.243950
47546,0.011874,0.450097,-0.038752,-0.068431,-0.033892,0.111855,-0.990786,0.000343,85.154686
47551,0.011869,0.450098,-0.038754,-0.068301,-0.033919,0.111648,-0.990817,0.000343,85.057182
47554,0.011860,0.450098,-0.038754,-0.068225,-0.033902,0.111523,-0.990837,0.000343,84.957962
47561,0.011837,0.450099,-0.038764,-0.068022,-0.033913,0.111198,-0.990888,0.000000,84.852562
47561,0.011837,0.450099,-0.038764,-0.068022,-0.033913,0.111198,-0.990888,0.000343,84.737892
47565,0.011884,0.450104,-0.038738,-0.067546,-0.035127,0.110842,-0.990918,0.000000,84.632149
47572,0.011866,0.450101,-0.038753,-0.067396,-0.035083,0.110538,-0.990963,0.000000,84.533272
47575,0.011859,0.450101,-0.038759,-0.067364,-0.035131,0.110385,-0.990981,0.000343,84.426498
47579,0.011851,0.450103,-0.038765,-0.067186,-0.035102,0.110202,-0.991014,0.000343,84.325562
47579,0.011851,0.450103,-0.038765,-0.067186,-0.035102,0.110202,-0.991014,0.000000,84.227028
47586,0.011839,0.450100,-0.038764,-0.067144,-0.035112,0.109908,-0.991050,0.000343,84.138451
47586,0.011839,0.450100,-0.038764,-0.067144,-0.035112,0.109908,-0.991050,0.000343,84.048500
47590,0.011834,0.450100,-0.038766,-0.067031,-0.035119,0.109739,-0.991076,0.000000,83.944130
47596,0.011823,0.450100,-0.038771,-0.066934,-0.035102,0.109453,-0.991114,0.000000,83.826714
47596,0.011823,0.450100,-0.038771,-0.066934,-0.035102,0.109453,-0.991114,0.000343,83.719597
47604,0.011795,0.450101,-0.038781,-0.066755,-0.035099,0.109125,-0.991163,0.000000,83.617973
47604,0.011795,0.450101,-0.038781,-0.066755,-0.035099,0.109125,-0.991163,0.000000,83.517723
47611,0.011762,0.450097,-0.038795,-0.066640,-0.035013,0.108765,-0.991213,0.000343,83.429832
47614,0.011752,0.450099,-0.038799,-0.066554,-0.035008,0.108634,-0.991233,0.000343,83.335419
47614,0.011752,0.450099,-0.038799,-0.066554,-0.035008,0.108634,-0.991233,0.000343,83.234138
47621,0.011735,0.450098,-0.038811,-0.066456,-0.034998,0.108374,-0.991269,0.000000,83.128395
47621,0.011735,0.450098,-0.038811,-0.066456,-0.034998,0.108374,-0.991269,0.000000,83.014069
47625,0.011728,0.450097,-0.038818,-0.066402,-0.034949,0.108215,-0.991292,0.000000,82.912102
47629,0.011724,0.450097,-0.038822,-0.066253,-0.035021,0.108021,-0.991320,0.000343,82.820091
47635,0.011708,0.450098,-0.038835,-0.066016,-0.034978,0.107549,-0.991389,0.000000,82.716751
47635,0.011708,0.450098,-0.038835,-0.066016,-0.034978,0.107549,-0.991389,0.000343,82.615471
47643,0.011674,0.450098,-0.038846,-0.065768,-0.034951,0.106878,-0.991479,0.000000,82.517281
47643,0.011674,0.450098,-0.038846,-0.065768,-0.034951,0.106878,-0.991479,0.000000,82.421150
47650,0.011634,0.450094,-0.038857,-0.065546,-0.034942,0.106255,-0.991561,0.000343,82.320213
47653,0.011627,0.450095,-0.038866,-0.065422,-0.034959,0.106036,-0.991592,0.000000,82.217560
47653,0.011627,0.450095,-0.038866,-0.065422,-0.034959,0.106036,-0.991592,0.000343,82.110443
47660,0.011560,0.450086,-0.038908,-0.065466,-0.034399,0.105639,-0.991651,0.000343,82.008820
47664,0.011543,0.450088,-0.038914,-0.065267,-0.034469,0.105298,-0.991698,0.000343,81.906853
47664,0.011543,0.450088,-0.038914,-0.065267,-0.034469,0.105298,-0.991698,0.000000,81.796646
47671,0.011570,0.450097,-0.038905,-0.064878,-0.034975,0.104894,-0.991748,0.000000,81.694679
47675,0.011532,0.450094,-0.038919,-0.064900,-0.034192,0.104773,-0.991787,0.000343,81.605072
47675,0.011532,0.450094,-0.038919,-0.064900,-0.034192,0.104773,-0.991787,0.000343,81.518211
47682,0.011558,0.450087,-0.038880,-0.064617,-0.034990,0.104251,-0.991833,0.000000,81.415215
47682,0.011558,0.450087,-0.038880,-0.064617,-0.034990,0.104251,-0.991833,0.000000,81.310844
47689,0.011521,0.450086,-0.038903,-0.064462,-0.034986,0.103835,-0.991887,0.000000,81.206474
47689,0.011521,0.450086,-0.038903,-0.064462,-0.034986,0.103835,-0.991887,0.000000,81.092148
47696,0.011467,0.450095,-0.038991,-0.064255,-0.034237,0.103695,-0.991941,0.000343,80.983315
47696,0.011467,0.450095,-0.038991,-0.064255,-0.034237,0.103695,-0.991941,0.000000,80.883408
47700,0.011457,0.450094,-0.039017,-0.064290,-0.034190,0.103561,-0.991954,0.000000,80.790710
47706,0.011469,0.450100,-0.039009,-0.063834,-0.034971,0.102997,-0.992015,0.000000,80.698357
47710,0.011416,0.450098,-0.039012,-0.063957,-0.034239,0.102984,-0.992034,0.000000,80.601883
47714,0.011463,0.450095,-0.038974,-0.063782,-0.034935,0.102649,-0.992056,0.000343,80.498886
47714,0.011463,0.450095,-0.038974,-0.063782,-0.034935,0.102649,-0.992056,0.000343,80.389023
47717,0.011423,0.450091,-0.038973,-0.063905,-0.034208,0.102701,-0.992068,0.000343,80.298729
47724,0.011462,0.450088,-0.038923,-0.063721,-0.034917,0.102227,-0.992104,0.000343,80.190582
47728,0.011450,0.450088,-0.038926,-0.063573,-0.034952,0.102019,-0.992133,0.000000,80.085869
47728,0.011450,0.450088,-0.038926,-0.063573,-0.034952,0.102019,-0.992133,0.000343,79.989395
47735,0.011430,0.450090,-0.038980,-0.063474,-0.034916,0.101811,-0.992163,0.000343,79.885368
47739,0.011377,0.450098,-0.039035,-0.063488,-0.034172,0.101798,-0.992189,0.000000,79.784431
47739,0.011377,0.450098,-0.039035,-0.063488,-0.034172,0.101798,-0.992189,0.000343,79.699287
47742,0.011365,0.450103,-0.039051,-0.063391,-0.034210,0.101717,-0.992202,0.000000,79.599724
47749,0.011390,0.450100,-0.039042,-0.063086,-0.034976,0.101209,-0.992247,0.000343,79.493294
47749,0.011390,0.450100,-0.039042,-0.063086,-0.034976,0.101209,-0.992247,0.000000,79.389267
47756,0.011348,0.450092,-0.039034,-0.063311,-0.034130,0.101217,-0.992261,0.000000,79.272194
47756,0.011348,0.450092,-0.039034,-0.063311,-0.034130,0.101217,-0.992261,0.000343,79.149971
47760,0.011390,0.450096,-0.038995,-0.062977,-0.034936,0.100742,-0.992303,0.000000,79.068260
47767,0.011361,0.450090,-0.038971,-0.062942,-0.034888,0.100494,-0.992332,0.000000,78.962517
47767,0.011361,0.450090,-0.038971,-0.062942,-0.034888,0.100494,-0.992332,0.000000,78.867416
47771,0.011349,0.450093,-0.038983,-0.062756,-0.034889,0.100227,-0.992370,0.000000,78.776093
47778,0.011302,0.450099,-0.039046,-0.062850,-0.034156,0.100279,-0.992385,0.000000,78.685455
47781,0.011295,0.450102,-0.039062,-0.062755,-0.034150,0.100184,-0.992401,0.000000,78.588982
47785,0.011323,0.450100,-0.039057,-0.062528,-0.034928,0.099763,-0.992430,0.000000,78.485298
47785,0.011323,0.450100,-0.039057,-0.062528,-0.034928,0.099763,-0.992430,0.000000,78.386421
47792,0.011289,0.450099,-0.039055,-0.062375,-0.034923,0.099423,-0.992474,0.000343,78.270721
47795,0.011286,0.450098,-0.039048,-0.062378,-0.034894,0.099357,-0.992482,0.000000,78.159828
47795,0.011286,0.450098,-0.039048,-0.062378,-0.034894,0.099357,-0.992482,0.000000,78.059578
47799,0.011281,0.450097,-0.039043,-0.062361,-0.034865,0.099212,-0.992498,0.000000,77.960358
47806,0.011273,0.450098,-0.039040,-0.062181,-0.034890,0.098837,-0.992546,0.000000,77.865601
47806,0.011273,0.450098,-0.039040,-0.062181,-0.034890,0.098837,-0.992546,0.000000,77.770500
47813,0.011252,0.450101,-0.039054,-0.061959,-0.034923,0.098538,-0.992588,0.000000,77.668877
47813,0.011252,0.450101,-0.039054,-0.061959,-0.034923,0.098538,-0.992588,0.000000,77.563477
47820,0.011233,0.450098,-0.039071,-0.061886,-0.034901,0.098278,-0.992620,0.000000,77.462883
47824,0.011219,0.450099,-0.039075,-0.061739,-0.034898,0.098077,-0.992649,0.000000,77.360916
47827,0.011209,0.450098,-0.039074,-0.061706,-0.034893,0.097972,-0.992661,0.000000,77.263756
47827,0.011209,0.450098,-0.039074,-0.061706,-0.034893,0.097972,-0.992661,0.000000,77.160759
47831,0.011203,0.450095,-0.039070,-0.061762,-0.034881,0.097845,-0.992671,0.000000,77.063942
47838,0.011193,0.450093,-0.039076,-0.061630,-0.034916,0.097596,-0.992702,0.000000,76.970558
47838,0.011193,0.450093,-0.039076,-0.061630,-0.034916,0.097596,-0.992702,0.000000,76.865845
47845,0.011177,0.450097,-0.039087,-0.061400,-0.034926,0.097371,-0.992738,0.000000,76.757698
47845,0.011177,0.450097,-0.039087,-0.061400,-0.034926,0.097371,-0.992738,0.000000,76.654358
47852,0.011159,0.450095,-0.039085,-0.061403,-0.034880,0.097174,-0.992759,0.000000,76.559601
47856,0.011155,0.450094,-0.039083,-0.061321,-0.034899,0.097025,-0.992778,0.000343,76.450424
47856,0.011155,0.450094,-0.039083,-0.061321,-0.034899,0.097025,-0.992778,0.000000,76.356354
47859,0.011154,0.450096,-0.039082,-0.061272,-0.034884,0.096921,-0.992792,0.000000,76.249580
47863,0.011150,0.450093,-0.039078,-0.061319,-0.034864,0.096850,-0.992796,0.000000,76.141090
47866,0.011145,0.450095,-0.039078,-0.061191,-0.034920,0.096695,-0.992817,0.000000,76.045647
47873,0.011123,0.450090,-0.039084,-0.061171,-0.034901,0.096529,-0.992835,0.000000,75.960503
47877,0.011116,0.450092,-0.039099,-0.061035,-0.034908,0.096431,-0.992853,0.000000,75.859909
47877,0.011116,0.450092,-0.039099,-0.061035,-0.034908,0.096431,-0.992853,0.000000,75.758286
47884,0.011113,0.450096,-0.039131,-0.060960,-0.034904,0.096263,-0.992874,0.000000,75.644646
47884,0.011113,0.450096,-0.039131,-0.060960,-0.034904,0.096263,-0.992874,0.000000,75.529976
47888,0.011106,0.450099,-0.039147,-0.060741,-0.034913,0.096030,-0.992910,0.000000,75.434189
47895,0.011082,0.450096,-0.039152,-0.060710,-0.034918,0.095884,-0.992926,0.000000,75.332222
47898,0.011072,0.450096,-0.039144,-0.060629,-0.034928,0.095786,-0.992940,0.000000,75.232315
47902,0.011063,0.450091,-0.039128,-0.060656,-0.034885,0.095620,-0.992956,0.000000,75.139961
47902,0.011063,0.450091,-0.039128,-0.060656,-0.034885,0.095620,-0.992956,0.000000,75.050011
47909,0.011055,0.450087,-0.039095,-0.060537,-0.034960,0.095358,-0.992985,0.000000,74.948730
47912,0.011048,0.450086,-0.039088,-0.060553,-0.034895,0.095258,-0.992996,0.000000,74.844704
47912,0.011048,0.450086,-0.039088,-0.060553,-0.034895,0.095258,-0.992996,0.000000,74.744453
47919,0.011035,0.450087,-0.039102,-0.060407,-0.034931,0.095048,-0.993024,0.000000,74.643517
47919,0.011035,0.450087,-0.039102,-0.060407,-0.034931,0.095048,-0.993024,0.000000,74.537086
47919,0.011035,0.450087,-0.039102,-0.060407,-0.034931,0.095048,-0.993024,0.000000,74.425850
47919,0.011035,0.450087,-0.039102,-0.060407,-0.034931,0.095048,-0.993024,0.000000,74.323540
47919,0.011035,0.450087,-0.039102,-0.060407,-0.034931,0.095048,-0.993024,0.000000,74.228783
47919,0.011035,0.450087,-0.039102,-0.060407,-0.034931,0.095048,-0.993024,0.000000,74.132996
47919,0.011035,0.450087,-0.039102,-0.060407,-0.034931,0.095048,-0.993024,0.000000,74.043732
47919,0.011035,0.450087,-0.039102,-0.060407,-0.034931,0.095048,-0.993024,0.000000,73.941765
47919,0.011035,0.450087,-0.039102,-0.060407,-0.034931,0.095048,-0.993024,-0.000343,73.831558
47919,0.011035,0.450087,-0.039102,-0.060407,-0.034931,0.095048,-0.993024,0.000000,73.730278
47919,0.011035,0.450087,-0.039102,-0.060407,-0.034931,0.095048,-0.993024,0.000000,73.620758
47919,0.011035,0.450087,-0.039102,-0.060407,-0.034931,0.095048,-0.993024,0.000000,73.511925
47919,0.011035,0.450087,-0.039102,-0.060407,-0.034931,0.095048,-0.993024,0.000000,73.416138
47919,0.011035,0.450087,-0.039102,-0.060407,-0.034931,0.095048,-0.993024,0.000000,73.317604
47919,0.011035,0.450087,-0.039102,-0.060407,-0.034931,0.095048,-0.993024,0.000000,73.224564
47919,0.011035,0.450087,-0.039102,-0.060407,-0.034931,0.095048,-0.993024,0.000000,73.128777
47919,0.011035,0.450087,-0.039102,-0.060407,-0.034931,0.095048,-0.993024,0.000000,73.026466
47919,0.011035,0.450087,-0.039102,-0.060407,-0.034931,0.095048,-0.993024,0.000000,72.925873
47919,0.011035,0.450087,-0.039102,-0.060407,-0.034931,0.095048,-0.993024,0.000000,72.834206
47919,0.011035,0.450087,-0.039102,-0.060407,-0.034931,0.095048,-0.993024,0.000000,72.730179
47919,0.011035,0.450087,-0.039102,-0.060407,-0.034931,0.095048,-0.993024,0.000000,72.621002
47919,0.011035,0.450087,-0.039102,-0.060407,-0.034931,0.095048,-0.993024,0.000000,72.510109
47919,0.011035,0.450087,-0.039102,-0.060407,-0.034931,0.095048,-0.993024,0.000000,72.398872
47919,0.011035,0.450087,-0.039102,-0.060407,-0.034931,0.095048,-0.993024,0.000000,72.303772
47919,0.011035,0.450087,-0.039102,-0.060407,-0.034931,0.095048,-0.993024,0.000000,72.222748
47919,0.011035,0.450087,-0.039102,-0.060407,-0.034931,0.095048,-0.993024,0.000000,72.130394
47919,0.011035,0.450087,-0.039102,-0.060407,-0.034931,0.095048,-0.993024,-0.000343,72.028770
47919,0.011035,0.450087,-0.039102,-0.060407,-0.034931,0.095048,-0.993024,-0.000343,71.915474
47919,0.011035,0.450087,-0.039102,-0.060407,-0.034931,0.095048,-0.993024,0.000000,71.804581
47919,0.011035,0.450087,-0.039102,-0.060407,-0.034931,0.095048,-0.993024,0.000000,71.700554
47919,0.011035,0.450087,-0.039102,-0.060407,-0.034931,0.095048,-0.993024,0.000000,71.602364
48030,0.010693,0.450062,-0.039250,-0.058307,-0.034311,0.090078,-0.993634,0.000000,71.502457
48033,0.010687,0.450062,-0.039251,-0.058261,-0.034291,0.089967,-0.993648,0.000000,71.410103
48033,0.010687,0.450062,-0.039251,-0.058261,-0.034291,0.089967,-0.993648,-0.000343,71.312256
48040,0.010670,0.450067,-0.039270,-0.058033,-0.034339,0.089583,-0.993694,0.000000,71.212349
48040,0.010670,0.450067,-0.039270,-0.058033,-0.034339,0.089583,-0.993694,0.000000,71.113472
48044,0.010663,0.450067,-0.039285,-0.057979,-0.034321,0.089444,-0.993710,0.000000,71.014595
48048,0.010645,0.450070,-0.039306,-0.057762,-0.034281,0.089067,-0.993758,0.000000,70.915031
48054,0.010623,0.450072,-0.039319,-0.057680,-0.034278,0.088793,-0.993788,-0.000343,70.805855
48058,0.010606,0.450072,-0.039323,-0.057479,-0.034349,0.088511,-0.993822,-0.000343,70.703545
48061,0.010597,0.450070,-0.039321,-0.057427,-0.034306,0.088334,-0.993842,0.000000,70.603294
48061,0.010597,0.450070,-0.039321,-0.057427,-0.034306,0.088334,-0.993842,-0.000343,70.497551
48069,0.010570,0.450067,-0.039312,-0.057287,-0.034259,0.087946,-0.993886,0.000000,70.392494
48069,0.010570,0.450067,-0.039312,-0.057287,-0.034259,0.087946,-0.993886,-0.000343,70.305634
48072,0.010564,0.450067,-0.039309,-0.057267,-0.034263,0.087925,-0.993889,-0.000343,70.202293
48076,0.010556,0.450069,-0.039312,-0.057249,-0.034261,0.087826,-0.993899,0.000000,70.091400
48079,0.010550,0.450070,-0.039318,-0.057186,-0.034276,0.087731,-0.993911,-0.000343,69.998016
48086,0.010530,0.450068,-0.039332,-0.057135,-0.034217,0.087560,-0.993931,0.000000,69.887810
48090,0.010524,0.450072,-0.039338,-0.056933,-0.034310,0.087355,-0.993957,0.000000,69.794083
48090,0.010524,0.450072,-0.039338,-0.056933,-0.034310,0.087355,-0.993957,-0.000343,69.693489
48097,0.010494,0.450076,-0.039347,-0.057026,-0.033845,0.087344,-0.993969,0.000000,69.591179
48097,0.010494,0.450076,-0.039347,-0.057026,-0.033845,0.087344,-0.993969,0.000000,69.495392
48101,0.010506,0.450067,-0.039328,-0.056861,-0.034288,0.087045,-0.993989,-0.000343,69.398232
48108,0.010490,0.450072,-0.039342,-0.056930,-0.033867,0.087048,-0.993999,-0.000343,69.293518
48108,0.010490,0.450072,-0.039342,-0.056930,-0.033867,0.087048,-0.993999,-0.000343,69.196358
48115,0.010481,0.450074,-0.039360,-0.056813,-0.033856,0.086887,-0.994020,0.000000,69.095078
48115,0.010481,0.450074,-0.039360,-0.056813,-0.033856,0.086887,-0.994020,0.000000,68.989677
48122,0.010503,0.450080,-0.039355,-0.056299,-0.034854,0.086352,-0.994062,0.000000,68.885651
48125,0.010491,0.450082,-0.039367,-0.056201,-0.034874,0.086222,-0.994078,-0.000343,68.788490
48129,0.010480,0.450083,-0.039377,-0.056289,-0.034846,0.086215,-0.994075,0.000000,68.688240
48129,0.010480,0.450083,-0.039377,-0.056289,-0.034846,0.086215,-0.994075,-0.000343,68.594513
48133,0.010472,0.450084,-0.039381,-0.056164,-0.034855,0.086098,-0.994091,0.000000,68.496666
48140,0.010455,0.450080,-0.039358,-0.056118,-0.034848,0.085976,-0.994105,-0.000343,68.402252
48143,0.010451,0.450079,-0.039344,-0.056054,-0.034866,0.085813,-0.994122,-0.000343,68.296165
48143,0.010451,0.450079,-0.039344,-0.056054,-0.034866,0.085813,-0.994122,0.000000,68.178406
48150,0.010405,0.450072,-0.039349,-0.056460,-0.033793,0.085973,-0.994122,-0.000343,68.070946
48150,0.010405,0.450072,-0.039349,-0.056460,-0.033793,0.085973,-0.994122,-0.000343,67.969322
48157,0.010454,0.450077,-0.039327,-0.055912,-0.034831,0.085427,-0.994164,-0.000343,67.863922
48161,0.010385,0.450074,-0.039369,-0.056305,-0.033838,0.085646,-0.994158,-0.000343,67.764359
48161,0.010385,0.450074,-0.039369,-0.056305,-0.033838,0.085646,-0.994158,0.000000,67.673721
48165,0.010425,0.450080,-0.039367,-0.055691,-0.034848,0.085125,-0.994202,-0.000343,67.582741
48172,0.010405,0.450082,-0.039408,-0.055564,-0.034888,0.085014,-0.994217,-0.000343,67.494164
48172,0.010405,0.450082,-0.039408,-0.055564,-0.034888,0.085014,-0.994217,0.000000,67.397346
48179,0.010375,0.450080,-0.039418,-0.055541,-0.034871,0.084740,-0.994243,-0.000343,67.302246
48179,0.010375,0.450080,-0.039418,-0.055541,-0.034871,0.084740,-0.994243,0.000000,67.203369
48186,0.010353,0.450079,-0.039402,-0.055345,-0.034888,0.084470,-0.994276,-0.000343,67.083893
48186,0.010353,0.450079,-0.039402,-0.055345,-0.034888,0.084470,-0.994276,0.000000,66.955147
48190,0.010353,0.450077,-0.039389,-0.055402,-0.034859,0.084427,-0.994277,-0.000343,66.849747
48193,0.010353,0.450077,-0.039384,-0.055354,-0.034859,0.084376,-0.994284,0.000000,66.748123
48200,0.010343,0.450078,-0.039385,-0.055228,-0.034871,0.084098,-0.994315,0.000000,66.659203
48200,0.010343,0.450078,-0.039385,-0.055228,-0.034871,0.084098,-0.994315,0.000000,66.581268
48207,0.010329,0.450076,-0.039405,-0.055066,-0.034870,0.083747,-0.994353,-0.000343,66.488228
48207,0.010329,0.450076,-0.039405,-0.055066,-0.034870,0.083747,-0.994353,-0.000343,66.372528
48214,0.010306,0.450072,-0.039434,-0.055063,-0.034698,0.083474,-0.994382,0.000000,66.274681
48218,0.010297,0.450077,-0.039441,-0.054887,-0.034702,0.083243,-0.994411,-0.000343,66.159668
48221,0.010284,0.450074,-0.039444,-0.054847,-0.034694,0.083140,-0.994422,0.000000,66.053238
48221,0.010284,0.450074,-0.039444,-0.054847,-0.034694,0.083140,-0.994422,0.000000,65.958481
48225,0.010275,0.450072,-0.039443,-0.054821,-0.034713,0.082937,-0.994440,-0.000343,65.865097
48232,0.010269,0.450071,-0.039435,-0.054713,-0.034695,0.082635,-0.994472,0.000000,65.777893
48232,0.010269,0.450071,-0.039435,-0.054713,-0.034695,0.082635,-0.994472,-0.000343,65.693779
48239,0.010254,0.450070,-0.039428,-0.054488,-0.034713,0.082373,-0.994505,0.000000,65.608978
48243,0.010236,0.450066,-0.039423,-0.054556,-0.034675,0.082306,-0.994508,-0.000343,65.519371
48246,0.010225,0.450065,-0.039428,-0.054457,-0.034679,0.082142,-0.994527,0.000000,65.428734
48246,0.010225,0.450065,-0.039428,-0.054457,-0.034679,0.082142,-0.994527,-0.000343,65.334320
48250,0.010211,0.450065,-0.039441,-0.054331,-0.034679,0.081901,-0.994554,-0.000343,65.238876
48253,0.010205,0.450068,-0.039461,-0.054224,-0.034668,0.081761,-0.994572,-0.000343,65.144463
48257,0.010201,0.450072,-0.039480,-0.054216,-0.034629,0.081666,-0.994581,-0.000343,65.047646
48264,0.010174,0.450069,-0.039501,-0.054086,-0.034604,0.081372,-0.994613,0.000000,64.965935
48264,0.010174,0.450069,-0.039501,-0.054086,-0.034604,0.081372,-0.994613,0.000000,64.871864
48271,0.010155,0.450069,-0.039491,-0.053890,-0.034666,0.081056,-0.994648,0.000000,64.783287
48275,0.010156,0.450067,-0.039478,-0.053958,-0.034634,0.080957,-0.994653,0.000000,64.711189
48275,0.010156,0.450067,-0.039478,-0.053958,-0.034634,0.080957,-0.994653,-0.000343,64.629478
48278,0.010158,0.450065,-0.039469,-0.053914,-0.034634,0.080848,-0.994665,-0.000343,64.540215
48285,0.010147,0.450062,-0.039458,-0.053800,-0.034678,0.080578,-0.994691,-0.000343,64.431381
48285,0.010147,0.450062,-0.039458,-0.053800,-0.034678,0.080578,-0.994691,-0.000343,64.337997
48292,0.010117,0.450066,-0.039475,-0.053624,-0.034672,0.080289,-0.994724,-0.000343,64.233284
48292,0.010117,0.450066,-0.039475,-0.053624,-0.034672,0.080289,-0.994724,0.000000,64.135780
48296,0.010096,0.450062,-0.039500,-0.053619,-0.034608,0.080121,-0.994740,0.000000,64.038963
48303,0.010082,0.450067,-0.039541,-0.053385,-0.034650,0.079762,-0.994780,0.000000,63.947296
48306,0.010074,0.450067,-0.039550,-0.053338,-0.034598,0.079578,-0.994799,-0.000343,63.869362
48306,0.010074,0.450067,-0.039550,-0.053338,-0.034598,0.079578,-0.994799,0.000000,63.787994
48314,0.010061,0.450063,-0.039546,-0.053142,-0.034619,0.079159,-0.994842,0.000000,63.714180
48314,0.010061,0.450063,-0.039546,-0.053142,-0.034619,0.079159,-0.994842,-0.000343,63.630066
48321,0.010080,0.450063,-0.039521,-0.053086,-0.034617,0.078973,-0.994860,-0.000343,63.542519
48321,0.010080,0.450063,-0.039521,-0.053086,-0.034617,0.078973,-0.994860,0.000000,63.438492
48325,0.010090,0.450062,-0.039498,-0.053056,-0.034613,0.078798,-0.994876,-0.000343,63.344421
48331,0.010082,0.450060,-0.039474,-0.053012,-0.034580,0.078621,-0.994893,0.000000,63.253098
48335,0.010059,0.450058,-0.039476,-0.052790,-0.034606,0.078328,-0.994927,-0.000343,63.153877
48335,0.010059,0.450058,-0.039476,-0.052790,-0.034606,0.078328,-0.994927,-0.000343,63.055687
48339,0.010041,0.450060,-0.039488,-0.052830,-0.034562,0.078239,-0.994934,0.000000,62.971573
48346,0.009999,0.450063,-0.039535,-0.052578,-0.034579,0.077847,-0.994977,-0.000343,62.893639
48349,0.009981,0.450061,-0.039557,-0.052528,-0.034550,0.077670,-0.994995,0.000000,62.826691
48353,0.009964,0.450064,-0.039583,-0.052438,-0.034552,0.077431,-0.995018,-0.000343,62.737427
48353,0.009964,0.450064,-0.039583,-0.052438,-0.034552,0.077431,-0.995018,-0.000343,62.624474
48356,0.009951,0.450064,-0.039600,-0.052283,-0.034589,0.077137,-0.995048,-0.000343,62.523193
48363,0.009943,0.450064,-0.039616,-0.052148,-0.034529,0.076657,-0.995094,-0.000343,62.413330
48363,0.009943,0.450064,-0.039616,-0.052148,-0.034529,0.076657,-0.995094,-0.000343,62.324066
48367,0.009935,0.450062,-0.039612,-0.051929,-0.034520,0.076351,-0.995129,0.000000,62.241669
48374,0.009914,0.450058,-0.039588,-0.051909,-0.034516,0.076010,-0.995157,-0.000343,62.166138
48378,0.009903,0.450057,-0.039578,-0.051790,-0.034508,0.075811,-0.995178,-0.000343,62.085114
48378,0.009903,0.450057,-0.039578,-0.051790,-0.034508,0.075811,-0.995178,-0.000343,62.000313
48381,0.009898,0.450057,-0.039573,-0.051727,-0.034546,0.075693,-0.995189,-0.000343,61.906929
48388,0.009875,0.450057,-0.039578,-0.051557,-0.034535,0.075455,-0.995216,-0.000343,61.805305
48388,0.009875,0.450057,-0.039578,-0.051557,-0.034535,0.075455,-0.995216,-0.000343,61.713982
48395,0.009848,0.450056,-0.039587,-0.051563,-0.034499,0.075184,-0.995238,0.000000,61.628151
48395,0.009848,0.450056,-0.039587,-0.051563,-0.034499,0.075184,-0.995238,-0.000343,61.544380
48402,0.009838,0.450057,-0.039618,-0.051360,-0.034505,0.074910,-0.995269,-0.000343,61.446190
48402,0.009838,0.450057,-0.039618,-0.051360,-0.034505,0.074910,-0.995269,-0.000343,61.337357
48406,0.009840,0.450058,-0.039635,-0.051344,-0.034506,0.074859,-0.995273,0.000000,61.243973
48410,0.009833,0.450061,-0.039648,-0.051187,-0.034491,0.074659,-0.995297,0.000000,61.164665
48416,0.009817,0.450060,-0.039644,-0.051137,-0.034475,0.074500,-0.995312,0.000000,61.081924
48420,0.009800,0.450058,-0.039633,-0.051043,-0.034485,0.074396,-0.995324,-0.000343,61.000214
48420,0.009800,0.450058,-0.039633,-0.051043,-0.034485,0.074396,-0.995324,-0.000343,60.920906
48427,0.009771,0.450054,-0.039610,-0.051062,-0.034499,0.074188,-0.995338,0.000000,60.835419
48427,0.009771,0.450054,-0.039610,-0.051062,-0.034499,0.074188,-0.995338,0.000000,60.738258
48434,0.009739,0.450053,-0.039610,-0.050901,-0.034487,0.073948,-0.995365,-0.000343,60.639381
48434,0.009739,0.450053,-0.039610,-0.050901,-0.034487,0.073948,-0.995365,0.000000,60.530891
48441,0.009708,0.450055,-0.039641,-0.050761,-0.034524,0.073727,-0.995387,0.000000,60.436134
48441,0.009708,0.450055,-0.039641,-0.050761,-0.034524,0.073727,-0.995387,-0.000343,60.350647
48449,0.009690,0.450060,-0.039687,-0.050531,-0.034531,0.073399,-0.995423,0.000000,60.274086
48449,0.009690,0.450060,-0.039687,-0.050531,-0.034531,0.073399,-0.995423,-0.000343,60.182762
48452,0.009689,0.450060,-0.039694,-0.050466,-0.034537,0.073300,-0.995433,0.000000,60.105171
48459,0.009675,0.450058,-0.039681,-0.050439,-0.034500,0.073054,-0.995454,-0.000343,60.020714
48463,0.009663,0.450056,-0.039666,-0.050295,-0.034496,0.072794,-0.995481,-0.000343,59.925270
48463,0.009663,0.450056,-0.039666,-0.050295,-0.034496,0.072794,-0.995481,0.000000,59.830513
48470,0.009645,0.450050,-0.039643,-0.050236,-0.034521,0.072538,-0.995501,-0.000343,59.733696
48473,0.009637,0.450052,-0.039644,-0.050139,-0.034523,0.072360,-0.995519,-0.000343,59.638939
48477,0.009617,0.450048,-0.039656,-0.050087,-0.034528,0.072067,-0.995543,-0.000343,59.537315
48477,0.009617,0.450048,-0.039656,-0.050087,-0.034528,0.072067,-0.995543,0.000000,59.448395
48484,0.009577,0.450050,-0.039713,-0.049667,-0.034489,0.071407,-0.995613,0.000000,59.368057
48484,0.009577,0.450050,-0.039713,-0.049667,-0.034489,0.071407,-0.995613,-0.000343,59.275703
48491,0.009546,0.450048,-0.039765,-0.049374,-0.034474,0.070789,-0.995672,-0.000343,59.189529
48495,0.009522,0.450047,-0.039776,-0.049126,-0.034464,0.070344,-0.995716,0.000000,59.106102
48495,0.009522,0.450047,-0.039776,-0.049126,-0.034464,0.070344,-0.995716,0.000000,59.028511
48502,0.009480,0.450040,-0.039760,-0.048949,-0.034502,0.069736,-0.995766,-0.000343,58.934097
48505,0.009463,0.450036,-0.039744,-0.048774,-0.034538,0.069435,-0.995795,-0.000343,58.837624
48505,0.009463,0.450036,-0.039744,-0.048774,-0.034538,0.069435,-0.995795,-0.000343,58.734627
48512,0.009427,0.450028,-0.039714,-0.048584,-0.034508,0.068809,-0.995849,-0.000343,58.628540
48516,0.009401,0.450027,-0.039708,-0.048410,-0.034513,0.068466,-0.995880,-0.000343,58.534813
48516,0.009401,0.450027,-0.039708,-0.048410,-0.034513,0.068466,-0.995880,0.000000,58.456879
48523,0.009357,0.450023,-0.039730,-0.048275,-0.034521,0.068010,-0.995918,0.000000,58.377228
48523,0.009357,0.450023,-0.039730,-0.048275,-0.034521,0.068010,-0.995918,-0.000343,58.296204
48530,0.009329,0.450025,-0.039783,-0.048034,-0.034510,0.067532,-0.995962,0.000000,58.212433
48534,0.009322,0.450030,-0.039810,-0.047937,-0.034507,0.067401,-0.995976,-0.000343,58.127289
48534,0.009322,0.450030,-0.039810,-0.047937,-0.034507,0.067401,-0.995976,-0.000343,58.016739
48541,0.009304,0.450026,-0.039830,-0.047805,-0.034480,0.067046,-0.996007,0.000000,57.935715
48541,0.009304,0.450026,-0.039830,-0.047805,-0.034480,0.067046,-0.996007,0.000000,57.841301
48548,0.009289,0.450022,-0.039818,-0.047616,-0.034527,0.066664,-0.996040,-0.000343,57.745857
48548,0.009289,0.450022,-0.039818,-0.047616,-0.034527,0.066664,-0.996040,0.000000,57.651443
48555,0.009279,0.450020,-0.039791,-0.047559,-0.034509,0.066445,-0.996058,-0.000343,57.564240
48558,0.009268,0.450018,-0.039783,-0.047471,-0.034504,0.066237,-0.996077,0.000000,57.481155
48558,0.009268,0.450018,-0.039783,-0.047471,-0.034504,0.066237,-0.996077,0.000000,57.392921
48566,0.009248,0.450016,-0.039775,-0.047229,-0.034553,0.065778,-0.996117,0.000000,57.302284
48566,0.009248,0.450016,-0.039775,-0.047229,-0.034553,0.065778,-0.996117,0.000000,57.220230
48573,0.009238,0.450015,-0.039803,-0.047111,-0.034534,0.065423,-0.996147,0.000000,57.138519
48576,0.009233,0.450016,-0.039819,-0.047065,-0.034517,0.065343,-0.996154,-0.000343,57.039642
48576,0.009233,0.450016,-0.039819,-0.047065,-0.034517,0.065343,-0.996154,-0.000343,56.936302
48580,0.009224,0.450018,-0.039841,-0.046885,-0.034502,0.065019,-0.996185,0.000000,56.841545
48587,0.009203,0.450016,-0.039860,-0.046723,-0.034544,0.064729,-0.996210,0.000000,56.745758
48587,0.009203,0.450016,-0.039860,-0.046723,-0.034544,0.064729,-0.996210,0.000000,56.651688
48591,0.009191,0.450013,-0.039869,-0.046617,-0.034504,0.064466,-0.996233,0.000000,56.571007
48598,0.009173,0.450010,-0.039865,-0.046445,-0.034540,0.064161,-0.996260,0.000000,56.478310
48601,0.009163,0.450009,-0.039861,-0.046378,-0.034516,0.063962,-0.996276,0.000000,56.389389
48601,0.009163,0.450009,-0.039861,-0.046378,-0.034516,0.063962,-0.996276,0.000000,56.306648
48605,0.009154,0.450008,-0.039852,-0.046375,-0.034485,0.063786,-0.996289,-0.000343,56.223564
48612,0.009131,0.450006,-0.039849,-0.046160,-0.034503,0.063463,-0.996319,0.000000,56.137390
48612,0.009131,0.450006,-0.039849,-0.046160,-0.034503,0.063463,-0.996319,0.000000,56.047096
48619,0.009118,0.450005,-0.039859,-0.046067,-0.034546,0.063229,-0.996337,0.000000,55.956802
48619,0.009118,0.450005,-0.039859,-0.046067,-0.034546,0.063229,-0.996337,0.000000,55.866165
48626,0.009108,0.450006,-0.039881,-0.045892,-0.034585,0.062924,-0.996363,0.000000,55.766258
48626,0.009108,0.450006,-0.039881,-0.045892,-0.034585,0.062924,-0.996363,0.000000,55.668068
48633,0.009104,0.450008,-0.039908,-0.045688,-0.034546,0.062630,-0.996392,0.000000,55.580177
48633,0.009104,0.450008,-0.039908,-0.045688,-0.034546,0.062630,-0.996392,0.000000,55.492973
48637,0.009105,0.450006,-0.039915,-0.045731,-0.034521,0.062574,-0.996394,0.000000,55.407143
48640,0.009102,0.450008,-0.039915,-0.045617,-0.034527,0.062427,-0.996409,0.000000,55.320625
48647,0.009082,0.450002,-0.039903,-0.045507,-0.034557,0.062113,-0.996432,0.000000,55.231018
48651,0.009072,0.450001,-0.039895,-0.045496,-0.034522,0.062009,-0.996440,0.000000,55.139351
48654,0.009068,0.450001,-0.039894,-0.045369,-0.034542,0.061836,-0.996456,0.000000,55.044594
48658,0.009063,0.449998,-0.039897,-0.045346,-0.034479,0.061719,-0.996467,0.000000,54.956360
48662,0.009056,0.450000,-0.039907,-0.045168,-0.034546,0.061575,-0.996481,0.000000,54.868469
48662,0.009056,0.450000,-0.039907,-0.045168,-0.034546,0.061575,-0.996481,0.000000,54.776802
48665,0.009047,0.449998,-0.039918,-0.045092,-0.034548,0.061454,-0.996492,0.000000,54.683418
48669,0.009039,0.449998,-0.039933,-0.045105,-0.034557,0.061346,-0.996498,0.000000,54.602051
48672,0.009031,0.449997,-0.039943,-0.045090,-0.034508,0.061243,-0.996507,0.000000,54.510384
48679,0.009018,0.449995,-0.039957,-0.044908,-0.034529,0.060954,-0.996532,0.000000,54.418030
48679,0.009018,0.449995,-0.039957,-0.044908,-0.034529,0.060954,-0.996532,0.000000,54.322243
48683,0.009009,0.449996,-0.039953,-0.044810,-0.034518,0.060831,-0.996544,0.000000,54.231262
48687,0.008997,0.449991,-0.039946,-0.044761,-0.034530,0.060668,-0.996556,0.000000,54.141998
48694,0.008981,0.449989,-0.039933,-0.044632,-0.034550,0.060358,-0.996580,0.000000,54.059944
48694,0.008981,0.449989,-0.039933,-0.044632,-0.034550,0.060358,-0.996580,0.000000,53.966560
48697,0.008977,0.449991,-0.039931,-0.044568,-0.034546,0.060253,-0.996589,0.000000,53.882446
48704,0.008960,0.449988,-0.039937,-0.044596,-0.034489,0.060053,-0.996602,0.000000,53.792152
48704,0.008960,0.449988,-0.039937,-0.044596,-0.034489,0.060053,-0.996602,0.000000,53.701515
48711,0.008940,0.449984,-0.039951,-0.044420,-0.034486,0.059746,-0.996628,0.000000,53.609161
48715,0.008935,0.449986,-0.039964,-0.044326,-0.034518,0.059591,-0.996641,0.000000,53.514748
48718,0.008931,0.449986,-0.039972,-0.044232,-0.034527,0.059502,-0.996650,0.000000,53.429947
48718,0.008931,0.449986,-0.039972,-0.044232,-0.034527,0.059502,-0.996650,0.000000,53.337593
48725,0.008918,0.449985,-0.039992,-0.044171,-0.034510,0.059291,-0.996666,0.000000,53.246956
48725,0.008918,0.449985,-0.039992,-0.044171,-0.034510,0.059291,-0.996666,0.000000,53.156319
48733,0.008902,0.449985,-0.040002,-0.044036,-0.034519,0.058951,-0.996692,0.000000,53.067055
48733,0.008902,0.449985,-0.040002,-0.044036,-0.034519,0.058951,-0.996692,0.000000,52.981567
48736,0.008892,0.449983,-0.040005,-0.043908,-0.034500,0.058788,-0.996708,0.000000,52.888527
48743,0.008876,0.449982,-0.040000,-0.043789,-0.034508,0.058449,-0.996732,0.000000,52.799263
48743,0.008876,0.449982,-0.040000,-0.043789,-0.034508,0.058449,-0.996732,0.000000,52.702446
48750,0.008851,0.449980,-0.039985,-0.043639,-0.034532,0.058110,-0.996758,0.000000,52.611809
48754,0.008842,0.449976,-0.039980,-0.043688,-0.034509,0.058052,-0.996760,0.000000,52.525978
48757,0.008836,0.449976,-0.039978,-0.043656,-0.034502,0.057907,-0.996770,0.000000,52.436714
48757,0.008836,0.449976,-0.039978,-0.043656,-0.034502,0.057907,-0.996770,0.000000,52.346764
48761,0.008830,0.449977,-0.039988,-0.043507,-0.034483,0.057756,-0.996786,0.000000,52.259560
48768,0.008821,0.449977,-0.040009,-0.043440,-0.034530,0.057556,-0.996799,0.000000,52.174072
48768,0.008821,0.449977,-0.040009,-0.043440,-0.034530,0.057556,-0.996799,0.000000,52.080688
48775,0.008799,0.449973,-0.040034,-0.043285,-0.034531,0.057245,-0.996824,0.000000,51.990738
48779,0.008785,0.449973,-0.040054,-0.043228,-0.034423,0.057127,-0.996836,0.000343,51.898384
48779,0.008785,0.449973,-0.040054,-0.043228,-0.034423,0.057127,-0.996836,0.000343,51.806030
48786,0.008777,0.449972,-0.040061,-0.043181,-0.034463,0.056901,-0.996850,0.000000,51.719513
48786,0.008777,0.449972,-0.040061,-0.043181,-0.034463,0.056901,-0.996850,0.000343,51.626472
48790,0.008772,0.449975,-0.040052,-0.042892,-0.034567,0.056646,-0.996873,0.000000,51.537552
48793,0.008768,0.449971,-0.040040,-0.042940,-0.034565,0.056575,-0.996875,0.000000,51.445885
48797,0.008761,0.449968,-0.040026,-0.042932,-0.034539,0.056451,-0.996884,0.000343,51.352158
48804,0.008749,0.449964,-0.040017,-0.042771,-0.034515,0.056123,-0.996910,0.000343,51.265297
48804,0.008749,0.449964,-0.040017,-0.042771,-0.034515,0.056123,-0.996910,0.000000,51.173286
48807,0.008744,0.449964,-0.040020,-0.042751,-0.034509,0.056037,-0.996916,0.000000,51.091576
48814,0.008722,0.449962,-0.040042,-0.042524,-0.034535,0.055678,-0.996945,0.000000,51.005402
48818,0.008707,0.449960,-0.040064,-0.042559,-0.034458,0.055457,-0.996958,0.000000,50.915451
48821,0.008698,0.449962,-0.040078,-0.042525,-0.034467,0.055397,-0.996963,0.000000,50.818977
48825,0.008678,0.449959,-0.040097,-0.042269,-0.034435,0.055069,-0.996993,0.000343,50.718384
48825,0.008678,0.449959,-0.040097,-0.042269,-0.034435,0.055069,-0.996993,0.000343,50.625343
48832,0.008657,0.449959,-0.040107,-0.042193,-0.034432,0.054819,-0.997010,0.000343,50.536079
48832,0.008657,0.449959,-0.040107,-0.042193,-0.034432,0.054819,-0.997010,0.000000,50.453682
48839,0.008641,0.449954,-0.040095,-0.042091,-0.034447,0.054491,-0.997032,0.000000,50.372658
48839,0.008641,0.449954,-0.040095,-0.042091,-0.034447,0.054491,-0.997032,0.000343,50.291977
48843,0.008635,0.449954,-0.040089,-0.041952,-0.034466,0.054315,-0.997047,0.000343,50.200996
48850,0.008630,0.449952,-0.040081,-0.041935,-0.034434,0.054106,-0.997060,0.000000,50.106926
48853,0.008625,0.449950,-0.040083,-0.041921,-0.034438,0.054049,-0.997063,0.000000,50.008049
48857,0.008611,0.449950,-0.040090,-0.041754,-0.034423,0.053807,-0.997084,0.000343,49.909859
48857,0.008611,0.449950,-0.040090,-0.041754,-0.034423,0.053807,-0.997084,0.000000,49.820938
48861,0.008604,0.449953,-0.040096,-0.041803,-0.034440,0.053757,-0.997084,0.000000,49.728584
48864,0.008595,0.449950,-0.040107,-0.041653,-0.034450,0.053574,-0.997100,0.000343,49.654083
48871,0.008584,0.449948,-0.040123,-0.041593,-0.034451,0.053356,-0.997114,0.000343,49.568253
48871,0.008584,0.449948,-0.040123,-0.041593,-0.034451,0.053356,-0.997114,0.000000,49.469376
48878,0.008565,0.449947,-0.040135,-0.041366,-0.034404,0.053065,-0.997141,0.000343,49.373589
48878,0.008565,0.449947,-0.040135,-0.041366,-0.034404,0.053065,-0.997141,0.000343,49.277802
48882,0.008558,0.449944,-0.040134,-0.041456,-0.034397,0.052993,-0.997141,0.000000,49.189224
48885,0.008552,0.449944,-0.040136,-0.041317,-0.034409,0.052841,-0.997154,0.000000,49.109573
48892,0.008538,0.449941,-0.040140,-0.041194,-0.034344,0.052478,-0.997181,0.000000,49.026489
48892,0.008538,0.449941,-0.040140,-0.041194,-0.034344,0.052478,-0.997181,0.000343,48.944435
48896,0.008531,0.449942,-0.040140,-0.041146,-0.034362,0.052414,-0.997186,0.000343,48.851051
48903,0.008513,0.449939,-0.040141,-0.041041,-0.034362,0.052151,-0.997204,0.000343,48.753891
48903,0.008513,0.449939,-0.040141,-0.041041,-0.034362,0.052151,-0.997204,0.000000,48.652611
48910,0.008493,0.449936,-0.040151,-0.040858,-0.034361,0.051845,-0.997227,0.000343,48.561287
48910,0.008493,0.449936,-0.040151,-0.040858,-0.034361,0.051845,-0.997227,0.000343,48.476486
48914,0.008486,0.449937,-0.040156,-0.040922,-0.034349,0.051771,-0.997229,0.000343,48.392715
48917,0.008478,0.449937,-0.040161,-0.040813,-0.034367,0.051594,-0.997242,0.000343,48.306885
48924,0.008459,0.449932,-0.040170,-0.040658,-0.034388,0.051323,-0.997262,0.000000,48.219337
48924,0.008459,0.449932,-0.040170,-0.040658,-0.034388,0.051323,-0.997262,0.000343,48.125954
48928,0.008451,0.449935,-0.040174,-0.040582,-0.034368,0.051192,-0.997272,0.000343,48.028107
48935,0.008436,0.449931,-0.040176,-0.040513,-0.034378,0.050913,-0.997289,0.000343,47.938156
48939,0.008429,0.449930,-0.040178,-0.040324,-0.034386,0.050667,-0.997309,0.000343,47.847862
48939,0.008429,0.449930,-0.040178,-0.040324,-0.034386,0.050667,-0.997309,0.000343,47.767181
48942,0.008424,0.449931,-0.040175,-0.040289,-0.034381,0.050566,-0.997315,0.000343,47.682724
48949,0.008407,0.449927,-0.040178,-0.040265,-0.034366,0.050385,-0.997326,0.000000,47.584877
48953,0.008394,0.449926,-0.040188,-0.040088,-0.034324,0.050158,-0.997346,0.000000,47.492867
48953,0.008394,0.449926,-0.040188,-0.040088,-0.034324,0.050158,-0.997346,0.000000,47.396393
48956,0.008391,0.449925,-0.040192,-0.040070,-0.034354,0.050096,-0.997349,0.000343,47.307129
48963,0.008380,0.449926,-0.040209,-0.039902,-0.034395,0.049847,-0.997367,0.000343,47.221298
48967,0.008375,0.449923,-0.040216,-0.039898,-0.034373,0.049686,-0.997376,0.000343,47.136154
48967,0.008375,0.449923,-0.040216,-0.039898,-0.034373,0.049686,-0.997376,0.000343,47.051010
48974,0.008360,0.449923,-0.040224,-0.039674,-0.034357,0.049382,-0.997400,0.000343,46.956940
48974,0.008360,0.449923,-0.040224,-0.039674,-0.034357,0.049382,-0.997400,0.000343,46.867332
48978,0.008355,0.449919,-0.040223,-0.039690,-0.034366,0.049314,-0.997403,0.000343,46.773262
48985,0.008336,0.449919,-0.040217,-0.039536,-0.034358,0.048970,-0.997426,0.000343,46.683655
48985,0.008336,0.449919,-0.040217,-0.039536,-0.034358,0.048970,-0.997426,0.000343,46.589241
48992,0.008316,0.449918,-0.040216,-0.039416,-0.034396,0.048735,-0.997441,0.000000,46.498947
48992,0.008316,0.449918,-0.040216,-0.039416,-0.034396,0.048735,-0.997441,0.000343,46.406937
48995,0.008310,0.449915,-0.040219,-0.039377,-0.034407,0.048613,-0.997448,0.000000,46.322136
48999,0.008299,0.449914,-0.040224,-0.039365,-0.034338,0.048483,-0.997457,0.000343,46.235962
49006,0.008286,0.449918,-0.040240,-0.039078,-0.034371,0.048152,-0.997483,0.000000,46.151505
49009,0.008280,0.449914,-0.040248,-0.039119,-0.034325,0.048050,-0.997488,0.000343,46.067390
49009,0.008280,0.449914,-0.040248,-0.039119,-0.034325,0.048050,-0.997488,0.000000,45.978470
49009,0.008280,0.449914,-0.040248,-0.039119,-0.034325,0.048050,-0.997488,0.000000,45.887833
49009,0.008280,0.449914,-0.040248,-0.039119,-0.034325,0.048050,-0.997488,0.000343,45.787582
49009,0.008280,0.449914,-0.040248,-0.039119,-0.034325,0.048050,-0.997488,0.000343,45.683212
49009,0.008280,0.449914,-0.040248,-0.039119,-0.034325,0.048050,-0.997488,0.000343,45.593948
49009,0.008280,0.449914,-0.040248,-0.039119,-0.034325,0.048050,-0.997488,0.000000,45.509491
49009,0.008280,0.449914,-0.040248,-0.039119,-0.034325,0.048050,-0.997488,0.000343,45.424690
49009,0.008280,0.449914,-0.040248,-0.039119,-0.034325,0.048050,-0.997488,0.000343,45.347099
49009,0.008280,0.449914,-0.040248,-0.039119,-0.034325,0.048050,-0.997488,0.000343,45.253372
49009,0.008280,0.449914,-0.040248,-0.039119,-0.034325,0.048050,-0.997488,0.000343,45.157928
49009,0.008280,0.449914,-0.040248,-0.039119,-0.034325,0.048050,-0.997488,0.000343,45.059395
49009,0.008280,0.449914,-0.040248,-0.039119,-0.034325,0.048050,-0.997488,0.000343,44.964981
49009,0.008280,0.449914,-0.040248,-0.039119,-0.034325,0.048050,-0.997488,0.000000,44.884987
49009,0.008280,0.449914,-0.040248,-0.039119,-0.034325,0.048050,-0.997488,0.000343,44.802933
49009,0.008280,0.449914,-0.040248,-0.039119,-0.034325,0.048050,-0.997488,0.000000,44.726028
49009,0.008280,0.449914,-0.040248,-0.039119,-0.034325,0.048050,-0.997488,0.000343,44.635735
49009,0.008280,0.449914,-0.040248,-0.039119,-0.034325,0.048050,-0.997488,0.000343,44.537201
49009,0.008280,0.449914,-0.040248,-0.039119,-0.034325,0.048050,-0.997488,0.000343,44.436951
49009,0.008280,0.449914,-0.040248,-0.039119,-0.034325,0.048050,-0.997488,0.000343,44.339790
49009,0.008280,0.449914,-0.040248,-0.039119,-0.034325,0.048050,-0.997488,0.000343,44.249496
49009,0.008280,0.449914,-0.040248,-0.039119,-0.034325,0.048050,-0.997488,0.000000,44.168129
49009,0.008280,0.449914,-0.040248,-0.039119,-0.034325,0.048050,-0.997488,0.000000,44.089851
49009,0.008280,0.449914,-0.040248,-0.039119,-0.034325,0.048050,-0.997488,0.000343,44.005394
49009,0.008280,0.449914,-0.040248,-0.039119,-0.034325,0.048050,-0.997488,0.000000,43.898621
49009,0.008280,0.449914,-0.040248,-0.039119,-0.034325,0.048050,-0.997488,0.000343,43.806953
49009,0.008280,0.449914,-0.040248,-0.039119,-0.034325,0.048050,-0.997488,0.000000,43.710823
49009,0.008280,0.449914,-0.040248,-0.039119,-0.034325,0.048050,-0.997488,0.000343,43.624306
49009,0.008280,0.449914,-0.040248,-0.039119,-0.034325,0.048050,-0.997488,0.000343,43.538475
49009,0.008280,0.449914,-0.040248,-0.039119,-0.034325,0.048050,-0.997488,0.000343,43.462257
49009,0.008280,0.449914,-0.040248,-0.039119,-0.034325,0.048050,-0.997488,0.000000,43.376083
49120,0.008017,0.449887,-0.040367,-0.036857,-0.034340,0.043323,-0.997790,0.000343,43.285103
49123,0.008009,0.449885,-0.040375,-0.036763,-0.034317,0.043181,-0.997801,0.000000,43.187943
49127,0.008004,0.449885,-0.040378,-0.036783,-0.034328,0.043099,-0.997803,0.000000,43.093529
49127,0.008004,0.449885,-0.040378,-0.036783,-0.034328,0.043099,-0.997803,0.000343,42.988472
49130,0.007998,0.449883,-0.040378,-0.036794,-0.034318,0.043030,-0.997806,0.000343,42.907791
49134,0.007989,0.449881,-0.040377,-0.036630,-0.034345,0.042803,-0.997821,0.000343,42.828140
49141,0.007978,0.449880,-0.040368,-0.036582,-0.034347,0.042605,-0.997831,0.000000,42.739906
49144,0.007974,0.449879,-0.040366,-0.036512,-0.034371,0.042491,-0.997838,0.000343,42.652359
49148,0.007967,0.449875,-0.040365,-0.036556,-0.034325,0.042387,-0.997842,0.000000,42.561722
49151,0.007960,0.449876,-0.040368,-0.036508,-0.034333,0.042320,-0.997846,0.000000,42.476578
49155,0.007950,0.449876,-0.040378,-0.036348,-0.034314,0.042098,-0.997862,0.000343,42.379761
49155,0.007950,0.449876,-0.040378,-0.036348,-0.034314,0.042098,-0.997862,0.000343,42.283287
49159,0.007944,0.449877,-0.040384,-0.036410,-0.034332,0.042088,-0.997860,0.000343,42.203979
49162,0.007935,0.449875,-0.040392,-0.036280,-0.034346,0.041918,-0.997871,0.000343,42.123642
49169,0.007916,0.449874,-0.040402,-0.036122,-0.034372,0.041645,-0.997887,0.000343,42.030602
49173,0.007904,0.449872,-0.040407,-0.036052,-0.034333,0.041533,-0.997896,0.000343,41.931038
49173,0.007904,0.449872,-0.040407,-0.036052,-0.034333,0.041533,-0.997896,0.000000,41.837311
49180,0.007894,0.449869,-0.040408,-0.036003,-0.034297,0.041317,-0.997908,0.000343,41.745987
49183,0.007888,0.449868,-0.040410,-0.035925,-0.034292,0.041151,-0.997918,0.000343,41.653633
49187,0.007882,0.449866,-0.040410,-0.035771,-0.034300,0.040967,-0.997931,0.000000,41.571922
49187,0.007882,0.449866,-0.040410,-0.035771,-0.034300,0.040967,-0.997931,0.000343,41.466179
49191,0.007876,0.449865,-0.040410,-0.035809,-0.034301,0.040862,-0.997934,0.000000,41.386871
49198,0.007859,0.449860,-0.040420,-0.035601,-0.034274,0.040553,-0.997955,0.000343,41.296577
49201,0.007857,0.449861,-0.040421,-0.035599,-0.034276,0.040442,-0.997959,0.000343,41.211433
49201,0.007857,0.449861,-0.040421,-0.035599,-0.034276,0.040442,-0.997959,0.000000,41.122513
49208,0.007838,0.449859,-0.040433,-0.035381,-0.034270,0.040138,-0.997979,0.000000,41.033592
49208,0.007838,0.449859,-0.040433,-0.035381,-0.034270,0.040138,-0.997979,0.000000,40.946045
49215,0.007822,0.449856,-0.040438,-0.035332,-0.034303,0.039914,-0.997989,0.000000,40.857124
49215,0.007822,0.449856,-0.040438,-0.035332,-0.034303,0.039914,-0.997989,0.000000,40.768547
49219,0.007812,0.449856,-0.040446,-0.035128,-0.034284,0.039657,-0.998007,0.000000,40.677910
49226,0.007791,0.449855,-0.040451,-0.035069,-0.034248,0.039417,-0.998020,0.000000,40.585213
49226,0.007791,0.449855,-0.040451,-0.035069,-0.034248,0.039417,-0.998020,0.000343,40.492516
49230,0.007780,0.449852,-0.040456,-0.034919,-0.034249,0.039157,-0.998035,0.000343,40.413895
49237,0.007766,0.449850,-0.040459,-0.034754,-0.034297,0.038824,-0.998052,0.000000,40.326691
49240,0.007760,0.449850,-0.040459,-0.034719,-0.034257,0.038707,-0.998060,0.000343,40.241890
49240,0.007760,0.449850,-0.040459,-0.034719,-0.034257,0.038707,-0.998060,0.000343,40.143013
49244,0.007750,0.449847,-0.040460,-0.034720,-0.034260,0.038597,-0.998064,0.000343,40.045166
49251,0.007728,0.449845,-0.040470,-0.034491,-0.034219,0.038258,-0.998086,0.000343,39.950752
49255,0.007723,0.449844,-0.040473,-0.034515,-0.034248,0.038178,-0.998087,0.000000,39.859428
49258,0.007716,0.449844,-0.040482,-0.034379,-0.034236,0.037994,-0.998099,0.000343,39.765015
49261,0.007707,0.449843,-0.040488,-0.034308,-0.034239,0.037921,-0.998105,0.000343,39.689484
49261,0.007707,0.449843,-0.040488,-0.034308,-0.034239,0.037921,-0.998105,0.000000,39.601936
49269,0.007688,0.449841,-0.040502,-0.034146,-0.034241,0.037604,-0.998122,0.000000,39.510612
49269,0.007688,0.449841,-0.040502,-0.034146,-0.034241,0.037604,-0.998122,0.000343,39.420662
49272,0.007681,0.449839,-0.040503,-0.034033,-0.034232,0.037380,-0.998135,0.000000,39.325218
49278,0.007671,0.449837,-0.040500,-0.034041,-0.034220,0.037213,-0.998141,0.000000,39.240417
49278,0.007671,0.449837,-0.040500,-0.034041,-0.034220,0.037213,-0.998141,0.000343,39.153214
49282,0.007661,0.449834,-0.040500,-0.033887,-0.034203,0.036992,-0.998155,0.000343,39.068069
49285,0.007655,0.449833,-0.040499,-0.033884,-0.034189,0.036852,-0.998161,0.000000,38.969879
49289,0.007646,0.449830,-0.040500,-0.033825,-0.034220,0.036730,-0.998166,0.000000,38.888512
49293,0.007639,0.449829,-0.040505,-0.033801,-0.034185,0.036600,-0.998173,0.000000,38.793755
49296,0.007633,0.449829,-0.040510,-0.033737,-0.034188,0.036465,-0.998180,0.000000,38.701057
49303,0.007617,0.449830,-0.040531,-0.033509,-0.034183,0.036158,-0.998199,0.000000,38.609734
49303,0.007617,0.449830,-0.040531,-0.033509,-0.034183,0.036158,-0.998199,0.000000,38.526306
49307,0.007607,0.449825,-0.040534,-0.033551,-0.034225,0.036068,-0.998199,0.000000,38.440132
49310,0.007600,0.449826,-0.040538,-0.033475,-0.034203,0.035918,-0.998208,0.000000,38.352242
49317,0.007580,0.449823,-0.040537,-0.033282,-0.034266,0.035591,-0.998224,0.000343,38.259888
49317,0.007580,0.449823,-0.040537,-0.033282,-0.034266,0.035591,-0.998224,0.000000,38.162727
49325,0.007558,0.449820,-0.040538,-0.033144,-0.034225,0.035294,-0.998241,0.000000,38.070030
49325,0.007558,0.449820,-0.040538,-0.033144,-0.034225,0.035294,-0.998241,0.000000,37.981796
49328,0.007552,0.449818,-0.040540,-0.033176,-0.034212,0.035241,-0.998242,0.000000,37.893219
49335,0.007542,0.449819,-0.040550,-0.032950,-0.034248,0.034930,-0.998259,0.000000,37.815285
49335,0.007542,0.449819,-0.040550,-0.032950,-0.034248,0.034930,-0.998259,0.000000,37.731514
49339,0.007535,0.449817,-0.040558,-0.032956,-0.034237,0.034819,-0.998263,0.000000,37.634697
49342,0.007533,0.449817,-0.040562,-0.032913,-0.034205,0.034749,-0.998268,0.000000,37.551270
49346,0.007527,0.449817,-0.040567,-0.032775,-0.034186,0.034567,-0.998280,0.000343,37.455139
49353,0.007514,0.449815,-0.040567,-0.032688,-0.034208,0.034350,-0.998289,0.000000,37.359009
49353,0.007514,0.449815,-0.040567,-0.032688,-0.034208,0.034350,-0.998289,0.000343,37.266998
49356,0.007505,0.449811,-0.040569,-0.032658,-0.034174,0.034236,-0.998295,0.000343,37.181854
49364,0.007480,0.449809,-0.040575,-0.032505,-0.034197,0.033856,-0.998312,0.000000,37.085381
49364,0.007480,0.449809,-0.040575,-0.032505,-0.034197,0.033856,-0.998312,0.000000,37.009850
49371,0.007465,0.449808,-0.040588,-0.032480,-0.034193,0.033613,-0.998322,0.000343,36.920929
49371,0.007465,0.449808,-0.040588,-0.032480,-0.034193,0.033613,-0.998322,0.000000,36.831665
49374,0.007455,0.449805,-0.040595,-0.032408,-0.034186,0.033482,-0.998329,0.000000,36.734161
49381,0.007441,0.449802,-0.040605,-0.032264,-0.034178,0.033108,-0.998346,0.000000,36.635971
49385,0.007437,0.449801,-0.040604,-0.032127,-0.034208,0.032966,-0.998354,0.000000,36.553917
49385,0.007437,0.449801,-0.040604,-0.032127,-0.034208,0.032966,-0.998354,0.000000,36.469460
49392,0.007429,0.449797,-0.040597,-0.032129,-0.034197,0.032770,-0.998361,0.000000,36.379509
49392,0.007429,0.449797,-0.040597,-0.032129,-0.034197,0.032770,-0.998361,0.000000,36.290245
49396,0.007416,0.449795,-0.040596,-0.032014,-0.034179,0.032604,-0.998371,0.000000,36.195831
49399,0.007408,0.449797,-0.040597,-0.031934,-0.034182,0.032473,-0.998377,0.000000,36.111031
49403,0.007400,0.449794,-0.040601,-0.032005,-0.034155,0.032424,-0.998378,0.000000,36.028633
49406,0.007394,0.449795,-0.040609,-0.031904,-0.034192,0.032298,-0.998384,0.000000,35.940399
49410,0.007387,0.449795,-0.040620,-0.031829,-0.034206,0.032159,-0.998390,0.000343,35.837746
49417,0.007370,0.449795,-0.040635,-0.031675,-0.034184,0.031968,-0.998402,0.000000,35.742989
49417,0.007370,0.449795,-0.040635,-0.031675,-0.034184,0.031968,-0.998402,0.000343,35.654068
49424,0.007359,0.449791,-0.040636,-0.031653,-0.034172,0.031727,-0.998411,0.000000,35.561714
49427,0.007358,0.449792,-0.040635,-0.031578,-0.034172,0.031602,-0.998417,0.000000,35.473824
49427,0.007358,0.449792,-0.040635,-0.031578,-0.034172,0.031602,-0.998417,0.000000,35.385246
49431,0.007351,0.449790,-0.040633,-0.031484,-0.034172,0.031430,-0.998425,0.000000,35.309715
49438,0.007337,0.449788,-0.040632,-0.031403,-0.034178,0.031194,-0.998435,0.000000,35.225945
49438,0.007337,0.449788,-0.040632,-0.031403,-0.034178,0.031194,-0.998435,0.000000,35.140114
49445,0.007323,0.449786,-0.040641,-0.031312,-0.034165,0.030959,-0.998446,0.000000,35.047760
49449,0.007311,0.449787,-0.040651,-0.031172,-0.034179,0.030814,-0.998454,0.000000,34.960213
49449,0.007311,0.449787,-0.040651,-0.031172,-0.034179,0.030814,-0.998454,0.000000,34.860306
49452,0.007304,0.449786,-0.040654,-0.031122,-0.034190,0.030671,-0.998460,0.000000,34.764519
49459,0.007287,0.449783,-0.040661,-0.031129,-0.034204,0.030498,-0.998464,0.000000,34.678001
49459,0.007287,0.449783,-0.040661,-0.031129,-0.034204,0.030498,-0.998464,0.000000,34.592857
49463,0.007282,0.449780,-0.040665,-0.030968,-0.034182,0.030317,-0.998476,0.000343,34.502907
49467,0.007279,0.449780,-0.040666,-0.030970,-0.034175,0.030248,-0.998478,0.000000,34.407120
49474,0.007274,0.449776,-0.040669,-0.030828,-0.034187,0.029996,-0.998489,0.000000,34.328156
49477,0.007271,0.449777,-0.040666,-0.030868,-0.034161,0.029977,-0.998490,0.000000,34.234085
49477,0.007271,0.449777,-0.040666,-0.030868,-0.034161,0.029977,-0.998490,0.000000,34.135551
49481,0.007263,0.449774,-0.040669,-0.030694,-0.034218,0.029769,-0.998499,0.000000,34.049377
49484,0.007256,0.449775,-0.040670,-0.030667,-0.034225,0.029720,-0.998501,0.000000,33.954277
49491,0.007239,0.449773,-0.040679,-0.030614,-0.034187,0.029543,-0.998510,0.000000,33.858833
49495,0.007224,0.449770,-0.040688,-0.030488,-0.034183,0.029332,-0.998520,0.000000,33.777122
49495,0.007224,0.449770,-0.040688,-0.030488,-0.034183,0.029332,-0.998520,0.000000,33.693352
49498,0.007220,0.449772,-0.040690,-0.030521,-0.034205,0.029335,-0.998518,0.000000,33.614731
49506,0.007210,0.449770,-0.040700,-0.030384,-0.034229,0.029056,-0.998529,0.000000,33.527870
49509,0.007208,0.449771,-0.040704,-0.030349,-0.034246,0.028978,-0.998532,0.000000,33.443413
49513,0.007201,0.449768,-0.040708,-0.030225,-0.034193,0.028829,-0.998542,0.000000,33.354836
49513,0.007201,0.449768,-0.040708,-0.030225,-0.034193,0.028829,-0.998542,-0.000343,33.255959
49516,0.007202,0.449767,-0.040706,-0.030185,-0.034193,0.028736,-0.998546,0.000000,33.147125
49523,0.007196,0.449767,-0.040701,-0.030179,-0.034190,0.028574,-0.998551,0.000000,33.055801
49527,0.007188,0.449763,-0.040703,-0.030099,-0.034205,0.028431,-0.998557,0.000000,32.965164
49527,0.007188,0.449763,-0.040703,-0.030099,-0.034205,0.028431,-0.998557,0.000000,32.883797
49534,0.007168,0.449760,-0.040713,-0.029971,-0.034210,0.028194,-0.998567,0.000343,32.804146
49534,0.007168,0.449760,-0.040713,-0.029971,-0.034210,0.028194,-0.998567,0.000000,32.723465
49541,0.007147,0.449758,-0.040727,-0.029929,-0.034192,0.027985,-0.998575,0.000000,32.631798
49541,0.007147,0.449758,-0.040727,-0.029929,-0.034192,0.027985,-0.998575,0.000000,32.527771
49545,0.007136,0.449759,-0.040732,-0.029772,-0.034197,0.027820,-0.998584,0.000000,32.446747
49552,0.007126,0.449756,-0.040733,-0.029763,-0.034219,0.027666,-0.998588,0.000000,32.357140
49552,0.007126,0.449756,-0.040733,-0.029763,-0.034219,0.027666,-0.998588,0.000000,32.265816
49559,0.007119,0.449755,-0.040737,-0.029600,-0.034251,0.027411,-0.998599,0.000000,32.181702
49559,0.007119,0.449755,-0.040737,-0.029600,-0.034251,0.027411,-0.998599,0.000000,32.092781
49563,0.007118,0.449755,-0.040737,-0.029553,-0.034200,0.027297,-0.998605,0.000000,32.001457
49566,0.007115,0.449755,-0.040740,-0.029518,-0.034186,0.027228,-0.998608,0.000000,31.901207
49573,0.007109,0.449751,-0.040744,-0.029524,-0.034197,0.027066,-0.998612,0.000000,31.818123
49577,0.007098,0.449750,-0.040746,-0.029311,-0.034261,0.026875,-0.998622,0.000000,31.724739
49577,0.007098,0.449750,-0.040746,-0.029311,-0.034261,0.026875,-0.998622,0.000000,31.635132
49584,0.007081,0.449749,-0.040746,-0.029322,-0.034230,0.026695,-0.998627,-0.000343,31.552391
49587,0.007073,0.449747,-0.040747,-0.029288,-0.034217,0.026646,-0.998630,0.000000,31.461067
49591,0.007064,0.449746,-0.040754,-0.029209,-0.034203,0.026460,-0.998637,0.000000,31.379013
49591,0.007064,0.449746,-0.040754,-0.029209,-0.034203,0.026460,-0.998637,0.000000,31.292839
49594,0.007059,0.449745,-0.040757,-0.029207,-0.034197,0.026465,-0.998638,0.000000,31.192932
49598,0.007057,0.449746,-0.040763,-0.029057,-0.034238,0.026245,-0.998646,0.000000,31.109161
49605,0.007048,0.449744,-0.040772,-0.029043,-0.034226,0.026054,-0.998652,0.000000,31.017151
49609,0.007041,0.449742,-0.040779,-0.028860,-0.034221,0.025862,-0.998663,0.000000,30.933380
49609,0.007041,0.449742,-0.040779,-0.028860,-0.034221,0.025862,-0.998663,0.000000,30.842056
49612,0.007034,0.449741,-0.040777,-0.028844,-0.034190,0.025768,-0.998667,0.000000,30.749359
49619,0.007019,0.449735,-0.040775,-0.028734,-0.034206,0.025485,-0.998677,-0.000343,30.658722
49619,0.007019,0.449735,-0.040775,-0.028734,-0.034206,0.025485,-0.998677,0.000000,30.567398
49623,0.007007,0.449733,-0.040774,-0.028643,-0.034213,0.025228,-0.998685,0.000000,30.478134
49630,0.006980,0.449730,-0.040787,-0.028464,-0.034197,0.024894,-0.998700,0.000000,30.386810
49630,0.006980,0.449730,-0.040787,-0.028464,-0.034197,0.024894,-0.998700,-0.000343,30.302010
49637,0.006960,0.449726,-0.040803,-0.028402,-0.034175,0.024604,-0.998709,0.000000,30.211029
49637,0.006960,0.449726,-0.040803,-0.028402,-0.034175,0.024604,-0.998709,0.000000,30.123138
49644,0.006943,0.449725,-0.040816,-0.028188,-0.034219,0.024256,-0.998722,0.000000,30.037651
49644,0.006943,0.449725,-0.040816,-0.028188,-0.034219,0.024256,-0.998722,0.000000,29.941177
49651,0.006930,0.449720,-0.040817,-0.028070,-0.034220,0.023937,-0.998733,-0.000343,29.858780
49655,0.006922,0.449717,-0.040814,-0.028023,-0.034201,0.023810,-0.998738,-0.000343,29.767113
49655,0.006922,0.449717,-0.040814,-0.028023,-0.034201,0.023810,-0.998738,0.000000,29.679222
49658,0.006917,0.449715,-0.040814,-0.027998,-0.034215,0.023656,-0.998742,0.000000,29.581375
49665,0.006896,0.449714,-0.040821,-0.027743,-0.034191,0.023362,-0.998757,0.000000,29.495201
49669,0.006891,0.449711,-0.040823,-0.027845,-0.034175,0.023308,-0.998756,0.000000,29.406967
49672,0.006882,0.449711,-0.040832,-0.027685,-0.034200,0.023180,-0.998763,-0.000343,29.320793
49672,0.006882,0.449711,-0.040832,-0.027685,-0.034200,0.023180,-0.998763,0.000000,29.240456
49680,0.006864,0.449712,-0.040847,-0.027605,-0.034179,0.022899,-0.998772,-0.000343,29.155312
49683,0.006858,0.449712,-0.040851,-0.027494,-0.034176,0.022798,-0.998777,0.000000,29.069824
49687,0.006849,0.449708,-0.040851,-0.027476,-0.034177,0.022669,-0.998781,0.000000,28.976440
49690,0.006844,0.449707,-0.040851,-0.027480,-0.034124,0.022581,-0.998785,0.000000,28.873444
49690,0.006844,0.449707,-0.040851,-0.027480,-0.034124,0.022581,-0.998785,0.000000,28.778000
49694,0.006841,0.449708,-0.040848,-0.027309,-0.034190,0.022412,-0.998791,0.000000,28.688393
49701,0.006832,0.449703,-0.040847,-0.027306,-0.034188,0.022267,-0.998794,0.000000,28.603592
49701,0.006832,0.449703,-0.040847,-0.027306,-0.034188,0.022267,-0.998794,0.000000,28.514671
49708,0.006816,0.449700,-0.040857,-0.027171,-0.034121,0.021954,-0.998807,0.000000,28.434334
49708,0.006816,0.449700,-0.040857,-0.027171,-0.034121,0.021954,-0.998807,0.000000,28.344383
49715,0.006802,0.449699,-0.040866,-0.027065,-0.034125,0.021743,-0.998814,-0.000343,28.249626
49718,0.006793,0.449697,-0.040872,-0.027009,-0.034115,0.021616,-0.998819,-0.000343,28.159332
49718,0.006793,0.449697,-0.040872,-0.027009,-0.034115,0.021616,-0.998819,0.000000,28.068695
49726,0.006774,0.449695,-0.040884,-0.026795,-0.034170,0.021281,-0.998830,-0.000343,27.984924
49726,0.006774,0.449695,-0.040884,-0.026795,-0.034170,0.021281,-0.998830,0.000000,27.899780
49729,0.006768,0.449693,-0.040885,-0.026811,-0.034162,0.021226,-0.998831,-0.000343,27.803993
49733,0.006761,0.449690,-0.040887,-0.026794,-0.034140,0.021102,-0.998835,0.000000,27.722282
49740,0.006750,0.449689,-0.040888,-0.026631,-0.034116,0.020784,-0.998847,0.000000,27.628555
49740,0.006750,0.449689,-0.040888,-0.026631,-0.034116,0.020784,-0.998847,0.000000,27.534485
49744,0.006752,0.449689,-0.040889,-0.026578,-0.034167,0.020709,-0.998848,-0.000343,27.443504
49751,0.006743,0.449686,-0.040891,-0.026554,-0.034156,0.020487,-0.998854,-0.000343,27.358017
49751,0.006743,0.449686,-0.040891,-0.026554,-0.034156,0.020487,-0.998854,-0.000343,27.264633
49758,0.006720,0.449684,-0.040898,-0.026373,-0.034090,0.020200,-0.998866,-0.000343,27.192192
49761,0.006709,0.449684,-0.040901,-0.026292,-0.034129,0.020078,-0.998870,0.000000,27.102242
49765,0.006700,0.449680,-0.040903,-0.026348,-0.034125,0.020050,-0.998869,0.000000,27.003365
49768,0.006693,0.449683,-0.040908,-0.026220,-0.034146,0.019967,-0.998873,-0.000343,26.908607
49768,0.006693,0.449683,-0.040908,-0.026220,-0.034146,0.019967,-0.998873,0.000000,26.820717
49772,0.006686,0.449682,-0.040913,-0.026188,-0.034183,0.019830,-0.998876,-0.000343,26.737289
49779,0.006680,0.449682,-0.040924,-0.026058,-0.034130,0.019612,-0.998885,-0.000343,26.648026
49779,0.006680,0.449682,-0.040924,-0.026058,-0.034130,0.019612,-0.998885,-0.000343,26.568375
49783,0.006679,0.449680,-0.040924,-0.026072,-0.034123,0.019587,-0.998886,-0.000343,26.470184
49789,0.006677,0.449678,-0.040923,-0.025999,-0.034106,0.019388,-0.998892,-0.000343,26.384354
49789,0.006677,0.449678,-0.040923,-0.025999,-0.034106,0.019388,-0.998892,-0.000343,26.288910
49797,0.006670,0.449676,-0.040915,-0.025943,-0.034136,0.019233,-0.998895,-0.000343,26.193810
49797,0.006670,0.449676,-0.040915,-0.025943,-0.034136,0.019233,-0.998895,0.000000,26.100426
49804,0.006652,0.449671,-0.040921,-0.025816,-0.034131,0.019005,-0.998903,-0.000343,26.014595
49807,0.006647,0.449673,-0.040928,-0.025828,-0.034104,0.018880,-0.998906,0.000000,25.939407
49807,0.006647,0.449673,-0.040928,-0.025828,-0.034104,0.018880,-0.998906,-0.000343,25.855293
49811,0.006633,0.449673,-0.040938,-0.025717,-0.034141,0.018844,-0.998908,-0.000343,25.765343
49818,0.006620,0.449672,-0.040948,-0.025699,-0.034149,0.018662,-0.998912,-0.000343,25.672302
49822,0.006615,0.449671,-0.040953,-0.025540,-0.034158,0.018471,-0.998919,0.000000,25.580292
49822,0.006615,0.449671,-0.040953,-0.025540,-0.034158,0.018471,-0.998919,-0.000343,25.483131
49825,0.006620,0.449671,-0.040951,-0.025571,-0.034157,0.018468,-0.998919,-0.000343,25.388031
49832,0.006618,0.449666,-0.040942,-0.025493,-0.034142,0.018331,-0.998924,-0.000343,25.307007
49832,0.006618,0.449666,-0.040942,-0.025493,-0.034142,0.018331,-0.998924,-0.000343,25.224266
49839,0.006613,0.449664,-0.040939,-0.025510,-0.034105,0.018150,-0.998928,-0.000343,25.138435
49839,0.006613,0.449664,-0.040939,-0.025510,-0.034105,0.018150,-0.998928,-0.000343,25.047455
49843,0.006606,0.449665,-0.040944,-0.025316,-0.034166,0.017959,-0.998934,-0.000343,24.959908
49850,0.006587,0.449663,-0.040955,-0.025328,-0.034150,0.017861,-0.998936,-0.000343,24.872017
49850,0.006587,0.449663,-0.040955,-0.025328,-0.034150,0.017861,-0.998936,-0.000343,24.780006
49854,0.006575,0.449663,-0.040967,-0.025176,-0.034156,0.017663,-0.998943,0.000000,24.695206
49861,0.006567,0.449665,-0.040973,-0.025133,-0.034194,0.017586,-0.998944,0.000000,24.601822
49864,0.006562,0.449663,-0.040976,-0.025074,-0.034159,0.017488,-0.998949,-0.000343,24.511528
49864,0.006562,0.449663,-0.040976,-0.025074,-0.034159,0.017488,-0.998949,0.000000,24.420547
49871,0.006558,0.449660,-0.040969,-0.025077,-0.034181,0.017362,-0.998950,-0.000343,24.327164
49871,0.006558,0.449660,-0.040969,-0.025077,-0.034181,0.017362,-0.998950,-0.000343,24.237556
49878,0.006556,0.449659,-0.040965,-0.024958,-0.034126,0.017136,-0.998959,-0.000343,24.149323
49882,0.006555,0.449656,-0.040965,-0.024956,-0.034152,0.017135,-0.998958,-0.000343,24.064178
49882,0.006555,0.449656,-0.040965,-0.024956,-0.034152,0.017135,-0.998958,-0.000343,23.973885
49889,0.006546,0.449656,-0.040971,-0.024819,-0.034196,0.016903,-0.998964,-0.000343,23.883934
49889,0.006546,0.449656,-0.040971,-0.024819,-0.034196,0.016903,-0.998964,-0.000343,23.799133
49896,0.006530,0.449655,-0.040984,-0.024735,-0.034177,0.016738,-0.998969,-0.000343,23.710899
49896,0.006530,0.449655,-0.040984,-0.024735,-0.034177,0.016738,-0.998969,0.000000,23.618546
49903,0.006522,0.449656,-0.040993,-0.024733,-0.034156,0.016612,-0.998972,0.000000,23.534088
49903,0.006522,0.449656,-0.040993,-0.024733,-0.034156,0.016612,-0.998972,0.000000,23.453407
49907,0.006517,0.449656,-0.040998,-0.024618,-0.034138,0.016521,-0.998977,-0.000343,23.363800
49911,0.006511,0.449651,-0.040996,-0.024694,-0.034146,0.016484,-0.998976,0.000000,23.264580
49914,0.006509,0.449653,-0.040992,-0.024640,-0.034166,0.016402,-0.998978,-0.000343,23.169823
49921,0.006503,0.449649,-0.040990,-0.024553,-0.034186,0.016197,-0.998983,0.000000,23.081932
49924,0.006502,0.449650,-0.040989,-0.024506,-0.034204,0.016115,-0.998984,0.000000,22.994041
49928,0.006494,0.449648,-0.040993,-0.024438,-0.034134,0.016027,-0.998990,0.000000,22.904434
49928,0.006494,0.449648,-0.040993,-0.024438,-0.034134,0.016027,-0.998990,0.000000,22.824097
49935,0.006483,0.449647,-0.040998,-0.024422,-0.034136,0.015874,-0.998993,0.000000,22.729683
49935,0.006483,0.449647,-0.040998,-0.024422,-0.034136,0.015874,-0.998993,-0.000343,22.631836
49942,0.006472,0.449647,-0.041009,-0.024227,-0.034210,0.015654,-0.998998,-0.000343,22.540855
49946,0.006462,0.449645,-0.041013,-0.024237,-0.034180,0.015591,-0.999000,-0.000343,22.450562
49946,0.006462,0.449645,-0.041013,-0.024237,-0.034180,0.015591,-0.999000,0.000000,22.371941
49953,0.006452,0.449643,-0.041018,-0.024094,-0.034157,0.015403,-0.999007,-0.000343,22.291603
49953,0.006452,0.449643,-0.041018,-0.024094,-0.034157,0.015403,-0.999007,-0.000343,22.216415
49960,0.006447,0.449643,-0.041017,-0.023969,-0.034191,0.015235,-0.999012,-0.000343,22.126465
49960,0.006447,0.449643,-0.041017,-0.023969,-0.034191,0.015235,-0.999012,0.000000,22.029648
49960,0.006447,0.449643,-0.041017,-0.023969,-0.034191,0.015235,-0.999012,-0.000343,21.929398
49960,0.006447,0.449643,-0.041017,-0.023969,-0.034191,0.015235,-0.999012,0.000000,21.822624
49960,0.006447,0.449643,-0.041017,-0.023969,-0.034191,0.015235,-0.999012,-0.000343,21.732674
49960,0.006447,0.449643,-0.041017,-0.023969,-0.034191,0.015235,-0.999012,0.000000,21.654396
49960,0.006447,0.449643,-0.041017,-0.023969,-0.034191,0.015235,-0.999012,-0.000343,21.575089
49960,0.006447,0.449643,-0.041017,-0.023969,-0.034191,0.015235,-0.999012,0.000000,21.494408
49960,0.006447,0.449643,-0.041017,-0.023969,-0.034191,0.015235,-0.999012,-0.000343,21.401367
49960,0.006447,0.449643,-0.041017,-0.023969,-0.034191,0.015235,-0.999012,-0.000343,21.301460
49960,0.006447,0.449643,-0.041017,-0.023969,-0.034191,0.015235,-0.999012,0.000000,21.208076
49960,0.006447,0.449643,-0.041017,-0.023969,-0.034191,0.015235,-0.999012,-0.000343,21.122246
49960,0.006447,0.449643,-0.041017,-0.023969,-0.034191,0.015235,-0.999012,-0.000343,21.038475
49960,0.006447,0.449643,-0.041017,-0.023969,-0.034191,0.015235,-0.999012,0.000000,20.960884
49960,0.006447,0.449643,-0.041017,-0.023969,-0.034191,0.015235,-0.999012,0.000000,20.874367
49960,0.006447,0.449643,-0.041017,-0.023969,-0.034191,0.015235,-0.999012,0.000000,20.780296
49960,0.006447,0.449643,-0.041017,-0.023969,-0.034191,0.015235,-0.999012,-0.000343,20.685196
49960,0.006447,0.449643,-0.041017,-0.023969,-0.034191,0.015235,-0.999012,0.000000,20.592842
49960,0.006447,0.449643,-0.041017,-0.023969,-0.034191,0.015235,-0.999012,-0.000343,20.501518
49960,0.006447,0.449643,-0.041017,-0.023969,-0.034191,0.015235,-0.999012,0.000000,20.415001
49960,0.006447,0.449643,-0.041017,-0.023969,-0.034191,0.015235,-0.999012,-0.000343,20.331917
49960,0.006447,0.449643,-0.041017,-0.023969,-0.034191,0.015235,-0.999012,-0.000343,20.244713
49960,0.006447,0.449643,-0.041017,-0.023969,-0.034191,0.015235,-0.999012,-0.000343,20.152016
49960,0.006447,0.449643,-0.041017,-0.023969,-0.034191,0.015235,-0.999012,-0.000343,20.062408
49960,0.006447,0.449643,-0.041017,-0.023969,-0.034191,0.015235,-0.999012,-0.000343,19.976234
49960,0.006447,0.449643,-0.041017,-0.023969,-0.034191,0.015235,-0.999012,0.000000,19.879417
49960,0.006447,0.449643,-0.041017,-0.023969,-0.034191,0.015235,-0.999012,-0.000343,19.788094
49960,0.006447,0.449643,-0.041017,-0.023969,-0.034191,0.015235,-0.999012,-0.000343,19.706039
49960,0.006447,0.449643,-0.041017,-0.023969,-0.034191,0.015235,-0.999012,0.000000,19.629822
49960,0.006447,0.449643,-0.041017,-0.023969,-0.034191,0.015235,-0.999012,-0.000343,19.541931
49960,0.006447,0.449643,-0.041017,-0.023969,-0.034191,0.015235,-0.999012,-0.000343,19.449577
50070,0.006339,0.449620,-0.041059,-0.023074,-0.034138,0.013131,-0.999065,0.000000,19.362030
50074,0.006329,0.449620,-0.041066,-0.022982,-0.034109,0.013034,-0.999069,-0.000343,19.262810
50074,0.006329,0.449620,-0.041066,-0.022982,-0.034109,0.013034,-0.999069,-0.000343,19.171143
50077,0.006326,0.449621,-0.041072,-0.022911,-0.034140,0.012979,-0.999070,0.000000,19.082222
50084,0.006317,0.449618,-0.041079,-0.022949,-0.034171,0.012904,-0.999069,0.000000,18.985405
50088,0.006312,0.449617,-0.041084,-0.022787,-0.034163,0.012729,-0.999075,0.000000,18.897514
50088,0.006312,0.449617,-0.041084,-0.022787,-0.034163,0.012729,-0.999075,-0.000343,18.810654
50091,0.006309,0.449617,-0.041081,-0.022797,-0.034188,0.012699,-0.999075,0.000000,18.723450
50098,0.006307,0.449617,-0.041079,-0.022762,-0.034127,0.012597,-0.999079,-0.000343,18.639336
50102,0.006302,0.449615,-0.041077,-0.022754,-0.034102,0.012506,-0.999081,0.000000,18.556252
50102,0.006302,0.449615,-0.041077,-0.022754,-0.034102,0.012506,-0.999081,0.000000,18.472824
50109,0.006298,0.449612,-0.041082,-0.022592,-0.034165,0.012337,-0.999085,-0.000343,18.384247
50113,0.006295,0.449612,-0.041083,-0.022625,-0.034166,0.012258,-0.999085,0.000000,18.290176
50113,0.006295,0.449612,-0.041083,-0.022625,-0.034166,0.012258,-0.999085,0.000000,18.187523
50116,0.006289,0.449611,-0.041088,-0.022656,-0.034141,0.012288,-0.999085,0.000000,18.107529
50120,0.006280,0.449610,-0.041094,-0.022422,-0.034163,0.012094,-0.999092,0.000000,18.013458
50123,0.006280,0.449612,-0.041095,-0.022497,-0.034140,0.012109,-0.999090,0.000000,17.923164
50127,0.006272,0.449609,-0.041096,-0.022408,-0.034156,0.011999,-0.999093,-0.000343,17.844543
50134,0.006264,0.449607,-0.041095,-0.022369,-0.034205,0.011850,-0.999094,0.000000,17.766266
50134,0.006264,0.449607,-0.041095,-0.022369,-0.034205,0.011850,-0.999094,0.000000,17.676659
50141,0.006259,0.449603,-0.041100,-0.022264,-0.034203,0.011668,-0.999099,0.000000,17.581902
50141,0.006259,0.449603,-0.041100,-0.022264,-0.034203,0.011668,-0.999099,0.000000,17.489891
50145,0.006258,0.449603,-0.041099,-0.022327,-0.034172,0.011695,-0.999098,0.000000,17.392044
50152,0.006254,0.449602,-0.041104,-0.022163,-0.034183,0.011496,-0.999104,-0.000343,17.296944
50152,0.006254,0.449602,-0.041104,-0.022163,-0.034183,0.011496,-0.999104,-0.000343,17.217293
50159,0.006251,0.449601,-0.041106,-0.022176,-0.034203,0.011402,-0.999104,0.000000,17.130432
50159,0.006251,0.449601,-0.041106,-0.022176,-0.034203,0.011402,-0.999104,0.000000,17.047691
50163,0.006245,0.449601,-0.041107,-0.022110,-0.034193,0.011329,-0.999107,-0.000343,16.960831
50170,0.006230,0.449598,-0.041111,-0.022048,-0.034178,0.011184,-0.999110,-0.000343,16.869850
50170,0.006230,0.449598,-0.041111,-0.022048,-0.034178,0.011184,-0.999110,0.000000,16.777153
50173,0.006220,0.449595,-0.041114,-0.022012,-0.034211,0.011103,-0.999111,0.000000,16.683426
50180,0.006212,0.449594,-0.041117,-0.021999,-0.034209,0.011010,-0.999112,0.000000,16.595535
50180,0.006212,0.449594,-0.041117,-0.021999,-0.034209,0.011010,-0.999112,0.000000,16.511421
50187,0.006209,0.449596,-0.041125,-0.021894,-0.034213,0.010815,-0.999116,0.000000,16.425934
50187,0.006209,0.449596,-0.041125,-0.021894,-0.034213,0.010815,-0.999116,0.000000,16.334267
50191,0.006203,0.449592,-0.041126,-0.021894,-0.034188,0.010791,-0.999117,0.000000,16.246376
50195,0.006201,0.449591,-0.041126,-0.021836,-0.034205,0.010669,-0.999119,0.000000,16.154709
50198,0.006201,0.449590,-0.041125,-0.021894,-0.034185,0.010666,-0.999119,-0.000343,16.070938
50205,0.006200,0.449591,-0.041122,-0.021743,-0.034222,0.010527,-0.999122,0.000000,15.986137
50205,0.006200,0.449591,-0.041122,-0.021743,-0.034222,0.010527,-0.999122,0.000000,15.892754
50209,0.006194,0.449585,-0.041122,-0.021819,-0.034225,0.010450,-0.999121,0.000000,15.805206
50216,0.006177,0.449584,-0.041131,-0.021638,-0.034225,0.010243,-0.999127,0.000000,15.703926
50219,0.006171,0.449583,-0.041132,-0.021688,-0.034229,0.010231,-0.999126,0.000000,15.607796
50223,0.006163,0.449582,-0.041141,-0.021584,-0.034214,0.010093,-0.999130,0.000000,15.514069
50223,0.006163,0.449582,-0.041141,-0.021584,-0.034214,0.010093,-0.999130,0.000000,15.432014
50230,0.006151,0.449580,-0.041148,-0.021543,-0.034230,0.009929,-0.999132,0.000000,15.357513
50230,0.006151,0.449580,-0.041148,-0.021543,-0.034230,0.009929,-0.999132,0.000000,15.283699
50234,0.006148,0.449578,-0.041150,-0.021395,-0.034233,0.009774,-0.999137,0.000000,15.199242
50241,0.006149,0.449577,-0.041144,-0.021461,-0.034232,0.009718,-0.999136,0.000000,15.106888
50244,0.006152,0.449577,-0.041141,-0.021422,-0.034210,0.009623,-0.999139,0.000000,15.013847
50244,0.006152,0.449577,-0.041141,-0.021422,-0.034210,0.009623,-0.999139,0.000000,14.911537
50251,0.006143,0.449575,-0.041142,-0.021348,-0.034200,0.009476,-0.999142,0.000000,14.814720
50251,0.006143,0.449575,-0.041142,-0.021348,-0.034200,0.009476,-0.999142,0.000000,14.725456
50258,0.006136,0.449576,-0.041149,-0.021250,-0.034244,0.009303,-0.999144,0.000000,14.641685
50258,0.006136,0.449576,-0.041149,-0.021250,-0.034244,0.009303,-0.999144,0.000000,14.558945
50265,0.006121,0.449571,-0.041159,-0.021251,-0.034212,0.009180,-0.999147,0.000000,14.477921
50265,0.006121,0.449571,-0.041159,-0.021251,-0.034212,0.009180,-0.999147,0.000000,14.395523
50269,0.006108,0.449571,-0.041168,-0.021096,-0.034212,0.009019,-0.999151,0.000000,14.302826
50273,0.006105,0.449570,-0.041166,-0.021206,-0.034208,0.009029,-0.999149,0.000000,14.209099
50276,0.006100,0.449569,-0.041169,-0.021116,-0.034223,0.008917,-0.999151,0.000000,14.117088
50280,0.006096,0.449568,-0.041168,-0.021086,-0.034230,0.008833,-0.999153,0.000000,14.035378
50287,0.006097,0.449569,-0.041166,-0.021025,-0.034205,0.008729,-0.999156,0.000000,13.941994
50287,0.006097,0.449569,-0.041166,-0.021025,-0.034205,0.008729,-0.999156,0.000000,13.843117
50294,0.006100,0.449567,-0.041163,-0.021038,-0.034204,0.008646,-0.999156,0.000000,13.750763
50294,0.006100,0.449567,-0.041163,-0.021038,-0.034204,0.008646,-0.999156,-0.000343,13.659782
50297,0.006098,0.449563,-0.041165,-0.020943,-0.034235,0.008509,-0.999158,0.000000,13.567772
50301,0.006094,0.449563,-0.041167,-0.020881,-0.034241,0.008458,-0.999160,0.000000,13.487778
50305,0.006087,0.449563,-0.041169,-0.020965,-0.034226,0.008431,-0.999159,0.000000,13.418770
50308,0.006079,0.449562,-0.041170,-0.020899,-0.034223,0.008330,-0.999161,0.000000,13.330536
50312,0.006070,0.449562,-0.041177,-0.020798,-0.034238,0.008255,-0.999163,0.000000,13.241272
50315,0.006062,0.449560,-0.041180,-0.020821,-0.034237,0.008167,-0.999164,0.000000,13.149605
50322,0.006048,0.449559,-0.041189,-0.020680,-0.034231,0.008034,-0.999168,0.000000,13.047638
50322,0.006048,0.449559,-0.041189,-0.020680,-0.034231,0.008034,-0.999168,0.000000,12.951851
50326,0.006046,0.449557,-0.041190,-0.020797,-0.034230,0.007970,-0.999166,0.000000,12.858124
50329,0.006048,0.449558,-0.041191,-0.020745,-0.034251,0.007943,-0.999166,0.000000,12.776070
50336,0.006050,0.449555,-0.041187,-0.020588,-0.034273,0.007773,-0.999170,0.000000,12.692642
50336,0.006050,0.449555,-0.041187,-0.020588,-0.034273,0.007773,-0.999170,0.000000,12.617798
50340,0.006050,0.449556,-0.041182,-0.020618,-0.034242,0.007774,-0.999171,0.000000,12.532997
50347,0.006047,0.449554,-0.041178,-0.020605,-0.034218,0.007640,-0.999173,0.000000,12.443733
50350,0.006043,0.449552,-0.041179,-0.020574,-0.034230,0.007607,-0.999173,0.000000,12.353439
50354,0.006036,0.449553,-0.041186,-0.020487,-0.034274,0.007529,-0.999174,0.000343,12.262802
50354,0.006036,0.449553,-0.041186,-0.020487,-0.034274,0.007529,-0.999174,0.000000,12.176971
50358,0.006027,0.449551,-0.041195,-0.020484,-0.034272,0.007418,-0.999175,0.000000,12.075691
50365,0.006011,0.449552,-0.041213,-0.020308,-0.034262,0.007255,-0.999180,0.000000,11.989517
50365,0.006011,0.449552,-0.041213,-0.020308,-0.034262,0.007255,-0.999180,0.000000,11.904716
50368,0.006009,0.449550,-0.041215,-0.020389,-0.034234,0.007296,-0.999179,0.000000,11.813049
50372,0.006009,0.449551,-0.041213,-0.020337,-0.034265,0.007217,-0.999180,0.000000,11.725159
50379,0.006010,0.449548,-0.041202,-0.020335,-0.034259,0.007083,-0.999181,0.000000,11.629372
50382,0.006013,0.449546,-0.041193,-0.020384,-0.034257,0.007102,-0.999180,0.000000,11.542168
50382,0.006013,0.449546,-0.041193,-0.020384,-0.034257,0.007102,-0.999180,0.000000,11.448441
50390,0.006012,0.449545,-0.041192,-0.020305,-0.034251,0.006975,-0.999183,0.000000,11.351624
50390,0.006012,0.449545,-0.041192,-0.020305,-0.034251,0.006975,-0.999183,0.000000,11.257553
50397,0.006000,0.449543,-0.041204,-0.020153,-0.034250,0.006821,-0.999187,0.000343,11.188545
50397,0.006000,0.449543,-0.041204,-0.020153,-0.034250,0.006821,-0.999187,0.000000,11.116447
50404,0.005986,0.449542,-0.041218,-0.020156,-0.034282,0.006701,-0.999187,0.000343,11.037140
50407,0.005981,0.449543,-0.041222,-0.020085,-0.034313,0.006664,-0.999187,0.000343,10.955772
50407,0.005981,0.449543,-0.041222,-0.020085,-0.034313,0.006664,-0.999187,0.000000,10.859642
50414,0.005978,0.449541,-0.041223,-0.020153,-0.034256,0.006594,-0.999188,0.000343,10.760078
50414,0.005978,0.449541,-0.041223,-0.020153,-0.034256,0.006594,-0.999188,0.000343,10.657425
50421,0.005971,0.449539,-0.041220,-0.020004,-0.034273,0.006486,-0.999191,0.000343,10.554428
50425,0.005975,0.449538,-0.041214,-0.020051,-0.034258,0.006460,-0.999191,0.000343,10.462074
50429,0.005979,0.449539,-0.041210,-0.020018,-0.034295,0.006386,-0.999191,0.000000,10.376930
50432,0.005977,0.449538,-0.041210,-0.019959,-0.034296,0.006331,-0.999192,0.000000,10.306206
50432,0.005977,0.449538,-0.041210,-0.019959,-0.034296,0.006331,-0.999192,0.000000,10.232735
50436,0.005976,0.449536,-0.041212,-0.019990,-0.034240,0.006290,-0.999194,0.000000,10.146217
50443,0.005970,0.449536,-0.041217,-0.019991,-0.034237,0.006234,-0.999194,0.000000,10.051460
50443,0.005970,0.449536,-0.041217,-0.019991,-0.034237,0.006234,-0.999194,0.000343,9.959450
50447,0.005965,0.449536,-0.041224,-0.019843,-0.034275,0.006126,-0.999197,0.000343,9.869843
50454,0.005952,0.449534,-0.041232,-0.019860,-0.034290,0.006030,-0.999196,0.000000,9.778175
50457,0.005947,0.449534,-0.041235,-0.019865,-0.034272,0.006002,-0.999197,0.000000,9.696808
50457,0.005947,0.449534,-0.041235,-0.019865,-0.034272,0.006002,-0.999197,0.000343,9.603081
50461,0.005937,0.449532,-0.041239,-0.019731,-0.034282,0.005861,-0.999200,0.000343,9.508324
50468,0.005935,0.449531,-0.041235,-0.019699,-0.034284,0.005780,-0.999201,0.000343,9.421806
50471,0.005934,0.449529,-0.041234,-0.019679,-0.034296,0.005745,-0.999201,0.000343,9.333572
50471,0.005934,0.449529,-0.041234,-0.019679,-0.034296,0.005745,-0.999201,0.000000,9.241562
50475,0.005938,0.449530,-0.041228,-0.019680,-0.034294,0.005636,-0.999202,0.000343,9.154358
50478,0.005938,0.449530,-0.041227,-0.019707,-0.034305,0.005619,-0.999201,0.000343,9.075737
50482,0.005934,0.449528,-0.041229,-0.019575,-0.034320,0.005470,-0.999204,0.000343,8.980293
50489,0.005926,0.449525,-0.041233,-0.019579,-0.034287,0.005396,-0.999206,0.000343,8.892403
50489,0.005926,0.449525,-0.041233,-0.019579,-0.034287,0.005396,-0.999206,0.000000,8.804169
50493,0.005916,0.449524,-0.041240,-0.019417,-0.034310,0.005223,-0.999209,0.000343,8.715935
50500,0.005907,0.449523,-0.041249,-0.019403,-0.034347,0.005115,-0.999209,0.000343,8.624611
50503,0.005905,0.449524,-0.041252,-0.019376,-0.034326,0.005082,-0.999210,0.000343,8.541183
50503,0.005905,0.449524,-0.041252,-0.019376,-0.034326,0.005082,-0.999210,0.000343,8.467369
50510,0.005896,0.449521,-0.041257,-0.019414,-0.034307,0.004993,-0.999210,0.000343,8.381538
50514,0.005891,0.449521,-0.041261,-0.019265,-0.034327,0.004849,-0.999213,0.000343,8.289871
50517,0.005892,0.449521,-0.041256,-0.019316,-0.034284,0.004862,-0.999214,0.000343,8.188591
50521,0.005895,0.449521,-0.041254,-0.019262,-0.034310,0.004777,-0.999214,0.000343,8.095551
50521,0.005895,0.449521,-0.041254,-0.019262,-0.034310,0.004777,-0.999214,0.000343,8.001823
50528,0.005895,0.449518,-0.041249,-0.019199,-0.034343,0.004676,-0.999215,0.000000,7.909470
50528,0.005895,0.449518,-0.041249,-0.019199,-0.034343,0.004676,-0.999215,0.000343,7.822266
50535,0.005885,0.449518,-0.041252,-0.019088,-0.034370,0.004554,-0.999216,0.000000,7.731628
50535,0.005885,0.449518,-0.041252,-0.019088,-0.034370,0.004554,-0.999216,0.000000,7.648544
50542,0.005875,0.449515,-0.041262,-0.019126,-0.034340,0.004450,-0.999217,0.000000,7.568550
50542,0.005875,0.449515,-0.041262,-0.019126,-0.034340,0.004450,-0.999217,0.000000,7.488556
50549,0.005863,0.449515,-0.041272,-0.018987,-0.034381,0.004259,-0.999219,0.000343,7.402725
50549,0.005863,0.449515,-0.041272,-0.018987,-0.034381,0.004259,-0.999219,0.000343,7.318954
50553,0.005860,0.449513,-0.041274,-0.019070,-0.034360,0.004286,-0.999218,0.000000,7.226257
50560,0.005856,0.449511,-0.041271,-0.019051,-0.034352,0.004155,-0.999220,0.000343,7.131844
50560,0.005856,0.449511,-0.041271,-0.019051,-0.034352,0.004155,-0.999220,0.000000,7.037430
50567,0.005853,0.449511,-0.041268,-0.018911,-0.034347,0.004027,-0.999223,0.000343,6.941299
50571,0.005853,0.449509,-0.041264,-0.018998,-0.034350,0.004021,-0.999221,0.000343,6.849976
50574,0.005854,0.449509,-0.041266,-0.018982,-0.034346,0.003963,-0.999222,0.000343,6.760025
50574,0.005854,0.449509,-0.041266,-0.018982,-0.034346,0.003963,-0.999222,0.000343,6.680031
50581,0.005853,0.449510,-0.041270,-0.018878,-0.034379,0.003824,-0.999223,0.000343,6.601067
50581,0.005853,0.449510,-0.041270,-0.018878,-0.034379,0.003824,-0.999223,0.000000,6.520042
50588,0.005845,0.449511,-0.041278,-0.018826,-0.034332,0.003733,-0.999226,0.000343,6.429749
50588,0.005845,0.449511,-0.041278,-0.018826,-0.034332,0.003733,-0.999226,0.000343,6.336365
50595,0.005839,0.449508,-0.041278,-0.018768,-0.034332,0.003688,-0.999228,0.000000,6.247444
50595,0.005839,0.449508,-0.041278,-0.018768,-0.034332,0.003688,-0.999228,0.000000,6.147194
50599,0.005834,0.449508,-0.041278,-0.018703,-0.034371,0.003623,-0.999228,0.000000,6.054840
50606,0.005825,0.449505,-0.041278,-0.018781,-0.034342,0.003529,-0.999228,0.000343,5.976906
50606,0.005825,0.449505,-0.041278,-0.018781,-0.034342,0.003529,-0.999228,0.000000,5.879059
50610,0.005816,0.449505,-0.041285,-0.018594,-0.034354,0.003409,-0.999231,0.000343,5.799751
50613,0.005816,0.449505,-0.041286,-0.018653,-0.034335,0.003410,-0.999231,0.000000,5.711517
50620,0.005819,0.449506,-0.041293,-0.018627,-0.034337,0.003368,-0.999231,0.000343,5.627747
50620,0.005819,0.449506,-0.041293,-0.018627,-0.034337,0.003368,-0.999231,0.000000,5.537453
50624,0.005819,0.449502,-0.041293,-0.018587,-0.034383,0.003258,-0.999231,0.000343,5.447502
50631,0.005818,0.449502,-0.041288,-0.018469,-0.034389,0.003131,-0.999233,0.000343,5.365448
50635,0.005817,0.449499,-0.041281,-0.018557,-0.034357,0.003143,-0.999232,0.000343,5.278931
50635,0.005817,0.449499,-0.041281,-0.018557,-0.034357,0.003143,-0.999232,0.000000,5.182800
50642,0.005805,0.449498,-0.041281,-0.018433,-0.034391,0.002990,-0.999234,0.000343,5.090446
50645,0.005802,0.449499,-0.041284,-0.018427,-0.034396,0.002959,-0.999234,0.000343,5.002556
50645,0.005802,0.449499,-0.041284,-0.018427,-0.034396,0.002959,-0.999234,0.000343,4.910889
50652,0.005792,0.449498,-0.041302,-0.018337,-0.034422,0.002885,-0.999235,0.000343,4.834671
50656,0.005790,0.449498,-0.041308,-0.018396,-0.034425,0.002881,-0.999234,0.000343,4.751930
50659,0.005788,0.449497,-0.041310,-0.018371,-0.034386,0.002845,-0.999236,0.000343,4.674683
50659,0.005788,0.449497,-0.041310,-0.018371,-0.034386,0.002845,-0.999236,0.000343,4.579926
50667,0.005792,0.449496,-0.041301,-0.018418,-0.034393,0.002821,-0.999235,0.000343,4.478645
50667,0.005792,0.449496,-0.041301,-0.018418,-0.034393,0.002821,-0.999235,0.000343,4.379425
50674,0.005795,0.449495,-0.041286,-0.018315,-0.034397,0.002676,-0.999237,0.000343,4.282951
50674,0.005795,0.449495,-0.041286,-0.018315,-0.034397,0.002676,-0.999237,0.000000,4.197464
50677,0.005793,0.449494,-0.041284,-0.018307,-0.034394,0.002647,-0.999237,0.000000,4.121933
50684,0.005788,0.449495,-0.041292,-0.018199,-0.034392,0.002578,-0.999239,0.000000,4.048119
50684,0.005788,0.449495,-0.041292,-0.018199,-0.034392,0.002578,-0.999239,0.000000,3.958511
50691,0.005777,0.449494,-0.041310,-0.018210,-0.034365,0.002510,-0.999240,0.000343,3.861351
50695,0.005771,0.449493,-0.041321,-0.018149,-0.034394,0.002468,-0.999241,0.000000,3.772087
50695,0.005771,0.449493,-0.041321,-0.018149,-0.034394,0.002468,-0.999241,0.000000,3.673210
50699,0.005766,0.449491,-0.041323,-0.018191,-0.034405,0.002424,-0.999240,0.000000,3.586006
50705,0.005760,0.449491,-0.041320,-0.018122,-0.034379,0.002280,-0.999242,0.000343,3.506012
50705,0.005760,0.449491,-0.041320,-0.018122,-0.034379,0.002280,-0.999242,0.000343,3.432541
50713,0.005763,0.449490,-0.041306,-0.018105,-0.034376,0.002262,-0.999242,0.000343,3.345337
50713,0.005763,0.449490,-0.041306,-0.018105,-0.034376,0.002262,-0.999242,0.000000,3.268433
50720,0.005762,0.449485,-0.041299,-0.018132,-0.034375,0.002156,-0.999242,0.000343,3.165436
50720,0.005762,0.449485,-0.041299,-0.018132,-0.034375,0.002156,-0.999242,0.000343,3.057976
50727,0.005760,0.449486,-0.041305,-0.018004,-0.034372,0.002060,-0.999245,0.000343,2.953606
50730,0.005760,0.449486,-0.041308,-0.018024,-0.034394,0.002040,-0.999244,0.000000,2.863655
50730,0.005760,0.449486,-0.041308,-0.018024,-0.034394,0.002040,-0.999244,0.000343,2.793274
50738,0.005746,0.449486,-0.041325,-0.017881,-0.034394,0.001909,-0.999247,0.000000,2.713280
50741,0.005742,0.449485,-0.041329,-0.017925,-0.034399,0.001907,-0.999246,0.000000,2.640839
50741,0.005742,0.449485,-0.041329,-0.017925,-0.034399,0.001907,-0.999246,0.000000,2.549858
50748,0.005735,0.449484,-0.041331,-0.017874,-0.034392,0.001808,-0.999247,0.000343,2.467804
50752,0.005736,0.449482,-0.041327,-0.017921,-0.034415,0.001756,-0.999245,0.000343,2.376480
50752,0.005736,0.449482,-0.041327,-0.017921,-0.034415,0.001756,-0.999245,0.000343,2.277260
50756,0.005736,0.449482,-0.041325,-0.017868,-0.034376,0.001762,-0.999248,0.000343,2.187309
50762,0.005739,0.449483,-0.041318,-0.017819,-0.034392,0.001678,-0.999248,0.000343,2.083969
50762,0.005739,0.449483,-0.041318,-0.017819,-0.034392,0.001678,-0.999248,0.000343,1.991272
50766,0.005739,0.449480,-0.041317,-0.017832,-0.034396,0.001644,-0.999248,0.000000,1.911964
50773,0.005736,0.449479,-0.041319,-0.017799,-0.034437,0.001556,-0.999247,0.000343,1.829567
50773,0.005736,0.449479,-0.041319,-0.017799,-0.034437,0.001556,-0.999247,0.000343,1.751976
50780,0.005725,0.449479,-0.041332,-0.017673,-0.034405,0.001459,-0.999251,0.000343,1.665802
50780,0.005725,0.449479,-0.041332,-0.017673,-0.034405,0.001459,-0.999251,0.000343,1.585808
50784,0.005723,0.449479,-0.041335,-0.017793,-0.034407,0.001536,-0.999248,0.000343,1.482124
50791,0.005715,0.449478,-0.041337,-0.017698,-0.034414,0.001389,-0.999250,0.000343,1.392174
50791,0.005715,0.449478,-0.041337,-0.017698,-0.034414,0.001389,-0.999250,0.000000,1.286087
50798,0.005712,0.449477,-0.041332,-0.017745,-0.034381,0.001368,-0.999250,0.000000,1.187553
50798,0.005712,0.449477,-0.041332,-0.017745,-0.034381,0.001368,-0.999250,0.000343,1.115112
50802,0.005711,0.449477,-0.041331,-0.017668,-0.034380,0.001279,-0.999252,0.000343,1.035805
50808,0.005715,0.449472,-0.041331,-0.017656,-0.034446,0.001196,-0.999250,0.000343,0.978470
50812,0.005711,0.449473,-0.041333,-0.017618,-0.034414,0.001213,-0.999252,0.000000,0.891609
50816,0.005711,0.449474,-0.041332,-0.017653,-0.034433,0.001189,-0.999250,0.000343,0.788956
50816,0.005711,0.449474,-0.041332,-0.017653,-0.034433,0.001189,-0.999250,0.000000,0.693512
50819,0.005705,0.449473,-0.041334,-0.017695,-0.034412,0.001160,-0.999250,0.000343,0.575409
50826,0.005698,0.449473,-0.041336,-0.017582,-0.034468,0.001081,-0.999251,0.000343,0.472069
50826,0.005698,0.449473,-0.041336,-0.017582,-0.034468,0.001081,-0.999251,0.000343,0.346069
50833,0.005692,0.449472,-0.041340,-0.017505,-0.034451,0.001011,-0.999253,0.000343,0.210457
50833,0.005692,0.449472,-0.041340,-0.017505,-0.034451,0.001011,-0.999253,0.000343,0.082397
50837,0.005693,0.449470,-0.041342,-0.017518,-0.034451,0.000942,-0.999252,0.000000,-0.014420
50844,0.005694,0.449470,-0.041345,-0.017395,-0.034474,0.000841,-0.999254,0.000000,-0.082054
50844,0.005694,0.449470,-0.041345,-0.017395,-0.034474,0.000841,-0.999254,0.000000,-0.106087
50848,0.005694,0.449468,-0.041345,-0.017420,-0.034506,0.000761,-0.999252,0.000343,-0.108833
50855,0.005689,0.449468,-0.041344,-0.017313,-0.034450,0.000669,-0.999256,0.000343,-0.108490
50858,0.005688,0.449467,-0.041339,-0.017370,-0.034454,0.000714,-0.999255,0.000343,-0.105057
50862,0.005686,0.449468,-0.041339,-0.017318,-0.034462,0.000639,-0.999256,0.000343,-0.077934
50865,0.005682,0.449467,-0.041341,-0.017324,-0.034449,0.000669,-0.999256,0.000000,-0.026779
50869,0.005675,0.449464,-0.041343,-0.017342,-0.034466,0.000577,-0.999255,0.000343,0.025406
50869,0.005675,0.449464,-0.041343,-0.017342,-0.034466,0.000577,-0.999255,0.000000,0.063858
50873,0.005667,0.449468,-0.041348,-0.017312,-0.034450,0.000630,-0.999256,0.000000,0.076218
50880,0.005663,0.449465,-0.041355,-0.017367,-0.034443,0.000590,-0.999256,0.000343,0.076218
50880,0.005663,0.449465,-0.041355,-0.017367,-0.034443,0.000590,-0.999256,0.000000,0.075531
50883,0.005661,0.449464,-0.041359,-0.017296,-0.034440,0.000527,-0.999257,0.000000,0.070724
50890,0.005671,0.449465,-0.041356,-0.017283,-0.034463,0.000485,-0.999256,0.000000,0.056992
50894,0.005674,0.449466,-0.041350,-0.017324,-0.034434,0.000512,-0.999257,0.000000,0.037766
50897,0.005676,0.449464,-0.041348,-0.017216,-0.034492,0.000427,-0.999257,0.000000,0.013046
50901,0.005675,0.449461,-0.041342,-0.017395,-0.034405,0.000504,-0.999256,0.000000,-0.009956
50904,0.005674,0.449462,-0.041341,-0.017311,-0.034436,0.000438,-0.999257,0.000343,-0.024719
50908,0.005673,0.449466,-0.041342,-0.017257,-0.034453,0.000454,-0.999257,0.000000,-0.030212
50908,0.005673,0.449466,-0.041342,-0.017257,-0.034453,0.000454,-0.999257,0.000000,-0.030556
50912,0.005669,0.449463,-0.041344,-0.017350,-0.034431,0.000474,-0.999256,0.000343,-0.030556
50918,0.005659,0.449463,-0.041355,-0.017227,-0.034463,0.000363,-0.999258,0.000000,-0.030556
50918,0.005659,0.449463,-0.041355,-0.017227,-0.034463,0.000363,-0.999258,0.000000,-0.030556
50926,0.005658,0.449465,-0.041360,-0.017306,-0.034427,0.000441,-0.999257,0.000343,-0.030212
50926,0.005658,0.449465,-0.041360,-0.017306,-0.034427,0.000441,-0.999257,0.000000,-0.029182
50933,0.005663,0.449463,-0.041356,-0.017372,-0.034405,0.000432,-0.999257,0.000000,-0.027466
50936,0.005666,0.449464,-0.041355,-0.017290,-0.034424,0.000444,-0.999258,0.000000,-0.022659
50940,0.005670,0.449463,-0.041351,-0.017244,-0.034448,0.000377,-0.999258,0.000343,-0.014420
50940,0.005670,0.449463,-0.041351,-0.017244,-0.034448,0.000377,-0.999258,0.000000,-0.005836
50947,0.005670,0.449463,-0.041344,-0.017328,-0.034414,0.000415,-0.999257,0.000000,0.003433
50951,0.005665,0.449463,-0.041348,-0.017234,-0.034445,0.000319,-0.999258,0.000000,0.009956
50954,0.005665,0.449462,-0.041350,-0.017302,-0.034404,0.000392,-0.999258,0.000000,0.013733
50958,0.005660,0.449463,-0.041356,-0.017196,-0.034470,0.000306,-0.999258,0.000000,0.015106
50958,0.005660,0.449463,-0.041356,-0.017196,-0.034470,0.000306,-0.999258,0.000343,0.015106
50961,0.005661,0.449466,-0.041360,-0.017209,-0.034466,0.000376,-0.999258,0.000000,0.014763
50968,0.005655,0.449463,-0.041363,-0.017324,-0.034444,0.000379,-0.999256,0.000000,0.014763
50968,0.005655,0.449463,-0.041363,-0.017324,-0.034444,0.000379,-0.999256,0.000000,0.014763
50975,0.005657,0.449464,-0.041358,-0.017267,-0.034420,0.000343,-0.999258,0.000343,0.014763
50979,0.005661,0.449462,-0.041354,-0.017210,-0.034443,0.000326,-0.999259,0.000000,0.014420
50979,0.005661,0.449462,-0.041354,-0.017210,-0.034443,0.000326,-0.999259,0.000000,0.014420
50983,0.005664,0.449462,-0.041345,-0.017182,-0.034451,0.000272,-0.999259,0.000000,0.014076
50990,0.005666,0.449463,-0.041342,-0.017184,-0.034444,0.000284,-0.999259,0.000000,0.013733
50993,0.005665,0.449459,-0.041347,-0.017168,-0.034456,0.000242,-0.999259,0.000000,0.013390
50997,0.005670,0.449461,-0.041350,-0.017250,-0.034436,0.000303,-0.999258,0.000000,0.012703
51000,0.005667,0.449461,-0.041357,-0.017228,-0.034428,0.000282,-0.999259,0.000000,0.012360
51000,0.005667,0.449461,-0.041357,-0.017228,-0.034428,0.000282,-0.999259,0.000000,0.011330
51004,0.005663,0.449464,-0.041365,-0.017153,-0.034461,0.000289,-0.999259,0.000000,0.010643
51007,0.005652,0.449463,-0.041369,-0.017171,-0.034438,0.000222,-0.999259,0.000000,0.009270
51011,0.005648,0.449462,-0.041375,-0.017208,-0.034462,0.000250,-0.999258,0.000000,0.007553
51018,0.005653,0.449464,-0.041379,-0.017201,-0.034449,0.000267,-0.999258,0.000000,0.005836
51018,0.005653,0.449464,-0.041379,-0.017201,-0.034449,0.000267,-0.999258,0.000000,0.004120
51022,0.005659,0.449466,-0.041374,-0.017216,-0.034404,0.000322,-0.999260,0.000343,0.002403
51029,0.005659,0.449461,-0.041344,-0.017310,-0.034444,0.000336,-0.999257,0.000000,0.001030
51029,0.005659,0.449461,-0.041344,-0.017310,-0.034444,0.000336,-0.999257,0.000000,0.000343
51036,0.005665,0.449460,-0.041322,-0.017287,-0.034418,0.000242,-0.999258,0.000000,-0.000687
51039,0.005669,0.449459,-0.041320,-0.017260,-0.034462,0.000269,-0.999257,0.000000,-0.001030
51039,0.005669,0.449459,-0.041320,-0.017260,-0.034462,0.000269,-0.999257,0.000000,-0.001373
51046,0.005662,0.449461,-0.041343,-0.017196,-0.034418,0.000250,-0.999260,0.000000,-0.001717
51050,0.005655,0.449461,-0.041363,-0.017294,-0.034433,0.000331,-0.999257,0.000000,-0.002060
51053,0.005647,0.449463,-0.041381,-0.017212,-0.034410,0.000232,-0.999260,0.000000,-0.002060
51053,0.005647,0.449463,-0.041381,-0.017212,-0.034410,0.000232,-0.999260,0.000000,-0.002060
51061,0.005645,0.449467,-0.041404,-0.017209,-0.034445,0.000239,-0.999258,0.000000,-0.002060
51061,0.005645,0.449467,-0.041404,-0.017209,-0.034445,0.000239,-0.999258,0.000000,-0.002060
51068,0.005648,0.449465,-0.041382,-0.017113,-0.034456,0.000210,-0.999260,0.000000,-0.002403
51068,0.005648,0.449465,-0.041382,-0.017113,-0.034456,0.000210,-0.999260,0.000000,-0.002403
51071,0.005650,0.449461,-0.041363,-0.017215,-0.034399,0.000257,-0.999260,0.000000,-0.002403
51078,0.005664,0.449460,-0.041322,-0.017241,-0.034384,0.000241,-0.999260,0.000343,-0.002403
51082,0.005665,0.449458,-0.041317,-0.017279,-0.034427,0.000215,-0.999258,0.000000,-0.002403
51085,0.005665,0.449457,-0.041318,-0.017355,-0.034419,0.000294,-0.999257,0.000000,-0.002060
51085,0.005665,0.449457,-0.041318,-0.017355,-0.034419,0.000294,-0.999257,0.000000,-0.002060
51089,0.005656,0.449459,-0.041339,-0.017171,-0.034420,0.000166,-0.999260,0.000000,-0.002060
51093,0.005650,0.449460,-0.041359,-0.017216,-0.034420,0.000209,-0.999259,-0.000343,-0.002403
51100,0.005644,0.449465,-0.041392,-0.017084,-0.034465,0.000165,-0.999260,0.000000,-0.002060
51100,0.005644,0.449465,-0.041392,-0.017084,-0.034465,0.000165,-0.999260,0.000000,-0.002060
51103,0.005643,0.449464,-0.041397,-0.017104,-0.034460,0.000167,-0.999260,0.000000,-0.002060
51107,0.005643,0.449466,-0.041390,-0.017128,-0.034457,0.000164,-0.999259,0.000000,-0.002060
51114,0.005645,0.449459,-0.041360,-0.017249,-0.034432,0.000149,-0.999258,0.000000,-0.002060
51117,0.005650,0.449457,-0.041347,-0.017225,-0.034418,0.000158,-0.999259,0.000000,-0.002403
51117,0.005650,0.449457,-0.041347,-0.017225,-0.034418,0.000158,-0.999259,0.000000,-0.002403
51124,0.005660,0.449461,-0.041335,-0.017169,-0.034407,0.000154,-0.999260,0.000000,-0.002060
51124,0.005660,0.449461,-0.041335,-0.017169,-0.034407,0.000154,-0.999260,-0.000343,-0.002060
51132,0.005660,0.449460,-0.041344,-0.017240,-0.034456,0.000237,-0.999258,0.000000,-0.002403
51132,0.005660,0.449460,-0.041344,-0.017240,-0.034456,0.000237,-0.999258,0.000000,-0.002060
51139,0.005649,0.449463,-0.041366,-0.017204,-0.034428,0.000225,-0.999259,0.000000,-0.002060
51142,0.005646,0.449465,-0.041373,-0.017059,-0.034433,0.000157,-0.999261,0.000000,-0.002060
51142,0.005646,0.449465,-0.041373,-0.017059,-0.034433,0.000157,-0.999261,0.000000,-0.002060
51149,0.005643,0.449463,-0.041377,-0.017159,-0.034421,0.000183,-0.999260,0.000000,-0.002060
51149,0.005643,0.449463,-0.041377,-0.017159,-0.034421,0.000183,-0.999260,-0.000343,-0.002060
51156,0.005642,0.449461,-0.041366,-0.017147,-0.034442,0.000130,-0.999260,0.000000,-0.002403
51156,0.005642,0.449461,-0.041366,-0.017147,-0.034442,0.000130,-0.999260,0.000000,-0.002060
51160,0.005647,0.449461,-0.041359,-0.017240,-0.034400,0.000211,-0.999259,0.000000,-0.002060
51167,0.005658,0.449463,-0.041349,-0.017277,-0.034394,0.000253,-0.999259,0.000000,-0.002060
51171,0.005662,0.449462,-0.041350,-0.017171,-0.034409,0.000191,-0.999260,0.000000,-0.002060
51171,0.005662,0.449462,-0.041350,-0.017171,-0.034409,0.000191,-0.999260,0.000000,-0.002060
51178,0.005656,0.449459,-0.041348,-0.017215,-0.034440,0.000148,-0.999259,-0.000343,-0.002060
51181,0.005653,0.449461,-0.041351,-0.017308,-0.034400,0.000203,-0.999258,0.000000,-0.002060
51181,0.005653,0.449461,-0.041351,-0.017308,-0.034400,0.000203,-0.999258,0.000000,-0.002060
51188,0.005647,0.449462,-0.041363,-0.017199,-0.034421,0.000172,-0.999259,0.000000,-0.002060
51188,0.005647,0.449462,-0.041363,-0.017199,-0.034421,0.000172,-0.999259,0.000000,-0.002060
51196,0.005641,0.449461,-0.041373,-0.017105,-0.034445,0.000093,-0.999260,0.000000,-0.001717
51196,0.005641,0.449461,-0.041373,-0.017105,-0.034445,0.000093,-0.999260,0.000000,-0.002060
51203,0.005641,0.449460,-0.041372,-0.017116,-0.034462,0.000104,-0.999259,0.000000,-0.001717
51206,0.005647,0.449460,-0.041370,-0.017137,-0.034416,0.000080,-0.999261,0.000000,-0.001717
51206,0.005647,0.449460,-0.041370,-0.017137,-0.034416,0.000080,-0.999261,0.000000,-0.001717
51213,0.005655,0.449460,-0.041356,-0.017234,-0.034424,0.000150,-0.999259,0.000000,-0.001717
51213,0.005655,0.449460,-0.041356,-0.017234,-0.034424,0.000150,-0.999259,-0.000343,-0.001717
51217,0.005655,0.449459,-0.041352,-0.017077,-0.034438,0.000052,-0.999261,0.000000,-0.001717
51221,0.005659,0.449457,-0.041346,-0.017286,-0.034410,0.000193,-0.999258,0.000000,-0.001373
51227,0.005653,0.449460,-0.041346,-0.017158,-0.034427,0.000103,-0.999260,-0.000343,-0.001373
51227,0.005653,0.449460,-0.041346,-0.017158,-0.034427,0.000103,-0.999260,-0.000343,-0.001373
51235,0.005642,0.449460,-0.041358,-0.017218,-0.034409,0.000159,-0.999260,0.000000,-0.001373
51235,0.005642,0.449460,-0.041358,-0.017218,-0.034409,0.000159,-0.999260,-0.000343,-0.001030
51242,0.005639,0.449462,-0.041372,-0.017274,-0.034412,0.000209,-0.999258,-0.000343,-0.001030
51242,0.005639,0.449462,-0.041372,-0.017274,-0.034412,0.000209,-0.999258,-0.000343,-0.001030
51245,0.005639,0.449454,-0.041385,-0.017313,-0.034333,0.000015,-0.999260,0.000000,-0.001030
51252,0.005645,0.449463,-0.041382,-0.017103,-0.034434,0.000096,-0.999261,0.000000,-0.000687
51252,0.005645,0.449463,-0.041382,-0.017103,-0.034434,0.000096,-0.999261,0.000000,-0.000687
51259,0.005649,0.449461,-0.041365,-0.017107,-0.034418,0.000069,-0.999261,0.000000,-0.000687
51259,0.005649,0.449461,-0.041365,-0.017107,-0.034418,0.000069,-0.999261,-0.000343,-0.000343
51267,0.005658,0.449461,-0.041343,-0.017177,-0.034405,0.000148,-0.999260,-0.000343,-0.000343
51270,0.005660,0.449461,-0.041341,-0.017189,-0.034390,0.000133,-0.999261,-0.000343,0.000000
51270,0.005660,0.449461,-0.041341,-0.017189,-0.034390,0.000133,-0.999261,-0.000343,0.000000
51274,0.005651,0.449459,-0.041339,-0.017269,-0.034345,0.000118,-0.999261,-0.000343,0.000343
51281,0.005627,0.449456,-0.041347,-0.017179,-0.034413,0.000047,-0.999260,-0.000343,0.000343
51281,0.005627,0.449456,-0.041347,-0.017179,-0.034413,0.000047,-0.999260,-0.000343,0.000687
51288,0.005645,0.449464,-0.041379,-0.017149,-0.034432,0.000120,-0.999260,0.000000,0.001030
51288,0.005645,0.449464,-0.041379,-0.017149,-0.034432,0.000120,-0.999260,-0.000343,0.001030
51291,0.005658,0.449464,-0.041391,-0.017141,-0.034429,0.000183,-0.999260,0.000000,0.001373
51298,0.005664,0.449462,-0.041388,-0.017215,-0.034387,0.000200,-0.999260,-0.000343,0.001373
51298,0.005664,0.449462,-0.041388,-0.017215,-0.034387,0.000200,-0.999260,-0.000343,0.001373
51306,0.005644,0.449458,-0.041349,-0.017194,-0.034427,0.000048,-0.999259,-0.000343,0.001373
51306,0.005644,0.449458,-0.041349,-0.017194,-0.034427,0.000048,-0.999259,0.000000,0.001717
51309,0.005644,0.449458,-0.041338,-0.017236,-0.034382,0.000089,-0.999260,-0.000343,0.001717
51316,0.005646,0.449459,-0.041338,-0.017170,-0.034372,0.000099,-0.999262,0.000000,0.001373
51316,0.005646,0.449459,-0.041338,-0.017170,-0.034372,0.000099,-0.999262,-0.000343,0.001717
51323,0.005638,0.449461,-0.041353,-0.017157,-0.034430,0.000054,-0.999260,0.000000,0.001717
51327,0.005638,0.449460,-0.041369,-0.017176,-0.034439,0.000048,-0.999259,0.000000,0.002060
51327,0.005638,0.449460,-0.041369,-0.017176,-0.034439,0.000048,-0.999259,-0.000343,0.001717
51334,0.005648,0.449463,-0.041393,-0.017002,-0.034445,0.000061,-0.999262,-0.000343,0.001717
51337,0.005651,0.449462,-0.041387,-0.017095,-0.034404,0.000086,-0.999262,-0.000343,0.001717
51337,0.005651,0.449462,-0.041387,-0.017095,-0.034404,0.000086,-0.999262,-0.000343,0.001717
51345,0.005642,0.449459,-0.041355,-0.017159,-0.034445,0.000077,-0.999259,0.000000,0.001717
51348,0.005642,0.449458,-0.041347,-0.017174,-0.034421,0.000029,-0.999260,-0.000343,0.001717
51352,0.005641,0.449458,-0.041345,-0.017211,-0.034384,0.000104,-0.999261,-0.000343,0.001717
51352,0.005641,0.449458,-0.041345,-0.017211,-0.034384,0.000104,-0.999261,-0.000343,0.001717
51355,0.005639,0.449458,-0.041350,-0.017123,-0.034378,0.000026,-0.999262,0.000000,0.001717
51362,0.005633,0.449458,-0.041362,-0.017177,-0.034387,0.000026,-0.999261,-0.000343,0.001717
51362,0.005633,0.449458,-0.041362,-0.017177,-0.034387,0.000026,-0.999261,0.000000,0.001717
51366,0.005637,0.449459,-0.041369,-0.017131,-0.034413,0.000073,-0.999261,-0.000343,0.001717
51373,0.005653,0.449462,-0.041377,-0.017194,-0.034440,0.000162,-0.999259,-0.000343,0.001717
51373,0.005653,0.449462,-0.041377,-0.017194,-0.034440,0.000162,-0.999259,0.000000,0.001717
51380,0.005650,0.449459,-0.041362,-0.017177,-0.034394,0.000105,-0.999261,-0.000343,0.001717
51380,0.005650,0.449459,-0.041362,-0.017177,-0.034394,0.000105,-0.999261,0.000000,0.001717
51387,0.005636,0.449457,-0.041346,-0.017181,-0.034394,0.000106,-0.999261,0.000000,0.002060
51387,0.005636,0.449457,-0.041346,-0.017181,-0.034394,0.000106,-0.999261,0.000000,0.001717
51391,0.005637,0.449456,-0.041344,-0.017250,-0.034411,0.000095,-0.999259,0.000000,0.001717
51398,0.005638,0.449460,-0.041366,-0.017127,-0.034437,0.000064,-0.999260,-0.000343,0.002060
51398,0.005638,0.449460,-0.041366,-0.017127,-0.034437,0.000064,-0.999260,-0.000343,0.001717
51405,0.005634,0.449459,-0.041379,-0.017171,-0.034397,0.000073,-0.999261,-0.000343,0.001717
51405,0.005634,0.449459,-0.041379,-0.017171,-0.034397,0.000073,-0.999261,0.000000,0.001717
51412,0.005640,0.449460,-0.041376,-0.017157,-0.034445,0.000096,-0.999259,-0.000343,0.001717
51412,0.005640,0.449460,-0.041376,-0.017157,-0.034445,0.000096,-0.999259,-0.000343,0.001717
51419,0.005654,0.449461,-0.041357,-0.017131,-0.034450,0.000064,-0.999260,0.000000,0.001717
51419,0.005654,0.449461,-0.041357,-0.017131,-0.034450,0.000064,-0.999260,-0.000343,0.001717
51423,0.005651,0.449455,-0.041347,-0.017200,-0.034429,0.000029,-0.999259,-0.000343,0.001717
51430,0.005637,0.449455,-0.041341,-0.017087,-0.034411,-0.000046,-0.999262,-0.000343,0.002060
51430,0.005637,0.449455,-0.041341,-0.017087,-0.034411,-0.000046,-0.999262,-0.000343,0.001717
51437,0.005629,0.449459,-0.041359,-0.017140,-0.034429,0.000028,-0.999260,-0.000343,0.001717
51437,0.005629,0.449459,-0.041359,-0.017140,-0.034429,0.000028,-0.999260,0.000000,0.001717
51444,0.005627,0.449460,-0.041381,-0.017079,-0.034448,0.000009,-0.999261,-0.000343,0.001717
51448,0.005629,0.449460,-0.041386,-0.017103,-0.034417,0.000072,-0.999261,-0.000343,0.001717
51448,0.005629,0.449460,-0.041386,-0.017103,-0.034417,0.000072,-0.999261,-0.000343,0.001717
51455,0.005638,0.449459,-0.041373,-0.017175,-0.034379,0.000093,-0.999261,0.000000,0.001717
51458,0.005641,0.449458,-0.041363,-0.017129,-0.034393,0.000044,-0.999262,-0.000343,0.001717
51458,0.005641,0.449458,-0.041363,-0.017129,-0.034393,0.000044,-0.999262,-0.000343,0.001717
51462,0.005643,0.449457,-0.041349,-0.017143,-0.034401,0.000041,-0.999261,0.000000,0.001717
51466,0.005643,0.449455,-0.041338,-0.017246,-0.034331,0.000097,-0.999262,0.000000,0.001717
51472,0.005635,0.449457,-0.041344,-0.017117,-0.034425,-0.000028,-0.999261,-0.000343,0.002060
51476,0.005632,0.449457,-0.041355,-0.017199,-0.034395,0.000076,-0.999260,0.000000,0.001717
51480,0.005626,0.449460,-0.041373,-0.017142,-0.034406,0.000069,-0.999261,-0.000343,0.001717
51480,0.005626,0.449460,-0.041373,-0.017142,-0.034406,0.000069,-0.999261,0.000000,0.001717
51487,0.005620,0.449460,-0.041387,-0.017164,-0.034423,0.000056,-0.999260,0.000000,0.001717
51490,0.005621,0.449459,-0.041384,-0.017181,-0.034444,0.000078,-0.999259,0.000000,0.001717
51490,0.005621,0.449459,-0.041384,-0.017181,-0.034444,0.000078,-0.999259,-0.000343,0.001717
51494,0.005625,0.449458,-0.041375,-0.017140,-0.034422,0.000029,-0.999260,0.000000,0.001717
51497,0.005631,0.449457,-0.041365,-0.017153,-0.034437,0.000051,-0.999260,0.000000,0.001373
51501,0.005638,0.449458,-0.041348,-0.017176,-0.034411,0.000081,-0.999260,0.000000,0.001717
51504,0.005639,0.449455,-0.041343,-0.017177,-0.034372,0.000083,-0.999262,0.000000,0.001373
51511,0.005637,0.449454,-0.041341,-0.017212,-0.034384,0.000070,-0.999261,-0.000343,0.001717
51511,0.005637,0.449454,-0.041341,-0.017212,-0.034384,0.000070,-0.999261,0.000000,0.001717
51519,0.005626,0.449457,-0.041364,-0.017145,-0.034430,0.000007,-0.999260,-0.000343,0.001373
51519,0.005626,0.449457,-0.041364,-0.017145,-0.034430,0.000007,-0.999260,-0.000343,0.001717
51526,0.005622,0.449461,-0.041382,-0.017015,-0.034452,-0.000024,-0.999261,0.000000,0.001373
51526,0.005622,0.449461,-0.041382,-0.017015,-0.034452,-0.000024,-0.999261,0.000000,0.001373
51533,0.005622,0.449455,-0.041376,-0.017059,-0.034434,0.000010,-0.999261,0.000000,0.001373
51536,0.005625,0.449459,-0.041366,-0.017126,-0.034412,0.000039,-0.999261,0.000000,0.001373
51536,0.005625,0.449459,-0.041366,-0.017126,-0.034412,0.000039,-0.999261,-0.000343,0.001373
51536,0.005625,0.449459,-0.041366,-0.017126,-0.034412,0.000039,-0.999261,-0.000343,0.001373
51536,0.005625,0.449459,-0.041366,-0.017126,-0.034412,0.000039,-0.999261,0.000000,0.001373
51536,0.005625,0.449459,-0.041366,-0.017126,-0.034412,0.000039,-0.999261,0.000000,0.001373
51536,0.005625,0.449459,-0.041366,-0.017126,-0.034412,0.000039,-0.999261,0.000000,0.001030
51536,0.005625,0.449459,-0.041366,-0.017126,-0.034412,0.000039,-0.999261,0.000000,0.001030
51536,0.005625,0.449459,-0.041366,-0.017126,-0.034412,0.000039,-0.999261,-0.000343,0.001030
51536,0.005625,0.449459,-0.041366,-0.017126,-0.034412,0.000039,-0.999261,0.000000,0.001030
51536,0.005625,0.449459,-0.041366,-0.017126,-0.034412,0.000039,-0.999261,-0.000343,0.001030
51536,0.005625,0.449459,-0.041366,-0.017126,-0.034412,0.000039,-0.999261,-0.000343,0.001030
51536,0.005625,0.449459,-0.041366,-0.017126,-0.034412,0.000039,-0.999261,-0.000343,0.001030
51536,0.005625,0.449459,-0.041366,-0.017126,-0.034412,0.000039,-0.999261,-0.000343,0.001030
51536,0.005625,0.449459,-0.041366,-0.017126,-0.034412,0.000039,-0.999261,0.000000,0.001030
51536,0.005625,0.449459,-0.041366,-0.017126,-0.034412,0.000039,-0.999261,0.000000,0.001030
51536,0.005625,0.449459,-0.041366,-0.017126,-0.034412,0.000039,-0.999261,-0.000343,0.001030
51536,0.005625,0.449459,-0.041366,-0.017126,-0.034412,0.000039,-0.999261,-0.000343,0.001030
51536,0.005625,0.449459,-0.041366,-0.017126,-0.034412,0.000039,-0.999261,0.000000,0.001030
51536,0.005625,0.449459,-0.041366,-0.017126,-0.034412,0.000039,-0.999261,-0.000343,0.000687
51536,0.005625,0.449459,-0.041366,-0.017126,-0.034412,0.000039,-0.999261,0.000000,0.000687
51536,0.005625,0.449459,-0.041366,-0.017126,-0.034412,0.000039,-0.999261,-0.000343,0.000687
51536,0.005625,0.449459,-0.041366,-0.017126,-0.034412,0.000039,-0.999261,-0.000343,0.000687
51536,0.005625,0.449459,-0.041366,-0.017126,-0.034412,0.000039,-0.999261,-0.000343,0.000687
51536,0.005625,0.449459,-0.041366,-0.017126,-0.034412,0.000039,-0.999261,0.000000,0.000687
51536,0.005625,0.449459,-0.041366,-0.017126,-0.034412,0.000039,-0.999261,-0.000343,0.000687
51536,0.005625,0.449459,-0.041366,-0.017126,-0.034412,0.000039,-0.999261,-0.000343,0.000687
51536,0.005625,0.449459,-0.041366,-0.017126,-0.034412,0.000039,-0.999261,0.000000,0.000343
51536,0.005625,0.449459,-0.041366,-0.017126,-0.034412,0.000039,-0.999261,-0.000343,0.000343
51536,0.005625,0.449459,-0.041366,-0.017126,-0.034412,0.000039,-0.999261,-0.000343,0.000343
51536,0.005625,0.449459,-0.041366,-0.017126,-0.034412,0.000039,-0.999261,-0.000343,0.000343
51536,0.005625,0.449459,-0.041366,-0.017126,-0.034412,0.000039,-0.999261,-0.000343,0.000343
51643,0.005640,0.449455,-0.041381,-0.016999,-0.034415,-0.000048,-0.999263,0.000000,0.000000
51650,0.005644,0.449454,-0.041363,-0.017109,-0.034385,0.000002,-0.999262,-0.000343,0.000000
51650,0.005644,0.449454,-0.041363,-0.017109,-0.034385,0.000002,-0.999262,0.000000,0.000000
51657,0.005643,0.449453,-0.041349,-0.017095,-0.034436,-0.000048,-0.999261,0.000000,0.000000
51657,0.005643,0.449453,-0.041349,-0.017095,-0.034436,-0.000048,-0.999261,-0.000343,0.000000
51664,0.005633,0.449452,-0.041355,-0.017036,-0.034450,-0.000056,-0.999261,0.000000,0.000000
51664,0.005633,0.449452,-0.041355,-0.017036,-0.034450,-0.000056,-0.999261,-0.000343,-0.000343
51668,0.005630,0.449453,-0.041361,-0.017138,-0.034386,-0.000023,-0.999262,-0.000343,0.000000
51671,0.005629,0.449450,-0.041367,-0.017131,-0.034436,-0.000053,-0.999260,0.000000,-0.000687
51678,0.005641,0.449455,-0.041380,-0.017026,-0.034405,-0.000073,-0.999263,0.000000,-0.000343
51678,0.005641,0.449455,-0.041380,-0.017026,-0.034405,-0.000073,-0.999263,0.000000,-0.000343
51685,0.005659,0.449457,-0.041381,-0.017022,-0.034409,-0.000035,-0.999263,-0.000343,-0.000343
51685,0.005659,0.449457,-0.041381,-0.017022,-0.034409,-0.000035,-0.999263,-0.000343,-0.000343
51692,0.005656,0.449451,-0.041371,-0.017119,-0.034400,-0.000018,-0.999261,-0.000343,-0.000687
51692,0.005656,0.449451,-0.041371,-0.017119,-0.034400,-0.000018,-0.999261,-0.000343,-0.000687
51699,0.005642,0.449453,-0.041366,-0.017025,-0.034426,-0.000074,-0.999262,0.000000,-0.000687
51703,0.005646,0.449453,-0.041367,-0.017184,-0.034405,0.000011,-0.999260,0.000000,-0.000687
51703,0.005646,0.449453,-0.041367,-0.017184,-0.034405,0.000011,-0.999260,0.000000,-0.000687
51710,0.005660,0.449455,-0.041371,-0.017089,-0.034440,-0.000015,-0.999261,0.000000,-0.000687
51710,0.005660,0.449455,-0.041371,-0.017089,-0.034440,-0.000015,-0.999261,-0.000343,-0.000687
51714,0.005666,0.449455,-0.041371,-0.017144,-0.034376,0.000064,-0.999262,-0.000343,-0.000687
51721,0.005674,0.449454,-0.041364,-0.017180,-0.034369,0.000068,-0.999262,0.000000,-0.001030
51721,0.005674,0.449454,-0.041364,-0.017180,-0.034369,0.000068,-0.999262,0.000000,-0.001030
51725,0.005674,0.449445,-0.041370,-0.017245,-0.034329,-0.000140,-0.999262,0.000000,-0.001030
51732,0.005662,0.449453,-0.041375,-0.017142,-0.034425,0.000013,-0.999260,0.000000,-0.001030
51735,0.005652,0.449445,-0.041389,-0.017367,-0.034306,-0.000088,-0.999260,0.000000,-0.001030
51739,0.005632,0.449455,-0.041395,-0.017002,-0.034394,-0.000076,-0.999264,-0.000343,-0.001030
51739,0.005632,0.449455,-0.041395,-0.017002,-0.034394,-0.000076,-0.999264,0.000000,-0.001030
51746,0.005620,0.449460,-0.041395,-0.017036,-0.034440,-0.000036,-0.999262,0.000000,-0.001030
51746,0.005620,0.449460,-0.041395,-0.017036,-0.034440,-0.000036,-0.999262,0.000000,-0.001030
51749,0.005623,0.449461,-0.041385,-0.017100,-0.034409,0.000011,-0.999262,-0.000343,-0.001030
51753,0.005630,0.449456,-0.041364,-0.017117,-0.034451,-0.000057,-0.999260,0.000000,-0.001030
51760,0.005644,0.449451,-0.041318,-0.017094,-0.034404,-0.000073,-0.999262,0.000000,-0.001030
51760,0.005644,0.449451,-0.041318,-0.017094,-0.034404,-0.000073,-0.999262,0.000000,-0.001030
51767,0.005659,0.449451,-0.041314,-0.017206,-0.034353,-0.000046,-0.999262,0.000000,-0.001030
51767,0.005659,0.449451,-0.041314,-0.017206,-0.034353,-0.000046,-0.999262,0.000000,-0.001030
51771,0.005662,0.449453,-0.041335,-0.017062,-0.034408,-0.000051,-0.999262,0.000000,-0.001030
51778,0.005645,0.449447,-0.041392,-0.017248,-0.034334,-0.000199,-0.999262,0.000000,-0.001030
51778,0.005645,0.449447,-0.041392,-0.017248,-0.034334,-0.000199,-0.999262,-0.000343,-0.001030
51782,0.005632,0.449459,-0.041402,-0.017062,-0.034454,0.000009,-0.999261,0.000000,-0.001030
51785,0.005624,0.449457,-0.041408,-0.017033,-0.034435,-0.000100,-0.999262,0.000000,-0.001030
51792,0.005630,0.449459,-0.041381,-0.016985,-0.034442,-0.000062,-0.999262,0.000000,-0.001030
51796,0.005641,0.449453,-0.041340,-0.017223,-0.034378,0.000010,-0.999261,0.000000,-0.001030
51796,0.005641,0.449453,-0.041340,-0.017223,-0.034378,0.000010,-0.999261,0.000000,-0.001030
51803,0.005646,0.449446,-0.041292,-0.017216,-0.034391,-0.000056,-0.999260,0.000000,-0.001030
51803,0.005646,0.449446,-0.041292,-0.017216,-0.034391,-0.000056,-0.999260,0.000000,-0.001030
51806,0.005650,0.449447,-0.041292,-0.017254,-0.034388,-0.000076,-0.999260,-0.000343,-0.001030
51813,0.005646,0.449451,-0.041357,-0.017046,-0.034405,-0.000047,-0.999263,0.000000,-0.001030
51817,0.005636,0.449455,-0.041403,-0.017178,-0.034378,0.000035,-0.999261,0.000000,-0.001030
51817,0.005636,0.449455,-0.041403,-0.017178,-0.034378,0.000035,-0.999261,0.000000,-0.001030
51820,0.005627,0.449452,-0.041439,-0.017220,-0.034360,-0.000131,-0.999261,0.000000,-0.001030
51827,0.005609,0.449461,-0.041458,-0.016961,-0.034444,-0.000066,-0.999263,0.000000,-0.001030
51827,0.005609,0.449461,-0.041458,-0.016961,-0.034444,-0.000066,-0.999263,0.000000,-0.001030
51831,0.005608,0.449460,-0.041440,-0.017073,-0.034400,0.000004,-0.999262,0.000000,-0.001030
51838,0.005614,0.449454,-0.041363,-0.017188,-0.034371,-0.000027,-0.999261,0.000000,-0.001030
51838,0.005614,0.449454,-0.041363,-0.017188,-0.034371,-0.000027,-0.999261,0.000000,-0.001030
51842,0.005614,0.449450,-0.041317,-0.017171,-0.034352,-0.000090,-0.999262,0.000000,-0.001030
51849,0.005627,0.449444,-0.041284,-0.017278,-0.034349,-0.000074,-0.999261,-0.000343,-0.001030
51852,0.005637,0.449447,-0.041295,-0.017303,-0.034375,0.000007,-0.999259,0.000000,-0.001030
51852,0.005637,0.449447,-0.041295,-0.017303,-0.034375,0.000007,-0.999259,0.000000,-0.001030
51859,0.005645,0.449455,-0.041362,-0.017161,-0.034390,-0.000037,-0.999261,-0.000343,-0.001030
51859,0.005645,0.449455,-0.041362,-0.017161,-0.034390,-0.000037,-0.999261,0.000000,-0.001030
51863,0.005640,0.449455,-0.041401,-0.017053,-0.034420,-0.000017,-0.999262,0.000000,-0.001030
51867,0.005632,0.449457,-0.041427,-0.016981,-0.034471,-0.000095,-0.999261,0.000000,-0.001030
51874,0.005627,0.449448,-0.041429,-0.017162,-0.034397,-0.000216,-0.999261,0.000000,-0.001030
51877,0.005625,0.449455,-0.041404,-0.017005,-0.034446,-0.000087,-0.999262,0.000000,-0.001030
51877,0.005625,0.449455,-0.041404,-0.017005,-0.034446,-0.000087,-0.999262,0.000000,-0.001030
51884,0.005637,0.449450,-0.041349,-0.017173,-0.034385,-0.000079,-0.999261,0.000000,-0.001030
51888,0.005646,0.449447,-0.041331,-0.017088,-0.034378,-0.000145,-0.999263,0.000000,-0.001030
51888,0.005646,0.449447,-0.041331,-0.017088,-0.034378,-0.000145,-0.999263,-0.000343,-0.001030
51895,0.005668,0.449451,-0.041329,-0.017083,-0.034405,-0.000059,-0.999262,0.000000,-0.001030
51898,0.005671,0.449453,-0.041338,-0.017090,-0.034400,-0.000041,-0.999262,0.000000,-0.001030
51902,0.005663,0.449452,-0.041357,-0.017089,-0.034419,-0.000093,-0.999261,0.000000,-0.001030
51902,0.005663,0.449452,-0.041357,-0.017089,-0.034419,-0.000093,-0.999261,0.000000,-0.001030
51909,0.005646,0.449453,-0.041385,-0.016950,-0.034412,-0.000112,-0.999264,0.000000,-0.001030
51909,0.005646,0.449453,-0.041385,-0.016950,-0.034412,-0.000112,-0.999264,0.000000,-0.001030
51916,0.005640,0.449452,-0.041389,-0.017069,-0.034400,-0.000085,-0.999262,0.000000,-0.001030
51916,0.005640,0.449452,-0.041389,-0.017069,-0.034400,-0.000085,-0.999262,0.000000,-0.001030
51920,0.005636,0.449454,-0.041381,-0.017056,-0.034404,-0.000046,-0.999262,0.000000,-0.001030
51924,0.005632,0.449451,-0.041364,-0.017154,-0.034380,-0.000045,-0.999262,0.000000,-0.001030
51930,0.005632,0.449449,-0.041349,-0.017057,-0.034400,-0.000145,-0.999263,0.000000,-0.001030
51930,0.005632,0.449449,-0.041349,-0.017057,-0.034400,-0.000145,-0.999263,0.000000,-0.001030
51938,0.005659,0.449451,-0.041340,-0.017094,-0.034382,-0.000015,-0.999263,0.000000,-0.001030
51938,0.005659,0.449451,-0.041340,-0.017094,-0.034382,-0.000015,-0.999263,0.000000,-0.001030
51945,0.005666,0.449452,-0.041343,-0.017212,-0.034362,-0.000008,-0.999261,0.000000,-0.001030
51945,0.005666,0.449452,-0.041343,-0.017212,-0.034362,-0.000008,-0.999261,0.000000,-0.001030
51952,0.005657,0.449449,-0.041359,-0.017098,-0.034378,-0.000076,-0.999263,0.000000,-0.001030
51952,0.005657,0.449449,-0.041359,-0.017098,-0.034378,-0.000076,-0.999263,0.000000,-0.001030
51959,0.005657,0.449454,-0.041378,-0.017123,-0.034386,-0.000027,-0.999262,0.000000,-0.001030
51959,0.005657,0.449454,-0.041378,-0.017123,-0.034386,-0.000027,-0.999262,0.000000,-0.001030
51966,0.005650,0.449442,-0.041382,-0.017291,-0.034318,-0.000167,-0.999261,0.000000,-0.001030
51966,0.005650,0.449442,-0.041382,-0.017291,-0.034318,-0.000167,-0.999261,0.000000,-0.001030
51973,0.005653,0.449452,-0.041362,-0.017048,-0.034420,-0.000083,-0.999262,0.000000,-0.001030
51973,0.005653,0.449452,-0.041362,-0.017048,-0.034420,-0.000083,-0.999262,0.000000,-0.001030
51973,0.005653,0.449452,-0.041362,-0.017048,-0.034420,-0.000083,-0.999262,0.000000,-0.001030
51973,0.005653,0.449452,-0.041362,-0.017048,-0.034420,-0.000083,-0.999262,0.000000,-0.001030
51973,0.005653,0.449452,-0.041362,-0.017048,-0.034420,-0.000083,-0.999262,0.000000,-0.001030
51973,0.005653,0.449452,-0.041362,-0.017048,-0.034420,-0.000083,-0.999262,0.000000,-0.001030
51973,0.005653,0.449452,-0.041362,-0.017048,-0.034420,-0.000083,-0.999262,0.000000,-0.001030
51973,0.005653,0.449452,-0.041362,-0.017048,-0.034420,-0.000083,-0.999262,0.000000,-0.001030
51973,0.005653,0.449452,-0.041362,-0.017048,-0.034420,-0.000083,-0.999262,0.000000,-0.001030
