0,0.000000,0.000000,0.000000,0.000000,0.000000,0.000000,0.000000,0.000000,0.000000
0,0.000000,0.000000,0.000000,0.000000,0.000000,0.000000,0.000000,0.000000,0.000000
0,0.000000,0.000000,0.000000,0.000000,0.000000,0.000000,0.000000,0.000000,0.000000
0,0.000000,0.000000,0.000000,0.000000,0.000000,0.000000,0.000000,0.000000,0.000000
0,0.000000,0.000000,0.000000,0.000000,0.000000,0.000000,0.000000,0.000000,0.000000
0,0.000000,0.000000,0.000000,0.000000,0.000000,0.000000,0.000000,0.000000,0.000000
0,0.000000,0.000000,0.000000,0.000000,0.000000,0.000000,0.000000,0.000000,0.000000
0,0.000000,0.000000,0.000000,0.000000,0.000000,0.000000,0.000000,0.000000,0.000000
0,0.000000,0.000000,0.000000,0.000000,0.000000,0.000000,0.000000,0.000000,0.000000
0,0.000000,0.000000,0.000000,0.000000,0.000000,0.000000,0.000000,0.000000,0.000000
0,0.000000,0.000000,0.000000,0.000000,0.000000,0.000000,0.000000,0.000000,0.000000
0,0.000000,0.000000,0.000000,0.000000,0.000000,0.000000,0.000000,0.000000,0.000000
0,0.000000,0.000000,0.000000,0.000000,0.000000,0.000000,0.000000,0.000000,0.000000
0,0.000000,0.000000,0.000000,0.000000,0.000000,0.000000,0.000000,0.000000,0.000000
0,0.000000,0.000000,0.000000,0.000000,0.000000,0.000000,0.000000,0.000000,0.000000
0,0.000000,0.000000,0.000000,0.000000,0.000000,0.000000,0.000000,0.000000,0.000000
0,0.000000,0.000000,0.000000,0.000000,0.000000,0.000000,0.000000,0.000000,0.000000
0,0.000000,0.000000,0.000000,0.000000,0.000000,0.000000,0.000000,0.000000,0.000000
0,0.000000,0.000000,0.000000,0.000000,0.000000,0.000000,0.000000,0.000000,0.000000
0,0.000000,0.000000,0.000000,0.000000,0.000000,0.000000,0.000000,0.000000,0.000000
452861,0.057500,0.445108,-0.071414,-0.011138,-0.382666,0.454907,-0.804053,0.000000,400.000191
452864,0.057497,0.445111,-0.071420,-0.011109,-0.382743,0.454815,-0.804070,0.000343,400.000534
452868,0.057493,0.445106,-0.071437,-0.011105,-0.382624,0.454857,-0.804103,0.000000,400.000534
452872,0.057485,0.445108,-0.071448,-0.011077,-0.382711,0.454848,-0.804067,0.000000,400.000534
452875,0.057484,0.445110,-0.071457,-0.011020,-0.382753,0.454823,-0.804062,0.000000,400.000534
452879,0.057477,0.445109,-0.071457,-0.011128,-0.382593,0.454910,-0.804087,0.000343,400.000534
452882,0.057482,0.445111,-0.071454,-0.011091,-0.382639,0.454861,-0.804094,0.000343,400.000534
452886,0.057498,0.445108,-0.071442,-0.011082,-0.382729,0.454859,-0.804052,0.000343,400.000534
452889,0.057674,0.445417,-0.071382,-0.014361,-0.382742,0.450872,-0.806236,0.000000,400.000534
452893,0.057686,0.445416,-0.071371,-0.014426,-0.382730,0.450963,-0.806189,0.000000,400.000534
452896,0.057685,0.445418,-0.071365,-0.014381,-0.382802,0.450844,-0.806223,0.000000,400.000534
452899,0.057510,0.445107,-0.071412,-0.011132,-0.382762,0.454834,-0.804050,0.000000,400.000877
452903,0.057492,0.445111,-0.071420,-0.011114,-0.382646,0.454851,-0.804096,0.000000,400.000534
452908,0.057475,0.445109,-0.071436,-0.011146,-0.382605,0.454843,-0.804119,0.000000,400.000877
452909,0.057478,0.445109,-0.071441,-0.011092,-0.382684,0.454895,-0.804053,0.000000,400.000877
452914,0.057473,0.445110,-0.071450,-0.011107,-0.382649,0.454888,-0.804073,0.000000,400.000534
452918,0.057484,0.445110,-0.071447,-0.011061,-0.382698,0.454879,-0.804055,0.000000,400.000877
452920,0.057663,0.445422,-0.071399,-0.014343,-0.382779,0.450867,-0.806222,0.000000,400.000877
452925,0.057501,0.445102,-0.071429,-0.011110,-0.382686,0.454922,-0.804036,0.000000,400.000877
452929,0.057499,0.445107,-0.071417,-0.011123,-0.382674,0.454885,-0.804063,0.000000,400.000877
452932,0.057501,0.445105,-0.071409,-0.011225,-0.382593,0.454939,-0.804069,0.000000,400.000877
452935,0.057494,0.445107,-0.071416,-0.011122,-0.382642,0.454881,-0.804080,0.000000,400.000877
452939,0.057492,0.445108,-0.071422,-0.011108,-0.382749,0.454849,-0.804048,0.000000,400.000877
452943,0.057483,0.445107,-0.071430,-0.011148,-0.382600,0.454933,-0.804070,0.000000,400.000877
452946,0.057654,0.445421,-0.071388,-0.014404,-0.382695,0.450915,-0.806234,0.000000,400.000877
452950,0.057656,0.445419,-0.071389,-0.014350,-0.382728,0.450921,-0.806216,0.000000,400.000877
452953,0.057480,0.445109,-0.071434,-0.011092,-0.382662,0.454857,-0.804085,0.000000,400.000877
452957,0.057491,0.445104,-0.071436,-0.011098,-0.382706,0.454889,-0.804045,0.000000,400.000877
452960,0.057493,0.445107,-0.071435,-0.011053,-0.382780,0.454843,-0.804037,0.000000,400.000877
452964,0.057487,0.445103,-0.071434,-0.011177,-0.382594,0.454936,-0.804071,0.000000,400.000877
452967,0.057485,0.445105,-0.071435,-0.011149,-0.382605,0.454895,-0.804089,0.000000,400.001221
452971,0.057480,0.445105,-0.071439,-0.011091,-0.382748,0.454832,-0.804057,0.000000,400.000877
452974,0.057479,0.445105,-0.071436,-0.011095,-0.382688,0.454834,-0.804085,0.000000,400.000877
452978,0.057477,0.445104,-0.071436,-0.011141,-0.382664,0.454895,-0.804061,-0.000343,400.000877
452982,0.057488,0.445105,-0.071430,-0.011110,-0.382678,0.454881,-0.804063,0.000000,400.001221
452985,0.057492,0.445104,-0.071429,-0.011145,-0.382608,0.454922,-0.804073,0.000000,400.001221
452989,0.057499,0.445100,-0.071424,-0.011117,-0.382738,0.454892,-0.804028,0.000000,400.000877
452992,0.057501,0.445099,-0.071426,-0.011084,-0.382769,0.454882,-0.804019,0.000000,400.000877
452996,0.057490,0.445101,-0.071428,-0.011190,-0.382559,0.454928,-0.804092,0.000000,400.001221
452999,0.057489,0.445102,-0.071436,-0.011167,-0.382603,0.454930,-0.804070,0.000000,400.000877
453003,0.057480,0.445105,-0.071447,-0.011110,-0.382689,0.454877,-0.804060,0.000000,400.000877
453006,0.057470,0.445105,-0.071452,-0.011081,-0.382670,0.454846,-0.804087,0.000000,400.000877
453010,0.057469,0.445107,-0.071455,-0.011070,-0.382708,0.454892,-0.804043,0.000000,400.000877
453014,0.057466,0.445106,-0.071455,-0.011076,-0.382672,0.454832,-0.804094,0.000000,400.001221
453017,0.057475,0.445105,-0.071448,-0.011127,-0.382594,0.454934,-0.804073,0.000000,400.000877
453021,0.057486,0.445104,-0.071443,-0.011069,-0.382776,0.454845,-0.804037,0.000000,400.000877
453024,0.057495,0.445099,-0.071433,-0.011101,-0.382749,0.454877,-0.804031,0.000000,400.001221
453028,0.057493,0.445102,-0.071422,-0.011173,-0.382584,0.454914,-0.804088,0.000000,400.000877
453032,0.057498,0.445103,-0.071420,-0.011081,-0.382768,0.454816,-0.804058,0.000000,400.000877
453035,0.057497,0.445104,-0.071422,-0.011104,-0.382708,0.454888,-0.804045,0.000000,400.000877
453039,0.057490,0.445104,-0.071424,-0.011125,-0.382660,0.454879,-0.804073,0.000000,400.000877
453042,0.057490,0.445102,-0.071432,-0.011072,-0.382715,0.454904,-0.804033,0.000000,400.000877
453046,0.057483,0.445105,-0.071436,-0.011114,-0.382650,0.454852,-0.804093,0.000000,400.000877
453049,0.057483,0.445104,-0.071440,-0.011139,-0.382597,0.454957,-0.804058,0.000000,400.001221
453053,0.057483,0.445107,-0.071443,-0.011048,-0.382747,0.454825,-0.804063,0.000000,400.001221
453056,0.057659,0.445415,-0.071396,-0.014340,-0.382802,0.450897,-0.806194,0.000000,400.001221
453060,0.057481,0.445104,-0.071439,-0.011139,-0.382613,0.454896,-0.804085,-0.000343,400.000877
453063,0.057486,0.445103,-0.071437,-0.011143,-0.382633,0.454931,-0.804056,0.000000,400.000877
453067,0.057486,0.445105,-0.071436,-0.011116,-0.382692,0.454860,-0.804068,0.000000,400.001221
453070,0.057486,0.445103,-0.071438,-0.011146,-0.382631,0.454921,-0.804062,0.000000,400.000877
453074,0.057492,0.445103,-0.071438,-0.011100,-0.382716,0.454883,-0.804044,0.000000,400.000877
453077,0.057491,0.445105,-0.071442,-0.011056,-0.382754,0.454853,-0.804043,0.000000,400.001221
453081,0.057486,0.445102,-0.071440,-0.011180,-0.382578,0.454930,-0.804082,0.000000,400.000877
453084,0.057484,0.445104,-0.071442,-0.011138,-0.382627,0.454915,-0.804067,0.000000,400.000877
453088,0.057659,0.445414,-0.071396,-0.014373,-0.382754,0.450922,-0.806202,0.000000,400.000877
453092,0.057481,0.445107,-0.071444,-0.011131,-0.382627,0.454921,-0.804064,0.000000,400.000877
453095,0.057484,0.445102,-0.071443,-0.011105,-0.382669,0.454928,-0.804041,0.000000,400.001221
453099,0.057485,0.445106,-0.071441,-0.011085,-0.382708,0.454810,-0.804090,-0.000343,400.001221
453102,0.057482,0.445103,-0.071441,-0.011147,-0.382614,0.454950,-0.804054,0.000000,400.001221
453106,0.057488,0.445102,-0.071437,-0.011071,-0.382750,0.454884,-0.804028,0.000000,400.000877
453109,0.057488,0.445105,-0.071435,-0.011090,-0.382752,0.454868,-0.804036,0.000000,400.000877
453113,0.057486,0.445103,-0.071428,-0.011187,-0.382556,0.454896,-0.804112,-0.000343,400.000877
453117,0.057490,0.445105,-0.071430,-0.011004,-0.382781,0.454819,-0.804050,0.000000,400.000877
453120,0.057491,0.445103,-0.071428,-0.011106,-0.382724,0.454878,-0.804043,0.000000,400.000877
453120,0.057491,0.445103,-0.071428,-0.011106,-0.382724,0.454878,-0.804043,-0.000343,400.000877
453120,0.057491,0.445103,-0.071428,-0.011106,-0.382724,0.454878,-0.804043,-0.000343,400.000877
453120,0.057491,0.445103,-0.071428,-0.011106,-0.382724,0.454878,-0.804043,-0.000343,400.001221
453120,0.057491,0.445103,-0.071428,-0.011106,-0.382724,0.454878,-0.804043,0.000000,400.000877
453120,0.057491,0.445103,-0.071428,-0.011106,-0.382724,0.454878,-0.804043,0.000000,400.000877
453120,0.057491,0.445103,-0.071428,-0.011106,-0.382724,0.454878,-0.804043,-0.000343,400.000534
453120,0.057491,0.445103,-0.071428,-0.011106,-0.382724,0.454878,-0.804043,0.000000,399.999847
453120,0.057491,0.445103,-0.071428,-0.011106,-0.382724,0.454878,-0.804043,0.000000,399.996071
453120,0.057491,0.445103,-0.071428,-0.011106,-0.382724,0.454878,-0.804043,-0.000343,399.984741
453120,0.057491,0.445103,-0.071428,-0.011106,-0.382724,0.454878,-0.804043,0.000000,399.965858
453120,0.057491,0.445103,-0.071428,-0.011106,-0.382724,0.454878,-0.804043,-0.000343,399.939766
453120,0.057491,0.445103,-0.071428,-0.011106,-0.382724,0.454878,-0.804043,-0.000343,399.914017
453120,0.057491,0.445103,-0.071428,-0.011106,-0.382724,0.454878,-0.804043,-0.000343,399.885178
453120,0.057491,0.445103,-0.071428,-0.011106,-0.382724,0.454878,-0.804043,-0.000343,399.867668
453120,0.057491,0.445103,-0.071428,-0.011106,-0.382724,0.454878,-0.804043,0.000000,399.857368
453120,0.057491,0.445103,-0.071428,-0.011106,-0.382724,0.454878,-0.804043,-0.000343,399.853249
453120,0.057491,0.445103,-0.071428,-0.011106,-0.382724,0.454878,-0.804043,-0.000343,399.850502
453120,0.057491,0.445103,-0.071428,-0.011106,-0.382724,0.454878,-0.804043,0.000000,399.843979
453120,0.057491,0.445103,-0.071428,-0.011106,-0.382724,0.454878,-0.804043,-0.000343,399.831276
453120,0.057491,0.445103,-0.071428,-0.011106,-0.382724,0.454878,-0.804043,-0.000343,399.810333
453120,0.057491,0.445103,-0.071428,-0.011106,-0.382724,0.454878,-0.804043,0.000000,399.776344
453120,0.057491,0.445103,-0.071428,-0.011106,-0.382724,0.454878,-0.804043,0.000000,399.738922
453120,0.057491,0.445103,-0.071428,-0.011106,-0.382724,0.454878,-0.804043,0.000000,399.703217
453120,0.057491,0.445103,-0.071428,-0.011106,-0.382724,0.454878,-0.804043,0.000000,399.672661
453120,0.057491,0.445103,-0.071428,-0.011106,-0.382724,0.454878,-0.804043,0.000000,399.648628
453120,0.057491,0.445103,-0.071428,-0.011106,-0.382724,0.454878,-0.804043,0.000000,399.624252
453120,0.057491,0.445103,-0.071428,-0.011106,-0.382724,0.454878,-0.804043,-0.000343,399.597816
453120,0.057491,0.445103,-0.071428,-0.011106,-0.382724,0.454878,-0.804043,-0.000343,399.570351
453120,0.057491,0.445103,-0.071428,-0.011106,-0.382724,0.454878,-0.804043,-0.000343,399.537392
453227,0.057496,0.445106,-0.071439,-0.011147,-0.382604,0.454876,-0.804101,-0.000343,399.501686
453230,0.057499,0.445100,-0.071439,-0.011158,-0.382589,0.454927,-0.804079,0.000000,399.460487
453234,0.057676,0.445417,-0.071395,-0.014295,-0.382831,0.450827,-0.806221,-0.000343,399.407616
453237,0.057502,0.445102,-0.071440,-0.011091,-0.382722,0.454865,-0.804051,-0.000343,399.368134
453241,0.057498,0.445103,-0.071442,-0.011119,-0.382642,0.454878,-0.804082,-0.000343,399.316978
453244,0.057670,0.445416,-0.071393,-0.014384,-0.382726,0.450920,-0.806217,-0.000343,399.265823
453248,0.057494,0.445104,-0.071442,-0.011106,-0.382684,0.454856,-0.804075,-0.000343,399.214668
453251,0.057491,0.445103,-0.071442,-0.011144,-0.382608,0.454893,-0.804089,-0.000343,399.165230
453255,0.057495,0.445105,-0.071440,-0.011092,-0.382721,0.454820,-0.804078,-0.000343,399.113731
453259,0.057489,0.445103,-0.071443,-0.011125,-0.382599,0.454896,-0.804092,-0.000343,399.052963
453262,0.057493,0.445104,-0.071438,-0.011154,-0.382600,0.454900,-0.804089,0.000000,398.998375
453266,0.057496,0.445105,-0.071442,-0.011051,-0.382776,0.454848,-0.804036,-0.000343,398.945503
453269,0.057494,0.445106,-0.071440,-0.011071,-0.382718,0.454857,-0.804058,-0.000343,398.877182
453273,0.057491,0.445103,-0.071444,-0.011107,-0.382650,0.454877,-0.804078,-0.000343,398.811607
453276,0.057493,0.445106,-0.071444,-0.011071,-0.382709,0.454862,-0.804059,0.000000,398.731270
453280,0.057493,0.445105,-0.071442,-0.011126,-0.382639,0.454828,-0.804111,-0.000343,398.655396
453284,0.057669,0.445415,-0.071398,-0.014368,-0.382727,0.450940,-0.806205,0.000000,398.578491
453287,0.057499,0.445105,-0.071441,-0.011070,-0.382739,0.454791,-0.804085,0.000000,398.506050
453291,0.057494,0.445104,-0.071440,-0.011138,-0.382598,0.454940,-0.804068,-0.000343,398.416786
453294,0.057497,0.445105,-0.071436,-0.011144,-0.382589,0.454890,-0.804100,-0.000343,398.340225
453298,0.057501,0.445102,-0.071438,-0.011086,-0.382740,0.454872,-0.804039,0.000000,398.254051
453301,0.057498,0.445104,-0.071438,-0.011077,-0.382707,0.454843,-0.804071,-0.000343,398.171997
453301,0.057498,0.445104,-0.071438,-0.011077,-0.382707,0.454843,-0.804071,-0.000343,398.085480
453301,0.057498,0.445104,-0.071438,-0.011077,-0.382707,0.454843,-0.804071,0.000000,397.994499
453301,0.057498,0.445104,-0.071438,-0.011077,-0.382707,0.454843,-0.804071,-0.000343,397.887383
453301,0.057498,0.445104,-0.071438,-0.011077,-0.382707,0.454843,-0.804071,0.000000,397.765503
453301,0.057498,0.445104,-0.071438,-0.011077,-0.382707,0.454843,-0.804071,0.000000,397.657356
453301,0.057498,0.445104,-0.071438,-0.011077,-0.382707,0.454843,-0.804071,0.000000,397.544403
453301,0.057498,0.445104,-0.071438,-0.011077,-0.382707,0.454843,-0.804071,-0.000343,397.452049
453301,0.057498,0.445104,-0.071438,-0.011077,-0.382707,0.454843,-0.804071,-0.000343,397.329483
453301,0.057498,0.445104,-0.071438,-0.011077,-0.382707,0.454843,-0.804071,-0.000343,397.222710
453301,0.057498,0.445104,-0.071438,-0.011077,-0.382707,0.454843,-0.804071,-0.000343,397.087097
453301,0.057498,0.445104,-0.071438,-0.011077,-0.382707,0.454843,-0.804071,-0.000343,396.962128
453301,0.057498,0.445104,-0.071438,-0.011077,-0.382707,0.454843,-0.804071,-0.000343,396.830635
453301,0.057498,0.445104,-0.071438,-0.011077,-0.382707,0.454843,-0.804071,0.000000,396.707726
453301,0.057498,0.445104,-0.071438,-0.011077,-0.382707,0.454843,-0.804071,0.000000,396.557693
453301,0.057498,0.445104,-0.071438,-0.011077,-0.382707,0.454843,-0.804071,-0.000343,396.436157
453301,0.057498,0.445104,-0.071438,-0.011077,-0.382707,0.454843,-0.804071,-0.000343,396.282692
453301,0.057498,0.445104,-0.071438,-0.011077,-0.382707,0.454843,-0.804071,-0.000343,396.137466
453301,0.057498,0.445104,-0.071438,-0.011077,-0.382707,0.454843,-0.804071,-0.000343,396.002197
453301,0.057498,0.445104,-0.071438,-0.011077,-0.382707,0.454843,-0.804071,-0.000343,395.847359
453301,0.057498,0.445104,-0.071438,-0.011077,-0.382707,0.454843,-0.804071,-0.000343,395.669518
453301,0.057498,0.445104,-0.071438,-0.011077,-0.382707,0.454843,-0.804071,-0.000343,395.498886
453301,0.057498,0.445104,-0.071438,-0.011077,-0.382707,0.454843,-0.804071,0.000000,395.324478
453301,0.057498,0.445104,-0.071438,-0.011077,-0.382707,0.454843,-0.804071,-0.000343,395.169983
453301,0.057498,0.445104,-0.071438,-0.011077,-0.382707,0.454843,-0.804071,0.000000,394.977379
453301,0.057498,0.445104,-0.071438,-0.011077,-0.382707,0.454843,-0.804071,-0.000343,394.818077
453301,0.057498,0.445104,-0.071438,-0.011077,-0.382707,0.454843,-0.804071,0.000000,394.633713
453301,0.057498,0.445104,-0.071438,-0.011077,-0.382707,0.454843,-0.804071,0.000000,394.451408
453301,0.057498,0.445104,-0.071438,-0.011077,-0.382707,0.454843,-0.804071,0.000000,394.266357
453301,0.057498,0.445104,-0.071438,-0.011077,-0.382707,0.454843,-0.804071,-0.000343,394.025345
453408,0.057505,0.445099,-0.071438,-0.011217,-0.382573,0.454989,-0.804050,-0.000343,393.842010
453411,0.057508,0.445099,-0.071435,-0.011195,-0.382604,0.454936,-0.804066,-0.000343,393.634300
453415,0.057512,0.445095,-0.071432,-0.011166,-0.382712,0.454939,-0.804013,0.000000,393.432083
453418,0.057512,0.445098,-0.071427,-0.011188,-0.382679,0.454893,-0.804055,-0.000343,393.213730
453422,0.057684,0.445409,-0.071379,-0.014509,-0.382663,0.450983,-0.806209,0.000000,392.973747
453425,0.057506,0.445101,-0.071425,-0.011168,-0.382696,0.454868,-0.804061,0.000000,392.772560
453429,0.057500,0.445101,-0.071428,-0.011190,-0.382642,0.454935,-0.804048,0.000000,392.527084
453432,0.057491,0.445101,-0.071430,-0.011193,-0.382576,0.454916,-0.804091,0.000000,392.322121
453436,0.057497,0.445101,-0.071431,-0.011125,-0.382746,0.454898,-0.804021,0.000000,392.062569
453440,0.057492,0.445098,-0.071431,-0.011241,-0.382573,0.454973,-0.804059,-0.000343,391.842499
453443,0.057498,0.445099,-0.071428,-0.011230,-0.382590,0.454961,-0.804058,-0.000343,391.559944
453447,0.057505,0.445096,-0.071432,-0.011195,-0.382690,0.454951,-0.804017,-0.000343,391.315842
453447,0.057505,0.445096,-0.071432,-0.011195,-0.382690,0.454951,-0.804017,-0.000343,391.022301
453447,0.057505,0.445096,-0.071432,-0.011195,-0.382690,0.454951,-0.804017,-0.000343,390.757256
453447,0.057505,0.445096,-0.071432,-0.011195,-0.382690,0.454951,-0.804017,-0.000343,390.491524
453447,0.057505,0.445096,-0.071432,-0.011195,-0.382690,0.454951,-0.804017,0.000000,390.228882
453447,0.057505,0.445096,-0.071432,-0.011195,-0.382690,0.454951,-0.804017,0.000000,389.961090
453447,0.057505,0.445096,-0.071432,-0.011195,-0.382690,0.454951,-0.804017,0.000000,389.710808
453447,0.057505,0.445096,-0.071432,-0.011195,-0.382690,0.454951,-0.804017,-0.000343,389.395981
453447,0.057505,0.445096,-0.071432,-0.011195,-0.382690,0.454951,-0.804017,-0.000343,389.092140
453447,0.057505,0.445096,-0.071432,-0.011195,-0.382690,0.454951,-0.804017,0.000000,388.789673
453447,0.057505,0.445096,-0.071432,-0.011195,-0.382690,0.454951,-0.804017,-0.000343,388.511238
453447,0.057505,0.445096,-0.071432,-0.011195,-0.382690,0.454951,-0.804017,0.000000,388.203964
453447,0.057505,0.445096,-0.071432,-0.011195,-0.382690,0.454951,-0.804017,-0.000343,387.862358
453447,0.057505,0.445096,-0.071432,-0.011195,-0.382690,0.454951,-0.804017,0.000000,387.581177
453447,0.057505,0.445096,-0.071432,-0.011195,-0.382690,0.454951,-0.804017,0.000000,387.271500
453447,0.057505,0.445096,-0.071432,-0.011195,-0.382690,0.454951,-0.804017,-0.000343,386.917191
453447,0.057505,0.445096,-0.071432,-0.011195,-0.382690,0.454951,-0.804017,-0.000343,386.626053
453447,0.057505,0.445096,-0.071432,-0.011195,-0.382690,0.454951,-0.804017,-0.000343,386.254921
453447,0.057505,0.445096,-0.071432,-0.011195,-0.382690,0.454951,-0.804017,-0.000343,385.952110
453447,0.057505,0.445096,-0.071432,-0.011195,-0.382690,0.454951,-0.804017,-0.000343,385.569649
453447,0.057505,0.445096,-0.071432,-0.011195,-0.382690,0.454951,-0.804017,-0.000343,385.262032
453447,0.057505,0.445096,-0.071432,-0.011195,-0.382690,0.454951,-0.804017,-0.000343,384.877167
453447,0.057505,0.445096,-0.071432,-0.011195,-0.382690,0.454951,-0.804017,0.000000,384.565430
453447,0.057505,0.445096,-0.071432,-0.011195,-0.382690,0.454951,-0.804017,-0.000343,384.172668
453447,0.057505,0.445096,-0.071432,-0.011195,-0.382690,0.454951,-0.804017,-0.000343,383.820076
453447,0.057505,0.445096,-0.071432,-0.011195,-0.382690,0.454951,-0.804017,0.000000,383.490143
453447,0.057505,0.445096,-0.071432,-0.011195,-0.382690,0.454951,-0.804017,-0.000343,383.131371
453447,0.057505,0.445096,-0.071432,-0.011195,-0.382690,0.454951,-0.804017,-0.000343,382.719727
453447,0.057505,0.445096,-0.071432,-0.011195,-0.382690,0.454951,-0.804017,-0.000343,382.384300
453447,0.057505,0.445096,-0.071432,-0.011195,-0.382690,0.454951,-0.804017,0.000000,381.961327
453553,0.057484,0.445101,-0.071425,-0.011263,-0.382646,0.454922,-0.804053,0.000000,381.582298
453557,0.057470,0.445102,-0.071427,-0.011314,-0.382510,0.454960,-0.804095,0.000000,381.193657
453560,0.057474,0.445100,-0.071424,-0.011332,-0.382528,0.454968,-0.804082,-0.000343,380.805016
453564,0.057482,0.445100,-0.071411,-0.011290,-0.382620,0.454903,-0.804076,-0.000343,380.460320
453567,0.057653,0.445398,-0.071367,-0.014443,-0.382560,0.451076,-0.806207,0.000000,380.068245
453567,0.057653,0.445398,-0.071367,-0.014443,-0.382560,0.451076,-0.806207,-0.000343,379.637032
453567,0.057653,0.445398,-0.071367,-0.014443,-0.382560,0.451076,-0.806207,0.000000,379.268646
453567,0.057653,0.445398,-0.071367,-0.014443,-0.382560,0.451076,-0.806207,0.000000,378.870392
453567,0.057653,0.445398,-0.071367,-0.014443,-0.382560,0.451076,-0.806207,0.000000,378.414116
453567,0.057653,0.445398,-0.071367,-0.014443,-0.382560,0.451076,-0.806207,0.000000,378.044014
453567,0.057653,0.445398,-0.071367,-0.014443,-0.382560,0.451076,-0.806207,-0.000343,377.588081
453567,0.057653,0.445398,-0.071367,-0.014443,-0.382560,0.451076,-0.806207,-0.000343,377.214546
453567,0.057653,0.445398,-0.071367,-0.014443,-0.382560,0.451076,-0.806207,-0.000343,376.766853
453567,0.057653,0.445398,-0.071367,-0.014443,-0.382560,0.451076,-0.806207,0.000000,376.341133
453567,0.057653,0.445398,-0.071367,-0.014443,-0.382560,0.451076,-0.806207,0.000000,375.915756
453567,0.057653,0.445398,-0.071367,-0.014443,-0.382560,0.451076,-0.806207,0.000000,375.528145
453567,0.057653,0.445398,-0.071367,-0.014443,-0.382560,0.451076,-0.806207,-0.000343,375.088692
453567,0.057653,0.445398,-0.071367,-0.014443,-0.382560,0.451076,-0.806207,0.000000,374.622803
453567,0.057653,0.445398,-0.071367,-0.014443,-0.382560,0.451076,-0.806207,0.000000,374.227638
453567,0.057653,0.445398,-0.071367,-0.014443,-0.382560,0.451076,-0.806207,-0.000343,373.790932
453567,0.057653,0.445398,-0.071367,-0.014443,-0.382560,0.451076,-0.806207,-0.000343,373.313713
453567,0.057653,0.445398,-0.071367,-0.014443,-0.382560,0.451076,-0.806207,0.000000,372.869453
453567,0.057653,0.445398,-0.071367,-0.014443,-0.382560,0.451076,-0.806207,0.000000,372.476006
453567,0.057653,0.445398,-0.071367,-0.014443,-0.382560,0.451076,-0.806207,-0.000343,371.980247
453567,0.057653,0.445398,-0.071367,-0.014443,-0.382560,0.451076,-0.806207,0.000000,371.569290
453567,0.057653,0.445398,-0.071367,-0.014443,-0.382560,0.451076,-0.806207,0.000000,371.082115
453567,0.057653,0.445398,-0.071367,-0.014443,-0.382560,0.451076,-0.806207,0.000000,370.666351
453567,0.057653,0.445398,-0.071367,-0.014443,-0.382560,0.451076,-0.806207,0.000000,370.151711
453567,0.057653,0.445398,-0.071367,-0.014443,-0.382560,0.451076,-0.806207,0.000000,369.745903
453567,0.057653,0.445398,-0.071367,-0.014443,-0.382560,0.451076,-0.806207,0.000000,369.281044
453567,0.057653,0.445398,-0.071367,-0.014443,-0.382560,0.451076,-0.806207,0.000000,368.774300
453567,0.057653,0.445398,-0.071367,-0.014443,-0.382560,0.451076,-0.806207,0.000000,368.324203
453567,0.057653,0.445398,-0.071367,-0.014443,-0.382560,0.451076,-0.806207,0.000000,367.902946
453567,0.057653,0.445398,-0.071367,-0.014443,-0.382560,0.451076,-0.806207,0.000000,367.391739
453674,0.057638,0.445423,-0.071283,-0.014878,-0.382636,0.450437,-0.806520,0.000000,366.930656
453678,0.057621,0.445428,-0.071286,-0.014760,-0.382756,0.450326,-0.806527,-0.000343,366.446571
453681,0.057606,0.445428,-0.071295,-0.014780,-0.382765,0.450356,-0.806506,0.000000,365.967979
453684,0.057417,0.445117,-0.071356,-0.011455,-0.382727,0.454355,-0.804332,-0.000343,365.547066
453688,0.057402,0.445121,-0.071371,-0.011475,-0.382622,0.454377,-0.804370,-0.000343,365.019379
453692,0.057576,0.445440,-0.071330,-0.014720,-0.382765,0.450214,-0.806586,0.000000,364.539413
453695,0.057584,0.445436,-0.071330,-0.014766,-0.382696,0.450253,-0.806596,0.000000,364.114723
453699,0.057599,0.445431,-0.071325,-0.014754,-0.382730,0.450240,-0.806588,0.000000,363.634071
453702,0.057618,0.445432,-0.071321,-0.014755,-0.382746,0.450215,-0.806594,0.000000,363.110161
453706,0.057625,0.445429,-0.071312,-0.014909,-0.382647,0.450214,-0.806639,0.000000,362.683411
453709,0.057631,0.445427,-0.071310,-0.014910,-0.382629,0.450275,-0.806614,0.000000,362.143021
453713,0.057624,0.445430,-0.071315,-0.014787,-0.382779,0.450126,-0.806628,0.000000,361.640053
453716,0.057624,0.445433,-0.071319,-0.014813,-0.382750,0.450170,-0.806616,0.000000,361.156311
453720,0.057605,0.445436,-0.071327,-0.014796,-0.382690,0.450161,-0.806650,0.000000,360.674973
453724,0.057593,0.445438,-0.071326,-0.014741,-0.382808,0.450045,-0.806660,0.000000,360.224876
453727,0.057586,0.445438,-0.071324,-0.014800,-0.382759,0.450093,-0.806655,0.000000,359.735298
453731,0.057586,0.445440,-0.071320,-0.014823,-0.382790,0.450008,-0.806688,0.000000,359.207268
453734,0.057592,0.445440,-0.071325,-0.014803,-0.382820,0.450001,-0.806678,0.000000,358.711166
453738,0.057595,0.445439,-0.071327,-0.014850,-0.382704,0.450052,-0.806703,0.000000,358.268967
453741,0.057604,0.445433,-0.071331,-0.014885,-0.382653,0.450106,-0.806697,0.000000,357.733040
453745,0.057607,0.445438,-0.071336,-0.014795,-0.382807,0.449973,-0.806700,0.000000,357.283287
453748,0.057608,0.445436,-0.071332,-0.014841,-0.382751,0.450023,-0.806697,0.000000,356.726074
453752,0.057594,0.445438,-0.071329,-0.014826,-0.382733,0.450004,-0.806717,0.000000,356.288681
453756,0.057582,0.445430,-0.071339,-0.014638,-0.382721,0.450060,-0.806695,0.000000,355.745888
453759,0.057584,0.445440,-0.071314,-0.014851,-0.382772,0.449964,-0.806720,0.000000,355.239143
453763,0.057578,0.445441,-0.071301,-0.014840,-0.382824,0.449926,-0.806717,0.000000,354.800720
453766,0.057580,0.445440,-0.071296,-0.014878,-0.382859,0.449948,-0.806687,0.000000,354.308052
453770,0.057569,0.445445,-0.071293,-0.014917,-0.382753,0.449914,-0.806756,0.000000,353.799934
453773,0.057568,0.445442,-0.071299,-0.014949,-0.382729,0.449979,-0.806730,0.000000,353.296623
453777,0.057560,0.445444,-0.071322,-0.014787,-0.382899,0.449841,-0.806729,0.000000,352.754173
453780,0.057555,0.445443,-0.071337,-0.014846,-0.382800,0.449872,-0.806759,0.000000,352.258415
453784,0.057552,0.445448,-0.071361,-0.014828,-0.382784,0.449888,-0.806757,0.000000,351.802826
453788,0.057375,0.445132,-0.071420,-0.011457,-0.382795,0.453891,-0.804562,0.000000,351.252823
453791,0.057559,0.445447,-0.071368,-0.014837,-0.382760,0.449864,-0.806782,0.000000,350.811310
453795,0.057570,0.445445,-0.071352,-0.014801,-0.382812,0.449803,-0.806792,0.000000,350.250664
453798,0.057584,0.445440,-0.071329,-0.014794,-0.382864,0.449819,-0.806758,0.000000,349.743919
453802,0.057595,0.445438,-0.071303,-0.014879,-0.382752,0.449849,-0.806793,0.000000,349.260864
453805,0.057601,0.445436,-0.071286,-0.014955,-0.382750,0.449920,-0.806753,0.000000,348.759613
453809,0.057601,0.445439,-0.071274,-0.014839,-0.382922,0.449790,-0.806746,0.000000,348.293724
453812,0.057586,0.445440,-0.071273,-0.014906,-0.382855,0.449789,-0.806777,0.000343,347.750931
453816,0.057571,0.445443,-0.071285,-0.014895,-0.382849,0.449798,-0.806776,0.000000,347.310448
453819,0.057555,0.445443,-0.071305,-0.014830,-0.382862,0.449789,-0.806776,0.000343,346.804047
453823,0.057545,0.445447,-0.071330,-0.014883,-0.382791,0.449748,-0.806831,0.000000,346.257477
453826,0.057545,0.445448,-0.071350,-0.014865,-0.382747,0.449816,-0.806814,0.000000,345.768242
453830,0.057547,0.445447,-0.071358,-0.014781,-0.382869,0.449661,-0.806844,0.000000,345.310249
453834,0.057555,0.445445,-0.071355,-0.014836,-0.382778,0.449776,-0.806822,0.000000,344.801102
453837,0.057561,0.445446,-0.071345,-0.014854,-0.382764,0.449762,-0.806837,0.000000,344.252815
453841,0.057574,0.445443,-0.071332,-0.014805,-0.382890,0.449692,-0.806816,0.000000,343.759804
453844,0.057575,0.445445,-0.071322,-0.014834,-0.382875,0.449687,-0.806826,0.000343,343.246536
453848,0.057578,0.445444,-0.071312,-0.014920,-0.382859,0.449711,-0.806819,0.000343,342.788887
453851,0.057572,0.445444,-0.071310,-0.014841,-0.382909,0.449671,-0.806818,0.000000,342.258110
453855,0.057563,0.445448,-0.071304,-0.014909,-0.382826,0.449645,-0.806871,0.000000,341.812477
453859,0.057556,0.445449,-0.071308,-0.014835,-0.382918,0.449666,-0.806818,0.000000,341.308479
453862,0.057552,0.445452,-0.071308,-0.014821,-0.382949,0.449565,-0.806859,0.000000,340.779076
453862,0.057552,0.445452,-0.071308,-0.014821,-0.382949,0.449565,-0.806859,0.000000,340.275421
453862,0.057552,0.445452,-0.071308,-0.014821,-0.382949,0.449565,-0.806859,0.000000,339.796486
453862,0.057552,0.445452,-0.071308,-0.014821,-0.382949,0.449565,-0.806859,0.000000,339.240990
453862,0.057552,0.445452,-0.071308,-0.014821,-0.382949,0.449565,-0.806859,0.000000,338.805313
453862,0.057552,0.445452,-0.071308,-0.014821,-0.382949,0.449565,-0.806859,0.000343,338.251877
453862,0.057552,0.445452,-0.071308,-0.014821,-0.382949,0.449565,-0.806859,0.000000,337.785301
453862,0.057552,0.445452,-0.071308,-0.014821,-0.382949,0.449565,-0.806859,0.000343,337.242508
453862,0.057552,0.445452,-0.071308,-0.014821,-0.382949,0.449565,-0.806859,0.000343,336.816101
453862,0.057552,0.445452,-0.071308,-0.014821,-0.382949,0.449565,-0.806859,0.000000,336.265755
453862,0.057552,0.445452,-0.071308,-0.014821,-0.382949,0.449565,-0.806859,0.000000,335.761070
453862,0.057552,0.445452,-0.071308,-0.014821,-0.382949,0.449565,-0.806859,0.000343,335.317841
453862,0.057552,0.445452,-0.071308,-0.014821,-0.382949,0.449565,-0.806859,0.000000,334.764404
453862,0.057552,0.445452,-0.071308,-0.014821,-0.382949,0.449565,-0.806859,0.000000,334.304695
453862,0.057552,0.445452,-0.071308,-0.014821,-0.382949,0.449565,-0.806859,0.000343,333.816490
453862,0.057552,0.445452,-0.071308,-0.014821,-0.382949,0.449565,-0.806859,0.000343,333.306313
453862,0.057552,0.445452,-0.071308,-0.014821,-0.382949,0.449565,-0.806859,0.000000,332.742920
453862,0.057552,0.445452,-0.071308,-0.014821,-0.382949,0.449565,-0.806859,0.000000,332.243385
453862,0.057552,0.445452,-0.071308,-0.014821,-0.382949,0.449565,-0.806859,0.000343,331.807022
453862,0.057552,0.445452,-0.071308,-0.014821,-0.382949,0.449565,-0.806859,0.000343,331.250496
453862,0.057552,0.445452,-0.071308,-0.014821,-0.382949,0.449565,-0.806859,0.000343,330.798683
453862,0.057552,0.445452,-0.071308,-0.014821,-0.382949,0.449565,-0.806859,0.000000,330.254173
453862,0.057552,0.445452,-0.071308,-0.014821,-0.382949,0.449565,-0.806859,0.000343,329.805107
453862,0.057552,0.445452,-0.071308,-0.014821,-0.382949,0.449565,-0.806859,0.000000,329.255791
453862,0.057552,0.445452,-0.071308,-0.014821,-0.382949,0.449565,-0.806859,0.000000,328.763466
453862,0.057552,0.445452,-0.071308,-0.014821,-0.382949,0.449565,-0.806859,0.000343,328.267021
453862,0.057552,0.445452,-0.071308,-0.014821,-0.382949,0.449565,-0.806859,0.000343,327.791519
453862,0.057552,0.445452,-0.071308,-0.014821,-0.382949,0.449565,-0.806859,0.000343,327.242203
453862,0.057552,0.445452,-0.071308,-0.014821,-0.382949,0.449565,-0.806859,0.000000,326.818886
453862,0.057552,0.445452,-0.071308,-0.014821,-0.382949,0.449565,-0.806859,0.000000,326.260643
453968,0.057548,0.445470,-0.071350,-0.014874,-0.383071,0.448887,-0.807178,0.000343,325.790634
453972,0.057550,0.445468,-0.071348,-0.014886,-0.383050,0.448867,-0.807199,0.000343,325.243721
453976,0.057550,0.445468,-0.071337,-0.014870,-0.383078,0.448833,-0.807204,0.000343,324.806328
453979,0.057546,0.445470,-0.071330,-0.014868,-0.383154,0.448719,-0.807232,0.000343,324.305077
453983,0.057537,0.445470,-0.071319,-0.014931,-0.383042,0.448805,-0.807236,0.000000,323.760910
453986,0.057528,0.445473,-0.071316,-0.014889,-0.383085,0.448731,-0.807258,0.000343,323.325577
453990,0.057347,0.445158,-0.071364,-0.011519,-0.383189,0.452701,-0.805044,0.000343,322.769394
453993,0.057511,0.445480,-0.071317,-0.014861,-0.383189,0.448553,-0.807308,0.000343,322.299728
453997,0.057500,0.445481,-0.071322,-0.014905,-0.383164,0.448537,-0.807328,0.000000,321.758308
454001,0.057493,0.445485,-0.071325,-0.014879,-0.383200,0.448453,-0.807357,0.000343,321.264954
454004,0.057491,0.445491,-0.071327,-0.014868,-0.383182,0.448381,-0.807406,0.000343,320.750313
454008,0.057496,0.445491,-0.071331,-0.014838,-0.383240,0.448343,-0.807401,0.000343,320.288887
454011,0.057501,0.445493,-0.071330,-0.014828,-0.383293,0.448195,-0.807458,0.000343,319.752960
454015,0.057325,0.445173,-0.071372,-0.011563,-0.383165,0.452361,-0.805246,0.000343,319.247932
454018,0.057325,0.445175,-0.071367,-0.011563,-0.383201,0.452297,-0.805264,0.000343,318.792343
454021,0.057326,0.445177,-0.071363,-0.011536,-0.383241,0.452244,-0.805275,0.000343,318.313065
454025,0.057319,0.445176,-0.071361,-0.011528,-0.383305,0.452093,-0.805330,0.000343,317.774734
454029,0.057314,0.445178,-0.071367,-0.011545,-0.383303,0.452116,-0.805318,0.000343,317.309189
454033,0.057310,0.445185,-0.071372,-0.011502,-0.383326,0.451986,-0.805380,0.000000,316.763992
454036,0.057306,0.445187,-0.071375,-0.011507,-0.383287,0.451951,-0.805418,0.000343,316.324539
454040,0.057306,0.445189,-0.071375,-0.011478,-0.383394,0.451863,-0.805417,0.000343,315.763206
454043,0.057306,0.445193,-0.071370,-0.011430,-0.383469,0.451732,-0.805456,0.000343,315.293884
454047,0.057306,0.445195,-0.071364,-0.011549,-0.383342,0.451725,-0.805519,0.000343,314.738388
454050,0.057308,0.445196,-0.071361,-0.011508,-0.383368,0.451660,-0.805543,0.000000,314.238853
454054,0.057311,0.445198,-0.071358,-0.011494,-0.383478,0.451522,-0.805568,0.000343,313.790474
454057,0.057305,0.445202,-0.071360,-0.011471,-0.383485,0.451423,-0.805621,0.000000,313.307762
454061,0.057297,0.445204,-0.071362,-0.011508,-0.383459,0.451393,-0.805650,0.000343,312.770119
454064,0.057286,0.445209,-0.071363,-0.011436,-0.383554,0.451253,-0.805684,0.000343,312.320023
454068,0.057271,0.445215,-0.071360,-0.011492,-0.383474,0.451181,-0.805761,0.000000,311.774483
454072,0.057257,0.445218,-0.071365,-0.011451,-0.383620,0.451052,-0.805765,0.000343,311.279068
454075,0.057249,0.445221,-0.071366,-0.011392,-0.383670,0.450955,-0.805796,0.000000,310.822105
454079,0.057245,0.445226,-0.071360,-0.011483,-0.383545,0.450914,-0.805878,0.000343,310.247383
454082,0.057246,0.445229,-0.071362,-0.011446,-0.383604,0.450848,-0.805887,0.000343,309.774284
454086,0.057257,0.445232,-0.071355,-0.011435,-0.383702,0.450663,-0.805944,0.000343,309.221191
454089,0.057262,0.445236,-0.071351,-0.011435,-0.383687,0.450576,-0.805999,0.000343,308.726807
454093,0.057267,0.445236,-0.071343,-0.011460,-0.383709,0.450516,-0.806022,0.000000,308.239288
454096,0.057268,0.445240,-0.071339,-0.011382,-0.383817,0.450378,-0.806049,0.000343,307.758636
454100,0.057260,0.445244,-0.071333,-0.011458,-0.383720,0.450299,-0.806138,0.000343,307.316437
454104,0.057256,0.445248,-0.071331,-0.011436,-0.383845,0.450143,-0.806166,0.000000,306.779137
454107,0.057247,0.445250,-0.071337,-0.011408,-0.383880,0.450054,-0.806200,0.000343,306.291275
454110,0.057239,0.445256,-0.071338,-0.011402,-0.383900,0.449931,-0.806259,0.000343,305.794830
454114,0.057231,0.445261,-0.071343,-0.011418,-0.383843,0.449897,-0.806305,0.000000,305.301476
454118,0.057223,0.445270,-0.071338,-0.011358,-0.383965,0.449653,-0.806384,0.000343,304.775162
454121,0.057220,0.445272,-0.071336,-0.011373,-0.383919,0.449631,-0.806417,0.000000,304.292793
454125,0.057218,0.445274,-0.071330,-0.011384,-0.383992,0.449476,-0.806469,0.000343,303.739357
454128,0.057223,0.445279,-0.071326,-0.011325,-0.384091,0.449358,-0.806488,0.000343,303.236046
454132,0.057219,0.445286,-0.071324,-0.011404,-0.383971,0.449286,-0.806585,0.000000,302.792816
454135,0.057214,0.445286,-0.071325,-0.011386,-0.384004,0.449186,-0.806624,0.000000,302.263069
454139,0.057209,0.445292,-0.071330,-0.011340,-0.384158,0.448961,-0.806677,0.000343,301.823616
454143,0.057188,0.445301,-0.071329,-0.011365,-0.384095,0.448835,-0.806777,0.000343,301.279106
454146,0.057180,0.445308,-0.071331,-0.011313,-0.384162,0.448755,-0.806791,0.000343,300.845490
454150,0.057158,0.445316,-0.071324,-0.011256,-0.384286,0.448470,-0.806890,0.000000,300.274544
454153,0.057151,0.445320,-0.071319,-0.011318,-0.384273,0.448388,-0.806942,0.000000,299.733467
454157,0.057143,0.445326,-0.071309,-0.011264,-0.384361,0.448182,-0.807015,0.000000,299.277191
454160,0.057139,0.445329,-0.071300,-0.011252,-0.384451,0.448036,-0.807053,0.000343,298.736801
454164,0.057132,0.445336,-0.071290,-0.011317,-0.384338,0.447841,-0.807214,0.000000,298.291512
454168,0.057126,0.445346,-0.071284,-0.011243,-0.384545,0.447560,-0.807273,0.000343,297.743568
454171,0.057119,0.445351,-0.071283,-0.011292,-0.384557,0.447391,-0.807360,0.000343,297.303772
454175,0.057103,0.445364,-0.071289,-0.011286,-0.384514,0.447198,-0.807487,0.000343,296.768532
454178,0.057093,0.445367,-0.071292,-0.011252,-0.384588,0.447030,-0.807546,0.000000,296.278954
454181,0.057082,0.445378,-0.071293,-0.011222,-0.384694,0.446747,-0.807652,0.000000,295.790405
454185,0.057066,0.445390,-0.071289,-0.011225,-0.384689,0.446428,-0.807831,0.000343,295.310783
454189,0.057053,0.445398,-0.071278,-0.011240,-0.384823,0.446104,-0.807946,0.000343,294.782410
454192,0.057044,0.445407,-0.071271,-0.011195,-0.384903,0.445850,-0.808049,0.000343,294.233780
454196,0.057032,0.445417,-0.071255,-0.011299,-0.384824,0.445562,-0.808243,0.000343,293.749695
454199,0.057020,0.445424,-0.071248,-0.011297,-0.384887,0.445350,-0.808330,0.000343,293.300972
454203,0.057011,0.445437,-0.071241,-0.011202,-0.385067,0.444970,-0.808455,0.000343,292.748566
454206,0.057001,0.445445,-0.071238,-0.011228,-0.385067,0.444770,-0.808565,0.000343,292.246971
454210,0.056994,0.445455,-0.071239,-0.011237,-0.385102,0.444558,-0.808665,0.000343,291.800652
454214,0.057180,0.445799,-0.071178,-0.014551,-0.384968,0.439756,-0.811297,0.000343,291.255455
454217,0.057175,0.445806,-0.071174,-0.014552,-0.384984,0.439595,-0.811377,0.000343,290.828018
454221,0.057170,0.445814,-0.071164,-0.014480,-0.385118,0.439263,-0.811494,0.000343,290.318184
454224,0.057168,0.445821,-0.071150,-0.014520,-0.385157,0.439042,-0.811594,0.000343,289.747581
454228,0.057153,0.445831,-0.071136,-0.014544,-0.385131,0.438730,-0.811775,0.000343,289.240837
454231,0.056947,0.445510,-0.071176,-0.011265,-0.385418,0.442939,-0.809402,0.000343,288.810310
454235,0.056922,0.445523,-0.071166,-0.011202,-0.385602,0.442402,-0.809609,0.000000,288.262024
454238,0.056899,0.445534,-0.071161,-0.011201,-0.385618,0.442110,-0.809760,0.000000,287.776566
454242,0.056864,0.445553,-0.071158,-0.011160,-0.385720,0.441660,-0.809958,0.000343,287.279434
454245,0.056842,0.445566,-0.071159,-0.011098,-0.385851,0.441340,-0.810071,0.000343,286.749344
454249,0.056809,0.445581,-0.071163,-0.011117,-0.385821,0.440924,-0.810311,0.000343,286.260796
454252,0.056792,0.445588,-0.071162,-0.011211,-0.385881,0.440633,-0.810440,0.000343,285.825119
454256,0.056776,0.445604,-0.071162,-0.011099,-0.386092,0.440108,-0.810626,0.000343,285.268250
454260,0.056762,0.445620,-0.071150,-0.011150,-0.386063,0.439759,-0.810829,0.000000,284.760475
454263,0.056756,0.445626,-0.071137,-0.011144,-0.386144,0.439451,-0.810957,0.000000,284.298706
454267,0.056745,0.445637,-0.071121,-0.011067,-0.386297,0.438984,-0.811138,0.000343,283.753510
454270,0.056736,0.445650,-0.071105,-0.011131,-0.386334,0.438722,-0.811262,0.000000,283.318176
454270,0.056736,0.445650,-0.071105,-0.011131,-0.386334,0.438722,-0.811262,0.000000,282.745857
454270,0.056736,0.445650,-0.071105,-0.011131,-0.386334,0.438722,-0.811262,0.000343,282.226410
454270,0.056736,0.445650,-0.071105,-0.011131,-0.386334,0.438722,-0.811262,0.000000,281.817856
454270,0.056736,0.445650,-0.071105,-0.011131,-0.386334,0.438722,-0.811262,0.000343,281.316605
454270,0.056736,0.445650,-0.071105,-0.011131,-0.386334,0.438722,-0.811262,0.000000,280.809174
454270,0.056736,0.445650,-0.071105,-0.011131,-0.386334,0.438722,-0.811262,0.000343,280.253677
454270,0.056736,0.445650,-0.071105,-0.011131,-0.386334,0.438722,-0.811262,0.000000,279.750366
454270,0.056736,0.445650,-0.071105,-0.011131,-0.386334,0.438722,-0.811262,0.000343,279.242592
454270,0.056736,0.445650,-0.071105,-0.011131,-0.386334,0.438722,-0.811262,0.000343,278.800392
454270,0.056736,0.445650,-0.071105,-0.011131,-0.386334,0.438722,-0.811262,0.000000,278.267212
454270,0.056736,0.445650,-0.071105,-0.011131,-0.386334,0.438722,-0.811262,0.000000,277.799263
454270,0.056736,0.445650,-0.071105,-0.011131,-0.386334,0.438722,-0.811262,0.000343,277.238960
454270,0.056736,0.445650,-0.071105,-0.011131,-0.386334,0.438722,-0.811262,0.000000,276.746979
454270,0.056736,0.445650,-0.071105,-0.011131,-0.386334,0.438722,-0.811262,0.000343,276.317825
454270,0.056736,0.445650,-0.071105,-0.011131,-0.386334,0.438722,-0.811262,0.000343,275.810051
454270,0.056736,0.445650,-0.071105,-0.011131,-0.386334,0.438722,-0.811262,0.000000,275.242195
454270,0.056736,0.445650,-0.071105,-0.011131,-0.386334,0.438722,-0.811262,0.000000,274.741287
454270,0.056736,0.445650,-0.071105,-0.011131,-0.386334,0.438722,-0.811262,0.000000,274.237633
454270,0.056736,0.445650,-0.071105,-0.011131,-0.386334,0.438722,-0.811262,0.000343,273.796120
454270,0.056736,0.445650,-0.071105,-0.011131,-0.386334,0.438722,-0.811262,0.000000,273.319931
454270,0.056736,0.445650,-0.071105,-0.011131,-0.386334,0.438722,-0.811262,0.000000,272.824173
454270,0.056736,0.445650,-0.071105,-0.011131,-0.386334,0.438722,-0.811262,0.000343,272.267303
454270,0.056736,0.445650,-0.071105,-0.011131,-0.386334,0.438722,-0.811262,0.000000,271.767769
454270,0.056736,0.445650,-0.071105,-0.011131,-0.386334,0.438722,-0.811262,0.000343,271.266518
454270,0.056736,0.445650,-0.071105,-0.011131,-0.386334,0.438722,-0.811262,0.000000,270.756683
454270,0.056736,0.445650,-0.071105,-0.011131,-0.386334,0.438722,-0.811262,0.000343,270.266418
454270,0.056736,0.445650,-0.071105,-0.011131,-0.386334,0.438722,-0.811262,0.000000,269.707832
454270,0.056736,0.445650,-0.071105,-0.011131,-0.386334,0.438722,-0.811262,0.000000,269.269409
454270,0.056736,0.445650,-0.071105,-0.011131,-0.386334,0.438722,-0.811262,0.000000,268.725929
454377,0.055947,0.446484,-0.070601,-0.012768,-0.389694,0.416377,-0.821344,0.000000,268.257637
454381,0.055906,0.446499,-0.070583,-0.012671,-0.389927,0.415647,-0.821604,0.000343,267.787628
454384,0.055866,0.446522,-0.070577,-0.012565,-0.390029,0.414939,-0.821915,0.000000,267.327919
454388,0.055809,0.446544,-0.070553,-0.012587,-0.390108,0.414190,-0.822255,0.000000,266.834908
454391,0.055778,0.446560,-0.070548,-0.012459,-0.390254,0.413618,-0.822476,0.000000,266.342239
454394,0.055733,0.446577,-0.070535,-0.012389,-0.390396,0.412992,-0.822724,0.000000,265.813179
454398,0.055571,0.446434,-0.070559,-0.011022,-0.391013,0.414869,-0.821505,0.000000,265.227127
454402,0.055523,0.446453,-0.070542,-0.011024,-0.391272,0.413986,-0.821827,0.000343,264.759521
454405,0.055493,0.446479,-0.070526,-0.010966,-0.391367,0.413278,-0.822139,0.000000,264.222221
454409,0.055465,0.446494,-0.070508,-0.011084,-0.391431,0.412631,-0.822432,0.000000,263.741913
454412,0.055447,0.446507,-0.070495,-0.011022,-0.391561,0.412126,-0.822624,0.000000,263.258171
454416,0.055425,0.446525,-0.070479,-0.011008,-0.391690,0.411455,-0.822899,0.000000,262.778893
454419,0.055405,0.446540,-0.070465,-0.011048,-0.391732,0.411004,-0.823104,0.000343,262.324677
454423,0.055378,0.446559,-0.070456,-0.010939,-0.391940,0.410432,-0.823292,0.000343,261.826172
454426,0.055356,0.446573,-0.070446,-0.010934,-0.392038,0.409922,-0.823499,0.000000,261.340370
454430,0.055319,0.446591,-0.070438,-0.010929,-0.392064,0.409383,-0.823755,0.000000,260.824699
454434,0.055288,0.446612,-0.070424,-0.010922,-0.392290,0.408692,-0.823990,0.000000,260.239677
454437,0.055257,0.446635,-0.070411,-0.010934,-0.392355,0.408040,-0.824282,0.000343,259.704437
454441,0.055220,0.446654,-0.070394,-0.010966,-0.392474,0.407402,-0.824541,0.000000,259.222412
454444,0.055197,0.446670,-0.070382,-0.010941,-0.392605,0.406840,-0.824757,0.000000,258.786392
454448,0.055163,0.446694,-0.070366,-0.010975,-0.392727,0.406106,-0.825059,0.000343,258.246002
454451,0.055139,0.446707,-0.070353,-0.011023,-0.392791,0.405543,-0.825306,0.000000,257.762260
454455,0.055104,0.446729,-0.070333,-0.010988,-0.393051,0.404808,-0.825543,0.000000,257.273369
454458,0.055078,0.446750,-0.070317,-0.010958,-0.393197,0.404149,-0.825797,0.000000,256.774864
454462,0.055048,0.446765,-0.070301,-0.011029,-0.393241,0.403620,-0.826033,0.000000,256.289062
454466,0.055022,0.446783,-0.070286,-0.010998,-0.393442,0.402946,-0.826267,0.000000,255.799141
454469,0.054992,0.446803,-0.070270,-0.011012,-0.393546,0.402335,-0.826515,0.000000,255.257721
454473,0.054944,0.446832,-0.070246,-0.010985,-0.393718,0.401304,-0.826934,0.000000,254.715958
454476,0.054891,0.446859,-0.070222,-0.010967,-0.393934,0.400307,-0.827315,0.000000,254.207497
454480,0.054833,0.446889,-0.070204,-0.010954,-0.394042,0.399324,-0.827738,0.000000,253.731651
454483,0.054802,0.446909,-0.070192,-0.010947,-0.394133,0.398731,-0.827981,0.000343,253.290482
454487,0.054762,0.446930,-0.070182,-0.010864,-0.394423,0.397894,-0.828247,0.000000,252.749062
454491,0.054725,0.446954,-0.070165,-0.010956,-0.394411,0.397155,-0.828606,0.000000,252.255020
454494,0.054694,0.446973,-0.070153,-0.010927,-0.394569,0.396479,-0.828855,0.000000,251.762352
454498,0.054652,0.447001,-0.070125,-0.010887,-0.394781,0.395460,-0.829241,0.000000,251.271400
454501,0.054624,0.447018,-0.070106,-0.011005,-0.394784,0.394779,-0.829562,0.000000,250.847397
454505,0.054594,0.447042,-0.070080,-0.010855,-0.395079,0.394080,-0.829757,0.000000,250.286064
454508,0.054573,0.447063,-0.070057,-0.010870,-0.395232,0.393358,-0.830026,0.000000,249.791336
454512,0.054522,0.447086,-0.070037,-0.010965,-0.395192,0.392451,-0.830473,0.000000,249.226227
454515,0.054489,0.447107,-0.070016,-0.010960,-0.395324,0.391713,-0.830759,0.000000,248.790894
454519,0.054430,0.447139,-0.069991,-0.010882,-0.395596,0.390427,-0.831235,0.000000,248.319511
454522,0.054385,0.447162,-0.069971,-0.010912,-0.395691,0.389513,-0.831619,0.000000,247.797661
454526,0.054326,0.447186,-0.069951,-0.010975,-0.395831,0.388532,-0.832010,0.000000,247.283707
454530,0.054252,0.447229,-0.069921,-0.011038,-0.396095,0.387125,-0.832539,0.000000,246.730614
454533,0.054206,0.447258,-0.069898,-0.011140,-0.396186,0.386256,-0.832898,0.000000,246.232452
454537,0.054175,0.447278,-0.069885,-0.011115,-0.396379,0.385553,-0.833132,0.000000,245.754547
454540,0.054139,0.447299,-0.069862,-0.011128,-0.396548,0.384802,-0.833399,0.000000,245.283508
454544,0.054089,0.447328,-0.069843,-0.011064,-0.396710,0.383786,-0.833791,0.000000,244.778824
454547,0.054035,0.447350,-0.069812,-0.011101,-0.396939,0.382665,-0.834197,0.000000,244.337654
454551,0.053948,0.447396,-0.069775,-0.011090,-0.397268,0.381115,-0.834750,0.000000,243.774605
454554,0.053907,0.447418,-0.069755,-0.011124,-0.397371,0.380308,-0.835068,0.000000,243.307686
454558,0.053842,0.447447,-0.069730,-0.011142,-0.397565,0.379209,-0.835475,0.000000,242.732620
454562,0.053775,0.447483,-0.069703,-0.011061,-0.397806,0.377977,-0.835920,0.000000,242.214203
454565,0.053739,0.447499,-0.069686,-0.011070,-0.397893,0.377213,-0.836223,0.000000,241.725655
454569,0.053808,0.447690,-0.069484,-0.013954,-0.397982,0.376411,-0.836499,0.000000,241.284142
454572,0.053786,0.447705,-0.069465,-0.013953,-0.398102,0.375821,-0.836707,0.000000,240.744095
454576,0.053646,0.447564,-0.069640,-0.010962,-0.398322,0.374889,-0.837065,0.000000,240.306358
454579,0.053620,0.447576,-0.069621,-0.010974,-0.398436,0.374277,-0.837285,0.000000,239.768028
454583,0.053598,0.447594,-0.069598,-0.010951,-0.398567,0.373502,-0.837568,0.000000,239.269180
454587,0.053571,0.447605,-0.069582,-0.010919,-0.398646,0.372972,-0.837768,0.000000,238.785439
454590,0.053673,0.447778,-0.069382,-0.013564,-0.398744,0.372653,-0.837824,0.000000,238.277664
454594,0.053648,0.447798,-0.069371,-0.013554,-0.398827,0.372008,-0.838071,0.000000,237.744141
454597,0.053627,0.447806,-0.069358,-0.013591,-0.398872,0.371616,-0.838223,0.000000,237.284431
454601,0.053593,0.447823,-0.069344,-0.013558,-0.399052,0.371000,-0.838411,0.000000,236.753311
454604,0.053571,0.447835,-0.069334,-0.013553,-0.399166,0.370547,-0.838557,0.000000,236.248970
454608,0.053540,0.447850,-0.069318,-0.013619,-0.399171,0.370011,-0.838790,0.000000,235.788231
454611,0.053515,0.447861,-0.069308,-0.013598,-0.399299,0.369574,-0.838922,0.000000,235.294189
454615,0.053484,0.447880,-0.069295,-0.013578,-0.399392,0.368783,-0.839226,0.000000,234.800148
454618,0.053463,0.447896,-0.069284,-0.013556,-0.399484,0.368388,-0.839356,0.000000,234.259415
454622,0.053437,0.447910,-0.069270,-0.013523,-0.399646,0.367715,-0.839575,0.000000,233.772583
454625,0.053413,0.447922,-0.069263,-0.013559,-0.399699,0.367128,-0.839806,0.000000,233.291245
454629,0.053378,0.447942,-0.069247,-0.013609,-0.399744,0.366491,-0.840062,0.000000,232.777290
454632,0.053354,0.447952,-0.069236,-0.013615,-0.399823,0.366079,-0.840204,0.000000,232.287369
454636,0.053309,0.447976,-0.069228,-0.013244,-0.400101,0.365056,-0.840522,0.000000,231.737022
454636,0.053309,0.447976,-0.069228,-0.013244,-0.400101,0.365056,-0.840522,-0.000343,231.315765
454636,0.053309,0.447976,-0.069228,-0.013244,-0.400101,0.365056,-0.840522,0.000000,230.754433
454636,0.053309,0.447976,-0.069228,-0.013244,-0.400101,0.365056,-0.840522,0.000000,230.234985
454636,0.053309,0.447976,-0.069228,-0.013244,-0.400101,0.365056,-0.840522,-0.000343,229.781456
454636,0.053309,0.447976,-0.069228,-0.013244,-0.400101,0.365056,-0.840522,0.000000,229.281921
454636,0.053309,0.447976,-0.069228,-0.013244,-0.400101,0.365056,-0.840522,0.000000,228.744965
454636,0.053309,0.447976,-0.069228,-0.013244,-0.400101,0.365056,-0.840522,-0.000343,228.271866
454636,0.053309,0.447976,-0.069228,-0.013244,-0.400101,0.365056,-0.840522,-0.000343,227.781944
454636,0.053309,0.447976,-0.069228,-0.013244,-0.400101,0.365056,-0.840522,0.000000,227.307472
454636,0.053309,0.447976,-0.069228,-0.013244,-0.400101,0.365056,-0.840522,0.000000,226.759872
454636,0.053309,0.447976,-0.069228,-0.013244,-0.400101,0.365056,-0.840522,-0.000343,226.324539
454636,0.053309,0.447976,-0.069228,-0.013244,-0.400101,0.365056,-0.840522,-0.000343,225.775566
454636,0.053309,0.447976,-0.069228,-0.013244,-0.400101,0.365056,-0.840522,0.000000,225.305214
454636,0.053309,0.447976,-0.069228,-0.013244,-0.400101,0.365056,-0.840522,0.000000,224.782677
454636,0.053309,0.447976,-0.069228,-0.013244,-0.400101,0.365056,-0.840522,0.000000,224.270439
454636,0.053309,0.447976,-0.069228,-0.013244,-0.400101,0.365056,-0.840522,0.000000,223.722153
454636,0.053309,0.447976,-0.069228,-0.013244,-0.400101,0.365056,-0.840522,0.000000,223.314972
454636,0.053309,0.447976,-0.069228,-0.013244,-0.400101,0.365056,-0.840522,0.000000,222.781105
454636,0.053309,0.447976,-0.069228,-0.013244,-0.400101,0.365056,-0.840522,0.000000,222.266808
454636,0.053309,0.447976,-0.069228,-0.013244,-0.400101,0.365056,-0.840522,-0.000343,221.830444
454636,0.053309,0.447976,-0.069228,-0.013244,-0.400101,0.365056,-0.840522,0.000000,221.291771
454636,0.053309,0.447976,-0.069228,-0.013244,-0.400101,0.365056,-0.840522,0.000000,220.830345
454636,0.053309,0.447976,-0.069228,-0.013244,-0.400101,0.365056,-0.840522,0.000000,220.278969
454636,0.053309,0.447976,-0.069228,-0.013244,-0.400101,0.365056,-0.840522,0.000000,219.760551
454636,0.053309,0.447976,-0.069228,-0.013244,-0.400101,0.365056,-0.840522,-0.000343,219.259300
454636,0.053309,0.447976,-0.069228,-0.013244,-0.400101,0.365056,-0.840522,-0.000343,218.717194
454636,0.053309,0.447976,-0.069228,-0.013244,-0.400101,0.365056,-0.840522,-0.000343,218.289070
454636,0.053309,0.447976,-0.069228,-0.013244,-0.400101,0.365056,-0.840522,0.000000,217.769279
454636,0.053309,0.447976,-0.069228,-0.013244,-0.400101,0.365056,-0.840522,0.000000,217.326050
454743,0.052320,0.448466,-0.068745,-0.012785,-0.403498,0.344337,-0.847619,0.000000,216.795616
454746,0.052297,0.448478,-0.068732,-0.012782,-0.403588,0.343833,-0.847781,-0.000343,216.309471
454749,0.052267,0.448493,-0.068714,-0.012813,-0.403677,0.343199,-0.847995,0.000000,215.855942
454753,0.052229,0.448512,-0.068694,-0.012756,-0.403841,0.342310,-0.848277,-0.000343,215.249290
454757,0.052195,0.448526,-0.068681,-0.012743,-0.403925,0.341722,-0.848474,-0.000343,214.700317
454760,0.052170,0.448537,-0.068669,-0.012704,-0.404022,0.341250,-0.848618,-0.000343,214.217606
454764,0.052124,0.448554,-0.068650,-0.012697,-0.404172,0.340315,-0.848923,0.000000,213.779869
454767,0.052081,0.448571,-0.068636,-0.012741,-0.404211,0.339615,-0.849184,-0.000343,213.239822
454771,0.052032,0.448591,-0.068616,-0.012691,-0.404401,0.338698,-0.849460,-0.000343,212.748871
454774,0.051993,0.448609,-0.068602,-0.012676,-0.404520,0.337987,-0.849687,-0.000343,212.264099
454778,0.051934,0.448628,-0.068576,-0.012745,-0.404596,0.336926,-0.850071,-0.000343,211.830482
454782,0.051875,0.448659,-0.068546,-0.012685,-0.404849,0.335803,-0.850396,-0.000343,211.280479
454785,0.051844,0.448672,-0.068533,-0.012697,-0.404897,0.335212,-0.850606,-0.000343,210.791245
454789,0.051804,0.448686,-0.068513,-0.012770,-0.404997,0.334483,-0.850844,-0.000343,210.261154
454792,0.051771,0.448700,-0.068505,-0.012732,-0.405136,0.333780,-0.851054,0.000000,209.723511
454796,0.051728,0.448717,-0.068484,-0.012765,-0.405212,0.332898,-0.851364,0.000000,209.211617
454799,0.051699,0.448731,-0.068478,-0.012727,-0.405280,0.332375,-0.851536,0.000000,208.788986
454803,0.051658,0.448749,-0.068456,-0.012688,-0.405459,0.331458,-0.851808,0.000000,208.247566
454807,0.051618,0.448769,-0.068441,-0.012674,-0.405543,0.330650,-0.852083,0.000000,207.750435
454810,0.051589,0.448780,-0.068423,-0.012647,-0.405623,0.329965,-0.852311,-0.000343,207.262573
454814,0.051553,0.448801,-0.068395,-0.012625,-0.405789,0.329077,-0.852575,0.000000,206.816597
454817,0.051534,0.448813,-0.068383,-0.012563,-0.405873,0.328589,-0.852724,-0.000343,206.278267
454820,0.051516,0.448820,-0.068363,-0.012661,-0.405898,0.328195,-0.852863,-0.000343,205.841904
454824,0.051493,0.448836,-0.068352,-0.012570,-0.406066,0.327611,-0.853009,0.000000,205.269585
454828,0.051464,0.448847,-0.068328,-0.012607,-0.406123,0.326945,-0.853236,-0.000343,204.742584
454831,0.051429,0.448857,-0.068316,-0.012616,-0.406180,0.326364,-0.853432,0.000000,204.295235
454835,0.051390,0.448875,-0.068302,-0.012438,-0.406392,0.325576,-0.853634,-0.000343,203.756905
454838,0.051370,0.448881,-0.068296,-0.012483,-0.406412,0.325159,-0.853783,-0.000343,203.305779
454842,0.051331,0.448895,-0.068288,-0.012502,-0.406501,0.324545,-0.853974,-0.000343,202.750626
454845,0.051307,0.448906,-0.068276,-0.012511,-0.406598,0.323933,-0.854160,0.000000,202.242851
454849,0.051253,0.448927,-0.068255,-0.012561,-0.406715,0.322899,-0.854495,0.000000,201.788979
454853,0.051210,0.448941,-0.068235,-0.012598,-0.406840,0.322093,-0.854739,-0.000343,201.239662
454856,0.051181,0.448955,-0.068221,-0.012566,-0.406969,0.321513,-0.854897,0.000000,200.820808
454860,0.051138,0.448972,-0.068200,-0.012620,-0.406967,0.320711,-0.855198,-0.000343,200.272522
454863,0.051112,0.448982,-0.068185,-0.012652,-0.407045,0.320159,-0.855367,-0.000343,199.792900
454867,0.051068,0.449003,-0.068167,-0.012522,-0.407269,0.319237,-0.855607,-0.000343,199.249763
454870,0.051037,0.449015,-0.068153,-0.012491,-0.407320,0.318627,-0.855811,0.000000,198.768768
454874,0.050991,0.449029,-0.068134,-0.012464,-0.407472,0.317809,-0.856043,0.000000,198.275757
454878,0.050943,0.449046,-0.068115,-0.012437,-0.407626,0.316939,-0.856292,0.000000,197.784119
454881,0.050915,0.449059,-0.068102,-0.012492,-0.407659,0.316374,-0.856484,-0.000343,197.230339
454884,0.050880,0.449065,-0.068088,-0.012589,-0.407715,0.315814,-0.856663,-0.000343,196.796379
454888,0.050849,0.449087,-0.068074,-0.012453,-0.407904,0.315063,-0.856851,-0.000343,196.249809
454891,0.050817,0.449093,-0.068059,-0.012551,-0.407964,0.314448,-0.857047,-0.000343,195.811043
454895,0.050779,0.449117,-0.068042,-0.012496,-0.408057,0.313638,-0.857301,0.000000,195.257607
454899,0.050734,0.449137,-0.068014,-0.012452,-0.408229,0.312585,-0.857604,-0.000343,194.761162
454902,0.050690,0.449149,-0.067994,-0.012467,-0.408341,0.311803,-0.857835,-0.000343,194.304199
454906,0.050650,0.449165,-0.067972,-0.012438,-0.408492,0.310960,-0.858070,-0.000343,193.824234
454909,0.050618,0.449181,-0.067958,-0.012299,-0.408631,0.310241,-0.858266,-0.000343,193.281441
454912,0.050575,0.449199,-0.067939,-0.012249,-0.408793,0.309352,-0.858510,0.000000,192.753067
454912,0.050575,0.449199,-0.067939,-0.012249,-0.408793,0.309352,-0.858510,-0.000343,192.214737
454912,0.050575,0.449199,-0.067939,-0.012249,-0.408793,0.309352,-0.858510,-0.000343,191.744728
454912,0.050575,0.449199,-0.067939,-0.012249,-0.408793,0.309352,-0.858510,-0.000343,191.294632
454912,0.050575,0.449199,-0.067939,-0.012249,-0.408793,0.309352,-0.858510,-0.000343,190.743599
454912,0.050575,0.449199,-0.067939,-0.012249,-0.408793,0.309352,-0.858510,-0.000343,190.291100
454912,0.050575,0.449199,-0.067939,-0.012249,-0.408793,0.309352,-0.858510,0.000000,189.755516
454912,0.050575,0.449199,-0.067939,-0.012249,-0.408793,0.309352,-0.858510,-0.000343,189.260101
454912,0.050575,0.449199,-0.067939,-0.012249,-0.408793,0.309352,-0.858510,0.000000,188.819275
454912,0.050575,0.449199,-0.067939,-0.012249,-0.408793,0.309352,-0.858510,0.000000,188.280258
454912,0.050575,0.449199,-0.067939,-0.012249,-0.408793,0.309352,-0.858510,0.000000,187.763557
454912,0.050575,0.449199,-0.067939,-0.012249,-0.408793,0.309352,-0.858510,-0.000343,187.238960
454912,0.050575,0.449199,-0.067939,-0.012249,-0.408793,0.309352,-0.858510,0.000000,186.745605
454912,0.050575,0.449199,-0.067939,-0.012249,-0.408793,0.309352,-0.858510,-0.000343,186.260834
454912,0.050575,0.449199,-0.067939,-0.012249,-0.408793,0.309352,-0.858510,-0.000343,185.809021
454912,0.050575,0.449199,-0.067939,-0.012249,-0.408793,0.309352,-0.858510,0.000000,185.296097
454912,0.050575,0.449199,-0.067939,-0.012249,-0.408793,0.309352,-0.858510,0.000000,184.800682
454912,0.050575,0.449199,-0.067939,-0.012249,-0.408793,0.309352,-0.858510,-0.000343,184.253082
454912,0.050575,0.449199,-0.067939,-0.012249,-0.408793,0.309352,-0.858510,0.000000,183.755951
454912,0.050575,0.449199,-0.067939,-0.012249,-0.408793,0.309352,-0.858510,-0.000343,183.273926
454912,0.050575,0.449199,-0.067939,-0.012249,-0.408793,0.309352,-0.858510,-0.000343,182.775078
454912,0.050575,0.449199,-0.067939,-0.012249,-0.408793,0.309352,-0.858510,-0.000343,182.299576
454912,0.050575,0.449199,-0.067939,-0.012249,-0.408793,0.309352,-0.858510,0.000000,181.754379
454912,0.050575,0.449199,-0.067939,-0.012249,-0.408793,0.309352,-0.858510,0.000000,181.261368
454912,0.050575,0.449199,-0.067939,-0.012249,-0.408793,0.309352,-0.858510,0.000000,180.763206
454912,0.050575,0.449199,-0.067939,-0.012249,-0.408793,0.309352,-0.858510,-0.000343,180.239639
454912,0.050575,0.449199,-0.067939,-0.012249,-0.408793,0.309352,-0.858510,-0.000343,179.732208
454912,0.050575,0.449199,-0.067939,-0.012249,-0.408793,0.309352,-0.858510,0.000000,179.287262
454912,0.050575,0.449199,-0.067939,-0.012249,-0.408793,0.309352,-0.858510,0.000000,178.741722
454912,0.050575,0.449199,-0.067939,-0.012249,-0.408793,0.309352,-0.858510,-0.000343,178.314629
455020,0.049541,0.449565,-0.067450,-0.012284,-0.411537,0.288697,-0.864373,-0.000343,177.779732
455023,0.049497,0.449577,-0.067436,-0.012274,-0.411668,0.287961,-0.864556,-0.000343,177.308006
455027,0.049434,0.449598,-0.067410,-0.012345,-0.411811,0.286919,-0.864833,-0.000343,176.766243
455030,0.049387,0.449613,-0.067398,-0.012326,-0.411885,0.286135,-0.865058,0.000000,176.280098
455034,0.049336,0.449632,-0.067380,-0.012233,-0.412123,0.285222,-0.865248,0.000000,175.819702
455037,0.049299,0.449645,-0.067368,-0.012211,-0.412226,0.284530,-0.865427,0.000000,175.277596
455041,0.049260,0.449655,-0.067351,-0.012311,-0.412248,0.283951,-0.865605,-0.000343,174.773941
455044,0.049235,0.449661,-0.067341,-0.012231,-0.412385,0.283433,-0.865710,0.000000,174.236641
455048,0.049203,0.449672,-0.067323,-0.012217,-0.412461,0.282708,-0.865912,0.000000,173.753929
455051,0.049177,0.449680,-0.067301,-0.012276,-0.412519,0.282036,-0.866102,0.000000,173.258171
455055,0.049141,0.449694,-0.067272,-0.012205,-0.412720,0.281145,-0.866297,-0.000343,172.810135
455058,0.049103,0.449707,-0.067246,-0.012220,-0.412827,0.280268,-0.866530,-0.000343,172.303047
455062,0.049063,0.449717,-0.067223,-0.012318,-0.412861,0.279390,-0.866796,0.000000,171.748238
455066,0.049003,0.449736,-0.067190,-0.012287,-0.413067,0.278229,-0.867072,-0.000343,171.323204
455069,0.048963,0.449750,-0.067173,-0.012239,-0.413158,0.277280,-0.867333,-0.000343,170.775261
455073,0.048888,0.449765,-0.067137,-0.012305,-0.413260,0.276077,-0.867667,-0.000343,170.286713
455076,0.048853,0.449780,-0.067127,-0.012206,-0.413406,0.275234,-0.867867,-0.000343,169.713020
455080,0.048785,0.449794,-0.067097,-0.012244,-0.413493,0.274039,-0.868203,0.000000,169.287987
455084,0.048737,0.449810,-0.067082,-0.012220,-0.413698,0.273133,-0.868391,-0.000343,168.799782
455087,0.048704,0.449822,-0.067062,-0.012261,-0.413746,0.272372,-0.868606,-0.000343,168.252182
455090,0.048669,0.449836,-0.067045,-0.012328,-0.413829,0.271631,-0.868798,-0.000343,167.763634
455094,0.048611,0.449848,-0.067022,-0.012395,-0.413930,0.270717,-0.869034,0.000000,167.304955
455098,0.048562,0.449865,-0.067001,-0.012362,-0.414065,0.269640,-0.869305,-0.000343,166.755981
455101,0.048518,0.449878,-0.066983,-0.012339,-0.414158,0.268898,-0.869491,0.000000,166.269836
455104,0.048446,0.449908,-0.066966,-0.011493,-0.414374,0.266817,-0.870041,-0.000343,165.792274
455108,0.048404,0.449922,-0.066958,-0.011419,-0.414565,0.266125,-0.870162,0.000000,165.273170
455112,0.048355,0.449937,-0.066933,-0.011382,-0.414644,0.265208,-0.870405,-0.000343,164.732780
455115,0.048322,0.449945,-0.066923,-0.011377,-0.414715,0.264657,-0.870539,0.000000,164.232216
455119,0.048285,0.449959,-0.066899,-0.011364,-0.414909,0.263867,-0.870687,-0.000343,163.807869
455122,0.048248,0.449968,-0.066882,-0.011302,-0.414977,0.263194,-0.870859,-0.000343,163.251343
455126,0.048209,0.449978,-0.066859,-0.011373,-0.415064,0.262406,-0.871055,0.000000,162.740135
455129,0.048167,0.449990,-0.066834,-0.011380,-0.415171,0.261466,-0.871286,0.000000,162.241631
455133,0.048095,0.450011,-0.066800,-0.011377,-0.415335,0.260027,-0.871639,0.000000,161.798058
455137,0.048030,0.450029,-0.066767,-0.011390,-0.415547,0.258668,-0.871941,-0.000343,161.311913
455140,0.047972,0.450044,-0.066740,-0.011346,-0.415688,0.257626,-0.872183,0.000000,160.777016
455144,0.047912,0.450055,-0.066712,-0.011406,-0.415790,0.256465,-0.872476,0.000000,160.281258
455147,0.047879,0.450064,-0.066696,-0.011377,-0.415874,0.255784,-0.872636,0.000000,159.756660
455151,0.047842,0.450076,-0.066682,-0.011312,-0.416063,0.254941,-0.872794,0.000000,159.240303
455155,0.047816,0.450084,-0.066664,-0.011366,-0.416052,0.254301,-0.872985,0.000000,158.811836
455158,0.047794,0.450089,-0.066652,-0.011369,-0.416148,0.253811,-0.873082,0.000000,158.324318
455162,0.047762,0.450102,-0.066634,-0.011309,-0.416217,0.253015,-0.873280,-0.000343,157.754402
455165,0.047737,0.450108,-0.066620,-0.011339,-0.416261,0.252607,-0.873378,0.000000,157.244225
455169,0.047705,0.450116,-0.066605,-0.011326,-0.416385,0.252049,-0.873480,0.000000,156.747780
455172,0.047677,0.450122,-0.066595,-0.011288,-0.416425,0.251603,-0.873589,0.000000,156.253395
455175,0.047645,0.450129,-0.066591,-0.011345,-0.416443,0.251093,-0.873727,0.000000,155.820122
455179,0.047603,0.450138,-0.066578,-0.011399,-0.416441,0.250509,-0.873895,0.000000,155.274239
455183,0.047559,0.450148,-0.066564,-0.011377,-0.416579,0.249648,-0.874076,0.000000,154.766121
455186,0.047518,0.450151,-0.066551,-0.011490,-0.416606,0.248969,-0.874255,-0.000343,154.260750
455190,0.047467,0.450167,-0.066533,-0.011378,-0.416759,0.248144,-0.874418,0.000000,153.769798
455193,0.047429,0.450176,-0.066518,-0.011331,-0.416895,0.247407,-0.874563,-0.000343,153.264771
455197,0.047381,0.450185,-0.066498,-0.011325,-0.416920,0.246533,-0.874798,0.000000,152.790985
455200,0.047353,0.450191,-0.066485,-0.011308,-0.416991,0.245967,-0.874924,0.000000,152.276688
455204,0.047315,0.450204,-0.066463,-0.011278,-0.417135,0.245119,-0.875093,0.000000,151.729774
455208,0.047281,0.450209,-0.066440,-0.011344,-0.417160,0.244263,-0.875320,0.000000,151.293411
455211,0.047250,0.450213,-0.066423,-0.011419,-0.417243,0.243659,-0.875447,0.000000,150.754395
455215,0.047224,0.450225,-0.066402,-0.011347,-0.417334,0.242803,-0.875643,-0.000343,150.308418
455218,0.047197,0.450230,-0.066381,-0.011390,-0.417391,0.242209,-0.875780,0.000000,149.804077
455222,0.047159,0.450242,-0.066363,-0.011248,-0.417591,0.241511,-0.875879,0.000000,149.261627
455225,0.047137,0.450248,-0.066346,-0.011259,-0.417644,0.241008,-0.875992,0.000000,148.830757
455229,0.047085,0.450256,-0.066331,-0.011352,-0.417684,0.240114,-0.876217,0.000000,148.275604
455233,0.047052,0.450270,-0.066313,-0.011271,-0.417865,0.239312,-0.876351,0.000000,147.742081
455236,0.047024,0.450278,-0.066307,-0.011248,-0.417920,0.238683,-0.876497,0.000000,147.228813
455240,0.046983,0.450282,-0.066293,-0.011226,-0.417966,0.238025,-0.876654,-0.000343,146.813049
455243,0.046966,0.450286,-0.066282,-0.011248,-0.418035,0.237649,-0.876723,0.000000,146.307335
455247,0.046924,0.450295,-0.066264,-0.011181,-0.418175,0.236799,-0.876887,0.000000,145.795097
455250,0.046895,0.450299,-0.066244,-0.011256,-0.418219,0.236232,-0.877018,0.000000,145.246811
455254,0.046853,0.450310,-0.066224,-0.011239,-0.418368,0.235411,-0.877168,-0.000343,144.751053
455258,0.046797,0.450319,-0.066198,-0.011255,-0.418419,0.234413,-0.877411,0.000000,144.254265
455261,0.046763,0.450329,-0.066189,-0.011295,-0.418443,0.233889,-0.877539,0.000000,143.815498
455261,0.046763,0.450329,-0.066189,-0.011295,-0.418443,0.233889,-0.877539,-0.000343,143.282661
455261,0.046763,0.450329,-0.066189,-0.011295,-0.418443,0.233889,-0.877539,0.000000,142.776947
455261,0.046763,0.450329,-0.066189,-0.011295,-0.418443,0.233889,-0.877539,0.000000,142.295609
455261,0.046763,0.450329,-0.066189,-0.011295,-0.418443,0.233889,-0.877539,0.000000,141.745949
455261,0.046763,0.450329,-0.066189,-0.011295,-0.418443,0.233889,-0.877539,0.000000,141.260490
455261,0.046763,0.450329,-0.066189,-0.011295,-0.418443,0.233889,-0.877539,0.000000,140.809021
455261,0.046763,0.450329,-0.066189,-0.011295,-0.418443,0.233889,-0.877539,0.000000,140.238419
455261,0.046763,0.450329,-0.066189,-0.011295,-0.418443,0.233889,-0.877539,0.000000,139.787979
455261,0.046763,0.450329,-0.066189,-0.011295,-0.418443,0.233889,-0.877539,-0.000343,139.237633
455261,0.046763,0.450329,-0.066189,-0.011295,-0.418443,0.233889,-0.877539,0.000000,138.744278
455261,0.046763,0.450329,-0.066189,-0.011295,-0.418443,0.233889,-0.877539,0.000000,138.321648
455261,0.046763,0.450329,-0.066189,-0.011295,-0.418443,0.233889,-0.877539,0.000000,137.775764
455261,0.046763,0.450329,-0.066189,-0.011295,-0.418443,0.233889,-0.877539,0.000000,137.267303
455261,0.046763,0.450329,-0.066189,-0.011295,-0.418443,0.233889,-0.877539,0.000000,136.760216
455261,0.046763,0.450329,-0.066189,-0.011295,-0.418443,0.233889,-0.877539,-0.000343,136.266518
455261,0.046763,0.450329,-0.066189,-0.011295,-0.418443,0.233889,-0.877539,0.000000,135.778656
455261,0.046763,0.450329,-0.066189,-0.011295,-0.418443,0.233889,-0.877539,0.000000,135.309677
455261,0.046763,0.450329,-0.066189,-0.011295,-0.418443,0.233889,-0.877539,0.000000,134.778900
455261,0.046763,0.450329,-0.066189,-0.011295,-0.418443,0.233889,-0.877539,0.000000,134.216194
455261,0.046763,0.450329,-0.066189,-0.011295,-0.418443,0.233889,-0.877539,0.000000,133.769531
455261,0.046763,0.450329,-0.066189,-0.011295,-0.418443,0.233889,-0.877539,0.000000,133.246307
455261,0.046763,0.450329,-0.066189,-0.011295,-0.418443,0.233889,-0.877539,0.000000,132.774239
455261,0.046763,0.450329,-0.066189,-0.011295,-0.418443,0.233889,-0.877539,0.000000,132.265778
455261,0.046763,0.450329,-0.066189,-0.011295,-0.418443,0.233889,-0.877539,-0.000343,131.774483
455261,0.046763,0.450329,-0.066189,-0.011295,-0.418443,0.233889,-0.877539,0.000000,131.287994
455261,0.046763,0.450329,-0.066189,-0.011295,-0.418443,0.233889,-0.877539,0.000000,130.820732
455261,0.046763,0.450329,-0.066189,-0.011295,-0.418443,0.233889,-0.877539,0.000000,130.230904
455261,0.046763,0.450329,-0.066189,-0.011295,-0.418443,0.233889,-0.877539,0.000000,129.705963
455261,0.046763,0.450329,-0.066189,-0.011295,-0.418443,0.233889,-0.877539,0.000000,129.206429
455367,0.045308,0.450599,-0.065527,-0.011122,-0.421200,0.206224,-0.883141,0.000000,128.767319
455371,0.045267,0.450606,-0.065503,-0.011163,-0.421315,0.205145,-0.883337,0.000000,128.235855
455374,0.045230,0.450617,-0.065484,-0.011193,-0.421365,0.204337,-0.883500,0.000000,127.760696
455378,0.045191,0.450622,-0.065456,-0.011190,-0.421405,0.203351,-0.883709,0.000000,127.279358
455382,0.045144,0.450629,-0.065429,-0.011189,-0.421530,0.202387,-0.883870,0.000000,126.788063
455385,0.045107,0.450636,-0.065410,-0.011173,-0.421559,0.201612,-0.884034,0.000000,126.354790
455389,0.045054,0.450638,-0.065384,-0.011193,-0.421651,0.200700,-0.884197,0.000000,125.797920
455392,0.045013,0.450645,-0.065373,-0.011182,-0.421731,0.199988,-0.884320,0.000000,125.250320
455396,0.044964,0.450654,-0.065350,-0.011202,-0.421752,0.198923,-0.884551,0.000000,124.711647
455399,0.044928,0.450663,-0.065332,-0.011064,-0.421887,0.198238,-0.884641,0.000000,124.228249
455403,0.044874,0.450673,-0.065308,-0.011005,-0.422003,0.197288,-0.884799,0.000000,123.783302
455406,0.044839,0.450678,-0.065292,-0.011032,-0.422054,0.196589,-0.884930,0.000000,123.278618
455410,0.044788,0.450684,-0.065266,-0.011035,-0.422086,0.195727,-0.885106,0.000000,122.742691
455414,0.044740,0.450691,-0.065242,-0.010979,-0.422209,0.194684,-0.885278,0.000000,122.259636
455417,0.044696,0.450694,-0.065225,-0.011021,-0.422254,0.193968,-0.885413,0.000000,121.772461
455421,0.044647,0.450699,-0.065205,-0.011045,-0.422347,0.193201,-0.885536,0.000000,121.276016
455424,0.044616,0.450702,-0.065197,-0.010994,-0.422450,0.192673,-0.885603,0.000000,120.839653
455428,0.044574,0.450709,-0.065189,-0.011028,-0.422452,0.191995,-0.885749,0.000000,120.270424
455431,0.044551,0.450713,-0.065183,-0.011023,-0.422483,0.191564,-0.885827,0.000000,119.791832
455435,0.044516,0.450722,-0.065170,-0.010972,-0.422601,0.190839,-0.885928,0.000000,119.233246
455438,0.044485,0.450726,-0.065155,-0.010983,-0.422646,0.190225,-0.886039,0.000000,118.799629
455442,0.044457,0.450727,-0.065135,-0.011006,-0.422707,0.189636,-0.886135,0.000000,118.293571
455446,0.044428,0.450729,-0.065113,-0.010998,-0.422808,0.188899,-0.886245,0.000000,117.738419
455449,0.044410,0.450731,-0.065098,-0.011037,-0.422819,0.188373,-0.886351,0.000000,117.303772
455453,0.044385,0.450736,-0.065082,-0.011026,-0.422880,0.187778,-0.886448,0.000000,116.815910
455456,0.044361,0.450741,-0.065069,-0.011062,-0.422947,0.187209,-0.886536,0.000000,116.274490
455460,0.044324,0.450745,-0.065052,-0.011110,-0.422913,0.186476,-0.886706,0.000000,115.835724
455463,0.044288,0.450748,-0.065039,-0.011137,-0.423017,0.185840,-0.886790,0.000000,115.266838
455467,0.044239,0.450757,-0.065017,-0.011102,-0.423123,0.184832,-0.886950,0.000000,114.744301
455471,0.044188,0.450762,-0.064992,-0.011155,-0.423131,0.183893,-0.887141,0.000000,114.294548
455474,0.044148,0.450761,-0.064978,-0.011264,-0.423111,0.183099,-0.887313,0.000000,113.754501
455477,0.044110,0.450769,-0.064954,-0.011134,-0.423303,0.182324,-0.887383,0.000343,113.297539
455481,0.044058,0.450770,-0.064931,-0.011235,-0.423257,0.181286,-0.887616,0.000000,112.748222
455485,0.044007,0.450777,-0.064908,-0.011247,-0.423306,0.180402,-0.887773,0.000343,112.244568
455488,0.043974,0.450781,-0.064896,-0.011188,-0.423357,0.179745,-0.887883,0.000000,111.746063
455492,0.043926,0.450784,-0.064880,-0.011216,-0.423374,0.179035,-0.888017,0.000343,111.299057
455495,0.043886,0.450789,-0.064872,-0.011155,-0.423431,0.178362,-0.888126,0.000000,110.763130
455499,0.043844,0.450797,-0.064856,-0.011029,-0.423608,0.177629,-0.888191,0.000000,110.274239
455502,0.043807,0.450800,-0.064854,-0.011126,-0.423525,0.177031,-0.888348,0.000343,109.760971
455506,0.043762,0.450802,-0.064839,-0.011178,-0.423601,0.176384,-0.888440,0.000000,109.256630
455509,0.043730,0.450807,-0.064823,-0.011161,-0.423669,0.175733,-0.888537,0.000343,108.824043
455513,0.043687,0.450810,-0.064799,-0.011198,-0.423687,0.174856,-0.888701,0.000000,108.317642
455517,0.043649,0.450814,-0.064772,-0.011091,-0.423791,0.174058,-0.888810,0.000000,107.735710
455520,0.043625,0.450817,-0.064755,-0.011085,-0.423849,0.173403,-0.888910,0.000000,107.230339
455524,0.043591,0.450819,-0.064725,-0.011165,-0.423876,0.172620,-0.889048,0.000000,106.798782
455527,0.043559,0.450823,-0.064705,-0.011104,-0.423948,0.171894,-0.889156,0.000000,106.302681
455530,0.043525,0.450828,-0.064687,-0.011101,-0.423991,0.171146,-0.889279,0.000000,105.808296
455534,0.043464,0.450834,-0.064656,-0.011086,-0.424030,0.169868,-0.889506,0.000343,105.261383
455538,0.043411,0.450843,-0.064635,-0.011131,-0.424113,0.168887,-0.889653,0.000000,104.761848
455541,0.043372,0.450844,-0.064620,-0.011083,-0.424165,0.168135,-0.889771,0.000000,104.304543
455545,0.043323,0.450850,-0.064606,-0.011049,-0.424182,0.167327,-0.889915,0.000343,103.820801
455548,0.043293,0.450851,-0.064592,-0.011122,-0.424223,0.166798,-0.889994,0.000000,103.279381
455552,0.043257,0.450857,-0.064581,-0.011004,-0.424340,0.166114,-0.890068,0.000000,102.758560
455555,0.043236,0.450859,-0.064570,-0.011051,-0.424344,0.165597,-0.890162,0.000343,102.230186
455559,0.043201,0.450859,-0.064551,-0.011121,-0.424363,0.165022,-0.890258,0.000343,101.754341
455563,0.043167,0.450864,-0.064538,-0.011071,-0.424445,0.164309,-0.890352,0.000343,101.254463
455566,0.043138,0.450861,-0.064523,-0.011096,-0.424499,0.163765,-0.890426,0.000000,100.792007
455570,0.043095,0.450862,-0.064512,-0.010989,-0.424595,0.163127,-0.890499,0.000343,100.244751
455573,0.043063,0.450866,-0.064496,-0.010988,-0.424621,0.162448,-0.890611,0.000343,99.756203
455577,0.043003,0.450868,-0.064477,-0.010988,-0.424677,0.161600,-0.890738,0.000343,99.258041
455581,0.042963,0.450874,-0.064457,-0.010978,-0.424770,0.160762,-0.890845,0.000343,98.759193
455584,0.042921,0.450878,-0.064441,-0.010933,-0.424790,0.159993,-0.890975,0.000343,98.275795
455588,0.042869,0.450880,-0.064417,-0.011008,-0.424890,0.159152,-0.891077,0.000343,97.807503
455591,0.042835,0.450882,-0.064397,-0.010995,-0.424951,0.158357,-0.891189,0.000343,97.291489
455595,0.042757,0.450887,-0.064360,-0.011018,-0.425005,0.156859,-0.891429,0.000343,96.748009
455598,0.042711,0.450892,-0.064334,-0.011045,-0.425076,0.156059,-0.891535,0.000343,96.257401
455602,0.042671,0.450895,-0.064312,-0.011016,-0.425155,0.155182,-0.891650,0.000343,95.753059
455605,0.042635,0.450898,-0.064291,-0.011030,-0.425234,0.154435,-0.891742,0.000343,95.289917
455605,0.042635,0.450898,-0.064291,-0.011030,-0.425234,0.154435,-0.891742,0.000343,94.800682
455605,0.042635,0.450898,-0.064291,-0.011030,-0.425234,0.154435,-0.891742,0.000000,94.311790
455605,0.042635,0.450898,-0.064291,-0.011030,-0.425234,0.154435,-0.891742,0.000343,93.761787
455605,0.042635,0.450898,-0.064291,-0.011030,-0.425234,0.154435,-0.891742,0.000000,93.320618
455605,0.042635,0.450898,-0.064291,-0.011030,-0.425234,0.154435,-0.891742,0.000343,92.769241
455605,0.042635,0.450898,-0.064291,-0.011030,-0.425234,0.154435,-0.891742,0.000343,92.295799
455605,0.042635,0.450898,-0.064291,-0.011030,-0.425234,0.154435,-0.891742,0.000343,91.806221
455605,0.042635,0.450898,-0.064291,-0.011030,-0.425234,0.154435,-0.891742,0.000343,91.264114
455605,0.042635,0.450898,-0.064291,-0.011030,-0.425234,0.154435,-0.891742,0.000343,90.808525
455605,0.042635,0.450898,-0.064291,-0.011030,-0.425234,0.154435,-0.891742,0.000343,90.245132
455605,0.042635,0.450898,-0.064291,-0.011030,-0.425234,0.154435,-0.891742,0.000343,89.741135
455605,0.042635,0.450898,-0.064291,-0.011030,-0.425234,0.154435,-0.891742,0.000343,89.248123
455605,0.042635,0.450898,-0.064291,-0.011030,-0.425234,0.154435,-0.891742,0.000000,88.749275
455605,0.042635,0.450898,-0.064291,-0.011030,-0.425234,0.154435,-0.891742,0.000343,88.254890
455605,0.042635,0.450898,-0.064291,-0.011030,-0.425234,0.154435,-0.891742,0.000343,87.818527
455605,0.042635,0.450898,-0.064291,-0.011030,-0.425234,0.154435,-0.891742,0.000343,87.265434
455605,0.042635,0.450898,-0.064291,-0.011030,-0.425234,0.154435,-0.891742,0.000000,86.816368
455605,0.042635,0.450898,-0.064291,-0.011030,-0.425234,0.154435,-0.891742,0.000000,86.276665
455605,0.042635,0.450898,-0.064291,-0.011030,-0.425234,0.154435,-0.891742,0.000343,85.817986
455605,0.042635,0.450898,-0.064291,-0.011030,-0.425234,0.154435,-0.891742,0.000343,85.236397
455605,0.042635,0.450898,-0.064291,-0.011030,-0.425234,0.154435,-0.891742,0.000343,84.780464
455605,0.042635,0.450898,-0.064291,-0.011030,-0.425234,0.154435,-0.891742,0.000000,84.240074
455605,0.042635,0.450898,-0.064291,-0.011030,-0.425234,0.154435,-0.891742,0.000343,83.746719
455605,0.042635,0.450898,-0.064291,-0.011030,-0.425234,0.154435,-0.891742,0.000000,83.297997
455605,0.042635,0.450898,-0.064291,-0.011030,-0.425234,0.154435,-0.891742,0.000343,82.758980
455605,0.042635,0.450898,-0.064291,-0.011030,-0.425234,0.154435,-0.891742,0.000000,82.267342
455605,0.042635,0.450898,-0.064291,-0.011030,-0.425234,0.154435,-0.891742,0.000000,81.764374
455605,0.042635,0.450898,-0.064291,-0.011030,-0.425234,0.154435,-0.891742,0.000343,81.275482
455605,0.042635,0.450898,-0.064291,-0.011030,-0.425234,0.154435,-0.891742,0.000343,80.825386
455712,0.041513,0.450933,-0.063818,-0.011193,-0.427428,0.133798,-0.894023,0.000343,80.245514
455715,0.041479,0.450932,-0.063804,-0.011187,-0.427466,0.133193,-0.894096,0.000343,79.770699
455719,0.041443,0.450933,-0.063790,-0.011173,-0.427542,0.132505,-0.894162,0.000000,79.295883
455723,0.041397,0.450933,-0.063776,-0.011229,-0.427507,0.131768,-0.894287,0.000000,78.751373
455726,0.041363,0.450935,-0.063768,-0.011209,-0.427556,0.131275,-0.894336,0.000343,78.247719
455730,0.041313,0.450936,-0.063750,-0.011179,-0.427616,0.130357,-0.894442,0.000000,77.755394
455733,0.041273,0.450941,-0.063743,-0.011139,-0.427633,0.129844,-0.894509,0.000000,77.311478
455737,0.041228,0.450940,-0.063723,-0.011151,-0.427699,0.129069,-0.894590,0.000000,76.765251
455740,0.041189,0.450943,-0.063708,-0.011138,-0.427715,0.128364,-0.894684,0.000343,76.326485
455744,0.041132,0.450941,-0.063679,-0.011142,-0.427752,0.127175,-0.894836,0.000000,75.784035
455747,0.041091,0.450942,-0.063653,-0.011187,-0.427818,0.126311,-0.894926,0.000000,75.259094
455751,0.041024,0.450942,-0.063616,-0.011097,-0.427908,0.124982,-0.895071,0.000000,74.775009
455755,0.040971,0.450941,-0.063580,-0.011144,-0.427904,0.123921,-0.895219,0.000343,74.229126
455758,0.040943,0.450943,-0.063564,-0.011121,-0.427960,0.123374,-0.895269,0.000343,73.800659
455761,0.040916,0.450943,-0.063548,-0.011116,-0.428025,0.122763,-0.895321,0.000000,73.299065
455761,0.040916,0.450943,-0.063548,-0.011116,-0.428025,0.122763,-0.895321,0.000000,72.747688
455761,0.040916,0.450943,-0.063548,-0.011116,-0.428025,0.122763,-0.895321,0.000000,72.310982
455761,0.040916,0.450943,-0.063548,-0.011116,-0.428025,0.122763,-0.895321,0.000000,71.767502
455761,0.040916,0.450943,-0.063548,-0.011116,-0.428025,0.122763,-0.895321,0.000343,71.264534
455761,0.040916,0.450943,-0.063548,-0.011116,-0.428025,0.122763,-0.895321,0.000000,70.772896
455761,0.040916,0.450943,-0.063548,-0.011116,-0.428025,0.122763,-0.895321,0.000000,70.274048
455761,0.040916,0.450943,-0.063548,-0.011116,-0.428025,0.122763,-0.895321,0.000000,69.747391
455761,0.040916,0.450943,-0.063548,-0.011116,-0.428025,0.122763,-0.895321,0.000343,69.288712
455761,0.040916,0.450943,-0.063548,-0.011116,-0.428025,0.122763,-0.895321,0.000000,68.798103
455761,0.040916,0.450943,-0.063548,-0.011116,-0.428025,0.122763,-0.895321,0.000343,68.305435
455761,0.040916,0.450943,-0.063548,-0.011116,-0.428025,0.122763,-0.895321,0.000000,67.795601
455761,0.040916,0.450943,-0.063548,-0.011116,-0.428025,0.122763,-0.895321,0.000343,67.248344
455761,0.040916,0.450943,-0.063548,-0.011116,-0.428025,0.122763,-0.895321,0.000000,66.754303
455761,0.040916,0.450943,-0.063548,-0.011116,-0.428025,0.122763,-0.895321,0.000343,66.261978
455761,0.040916,0.450943,-0.063548,-0.011116,-0.428025,0.122763,-0.895321,0.000343,65.817032
455761,0.040916,0.450943,-0.063548,-0.011116,-0.428025,0.122763,-0.895321,0.000343,65.315094
455761,0.040916,0.450943,-0.063548,-0.011116,-0.428025,0.122763,-0.895321,0.000343,64.763374
455761,0.040916,0.450943,-0.063548,-0.011116,-0.428025,0.122763,-0.895321,0.000000,64.257317
455761,0.040916,0.450943,-0.063548,-0.011116,-0.428025,0.122763,-0.895321,0.000000,63.824043
455761,0.040916,0.450943,-0.063548,-0.011116,-0.428025,0.122763,-0.895321,0.000343,63.263741
455761,0.040916,0.450943,-0.063548,-0.011116,-0.428025,0.122763,-0.895321,0.000343,62.786522
455761,0.040916,0.450943,-0.063548,-0.011116,-0.428025,0.122763,-0.895321,0.000343,62.233086
455761,0.040916,0.450943,-0.063548,-0.011116,-0.428025,0.122763,-0.895321,0.000000,61.742134
455761,0.040916,0.450943,-0.063548,-0.011116,-0.428025,0.122763,-0.895321,0.000343,61.246719
455761,0.040916,0.450943,-0.063548,-0.011116,-0.428025,0.122763,-0.895321,0.000000,60.750961
455761,0.040916,0.450943,-0.063548,-0.011116,-0.428025,0.122763,-0.895321,0.000000,60.305672
455761,0.040916,0.450943,-0.063548,-0.011116,-0.428025,0.122763,-0.895321,0.000343,59.756355
455761,0.040916,0.450943,-0.063548,-0.011116,-0.428025,0.122763,-0.895321,0.000000,59.297676
455761,0.040916,0.450943,-0.063548,-0.011116,-0.428025,0.122763,-0.895321,0.000343,58.763123
455868,0.039697,0.450915,-0.063009,-0.011218,-0.428890,0.099188,-0.897825,0.000343,58.273201
455872,0.039662,0.450912,-0.062979,-0.011282,-0.428915,0.098429,-0.897896,0.000000,57.798042
455875,0.039632,0.450909,-0.062960,-0.011239,-0.428940,0.097804,-0.897952,0.000000,57.294731
455879,0.039597,0.450904,-0.062939,-0.011229,-0.428981,0.097028,-0.898017,0.000343,56.770477
455882,0.039556,0.450905,-0.062929,-0.011227,-0.428993,0.096430,-0.898076,0.000343,56.313858
455886,0.039490,0.450902,-0.062912,-0.011185,-0.429051,0.095465,-0.898152,0.000000,55.742912
455889,0.039439,0.450900,-0.062908,-0.011160,-0.429051,0.094739,-0.898229,0.000000,55.292130
455893,0.039369,0.450897,-0.062894,-0.011097,-0.429100,0.093722,-0.898313,0.000000,54.748306
455896,0.039324,0.450895,-0.062881,-0.011121,-0.429123,0.092994,-0.898378,0.000343,54.299927
455900,0.039282,0.450897,-0.062862,-0.011082,-0.429197,0.092144,-0.898430,0.000000,53.750267
455903,0.039245,0.450894,-0.062834,-0.011080,-0.429230,0.091279,-0.898503,0.000000,53.267899
455907,0.039189,0.450891,-0.062790,-0.011110,-0.429284,0.090121,-0.898593,0.000000,52.768021
455911,0.039161,0.450886,-0.062756,-0.011160,-0.429294,0.089223,-0.898678,0.000000,52.303505
455914,0.039125,0.450882,-0.062732,-0.011167,-0.429310,0.088532,-0.898738,0.000000,51.756248
455918,0.039083,0.450880,-0.062712,-0.011123,-0.429369,0.087593,-0.898803,0.000000,51.317825
455921,0.039049,0.450878,-0.062700,-0.011093,-0.429371,0.086809,-0.898878,0.000000,50.755463
455925,0.039006,0.450880,-0.062696,-0.011056,-0.429386,0.085978,-0.898951,0.000000,50.238075
455928,0.038967,0.450874,-0.062684,-0.011095,-0.429397,0.085341,-0.899006,0.000000,49.749184
455932,0.038916,0.450871,-0.062672,-0.010970,-0.429455,0.084483,-0.899061,0.000000,49.296341
455935,0.038878,0.450866,-0.062658,-0.011018,-0.429493,0.083876,-0.899099,0.000000,48.748741
455939,0.038821,0.450862,-0.062640,-0.011001,-0.429524,0.083106,-0.899156,0.000000,48.316841
455943,0.038784,0.450863,-0.062628,-0.010976,-0.429485,0.082355,-0.899244,0.000343,47.768555
455946,0.038756,0.450860,-0.062609,-0.011015,-0.429536,0.081786,-0.899271,0.000343,47.308846
455950,0.038731,0.450857,-0.062584,-0.010940,-0.429579,0.081031,-0.899320,0.000000,46.766052
455953,0.038713,0.450854,-0.062547,-0.011058,-0.429588,0.080324,-0.899378,0.000000,46.271667
455957,0.038680,0.450851,-0.062504,-0.011152,-0.429643,0.079413,-0.899431,0.000343,45.816765
455961,0.038644,0.450845,-0.062465,-0.011196,-0.429691,0.078320,-0.899503,0.000343,45.304527
455964,0.038599,0.450836,-0.062452,-0.011126,-0.429681,0.077464,-0.899583,0.000343,44.795036
455967,0.038556,0.450831,-0.062449,-0.011076,-0.429733,0.076834,-0.899613,0.000343,44.243660
455971,0.038495,0.450830,-0.062461,-0.011068,-0.429757,0.076094,-0.899664,0.000000,43.799057
455975,0.038419,0.450833,-0.062482,-0.010985,-0.429754,0.075230,-0.899739,0.000000,43.272057
455978,0.038370,0.450835,-0.062494,-0.010914,-0.429802,0.074592,-0.899771,0.000000,42.793808
455982,0.038311,0.450836,-0.062492,-0.010716,-0.429847,0.073725,-0.899823,0.000000,42.295647
455985,0.038281,0.450827,-0.062459,-0.010696,-0.429870,0.073082,-0.899865,0.000000,41.804695
455989,0.038258,0.450818,-0.062397,-0.010783,-0.429939,0.072382,-0.899888,0.000000,41.381378
455992,0.038236,0.450811,-0.062332,-0.010838,-0.429978,0.071597,-0.899931,0.000343,40.866737
455996,0.038219,0.450805,-0.062267,-0.010955,-0.429960,0.070553,-0.900020,0.000000,40.295105
455999,0.038199,0.450797,-0.062231,-0.010998,-0.429983,0.069832,-0.900065,0.000000,39.805870
456003,0.038168,0.450792,-0.062212,-0.010990,-0.429988,0.069044,-0.900124,0.000343,39.369507
456006,0.038129,0.450788,-0.062221,-0.010930,-0.430010,0.068444,-0.900159,0.000000,38.826370
456010,0.038063,0.450788,-0.062240,-0.010958,-0.430023,0.067670,-0.900212,0.000000,38.394470
456014,0.037986,0.450793,-0.062273,-0.010792,-0.430048,0.066800,-0.900267,0.000000,37.870216
456017,0.037940,0.450794,-0.062289,-0.010757,-0.430071,0.066171,-0.900302,0.000000,37.444153
456020,0.037905,0.450793,-0.062298,-0.010711,-0.430073,0.065641,-0.900341,0.000000,36.932602
456024,0.037881,0.450784,-0.062282,-0.010705,-0.430094,0.064977,-0.900379,0.000000,36.506195
456028,0.037869,0.450777,-0.062236,-0.010777,-0.430032,0.064280,-0.900458,0.000000,35.968208
456031,0.037852,0.450773,-0.062186,-0.010856,-0.430052,0.063692,-0.900489,0.000343,35.462151
456035,0.037837,0.450769,-0.062120,-0.010908,-0.430131,0.062942,-0.900503,0.000343,34.977379
456038,0.037814,0.450765,-0.062085,-0.010959,-0.430124,0.062268,-0.900553,0.000000,34.492264
456042,0.037772,0.450755,-0.062054,-0.011023,-0.430139,0.061270,-0.900614,0.000000,34.007149
456045,0.037714,0.450751,-0.062041,-0.010961,-0.430203,0.060253,-0.900653,0.000000,33.545380
456049,0.037615,0.450747,-0.062030,-0.010889,-0.430199,0.058828,-0.900750,0.000000,33.087044
456053,0.037547,0.450743,-0.062032,-0.010905,-0.430205,0.057979,-0.900801,0.000000,32.671967
456056,0.037492,0.450736,-0.062030,-0.010835,-0.430223,0.057170,-0.900845,0.000000,32.173462
456060,0.037428,0.450724,-0.062016,-0.010833,-0.430259,0.056046,-0.900899,0.000000,31.705170
456063,0.037392,0.450717,-0.062007,-0.010803,-0.430245,0.055280,-0.900953,0.000000,31.231384
456067,0.037336,0.450710,-0.061976,-0.010828,-0.430304,0.054114,-0.900996,0.000000,30.771675
456070,0.037292,0.450704,-0.061950,-0.010789,-0.430350,0.053263,-0.901025,0.000000,30.344582
456074,0.037246,0.450697,-0.061920,-0.010831,-0.430395,0.052314,-0.901058,0.000343,29.826164
456077,0.037204,0.450690,-0.061895,-0.010910,-0.430405,0.051500,-0.901099,0.000000,29.374352
456081,0.037149,0.450687,-0.061875,-0.010789,-0.430397,0.050429,-0.901165,0.000000,28.922539
456084,0.037114,0.450681,-0.061852,-0.010835,-0.430403,0.049604,-0.901208,0.000000,28.526001
456088,0.037069,0.450676,-0.061818,-0.010820,-0.430400,0.048620,-0.901263,0.000000,28.039513
456092,0.037037,0.450662,-0.061772,-0.010839,-0.430447,0.047670,-0.901291,0.000000,27.590103
456095,0.037015,0.450655,-0.061742,-0.010857,-0.430466,0.047019,-0.901316,0.000000,27.155113
456099,0.036988,0.450646,-0.061718,-0.010843,-0.430446,0.046173,-0.901369,0.000343,26.713943
456102,0.036965,0.450644,-0.061710,-0.010803,-0.430464,0.045606,-0.901390,0.000000,26.310196
456106,0.036912,0.450639,-0.061717,-0.010812,-0.430476,0.044784,-0.901426,0.000000,25.826454
456109,0.036861,0.450634,-0.061723,-0.010771,-0.430520,0.044143,-0.901437,0.000000,25.374298
456113,0.036782,0.450631,-0.061736,-0.010656,-0.430484,0.043228,-0.901499,0.000000,24.978447
456116,0.036728,0.450629,-0.061734,-0.010677,-0.430563,0.042561,-0.901493,0.000000,24.567833
456120,0.036666,0.450628,-0.061717,-0.010586,-0.430590,0.041698,-0.901522,0.000000,24.142113
456124,0.036644,0.450625,-0.061689,-0.010637,-0.430584,0.041017,-0.901555,0.000000,23.682404
456127,0.036637,0.450619,-0.061653,-0.010672,-0.430608,0.040572,-0.901563,0.000000,23.258400
456131,0.036634,0.450610,-0.061606,-0.010627,-0.430613,0.039842,-0.901594,0.000000,22.834053
456134,0.036628,0.450602,-0.061563,-0.010708,-0.430647,0.039247,-0.901603,0.000000,22.414513
456138,0.036596,0.450593,-0.061531,-0.010723,-0.430618,0.038426,-0.901652,0.000000,21.996346
456141,0.036564,0.450589,-0.061519,-0.010701,-0.430647,0.037819,-0.901664,0.000000,21.597404
456145,0.036508,0.450584,-0.061531,-0.010631,-0.430607,0.036965,-0.901720,0.000000,21.222496
456149,0.036444,0.450583,-0.061555,-0.010561,-0.430671,0.036188,-0.901721,0.000000,20.813942
456152,0.036401,0.450580,-0.061568,-0.010453,-0.430689,0.035677,-0.901734,0.000000,20.372429
456155,0.036359,0.450577,-0.061572,-0.010424,-0.430701,0.035099,-0.901752,0.000000,20.016060
456159,0.036322,0.450568,-0.061549,-0.010508,-0.430718,0.034455,-0.901767,0.000000,19.593773
456163,0.036299,0.450558,-0.061516,-0.010461,-0.430674,0.033763,-0.901815,0.000000,19.208565
456166,0.036292,0.450550,-0.061481,-0.010527,-0.430670,0.033317,-0.901833,0.000000,18.823357
456170,0.036282,0.450544,-0.061440,-0.010537,-0.430673,0.032723,-0.901853,0.000000,18.428535
456173,0.036267,0.450541,-0.061416,-0.010593,-0.430647,0.032251,-0.901882,0.000000,18.039207
456177,0.036237,0.450534,-0.061393,-0.010567,-0.430686,0.031532,-0.901889,0.000000,17.693481
456181,0.036186,0.450528,-0.061383,-0.010564,-0.430710,0.030655,-0.901908,0.000000,17.279434
456184,0.036142,0.450523,-0.061372,-0.010482,-0.430773,0.029915,-0.901904,0.000000,16.912422
456188,0.036081,0.450515,-0.061363,-0.010516,-0.430682,0.028767,-0.901984,0.000000,16.585236
456191,0.036030,0.450507,-0.061344,-0.010544,-0.430697,0.027948,-0.902002,0.000000,16.191444
456195,0.035982,0.450499,-0.061329,-0.010519,-0.430703,0.027082,-0.902026,0.000000,15.836105
456198,0.035964,0.450491,-0.061317,-0.010525,-0.430715,0.026772,-0.902030,0.000000,15.474930
456202,0.035925,0.450486,-0.061304,-0.010594,-0.430731,0.026214,-0.902037,0.000000,15.153580
456205,0.035904,0.450481,-0.061302,-0.010560,-0.430726,0.025840,-0.902051,0.000000,14.774551
456209,0.035868,0.450477,-0.061300,-0.010583,-0.430777,0.025294,-0.902042,0.000000,14.436722
456212,0.035836,0.450477,-0.061300,-0.010518,-0.430844,0.024940,-0.902020,0.000000,14.098549
456216,0.035800,0.450472,-0.061290,-0.010465,-0.430833,0.024330,-0.902043,0.000000,13.757973
456219,0.035773,0.450468,-0.061276,-0.010468,-0.430841,0.023910,-0.902050,0.000000,13.429070
456223,0.035756,0.450463,-0.061246,-0.010500,-0.430805,0.023421,-0.902080,0.000000,13.135185
456227,0.035748,0.450456,-0.061217,-0.010436,-0.430807,0.022860,-0.902094,0.000000,12.769203
456230,0.035748,0.450451,-0.061197,-0.010445,-0.430785,0.022522,-0.902113,0.000000,12.473602
456234,0.035751,0.450444,-0.061172,-0.010523,-0.430828,0.022129,-0.902102,0.000000,12.125473
456237,0.035734,0.450440,-0.061166,-0.010452,-0.430800,0.021716,-0.902125,0.000000,11.860085
456241,0.035710,0.450433,-0.061159,-0.010540,-0.430820,0.021273,-0.902126,0.000000,11.528091
456244,0.035676,0.450432,-0.061166,-0.010499,-0.430810,0.021016,-0.902137,0.000000,11.255150
456248,0.035635,0.450429,-0.061179,-0.010414,-0.430829,0.020503,-0.902140,0.000000,10.915604
456251,0.035608,0.450429,-0.061190,-0.010373,-0.430855,0.020265,-0.902134,-0.000343,10.620003
456255,0.035580,0.450427,-0.061196,-0.010387,-0.430824,0.019918,-0.902157,0.000000,10.327492
456259,0.035570,0.450424,-0.061190,-0.010314,-0.430859,0.019544,-0.902149,0.000000,10.067596
456262,0.035570,0.450420,-0.061179,-0.010357,-0.430870,0.019391,-0.902146,-0.000343,9.794312
456266,0.035582,0.450421,-0.061150,-0.010494,-0.430860,0.019122,-0.902155,0.000000,9.525833
456269,0.035574,0.450409,-0.061131,-0.010423,-0.430866,0.018866,-0.902158,0.000000,9.238472
456273,0.035572,0.450403,-0.061102,-0.010543,-0.430854,0.018597,-0.902169,0.000000,9.017372
456276,0.035559,0.450401,-0.061094,-0.010504,-0.430857,0.018431,-0.902171,-0.000343,8.721085
456280,0.035535,0.450403,-0.061093,-0.010435,-0.430851,0.018048,-0.902182,0.000000,8.450546
456283,0.035515,0.450403,-0.061098,-0.010467,-0.430831,0.017891,-0.902195,-0.000343,8.190994
456287,0.035485,0.450405,-0.061115,-0.010401,-0.430863,0.017686,-0.902184,-0.000343,7.943802
456290,0.035466,0.450402,-0.061120,-0.010363,-0.430893,0.017472,-0.902174,0.000000,7.713089
456294,0.035441,0.450402,-0.061125,-0.010344,-0.430896,0.017159,-0.902179,-0.000343,7.479286
456298,0.035429,0.450397,-0.061111,-0.010408,-0.430931,0.016915,-0.902166,-0.000343,7.249947
456301,0.035421,0.450395,-0.061100,-0.010422,-0.430908,0.016688,-0.902181,-0.000343,7.046356
456305,0.035421,0.450387,-0.061078,-0.010518,-0.430894,0.016493,-0.902190,0.000000,6.807404
456308,0.035422,0.450385,-0.061065,-0.010508,-0.430916,0.016295,-0.902184,-0.000343,6.615143
456312,0.035417,0.450384,-0.061057,-0.010434,-0.430904,0.015927,-0.902197,-0.000343,6.380310
456315,0.035415,0.450381,-0.061051,-0.010521,-0.430910,0.015815,-0.902195,0.000000,6.172256
456319,0.035400,0.450382,-0.061055,-0.010465,-0.430925,0.015559,-0.902193,-0.000343,5.985489
456322,0.035389,0.450380,-0.061050,-0.010449,-0.430905,0.015359,-0.902206,-0.000343,5.778465
456326,0.035367,0.450379,-0.061050,-0.010492,-0.430903,0.015029,-0.902212,0.000000,5.565605
456329,0.035357,0.450376,-0.061048,-0.010470,-0.430931,0.014900,-0.902201,-0.000343,5.396347
456333,0.035340,0.450373,-0.061044,-0.010400,-0.430930,0.014520,-0.902209,-0.000343,5.195503
456337,0.035337,0.450371,-0.061039,-0.010429,-0.430922,0.014308,-0.902216,0.000000,5.020065
456340,0.035332,0.450366,-0.061031,-0.010508,-0.430917,0.014141,-0.902220,-0.000343,4.849777
456344,0.035323,0.450364,-0.061027,-0.010365,-0.430915,0.013812,-0.902227,-0.000343,4.684296
456347,0.035320,0.450360,-0.061015,-0.010455,-0.430936,0.013650,-0.902219,0.000000,4.529114
456351,0.035306,0.450359,-0.061009,-0.010420,-0.430954,0.013457,-0.902213,0.000000,4.360199
456354,0.035300,0.450356,-0.061004,-0.010425,-0.430990,0.013296,-0.902199,0.000000,4.196434
456358,0.035289,0.450354,-0.060999,-0.010474,-0.430955,0.013081,-0.902218,0.000000,4.025459
456362,0.035286,0.450351,-0.060997,-0.010428,-0.430954,0.012912,-0.902221,-0.000343,3.880920
456365,0.035282,0.450352,-0.060995,-0.010417,-0.430935,0.012719,-0.902233,0.000000,3.728142
456369,0.035282,0.450350,-0.060994,-0.010458,-0.430928,0.012671,-0.902237,-0.000343,3.565407
456372,0.035284,0.450350,-0.060987,-0.010457,-0.430951,0.012547,-0.902228,0.000000,3.435287
456376,0.035273,0.450346,-0.060986,-0.010440,-0.430922,0.012301,-0.902245,-0.000343,3.305511
456379,0.035270,0.450342,-0.060981,-0.010504,-0.430926,0.012240,-0.902243,-0.000343,3.184319
456383,0.035253,0.450343,-0.060982,-0.010435,-0.430900,0.012063,-0.902259,-0.000343,3.070679
456383,0.035253,0.450343,-0.060982,-0.010435,-0.430900,0.012063,-0.902259,0.000000,2.921333
456383,0.035253,0.450343,-0.060982,-0.010435,-0.430900,0.012063,-0.902259,0.000000,2.794991
456383,0.035253,0.450343,-0.060982,-0.010435,-0.430900,0.012063,-0.902259,-0.000343,2.669334
456383,0.035253,0.450343,-0.060982,-0.010435,-0.430900,0.012063,-0.902259,0.000000,2.555695
456383,0.035253,0.450343,-0.060982,-0.010435,-0.430900,0.012063,-0.902259,-0.000343,2.433472
456383,0.035253,0.450343,-0.060982,-0.010435,-0.430900,0.012063,-0.902259,-0.000343,2.346954
456383,0.035253,0.450343,-0.060982,-0.010435,-0.430900,0.012063,-0.902259,0.000000,2.235718
456383,0.035253,0.450343,-0.060982,-0.010435,-0.430900,0.012063,-0.902259,-0.000343,2.139244
456383,0.035253,0.450343,-0.060982,-0.010435,-0.430900,0.012063,-0.902259,-0.000343,2.045174
456383,0.035253,0.450343,-0.060982,-0.010435,-0.430900,0.012063,-0.902259,-0.000343,1.930161
456383,0.035253,0.450343,-0.060982,-0.010435,-0.430900,0.012063,-0.902259,0.000000,1.845360
456383,0.035253,0.450343,-0.060982,-0.010435,-0.430900,0.012063,-0.902259,0.000000,1.742363
456383,0.035253,0.450343,-0.060982,-0.010435,-0.430900,0.012063,-0.902259,-0.000343,1.657562
456383,0.035253,0.450343,-0.060982,-0.010435,-0.430900,0.012063,-0.902259,0.000000,1.584091
456383,0.035253,0.450343,-0.060982,-0.010435,-0.430900,0.012063,-0.902259,-0.000343,1.497231
456383,0.035253,0.450343,-0.060982,-0.010435,-0.430900,0.012063,-0.902259,0.000000,1.428223
456383,0.035253,0.450343,-0.060982,-0.010435,-0.430900,0.012063,-0.902259,0.000000,1.341705
456383,0.035253,0.450343,-0.060982,-0.010435,-0.430900,0.012063,-0.902259,-0.000343,1.275787
456383,0.035253,0.450343,-0.060982,-0.010435,-0.430900,0.012063,-0.902259,0.000000,1.192703
456383,0.035253,0.450343,-0.060982,-0.010435,-0.430900,0.012063,-0.902259,0.000000,1.137428
456383,0.035253,0.450343,-0.060982,-0.010435,-0.430900,0.012063,-0.902259,0.000000,1.070824
456383,0.035253,0.450343,-0.060982,-0.010435,-0.430900,0.012063,-0.902259,-0.000343,1.016235
456383,0.035253,0.450343,-0.060982,-0.010435,-0.430900,0.012063,-0.902259,-0.000343,0.964050
456383,0.035253,0.450343,-0.060982,-0.010435,-0.430900,0.012063,-0.902259,-0.000343,0.910835
456383,0.035253,0.450343,-0.060982,-0.010435,-0.430900,0.012063,-0.902259,-0.000343,0.843887
456383,0.035253,0.450343,-0.060982,-0.010435,-0.430900,0.012063,-0.902259,-0.000343,0.771103
456383,0.035253,0.450343,-0.060982,-0.010435,-0.430900,0.012063,-0.902259,0.000000,0.711021
456383,0.035253,0.450343,-0.060982,-0.010435,-0.430900,0.012063,-0.902259,-0.000343,0.667763
456383,0.035253,0.450343,-0.060982,-0.010435,-0.430900,0.012063,-0.902259,0.000000,0.617638
456489,0.035113,0.450311,-0.060920,-0.010416,-0.430958,0.009741,-0.902260,-0.000343,0.585365
456493,0.035103,0.450310,-0.060923,-0.010451,-0.430989,0.009695,-0.902245,-0.000343,0.553780
456497,0.035086,0.450311,-0.060932,-0.010423,-0.430950,0.009642,-0.902264,-0.000343,0.523911
456500,0.035082,0.450310,-0.060935,-0.010412,-0.430955,0.009623,-0.902262,-0.000343,0.488892
456503,0.035075,0.450311,-0.060932,-0.010352,-0.430989,0.009522,-0.902248,-0.000343,0.456276
456507,0.035073,0.450310,-0.060930,-0.010432,-0.430945,0.009547,-0.902267,-0.000343,0.405464
456511,0.035078,0.450311,-0.060922,-0.010402,-0.430955,0.009488,-0.902263,-0.000343,0.365639
456514,0.035080,0.450310,-0.060919,-0.010400,-0.430975,0.009439,-0.902254,0.000000,0.331306
456518,0.035092,0.450306,-0.060910,-0.010507,-0.430962,0.009502,-0.902259,-0.000343,0.289764
456521,0.035091,0.450306,-0.060912,-0.010430,-0.430960,0.009417,-0.902262,-0.000343,0.264359
456525,0.035097,0.450306,-0.060913,-0.010486,-0.430959,0.009391,-0.902262,0.000000,0.239296
456528,0.035094,0.450306,-0.060916,-0.010475,-0.430973,0.009357,-0.902256,-0.000343,0.225220
456532,0.035092,0.450307,-0.060917,-0.010432,-0.430953,0.009327,-0.902266,-0.000343,0.214577
456535,0.035086,0.450306,-0.060915,-0.010374,-0.430950,0.009222,-0.902269,-0.000343,0.205994
456539,0.035085,0.450307,-0.060915,-0.010432,-0.430965,0.009329,-0.902260,-0.000343,0.192261
456539,0.035085,0.450307,-0.060915,-0.010432,-0.430965,0.009329,-0.902260,-0.000343,0.163765
456539,0.035085,0.450307,-0.060915,-0.010432,-0.430965,0.009329,-0.902260,-0.000343,0.140762
456539,0.035085,0.450307,-0.060915,-0.010432,-0.430965,0.009329,-0.902260,-0.000343,0.115013
456539,0.035085,0.450307,-0.060915,-0.010432,-0.430965,0.009329,-0.902260,-0.000343,0.093727
456539,0.035085,0.450307,-0.060915,-0.010432,-0.430965,0.009329,-0.902260,-0.000343,0.081024
456539,0.035085,0.450307,-0.060915,-0.010432,-0.430965,0.009329,-0.902260,0.000000,0.073128
456539,0.035085,0.450307,-0.060915,-0.010432,-0.430965,0.009329,-0.902260,-0.000343,0.065918
456539,0.035085,0.450307,-0.060915,-0.010432,-0.430965,0.009329,-0.902260,0.000000,0.060768
456539,0.035085,0.450307,-0.060915,-0.010432,-0.430965,0.009329,-0.902260,0.000000,0.056992
456539,0.035085,0.450307,-0.060915,-0.010432,-0.430965,0.009329,-0.902260,-0.000343,0.052528
456539,0.035085,0.450307,-0.060915,-0.010432,-0.430965,0.009329,-0.902260,0.000000,0.047035
456539,0.035085,0.450307,-0.060915,-0.010432,-0.430965,0.009329,-0.902260,-0.000343,0.037422
456539,0.035085,0.450307,-0.060915,-0.010432,-0.430965,0.009329,-0.902260,-0.000343,0.024719
456539,0.035085,0.450307,-0.060915,-0.010432,-0.430965,0.009329,-0.902260,-0.000343,0.007896
456539,0.035085,0.450307,-0.060915,-0.010432,-0.430965,0.009329,-0.902260,0.000000,0.000000
456539,0.035085,0.450307,-0.060915,-0.010432,-0.430965,0.009329,-0.902260,-0.000343,-0.003433
456539,0.035085,0.450307,-0.060915,-0.010432,-0.430965,0.009329,-0.902260,0.000000,-0.004120
456539,0.035085,0.450307,-0.060915,-0.010432,-0.430965,0.009329,-0.902260,0.000000,-0.004463
456539,0.035085,0.450307,-0.060915,-0.010432,-0.430965,0.009329,-0.902260,-0.000343,-0.004463
456539,0.035085,0.450307,-0.060915,-0.010432,-0.430965,0.009329,-0.902260,0.000000,-0.004120
456539,0.035085,0.450307,-0.060915,-0.010432,-0.430965,0.009329,-0.902260,0.000000,-0.004120
456539,0.035085,0.450307,-0.060915,-0.010432,-0.430965,0.009329,-0.902260,-0.000343,-0.004120
456539,0.035085,0.450307,-0.060915,-0.010432,-0.430965,0.009329,-0.902260,0.000000,-0.004120
456539,0.035085,0.450307,-0.060915,-0.010432,-0.430965,0.009329,-0.902260,0.000000,-0.004120
456539,0.035085,0.450307,-0.060915,-0.010432,-0.430965,0.009329,-0.902260,-0.000343,-0.004120
456539,0.035085,0.450307,-0.060915,-0.010432,-0.430965,0.009329,-0.902260,0.000000,-0.003777
456539,0.035085,0.450307,-0.060915,-0.010432,-0.430965,0.009329,-0.902260,0.000000,-0.004120
456539,0.035085,0.450307,-0.060915,-0.010432,-0.430965,0.009329,-0.902260,-0.000343,-0.004120
456539,0.035085,0.450307,-0.060915,-0.010432,-0.430965,0.009329,-0.902260,-0.000343,-0.004120
456645,0.035080,0.450298,-0.060891,-0.010449,-0.430946,0.008777,-0.902275,-0.000343,-0.004120
456649,0.035078,0.450298,-0.060893,-0.010388,-0.430956,0.008742,-0.902271,-0.000343,-0.004120
456653,0.035075,0.450297,-0.060897,-0.010444,-0.430973,0.008728,-0.902262,-0.000343,-0.003777
456656,0.035076,0.450297,-0.060900,-0.010509,-0.430951,0.008767,-0.902271,-0.000343,-0.003777
456660,0.035070,0.450300,-0.060908,-0.010377,-0.430971,0.008627,-0.902265,0.000000,-0.003433
456663,0.035077,0.450299,-0.060905,-0.010395,-0.430990,0.008689,-0.902255,-0.000343,-0.003433
456667,0.035073,0.450298,-0.060901,-0.010439,-0.430932,0.008709,-0.902282,0.000000,-0.003090
456671,0.035077,0.450296,-0.060889,-0.010389,-0.431002,0.008611,-0.902250,0.000000,-0.003090
456674,0.035075,0.450295,-0.060882,-0.010442,-0.430961,0.008647,-0.902269,0.000000,-0.002747
456678,0.035074,0.450295,-0.060877,-0.010433,-0.431000,0.008645,-0.902250,-0.000343,-0.002403
456681,0.035074,0.450297,-0.060878,-0.010422,-0.430970,0.008652,-0.902265,0.000000,-0.002060
456685,0.035067,0.450294,-0.060887,-0.010456,-0.430981,0.008654,-0.902259,0.000000,-0.001717
456688,0.035066,0.450295,-0.060891,-0.010527,-0.430945,0.008702,-0.902275,0.000000,-0.001373
456691,0.035059,0.450298,-0.060901,-0.010422,-0.430944,0.008645,-0.902277,-0.000343,-0.000687
456695,0.035054,0.450297,-0.060904,-0.010454,-0.430915,0.008610,-0.902291,-0.000343,0.000343
456699,0.035046,0.450298,-0.060903,-0.010397,-0.430973,0.008619,-0.902264,-0.000343,0.000687
456702,0.035050,0.450297,-0.060897,-0.010414,-0.430944,0.008591,-0.902278,0.000000,0.001373
456706,0.035054,0.450295,-0.060889,-0.010454,-0.430965,0.008563,-0.902267,0.000000,0.002060
456709,0.035058,0.450293,-0.060886,-0.010469,-0.430973,0.008655,-0.902262,0.000000,0.002747
456713,0.035063,0.450293,-0.060880,-0.010465,-0.430975,0.008517,-0.902263,0.000000,0.002747
456717,0.035064,0.450295,-0.060883,-0.010469,-0.430973,0.008580,-0.902263,0.000000,0.003090
456720,0.035068,0.450294,-0.060882,-0.010527,-0.430958,0.008612,-0.902270,-0.000343,0.003090
456724,0.035056,0.450297,-0.060891,-0.010367,-0.430991,0.008501,-0.902257,-0.000343,0.003090
456727,0.035054,0.450295,-0.060892,-0.010442,-0.430937,0.008561,-0.902281,0.000000,0.003090
456731,0.035042,0.450295,-0.060898,-0.010393,-0.430971,0.008506,-0.902266,-0.000343,0.003090
456734,0.035040,0.450297,-0.060899,-0.010376,-0.430950,0.008519,-0.902276,-0.000343,0.003090
456738,0.035040,0.450293,-0.060902,-0.010461,-0.430978,0.008508,-0.902262,-0.000343,0.003090
456741,0.035038,0.450295,-0.060904,-0.010501,-0.430945,0.008585,-0.902276,-0.000343,0.003433
456745,0.035040,0.450293,-0.060901,-0.010413,-0.430958,0.008447,-0.902272,0.000000,0.003090
456748,0.035038,0.450294,-0.060902,-0.010429,-0.430952,0.008503,-0.902275,0.000000,0.003090
456752,0.035040,0.450293,-0.060892,-0.010451,-0.430958,0.008496,-0.902271,0.000000,0.003090
456752,0.035040,0.450293,-0.060892,-0.010451,-0.430958,0.008496,-0.902271,-0.000343,0.003090
456752,0.035040,0.450293,-0.060892,-0.010451,-0.430958,0.008496,-0.902271,0.000000,0.003090
456752,0.035040,0.450293,-0.060892,-0.010451,-0.430958,0.008496,-0.902271,0.000000,0.003433
456752,0.035040,0.450293,-0.060892,-0.010451,-0.430958,0.008496,-0.902271,0.000000,0.003090
456752,0.035040,0.450293,-0.060892,-0.010451,-0.430958,0.008496,-0.902271,0.000000,0.003433
456752,0.035040,0.450293,-0.060892,-0.010451,-0.430958,0.008496,-0.902271,0.000000,0.003090
456752,0.035040,0.450293,-0.060892,-0.010451,-0.430958,0.008496,-0.902271,0.000000,0.003090
456752,0.035040,0.450293,-0.060892,-0.010451,-0.430958,0.008496,-0.902271,0.000000,0.003433
456752,0.035040,0.450293,-0.060892,-0.010451,-0.430958,0.008496,-0.902271,-0.000343,0.003090
456752,0.035040,0.450293,-0.060892,-0.010451,-0.430958,0.008496,-0.902271,-0.000343,0.003090
456752,0.035040,0.450293,-0.060892,-0.010451,-0.430958,0.008496,-0.902271,0.000000,0.003090
456752,0.035040,0.450293,-0.060892,-0.010451,-0.430958,0.008496,-0.902271,0.000000,0.003433
456752,0.035040,0.450293,-0.060892,-0.010451,-0.430958,0.008496,-0.902271,0.000000,0.003090
456752,0.035040,0.450293,-0.060892,-0.010451,-0.430958,0.008496,-0.902271,-0.000343,0.003090
456752,0.035040,0.450293,-0.060892,-0.010451,-0.430958,0.008496,-0.902271,0.000000,0.003090
456752,0.035040,0.450293,-0.060892,-0.010451,-0.430958,0.008496,-0.902271,0.000000,0.003090
456752,0.035040,0.450293,-0.060892,-0.010451,-0.430958,0.008496,-0.902271,0.000000,0.003433
456752,0.035040,0.450293,-0.060892,-0.010451,-0.430958,0.008496,-0.902271,0.000000,0.002747
456752,0.035040,0.450293,-0.060892,-0.010451,-0.430958,0.008496,-0.902271,0.000000,0.003090
456752,0.035040,0.450293,-0.060892,-0.010451,-0.430958,0.008496,-0.902271,0.000000,0.003090
456752,0.035040,0.450293,-0.060892,-0.010451,-0.430958,0.008496,-0.902271,-0.000343,0.003090
456752,0.035040,0.450293,-0.060892,-0.010451,-0.430958,0.008496,-0.902271,0.000000,0.003090
456752,0.035040,0.450293,-0.060892,-0.010451,-0.430958,0.008496,-0.902271,-0.000343,0.003090
456752,0.035040,0.450293,-0.060892,-0.010451,-0.430958,0.008496,-0.902271,0.000000,0.002747
456752,0.035040,0.450293,-0.060892,-0.010451,-0.430958,0.008496,-0.902271,0.000000,0.002747
456752,0.035040,0.450293,-0.060892,-0.010451,-0.430958,0.008496,-0.902271,0.000000,0.002747
456752,0.035040,0.450293,-0.060892,-0.010451,-0.430958,0.008496,-0.902271,0.000000,0.002747
456752,0.035040,0.450293,-0.060892,-0.010451,-0.430958,0.008496,-0.902271,0.000000,0.002747
456752,0.035040,0.450293,-0.060892,-0.010451,-0.430958,0.008496,-0.902271,0.000000,0.002747
456858,0.035076,0.450274,-0.060875,-0.011039,-0.431017,0.009038,-0.902231,0.000000,0.002747
456861,0.035072,0.450274,-0.060878,-0.010991,-0.431026,0.008984,-0.902228,0.000000,0.002747
456861,0.035072,0.450274,-0.060878,-0.010991,-0.431026,0.008984,-0.902228,0.000000,0.002747
456861,0.035072,0.450274,-0.060878,-0.010991,-0.431026,0.008984,-0.902228,0.000000,0.002403
456861,0.035072,0.450274,-0.060878,-0.010991,-0.431026,0.008984,-0.902228,0.000000,0.002060
456861,0.035072,0.450274,-0.060878,-0.010991,-0.431026,0.008984,-0.902228,0.000000,0.002403
456861,0.035072,0.450274,-0.060878,-0.010991,-0.431026,0.008984,-0.902228,0.000000,0.002403
456861,0.035072,0.450274,-0.060878,-0.010991,-0.431026,0.008984,-0.902228,0.000000,0.002060
456861,0.035072,0.450274,-0.060878,-0.010991,-0.431026,0.008984,-0.902228,0.000000,0.002060
456861,0.035072,0.450274,-0.060878,-0.010991,-0.431026,0.008984,-0.902228,0.000000,0.001717
456861,0.035072,0.450274,-0.060878,-0.010991,-0.431026,0.008984,-0.902228,0.000000,0.002060
456861,0.035072,0.450274,-0.060878,-0.010991,-0.431026,0.008984,-0.902228,0.000000,0.001717
456861,0.035072,0.450274,-0.060878,-0.010991,-0.431026,0.008984,-0.902228,0.000000,0.001717
456861,0.035072,0.450274,-0.060878,-0.010991,-0.431026,0.008984,-0.902228,0.000000,0.001717
456861,0.035072,0.450274,-0.060878,-0.010991,-0.431026,0.008984,-0.902228,0.000000,0.001717
456861,0.035072,0.450274,-0.060878,-0.010991,-0.431026,0.008984,-0.902228,0.000000,0.001717
456861,0.035072,0.450274,-0.060878,-0.010991,-0.431026,0.008984,-0.902228,-0.000343,0.001717
456861,0.035072,0.450274,-0.060878,-0.010991,-0.431026,0.008984,-0.902228,0.000000,0.001373
456861,0.035072,0.450274,-0.060878,-0.010991,-0.431026,0.008984,-0.902228,0.000000,0.001373
456861,0.035072,0.450274,-0.060878,-0.010991,-0.431026,0.008984,-0.902228,0.000000,0.001030
456861,0.035072,0.450274,-0.060878,-0.010991,-0.431026,0.008984,-0.902228,0.000000,0.001030
456861,0.035072,0.450274,-0.060878,-0.010991,-0.431026,0.008984,-0.902228,0.000000,0.000687
456861,0.035072,0.450274,-0.060878,-0.010991,-0.431026,0.008984,-0.902228,0.000000,0.000687
456861,0.035072,0.450274,-0.060878,-0.010991,-0.431026,0.008984,-0.902228,0.000000,0.000687
456861,0.035072,0.450274,-0.060878,-0.010991,-0.431026,0.008984,-0.902228,0.000000,0.000687
456861,0.035072,0.450274,-0.060878,-0.010991,-0.431026,0.008984,-0.902228,0.000000,0.000687
456861,0.035072,0.450274,-0.060878,-0.010991,-0.431026,0.008984,-0.902228,0.000000,0.000343
456861,0.035072,0.450274,-0.060878,-0.010991,-0.431026,0.008984,-0.902228,0.000000,0.000343
456861,0.035072,0.450274,-0.060878,-0.010991,-0.431026,0.008984,-0.902228,0.000343,0.000343
456861,0.035072,0.450274,-0.060878,-0.010991,-0.431026,0.008984,-0.902228,0.000000,0.000000
456861,0.035072,0.450274,-0.060878,-0.010991,-0.431026,0.008984,-0.902228,0.000000,0.000000
456967,0.035061,0.450273,-0.060874,-0.010981,-0.430995,0.008881,-0.902244,0.000000,-0.000343
456971,0.035063,0.450274,-0.060872,-0.011078,-0.431009,0.008975,-0.902235,0.000000,-0.000343
456975,0.035048,0.450276,-0.060876,-0.011011,-0.431012,0.008914,-0.902235,0.000000,-0.000343
456978,0.035045,0.450276,-0.060875,-0.011021,-0.431026,0.008877,-0.902229,0.000000,-0.000343
456982,0.035036,0.450275,-0.060879,-0.011081,-0.431004,0.009000,-0.902237,0.000000,-0.000687
456985,0.035037,0.450274,-0.060878,-0.011045,-0.431025,0.008909,-0.902228,0.000000,-0.000687
456989,0.035036,0.450274,-0.060876,-0.011083,-0.431018,0.008960,-0.902231,0.000000,-0.000687
456992,0.035042,0.450273,-0.060876,-0.011067,-0.431041,0.008926,-0.902220,0.000343,-0.000687
456996,0.035048,0.450273,-0.060872,-0.011033,-0.431026,0.008902,-0.902228,0.000000,-0.000687
457000,0.035053,0.450273,-0.060875,-0.011088,-0.431019,0.008967,-0.902231,0.000343,-0.001030
457003,0.035057,0.450271,-0.060876,-0.011098,-0.431014,0.008971,-0.902232,0.000343,-0.001030
457007,0.035049,0.450275,-0.060884,-0.011034,-0.431033,0.008888,-0.902225,0.000000,-0.001030
457010,0.035050,0.450273,-0.060885,-0.011055,-0.431026,0.008880,-0.902228,0.000000,-0.001030
457014,0.035042,0.450276,-0.060889,-0.011046,-0.430995,0.008901,-0.902243,0.000343,-0.001030
457017,0.035044,0.450275,-0.060889,-0.010980,-0.431021,0.008897,-0.902231,0.000000,-0.001030
457020,0.035044,0.450274,-0.060884,-0.011035,-0.431018,0.008844,-0.902233,0.000000,-0.001030
457025,0.035050,0.450274,-0.060878,-0.010997,-0.431012,0.008891,-0.902236,0.000000,-0.001030
457028,0.035054,0.450273,-0.060869,-0.011019,-0.431037,0.008915,-0.902223,0.000343,-0.001030
457032,0.035055,0.450273,-0.060863,-0.011086,-0.431017,0.008928,-0.902232,0.000000,-0.001030
457035,0.035059,0.450269,-0.060856,-0.011153,-0.430997,0.008980,-0.902240,0.000000,-0.001030
457039,0.035048,0.450272,-0.060860,-0.011041,-0.431005,0.008872,-0.902238,0.000000,-0.001030
457042,0.035052,0.450270,-0.060863,-0.011080,-0.431032,0.008892,-0.902225,0.000000,-0.001030
457046,0.035045,0.450272,-0.060875,-0.011053,-0.430992,0.008892,-0.902244,0.000343,-0.001030
457046,0.035045,0.450272,-0.060875,-0.011053,-0.430992,0.008892,-0.902244,0.000343,-0.001030
457046,0.035045,0.450272,-0.060875,-0.011053,-0.430992,0.008892,-0.902244,0.000343,-0.001030
457046,0.035045,0.450272,-0.060875,-0.011053,-0.430992,0.008892,-0.902244,0.000343,-0.001030
457046,0.035045,0.450272,-0.060875,-0.011053,-0.430992,0.008892,-0.902244,0.000343,-0.001030
457046,0.035045,0.450272,-0.060875,-0.011053,-0.430992,0.008892,-0.902244,0.000343,-0.001030
457046,0.035045,0.450272,-0.060875,-0.011053,-0.430992,0.008892,-0.902244,0.000343,-0.001030
457046,0.035045,0.450272,-0.060875,-0.011053,-0.430992,0.008892,-0.902244,0.000343,-0.001030
457046,0.035045,0.450272,-0.060875,-0.011053,-0.430992,0.008892,-0.902244,0.000343,-0.001030
457046,0.035045,0.450272,-0.060875,-0.011053,-0.430992,0.008892,-0.902244,0.000343,-0.001030
457046,0.035045,0.450272,-0.060875,-0.011053,-0.430992,0.008892,-0.902244,0.000343,-0.001030
457046,0.035045,0.450272,-0.060875,-0.011053,-0.430992,0.008892,-0.902244,0.000343,-0.001030
457046,0.035045,0.450272,-0.060875,-0.011053,-0.430992,0.008892,-0.902244,0.000343,-0.001030
457046,0.035045,0.450272,-0.060875,-0.011053,-0.430992,0.008892,-0.902244,0.000343,-0.001030
457046,0.035045,0.450272,-0.060875,-0.011053,-0.430992,0.008892,-0.902244,0.000343,-0.001030
457046,0.035045,0.450272,-0.060875,-0.011053,-0.430992,0.008892,-0.902244,0.000343,-0.001030
457046,0.035045,0.450272,-0.060875,-0.011053,-0.430992,0.008892,-0.902244,0.000343,-0.001030
457046,0.035045,0.450272,-0.060875,-0.011053,-0.430992,0.008892,-0.902244,0.000343,-0.001030
