0,0.000000,0.000000,0.000000,0.000000,0.000000,0.000000,0.000000,0.000000,0.000000
0,0.000000,0.000000,0.000000,0.000000,0.000000,0.000000,0.000000,0.000000,0.000000
0,0.000000,0.000000,0.000000,0.000000,0.000000,0.000000,0.000000,0.000000,0.000000
0,0.000000,0.000000,0.000000,0.000000,0.000000,0.000000,0.000000,0.000000,0.000000
0,0.000000,0.000000,0.000000,0.000000,0.000000,0.000000,0.000000,0.000000,0.000000
0,0.000000,0.000000,0.000000,0.000000,0.000000,0.000000,0.000000,0.000000,0.000000
0,0.000000,0.000000,0.000000,0.000000,0.000000,0.000000,0.000000,0.000000,0.000000
0,0.000000,0.000000,0.000000,0.000000,0.000000,0.000000,0.000000,0.000000,0.000000
0,0.000000,0.000000,0.000000,0.000000,0.000000,0.000000,0.000000,0.000000,0.000000
0,0.000000,0.000000,0.000000,0.000000,0.000000,0.000000,0.000000,0.000000,0.000000
0,0.000000,0.000000,0.000000,0.000000,0.000000,0.000000,0.000000,0.000000,0.000000
0,0.000000,0.000000,0.000000,0.000000,0.000000,0.000000,0.000000,0.000000,0.000000
0,0.000000,0.000000,0.000000,0.000000,0.000000,0.000000,0.000000,0.000000,0.000000
0,0.000000,0.000000,0.000000,0.000000,0.000000,0.000000,0.000000,0.000000,0.000000
0,0.000000,0.000000,0.000000,0.000000,0.000000,0.000000,0.000000,0.000000,0.000000
0,0.000000,0.000000,0.000000,0.000000,0.000000,0.000000,0.000000,0.000000,0.000000
0,0.000000,0.000000,0.000000,0.000000,0.000000,0.000000,0.000000,0.000000,0.000000
0,0.000000,0.000000,0.000000,0.000000,0.000000,0.000000,0.000000,0.000000,0.000000
0,0.000000,0.000000,0.000000,0.000000,0.000000,0.000000,0.000000,0.000000,0.000000
0,0.000000,0.000000,0.000000,0.000000,0.000000,0.000000,0.000000,0.000000,0.000000
0,0.000000,0.000000,0.000000,0.000000,0.000000,0.000000,0.000000,0.000000,0.000000
0,0.000000,0.000000,0.000000,0.000000,0.000000,0.000000,0.000000,0.000000,0.000000
0,0.000000,0.000000,0.000000,0.000000,0.000000,0.000000,0.000000,0.000000,0.000000
0,0.000000,0.000000,0.000000,0.000000,0.000000,0.000000,0.000000,0.000000,0.000000
11708,0.000157,0.450152,-0.049088,0.007042,-0.014811,-0.014122,-0.999766,-17.407150,0.000000
11711,0.000158,0.450150,-0.049084,0.006967,-0.014749,-0.014102,-0.999768,-17.407150,0.000000
11715,0.000158,0.450152,-0.049081,0.007030,-0.014816,-0.014070,-0.999767,-17.407150,-0.000343
11719,0.000149,0.450150,-0.049088,0.006978,-0.014791,-0.014039,-0.999768,-17.407150,-0.000343
11722,0.000142,0.450156,-0.049094,0.006958,-0.014777,-0.014024,-0.999768,-17.407150,0.000000
11726,0.000141,0.450154,-0.049109,0.007069,-0.014834,-0.014058,-0.999766,-17.407150,-0.000343
11729,0.000144,0.450157,-0.049121,0.006996,-0.014793,-0.014069,-0.999767,-17.407150,0.000000
11733,0.000142,0.450148,-0.049135,0.006922,-0.014707,-0.014128,-0.999768,-17.407150,0.000000
11736,0.000148,0.450155,-0.049133,0.006913,-0.014717,-0.014067,-0.999769,-17.407150,0.000000
11740,0.000149,0.450158,-0.049119,0.007115,-0.014825,-0.014072,-0.999766,-17.407150,0.000000
11743,0.000151,0.450157,-0.049109,0.006956,-0.014745,-0.014080,-0.999768,-17.407150,0.000000
11747,0.000146,0.450150,-0.049099,0.006927,-0.014699,-0.014118,-0.999768,-17.407150,0.000000
11751,0.000151,0.450153,-0.049084,0.007176,-0.014865,-0.014150,-0.999764,-17.407150,0.000000
11754,0.000154,0.450154,-0.049081,0.006994,-0.014765,-0.014101,-0.999767,-17.407150,0.000000
11757,0.000155,0.450154,-0.049078,0.006928,-0.014741,-0.014049,-0.999769,-17.407494,0.000000
11761,0.000151,0.450151,-0.049086,0.006962,-0.014782,-0.014093,-0.999767,-17.407494,-0.000343
11765,0.000146,0.450149,-0.049095,0.007054,-0.014821,-0.014164,-0.999765,-17.407150,-0.000343
11768,0.000144,0.450150,-0.049101,0.006958,-0.014739,-0.014161,-0.999767,-17.407150,-0.000343
11772,0.000147,0.450153,-0.049110,0.007115,-0.014830,-0.014167,-0.999764,-17.407150,-0.000343
11775,0.000144,0.450154,-0.049117,0.007031,-0.014757,-0.014149,-0.999766,-17.407150,-0.000343
11779,0.000145,0.450152,-0.049123,0.007078,-0.014770,-0.014144,-0.999766,-17.407494,0.000000
11782,0.000148,0.450154,-0.049126,0.006963,-0.014699,-0.014152,-0.999768,-17.407494,0.000000
11786,0.000148,0.450155,-0.049122,0.007042,-0.014761,-0.014119,-0.999767,-17.407494,0.000000
11790,0.000141,0.450145,-0.049121,0.006906,-0.014702,-0.014131,-0.999768,-17.407494,-0.000343
11793,0.000141,0.450146,-0.049118,0.006852,-0.014672,-0.014178,-0.999768,-17.407150,0.000000
11797,0.000148,0.450153,-0.049107,0.006941,-0.014725,-0.014090,-0.999768,-17.407494,-0.000343
11800,0.000152,0.450152,-0.049099,0.007090,-0.014827,-0.014133,-0.999765,-17.407494,0.000000
11803,0.000154,0.450152,-0.049094,0.007002,-0.014766,-0.014150,-0.999766,-17.407494,0.000000
11807,0.000154,0.450150,-0.049088,0.007011,-0.014805,-0.014081,-0.999767,-17.407494,0.000000
11811,0.000153,0.450152,-0.049083,0.007045,-0.014817,-0.014067,-0.999767,-17.407150,0.000000
11814,0.000149,0.450150,-0.049089,0.006981,-0.014781,-0.014049,-0.999768,-17.407494,0.000000
11818,0.000145,0.450149,-0.049095,0.007046,-0.014816,-0.014093,-0.999766,-17.407494,0.000000
11822,0.000138,0.450147,-0.049109,0.007035,-0.014751,-0.014165,-0.999766,-17.407494,0.000000
11825,0.000140,0.450152,-0.049112,0.006928,-0.014728,-0.014103,-0.999768,-17.407494,0.000000
11828,0.000142,0.450152,-0.049116,0.006999,-0.014753,-0.014085,-0.999768,-17.407494,0.000000
11832,0.000149,0.450152,-0.049115,0.007010,-0.014789,-0.014100,-0.999767,-17.407494,0.000000
11836,0.000149,0.450147,-0.049112,0.006996,-0.014736,-0.014156,-0.999767,-17.407494,0.000000
11839,0.000153,0.450147,-0.049108,0.006962,-0.014734,-0.014123,-0.999767,-17.407494,0.000000
11843,0.000156,0.450150,-0.049105,0.007034,-0.014771,-0.014144,-0.999766,-17.407494,0.000000
11846,0.000156,0.450152,-0.049106,0.007019,-0.014737,-0.014138,-0.999767,-17.407494,0.000000
11850,0.000155,0.450151,-0.049107,0.006989,-0.014759,-0.014149,-0.999767,-17.407494,0.000000
11853,0.000153,0.450149,-0.049112,0.007135,-0.014812,-0.014130,-0.999765,-17.407494,0.000000
11857,0.000144,0.450150,-0.049114,0.007140,-0.014851,-0.014116,-0.999765,-17.407494,0.000000
11861,0.000137,0.450150,-0.049115,0.006994,-0.014754,-0.014071,-0.999768,-17.407494,0.000000
11864,0.000133,0.450154,-0.049114,0.007125,-0.014827,-0.014153,-0.999765,-17.407494,0.000000
11868,0.000131,0.450155,-0.049107,0.006948,-0.014756,-0.014068,-0.999768,-17.407494,0.000000
11871,0.000127,0.450153,-0.049099,0.007088,-0.014809,-0.014125,-0.999766,-17.407494,0.000000
11875,0.000133,0.450155,-0.049090,0.006932,-0.014776,-0.014031,-0.999768,-17.407494,0.000000
11878,0.000132,0.450150,-0.049084,0.007069,-0.014845,-0.014086,-0.999766,-17.407494,0.000000
11882,0.000135,0.450150,-0.049079,0.006798,-0.014692,-0.014042,-0.999770,-17.407494,0.000000
11886,0.000145,0.450151,-0.049080,0.007104,-0.014831,-0.014134,-0.999765,-17.407494,0.000000
11889,0.000151,0.450154,-0.049086,0.006914,-0.014747,-0.014026,-0.999769,-17.407494,0.000000
11893,0.000147,0.450150,-0.049100,0.007087,-0.014771,-0.014151,-0.999766,-17.407494,0.000000
11896,0.000149,0.450155,-0.049106,0.006908,-0.014685,-0.014054,-0.999770,-17.407837,0.000000
11899,0.000141,0.450149,-0.049114,0.006953,-0.014732,-0.014116,-0.999768,-17.407837,0.000000
11903,0.000133,0.450155,-0.049116,0.006980,-0.014761,-0.014103,-0.999767,-17.407837,0.000000
11907,0.000128,0.450151,-0.049120,0.007005,-0.014788,-0.014150,-0.999766,-17.407837,0.000000
11910,0.000132,0.450153,-0.049116,0.007098,-0.014829,-0.014085,-0.999766,-17.407494,0.000000
11914,0.000134,0.450152,-0.049114,0.007024,-0.014781,-0.014162,-0.999766,-17.407837,0.000000
11917,0.000133,0.450153,-0.049105,0.006970,-0.014736,-0.014137,-0.999767,-17.407494,0.000000
11921,0.000134,0.450152,-0.049099,0.007039,-0.014795,-0.014137,-0.999766,-17.407837,0.000000
11924,0.000136,0.450153,-0.049092,0.007034,-0.014788,-0.014114,-0.999766,-17.407494,0.000000
11928,0.000140,0.450152,-0.049090,0.006976,-0.014744,-0.014163,-0.999767,-17.407494,0.000000
11931,0.000148,0.450155,-0.049091,0.006945,-0.014725,-0.014144,-0.999767,-17.407837,0.000343
11934,0.000153,0.450152,-0.049092,0.007015,-0.014772,-0.014058,-0.999768,-17.407494,0.000000
11937,0.000154,0.450154,-0.049099,0.006957,-0.014738,-0.014077,-0.999768,-17.407494,0.000000
11941,0.000146,0.450154,-0.049105,0.006984,-0.014768,-0.014130,-0.999767,-17.407494,0.000000
11945,0.000140,0.450154,-0.049110,0.006916,-0.014722,-0.014063,-0.999769,-17.407494,0.000000
11948,0.000135,0.450154,-0.049114,0.006981,-0.014736,-0.014138,-0.999767,-17.407494,0.000000
11952,0.000135,0.450159,-0.049110,0.006947,-0.014724,-0.014086,-0.999768,-17.407494,0.000000
11955,0.000135,0.450154,-0.049109,0.006982,-0.014748,-0.014093,-0.999768,-17.407494,0.000000
11959,0.000138,0.450155,-0.049101,0.006910,-0.014741,-0.014045,-0.999769,-17.407494,0.000000
11963,0.000141,0.450154,-0.049090,0.007121,-0.014856,-0.014146,-0.999764,-17.407494,0.000000
11966,0.000144,0.450153,-0.049087,0.006915,-0.014742,-0.014053,-0.999769,-17.407150,0.000000
11966,0.000144,0.450153,-0.049087,0.006915,-0.014742,-0.014053,-0.999769,-17.404060,0.000000
11966,0.000144,0.450153,-0.049087,0.006915,-0.014742,-0.014053,-0.999769,-17.389297,0.000000
11966,0.000144,0.450153,-0.049087,0.006915,-0.014742,-0.014053,-0.999769,-17.353935,0.000000
11966,0.000144,0.450153,-0.049087,0.006915,-0.014742,-0.014053,-0.999769,-17.303810,0.000000
11966,0.000144,0.450153,-0.049087,0.006915,-0.014742,-0.014053,-0.999769,-17.241669,0.000343
11966,0.000144,0.450153,-0.049087,0.006915,-0.014742,-0.014053,-0.999769,-17.191200,0.000343
11966,0.000144,0.450153,-0.049087,0.006915,-0.014742,-0.014053,-0.999769,-17.140388,0.000343
11966,0.000144,0.450153,-0.049087,0.006915,-0.014742,-0.014053,-0.999769,-17.093697,0.000343
11966,0.000144,0.450153,-0.049087,0.006915,-0.014742,-0.014053,-0.999769,-17.051468,0.000343
11966,0.000144,0.450153,-0.049087,0.006915,-0.014742,-0.014053,-0.999769,-16.999969,0.000000
11966,0.000144,0.450153,-0.049087,0.006915,-0.014742,-0.014053,-0.999769,-16.950874,0.000343
11966,0.000144,0.450153,-0.049087,0.006915,-0.014742,-0.014053,-0.999769,-16.879807,0.000343
11966,0.000144,0.450153,-0.049087,0.006915,-0.014742,-0.014053,-0.999769,-16.788483,0.000343
11966,0.000144,0.450153,-0.049087,0.006915,-0.014742,-0.014053,-0.999769,-16.667290,0.000000
11966,0.000144,0.450153,-0.049087,0.006915,-0.014742,-0.014053,-0.999769,-16.559143,0.000343
11966,0.000144,0.450153,-0.049087,0.006915,-0.014742,-0.014053,-0.999769,-16.436234,0.000343
11966,0.000144,0.450153,-0.049087,0.006915,-0.014742,-0.014053,-0.999769,-16.296844,0.000343
11966,0.000144,0.450153,-0.049087,0.006915,-0.014742,-0.014053,-0.999769,-16.179771,0.000343
11966,0.000144,0.450153,-0.049087,0.006915,-0.014742,-0.014053,-0.999769,-16.031456,0.000343
11966,0.000144,0.450153,-0.049087,0.006915,-0.014742,-0.014053,-0.999769,-15.897903,0.000687
11966,0.000144,0.450153,-0.049087,0.006915,-0.014742,-0.014053,-0.999769,-15.736542,0.000343
11966,0.000144,0.450153,-0.049087,0.006915,-0.014742,-0.014053,-0.999769,-15.539131,0.000343
11966,0.000144,0.450153,-0.049087,0.006915,-0.014742,-0.014053,-0.999769,-15.361633,0.000687
11966,0.000144,0.450153,-0.049087,0.006915,-0.014742,-0.014053,-0.999769,-15.129547,0.000343
11966,0.000144,0.450153,-0.049087,0.006915,-0.014742,-0.014053,-0.999769,-14.940033,0.000343
11966,0.000144,0.450153,-0.049087,0.006915,-0.014742,-0.014053,-0.999769,-14.724426,0.000687
11966,0.000144,0.450153,-0.049087,0.006915,-0.014742,-0.014053,-0.999769,-14.498520,0.000343
11966,0.000144,0.450153,-0.049087,0.006915,-0.014742,-0.014053,-0.999769,-14.269867,0.000687
11966,0.000144,0.450153,-0.049087,0.006915,-0.014742,-0.014053,-0.999769,-14.005852,0.000687
12073,0.000190,0.450158,-0.049065,0.006702,-0.014706,-0.013727,-0.999775,-13.779259,0.000343
12076,0.000184,0.450155,-0.049068,0.006821,-0.014742,-0.013857,-0.999772,-13.526573,0.000687
12080,0.000190,0.450162,-0.049067,0.006784,-0.014788,-0.013764,-0.999773,-13.241615,0.000687
12083,0.000185,0.450159,-0.049075,0.006957,-0.014847,-0.013828,-0.999770,-12.993050,0.000687
12087,0.000182,0.450159,-0.049078,0.006733,-0.014732,-0.013746,-0.999774,-12.694016,0.000687
12090,0.000184,0.450158,-0.049083,0.006817,-0.014770,-0.013821,-0.999772,-12.414551,0.000687
12094,0.000196,0.450164,-0.049077,0.006720,-0.014767,-0.013682,-0.999775,-12.128220,0.000687
12097,0.000201,0.450162,-0.049074,0.006743,-0.014764,-0.013713,-0.999774,-11.862144,0.000687
12101,0.000212,0.450164,-0.049063,0.006643,-0.014737,-0.013557,-0.999777,-11.532898,0.000687
12105,0.000226,0.450164,-0.049047,0.006768,-0.014851,-0.013502,-0.999776,-11.269226,0.000687
12108,0.000233,0.450163,-0.049037,0.006503,-0.014743,-0.013403,-0.999780,-10.974655,0.001030
12111,0.000245,0.450165,-0.049027,0.006653,-0.014876,-0.013368,-0.999778,-10.646439,0.001030
12115,0.000265,0.450168,-0.049020,0.006449,-0.014807,-0.013196,-0.999783,-10.375900,0.000687
12119,0.000278,0.450170,-0.049019,0.006439,-0.014808,-0.013187,-0.999783,-10.062447,0.000687
12122,0.000295,0.450173,-0.049014,0.006354,-0.014805,-0.013012,-0.999786,-9.724274,0.000687
12126,0.000313,0.450177,-0.049010,0.006558,-0.014938,-0.012978,-0.999783,-9.434853,0.000687
12129,0.000328,0.450183,-0.049005,0.006283,-0.014826,-0.012814,-0.999788,-9.092903,0.001030
12133,0.000341,0.450180,-0.048996,0.006353,-0.014890,-0.012769,-0.999787,-8.819275,0.000687
12136,0.000353,0.450183,-0.048989,0.006143,-0.014800,-0.012631,-0.999792,-8.515778,0.000687
12140,0.000374,0.450184,-0.048974,0.006302,-0.014929,-0.012566,-0.999790,-8.167305,0.000687
12144,0.000399,0.450187,-0.048960,0.006118,-0.014889,-0.012362,-0.999794,-7.885437,0.000687
12147,0.000420,0.450190,-0.048951,0.006175,-0.014945,-0.012301,-0.999794,-7.547607,0.000687
12151,0.000449,0.450197,-0.048932,0.006058,-0.014960,-0.012059,-0.999797,-7.220764,0.000687
12154,0.000469,0.450199,-0.048924,0.006033,-0.015005,-0.011974,-0.999798,-6.929970,0.000687
12158,0.000503,0.450205,-0.048909,0.005845,-0.014931,-0.011721,-0.999803,-6.580811,0.000687
12161,0.000527,0.450209,-0.048898,0.005917,-0.015039,-0.011634,-0.999802,-6.315765,0.000687
12165,0.000555,0.450213,-0.048886,0.005545,-0.014882,-0.011381,-0.999809,-5.991325,0.000687
12169,0.000594,0.450221,-0.048868,0.005593,-0.014986,-0.011184,-0.999810,-5.752029,0.000687
12172,0.000619,0.450227,-0.048855,0.005501,-0.014978,-0.011019,-0.999812,-5.445442,0.000687
12176,0.000641,0.450225,-0.048847,0.005422,-0.014942,-0.010869,-0.999815,-5.189323,0.000687
12179,0.000673,0.450233,-0.048832,0.005192,-0.014912,-0.010632,-0.999819,-4.902992,0.000687
12182,0.000699,0.450237,-0.048823,0.005227,-0.014971,-0.010546,-0.999819,-4.575119,0.000687
12186,0.000744,0.450247,-0.048809,0.005055,-0.014951,-0.010214,-0.999823,-4.319687,0.001030
12190,0.000784,0.450251,-0.048795,0.005085,-0.014977,-0.010005,-0.999825,-4.041595,0.000687
12193,0.000821,0.450259,-0.048779,0.004893,-0.014969,-0.009707,-0.999829,-3.775177,0.001030
12197,0.000868,0.450268,-0.048756,0.004923,-0.015065,-0.009473,-0.999830,-3.501549,0.000687
12200,0.000899,0.450272,-0.048737,0.004742,-0.015049,-0.009227,-0.999833,-3.300362,0.000687
12204,0.000935,0.450280,-0.048715,0.004600,-0.015056,-0.009062,-0.999835,-3.082695,0.000687
12207,0.000964,0.450285,-0.048699,0.004513,-0.015069,-0.008853,-0.999837,-2.849579,0.000687
12211,0.000992,0.450283,-0.048683,0.004239,-0.014969,-0.008775,-0.999841,-2.597580,0.000687
12215,0.001036,0.450302,-0.048660,0.004426,-0.015163,-0.008381,-0.999840,-2.376823,0.000687
12218,0.001062,0.450298,-0.048657,0.004148,-0.015061,-0.008340,-0.999843,-2.195892,0.000687
12222,0.001097,0.450305,-0.048647,0.004013,-0.015000,-0.008071,-0.999847,-1.994705,0.000687
12225,0.001123,0.450315,-0.048640,0.004089,-0.015073,-0.007844,-0.999847,-1.780128,0.000687
12229,0.001161,0.450319,-0.048629,0.003857,-0.015064,-0.007635,-0.999850,-1.598854,0.001030
12232,0.001182,0.450323,-0.048623,0.003731,-0.015039,-0.007562,-0.999851,-1.452599,0.001030
12236,0.001211,0.450334,-0.048603,0.003690,-0.015058,-0.007224,-0.999854,-1.288147,0.000687
12239,0.001230,0.450328,-0.048597,0.003641,-0.015077,-0.007237,-0.999854,-1.154594,0.000687
12243,0.001262,0.450338,-0.048578,0.003359,-0.014984,-0.006991,-0.999858,-1.023102,0.000687
12247,0.001286,0.450346,-0.048558,0.003560,-0.015082,-0.006741,-0.999857,-0.918045,0.000687
12250,0.001305,0.450352,-0.048551,0.003418,-0.015062,-0.006624,-0.999859,-0.800285,0.000687
12253,0.001316,0.450345,-0.048551,0.003276,-0.015023,-0.006714,-0.999859,-0.712738,0.001030
12257,0.001330,0.450348,-0.048543,0.003044,-0.014911,-0.006514,-0.999863,-0.613861,0.000687
12261,0.001343,0.450358,-0.048536,0.003420,-0.015108,-0.006384,-0.999860,-0.521851,0.000687
12264,0.001354,0.450353,-0.048538,0.003126,-0.015002,-0.006317,-0.999863,-0.445633,0.000687
12268,0.001362,0.450353,-0.048537,0.003111,-0.014995,-0.006329,-0.999863,-0.375252,0.000687
12271,0.001374,0.450364,-0.048526,0.003167,-0.015064,-0.006113,-0.999863,-0.313110,0.000687
12275,0.001387,0.450364,-0.048523,0.003258,-0.015093,-0.006115,-0.999862,-0.255432,0.000687
12278,0.001396,0.450365,-0.048516,0.003146,-0.015046,-0.005998,-0.999864,-0.212517,0.000687
12282,0.001406,0.450368,-0.048506,0.003155,-0.015066,-0.005965,-0.999864,-0.169945,0.000687
12286,0.001417,0.450370,-0.048504,0.003069,-0.015058,-0.005932,-0.999864,-0.142136,0.000687
12289,0.001418,0.450366,-0.048500,0.003146,-0.015108,-0.005907,-0.999864,-0.110550,0.000687
12293,0.001425,0.450377,-0.048490,0.002966,-0.015011,-0.005813,-0.999866,-0.081711,0.000687
12296,0.001429,0.450371,-0.048498,0.002989,-0.015047,-0.005849,-0.999865,-0.055275,0.000687
12300,0.001431,0.450371,-0.048500,0.002961,-0.015030,-0.005810,-0.999866,-0.039139,0.000343
12303,0.001432,0.450370,-0.048498,0.003110,-0.015083,-0.005815,-0.999865,-0.027466,0.000687
12307,0.001435,0.450374,-0.048504,0.002927,-0.015028,-0.005760,-0.999866,-0.018539,0.000687
12310,0.001436,0.450377,-0.048505,0.003039,-0.015052,-0.005793,-0.999865,-0.010986,0.000343
12314,0.001434,0.450377,-0.048502,0.002960,-0.015045,-0.005694,-0.999866,-0.005493,0.000687
12317,0.001429,0.450371,-0.048505,0.003078,-0.015044,-0.005807,-0.999865,0.001373,0.000687
12321,0.001440,0.450377,-0.048504,0.002910,-0.015037,-0.005662,-0.999867,0.006180,0.000343
12324,0.001443,0.450375,-0.048498,0.003142,-0.015127,-0.005728,-0.999864,0.009956,0.000687
12328,0.001445,0.450374,-0.048503,0.002828,-0.014969,-0.005660,-0.999868,0.011673,0.000343
12332,0.001450,0.450377,-0.048493,0.003033,-0.015119,-0.005597,-0.999866,0.012016,0.000343
12335,0.001451,0.450375,-0.048491,0.002994,-0.015078,-0.005646,-0.999866,0.136299,0.000343
12339,0.001448,0.450372,-0.048495,0.002912,-0.015004,-0.005649,-0.999867,0.851440,0.000343
12342,0.001524,0.450387,-0.048458,0.002648,-0.015036,-0.005095,-0.999871,2.756195,0.000343
12346,0.001946,0.450461,-0.048267,0.001540,-0.015127,-0.002197,-0.999882,5.239449,0.000343
12350,0.002499,0.450556,-0.048034,-0.000140,-0.015316,0.001405,-0.999882,7.672920,0.000343
12353,0.002905,0.450616,-0.047863,-0.001212,-0.015272,0.003962,-0.999875,9.994125,0.000343
12356,0.003310,0.450673,-0.047685,-0.002295,-0.015265,0.006459,-0.999860,11.554527,0.000343
12360,0.003609,0.450708,-0.047546,-0.003198,-0.015207,0.008280,-0.999845,11.845322,0.000343
12364,0.003610,0.450702,-0.047506,-0.003230,-0.015219,0.008270,-0.999845,11.320381,0.000343
12367,0.003590,0.450701,-0.047480,-0.003325,-0.015160,0.008210,-0.999846,10.219345,0.000343
12371,0.003477,0.450688,-0.047485,-0.003343,-0.014968,0.007845,-0.999852,9.023209,0.000000
12374,0.003389,0.450687,-0.047526,-0.003085,-0.014963,0.007452,-0.999856,8.514748,0.000343
12378,0.003394,0.450693,-0.047552,-0.003073,-0.015010,0.007532,-0.999854,8.620148,0.000343
12381,0.003398,0.450700,-0.047598,-0.002922,-0.015024,0.007430,-0.999855,9.502831,0.000343
12385,0.003443,0.450702,-0.047627,-0.002872,-0.015078,0.007568,-0.999854,10.604210,0.000000
12389,0.003550,0.450712,-0.047607,-0.003085,-0.015190,0.008247,-0.999846,11.843605,0.000343
12392,0.003611,0.450718,-0.047575,-0.003237,-0.015285,0.008578,-0.999841,12.820358,0.000000
12396,0.003782,0.450736,-0.047463,-0.003928,-0.015208,0.009837,-0.999828,13.138618,0.000000
12399,0.003822,0.450738,-0.047404,-0.004076,-0.015208,0.010068,-0.999825,13.078880,0.000000
12403,0.003782,0.450737,-0.047392,-0.004092,-0.015132,0.009846,-0.999829,12.671700,0.000000
12406,0.003818,0.450736,-0.047353,-0.004166,-0.015071,0.010036,-0.999827,12.194481,0.000000
12410,0.003794,0.450738,-0.047368,-0.004120,-0.015090,0.009858,-0.999829,11.941452,0.000000
12413,0.003809,0.450739,-0.047371,-0.004005,-0.015194,0.009907,-0.999828,12.029686,0.000000
12417,0.003813,0.450738,-0.047398,-0.004225,-0.015013,0.009967,-0.999829,12.528191,0.000000
12420,0.003787,0.450740,-0.047439,-0.003980,-0.015103,0.009855,-0.999829,13.396797,0.000000
12424,0.003847,0.450753,-0.047420,-0.004137,-0.015195,0.010251,-0.999824,14.131508,0.000000
12428,0.003957,0.450766,-0.047383,-0.004392,-0.015250,0.010983,-0.999814,14.806137,-0.000343
12431,0.004078,0.450786,-0.047317,-0.004869,-0.015205,0.011718,-0.999804,15.241814,0.000000
12435,0.004157,0.450792,-0.047282,-0.004878,-0.015265,0.012093,-0.999799,15.317688,0.000000
12438,0.004183,0.450796,-0.047259,-0.005134,-0.015156,0.012247,-0.999797,15.298119,0.000000
12442,0.004212,0.450792,-0.047224,-0.005127,-0.015199,0.012355,-0.999795,15.201302,0.000000
12445,0.004203,0.450792,-0.047205,-0.005210,-0.015198,0.012281,-0.999796,15.164566,0.000000
12449,0.004178,0.450785,-0.047195,-0.005196,-0.015222,0.012292,-0.999795,15.227051,0.000000
12452,0.004157,0.450786,-0.047206,-0.005171,-0.015172,0.012248,-0.999797,15.566597,-0.000343
12456,0.004164,0.450792,-0.047228,-0.005100,-0.015231,0.012289,-0.999795,16.029739,-0.000343
12460,0.004282,0.450808,-0.047213,-0.005607,-0.015137,0.013015,-0.999785,16.617851,0.000000
12463,0.004398,0.450820,-0.047180,-0.005772,-0.015256,0.013705,-0.999773,17.159615,-0.000343
12467,0.004503,0.450832,-0.047152,-0.006011,-0.015281,0.014394,-0.999762,17.414703,-0.000343
12470,0.004536,0.450841,-0.047120,-0.006228,-0.015221,0.014583,-0.999758,17.510834,-0.000343
12474,0.004532,0.450833,-0.047085,-0.006412,-0.015149,0.014693,-0.999757,17.495728,-0.000343
12477,0.004519,0.450829,-0.047055,-0.006382,-0.015186,0.014610,-0.999758,17.385864,-0.000343
12481,0.004511,0.450825,-0.047029,-0.006313,-0.015252,0.014660,-0.999756,17.307930,-0.000343
12484,0.004514,0.450828,-0.047030,-0.006398,-0.015182,0.014619,-0.999757,17.300720,-0.000343
12488,0.004526,0.450825,-0.047050,-0.006389,-0.015115,0.014692,-0.999757,17.389984,-0.000343
12491,0.004549,0.450831,-0.047067,-0.006420,-0.015099,0.014722,-0.999757,17.685928,-0.000343
12495,0.004569,0.450837,-0.047087,-0.006296,-0.015245,0.014778,-0.999755,18.083496,-0.000343
12499,0.004619,0.450843,-0.047082,-0.006388,-0.015257,0.015102,-0.999749,18.455658,-0.000343
12502,0.004669,0.450851,-0.047056,-0.006609,-0.015291,0.015601,-0.999740,18.813744,-0.000343
12506,0.004716,0.450858,-0.047022,-0.006802,-0.015262,0.015882,-0.999734,19.001884,-0.000343
12509,0.004742,0.450857,-0.046996,-0.006887,-0.015250,0.016091,-0.999731,19.068832,-0.000343
12513,0.004782,0.450865,-0.046955,-0.006957,-0.015324,0.016190,-0.999727,19.074326,-0.000343
12516,0.004793,0.450860,-0.046936,-0.006937,-0.015277,0.016211,-0.999728,19.074326,-0.000343
12520,0.004806,0.450860,-0.046915,-0.007071,-0.015198,0.016235,-0.999728,19.090462,-0.000343
12523,0.004808,0.450860,-0.046914,-0.007130,-0.015183,0.016266,-0.999727,19.216805,-0.000343
12527,0.004810,0.450865,-0.046922,-0.006974,-0.015309,0.016293,-0.999726,19.445114,-0.000343
12530,0.004818,0.450868,-0.046935,-0.007148,-0.015218,0.016403,-0.999724,19.739342,-0.000343
12534,0.004866,0.450873,-0.046936,-0.007234,-0.015259,0.016742,-0.999717,20.083351,-0.000343
12536,0.004907,0.450879,-0.046929,-0.007403,-0.015221,0.016997,-0.999712,20.318871,-0.000687
12536,0.004907,0.450879,-0.046929,-0.007403,-0.015221,0.016997,-0.999712,20.507698,-0.000343
12536,0.004907,0.450879,-0.046929,-0.007403,-0.015221,0.016997,-0.999712,20.621338,-0.000343
12536,0.004907,0.450879,-0.046929,-0.007403,-0.015221,0.016997,-0.999712,20.694122,-0.000343
12536,0.004907,0.450879,-0.046929,-0.007403,-0.015221,0.016997,-0.999712,20.749741,-0.000343
12536,0.004907,0.450879,-0.046929,-0.007403,-0.015221,0.016997,-0.999712,20.848961,-0.000343
12536,0.004907,0.450879,-0.046929,-0.007403,-0.015221,0.016997,-0.999712,20.972900,-0.000343
12536,0.004907,0.450879,-0.046929,-0.007403,-0.015221,0.016997,-0.999712,21.202583,-0.000343
12536,0.004907,0.450879,-0.046929,-0.007403,-0.015221,0.016997,-0.999712,21.431923,-0.000687
12536,0.004907,0.450879,-0.046929,-0.007403,-0.015221,0.016997,-0.999712,21.699371,-0.000343
12536,0.004907,0.450879,-0.046929,-0.007403,-0.015221,0.016997,-0.999712,21.897125,-0.000343
12536,0.004907,0.450879,-0.046929,-0.007403,-0.015221,0.016997,-0.999712,22.087326,-0.000343
12536,0.004907,0.450879,-0.046929,-0.007403,-0.015221,0.016997,-0.999712,22.222939,-0.000687
12536,0.004907,0.450879,-0.046929,-0.007403,-0.015221,0.016997,-0.999712,22.313232,-0.000343
12536,0.004907,0.450879,-0.046929,-0.007403,-0.015221,0.016997,-0.999712,22.411766,-0.000343
12536,0.004907,0.450879,-0.046929,-0.007403,-0.015221,0.016997,-0.999712,22.541885,-0.000343
12536,0.004907,0.450879,-0.046929,-0.007403,-0.015221,0.016997,-0.999712,22.690544,-0.000343
12536,0.004907,0.450879,-0.046929,-0.007403,-0.015221,0.016997,-0.999712,22.901344,-0.000343
12536,0.004907,0.450879,-0.046929,-0.007403,-0.015221,0.016997,-0.999712,23.113518,-0.000343
12536,0.004907,0.450879,-0.046929,-0.007403,-0.015221,0.016997,-0.999712,23.308525,-0.000343
12536,0.004907,0.450879,-0.046929,-0.007403,-0.015221,0.016997,-0.999712,23.516579,-0.000687
12536,0.004907,0.450879,-0.046929,-0.007403,-0.015221,0.016997,-0.999712,23.672104,-0.000343
12536,0.004907,0.450879,-0.046929,-0.007403,-0.015221,0.016997,-0.999712,23.823166,-0.000687
12536,0.004907,0.450879,-0.046929,-0.007403,-0.015221,0.016997,-0.999712,23.957405,-0.000687
12536,0.004907,0.450879,-0.046929,-0.007403,-0.015221,0.016997,-0.999712,24.093704,-0.000343
12536,0.004907,0.450879,-0.046929,-0.007403,-0.015221,0.016997,-0.999712,24.223137,-0.000343
12536,0.004907,0.450879,-0.046929,-0.007403,-0.015221,0.016997,-0.999712,24.377632,-0.000687
12536,0.004907,0.450879,-0.046929,-0.007403,-0.015221,0.016997,-0.999712,24.580193,-0.000343
12536,0.004907,0.450879,-0.046929,-0.007403,-0.015221,0.016997,-0.999712,24.745674,-0.000687
12536,0.004907,0.450879,-0.046929,-0.007403,-0.015221,0.016997,-0.999712,24.946518,-0.000687
12644,0.005764,0.450964,-0.046503,-0.010189,-0.015241,0.022561,-0.999577,25.097580,-0.000343
12648,0.005803,0.450968,-0.046498,-0.010110,-0.015362,0.022684,-0.999574,25.251732,-0.000343
12651,0.005832,0.450975,-0.046491,-0.010297,-0.015350,0.022924,-0.999566,25.391808,-0.000343
12655,0.005853,0.450976,-0.046482,-0.010326,-0.015315,0.022980,-0.999565,25.505791,-0.000343
12658,0.005866,0.450977,-0.046469,-0.010498,-0.015277,0.023152,-0.999560,25.647240,-0.000687
12662,0.005885,0.450977,-0.046445,-0.010402,-0.015398,0.023268,-0.999557,25.790062,-0.000687
12665,0.005903,0.450979,-0.046425,-0.010615,-0.015302,0.023402,-0.999553,25.928421,-0.000343
12669,0.005932,0.450977,-0.046401,-0.010637,-0.015331,0.023564,-0.999548,26.090469,-0.000343
12672,0.005962,0.450981,-0.046386,-0.010739,-0.015317,0.023754,-0.999543,26.277237,-0.000687
12676,0.006008,0.450988,-0.046372,-0.010721,-0.015390,0.024016,-0.999536,26.432419,-0.000687
12679,0.006037,0.450992,-0.046364,-0.010800,-0.015401,0.024179,-0.999531,26.587257,-0.000343
12683,0.006059,0.450995,-0.046367,-0.011038,-0.015269,0.024353,-0.999526,26.752739,-0.000343
12687,0.006082,0.451001,-0.046358,-0.011018,-0.015353,0.024588,-0.999519,26.879082,-0.000687
12690,0.006094,0.451001,-0.046355,-0.011017,-0.015350,0.024601,-0.999519,27.033234,-0.000343
12694,0.006120,0.451005,-0.046344,-0.011143,-0.015279,0.024856,-0.999512,27.151337,-0.000687
12697,0.006144,0.451008,-0.046330,-0.011174,-0.015298,0.024914,-0.999510,27.279396,-0.000343
12701,0.006173,0.451007,-0.046309,-0.011309,-0.015279,0.025133,-0.999503,27.443161,-0.000343
12704,0.006199,0.451011,-0.046290,-0.011392,-0.015266,0.025230,-0.999500,27.607613,-0.000343
12708,0.006236,0.451013,-0.046261,-0.011427,-0.015343,0.025488,-0.999492,27.774124,-0.000343
12712,0.006268,0.451016,-0.046240,-0.011634,-0.015324,0.025614,-0.999487,27.931709,-0.000687
12715,0.006287,0.451022,-0.046230,-0.011776,-0.015291,0.025821,-0.999480,28.106117,-0.000343
12719,0.006317,0.451025,-0.046226,-0.011594,-0.015434,0.025915,-0.999478,28.237267,-0.000343
12722,0.006340,0.451031,-0.046225,-0.011788,-0.015381,0.026132,-0.999471,28.386612,-0.000343
12726,0.006367,0.451032,-0.046226,-0.011783,-0.015401,0.026230,-0.999468,28.494759,-0.000343
12729,0.006390,0.451039,-0.046222,-0.011939,-0.015323,0.026412,-0.999462,28.645821,-0.000687
12733,0.006412,0.451038,-0.046212,-0.011868,-0.015450,0.026523,-0.999458,28.785553,-0.000343
12736,0.006429,0.451039,-0.046196,-0.011974,-0.015419,0.026722,-0.999452,28.947601,-0.000343
12740,0.006457,0.451041,-0.046170,-0.012189,-0.015371,0.026822,-0.999448,29.104156,-0.000687
12743,0.006481,0.451041,-0.046149,-0.012183,-0.015442,0.027075,-0.999440,29.282341,-0.000343
12747,0.006516,0.451042,-0.046122,-0.012339,-0.015419,0.027189,-0.999435,29.427910,-0.000343
12751,0.006552,0.451044,-0.046105,-0.012450,-0.015417,0.027555,-0.999424,29.581375,-0.000343
12754,0.006584,0.451040,-0.046103,-0.012767,-0.015322,0.027495,-0.999423,29.718704,-0.000687
12758,0.006607,0.451039,-0.046097,-0.012854,-0.015284,0.027780,-0.999415,29.853973,-0.000343
12761,0.006626,0.451042,-0.046096,-0.012891,-0.015304,0.027831,-0.999412,29.986496,-0.000343
12765,0.006653,0.451056,-0.046082,-0.012744,-0.015486,0.028210,-0.999401,30.154724,-0.000343
12768,0.006669,0.451049,-0.046085,-0.012953,-0.015397,0.028154,-0.999401,30.296860,-0.000687
12772,0.006696,0.451047,-0.046071,-0.013145,-0.015336,0.028423,-0.999392,30.478134,-0.000343
12775,0.006723,0.451061,-0.046051,-0.012962,-0.015504,0.028691,-0.999384,30.636749,-0.000343
12779,0.006768,0.451057,-0.046037,-0.013379,-0.015307,0.028808,-0.999378,30.783005,-0.000343
12783,0.006802,0.451055,-0.046017,-0.013348,-0.015380,0.028988,-0.999372,30.947800,-0.000343
12786,0.006831,0.451057,-0.046001,-0.013595,-0.015283,0.029186,-0.999365,31.076889,-0.000343
12790,0.006861,0.451060,-0.045979,-0.013461,-0.015439,0.029309,-0.999361,31.219368,-0.000343
12793,0.006883,0.451061,-0.045969,-0.013694,-0.015357,0.029493,-0.999353,31.359444,-0.000343
12797,0.006903,0.451059,-0.045964,-0.013648,-0.015428,0.029609,-0.999349,31.502953,-0.000343
12800,0.006928,0.451063,-0.045956,-0.013767,-0.015388,0.029803,-0.999343,31.667061,-0.000687
12804,0.006956,0.451063,-0.045951,-0.013835,-0.015406,0.029959,-0.999337,31.804733,-0.000343
12807,0.006983,0.451068,-0.045942,-0.014066,-0.015343,0.030192,-0.999327,31.988411,-0.000687
12811,0.007018,0.451075,-0.045924,-0.013958,-0.015482,0.030342,-0.999322,32.149773,-0.000343
12814,0.007037,0.451073,-0.045912,-0.014044,-0.015446,0.030572,-0.999315,32.299461,-0.000343
12818,0.007062,0.451075,-0.045895,-0.014230,-0.015364,0.030688,-0.999310,32.422028,-0.000343
12822,0.007094,0.451077,-0.045874,-0.014289,-0.015387,0.030964,-0.999300,32.549744,-0.000343
12825,0.007114,0.451079,-0.045866,-0.014363,-0.015381,0.031049,-0.999296,32.692566,-0.000343
12829,0.007144,0.451079,-0.045849,-0.014472,-0.015344,0.031297,-0.999288,32.818565,-0.000343
12832,0.007169,0.451081,-0.045843,-0.014468,-0.015412,0.031384,-0.999284,32.982330,-0.000343
12836,0.007200,0.451085,-0.045833,-0.014586,-0.015325,0.031589,-0.999277,33.180771,-0.000687
12839,0.007224,0.451087,-0.045826,-0.014651,-0.015298,0.031683,-0.999274,33.384361,-0.000343
12843,0.007263,0.451089,-0.045805,-0.014777,-0.015311,0.032007,-0.999261,33.648033,-0.000343
12846,0.007297,0.451093,-0.045785,-0.014872,-0.015332,0.032149,-0.999255,33.887672,-0.000343
12850,0.007346,0.451101,-0.045754,-0.015149,-0.015302,0.032518,-0.999239,34.122162,-0.000343
12854,0.007397,0.451101,-0.045728,-0.015140,-0.015374,0.032796,-0.999229,34.341202,-0.000343
12857,0.007435,0.451108,-0.045706,-0.015318,-0.015410,0.033065,-0.999217,34.570198,-0.000343
12861,0.007466,0.451103,-0.045691,-0.015365,-0.015376,0.033228,-0.999211,34.725723,-0.000343
12864,0.007499,0.451112,-0.045678,-0.015625,-0.015298,0.033466,-0.999201,34.891205,-0.000343
12868,0.007531,0.451114,-0.045666,-0.015437,-0.015483,0.033627,-0.999195,35.099258,-0.000343
12871,0.007558,0.451116,-0.045661,-0.015634,-0.015417,0.033854,-0.999186,35.279503,-0.000343
12875,0.007601,0.451124,-0.045652,-0.015803,-0.015363,0.034071,-0.999176,35.508499,-0.000343
12878,0.007635,0.451124,-0.045642,-0.015900,-0.015370,0.034329,-0.999166,35.738869,-0.000343
12882,0.007694,0.451131,-0.045617,-0.016100,-0.015390,0.034626,-0.999152,35.960999,-0.000343
12886,0.007743,0.451129,-0.045587,-0.016312,-0.015365,0.035070,-0.999134,36.203728,-0.000343
12889,0.007781,0.451131,-0.045562,-0.016354,-0.015415,0.035256,-0.999126,36.417618,-0.000343
12893,0.007830,0.451136,-0.045525,-0.016703,-0.015352,0.035696,-0.999105,36.612968,-0.000343
12896,0.007860,0.451135,-0.045500,-0.016643,-0.015393,0.035839,-0.999101,36.794930,-0.000343
12900,0.007902,0.451140,-0.045474,-0.016953,-0.015381,0.036182,-0.999083,36.999550,-0.000343
12903,0.007933,0.451144,-0.045465,-0.016921,-0.015369,0.036287,-0.999080,37.200050,-0.000687
12907,0.007972,0.451142,-0.045457,-0.017095,-0.015367,0.036682,-0.999063,37.405701,-0.000343
12911,0.008022,0.451152,-0.045450,-0.017180,-0.015381,0.036895,-0.999053,37.649803,-0.000343
12914,0.008056,0.451151,-0.045441,-0.017198,-0.015418,0.037178,-0.999042,37.852020,-0.000343
12918,0.008099,0.451157,-0.045424,-0.017488,-0.015302,0.037428,-0.999029,38.071747,-0.000343
12921,0.008131,0.451159,-0.045406,-0.017600,-0.015292,0.037681,-0.999018,38.311729,-0.000343
12925,0.008177,0.451162,-0.045373,-0.017532,-0.015444,0.037894,-0.999009,38.486137,-0.000343
12928,0.008208,0.451163,-0.045350,-0.017700,-0.015376,0.038161,-0.998996,38.705521,-0.000343
12932,0.008248,0.451165,-0.045325,-0.017884,-0.015307,0.038349,-0.998987,38.885078,-0.000343
12935,0.008281,0.451165,-0.045305,-0.017928,-0.015343,0.038638,-0.998975,39.073563,-0.000343
12939,0.008326,0.451173,-0.045286,-0.018093,-0.015330,0.038797,-0.998966,39.287796,-0.000343
12942,0.008355,0.451177,-0.045274,-0.018208,-0.015351,0.039075,-0.998952,39.456024,-0.000343
12946,0.008388,0.451179,-0.045267,-0.018249,-0.015365,0.039236,-0.998945,39.658241,0.000000
12950,0.008418,0.451180,-0.045258,-0.018377,-0.015347,0.039501,-0.998933,39.815483,-0.000343
12953,0.008438,0.451181,-0.045250,-0.018448,-0.015334,0.039614,-0.998927,39.979248,-0.000343
12957,0.008474,0.451187,-0.045233,-0.018623,-0.015347,0.039931,-0.998911,40.149879,-0.000343
12960,0.008504,0.451192,-0.045215,-0.018481,-0.015548,0.040030,-0.998907,40.316391,-0.000343
12964,0.008535,0.451192,-0.045202,-0.018870,-0.015336,0.040319,-0.998891,40.438271,-0.000343
12967,0.008553,0.451190,-0.045190,-0.018792,-0.015386,0.040381,-0.998889,40.558777,0.000000
12971,0.008582,0.451192,-0.045164,-0.018976,-0.015409,0.040588,-0.998877,40.697136,-0.000343
12974,0.008598,0.451192,-0.045153,-0.019006,-0.015411,0.040617,-0.998875,40.802193,0.000000
12978,0.008634,0.451195,-0.045137,-0.019129,-0.015407,0.040875,-0.998862,40.919952,0.000000
12981,0.008663,0.451196,-0.045139,-0.019221,-0.015344,0.040922,-0.998860,41.043205,-0.000343
12985,0.008701,0.451202,-0.045131,-0.019312,-0.015325,0.041206,-0.998847,41.195984,0.000000
12988,0.008715,0.451200,-0.045120,-0.019219,-0.015398,0.041255,-0.998845,41.355629,0.000000
12992,0.008724,0.451199,-0.045106,-0.019497,-0.015326,0.041512,-0.998830,41.519394,0.000000
12996,0.008732,0.451200,-0.045091,-0.019601,-0.015342,0.041652,-0.998822,41.647797,0.000000
12999,0.008746,0.451200,-0.045085,-0.019732,-0.015298,0.041835,-0.998813,41.807785,0.000000
13003,0.008786,0.451208,-0.045075,-0.019571,-0.015449,0.042016,-0.998806,41.939278,0.000000
13006,0.008815,0.451209,-0.045070,-0.019803,-0.015366,0.042269,-0.998792,42.080383,0.000000
13010,0.008838,0.451209,-0.045058,-0.019790,-0.015333,0.042345,-0.998789,42.130508,0.000000
13010,0.008838,0.451209,-0.045058,-0.019790,-0.015333,0.042345,-0.998789,42.228699,0.000000
13017,0.008873,0.451210,-0.045014,-0.019961,-0.015356,0.042557,-0.998777,42.452545,0.000000
13020,0.008900,0.451208,-0.044993,-0.020019,-0.015414,0.042751,-0.998766,42.605667,0.000000
13024,0.008947,0.451209,-0.044979,-0.020230,-0.015267,0.042887,-0.998758,42.772865,0.000000
13028,0.008998,0.451212,-0.044959,-0.020228,-0.015404,0.043203,-0.998743,42.907448,0.000000
13031,0.009018,0.451213,-0.044952,-0.020266,-0.015400,0.043313,-0.998737,43.049583,0.000000
13035,0.009038,0.451212,-0.044940,-0.020409,-0.015354,0.043511,-0.998726,43.195496,0.000000
13038,0.009048,0.451213,-0.044940,-0.020413,-0.015428,0.043585,-0.998722,43.331451,0.000000
13042,0.009063,0.451216,-0.044947,-0.020637,-0.015311,0.043822,-0.998709,43.454018,0.000343
13045,0.009071,0.451217,-0.044955,-0.020501,-0.015401,0.043901,-0.998707,43.578300,0.000343
13049,0.009106,0.451229,-0.044956,-0.020636,-0.015400,0.044126,-0.998694,43.725586,0.000000
13052,0.009122,0.451227,-0.044954,-0.020681,-0.015371,0.044199,-0.998690,43.858795,0.000000
13056,0.009150,0.451221,-0.044927,-0.020791,-0.015351,0.044436,-0.998678,43.999214,0.000343
13060,0.009191,0.451223,-0.044887,-0.020856,-0.015437,0.044697,-0.998664,44.140663,0.000000
13063,0.009223,0.451220,-0.044857,-0.020953,-0.015412,0.044793,-0.998658,44.286575,0.000343
13067,0.009267,0.451221,-0.044821,-0.021191,-0.015291,0.044988,-0.998646,44.437294,0.000343
13070,0.009294,0.451220,-0.044801,-0.021275,-0.015270,0.045202,-0.998635,44.579430,0.000343
13074,0.009325,0.451223,-0.044784,-0.021341,-0.015304,0.045366,-0.998625,44.716759,0.000343
13077,0.009341,0.451224,-0.044781,-0.021454,-0.015303,0.045485,-0.998617,44.834175,0.000343
13081,0.009350,0.451225,-0.044796,-0.021360,-0.015312,0.045572,-0.998615,44.972878,0.000343
13085,0.009377,0.451231,-0.044808,-0.021503,-0.015346,0.045722,-0.998605,45.112267,0.000343
13088,0.009395,0.451230,-0.044817,-0.021466,-0.015311,0.045836,-0.998601,45.254059,0.000343
13092,0.009431,0.451237,-0.044810,-0.021608,-0.015345,0.046015,-0.998589,45.389671,0.000343
13095,0.009450,0.451236,-0.044797,-0.021670,-0.015353,0.046147,-0.998582,45.531120,0.000343
13099,0.009476,0.451235,-0.044769,-0.021876,-0.015233,0.046315,-0.998571,45.678406,0.000343
13102,0.009502,0.451232,-0.044739,-0.021854,-0.015334,0.046474,-0.998563,45.823975,0.000343
13106,0.009548,0.451233,-0.044703,-0.021965,-0.015325,0.046707,-0.998550,45.952721,0.000343
13109,0.009584,0.451235,-0.044680,-0.022023,-0.015327,0.046812,-0.998543,46.087303,0.000343
13113,0.009623,0.451237,-0.044664,-0.022367,-0.015181,0.047062,-0.998526,46.223946,0.000343
13117,0.009658,0.451241,-0.044651,-0.022263,-0.015376,0.047304,-0.998514,46.367111,0.000343
13120,0.009675,0.451246,-0.044651,-0.022338,-0.015394,0.047418,-0.998507,46.504097,0.000343
13123,0.009683,0.451247,-0.044658,-0.022427,-0.015300,0.047444,-0.998505,46.650352,0.000343
13127,0.009699,0.451246,-0.044663,-0.022408,-0.015341,0.047676,-0.998494,46.780128,0.000343
13130,0.009718,0.451251,-0.044666,-0.022454,-0.015369,0.047729,-0.998490,46.916428,0.000687
13134,0.009739,0.451250,-0.044660,-0.022513,-0.015373,0.047978,-0.998476,47.060966,0.000343
13138,0.009766,0.451249,-0.044644,-0.022753,-0.015236,0.048128,-0.998466,47.198296,0.000343
13141,0.009790,0.451249,-0.044621,-0.022825,-0.015291,0.048308,-0.998455,47.350044,0.000687
13145,0.009822,0.451250,-0.044584,-0.022740,-0.015474,0.048495,-0.998445,47.477417,0.000343
13148,0.009846,0.451249,-0.044566,-0.023063,-0.015289,0.048649,-0.998433,47.621613,0.000343
13152,0.009883,0.451250,-0.044545,-0.022931,-0.015475,0.048780,-0.998426,47.766151,0.000343
13155,0.009917,0.451259,-0.044533,-0.023100,-0.015496,0.049041,-0.998409,47.903137,0.000343
13159,0.009936,0.451255,-0.044537,-0.023205,-0.015345,0.049091,-0.998407,48.043213,0.000687
13162,0.009955,0.451253,-0.044536,-0.023209,-0.015362,0.049288,-0.998397,48.174019,0.000343
13166,0.009982,0.451260,-0.044536,-0.023246,-0.015410,0.049385,-0.998390,48.308601,0.000343
13170,0.010001,0.451259,-0.044530,-0.023256,-0.015478,0.049584,-0.998379,48.438377,0.000343
13173,0.010020,0.451260,-0.044526,-0.023370,-0.015422,0.049722,-0.998371,48.572273,0.000343
13177,0.010045,0.451259,-0.044507,-0.023380,-0.015457,0.049874,-0.998362,48.717842,0.000687
13180,0.010064,0.451259,-0.044489,-0.023472,-0.015448,0.050053,-0.998351,48.870277,0.000687
13184,0.010093,0.451257,-0.044461,-0.023722,-0.015387,0.050285,-0.998335,49.021339,0.000343
13187,0.010114,0.451255,-0.044442,-0.023665,-0.015453,0.050388,-0.998330,49.157295,0.000343
13191,0.010147,0.451260,-0.044424,-0.023826,-0.015417,0.050605,-0.998316,49.294624,0.000343
13194,0.010167,0.451260,-0.044422,-0.023913,-0.015342,0.050715,-0.998309,49.430923,0.000343
13198,0.010206,0.451263,-0.044409,-0.023786,-0.015519,0.050997,-0.998295,49.560356,0.000343
13202,0.010232,0.451259,-0.044403,-0.024114,-0.015308,0.051184,-0.998281,49.687386,0.000343
13205,0.010244,0.451256,-0.044393,-0.024064,-0.015385,0.051299,-0.998275,49.825745,0.000687
13209,0.010272,0.451263,-0.044377,-0.024214,-0.015408,0.051497,-0.998261,49.966850,0.000343
13212,0.010296,0.451263,-0.044367,-0.024258,-0.015368,0.051594,-0.998255,50.137138,0.000343
13216,0.010329,0.451259,-0.044357,-0.024360,-0.015347,0.051880,-0.998238,50.266228,0.000687
13219,0.010370,0.451267,-0.044347,-0.024553,-0.015304,0.052093,-0.998223,50.412483,0.000687
13223,0.010399,0.451263,-0.044333,-0.024393,-0.015436,0.052280,-0.998215,50.553246,0.000343
13227,0.010416,0.451267,-0.044325,-0.024649,-0.015278,0.052424,-0.998204,50.690231,0.000343
13230,0.010433,0.451271,-0.044311,-0.024699,-0.015339,0.052591,-0.998193,50.821724,0.000343
13234,0.010450,0.451264,-0.044298,-0.024701,-0.015404,0.052757,-0.998183,50.954933,0.000343
13237,0.010474,0.451266,-0.044283,-0.024784,-0.015371,0.052899,-0.998174,51.066856,0.000343
13241,0.010505,0.451265,-0.044271,-0.024896,-0.015346,0.053091,-0.998161,51.206932,0.000343
13244,0.010532,0.451270,-0.044252,-0.024904,-0.015404,0.053265,-0.998151,51.359024,0.000343
13248,0.010560,0.451273,-0.044232,-0.025175,-0.015320,0.053467,-0.998135,51.512489,0.000343
13251,0.010582,0.451277,-0.044213,-0.025275,-0.015317,0.053614,-0.998124,51.663551,0.000343
13255,0.010612,0.451272,-0.044196,-0.025230,-0.015390,0.053818,-0.998113,51.807060,0.000343
13259,0.010640,0.451270,-0.044186,-0.025461,-0.015294,0.054038,-0.998097,51.949883,0.000343
13262,0.010669,0.451279,-0.044181,-0.025532,-0.015243,0.054091,-0.998093,52.083778,0.000343
13266,0.010706,0.451283,-0.044168,-0.025494,-0.015401,0.054342,-0.998078,52.215614,0.000343
13269,0.010717,0.451279,-0.044172,-0.025499,-0.015363,0.054374,-0.998077,52.324791,0.000343
13272,0.010735,0.451284,-0.044172,-0.025636,-0.015294,0.054474,-0.998069,52.450104,0.000343
13276,0.010755,0.451282,-0.044163,-0.025655,-0.015352,0.054633,-0.998059,52.588463,0.000343
13280,0.010781,0.451288,-0.044158,-0.025834,-0.015276,0.054856,-0.998043,52.747421,0.000343
13283,0.010805,0.451289,-0.044146,-0.025850,-0.015345,0.054968,-0.998036,52.901573,0.000343
13287,0.010834,0.451287,-0.044126,-0.025865,-0.015341,0.055221,-0.998021,53.055382,0.000343
13290,0.010865,0.451288,-0.044102,-0.025888,-0.015429,0.055376,-0.998011,53.214340,0.000343
13294,0.010897,0.451288,-0.044077,-0.026115,-0.015284,0.055575,-0.997996,53.341370,0.000687
13297,0.010922,0.451288,-0.044060,-0.026279,-0.015262,0.055782,-0.997980,53.467026,0.000343
13301,0.010963,0.451286,-0.044041,-0.026305,-0.015395,0.055892,-0.997972,53.593025,0.000343
13305,0.010980,0.451289,-0.044028,-0.026194,-0.015431,0.056048,-0.997965,53.734474,0.000687
13308,0.010997,0.451290,-0.044022,-0.026372,-0.015369,0.056238,-0.997951,53.853951,0.000343
13311,0.011016,0.451293,-0.044020,-0.026567,-0.015311,0.056397,-0.997938,53.996086,0.000343
13315,0.011043,0.451296,-0.044015,-0.026413,-0.015486,0.056531,-0.997931,54.139938,0.000343
13319,0.011074,0.451292,-0.044018,-0.026655,-0.015378,0.056601,-0.997923,54.297523,0.000343
13322,0.011103,0.451303,-0.044005,-0.026677,-0.015366,0.056902,-0.997905,54.440689,0.000343
13326,0.011142,0.451298,-0.043994,-0.026879,-0.015351,0.057052,-0.997891,54.590721,0.000343
13330,0.011174,0.451294,-0.043968,-0.027042,-0.015300,0.057320,-0.997872,54.739037,0.000343
13333,0.011197,0.451294,-0.043945,-0.027063,-0.015315,0.057399,-0.997867,54.857483,0.000343
13336,0.011216,0.451299,-0.043918,-0.027018,-0.015401,0.057660,-0.997852,54.987602,0.000343
13340,0.011238,0.451297,-0.043892,-0.027133,-0.015380,0.057876,-0.997837,55.117378,0.000343
13344,0.011271,0.451291,-0.043877,-0.027421,-0.015282,0.058005,-0.997823,55.253334,0.000343
13347,0.011295,0.451302,-0.043867,-0.027361,-0.015411,0.058234,-0.997809,55.383453,0.000343
13351,0.011319,0.451294,-0.043882,-0.027610,-0.015268,0.058334,-0.997799,55.546188,0.000343
13354,0.011340,0.451295,-0.043893,-0.027586,-0.015255,0.058419,-0.997794,55.685234,0.000343
13358,0.011374,0.451303,-0.043898,-0.027688,-0.015292,0.058657,-0.997777,55.843163,0.000343
13361,0.011395,0.451305,-0.043898,-0.027694,-0.015318,0.058743,-0.997771,55.981865,0.000343
13365,0.011418,0.451304,-0.043886,-0.027955,-0.015201,0.058962,-0.997753,56.136360,0.000343
13368,0.011441,0.451304,-0.043865,-0.027994,-0.015255,0.059069,-0.997745,56.255836,0.000343
13372,0.011474,0.451303,-0.043823,-0.027993,-0.015328,0.059289,-0.997731,56.390076,0.000343
13376,0.011504,0.451297,-0.043785,-0.028170,-0.015273,0.059431,-0.997718,56.517448,0.000343
13379,0.011533,0.451296,-0.043755,-0.028277,-0.015238,0.059655,-0.997702,56.640015,0.000343
13383,0.011567,0.451298,-0.043736,-0.028363,-0.015252,0.059702,-0.997697,56.777687,0.000343
13386,0.011585,0.451297,-0.043735,-0.028442,-0.015235,0.059914,-0.997682,56.929092,0.000343
13390,0.011617,0.451304,-0.043749,-0.028438,-0.015312,0.060003,-0.997676,57.084618,0.000343
13393,0.011634,0.451308,-0.043770,-0.028571,-0.015266,0.060218,-0.997660,57.229156,0.000343
13397,0.011654,0.451308,-0.043795,-0.028420,-0.015318,0.060285,-0.997659,57.370605,0.000343
13400,0.011673,0.451312,-0.043807,-0.028695,-0.015166,0.060487,-0.997641,57.506905,0.000343
13404,0.011703,0.451315,-0.043796,-0.028504,-0.015374,0.060608,-0.997636,57.650757,0.000343
13407,0.011724,0.451312,-0.043774,-0.028701,-0.015309,0.060805,-0.997620,57.779160,0.000343
13411,0.011754,0.451313,-0.043727,-0.028921,-0.015250,0.060985,-0.997603,57.904129,0.000343
13415,0.011786,0.451306,-0.043668,-0.028931,-0.015346,0.061231,-0.997586,58.044205,0.000343
13418,0.011809,0.451304,-0.043628,-0.028971,-0.015362,0.061267,-0.997583,58.178101,0.000343
13422,0.011833,0.451298,-0.043592,-0.029187,-0.015283,0.061518,-0.997562,58.322296,0.000343
13425,0.011858,0.451299,-0.043581,-0.029116,-0.015357,0.061581,-0.997559,58.468208,0.000343
13429,0.011894,0.451305,-0.043581,-0.029364,-0.015302,0.061866,-0.997535,58.618927,0.000343
13432,0.011909,0.451304,-0.043603,-0.029218,-0.015336,0.061938,-0.997534,58.752823,0.000000
13436,0.011945,0.451313,-0.043621,-0.029379,-0.015329,0.062248,-0.997511,58.894958,0.000343
13439,0.011964,0.451315,-0.043636,-0.029355,-0.015361,0.062302,-0.997507,59.048080,0.000343
13443,0.011984,0.451312,-0.043643,-0.029429,-0.015269,0.062490,-0.997495,59.168243,0.000000
13446,0.012005,0.451312,-0.043627,-0.029484,-0.015336,0.062613,-0.997484,59.306259,0.000343
13450,0.012039,0.451313,-0.043595,-0.029564,-0.015369,0.062859,-0.997466,59.442215,0.000343
13454,0.012063,0.451306,-0.043559,-0.029791,-0.015255,0.062949,-0.997455,59.585724,0.000343
13457,0.012082,0.451305,-0.043526,-0.029933,-0.015205,0.063172,-0.997438,59.724770,0.000343
13461,0.012114,0.451307,-0.043492,-0.029757,-0.015501,0.063287,-0.997431,59.862442,0.000343
13464,0.012132,0.451307,-0.043484,-0.029863,-0.015448,0.063496,-0.997416,60.011787,0.000343
13468,0.012164,0.451312,-0.043484,-0.029994,-0.015419,0.063631,-0.997403,60.147743,0.000343
13471,0.012194,0.451311,-0.043487,-0.029948,-0.015490,0.063866,-0.997389,60.293655,0.000000
13475,0.012230,0.451311,-0.043495,-0.029995,-0.015439,0.063972,-0.997381,60.431328,0.000343
13478,0.012256,0.451315,-0.043493,-0.030188,-0.015350,0.064208,-0.997362,60.567627,0.000343
13482,0.012284,0.451311,-0.043474,-0.030131,-0.015441,0.064321,-0.997355,60.704613,0.000343
13486,0.012315,0.451306,-0.043446,-0.030362,-0.015357,0.064606,-0.997331,60.840912,0.000343
13489,0.012343,0.451309,-0.043423,-0.030478,-0.015323,0.064679,-0.997323,60.971375,0.000343
13493,0.012387,0.451310,-0.043399,-0.030635,-0.015314,0.064989,-0.997298,61.110420,0.000000
13496,0.012413,0.451310,-0.043390,-0.030689,-0.015312,0.065077,-0.997291,61.254959,0.000000
13500,0.012438,0.451308,-0.043381,-0.030784,-0.015310,0.065316,-0.997272,61.405334,0.000000
13503,0.012450,0.451309,-0.043381,-0.030803,-0.015288,0.065398,-0.997267,61.541977,0.000343
13507,0.012475,0.451312,-0.043378,-0.030842,-0.015423,0.065663,-0.997246,61.688919,0.000000
13510,0.012492,0.451315,-0.043382,-0.030864,-0.015399,0.065696,-0.997243,61.847191,0.000000
13514,0.012528,0.451319,-0.043380,-0.031240,-0.015193,0.065989,-0.997216,61.976624,0.000000
13517,0.012566,0.451318,-0.043368,-0.031156,-0.015336,0.066138,-0.997206,62.105713,0.000000
13521,0.012612,0.451315,-0.043340,-0.031260,-0.015298,0.066448,-0.997183,62.216606,0.000000
13525,0.012654,0.451313,-0.043304,-0.031346,-0.015353,0.066574,-0.997171,62.346382,0.000343
13528,0.012680,0.451313,-0.043284,-0.031612,-0.015254,0.066789,-0.997150,62.485771,0.000000
13532,0.012715,0.451311,-0.043259,-0.031645,-0.015308,0.066893,-0.997141,62.653999,0.000000
13535,0.012743,0.451315,-0.043250,-0.031821,-0.015248,0.067104,-0.997122,62.810898,0.000000
13539,0.012781,0.451314,-0.043252,-0.031745,-0.015372,0.067336,-0.997107,62.960930,0.000000
13543,0.012809,0.451316,-0.043262,-0.031880,-0.015284,0.067532,-0.997091,63.116798,0.000000
13546,0.012831,0.451319,-0.043264,-0.031881,-0.015347,0.067656,-0.997081,63.251038,0.000000
13549,0.012853,0.451321,-0.043264,-0.032011,-0.015310,0.067864,-0.997063,63.358841,0.000000
13553,0.012878,0.451322,-0.043257,-0.032065,-0.015322,0.067972,-0.997054,63.471451,0.000000
13556,0.012901,0.451323,-0.043234,-0.032156,-0.015342,0.068158,-0.997038,63.600197,0.000000
13560,0.012922,0.451318,-0.043204,-0.032336,-0.015227,0.068263,-0.997027,63.738899,0.000000
13564,0.012954,0.451313,-0.043155,-0.032350,-0.015316,0.068480,-0.997010,63.896828,0.000000
13567,0.012979,0.451310,-0.043124,-0.032533,-0.015284,0.068579,-0.996998,64.051323,0.000000
13571,0.013019,0.451306,-0.043091,-0.032772,-0.015251,0.068885,-0.996970,64.223671,0.000000
13574,0.013049,0.451307,-0.043079,-0.032582,-0.015367,0.068944,-0.996970,64.353104,0.000000
13578,0.013089,0.451309,-0.043093,-0.032828,-0.015253,0.069250,-0.996942,64.494896,0.000000
13582,0.013113,0.451311,-0.043115,-0.032811,-0.015261,0.069449,-0.996929,64.625359,0.000000
13585,0.013126,0.451314,-0.043132,-0.032836,-0.015290,0.069580,-0.996919,64.738655,0.000000
13589,0.013139,0.451316,-0.043147,-0.032999,-0.015167,0.069687,-0.996908,64.879074,0.000000
13592,0.013152,0.451317,-0.043147,-0.033117,-0.015152,0.069840,-0.996893,64.999924,0.000000
13596,0.013186,0.451317,-0.043123,-0.032988,-0.015268,0.070005,-0.996884,65.152359,0.000000
13599,0.013228,0.451323,-0.043088,-0.033097,-0.015386,0.070234,-0.996863,65.295181,0.000000
13603,0.013269,0.451318,-0.043042,-0.033323,-0.015267,0.070401,-0.996845,65.450020,0.000000
13606,0.013295,0.451312,-0.043000,-0.033376,-0.015298,0.070601,-0.996829,65.599709,0.000000
13610,0.013333,0.451310,-0.042956,-0.033581,-0.015277,0.070772,-0.996810,65.754890,-0.000343
13613,0.013356,0.451308,-0.042934,-0.033747,-0.015208,0.071011,-0.996789,65.894966,-0.000343
13617,0.013378,0.451305,-0.042928,-0.033719,-0.015257,0.071131,-0.996780,66.031265,0.000000
13620,0.013400,0.451311,-0.042937,-0.033866,-0.015201,0.071291,-0.996765,66.135292,0.000000
13624,0.013421,0.451314,-0.042963,-0.033803,-0.015257,0.071379,-0.996760,66.270905,-0.000343
13628,0.013438,0.451314,-0.042980,-0.033786,-0.015299,0.071518,-0.996750,66.417847,-0.000343
13631,0.013456,0.451315,-0.042988,-0.033857,-0.015303,0.071673,-0.996736,66.552773,-0.000343
13635,0.013477,0.451317,-0.042980,-0.034053,-0.015217,0.071835,-0.996719,66.694908,-0.000343
13638,0.013491,0.451312,-0.042968,-0.034056,-0.015231,0.071931,-0.996712,66.862106,0.000000
13642,0.013528,0.451310,-0.042932,-0.034154,-0.015282,0.072186,-0.996689,67.000465,-0.000343
13645,0.013558,0.451311,-0.042902,-0.034284,-0.015237,0.072379,-0.996671,67.142258,-0.000343
13649,0.013598,0.451301,-0.042867,-0.034452,-0.015194,0.072575,-0.996652,67.279587,0.000000
13652,0.013626,0.451302,-0.042844,-0.034421,-0.015245,0.072739,-0.996640,67.415886,-0.000343
13656,0.013670,0.451305,-0.042825,-0.034644,-0.015302,0.072964,-0.996615,67.539482,-0.000343
13659,0.013686,0.451300,-0.042820,-0.034579,-0.015294,0.073028,-0.996613,67.672691,-0.000343
13663,0.013712,0.451303,-0.042817,-0.034815,-0.015235,0.073297,-0.996586,67.803841,-0.000343
13666,0.013725,0.451301,-0.042821,-0.034837,-0.015215,0.073359,-0.996581,67.942200,-0.000343
13670,0.013743,0.451301,-0.042817,-0.034858,-0.015222,0.073600,-0.996562,68.086739,-0.000343
13674,0.013768,0.451303,-0.042809,-0.035042,-0.015199,0.073786,-0.996542,68.239174,-0.000343
13677,0.013791,0.451301,-0.042795,-0.035121,-0.015209,0.073979,-0.996525,68.395042,-0.000343
13681,0.013821,0.451297,-0.042779,-0.035173,-0.015239,0.074152,-0.996510,68.538895,-0.000343
13684,0.013847,0.451296,-0.042764,-0.035325,-0.015179,0.074350,-0.996491,68.673820,-0.000343
13688,0.013880,0.451297,-0.042752,-0.035297,-0.015256,0.074501,-0.996479,68.811493,-0.000343
13692,0.013912,0.451301,-0.042738,-0.035463,-0.015198,0.074683,-0.996461,68.945389,0.000000
13695,0.013931,0.451299,-0.042727,-0.035573,-0.015184,0.074858,-0.996444,69.068642,0.000000
13699,0.013961,0.451299,-0.042712,-0.035529,-0.015320,0.075010,-0.996432,69.205627,-0.000343
13702,0.013984,0.451298,-0.042701,-0.035584,-0.015255,0.075135,-0.996422,69.341927,-0.000343
13706,0.014006,0.451296,-0.042686,-0.035740,-0.015157,0.075323,-0.996403,69.487839,-0.000343
13709,0.014031,0.451296,-0.042671,-0.035897,-0.015148,0.075471,-0.996387,69.631691,-0.000343
13713,0.014067,0.451296,-0.042643,-0.035966,-0.015147,0.075667,-0.996369,69.783096,-0.000343
13717,0.014096,0.451292,-0.042621,-0.036111,-0.015114,0.075875,-0.996349,69.915962,-0.000343
13720,0.014120,0.451288,-0.042617,-0.036161,-0.015120,0.076022,-0.996336,70.058784,-0.000343
13723,0.014151,0.451288,-0.042612,-0.036176,-0.015117,0.076148,-0.996325,70.210190,-0.000343
13727,0.014195,0.451294,-0.042616,-0.036340,-0.015008,0.076395,-0.996302,70.345802,-0.000343
13730,0.014219,0.451290,-0.042622,-0.036313,-0.015068,0.076536,-0.996292,70.485878,-0.000343
13734,0.014259,0.451295,-0.042624,-0.036332,-0.015120,0.076807,-0.996269,70.621490,-0.000343
13738,0.014282,0.451294,-0.042616,-0.036484,-0.015042,0.077015,-0.996249,70.773926,-0.000343
13741,0.014301,0.451296,-0.042598,-0.036562,-0.015045,0.077093,-0.996240,70.888252,-0.000343
13744,0.014313,0.451291,-0.042581,-0.036549,-0.015084,0.077197,-0.996232,71.015282,0.000000
13748,0.014352,0.451295,-0.042533,-0.036655,-0.015151,0.077440,-0.996208,71.160164,-0.000343
13752,0.014382,0.451289,-0.042498,-0.036881,-0.015015,0.077641,-0.996186,71.314316,-0.000343
13755,0.014426,0.451294,-0.042465,-0.037017,-0.015104,0.077876,-0.996161,71.473618,-0.000343
13759,0.014472,0.451290,-0.042440,-0.036997,-0.015190,0.078143,-0.996140,71.626740,-0.000343
13762,0.014500,0.451291,-0.042435,-0.037179,-0.015132,0.078335,-0.996119,71.755486,-0.000343
13766,0.014530,0.451294,-0.042445,-0.037307,-0.015116,0.078546,-0.996098,71.890755,-0.000343
13770,0.014553,0.451297,-0.042458,-0.037259,-0.015195,0.078663,-0.996089,72.027054,-0.000343
13773,0.014567,0.451293,-0.042470,-0.037264,-0.015182,0.078814,-0.996077,72.150993,-0.000343
13777,0.014593,0.451298,-0.042478,-0.037282,-0.015250,0.078976,-0.996063,72.280426,-0.000343
13780,0.014617,0.451298,-0.042474,-0.037329,-0.015253,0.079125,-0.996049,72.419472,0.000000
13784,0.014650,0.451296,-0.042459,-0.037646,-0.015167,0.079301,-0.996024,72.572937,-0.000343
13787,0.014671,0.451294,-0.042431,-0.037701,-0.015141,0.079495,-0.996007,72.727089,-0.000343
13791,0.014701,0.451287,-0.042387,-0.037746,-0.015246,0.079717,-0.995986,72.869568,-0.000343
13795,0.014716,0.451282,-0.042352,-0.038150,-0.015090,0.079941,-0.995955,73.018570,-0.000343
13798,0.014724,0.451279,-0.042331,-0.038223,-0.015076,0.080033,-0.995945,73.149376,-0.000343
13802,0.014744,0.451277,-0.042308,-0.038220,-0.015159,0.080285,-0.995924,73.286705,-0.000343
13805,0.014764,0.451279,-0.042307,-0.038277,-0.015150,0.080384,-0.995914,73.413048,-0.000343
13808,0.014788,0.451279,-0.042307,-0.038377,-0.015119,0.080483,-0.995902,73.534241,-0.000343
13812,0.014827,0.451275,-0.042318,-0.038506,-0.015070,0.080689,-0.995881,73.666763,-0.000343
13815,0.014857,0.451275,-0.042322,-0.038346,-0.015197,0.080779,-0.995878,73.807526,-0.000343
13819,0.014897,0.451275,-0.042315,-0.038516,-0.015134,0.081082,-0.995848,73.968887,-0.000343
13823,0.014937,0.451278,-0.042291,-0.038494,-0.015209,0.081394,-0.995822,74.125099,-0.000343
13827,0.014971,0.451272,-0.042268,-0.038801,-0.015080,0.081463,-0.995807,74.296761,0.000000
13830,0.014989,0.451268,-0.042243,-0.038873,-0.015096,0.081669,-0.995787,74.429970,-0.000343
13833,0.015010,0.451269,-0.042217,-0.038865,-0.015129,0.081858,-0.995771,74.564209,-0.000343
13837,0.015050,0.451267,-0.042193,-0.039109,-0.015087,0.081984,-0.995752,74.685059,-0.000343
13840,0.015072,0.451268,-0.042178,-0.039125,-0.015095,0.082080,-0.995743,74.802132,-0.000343
13844,0.015089,0.451263,-0.042169,-0.039312,-0.014988,0.082278,-0.995721,74.922295,-0.000343
13848,0.015115,0.451266,-0.042160,-0.039229,-0.015117,0.082388,-0.995713,75.071297,-0.000343
13851,0.015129,0.451259,-0.042156,-0.039230,-0.015134,0.082545,-0.995700,75.215492,-0.000343
13855,0.015167,0.451260,-0.042146,-0.039447,-0.015058,0.082700,-0.995680,75.371361,-0.000343
13858,0.015194,0.451258,-0.042138,-0.039492,-0.015073,0.082915,-0.995660,75.533066,0.000000
13862,0.015236,0.451254,-0.042127,-0.039479,-0.015093,0.083073,-0.995647,75.674171,-0.000343
13866,0.015276,0.451254,-0.042112,-0.039788,-0.015004,0.083370,-0.995611,75.813217,-0.000343
13869,0.015300,0.451254,-0.042104,-0.039744,-0.015038,0.083416,-0.995608,75.939903,-0.000343
13873,0.015322,0.451249,-0.042092,-0.039820,-0.014998,0.083642,-0.995587,76.078262,-0.000343
13876,0.015331,0.451250,-0.042086,-0.039830,-0.015027,0.083705,-0.995581,76.200142,-0.000343
13880,0.015351,0.451248,-0.042074,-0.039900,-0.015056,0.083911,-0.995560,76.334724,-0.000343
13883,0.015366,0.451248,-0.042061,-0.039945,-0.015134,0.084013,-0.995549,76.475487,-0.000343
13887,0.015384,0.451245,-0.042045,-0.040215,-0.014976,0.084231,-0.995522,76.620712,-0.000343
13890,0.015405,0.451244,-0.042027,-0.040243,-0.015025,0.084288,-0.995515,76.793404,-0.000343
13894,0.015447,0.451244,-0.041999,-0.040308,-0.015082,0.084560,-0.995489,76.929359,-0.000343
13898,0.015479,0.451239,-0.041975,-0.040436,-0.015012,0.084739,-0.995469,77.096558,0.000000
13901,0.015505,0.451237,-0.041955,-0.040439,-0.015055,0.084945,-0.995451,77.216377,-0.000343
13904,0.015531,0.451237,-0.041940,-0.040570,-0.015076,0.085090,-0.995433,77.353363,-0.000343
13908,0.015556,0.451235,-0.041928,-0.040529,-0.015095,0.085177,-0.995427,77.482109,-0.000343
13912,0.015587,0.451237,-0.041920,-0.040461,-0.015308,0.085355,-0.995411,77.622185,-0.000343
13915,0.015615,0.451240,-0.041920,-0.040552,-0.015280,0.085568,-0.995389,77.758141,-0.000343
13919,0.015629,0.451242,-0.041933,-0.040783,-0.014856,0.085780,-0.995368,77.887917,-0.000343
13922,0.015666,0.451240,-0.041921,-0.040771,-0.015180,0.085829,-0.995360,78.040352,-0.000343
13926,0.015693,0.451241,-0.041910,-0.040680,-0.015351,0.085967,-0.995349,78.171501,-0.000343
13929,0.015707,0.451238,-0.041894,-0.040845,-0.015313,0.086204,-0.995322,78.323936,-0.000343
13933,0.015726,0.451234,-0.041871,-0.040903,-0.015266,0.086295,-0.995313,78.455772,-0.000343
13937,0.015756,0.451233,-0.041841,-0.041104,-0.015251,0.086612,-0.995277,78.601341,-0.000343
13940,0.015779,0.451232,-0.041825,-0.041081,-0.015311,0.086684,-0.995271,78.739357,-0.000343
13944,0.015820,0.451229,-0.041806,-0.041388,-0.015203,0.086951,-0.995236,78.890076,-0.000343
13947,0.015848,0.451227,-0.041796,-0.041315,-0.015229,0.087050,-0.995230,79.038734,-0.000343
13951,0.015897,0.451230,-0.041780,-0.041427,-0.015268,0.087323,-0.995201,79.172287,-0.000343
13954,0.015918,0.451230,-0.041779,-0.041538,-0.015188,0.087390,-0.995192,79.292793,-0.000343
13958,0.015940,0.451225,-0.041771,-0.041631,-0.015179,0.087619,-0.995168,79.435616,-0.000343
13961,0.015958,0.451222,-0.041766,-0.041642,-0.015200,0.087726,-0.995158,79.581871,-0.000343
13965,0.015994,0.451227,-0.041754,-0.041854,-0.015162,0.088022,-0.995123,79.724007,0.000000
13969,0.016019,0.451221,-0.041747,-0.041821,-0.015182,0.088209,-0.995108,79.873009,0.000000
13972,0.016043,0.451221,-0.041738,-0.041909,-0.015193,0.088392,-0.995088,79.997978,-0.000343
13975,0.016052,0.451217,-0.041735,-0.041996,-0.014967,0.088557,-0.995073,80.162430,-0.000343
13979,0.016093,0.451214,-0.041707,-0.042174,-0.015164,0.088762,-0.995044,80.283966,-0.000343
13983,0.016126,0.451213,-0.041684,-0.042179,-0.015250,0.088930,-0.995028,80.419922,-0.000343
13986,0.016151,0.451213,-0.041668,-0.042329,-0.015190,0.089134,-0.995004,80.551758,-0.000343
13990,0.016177,0.451209,-0.041654,-0.042455,-0.015106,0.089326,-0.994983,80.696297,-0.000343
13993,0.016209,0.451210,-0.041635,-0.042688,-0.015037,0.089538,-0.994955,80.845299,-0.000343
13997,0.016255,0.451211,-0.041617,-0.042705,-0.015134,0.089715,-0.994937,80.981255,-0.000343
14000,0.016277,0.451204,-0.041607,-0.042754,-0.015087,0.089919,-0.994917,81.133003,-0.000343
14004,0.016314,0.451203,-0.041591,-0.042931,-0.015052,0.090059,-0.994897,81.251793,-0.000343
14007,0.016334,0.451200,-0.041580,-0.042912,-0.015090,0.090275,-0.994878,81.399765,0.000000
14011,0.016354,0.451195,-0.041574,-0.042997,-0.015090,0.090434,-0.994859,81.540527,-0.000343
14014,0.016374,0.451194,-0.041563,-0.043093,-0.015060,0.090584,-0.994842,81.682663,-0.000343
14018,0.016400,0.451194,-0.041558,-0.043262,-0.015035,0.090766,-0.994819,81.831322,-0.000343
14021,0.016426,0.451193,-0.041547,-0.043193,-0.015107,0.090959,-0.994803,81.971397,0.000000
14025,0.016455,0.451191,-0.041535,-0.043438,-0.014986,0.091112,-0.994780,82.111816,-0.000343
14028,0.016480,0.451190,-0.041522,-0.043420,-0.015017,0.091287,-0.994764,82.235413,-0.000343
14032,0.016511,0.451188,-0.041502,-0.043464,-0.015078,0.091439,-0.994747,82.372055,-0.000343
14036,0.016534,0.451182,-0.041481,-0.043756,-0.014942,0.091727,-0.994710,82.515907,-0.000343
14040,0.016580,0.451188,-0.041448,-0.043602,-0.015291,0.091907,-0.994695,82.678986,-0.000343
14043,0.016609,0.451189,-0.041434,-0.043804,-0.015241,0.092090,-0.994670,82.825928,-0.000343
14047,0.016637,0.451185,-0.041424,-0.043891,-0.015129,0.092228,-0.994655,82.976646,-0.000343
14050,0.016663,0.451183,-0.041418,-0.044027,-0.015119,0.092449,-0.994629,83.102646,0.000000
14054,0.016694,0.451186,-0.041410,-0.043977,-0.015228,0.092598,-0.994615,83.244438,-0.000343
14057,0.016713,0.451181,-0.041405,-0.044048,-0.015225,0.092794,-0.994594,83.371811,0.000000
14061,0.016735,0.451182,-0.041401,-0.044060,-0.015221,0.092909,-0.994583,83.501587,0.000000
14064,0.016752,0.451185,-0.041395,-0.044247,-0.015161,0.093053,-0.994562,83.631363,-0.000343
14068,0.016772,0.451179,-0.041385,-0.044223,-0.015158,0.093160,-0.994553,83.760452,-0.000343
14072,0.016792,0.451179,-0.041371,-0.044495,-0.014839,0.093461,-0.994518,83.926277,-0.000343
14075,0.016823,0.451175,-0.041350,-0.044438,-0.014900,0.093584,-0.994508,84.078026,0.000000
14079,0.016864,0.451174,-0.041320,-0.044724,-0.014770,0.093857,-0.994471,84.254837,0.000000
14082,0.016887,0.451168,-0.041303,-0.044721,-0.014817,0.093989,-0.994458,84.379463,0.000000
14085,0.016916,0.451170,-0.041282,-0.044883,-0.014767,0.094195,-0.994432,84.514389,-0.000343
14089,0.016943,0.451166,-0.041270,-0.044777,-0.014902,0.094283,-0.994426,84.632149,0.000000
14093,0.016962,0.451166,-0.041269,-0.045048,-0.014769,0.094510,-0.994395,84.746819,-0.000343
14096,0.016976,0.451165,-0.041274,-0.045020,-0.014792,0.094555,-0.994391,84.871445,0.000000
14100,0.016998,0.451165,-0.041280,-0.044995,-0.014864,0.094771,-0.994371,85.011177,0.000000
14103,0.017016,0.451167,-0.041286,-0.045130,-0.014810,0.094840,-0.994359,85.181465,0.000000
14107,0.017044,0.451163,-0.041282,-0.045207,-0.014807,0.095106,-0.994330,85.344543,-0.000343
14110,0.017073,0.451162,-0.041270,-0.045201,-0.014904,0.095265,-0.994313,85.500412,0.000000
14114,0.017106,0.451156,-0.041246,-0.045412,-0.014784,0.095539,-0.994279,85.646324,0.000000
14118,0.017155,0.451154,-0.041208,-0.045410,-0.015055,0.095686,-0.994261,85.782623,0.000000
14121,0.017174,0.451149,-0.041187,-0.045569,-0.014914,0.095963,-0.994230,85.900726,0.000000
14125,0.017210,0.451141,-0.041157,-0.045636,-0.015012,0.096039,-0.994218,86.028099,-0.000343
14128,0.017235,0.451142,-0.041139,-0.045834,-0.014939,0.096253,-0.994189,86.147575,-0.000343
14132,0.017262,0.451137,-0.041125,-0.045717,-0.015020,0.096366,-0.994182,86.272545,-0.000343
14135,0.017286,0.451138,-0.041116,-0.045794,-0.015096,0.096550,-0.994160,86.440086,0.000000
14139,0.017307,0.451135,-0.041118,-0.045915,-0.014937,0.096671,-0.994145,86.594582,-0.000343
14142,0.017331,0.451137,-0.041113,-0.046064,-0.014920,0.096897,-0.994116,86.762123,0.000000
14146,0.017359,0.451134,-0.041106,-0.046013,-0.015044,0.097061,-0.994100,86.927261,0.000000
14150,0.017386,0.451133,-0.041095,-0.046305,-0.014933,0.097287,-0.994066,87.052574,0.000000
14153,0.017408,0.451130,-0.041086,-0.046215,-0.015031,0.097406,-0.994058,87.175827,0.000000
14157,0.017435,0.451129,-0.041070,-0.046326,-0.015032,0.097565,-0.994037,87.294617,0.000000
14160,0.017451,0.451126,-0.041062,-0.046485,-0.014952,0.097685,-0.994019,87.413063,0.000000
14164,0.017479,0.451127,-0.041041,-0.046504,-0.015010,0.097813,-0.994004,87.552795,0.000000
14167,0.017498,0.451125,-0.041036,-0.046578,-0.014999,0.097939,-0.993989,87.687721,0.000000
14171,0.017530,0.451125,-0.041021,-0.046699,-0.014957,0.098124,-0.993965,87.835693,0.000000
14174,0.017553,0.451119,-0.041015,-0.046819,-0.014922,0.098263,-0.993947,88.015594,0.000000
14178,0.017597,0.451122,-0.040995,-0.046719,-0.015078,0.098498,-0.993926,88.160133,0.000000
14181,0.017624,0.451119,-0.040986,-0.046814,-0.015045,0.098604,-0.993911,88.311882,0.000000
14185,0.017660,0.451124,-0.040965,-0.047080,-0.014964,0.098854,-0.993875,88.443718,0.000000
14189,0.017686,0.451118,-0.040948,-0.047045,-0.015027,0.099004,-0.993861,88.567657,0.000000
14192,0.017705,0.451120,-0.040936,-0.047203,-0.015012,0.099185,-0.993835,88.694687,0.000000
14196,0.017720,0.451115,-0.040930,-0.047366,-0.014876,0.099327,-0.993816,88.843346,0.000000
14199,0.017744,0.451119,-0.040912,-0.047156,-0.015168,0.099481,-0.993806,88.965225,0.000000
14203,0.017775,0.451119,-0.040904,-0.047350,-0.015125,0.099692,-0.993776,89.095688,0.000000
14206,0.017794,0.451115,-0.040898,-0.047339,-0.015142,0.099855,-0.993760,89.250526,0.000343
14210,0.017816,0.451117,-0.040894,-0.047436,-0.014916,0.100089,-0.993735,89.411201,0.000000
14213,0.017845,0.451118,-0.040879,-0.047536,-0.014922,0.100288,-0.993710,89.584923,0.000000
14217,0.017884,0.451116,-0.040855,-0.047763,-0.014830,0.100466,-0.993683,89.705429,0.000000
14220,0.017912,0.451115,-0.040830,-0.047897,-0.014808,0.100685,-0.993655,89.845848,0.000000
14224,0.017941,0.451106,-0.040804,-0.047833,-0.014899,0.100802,-0.993644,89.979401,0.000000
14228,0.017968,0.451104,-0.040784,-0.048060,-0.014791,0.100994,-0.993615,90.113640,0.000000
14231,0.017988,0.451098,-0.040774,-0.048169,-0.014806,0.101074,-0.993602,90.241013,0.000343
14235,0.018017,0.451094,-0.040768,-0.048102,-0.014934,0.101278,-0.993582,90.375252,0.000000
14238,0.018029,0.451092,-0.040773,-0.048173,-0.014976,0.101417,-0.993564,90.499535,0.000343
14242,0.018050,0.451091,-0.040784,-0.048286,-0.014892,0.101574,-0.993544,90.651627,0.000000
14245,0.018077,0.451094,-0.040787,-0.048407,-0.014911,0.101764,-0.993518,90.813675,0.000000
14249,0.018114,0.451089,-0.040783,-0.048419,-0.014964,0.101968,-0.993496,90.964050,0.000000
14252,0.018145,0.451090,-0.040772,-0.048598,-0.014913,0.102136,-0.993471,91.110306,0.000000
14256,0.018182,0.451082,-0.040744,-0.048649,-0.014954,0.102368,-0.993444,91.261368,0.000343
14259,0.018211,0.451076,-0.040718,-0.048737,-0.014965,0.102457,-0.993430,91.385994,0.000000
14263,0.018253,0.451074,-0.040677,-0.049055,-0.014938,0.102686,-0.993391,91.515770,0.000000
14267,0.018281,0.451064,-0.040642,-0.049017,-0.015113,0.102849,-0.993374,91.642799,0.000343
14270,0.018299,0.451061,-0.040625,-0.049056,-0.015100,0.102975,-0.993359,91.775665,0.000343
14274,0.018317,0.451057,-0.040617,-0.049185,-0.015012,0.103140,-0.993337,91.915741,0.000343
14277,0.018334,0.451059,-0.040618,-0.049386,-0.014954,0.103320,-0.993309,92.067146,0.000000
14281,0.018362,0.451058,-0.040620,-0.049258,-0.015103,0.103463,-0.993298,92.214775,0.000343
14285,0.018386,0.451055,-0.040629,-0.049405,-0.014984,0.103629,-0.993275,92.383003,0.000000
14288,0.018411,0.451056,-0.040627,-0.049606,-0.014945,0.103843,-0.993244,92.506599,0.000343
14291,0.018438,0.451058,-0.040617,-0.049672,-0.014972,0.104038,-0.993219,92.646675,0.000343
14295,0.018468,0.451053,-0.040597,-0.049590,-0.015082,0.104163,-0.993209,92.780914,0.000343
14298,0.018491,0.451047,-0.040577,-0.049739,-0.014977,0.104313,-0.993187,92.913437,0.000343
14302,0.018527,0.451046,-0.040549,-0.049827,-0.014993,0.104476,-0.993165,93.049049,0.000343
14306,0.018552,0.451041,-0.040522,-0.049826,-0.015035,0.104583,-0.993154,93.190498,0.000343
14309,0.018566,0.451036,-0.040508,-0.049939,-0.014930,0.104770,-0.993130,93.329887,0.000343
14313,0.018594,0.451038,-0.040496,-0.049936,-0.014986,0.104901,-0.993115,93.481636,0.000000
14316,0.018614,0.451038,-0.040499,-0.050113,-0.014925,0.105042,-0.993092,93.619308,0.000343
14320,0.018642,0.451037,-0.040502,-0.050232,-0.014826,0.105182,-0.993073,93.765564,0.000000
14324,0.018676,0.451033,-0.040505,-0.050249,-0.014921,0.105451,-0.993042,93.909073,0.000000
14327,0.018700,0.451032,-0.040500,-0.050215,-0.014970,0.105527,-0.993035,94.048462,0.000000
14331,0.018732,0.451031,-0.040495,-0.050561,-0.014769,0.105752,-0.992997,94.201927,0.000343
14334,0.018756,0.451028,-0.040476,-0.050534,-0.014831,0.105853,-0.992986,94.331703,0.000343
14338,0.018785,0.451019,-0.040453,-0.050609,-0.014836,0.106065,-0.992960,94.477615,0.000343
14341,0.018811,0.451018,-0.040428,-0.050647,-0.014877,0.106186,-0.992944,94.613571,0.000343
14345,0.018820,0.451014,-0.040421,-0.051138,-0.014172,0.106537,-0.992892,94.730644,0.000000
14348,0.018844,0.451018,-0.040403,-0.051111,-0.014232,0.106651,-0.992880,94.874496,0.000000
14352,0.018868,0.451007,-0.040389,-0.051140,-0.014275,0.106865,-0.992855,95.026932,0.000343
14355,0.018893,0.451008,-0.040380,-0.051189,-0.014267,0.107006,-0.992837,95.186234,0.000343
14359,0.018941,0.451011,-0.040357,-0.051127,-0.014543,0.107300,-0.992805,95.333176,0.000000
14363,0.018972,0.451011,-0.040347,-0.051273,-0.014524,0.107461,-0.992780,95.476685,0.000343
14366,0.018987,0.451007,-0.040337,-0.051304,-0.014525,0.107653,-0.992758,95.603027,0.000000
14369,0.019007,0.451001,-0.040325,-0.051421,-0.014508,0.107828,-0.992733,95.737953,0.000343
14373,0.019038,0.451005,-0.040309,-0.051489,-0.014556,0.107994,-0.992711,95.868416,0.000000
14377,0.019056,0.450997,-0.040299,-0.051497,-0.014527,0.108079,-0.992701,95.991669,0.000343
14380,0.019074,0.450996,-0.040293,-0.051623,-0.014488,0.108271,-0.992674,96.130371,0.000343
14384,0.019103,0.450996,-0.040286,-0.051602,-0.014653,0.108405,-0.992658,96.280060,0.000343
14388,0.019129,0.450992,-0.040280,-0.051806,-0.014552,0.108630,-0.992625,96.456871,0.000343
14391,0.019156,0.450991,-0.040277,-0.051814,-0.014623,0.108726,-0.992613,96.585274,0.000343
14394,0.019183,0.450989,-0.040271,-0.051860,-0.014642,0.108933,-0.992587,96.733932,0.000343
14398,0.019227,0.450987,-0.040250,-0.051795,-0.014922,0.109047,-0.992574,96.874695,0.000343
14401,0.019250,0.450987,-0.040239,-0.052014,-0.014847,0.109269,-0.992539,97.018890,0.000343
14405,0.019284,0.450979,-0.040215,-0.051978,-0.014975,0.109298,-0.992536,97.149696,0.000000
14409,0.019297,0.450977,-0.040200,-0.052288,-0.014587,0.109625,-0.992490,97.271919,0.000343
14412,0.019328,0.450973,-0.040176,-0.052246,-0.014873,0.109584,-0.992492,97.411995,0.000343
14416,0.019342,0.450972,-0.040161,-0.052350,-0.014669,0.109910,-0.992454,97.533875,0.000343
14419,0.019360,0.450968,-0.040148,-0.052286,-0.014741,0.109913,-0.992456,97.691803,0.000000
14423,0.019385,0.450967,-0.040138,-0.052552,-0.014556,0.110172,-0.992416,97.836685,0.000343
14427,0.019418,0.450966,-0.040128,-0.052522,-0.014665,0.110275,-0.992404,97.993927,0.000343
14430,0.019440,0.450960,-0.040121,-0.052601,-0.014698,0.110495,-0.992375,98.147392,0.000343
14434,0.019471,0.450962,-0.040115,-0.052775,-0.014588,0.110647,-0.992350,98.279572,0.000343
14437,0.019491,0.450958,-0.040111,-0.052865,-0.014596,0.110871,-0.992321,98.410721,0.000343
14440,0.019511,0.450955,-0.040103,-0.052801,-0.014664,0.110963,-0.992313,98.540497,0.000343
14444,0.019530,0.450949,-0.040092,-0.052922,-0.014635,0.111095,-0.992292,98.674736,0.000343
14448,0.019556,0.450951,-0.040079,-0.053020,-0.014659,0.111254,-0.992268,98.811035,0.000343
14451,0.019576,0.450949,-0.040065,-0.053119,-0.014661,0.111422,-0.992244,98.954544,0.000343
14455,0.019600,0.450940,-0.040054,-0.053134,-0.014667,0.111509,-0.992234,99.113159,0.000343
14458,0.019622,0.450936,-0.040041,-0.053283,-0.014631,0.111717,-0.992203,99.250145,0.000343
14461,0.019649,0.450937,-0.040027,-0.053431,-0.014609,0.111904,-0.992174,99.394684,0.000343
14461,0.019649,0.450937,-0.040027,-0.053431,-0.014609,0.111904,-0.992174,99.546089,0.000343
14461,0.019649,0.450937,-0.040027,-0.053431,-0.014609,0.111904,-0.992174,99.678268,0.000343
14461,0.019649,0.450937,-0.040027,-0.053431,-0.014609,0.111904,-0.992174,99.823494,0.000343
14461,0.019649,0.450937,-0.040027,-0.053431,-0.014609,0.111904,-0.992174,99.953613,0.000343
14461,0.019649,0.450937,-0.040027,-0.053431,-0.014609,0.111904,-0.992174,100.111198,0.000343
14461,0.019649,0.450937,-0.040027,-0.053431,-0.014609,0.111904,-0.992174,100.238228,0.000343
14461,0.019649,0.450937,-0.040027,-0.053431,-0.014609,0.111904,-0.992174,100.366631,0.000000
14461,0.019649,0.450937,-0.040027,-0.053431,-0.014609,0.111904,-0.992174,100.526619,0.000343
14461,0.019649,0.450937,-0.040027,-0.053431,-0.014609,0.111904,-0.992174,100.681114,0.000343
14461,0.019649,0.450937,-0.040027,-0.053431,-0.014609,0.111904,-0.992174,100.827370,0.000000
14461,0.019649,0.450937,-0.040027,-0.053431,-0.014609,0.111904,-0.992174,100.962639,0.000343
14461,0.019649,0.450937,-0.040027,-0.053431,-0.014609,0.111904,-0.992174,101.080399,0.000343
14461,0.019649,0.450937,-0.040027,-0.053431,-0.014609,0.111904,-0.992174,101.216698,0.000343
14461,0.019649,0.450937,-0.040027,-0.053431,-0.014609,0.111904,-0.992174,101.359177,0.000343
14461,0.019649,0.450937,-0.040027,-0.053431,-0.014609,0.111904,-0.992174,101.499596,0.000343
14461,0.019649,0.450937,-0.040027,-0.053431,-0.014609,0.111904,-0.992174,101.630745,0.000343
14461,0.019649,0.450937,-0.040027,-0.053431,-0.014609,0.111904,-0.992174,101.796913,0.000343
14461,0.019649,0.450937,-0.040027,-0.053431,-0.014609,0.111904,-0.992174,101.940765,0.000343
14461,0.019649,0.450937,-0.040027,-0.053431,-0.014609,0.111904,-0.992174,102.098694,0.000343
14461,0.019649,0.450937,-0.040027,-0.053431,-0.014609,0.111904,-0.992174,102.238770,0.000000
14461,0.019649,0.450937,-0.040027,-0.053431,-0.014609,0.111904,-0.992174,102.365112,0.000343
14461,0.019649,0.450937,-0.040027,-0.053431,-0.014609,0.111904,-0.992174,102.487335,0.000343
14461,0.019649,0.450937,-0.040027,-0.053431,-0.014609,0.111904,-0.992174,102.634277,0.000343
14461,0.019649,0.450937,-0.040027,-0.053431,-0.014609,0.111904,-0.992174,102.755470,0.000000
14461,0.019649,0.450937,-0.040027,-0.053431,-0.014609,0.111904,-0.992174,102.891083,0.000343
14461,0.019649,0.450937,-0.040027,-0.053431,-0.014609,0.111904,-0.992174,103.039398,0.000343
14461,0.019649,0.450937,-0.040027,-0.053431,-0.014609,0.111904,-0.992174,103.192863,0.000343
14461,0.019649,0.450937,-0.040027,-0.053431,-0.014609,0.111904,-0.992174,103.352852,0.000343
14461,0.019649,0.450937,-0.040027,-0.053431,-0.014609,0.111904,-0.992174,103.491211,0.000343
14569,0.020456,0.450852,-0.039678,-0.055781,-0.014572,0.116969,-0.991461,103.647423,0.000000
14572,0.020480,0.450849,-0.039662,-0.055863,-0.014553,0.117138,-0.991436,103.764496,0.000343
14575,0.020510,0.450846,-0.039634,-0.055950,-0.014597,0.117267,-0.991416,103.898735,0.000343
14579,0.020541,0.450841,-0.039603,-0.056081,-0.014599,0.117485,-0.991382,104.026794,0.000343
14583,0.020567,0.450832,-0.039579,-0.056082,-0.014633,0.117632,-0.991364,104.156570,0.000343
14586,0.020586,0.450829,-0.039566,-0.056141,-0.014654,0.117815,-0.991339,104.305916,0.000343
14590,0.020611,0.450829,-0.039564,-0.056283,-0.014604,0.117962,-0.991314,104.455605,0.000343
14593,0.020630,0.450826,-0.039562,-0.056382,-0.014599,0.118174,-0.991283,104.616280,0.000343
14597,0.020656,0.450822,-0.039570,-0.056249,-0.014692,0.118267,-0.991279,104.759445,0.000343
14600,0.020690,0.450820,-0.039566,-0.056384,-0.014810,0.118457,-0.991246,104.902267,0.000343
14604,0.020724,0.450819,-0.039559,-0.056557,-0.014698,0.118621,-0.991219,105.039253,0.000343
14607,0.020754,0.450812,-0.039541,-0.056656,-0.014639,0.118817,-0.991190,105.172119,0.000343
14611,0.020796,0.450807,-0.039507,-0.056585,-0.014806,0.118994,-0.991171,105.304642,0.000343
14614,0.020821,0.450805,-0.039481,-0.056816,-0.014723,0.119202,-0.991134,105.450211,0.000343
14618,0.020845,0.450795,-0.039454,-0.056967,-0.014654,0.119336,-0.991110,105.594063,0.000343
14622,0.020855,0.450794,-0.039441,-0.057011,-0.014459,0.119691,-0.991068,105.745468,0.000343
14625,0.020872,0.450792,-0.039437,-0.057018,-0.014510,0.119826,-0.991050,105.880394,0.000343
14629,0.020899,0.450794,-0.039445,-0.057264,-0.014420,0.120070,-0.991008,106.004333,0.000000
14632,0.020914,0.450793,-0.039459,-0.057063,-0.014519,0.120091,-0.991015,106.144753,0.000343
14636,0.020940,0.450791,-0.039467,-0.057156,-0.014492,0.120328,-0.990982,106.297188,0.000000
14639,0.020974,0.450786,-0.039460,-0.057171,-0.014740,0.120279,-0.990983,106.451340,0.000343
14643,0.021001,0.450790,-0.039441,-0.057370,-0.014468,0.120668,-0.990928,106.588326,0.000343
14647,0.021030,0.450781,-0.039404,-0.057476,-0.014461,0.120827,-0.990903,106.736984,0.000343
14650,0.021051,0.450778,-0.039371,-0.057616,-0.014419,0.120982,-0.990876,106.876717,0.000343
14654,0.021089,0.450774,-0.039335,-0.057763,-0.014471,0.121141,-0.990848,107.029152,0.000343
14657,0.021118,0.450775,-0.039301,-0.057582,-0.014830,0.121352,-0.990827,107.156181,0.000000
14661,0.021135,0.450771,-0.039298,-0.057699,-0.014752,0.121494,-0.990804,107.265701,0.000000
14664,0.021143,0.450765,-0.039313,-0.058065,-0.014392,0.121590,-0.990776,107.397537,0.000000
14668,0.021178,0.450774,-0.039318,-0.057676,-0.014852,0.121708,-0.990778,107.546883,0.000000
14671,0.021200,0.450776,-0.039327,-0.057860,-0.014768,0.121902,-0.990744,107.715111,0.000000
14675,0.021234,0.450775,-0.039332,-0.057908,-0.014801,0.122073,-0.990720,107.872696,0.000343
14678,0.021261,0.450770,-0.039322,-0.057900,-0.014824,0.122241,-0.990699,108.020668,0.000000
14682,0.021294,0.450763,-0.039294,-0.057964,-0.014835,0.122304,-0.990688,108.168983,0.000000
14686,0.021333,0.450760,-0.039251,-0.058232,-0.014808,0.122589,-0.990637,108.283653,0.000343
14689,0.021354,0.450752,-0.039220,-0.058282,-0.014832,0.122645,-0.990627,108.406906,0.000000
14693,0.021375,0.450742,-0.039186,-0.058427,-0.014771,0.122840,-0.990595,108.533249,0.000343
14696,0.021394,0.450742,-0.039173,-0.058555,-0.014725,0.122927,-0.990577,108.659935,0.000000
14700,0.021423,0.450741,-0.039167,-0.058650,-0.014796,0.123145,-0.990544,108.824043,0.000343
14703,0.021436,0.450737,-0.039173,-0.058509,-0.014856,0.123171,-0.990548,108.974419,0.000000
14707,0.021456,0.450733,-0.039188,-0.058669,-0.014752,0.123440,-0.990506,109.126511,0.000343
14711,0.021488,0.450733,-0.039198,-0.058688,-0.014793,0.123578,-0.990488,109.285469,0.000000
14714,0.021512,0.450732,-0.039194,-0.058731,-0.014814,0.123760,-0.990462,109.433441,0.000343
14718,0.021543,0.450728,-0.039179,-0.058982,-0.014694,0.123978,-0.990422,109.571114,0.000000
14721,0.021569,0.450723,-0.039155,-0.059086,-0.014708,0.124113,-0.990398,109.685440,0.000000
14725,0.021596,0.450711,-0.039117,-0.059136,-0.014757,0.124266,-0.990375,109.807320,0.000343
14728,0.021620,0.450704,-0.039090,-0.059317,-0.014747,0.124354,-0.990354,109.929199,0.000000
14732,0.021640,0.450699,-0.039062,-0.059370,-0.014721,0.124568,-0.990324,110.067215,0.000343
14735,0.021661,0.450695,-0.039051,-0.059510,-0.014701,0.124761,-0.990291,110.215874,0.000000
14739,0.021691,0.450691,-0.039050,-0.059548,-0.014713,0.124827,-0.990281,110.379639,0.000000
14742,0.021710,0.450691,-0.039056,-0.059669,-0.014619,0.125114,-0.990239,110.554733,0.000000
14746,0.021753,0.450691,-0.039064,-0.059555,-0.014768,0.125294,-0.990220,110.716782,0.000000
14750,0.021792,0.450691,-0.039067,-0.059838,-0.014626,0.125573,-0.990170,110.869217,0.000000
14753,0.021812,0.450682,-0.039061,-0.059790,-0.014660,0.125666,-0.990161,110.978050,0.000000
14756,0.021827,0.450686,-0.039050,-0.059942,-0.014415,0.125946,-0.990120,111.099930,0.000000
14760,0.021857,0.450678,-0.039017,-0.059926,-0.014524,0.126030,-0.990108,111.222496,0.000000
14764,0.021878,0.450669,-0.038980,-0.060064,-0.014481,0.126247,-0.990073,111.354332,0.000000
14767,0.021914,0.450658,-0.038955,-0.060218,-0.014635,0.126170,-0.990071,111.492348,0.000000
14771,0.021934,0.450660,-0.038934,-0.060299,-0.014504,0.126581,-0.990016,111.645470,0.000000
14771,0.021934,0.450660,-0.038934,-0.060299,-0.014504,0.126581,-0.990016,111.793098,0.000343
14771,0.021934,0.450660,-0.038934,-0.060299,-0.014504,0.126581,-0.990016,111.966476,0.000000
14771,0.021934,0.450660,-0.038934,-0.060299,-0.014504,0.126581,-0.990016,112.125435,0.000000
14771,0.021934,0.450660,-0.038934,-0.060299,-0.014504,0.126581,-0.990016,112.261391,0.000000
14771,0.021934,0.450660,-0.038934,-0.060299,-0.014504,0.126581,-0.990016,112.403183,0.000000
14771,0.021934,0.450660,-0.038934,-0.060299,-0.014504,0.126581,-0.990016,112.508240,0.000000
14771,0.021934,0.450660,-0.038934,-0.060299,-0.014504,0.126581,-0.990016,112.639732,0.000000
14771,0.021934,0.450660,-0.038934,-0.060299,-0.014504,0.126581,-0.990016,112.772255,0.000000
14771,0.021934,0.450660,-0.038934,-0.060299,-0.014504,0.126581,-0.990016,112.915421,0.000000
14771,0.021934,0.450660,-0.038934,-0.060299,-0.014504,0.126581,-0.990016,113.052063,0.000000
14771,0.021934,0.450660,-0.038934,-0.060299,-0.014504,0.126581,-0.990016,113.210335,0.000000
14771,0.021934,0.450660,-0.038934,-0.060299,-0.014504,0.126581,-0.990016,113.367233,0.000000
14771,0.021934,0.450660,-0.038934,-0.060299,-0.014504,0.126581,-0.990016,113.523445,0.000000
14771,0.021934,0.450660,-0.038934,-0.060299,-0.014504,0.126581,-0.990016,113.649788,0.000000
14771,0.021934,0.450660,-0.038934,-0.060299,-0.014504,0.126581,-0.990016,113.791237,0.000000
14771,0.021934,0.450660,-0.038934,-0.060299,-0.014504,0.126581,-0.990016,113.930626,0.000000
14771,0.021934,0.450660,-0.038934,-0.060299,-0.014504,0.126581,-0.990016,114.055939,0.000000
14771,0.021934,0.450660,-0.038934,-0.060299,-0.014504,0.126581,-0.990016,114.190521,0.000000
14771,0.021934,0.450660,-0.038934,-0.060299,-0.014504,0.126581,-0.990016,114.325790,0.000000
14771,0.021934,0.450660,-0.038934,-0.060299,-0.014504,0.126581,-0.990016,114.472389,0.000000
14771,0.021934,0.450660,-0.038934,-0.060299,-0.014504,0.126581,-0.990016,114.626541,0.000000
14771,0.021934,0.450660,-0.038934,-0.060299,-0.014504,0.126581,-0.990016,114.767647,0.000000
14771,0.021934,0.450660,-0.038934,-0.060299,-0.014504,0.126581,-0.990016,114.908752,0.000000
14771,0.021934,0.450660,-0.038934,-0.060299,-0.014504,0.126581,-0.990016,115.048828,0.000000
14771,0.021934,0.450660,-0.038934,-0.060299,-0.014504,0.126581,-0.990016,115.198860,0.000000
14771,0.021934,0.450660,-0.038934,-0.060299,-0.014504,0.126581,-0.990016,115.347176,0.000000
14771,0.021934,0.450660,-0.038934,-0.060299,-0.014504,0.126581,-0.990016,115.481758,0.000000
14771,0.021934,0.450660,-0.038934,-0.060299,-0.014504,0.126581,-0.990016,115.616684,0.000000
14771,0.021934,0.450660,-0.038934,-0.060299,-0.014504,0.126581,-0.990016,115.760536,0.000000
14877,0.022677,0.450558,-0.038641,-0.062678,-0.014509,0.131166,-0.989271,115.895462,0.000000
14881,0.022699,0.450554,-0.038613,-0.062574,-0.014529,0.131324,-0.989256,116.030045,-0.000343
14885,0.022728,0.450552,-0.038589,-0.062768,-0.014435,0.131543,-0.989216,116.173897,0.000000
14888,0.022760,0.450543,-0.038575,-0.062913,-0.014545,0.131592,-0.989199,116.314659,0.000000
14892,0.022788,0.450539,-0.038559,-0.062815,-0.014586,0.131858,-0.989169,116.480484,0.000000
14895,0.022817,0.450532,-0.038556,-0.062892,-0.014668,0.131858,-0.989163,116.604080,0.000000
14898,0.022833,0.450533,-0.038552,-0.062945,-0.014565,0.132141,-0.989123,116.755829,0.000000
14902,0.022864,0.450526,-0.038553,-0.063053,-0.014600,0.132190,-0.989109,116.902428,-0.000343
14906,0.022895,0.450522,-0.038545,-0.063119,-0.014671,0.132381,-0.989078,117.050743,0.000000
14909,0.022916,0.450522,-0.038537,-0.063276,-0.014595,0.132474,-0.989057,117.181206,0.000000
14913,0.022939,0.450519,-0.038519,-0.063396,-0.014571,0.132711,-0.989018,117.305489,-0.000343
14916,0.022936,0.450524,-0.038511,-0.063443,-0.014255,0.132969,-0.988985,117.440758,0.000000
14920,0.022983,0.450503,-0.038480,-0.063519,-0.014568,0.132976,-0.988975,117.584267,-0.000343
14924,0.023021,0.450501,-0.038453,-0.063616,-0.014632,0.133194,-0.988938,117.751808,-0.000343
14927,0.023053,0.450497,-0.038435,-0.063762,-0.014601,0.133410,-0.988900,117.883987,0.000000
14930,0.023072,0.450488,-0.038423,-0.063699,-0.014649,0.133436,-0.988900,118.031273,-0.000343
14934,0.023093,0.450482,-0.038420,-0.063877,-0.014531,0.133660,-0.988860,118.167572,0.000000
14938,0.023117,0.450479,-0.038416,-0.063909,-0.014600,0.133808,-0.988837,118.308334,-0.000343
14941,0.023131,0.450476,-0.038418,-0.063944,-0.014605,0.133964,-0.988813,118.436737,0.000000
14945,0.023148,0.450477,-0.038425,-0.064112,-0.014489,0.134082,-0.988788,118.579216,0.000000
14948,0.023139,0.450475,-0.038433,-0.064163,-0.014109,0.134357,-0.988753,118.722725,-0.000343
14952,0.023169,0.450480,-0.038425,-0.064204,-0.014217,0.134505,-0.988729,118.860741,0.000000
14955,0.023186,0.450469,-0.038411,-0.064271,-0.014191,0.134653,-0.988705,119.009056,-0.000343
14959,0.023226,0.450468,-0.038388,-0.064420,-0.014199,0.134830,-0.988670,119.156685,-0.000343
14962,0.023273,0.450456,-0.038358,-0.064459,-0.014561,0.134883,-0.988656,119.301910,0.000000
14966,0.023284,0.450451,-0.038341,-0.064551,-0.014246,0.135145,-0.988618,119.467392,-0.000343
14969,0.023310,0.450448,-0.038322,-0.064666,-0.014180,0.135331,-0.988586,119.591675,-0.000343
14973,0.023351,0.450449,-0.038299,-0.064739,-0.014323,0.135473,-0.988560,119.717331,-0.000343
14977,0.023369,0.450440,-0.038291,-0.064823,-0.014250,0.135657,-0.988530,119.840584,-0.000343
14980,0.023394,0.450442,-0.038277,-0.064684,-0.014491,0.135793,-0.988517,119.966240,-0.000343
14984,0.023422,0.450439,-0.038271,-0.064739,-0.014609,0.135987,-0.988485,120.110435,-0.000343
14988,0.023442,0.450434,-0.038266,-0.064897,-0.014501,0.136177,-0.988450,120.281067,-0.000343
14991,0.023466,0.450429,-0.038256,-0.064931,-0.014558,0.136359,-0.988422,120.422859,-0.000343
14994,0.023494,0.450426,-0.038245,-0.064942,-0.014551,0.136376,-0.988419,120.579414,0.000000
14998,0.023544,0.450424,-0.038218,-0.065106,-0.014634,0.136709,-0.988361,120.723610,-0.000343
15001,0.023569,0.450423,-0.038198,-0.065195,-0.014593,0.136831,-0.988339,120.864716,-0.000343
15005,0.023599,0.450411,-0.038174,-0.065281,-0.014626,0.137074,-0.988299,120.989685,-0.000343
15009,0.023626,0.450405,-0.038156,-0.065357,-0.014626,0.137199,-0.988277,121.124611,-0.000343
15012,0.023638,0.450403,-0.038153,-0.065477,-0.014489,0.137347,-0.988250,121.259193,-0.000343
15016,0.023671,0.450405,-0.038144,-0.065581,-0.014623,0.137499,-0.988220,121.402016,0.000000
15019,0.023685,0.450402,-0.038147,-0.065700,-0.014551,0.137733,-0.988181,121.544495,-0.000343
15023,0.023707,0.450399,-0.038148,-0.065700,-0.014555,0.137798,-0.988172,121.691780,0.000000
15027,0.023734,0.450393,-0.038138,-0.065625,-0.014680,0.137950,-0.988154,121.841469,-0.000343
15030,0.023755,0.450387,-0.038129,-0.065736,-0.014621,0.138142,-0.988120,122.000084,-0.000343
15034,0.023798,0.450384,-0.038102,-0.066009,-0.014549,0.138345,-0.988075,122.159729,-0.000343
15037,0.023827,0.450379,-0.038081,-0.066076,-0.014504,0.138491,-0.988051,122.279549,0.000000
15040,0.023854,0.450373,-0.038058,-0.066207,-0.014525,0.138678,-0.988015,122.411728,-0.000343
15044,0.023883,0.450355,-0.038038,-0.066239,-0.014597,0.138729,-0.988005,122.544937,-0.000343
15048,0.023906,0.450355,-0.038020,-0.066273,-0.014595,0.139041,-0.987959,122.676773,-0.000343
15051,0.023926,0.450346,-0.038021,-0.066405,-0.014592,0.139012,-0.987954,122.801743,0.000000
15055,0.023939,0.450360,-0.038024,-0.066459,-0.014278,0.139439,-0.987895,122.943535,0.000000
15058,0.023970,0.450346,-0.038027,-0.066565,-0.014488,0.139280,-0.987907,123.098717,-0.000343
15062,0.023984,0.450349,-0.038024,-0.066514,-0.014351,0.139702,-0.987853,123.260765,0.000000
15066,0.024016,0.450346,-0.038006,-0.066715,-0.014278,0.139971,-0.987802,123.408394,-0.000343
15069,0.024038,0.450336,-0.037989,-0.066766,-0.014281,0.140072,-0.987785,123.549500,-0.000343
15073,0.024075,0.450330,-0.037956,-0.066850,-0.014357,0.140229,-0.987755,123.689575,-0.000343
15076,0.024107,0.450329,-0.037930,-0.067053,-0.014362,0.140427,-0.987714,123.827248,-0.000343
15080,0.024127,0.450313,-0.037904,-0.067172,-0.014280,0.140571,-0.987686,123.979340,-0.000343
15083,0.024151,0.450308,-0.037892,-0.067283,-0.014312,0.140767,-0.987650,124.088173,-0.000343
15087,0.024184,0.450312,-0.037885,-0.067366,-0.014373,0.140905,-0.987624,124.226189,-0.000343
15090,0.024194,0.450310,-0.037894,-0.067412,-0.014338,0.141079,-0.987597,124.366608,-0.000343
15094,0.024214,0.450307,-0.037911,-0.067504,-0.014311,0.141219,-0.987571,124.521446,-0.000343
15098,0.024243,0.450306,-0.037920,-0.067480,-0.014397,0.141332,-0.987555,124.684525,0.000000
15101,0.024264,0.450305,-0.037921,-0.067548,-0.014359,0.141496,-0.987527,124.812927,-0.000343
15104,0.024283,0.450295,-0.037912,-0.067549,-0.014335,0.141694,-0.987499,124.947853,0.000000
15108,0.024323,0.450288,-0.037885,-0.067616,-0.014418,0.141824,-0.987475,125.099602,-0.000343
15111,0.024350,0.450281,-0.037856,-0.067756,-0.014414,0.142090,-0.987427,125.244827,0.000000
15115,0.024386,0.450274,-0.037818,-0.068030,-0.014302,0.142194,-0.987395,125.381813,0.000000
15119,0.024418,0.450262,-0.037780,-0.067997,-0.014430,0.142386,-0.987367,125.529442,-0.000343
15122,0.024438,0.450260,-0.037763,-0.068029,-0.014504,0.142548,-0.987341,125.662994,0.000343
15126,0.024470,0.450252,-0.037756,-0.068290,-0.014466,0.142588,-0.987318,125.795860,-0.000343
15129,0.024489,0.450250,-0.037760,-0.068304,-0.014447,0.142671,-0.987305,125.931816,0.000000
15133,0.024505,0.450250,-0.037772,-0.068181,-0.014472,0.143000,-0.987265,126.072578,-0.000343
15136,0.024535,0.450247,-0.037777,-0.068296,-0.014583,0.142967,-0.987261,126.212654,0.000000
15140,0.024553,0.450250,-0.037776,-0.068410,-0.014379,0.143336,-0.987202,126.367493,-0.000343
15144,0.024589,0.450247,-0.037758,-0.068440,-0.014416,0.143498,-0.987176,126.516495,-0.000343
15147,0.024619,0.450229,-0.037741,-0.068525,-0.014479,0.143463,-0.987174,126.670990,-0.000343
15151,0.024655,0.450223,-0.037708,-0.068606,-0.014520,0.143631,-0.987144,126.793213,-0.000343
15154,0.024682,0.450220,-0.037685,-0.068776,-0.014513,0.143844,-0.987101,126.932945,-0.000343
15158,0.024704,0.450213,-0.037658,-0.068972,-0.014390,0.143969,-0.987071,127.080917,-0.000343
15161,0.024721,0.450208,-0.037649,-0.069066,-0.014354,0.144131,-0.987041,127.210693,-0.000343
15165,0.024745,0.450206,-0.037641,-0.069002,-0.014480,0.144246,-0.987027,127.349396,-0.000343
15169,0.024757,0.450201,-0.037653,-0.069085,-0.014373,0.144339,-0.987009,127.487068,-0.000343
15172,0.024771,0.450196,-0.037661,-0.069080,-0.014362,0.144484,-0.986988,127.642937,-0.000343
15176,0.024805,0.450193,-0.037665,-0.069039,-0.014540,0.144678,-0.986960,127.808762,-0.000343
15179,0.024832,0.450188,-0.037663,-0.069088,-0.014492,0.144814,-0.986937,127.941284,-0.000343
15182,0.024859,0.450184,-0.037652,-0.069312,-0.014400,0.145009,-0.986895,128.078613,0.000000
15186,0.024899,0.450179,-0.037629,-0.069480,-0.014329,0.145169,-0.986860,128.216972,-0.000343
15190,0.024930,0.450170,-0.037592,-0.069538,-0.014384,0.145330,-0.986832,128.344345,-0.000343
15193,0.024951,0.450163,-0.037566,-0.069623,-0.014338,0.145442,-0.986810,128.477211,-0.000343
15197,0.024979,0.450159,-0.037538,-0.069870,-0.014311,0.145629,-0.986765,128.606644,-0.000343
15200,0.024997,0.450155,-0.037522,-0.069739,-0.014411,0.145715,-0.986760,128.758736,-0.000343
15204,0.025019,0.450147,-0.037516,-0.069895,-0.014298,0.145921,-0.986721,128.938293,-0.000343
15208,0.025058,0.450151,-0.037512,-0.070042,-0.014323,0.146173,-0.986672,129.067383,-0.000343
15211,0.025081,0.450149,-0.037509,-0.070057,-0.014380,0.146301,-0.986651,129.219818,-0.000343
15215,0.025095,0.450140,-0.037513,-0.070115,-0.014263,0.146414,-0.986632,129.358521,-0.000343
15218,0.025119,0.450141,-0.037507,-0.070207,-0.014268,0.146569,-0.986603,129.499626,0.000000
15222,0.025145,0.450130,-0.037489,-0.070212,-0.014334,0.146707,-0.986581,129.626656,-0.000343
15225,0.025170,0.450129,-0.037476,-0.070313,-0.014310,0.146850,-0.986553,129.735489,0.000000
15229,0.025188,0.450119,-0.037459,-0.070417,-0.014194,0.146996,-0.986525,129.868011,0.000000
15232,0.025216,0.450119,-0.037446,-0.070507,-0.014289,0.147167,-0.986492,130.011177,-0.000343
15236,0.025243,0.450113,-0.037432,-0.070560,-0.014324,0.147340,-0.986462,130.187645,0.000000
15239,0.025263,0.450104,-0.037427,-0.070632,-0.014217,0.147450,-0.986442,130.353127,0.000000
15243,0.025304,0.450102,-0.037415,-0.070659,-0.014354,0.147700,-0.986400,130.506248,0.000000
15246,0.025328,0.450101,-0.037414,-0.070828,-0.014290,0.147872,-0.986364,130.645638,0.000000
15250,0.025346,0.450093,-0.037412,-0.070866,-0.014172,0.148017,-0.986341,130.794640,0.000000
15254,0.025379,0.450091,-0.037394,-0.070822,-0.014335,0.148242,-0.986308,130.909309,-0.000343
15257,0.025399,0.450090,-0.037380,-0.070970,-0.014338,0.148406,-0.986272,131.012650,-0.000343
15261,0.025418,0.450080,-0.037362,-0.071060,-0.014233,0.148530,-0.986249,131.141739,-0.000343
15264,0.025436,0.450076,-0.037346,-0.071189,-0.014208,0.148696,-0.986215,131.289024,-0.000343
15268,0.025474,0.450075,-0.037320,-0.071265,-0.014314,0.148941,-0.986171,131.454849,0.000000
15272,0.025501,0.450063,-0.037302,-0.071398,-0.014222,0.149188,-0.986125,131.624107,-0.000343
15275,0.025531,0.450062,-0.037294,-0.071552,-0.014233,0.149318,-0.986094,131.771736,-0.000343
15278,0.025552,0.450056,-0.037289,-0.071452,-0.014334,0.149457,-0.986079,131.920738,-0.000343
15282,0.025588,0.450057,-0.037284,-0.071691,-0.014284,0.149711,-0.986024,132.060127,-0.000343
15286,0.025615,0.450048,-0.037282,-0.071691,-0.014246,0.149902,-0.985995,132.174454,-0.000343
15289,0.025639,0.450047,-0.037276,-0.071804,-0.014277,0.150042,-0.985965,132.295303,-0.000343
15293,0.025661,0.450044,-0.037266,-0.071913,-0.014254,0.150175,-0.985938,132.426796,-0.000343
15296,0.025680,0.450038,-0.037251,-0.071993,-0.014225,0.150324,-0.985909,132.568588,-0.000343
15300,0.025709,0.450028,-0.037228,-0.071963,-0.014342,0.150503,-0.985883,132.729607,-0.000343
15303,0.025733,0.450022,-0.037208,-0.071987,-0.014401,0.150680,-0.985853,132.886848,-0.000343
15307,0.025761,0.450014,-0.037186,-0.072245,-0.014214,0.150798,-0.985819,133.041687,-0.000343
15310,0.025787,0.450006,-0.037173,-0.072231,-0.014285,0.150996,-0.985788,133.205109,0.000000
15310,0.025787,0.450006,-0.037173,-0.072231,-0.014285,0.150996,-0.985788,133.332481,-0.000343
15310,0.025787,0.450006,-0.037173,-0.072231,-0.014285,0.150996,-0.985788,133.453674,0.000000
15310,0.025787,0.450006,-0.037173,-0.072231,-0.014285,0.150996,-0.985788,133.581390,-0.000343
15310,0.025787,0.450006,-0.037173,-0.072231,-0.014285,0.150996,-0.985788,133.711853,0.000000
15310,0.025787,0.450006,-0.037173,-0.072231,-0.014285,0.150996,-0.985788,133.878021,0.000000
15310,0.025787,0.450006,-0.037173,-0.072231,-0.014285,0.150996,-0.985788,134.004707,-0.000343
15310,0.025787,0.450006,-0.037173,-0.072231,-0.014285,0.150996,-0.985788,134.144096,-0.000343
15310,0.025787,0.450006,-0.037173,-0.072231,-0.014285,0.150996,-0.985788,134.297218,0.000000
15310,0.025787,0.450006,-0.037173,-0.072231,-0.014285,0.150996,-0.985788,134.457207,0.000000
15310,0.025787,0.450006,-0.037173,-0.072231,-0.014285,0.150996,-0.985788,134.610329,-0.000343
15310,0.025787,0.450006,-0.037173,-0.072231,-0.014285,0.150996,-0.985788,134.737358,-0.000343
15310,0.025787,0.450006,-0.037173,-0.072231,-0.014285,0.150996,-0.985788,134.858894,-0.000343
15310,0.025787,0.450006,-0.037173,-0.072231,-0.014285,0.150996,-0.985788,134.997597,-0.000343
15310,0.025787,0.450006,-0.037173,-0.072231,-0.014285,0.150996,-0.985788,135.144196,0.000000
15310,0.025787,0.450006,-0.037173,-0.072231,-0.014285,0.150996,-0.985788,135.286331,-0.000343
15310,0.025787,0.450006,-0.037173,-0.072231,-0.014285,0.150996,-0.985788,135.441170,0.000000
15310,0.025787,0.450006,-0.037173,-0.072231,-0.014285,0.150996,-0.985788,135.588799,0.000000
15310,0.025787,0.450006,-0.037173,-0.072231,-0.014285,0.150996,-0.985788,135.731277,-0.000343
15310,0.025787,0.450006,-0.037173,-0.072231,-0.014285,0.150996,-0.985788,135.878563,-0.000343
15310,0.025787,0.450006,-0.037173,-0.072231,-0.014285,0.150996,-0.985788,136.007652,-0.000343
15310,0.025787,0.450006,-0.037173,-0.072231,-0.014285,0.150996,-0.985788,136.135025,-0.000343
15310,0.025787,0.450006,-0.037173,-0.072231,-0.014285,0.150996,-0.985788,136.286087,-0.000343
15310,0.025787,0.450006,-0.037173,-0.072231,-0.014285,0.150996,-0.985788,136.419640,0.000000
15310,0.025787,0.450006,-0.037173,-0.072231,-0.014285,0.150996,-0.985788,136.560059,0.000000
15310,0.025787,0.450006,-0.037173,-0.072231,-0.014285,0.150996,-0.985788,136.707001,0.000000
15310,0.025787,0.450006,-0.037173,-0.072231,-0.014285,0.150996,-0.985788,136.849823,0.000000
15310,0.025787,0.450006,-0.037173,-0.072231,-0.014285,0.150996,-0.985788,136.997795,0.000000
15310,0.025787,0.450006,-0.037173,-0.072231,-0.014285,0.150996,-0.985788,137.141304,-0.000343
15310,0.025787,0.450006,-0.037173,-0.072231,-0.014285,0.150996,-0.985788,137.275543,0.000000
15417,0.026517,0.449874,-0.036873,-0.074224,-0.014003,0.155732,-0.984907,137.415962,-0.000343
15420,0.026549,0.449857,-0.036844,-0.074368,-0.014183,0.155727,-0.984895,137.552261,0.000000
15424,0.026563,0.449860,-0.036805,-0.074520,-0.013955,0.156109,-0.984826,137.716370,-0.000343
15428,0.026591,0.449850,-0.036776,-0.074643,-0.013962,0.156310,-0.984785,137.842712,0.000000
15431,0.026619,0.449836,-0.036768,-0.074646,-0.014188,0.156249,-0.984791,137.988968,0.000000
15435,0.026647,0.449833,-0.036766,-0.074728,-0.014230,0.156475,-0.984748,138.128357,0.000000
15438,0.026665,0.449832,-0.036776,-0.074759,-0.014253,0.156579,-0.984729,138.275986,0.000000
15442,0.026671,0.449837,-0.036792,-0.074788,-0.013975,0.156913,-0.984678,138.415031,0.000000
15445,0.026700,0.449825,-0.036800,-0.074905,-0.014161,0.156855,-0.984675,138.544464,0.000000
15449,0.026733,0.449825,-0.036796,-0.074998,-0.014227,0.157067,-0.984633,138.702736,0.000000
15453,0.026760,0.449818,-0.036784,-0.075092,-0.014137,0.157180,-0.984610,138.846931,0.000000
15456,0.026786,0.449812,-0.036760,-0.075196,-0.014146,0.157367,-0.984572,138.999710,0.000000
15460,0.026825,0.449804,-0.036717,-0.075091,-0.014320,0.157507,-0.984555,139.142189,0.000000
15463,0.026852,0.449796,-0.036684,-0.075224,-0.014290,0.157699,-0.984514,139.274368,0.000000
15466,0.026879,0.449795,-0.036658,-0.075424,-0.014226,0.157900,-0.984468,139.411697,0.000000
15470,0.026910,0.449787,-0.036638,-0.075531,-0.014241,0.158050,-0.984435,139.548683,0.000000
15474,0.026937,0.449780,-0.036632,-0.075502,-0.014295,0.158170,-0.984417,139.676743,0.000000
15477,0.026947,0.449777,-0.036640,-0.075514,-0.014249,0.158334,-0.984391,139.810982,0.000000
15481,0.026969,0.449779,-0.036655,-0.075610,-0.014305,0.158509,-0.984354,139.954491,0.000000
15484,0.026987,0.449777,-0.036663,-0.075671,-0.014295,0.158636,-0.984329,140.116882,0.000000
15488,0.027009,0.449770,-0.036670,-0.075768,-0.014222,0.158819,-0.984293,140.267258,0.000000
15492,0.027056,0.449765,-0.036654,-0.075886,-0.014264,0.159092,-0.984240,140.410767,0.000000
15495,0.027079,0.449757,-0.036634,-0.075806,-0.014346,0.159209,-0.984226,140.559082,0.000000
15499,0.027117,0.449750,-0.036602,-0.076097,-0.014182,0.159491,-0.984160,140.708771,0.000000
15502,0.027141,0.449740,-0.036568,-0.076154,-0.014202,0.159622,-0.984134,140.837860,0.000000
15506,0.027184,0.449731,-0.036529,-0.076242,-0.014275,0.159889,-0.984083,140.960770,0.000000
15509,0.027200,0.449722,-0.036508,-0.076223,-0.014313,0.159953,-0.984073,141.085052,0.000000
15513,0.027223,0.449718,-0.036500,-0.076467,-0.014155,0.160186,-0.984019,141.231651,0.000000
15516,0.027238,0.449712,-0.036502,-0.076400,-0.014248,0.160258,-0.984011,141.388550,0.000000
15520,0.027261,0.449707,-0.036511,-0.076475,-0.014254,0.160455,-0.983973,141.535835,0.000000
15523,0.027279,0.449704,-0.036520,-0.076552,-0.014228,0.160575,-0.983948,141.688957,0.000000
15527,0.027307,0.449695,-0.036523,-0.076611,-0.014281,0.160773,-0.983910,141.852722,0.000000
15530,0.027333,0.449693,-0.036518,-0.076725,-0.014285,0.160929,-0.983876,141.982841,0.000000
15534,0.027361,0.449684,-0.036500,-0.076847,-0.014189,0.161101,-0.983839,142.113304,0.000343
15538,0.027399,0.449677,-0.036465,-0.076862,-0.014300,0.161241,-0.983813,142.231750,0.000000
15541,0.027428,0.449669,-0.036440,-0.077020,-0.014259,0.161389,-0.983777,142.361183,0.000000
15545,0.027458,0.449659,-0.036414,-0.077256,-0.014128,0.161524,-0.983739,142.508125,0.000000
15548,0.027484,0.449655,-0.036396,-0.077382,-0.014105,0.161735,-0.983694,142.646484,0.000000
15552,0.027520,0.449644,-0.036383,-0.077315,-0.014237,0.161838,-0.983681,142.804070,0.000000
15555,0.027543,0.449640,-0.036379,-0.077325,-0.014196,0.161991,-0.983656,142.962341,0.000000
15559,0.027568,0.449632,-0.036383,-0.077548,-0.014107,0.162201,-0.983605,143.112373,0.000000
15562,0.027596,0.449634,-0.036379,-0.077592,-0.014157,0.162380,-0.983571,143.262062,0.000000
15566,0.027619,0.449622,-0.036375,-0.077631,-0.014134,0.162554,-0.983539,143.398018,0.000000
15569,0.027639,0.449619,-0.036361,-0.077673,-0.014127,0.162692,-0.983513,143.519554,0.000000
15573,0.027669,0.449611,-0.036341,-0.077782,-0.014144,0.162868,-0.983476,143.649673,0.000343
15577,0.027703,0.449607,-0.036313,-0.078006,-0.014069,0.163159,-0.983411,143.782196,0.000000
15580,0.027720,0.449597,-0.036294,-0.077966,-0.014064,0.163232,-0.983402,143.927078,0.000000
15584,0.027755,0.449588,-0.036274,-0.078057,-0.014172,0.163475,-0.983352,144.070244,0.000000
15587,0.027781,0.449587,-0.036264,-0.078170,-0.014166,0.163611,-0.983321,144.239845,0.000343
15591,0.027802,0.449580,-0.036262,-0.078330,-0.014029,0.163823,-0.983275,144.382668,0.000000
15594,0.027827,0.449577,-0.036262,-0.078401,-0.014015,0.163994,-0.983241,144.538536,0.000343
15598,0.027862,0.449571,-0.036254,-0.078299,-0.014175,0.164214,-0.983210,144.678612,0.000000
15601,0.027887,0.449569,-0.036251,-0.078443,-0.014140,0.164365,-0.983174,144.820404,0.000000
15605,0.027914,0.449561,-0.036236,-0.078493,-0.014081,0.164546,-0.983140,144.953613,0.000000
15608,0.027937,0.449555,-0.036215,-0.078552,-0.014113,0.164689,-0.983111,145.064850,0.000000
15612,0.027973,0.449554,-0.036185,-0.078758,-0.014074,0.164849,-0.983069,145.212479,0.000000
15616,0.027997,0.449540,-0.036154,-0.078771,-0.014142,0.164998,-0.983042,145.347404,0.000343
15619,0.028024,0.449533,-0.036135,-0.078885,-0.014165,0.165235,-0.982992,145.497780,0.000343
15623,0.028054,0.449532,-0.036122,-0.079013,-0.014120,0.165379,-0.982959,145.653992,0.000343
15626,0.028075,0.449527,-0.036121,-0.079122,-0.014072,0.165560,-0.982920,145.816383,0.000343
15630,0.028106,0.449521,-0.036123,-0.079021,-0.014220,0.165760,-0.982892,145.951309,0.000343
15634,0.028130,0.449515,-0.036129,-0.079193,-0.014110,0.166016,-0.982837,146.090355,0.000000
15637,0.028147,0.449513,-0.036131,-0.079180,-0.014142,0.166115,-0.982821,146.225967,0.000000
15641,0.028182,0.449510,-0.036119,-0.079224,-0.014255,0.166368,-0.982773,146.363297,0.000343
15644,0.028204,0.449505,-0.036106,-0.079372,-0.014211,0.166479,-0.982743,146.496162,0.000000
15648,0.028224,0.449494,-0.036081,-0.079488,-0.014130,0.166683,-0.982700,146.619415,0.000343
15651,0.028245,0.449492,-0.036057,-0.079604,-0.014145,0.166807,-0.982669,146.764297,0.000343
15655,0.028266,0.449480,-0.036026,-0.079640,-0.014177,0.166967,-0.982639,146.933556,0.000343
15658,0.028286,0.449475,-0.036011,-0.079754,-0.014174,0.167085,-0.982609,147.079124,0.000000
15662,0.028314,0.449468,-0.035997,-0.079933,-0.014107,0.167320,-0.982556,147.239113,0.000343
15665,0.028329,0.449461,-0.035995,-0.079834,-0.014202,0.167411,-0.982547,147.370605,0.000343
15669,0.028357,0.449457,-0.036001,-0.079882,-0.014195,0.167622,-0.982507,147.506218,0.000343
15673,0.028387,0.449453,-0.036005,-0.079896,-0.014228,0.167760,-0.982482,147.654190,0.000000
15676,0.028419,0.449450,-0.036001,-0.080049,-0.014236,0.167964,-0.982435,147.782249,0.000343
15680,0.028442,0.449441,-0.035993,-0.080036,-0.014220,0.168086,-0.982415,147.909279,0.000343
15683,0.028464,0.449436,-0.035974,-0.080165,-0.014186,0.168242,-0.982378,148.040428,0.000343
15687,0.028497,0.449428,-0.035947,-0.080185,-0.014289,0.168371,-0.982353,148.179131,0.000343
15690,0.028516,0.449420,-0.035925,-0.080324,-0.014273,0.168547,-0.982312,148.339462,0.000343
15694,0.028542,0.449412,-0.035901,-0.080531,-0.014147,0.168675,-0.982275,148.482628,0.000343
15697,0.028561,0.449402,-0.035890,-0.080535,-0.014209,0.168858,-0.982242,148.634033,0.000000
15701,0.028591,0.449396,-0.035882,-0.080539,-0.014322,0.169005,-0.982215,148.795738,0.000343
15705,0.028618,0.449392,-0.035887,-0.080818,-0.014158,0.169282,-0.982146,148.930321,0.000343
15708,0.028639,0.449388,-0.035889,-0.080751,-0.014218,0.169357,-0.982138,149.065933,0.000343
15712,0.028673,0.449384,-0.035887,-0.080885,-0.014183,0.169604,-0.982085,149.205322,0.000343
15715,0.028691,0.449381,-0.035883,-0.080927,-0.014190,0.169690,-0.982067,149.340935,0.000343
15719,0.028721,0.449370,-0.035866,-0.080979,-0.014194,0.169886,-0.982028,149.476891,0.000343
15722,0.028749,0.449369,-0.035845,-0.081091,-0.014222,0.170003,-0.981998,149.616280,0.000343
15726,0.028775,0.449357,-0.035819,-0.081224,-0.014144,0.170199,-0.981955,149.751205,0.000343
15729,0.028799,0.449354,-0.035800,-0.081371,-0.014131,0.170318,-0.981922,149.894028,0.000343
15733,0.028831,0.449341,-0.035779,-0.081375,-0.014237,0.170495,-0.981889,150.037537,0.000343
15737,0.028856,0.449340,-0.035770,-0.081553,-0.014092,0.170635,-0.981853,150.203362,0.000343
15740,0.028880,0.449334,-0.035765,-0.081639,-0.014089,0.170864,-0.981806,150.353050,0.000343
15744,0.028918,0.449328,-0.035756,-0.081488,-0.014233,0.170994,-0.981794,150.502739,0.000000
15747,0.028943,0.449324,-0.035751,-0.081602,-0.014196,0.171206,-0.981748,150.654488,0.000343
15751,0.028974,0.449315,-0.035738,-0.081642,-0.014175,0.171345,-0.981720,150.795937,0.000343
15754,0.029000,0.449307,-0.035726,-0.081805,-0.014147,0.171507,-0.981679,150.902710,0.000343
15758,0.029032,0.449304,-0.035704,-0.081952,-0.014167,0.171661,-0.981639,151.024933,0.000343
15761,0.029047,0.449295,-0.035688,-0.081980,-0.014149,0.171793,-0.981614,151.158829,0.000343
15765,0.029079,0.449287,-0.035669,-0.082085,-0.014174,0.171946,-0.981578,151.311264,0.000343
15768,0.029105,0.449284,-0.035654,-0.082172,-0.014170,0.172122,-0.981540,151.479149,0.000343
15772,0.029138,0.449276,-0.035647,-0.082276,-0.014107,0.172316,-0.981498,151.648407,0.000343
15776,0.029170,0.449270,-0.035642,-0.082277,-0.014188,0.172568,-0.981453,151.791573,0.000343
15779,0.029190,0.449263,-0.035644,-0.082350,-0.014224,0.172643,-0.981433,151.931305,0.000343
15783,0.029213,0.449256,-0.035636,-0.082515,-0.014118,0.172908,-0.981374,152.064171,0.000343
15786,0.029235,0.449256,-0.035625,-0.082624,-0.014048,0.173000,-0.981350,152.176437,0.000343
15790,0.029263,0.449247,-0.035608,-0.082605,-0.014200,0.173223,-0.981310,152.291107,0.000343
15793,0.029279,0.449245,-0.035593,-0.082746,-0.014168,0.173334,-0.981279,152.419853,0.000343
15797,0.029299,0.449235,-0.035573,-0.082932,-0.014038,0.173568,-0.981224,152.592888,0.000343
15800,0.029323,0.449226,-0.035556,-0.082910,-0.014145,0.173649,-0.981210,152.749786,0.000343
15804,0.029367,0.449219,-0.035529,-0.083122,-0.014157,0.174015,-0.981127,152.920418,0.000000
15807,0.029393,0.449210,-0.035518,-0.083233,-0.014112,0.174127,-0.981098,153.082466,0.000343
15811,0.029432,0.449201,-0.035506,-0.083331,-0.014146,0.174427,-0.981036,153.232498,0.000343
15815,0.029462,0.449195,-0.035500,-0.083325,-0.014185,0.174581,-0.981008,153.353004,0.000343
15818,0.029482,0.449187,-0.035500,-0.083472,-0.014088,0.174744,-0.980968,153.449821,0.000343
15822,0.029509,0.449183,-0.035497,-0.083488,-0.014198,0.174851,-0.980946,153.558998,0.000343
15825,0.029526,0.449181,-0.035488,-0.083576,-0.014177,0.175026,-0.980908,153.690491,0.000343
15829,0.029539,0.449170,-0.035479,-0.083574,-0.014085,0.175046,-0.980906,153.825760,0.000000
15832,0.029562,0.449166,-0.035463,-0.083786,-0.014039,0.175266,-0.980849,153.989868,0.000343
15836,0.029602,0.449152,-0.035436,-0.083738,-0.014220,0.175437,-0.980820,154.144707,0.000343
15839,0.029628,0.449142,-0.035417,-0.083865,-0.014163,0.175620,-0.980777,154.304695,0.000000
15843,0.029664,0.449134,-0.035399,-0.084092,-0.014109,0.175854,-0.980717,154.457817,0.000343
15846,0.029701,0.449134,-0.035368,-0.084329,-0.014360,0.176193,-0.980632,154.593773,0.000343
15850,0.029719,0.449117,-0.035372,-0.084106,-0.014171,0.176178,-0.980656,154.717369,0.000343
15854,0.029740,0.449112,-0.035366,-0.084221,-0.014142,0.176435,-0.980601,154.824486,0.000343
15857,0.029759,0.449110,-0.035368,-0.084311,-0.014135,0.176469,-0.980587,154.944649,0.000000
15861,0.029778,0.449105,-0.035367,-0.084424,-0.014071,0.176707,-0.980535,155.073395,0.000343
15864,0.029796,0.449100,-0.035367,-0.084466,-0.014026,0.176741,-0.980526,155.223770,0.000343
15868,0.029828,0.449091,-0.035357,-0.084446,-0.014162,0.177006,-0.980478,155.389595,0.000343
15871,0.029850,0.449085,-0.035346,-0.084490,-0.014179,0.177106,-0.980456,155.532417,0.000343
15875,0.029878,0.449075,-0.035327,-0.084664,-0.014066,0.177355,-0.980398,155.702705,0.000343
15879,0.029921,0.449070,-0.035296,-0.084783,-0.014161,0.177591,-0.980343,155.844841,0.000343
15882,0.029943,0.449058,-0.035276,-0.084892,-0.014111,0.177743,-0.980307,155.967751,0.000343
15886,0.029968,0.449050,-0.035255,-0.084951,-0.014042,0.177861,-0.980281,156.075554,0.000343
15889,0.029993,0.449046,-0.035241,-0.085137,-0.013976,0.178047,-0.980233,156.199493,0.000343
15893,0.030026,0.449042,-0.035228,-0.085044,-0.014100,0.178114,-0.980227,156.336823,0.000343
15896,0.030047,0.449037,-0.035222,-0.085177,-0.014059,0.178297,-0.980182,156.475868,0.000343
15900,0.030081,0.449035,-0.035217,-0.085327,-0.014029,0.178447,-0.980142,156.606674,0.000000
15903,0.030095,0.449028,-0.035215,-0.085286,-0.014104,0.178669,-0.980105,156.763229,0.000343
15907,0.030122,0.449025,-0.035210,-0.085417,-0.014038,0.178740,-0.980081,156.919785,0.000343
15910,0.030138,0.449018,-0.035202,-0.085531,-0.013997,0.178943,-0.980035,157.071877,0.000343
15914,0.030173,0.449006,-0.035183,-0.085464,-0.014116,0.179038,-0.980021,157.196846,0.000000
15918,0.030203,0.449002,-0.035163,-0.085717,-0.013997,0.179284,-0.979956,157.326279,0.000343
15921,0.030218,0.448992,-0.035152,-0.085663,-0.013996,0.179338,-0.979951,157.455368,0.000343
15925,0.030256,0.448982,-0.035129,-0.085739,-0.014104,0.179597,-0.979895,157.592354,0.000343
15928,0.030281,0.448983,-0.035119,-0.085824,-0.014139,0.179686,-0.979871,157.731400,0.000343
15932,0.030303,0.448969,-0.035112,-0.085945,-0.014051,0.179931,-0.979817,157.869759,0.000343
15935,0.030326,0.448967,-0.035106,-0.085947,-0.014081,0.180016,-0.979801,157.988548,0.000343
15939,0.030353,0.448961,-0.035101,-0.085976,-0.014152,0.180270,-0.979750,158.129654,0.000343
15942,0.030374,0.448959,-0.035095,-0.086092,-0.014129,0.180342,-0.979727,158.283463,0.000343
15946,0.030400,0.448948,-0.035080,-0.086112,-0.014170,0.180629,-0.979672,158.430748,0.000343
15949,0.030427,0.448944,-0.035066,-0.086216,-0.014201,0.180756,-0.979639,158.570480,0.000343
15952,0.030443,0.448931,-0.035052,-0.086174,-0.014253,0.180856,-0.979623,158.702316,0.000343
15956,0.030469,0.448923,-0.035035,-0.086401,-0.014119,0.181089,-0.979562,158.846855,0.000000
15960,0.030509,0.448917,-0.035010,-0.086466,-0.014253,0.181369,-0.979503,158.983154,0.000343
15964,0.030537,0.448910,-0.034997,-0.086660,-0.014111,0.181511,-0.979462,159.106750,0.000343
15967,0.030556,0.448901,-0.034990,-0.086681,-0.014104,0.181667,-0.979431,159.243393,0.000000
15971,0.030587,0.448895,-0.034980,-0.086653,-0.014202,0.181725,-0.979421,159.373512,0.000343
15974,0.030609,0.448890,-0.034975,-0.086751,-0.014140,0.181917,-0.979378,159.522514,0.000343
15978,0.030634,0.448884,-0.034969,-0.086926,-0.014053,0.182059,-0.979337,159.663277,0.000343
15981,0.030659,0.448879,-0.034956,-0.087022,-0.014053,0.182282,-0.979287,159.799576,0.000343
15985,0.030688,0.448874,-0.034936,-0.087013,-0.014143,0.182476,-0.979250,159.941025,0.000343
15989,0.030719,0.448856,-0.034920,-0.087294,-0.014025,0.182650,-0.979195,160.081100,0.000343
15992,0.030738,0.448848,-0.034905,-0.087222,-0.014110,0.182733,-0.979184,160.222206,0.000343
15996,0.030772,0.448838,-0.034889,-0.087337,-0.014082,0.183004,-0.979124,160.362968,0.000343
15999,0.030794,0.448836,-0.034884,-0.087508,-0.014018,0.183116,-0.979089,160.504417,0.000000
16003,0.030829,0.448828,-0.034876,-0.087616,-0.014083,0.183398,-0.979025,160.631104,0.000000
16006,0.030854,0.448822,-0.034870,-0.087613,-0.014122,0.183526,-0.979001,160.773239,0.000343
16010,0.030878,0.448811,-0.034865,-0.087728,-0.014029,0.183739,-0.978952,160.905418,0.000343
16013,0.030899,0.448808,-0.034855,-0.087733,-0.014076,0.183879,-0.978925,161.035538,0.000343
16017,0.030935,0.448802,-0.034836,-0.087811,-0.014186,0.184157,-0.978864,161.177330,0.000000
16021,0.030962,0.448797,-0.034820,-0.088046,-0.014018,0.184354,-0.978808,161.340752,0.000000
16024,0.030990,0.448788,-0.034796,-0.088173,-0.014039,0.184561,-0.978757,161.475334,0.000000
16028,0.031024,0.448776,-0.034770,-0.088128,-0.014169,0.184672,-0.978738,161.626053,0.000000
16031,0.031047,0.448768,-0.034754,-0.088264,-0.014139,0.184852,-0.978693,161.756172,0.000000
16034,0.031067,0.448761,-0.034741,-0.088325,-0.014115,0.184943,-0.978670,161.884575,0.000000
16038,0.031101,0.448754,-0.034729,-0.088404,-0.014134,0.185188,-0.978617,162.019157,0.000000
16042,0.031134,0.448751,-0.034726,-0.088528,-0.014127,0.185288,-0.978587,162.138634,0.000343
16045,0.031149,0.448744,-0.034725,-0.088552,-0.014113,0.185487,-0.978547,162.263603,0.000343
16049,0.031176,0.448738,-0.034724,-0.088497,-0.014226,0.185596,-0.978530,162.420845,0.000000
16052,0.031201,0.448731,-0.034720,-0.088628,-0.014198,0.185781,-0.978483,162.560234,0.000000
16056,0.031225,0.448724,-0.034709,-0.088708,-0.014094,0.185951,-0.978445,162.722969,0.000000
16059,0.031254,0.448710,-0.034691,-0.088913,-0.014051,0.186152,-0.978389,162.864761,0.000343
16063,0.031294,0.448699,-0.034659,-0.088908,-0.014199,0.186337,-0.978352,163.003120,0.000000
16067,0.031324,0.448687,-0.034631,-0.089134,-0.014043,0.186585,-0.978286,163.130836,0.000343
16070,0.031347,0.448681,-0.034607,-0.089243,-0.014063,0.186732,-0.978248,163.266792,0.000343
16074,0.031381,0.448668,-0.034591,-0.089269,-0.014111,0.186895,-0.978214,163.387985,0.000000
16077,0.031398,0.448663,-0.034582,-0.089315,-0.014111,0.187036,-0.978183,163.516045,0.000000
16081,0.031419,0.448655,-0.034588,-0.089453,-0.014010,0.187222,-0.978136,163.650970,0.000000
16084,0.031437,0.448650,-0.034595,-0.089428,-0.014069,0.187306,-0.978121,163.784523,0.000000
16088,0.031468,0.448642,-0.034595,-0.089564,-0.014023,0.187578,-0.978057,163.961678,0.000000
16092,0.031503,0.448636,-0.034588,-0.089622,-0.014058,0.187798,-0.978009,164.097633,0.000343
16095,0.031529,0.448630,-0.034576,-0.089704,-0.014050,0.188001,-0.977963,164.251442,0.000343
16099,0.031551,0.448617,-0.034552,-0.089752,-0.013998,0.188140,-0.977933,164.394951,0.000000
16102,0.031572,0.448607,-0.034530,-0.089915,-0.013951,0.188320,-0.977884,164.529877,0.000000
16106,0.031604,0.448594,-0.034494,-0.089944,-0.014064,0.188465,-0.977851,164.657249,0.000000
16109,0.031628,0.448588,-0.034471,-0.090047,-0.014076,0.188650,-0.977806,164.755783,0.000000
16113,0.031649,0.448581,-0.034456,-0.090104,-0.013947,0.188756,-0.977782,164.880066,0.000343
16116,0.031672,0.448577,-0.034447,-0.090179,-0.013942,0.188940,-0.977740,165.015678,0.000000
16120,0.031706,0.448576,-0.034444,-0.090199,-0.014043,0.189083,-0.977709,165.173607,0.000000
16123,0.031722,0.448564,-0.034446,-0.090278,-0.013998,0.189199,-0.977680,165.324326,0.000000
16127,0.031756,0.448561,-0.034446,-0.090443,-0.013947,0.189384,-0.977630,165.500450,0.000000
16131,0.031783,0.448549,-0.034441,-0.090411,-0.014023,0.189630,-0.977584,165.641212,0.000000
16134,0.031808,0.448549,-0.034429,-0.090585,-0.013975,0.189818,-0.977532,165.771332,0.000000
16138,0.031838,0.448538,-0.034411,-0.090688,-0.013981,0.190029,-0.977481,165.900078,0.000000
16141,0.031859,0.448529,-0.034392,-0.090648,-0.014021,0.190074,-0.977476,166.018524,0.000000
16145,0.031879,0.448526,-0.034361,-0.090817,-0.013978,0.190376,-0.977402,166.138000,0.000000
16148,0.031903,0.448524,-0.034347,-0.090969,-0.013914,0.190488,-0.977367,166.265030,0.000000
16152,0.031938,0.448515,-0.034326,-0.091060,-0.014061,0.190752,-0.977304,166.413002,0.000000
16156,0.031953,0.448501,-0.034323,-0.091132,-0.013931,0.190886,-0.977273,166.571274,0.000000
16159,0.031981,0.448503,-0.034323,-0.091259,-0.013936,0.191086,-0.977223,166.716156,0.000000
16162,0.031999,0.448494,-0.034321,-0.091158,-0.014066,0.191146,-0.977218,166.866875,0.000000
16166,0.032031,0.448486,-0.034319,-0.091208,-0.014062,0.191371,-0.977170,167.023773,0.000000
16170,0.032063,0.448483,-0.034312,-0.091377,-0.014011,0.191657,-0.977098,167.161102,0.000343
16173,0.032082,0.448465,-0.034304,-0.091422,-0.014035,0.191668,-0.977092,167.283325,0.000000
16177,0.032111,0.448461,-0.034282,-0.091465,-0.014097,0.191838,-0.977054,167.410011,0.000000
16180,0.032132,0.448454,-0.034266,-0.091660,-0.013946,0.191977,-0.977010,167.544937,0.000000
16184,0.032162,0.448441,-0.034240,-0.091645,-0.014064,0.192113,-0.976983,167.662354,0.000000
16187,0.032185,0.448433,-0.034218,-0.091724,-0.014072,0.192285,-0.976942,167.791786,0.000000
16191,0.032208,0.448429,-0.034208,-0.091907,-0.013948,0.192427,-0.976899,167.935982,0.000343
16194,0.032227,0.448421,-0.034200,-0.091937,-0.013930,0.192569,-0.976868,168.084984,0.000000
16198,0.032259,0.448412,-0.034198,-0.091904,-0.014073,0.192726,-0.976838,168.241539,0.000000
16202,0.032288,0.448404,-0.034198,-0.091998,-0.013965,0.192902,-0.976796,168.385391,0.000000
16205,0.032314,0.448399,-0.034196,-0.092060,-0.013958,0.193120,-0.976747,168.519287,0.000000
16209,0.032349,0.448395,-0.034184,-0.092176,-0.014024,0.193319,-0.976696,168.672409,0.000000
16212,0.032367,0.448383,-0.034171,-0.092176,-0.014041,0.193428,-0.976674,168.786049,0.000000
16216,0.032395,0.448376,-0.034146,-0.092463,-0.013930,0.193653,-0.976604,168.926125,-0.000343
16219,0.032422,0.448368,-0.034123,-0.092506,-0.014000,0.193812,-0.976567,169.053497,0.000000
16223,0.032451,0.448355,-0.034097,-0.092701,-0.013953,0.194040,-0.976504,169.181213,0.000000
16226,0.032463,0.448347,-0.034086,-0.092679,-0.013940,0.194076,-0.976499,169.323006,0.000000
16230,0.032498,0.448341,-0.034077,-0.092882,-0.013946,0.194342,-0.976427,169.492950,0.000000
16233,0.032516,0.448333,-0.034079,-0.092789,-0.014034,0.194386,-0.976426,169.625473,0.000000
16237,0.032548,0.448326,-0.034085,-0.092999,-0.013906,0.194703,-0.976345,169.759712,0.000000
16241,0.032591,0.448325,-0.034084,-0.093064,-0.013979,0.194914,-0.976295,169.894981,-0.000343
16244,0.032613,0.448321,-0.034080,-0.093100,-0.014033,0.195081,-0.976258,170.028534,0.000000
16248,0.032633,0.448306,-0.034066,-0.093191,-0.013906,0.195215,-0.976224,170.172043,0.000000
16251,0.032657,0.448295,-0.034043,-0.093260,-0.013929,0.195376,-0.976185,170.302505,0.000000
16255,0.032694,0.448286,-0.034004,-0.093275,-0.014035,0.195520,-0.976153,170.440178,0.000000
16258,0.032715,0.448274,-0.033976,-0.093413,-0.013981,0.195687,-0.976107,170.569611,0.000000
16262,0.032743,0.448273,-0.033945,-0.093526,-0.013923,0.195950,-0.976044,170.710373,-0.000343
16265,0.032765,0.448259,-0.033931,-0.093527,-0.013984,0.196088,-0.976016,170.862122,0.000000
16269,0.032800,0.448248,-0.033928,-0.093728,-0.013983,0.196198,-0.975974,171.000481,0.000000
16273,0.032823,0.448241,-0.033934,-0.093704,-0.013992,0.196360,-0.975944,171.138496,0.000000
16276,0.032849,0.448235,-0.033940,-0.093745,-0.014066,0.196513,-0.975908,171.288185,0.000000
16280,0.032875,0.448229,-0.033945,-0.093797,-0.013992,0.196698,-0.975867,171.415215,-0.000343
16283,0.032899,0.448231,-0.033937,-0.093834,-0.013979,0.196953,-0.975812,171.560783,0.000000
16287,0.032943,0.448226,-0.033916,-0.093934,-0.014047,0.197197,-0.975752,171.684380,0.000000
16290,0.032970,0.448212,-0.033901,-0.094082,-0.014065,0.197221,-0.975733,171.826515,0.000000
16294,0.032998,0.448194,-0.033867,-0.094302,-0.013882,0.197429,-0.975672,171.962814,-0.000343
16297,0.033020,0.448183,-0.033835,-0.094244,-0.013967,0.197569,-0.975648,172.107353,-0.000343
16301,0.033055,0.448169,-0.033806,-0.094331,-0.014058,0.197778,-0.975596,172.237129,-0.000343
16301,0.033055,0.448169,-0.033806,-0.094331,-0.014058,0.197778,-0.975596,172.388878,0.000000
16301,0.033055,0.448169,-0.033806,-0.094331,-0.014058,0.197778,-0.975596,172.512817,0.000000
16301,0.033055,0.448169,-0.033806,-0.094331,-0.014058,0.197778,-0.975596,172.659073,0.000000
16301,0.033055,0.448169,-0.033806,-0.094331,-0.014058,0.197778,-0.975596,172.801208,-0.000343
16301,0.033055,0.448169,-0.033806,-0.094331,-0.014058,0.197778,-0.975596,172.939911,0.000000
16301,0.033055,0.448169,-0.033806,-0.094331,-0.014058,0.197778,-0.975596,173.077927,-0.000343
16301,0.033055,0.448169,-0.033806,-0.094331,-0.014058,0.197778,-0.975596,173.218346,0.000000
16301,0.033055,0.448169,-0.033806,-0.094331,-0.014058,0.197778,-0.975596,173.363228,0.000000
16301,0.033055,0.448169,-0.033806,-0.094331,-0.014058,0.197778,-0.975596,173.484077,-0.000343
16301,0.033055,0.448169,-0.033806,-0.094331,-0.014058,0.197778,-0.975596,173.603554,-0.000343
16301,0.033055,0.448169,-0.033806,-0.094331,-0.014058,0.197778,-0.975596,173.750153,-0.000343
16301,0.033055,0.448169,-0.033806,-0.094331,-0.014058,0.197778,-0.975596,173.903961,0.000000
16301,0.033055,0.448169,-0.033806,-0.094331,-0.014058,0.197778,-0.975596,174.044724,-0.000343
16301,0.033055,0.448169,-0.033806,-0.094331,-0.014058,0.197778,-0.975596,174.194069,-0.000343
16301,0.033055,0.448169,-0.033806,-0.094331,-0.014058,0.197778,-0.975596,174.335861,-0.000343
16301,0.033055,0.448169,-0.033806,-0.094331,-0.014058,0.197778,-0.975596,174.475250,0.000000
16301,0.033055,0.448169,-0.033806,-0.094331,-0.014058,0.197778,-0.975596,174.605713,-0.000343
16301,0.033055,0.448169,-0.033806,-0.094331,-0.014058,0.197778,-0.975596,174.716949,-0.000343
16301,0.033055,0.448169,-0.033806,-0.094331,-0.014058,0.197778,-0.975596,174.850845,-0.000343
16301,0.033055,0.448169,-0.033806,-0.094331,-0.014058,0.197778,-0.975596,174.964828,0.000000
16301,0.033055,0.448169,-0.033806,-0.094331,-0.014058,0.197778,-0.975596,175.118980,-0.000343
16301,0.033055,0.448169,-0.033806,-0.094331,-0.014058,0.197778,-0.975596,175.283432,-0.000343
16301,0.033055,0.448169,-0.033806,-0.094331,-0.014058,0.197778,-0.975596,175.438614,0.000000
16301,0.033055,0.448169,-0.033806,-0.094331,-0.014058,0.197778,-0.975596,175.593452,-0.000343
16301,0.033055,0.448169,-0.033806,-0.094331,-0.014058,0.197778,-0.975596,175.747261,-0.000343
16301,0.033055,0.448169,-0.033806,-0.094331,-0.014058,0.197778,-0.975596,175.872917,0.000000
16301,0.033055,0.448169,-0.033806,-0.094331,-0.014058,0.197778,-0.975596,175.972824,-0.000343
16301,0.033055,0.448169,-0.033806,-0.094331,-0.014058,0.197778,-0.975596,176.095047,-0.000343
16301,0.033055,0.448169,-0.033806,-0.094331,-0.014058,0.197778,-0.975596,176.208687,-0.000343
16407,0.033807,0.447928,-0.033471,-0.096847,-0.013827,0.202786,-0.974324,176.357002,-0.000343
16411,0.033833,0.447918,-0.033461,-0.096910,-0.013894,0.202976,-0.974277,176.512871,-0.000343
16414,0.033859,0.447914,-0.033452,-0.096979,-0.013932,0.203205,-0.974222,176.667709,-0.000343
16418,0.033884,0.447900,-0.033455,-0.097101,-0.013856,0.203346,-0.974182,176.833534,-0.000343
16422,0.033920,0.447891,-0.033452,-0.097130,-0.013934,0.203575,-0.974130,176.992836,0.000000
16425,0.033950,0.447887,-0.033448,-0.097269,-0.013919,0.203753,-0.974079,177.126389,-0.000343
16429,0.033978,0.447874,-0.033437,-0.097347,-0.013858,0.203950,-0.974031,177.244148,-0.000343
16432,0.034002,0.447870,-0.033424,-0.097501,-0.013844,0.204087,-0.973987,177.344398,-0.000343
16436,0.034033,0.447863,-0.033397,-0.097530,-0.013979,0.204259,-0.973946,177.460785,-0.000343
16439,0.034045,0.447853,-0.033376,-0.097501,-0.013975,0.204298,-0.973941,177.599487,0.000000
16443,0.034068,0.447846,-0.033353,-0.097778,-0.013851,0.204506,-0.973871,177.744026,-0.000343
16447,0.034100,0.447835,-0.033327,-0.097712,-0.013991,0.204722,-0.973831,177.894058,0.000000
16450,0.034119,0.447827,-0.033325,-0.097785,-0.013908,0.204779,-0.973812,178.071213,0.000000
16454,0.034149,0.447821,-0.033324,-0.097960,-0.013849,0.205032,-0.973742,178.218498,0.000000
16457,0.034174,0.447819,-0.033320,-0.097948,-0.013940,0.205207,-0.973705,178.366127,-0.000343
16461,0.034201,0.447809,-0.033325,-0.098058,-0.013902,0.205388,-0.973657,178.482857,0.000000
16464,0.034210,0.447798,-0.033325,-0.098041,-0.013863,0.205430,-0.973650,178.601990,-0.000343
16468,0.034245,0.447796,-0.033314,-0.098125,-0.013961,0.205661,-0.973591,178.727646,-0.000343
16471,0.034266,0.447793,-0.033299,-0.098176,-0.013984,0.205796,-0.973558,178.867035,-0.000343
16475,0.034292,0.447783,-0.033276,-0.098276,-0.013859,0.205942,-0.973518,179.005051,-0.000687
16478,0.034315,0.447769,-0.033254,-0.098338,-0.013834,0.206078,-0.973484,179.136543,-0.000343
16482,0.034353,0.447759,-0.033225,-0.098309,-0.013982,0.206230,-0.973452,179.284172,-0.000343
16486,0.034381,0.447753,-0.033203,-0.098568,-0.013826,0.206400,-0.973392,179.442444,-0.000343
16489,0.034401,0.447741,-0.033192,-0.098556,-0.013862,0.206553,-0.973360,179.611702,-0.000343
16493,0.034434,0.447733,-0.033181,-0.098645,-0.013969,0.206781,-0.973302,179.724998,-0.000343
16496,0.034453,0.447732,-0.033181,-0.098796,-0.013930,0.206992,-0.973242,179.855461,-0.000343
16500,0.034472,0.447725,-0.033181,-0.098842,-0.013908,0.207200,-0.973193,179.996910,-0.000343
16503,0.034490,0.447713,-0.033177,-0.098801,-0.013934,0.207262,-0.973184,180.122910,-0.000343
16507,0.034522,0.447709,-0.033165,-0.099003,-0.013886,0.207528,-0.973107,180.261612,0.000000
16511,0.034560,0.447694,-0.033145,-0.099155,-0.013882,0.207784,-0.973037,180.395164,-0.000343
16514,0.034581,0.447683,-0.033126,-0.099071,-0.013924,0.207860,-0.973029,180.536270,-0.000343
16518,0.034612,0.447672,-0.033104,-0.099350,-0.013781,0.208128,-0.972945,180.677719,-0.000343
16521,0.034634,0.447661,-0.033087,-0.099335,-0.013800,0.208206,-0.972930,180.821571,-0.000343
16524,0.034658,0.447650,-0.033076,-0.099395,-0.013785,0.208337,-0.972896,180.967140,-0.000343
16528,0.034700,0.447645,-0.033061,-0.099527,-0.013868,0.208629,-0.972819,181.092796,-0.000343
16532,0.034721,0.447637,-0.033056,-0.099642,-0.013722,0.208793,-0.972774,181.231842,-0.000343
16535,0.034742,0.447629,-0.033052,-0.099710,-0.013735,0.208934,-0.972736,181.377068,-0.000343
16539,0.034774,0.447617,-0.033042,-0.099748,-0.013829,0.209114,-0.972692,181.514397,0.000000
16543,0.034792,0.447601,-0.033031,-0.099796,-0.013803,0.209234,-0.972662,181.665459,-0.000343
16546,0.034814,0.447592,-0.033018,-0.099874,-0.013836,0.209411,-0.972615,181.802444,0.000000
16549,0.034839,0.447587,-0.033005,-0.099936,-0.013849,0.209593,-0.972570,181.923294,0.000000
16553,0.034858,0.447574,-0.032988,-0.100063,-0.013794,0.209690,-0.972537,182.060966,0.000000
16557,0.034894,0.447568,-0.032971,-0.100222,-0.013851,0.209940,-0.972465,182.193489,-0.000343
16560,0.034920,0.447560,-0.032961,-0.100335,-0.013880,0.210102,-0.972418,182.334595,-0.000343
16564,0.034946,0.447547,-0.032955,-0.100334,-0.013811,0.210233,-0.972391,182.473297,0.000000
16567,0.034975,0.447542,-0.032950,-0.100519,-0.013754,0.210438,-0.972329,182.638092,-0.000343
16571,0.035011,0.447533,-0.032938,-0.100406,-0.013944,0.210626,-0.972297,182.769585,-0.000343
16574,0.035035,0.447524,-0.032932,-0.100515,-0.013947,0.210782,-0.972252,182.897644,-0.000343
16578,0.035051,0.447512,-0.032917,-0.100700,-0.013797,0.210947,-0.972199,183.030167,-0.000343
16581,0.035070,0.447507,-0.032901,-0.100734,-0.013846,0.211082,-0.972165,183.166809,-0.000343
16585,0.035100,0.447500,-0.032877,-0.100897,-0.013869,0.211268,-0.972108,183.315125,-0.000343
16589,0.035116,0.447483,-0.032860,-0.101029,-0.013772,0.211477,-0.972050,183.432541,-0.000343
16592,0.035141,0.447482,-0.032844,-0.101042,-0.013877,0.211683,-0.972002,183.571930,-0.000343
16596,0.035166,0.447469,-0.032833,-0.101074,-0.013905,0.211863,-0.971959,183.714066,-0.000343
16599,0.035193,0.447464,-0.032831,-0.101261,-0.013823,0.211990,-0.971913,183.861351,0.000000
16602,0.035211,0.447453,-0.032829,-0.101266,-0.013814,0.212081,-0.971893,184.016533,0.000000
16606,0.035253,0.447446,-0.032825,-0.101291,-0.013945,0.212362,-0.971827,184.171715,-0.000343
16610,0.035283,0.447440,-0.032823,-0.101512,-0.013805,0.212561,-0.971763,184.295311,0.000000
16613,0.035306,0.447433,-0.032814,-0.101552,-0.013764,0.212781,-0.971711,184.433327,0.000000
16617,0.035344,0.447425,-0.032792,-0.101512,-0.013936,0.212999,-0.971665,184.566879,0.000000
16621,0.035364,0.447405,-0.032771,-0.101631,-0.013802,0.213067,-0.971639,184.678459,-0.000343
16624,0.035385,0.447400,-0.032750,-0.101795,-0.013771,0.213261,-0.971580,184.805489,-0.000343
16627,0.035398,0.447389,-0.032729,-0.101754,-0.013824,0.213403,-0.971552,184.942131,-0.000343
16631,0.035422,0.447376,-0.032706,-0.101798,-0.013901,0.213519,-0.971521,185.093193,0.000000
16635,0.035445,0.447364,-0.032692,-0.101919,-0.013828,0.213680,-0.971474,185.250435,-0.000343
16638,0.035469,0.447358,-0.032684,-0.101904,-0.013907,0.213904,-0.971426,185.403900,0.000000
16642,0.035494,0.447348,-0.032686,-0.102005,-0.013873,0.214057,-0.971382,185.552559,-0.000343
16646,0.035521,0.447338,-0.032691,-0.102135,-0.013764,0.214303,-0.971315,185.701561,-0.000343
16649,0.035550,0.447338,-0.032690,-0.102180,-0.013834,0.214436,-0.971280,185.817604,0.000000
16652,0.035576,0.447333,-0.032688,-0.102250,-0.013843,0.214537,-0.971250,185.929527,-0.000343
16656,0.035600,0.447319,-0.032675,-0.102376,-0.013699,0.214644,-0.971215,186.046257,-0.000343
16659,0.035621,0.447317,-0.032661,-0.102456,-0.013697,0.214801,-0.971172,186.184616,0.000000
16663,0.035653,0.447306,-0.032634,-0.102604,-0.013776,0.215020,-0.971107,186.349068,-0.000343
16667,0.035670,0.447291,-0.032607,-0.102769,-0.013616,0.215106,-0.971073,186.489487,-0.000343
16670,0.035694,0.447287,-0.032590,-0.102844,-0.013608,0.215328,-0.971016,186.654625,-0.000343
16674,0.035725,0.447277,-0.032569,-0.102918,-0.013690,0.215509,-0.970967,186.794357,0.000000
16677,0.035745,0.447268,-0.032567,-0.102995,-0.013667,0.215618,-0.970935,186.945763,0.000000
16681,0.035768,0.447259,-0.032567,-0.103095,-0.013610,0.215831,-0.970878,187.076912,0.000000
16684,0.035790,0.447255,-0.032564,-0.103153,-0.013625,0.215961,-0.970842,187.188492,0.000000
16688,0.035811,0.447247,-0.032563,-0.103179,-0.013628,0.216053,-0.970819,187.309685,0.000000
16691,0.035829,0.447241,-0.032557,-0.103298,-0.013576,0.216195,-0.970775,187.431221,-0.000343
16695,0.035856,0.447235,-0.032543,-0.103289,-0.013657,0.216319,-0.970748,187.568550,0.000000
16699,0.035876,0.447222,-0.032527,-0.103308,-0.013607,0.216398,-0.970729,187.724762,-0.000343
16702,0.035902,0.447209,-0.032513,-0.103397,-0.013594,0.216545,-0.970687,187.873077,-0.000343
16706,0.035942,0.447197,-0.032491,-0.103405,-0.013732,0.216745,-0.970639,188.030663,0.000000
16709,0.035966,0.447192,-0.032478,-0.103445,-0.013735,0.216919,-0.970596,188.169708,0.000000
16713,0.035991,0.447178,-0.032466,-0.103622,-0.013612,0.217068,-0.970546,188.325233,-0.000343
16716,0.036017,0.447177,-0.032458,-0.103717,-0.013607,0.217252,-0.970494,188.448830,-0.000343
16720,0.036040,0.447162,-0.032446,-0.103709,-0.013778,0.217416,-0.970456,188.564186,-0.000343
16723,0.036057,0.447163,-0.032442,-0.103854,-0.013713,0.217553,-0.970411,188.690529,0.000000
16727,0.036073,0.447149,-0.032438,-0.103866,-0.013651,0.217683,-0.970381,188.818245,0.000000
16730,0.036091,0.447140,-0.032429,-0.103867,-0.013732,0.217753,-0.970364,188.960037,-0.000343
16734,0.036123,0.447137,-0.032424,-0.104068,-0.013671,0.218016,-0.970285,189.099770,-0.000343
16738,0.036151,0.447123,-0.032410,-0.104138,-0.013719,0.218211,-0.970232,189.257698,-0.000343
16741,0.036176,0.447116,-0.032397,-0.104146,-0.013779,0.218366,-0.970196,189.412880,0.000000
16745,0.036208,0.447110,-0.032382,-0.104392,-0.013656,0.218609,-0.970116,189.573555,-0.000343
16748,0.036234,0.447099,-0.032371,-0.104517,-0.013647,0.218794,-0.970061,189.711571,0.000000
16752,0.036272,0.447087,-0.032350,-0.104523,-0.013814,0.219036,-0.970004,189.842720,-0.000343
16755,0.036292,0.447078,-0.032335,-0.104564,-0.013803,0.219167,-0.969970,189.961166,-0.000343
16759,0.036313,0.447066,-0.032320,-0.104659,-0.013673,0.219296,-0.969932,190.083733,-0.000343
16762,0.036339,0.447064,-0.032306,-0.104824,-0.013679,0.219493,-0.969870,190.203209,-0.000343
16766,0.036364,0.447049,-0.032290,-0.104744,-0.013801,0.219568,-0.969860,190.327492,0.000000
16770,0.036383,0.447037,-0.032280,-0.104904,-0.013721,0.219748,-0.969803,190.483704,0.000000
16773,0.036405,0.447032,-0.032272,-0.104910,-0.013770,0.219902,-0.969767,190.645752,-0.000343
16777,0.036436,0.447020,-0.032258,-0.104949,-0.013834,0.220115,-0.969713,190.813980,-0.000343
16780,0.036460,0.447007,-0.032254,-0.105097,-0.013731,0.220263,-0.969665,190.962982,0.000000
16784,0.036497,0.447001,-0.032244,-0.105212,-0.013759,0.220514,-0.969595,191.086922,0.000000
16787,0.036516,0.446991,-0.032235,-0.105174,-0.013836,0.220625,-0.969573,191.211891,0.000000
16791,0.036545,0.446984,-0.032223,-0.105371,-0.013723,0.220877,-0.969496,191.340981,0.000000
16794,0.036560,0.446971,-0.032214,-0.105401,-0.013691,0.220930,-0.969481,191.467667,0.000000
16798,0.036601,0.446965,-0.032193,-0.105506,-0.013822,0.221207,-0.969404,191.581993,0.000000
16801,0.036613,0.446953,-0.032181,-0.105457,-0.013835,0.221268,-0.969396,191.744385,0.000000
16805,0.036640,0.446949,-0.032169,-0.105720,-0.013666,0.221491,-0.969319,191.883774,-0.000343
16809,0.036670,0.446937,-0.032150,-0.105704,-0.013793,0.221706,-0.969269,192.049599,0.000000
16812,0.036690,0.446927,-0.032146,-0.105800,-0.013796,0.221847,-0.969227,192.198257,0.000000
16816,0.036709,0.446908,-0.032139,-0.105850,-0.013675,0.221994,-0.969189,192.332153,0.000000
16819,0.036735,0.446910,-0.032132,-0.105928,-0.013720,0.222192,-0.969135,192.467079,0.000000
16823,0.036755,0.446897,-0.032129,-0.105935,-0.013734,0.222304,-0.969108,192.602005,0.000000
16827,0.036782,0.446885,-0.032118,-0.105988,-0.013724,0.222390,-0.969083,192.732468,0.000000
16830,0.036808,0.446878,-0.032104,-0.106074,-0.013778,0.222571,-0.969031,192.843018,0.000000
16833,0.036832,0.446875,-0.032085,-0.106192,-0.013777,0.222793,-0.968967,192.990646,0.000000
16837,0.036851,0.446861,-0.032065,-0.106269,-0.013650,0.222854,-0.968946,193.128662,-0.000343
16840,0.036873,0.446851,-0.032048,-0.106393,-0.013630,0.223036,-0.968891,193.283157,0.000000
16844,0.036907,0.446839,-0.032028,-0.106412,-0.013776,0.223200,-0.968849,193.422890,0.000000
16848,0.036932,0.446829,-0.032018,-0.106580,-0.013664,0.223415,-0.968783,193.563652,-0.000343
16851,0.036952,0.446827,-0.032012,-0.106623,-0.013659,0.223561,-0.968744,193.694801,0.000000
16855,0.036986,0.446819,-0.032006,-0.106642,-0.013793,0.223764,-0.968693,193.835220,0.000000
16858,0.037007,0.446814,-0.032008,-0.106798,-0.013759,0.223912,-0.968643,193.974953,0.000000
16862,0.037036,0.446805,-0.032006,-0.106922,-0.013650,0.224123,-0.968582,194.100266,0.000000
16866,0.037066,0.446794,-0.031992,-0.106945,-0.013701,0.224336,-0.968529,194.232445,0.000000
16869,0.037089,0.446789,-0.031984,-0.106985,-0.013690,0.224403,-0.968509,194.388657,0.000000
16873,0.037113,0.446772,-0.031961,-0.107073,-0.013669,0.224590,-0.968456,194.524612,0.000000
16876,0.037137,0.446762,-0.031942,-0.107073,-0.013716,0.224721,-0.968425,194.668465,-0.000343
16880,0.037160,0.446749,-0.031922,-0.107238,-0.013649,0.224887,-0.968370,194.800987,0.000000
16883,0.037176,0.446739,-0.031910,-0.107356,-0.013600,0.225021,-0.968326,194.935570,-0.000343
16887,0.037210,0.446731,-0.031895,-0.107385,-0.013734,0.225213,-0.968276,195.068779,0.000000
16890,0.037234,0.446728,-0.031889,-0.107523,-0.013730,0.225366,-0.968226,195.218124,0.000000
16894,0.037252,0.446715,-0.031886,-0.107580,-0.013580,0.225497,-0.968191,195.362663,0.000000
16897,0.037277,0.446714,-0.031880,-0.107643,-0.013599,0.225740,-0.968127,195.509605,0.000000
16901,0.037310,0.446704,-0.031871,-0.107611,-0.013723,0.225859,-0.968101,195.648308,0.000000
16904,0.037328,0.446688,-0.031866,-0.107705,-0.013674,0.225947,-0.968071,195.788040,0.000000
16908,0.037358,0.446675,-0.031852,-0.107796,-0.013659,0.226098,-0.968025,195.908546,0.000000
16912,0.037385,0.446665,-0.031832,-0.107869,-0.013737,0.226252,-0.967980,196.029739,0.000000
16915,0.037401,0.446657,-0.031822,-0.107940,-0.013688,0.226394,-0.967940,196.163979,0.000000
16919,0.037426,0.446649,-0.031805,-0.107935,-0.013709,0.226575,-0.967898,196.324310,0.000000
16922,0.037444,0.446638,-0.031795,-0.108064,-0.013755,0.226702,-0.967853,196.470222,0.000000
16926,0.037471,0.446630,-0.031786,-0.108201,-0.013683,0.226902,-0.967792,196.610298,0.000000
16929,0.037489,0.446624,-0.031779,-0.108273,-0.013662,0.227067,-0.967745,196.761360,0.000000
16933,0.037524,0.446613,-0.031767,-0.108331,-0.013782,0.227255,-0.967693,196.901436,0.000000
16937,0.037548,0.446601,-0.031756,-0.108573,-0.013617,0.227459,-0.967620,197.043915,0.000000
16940,0.037579,0.446600,-0.031742,-0.108606,-0.013665,0.227636,-0.967574,197.165108,0.000000
16943,0.037602,0.446589,-0.031729,-0.108678,-0.013691,0.227733,-0.967543,197.278061,0.000000
16947,0.037631,0.446578,-0.031712,-0.108760,-0.013773,0.227885,-0.967497,197.404060,0.000000
16951,0.037646,0.446564,-0.031701,-0.108774,-0.013652,0.228005,-0.967469,197.537613,0.000000
16954,0.037667,0.446561,-0.031692,-0.108871,-0.013715,0.228202,-0.967410,197.693825,0.000000
16958,0.037688,0.446547,-0.031685,-0.108797,-0.013809,0.228331,-0.967387,197.865143,0.000000
16961,0.037707,0.446537,-0.031685,-0.108960,-0.013750,0.228478,-0.967335,198.012085,0.000000
16965,0.037733,0.446529,-0.031682,-0.108985,-0.013792,0.228665,-0.967287,198.154564,0.000000
16968,0.037755,0.446519,-0.031681,-0.109035,-0.013793,0.228801,-0.967249,198.293266,0.000000
16972,0.037778,0.446510,-0.031672,-0.109152,-0.013707,0.228928,-0.967207,198.417206,0.000000
16975,0.037802,0.446508,-0.031660,-0.109290,-0.013661,0.229136,-0.967143,198.533592,0.000000
16979,0.037828,0.446495,-0.031635,-0.109224,-0.013818,0.229225,-0.967127,198.668175,0.000000
16983,0.037852,0.446487,-0.031615,-0.109425,-0.013645,0.229336,-0.967081,198.800354,0.000000
16986,0.037875,0.446477,-0.031603,-0.109477,-0.013636,0.229467,-0.967044,198.938713,0.000000
16989,0.037898,0.446462,-0.031590,-0.109503,-0.013622,0.229589,-0.967012,199.084282,0.000000
16993,0.037934,0.446457,-0.031577,-0.109612,-0.013698,0.229731,-0.966965,199.243584,0.000000
16997,0.037951,0.446445,-0.031577,-0.109715,-0.013627,0.229957,-0.966901,199.396362,0.000000
17000,0.037969,0.446442,-0.031574,-0.109759,-0.013667,0.230067,-0.966869,199.547424,0.000343
17004,0.037988,0.446431,-0.031574,-0.109741,-0.013704,0.230264,-0.966823,199.674797,0.000343
17008,0.038007,0.446418,-0.031573,-0.109868,-0.013603,0.230439,-0.966769,199.804916,0.000000
17011,0.038026,0.446412,-0.031566,-0.109902,-0.013654,0.230516,-0.966746,199.907570,0.000343
17015,0.038053,0.446401,-0.031549,-0.110075,-0.013616,0.230710,-0.966680,200.037689,0.000343
17018,0.038078,0.446400,-0.031530,-0.110197,-0.013621,0.230902,-0.966621,200.180511,0.000343
17022,0.038123,0.446388,-0.031500,-0.110287,-0.013725,0.231105,-0.966560,200.320930,0.000343
17025,0.038145,0.446374,-0.031479,-0.110292,-0.013779,0.231202,-0.966536,200.476799,0.000343
17028,0.038169,0.446368,-0.031463,-0.110346,-0.013807,0.231383,-0.966486,200.637131,0.000343
17032,0.038201,0.446359,-0.031449,-0.110685,-0.013647,0.231657,-0.966384,200.808105,0.000343
17036,0.038236,0.446349,-0.031439,-0.110614,-0.013812,0.231869,-0.966339,200.923462,0.000000
17039,0.038250,0.446338,-0.031437,-0.110618,-0.013808,0.231977,-0.966312,201.052551,0.000343
17043,0.038272,0.446334,-0.031441,-0.110789,-0.013698,0.232154,-0.966252,201.175117,0.000343
17047,0.038287,0.446319,-0.031433,-0.110684,-0.013840,0.232231,-0.966243,201.314163,0.000343
17050,0.038304,0.446319,-0.031427,-0.110848,-0.013771,0.232416,-0.966181,201.432266,0.000343
17053,0.038316,0.446305,-0.031415,-0.110889,-0.013693,0.232530,-0.966150,201.559639,0.000000
17057,0.038344,0.446294,-0.031393,-0.110857,-0.013861,0.232690,-0.966113,201.711731,0.000343
17061,0.038373,0.446287,-0.031376,-0.110918,-0.013785,0.232872,-0.966063,201.867943,0.000343
17064,0.038398,0.446274,-0.031365,-0.111034,-0.013711,0.232945,-0.966033,202.032051,0.000343
17068,0.038442,0.446260,-0.031347,-0.111062,-0.013826,0.233179,-0.965972,202.169724,0.000343
17072,0.038473,0.446250,-0.031342,-0.111246,-0.013717,0.233435,-0.965890,202.315636,0.000343
17075,0.038493,0.446252,-0.031338,-0.111256,-0.013745,0.233581,-0.965854,202.427902,0.000343
17078,0.038508,0.446237,-0.031338,-0.111249,-0.013730,0.233572,-0.965857,202.554245,0.000343
17082,0.038540,0.446236,-0.031327,-0.111361,-0.013834,0.233807,-0.965786,202.690887,0.000343
17086,0.038555,0.446225,-0.031318,-0.111506,-0.013675,0.233993,-0.965726,202.820320,0.000000
17089,0.038574,0.446215,-0.031302,-0.111526,-0.013708,0.234112,-0.965694,202.960739,0.000000
17093,0.038595,0.446200,-0.031282,-0.111492,-0.013790,0.234250,-0.965664,203.121071,0.000343
17096,0.038618,0.446192,-0.031264,-0.111659,-0.013711,0.234385,-0.965613,203.262520,0.000000
17100,0.038647,0.446178,-0.031245,-0.111672,-0.013741,0.234595,-0.965560,203.417702,0.000343
17103,0.038675,0.446166,-0.031235,-0.111762,-0.013767,0.234704,-0.965522,203.535118,0.000343
17107,0.038700,0.446154,-0.031229,-0.111872,-0.013646,0.234814,-0.965485,203.669014,0.000343
17111,0.038734,0.446150,-0.031225,-0.111977,-0.013739,0.235036,-0.965417,203.804970,0.000343
17114,0.038751,0.446140,-0.031220,-0.111928,-0.013765,0.235165,-0.965391,203.951569,0.000343
17117,0.038771,0.446129,-0.031217,-0.112102,-0.013728,0.235333,-0.965331,204.078941,0.000343
17121,0.038790,0.446122,-0.031214,-0.112140,-0.013633,0.235416,-0.965307,204.230347,0.000343
17125,0.038826,0.446118,-0.031195,-0.112262,-0.013737,0.235601,-0.965246,204.351196,0.000343
17128,0.038835,0.446102,-0.031186,-0.112245,-0.013752,0.235695,-0.965225,204.496765,0.000000
17132,0.038860,0.446094,-0.031164,-0.112513,-0.013649,0.235937,-0.965136,204.641991,0.000343
17135,0.038875,0.446076,-0.031150,-0.112513,-0.013705,0.235964,-0.965129,204.775200,0.000343
17139,0.038909,0.446068,-0.031127,-0.112687,-0.013722,0.236225,-0.965045,204.929352,0.000343
17143,0.038929,0.446058,-0.031113,-0.112835,-0.013681,0.236309,-0.965007,205.068398,0.000343
17146,0.038955,0.446049,-0.031105,-0.112803,-0.013675,0.236590,-0.964942,205.215340,0.000343
17150,0.038983,0.446036,-0.031107,-0.112888,-0.013661,0.236743,-0.964895,205.330009,0.000343
17153,0.039004,0.446030,-0.031109,-0.113008,-0.013572,0.236810,-0.964866,205.475922,0.000343
17157,0.039031,0.446022,-0.031108,-0.113038,-0.013617,0.236966,-0.964823,205.625610,0.000343
17160,0.039049,0.446011,-0.031102,-0.112970,-0.013724,0.237081,-0.964801,205.754013,0.000343
17164,0.039069,0.446005,-0.031096,-0.113173,-0.013570,0.237282,-0.964731,205.899925,0.000000
17167,0.039087,0.445992,-0.031087,-0.113216,-0.013552,0.237372,-0.964704,206.013222,0.000343
17171,0.039123,0.445989,-0.031064,-0.113328,-0.013708,0.237572,-0.964639,206.151924,0.000343
17174,0.039143,0.445977,-0.031048,-0.113438,-0.013660,0.237734,-0.964587,206.295776,0.000343
17178,0.039166,0.445963,-0.031027,-0.113455,-0.013609,0.237893,-0.964546,206.449928,0.000343
17182,0.039204,0.445953,-0.031004,-0.113508,-0.013746,0.238100,-0.964487,206.583138,0.000343
17185,0.039227,0.445945,-0.030992,-0.113611,-0.013740,0.238243,-0.964440,206.733856,0.000343
17189,0.039253,0.445936,-0.030985,-0.113710,-0.013648,0.238368,-0.964399,206.887665,0.000000
17192,0.039269,0.445920,-0.030981,-0.113713,-0.013717,0.238481,-0.964369,207.009888,0.000343
17196,0.039303,0.445916,-0.030975,-0.113831,-0.013675,0.238695,-0.964303,207.131767,0.000343
17199,0.039319,0.445911,-0.030973,-0.113901,-0.013640,0.238825,-0.964263,207.250557,0.000343
17203,0.039342,0.445902,-0.030961,-0.113947,-0.013705,0.238978,-0.964219,207.386856,0.000343
17206,0.039355,0.445887,-0.030952,-0.113918,-0.013750,0.239008,-0.964214,207.534142,0.000343
17210,0.039372,0.445878,-0.030936,-0.114105,-0.013624,0.239242,-0.964136,207.696190,0.000000
17213,0.039398,0.445870,-0.030925,-0.114246,-0.013605,0.239386,-0.964084,207.851028,0.000343
17217,0.039429,0.445854,-0.030905,-0.114202,-0.013804,0.239601,-0.964033,207.979774,0.000000
17221,0.039447,0.445845,-0.030898,-0.114338,-0.013617,0.239791,-0.963972,208.117790,0.000343
17224,0.039467,0.445838,-0.030892,-0.114370,-0.013634,0.239918,-0.963936,208.259239,0.000343
17227,0.039486,0.445827,-0.030890,-0.114367,-0.013681,0.239935,-0.963932,208.381805,0.000343
17231,0.039516,0.445819,-0.030880,-0.114456,-0.013706,0.240205,-0.963853,208.489952,0.000343
17235,0.039536,0.445811,-0.030872,-0.114526,-0.013657,0.240351,-0.963809,208.620415,0.000343
17238,0.039559,0.445809,-0.030859,-0.114605,-0.013750,0.240580,-0.963742,208.773537,0.000343
17242,0.039578,0.445792,-0.030838,-0.114614,-0.013726,0.240671,-0.963718,208.939705,0.000343
17245,0.039599,0.445777,-0.030825,-0.114770,-0.013611,0.240836,-0.963660,209.085960,0.000000
17249,0.039637,0.445763,-0.030802,-0.114740,-0.013759,0.241017,-0.963616,209.235306,0.000343
17253,0.039664,0.445750,-0.030786,-0.114860,-0.013688,0.241215,-0.963553,209.375038,0.000000
17256,0.039689,0.445745,-0.030780,-0.115010,-0.013628,0.241397,-0.963491,209.515457,0.000343
17259,0.039707,0.445731,-0.030772,-0.115028,-0.013653,0.241565,-0.963446,209.634933,0.000343
17263,0.039743,0.445729,-0.030766,-0.115060,-0.013813,0.241741,-0.963396,209.761963,0.000000
17267,0.039757,0.445715,-0.030766,-0.115131,-0.013675,0.241849,-0.963362,209.866676,0.000343
17270,0.039781,0.445710,-0.030763,-0.115217,-0.013711,0.241978,-0.963319,210.002289,0.000343
17274,0.039811,0.445699,-0.030751,-0.115289,-0.013775,0.242156,-0.963265,210.169144,0.000000
17277,0.039831,0.445689,-0.030738,-0.115281,-0.013768,0.242235,-0.963246,210.320892,0.000343
17281,0.039864,0.445671,-0.030710,-0.115452,-0.013713,0.242491,-0.963162,210.482254,0.000343
17284,0.039889,0.445660,-0.030694,-0.115500,-0.013748,0.242560,-0.963138,210.637779,0.000000
17288,0.039922,0.445646,-0.030669,-0.115687,-0.013678,0.242832,-0.963048,210.828667,0.000343
17292,0.039954,0.445630,-0.030649,-0.115813,-0.013677,0.243013,-0.962988,210.982132,0.000000
17295,0.039980,0.445621,-0.030641,-0.115849,-0.013737,0.243184,-0.962939,211.168213,0.000343
17299,0.040009,0.445610,-0.030639,-0.116012,-0.013633,0.243421,-0.962861,211.339188,0.000343
17302,0.040041,0.445605,-0.030641,-0.116179,-0.013579,0.243636,-0.962788,211.478233,0.000343
17306,0.040071,0.445588,-0.030643,-0.116079,-0.013747,0.243753,-0.962768,211.513252,0.000000
17309,0.040086,0.445582,-0.030642,-0.116144,-0.013700,0.243903,-0.962722,211.178856,0.000343
17313,0.040093,0.445586,-0.030643,-0.116271,-0.013600,0.243945,-0.962698,210.009499,0.000343
17316,0.040064,0.445586,-0.030638,-0.116202,-0.013559,0.243886,-0.962722,207.435265,0.000000
17320,0.039901,0.445643,-0.030661,-0.115919,-0.013537,0.243125,-0.962949,203.636055,0.000000
17324,0.039751,0.445686,-0.030685,-0.115645,-0.013348,0.242668,-0.963099,199.228477,0.000343
17327,0.039489,0.445751,-0.030735,-0.115355,-0.013092,0.241149,-0.963519,195.121307,0.000000
17331,0.039053,0.445960,-0.030962,-0.113852,-0.013009,0.238472,-0.964365,192.284431,0.000000
17334,0.038789,0.446073,-0.031085,-0.112989,-0.012987,0.236976,-0.964835,191.294289,0.000000
17338,0.038643,0.446115,-0.031144,-0.112750,-0.012914,0.236298,-0.965031,191.869698,0.000000
17341,0.038687,0.446113,-0.031179,-0.112586,-0.013047,0.236504,-0.964997,193.479538,0.000000
17345,0.038707,0.446111,-0.031208,-0.112751,-0.012957,0.236551,-0.964968,195.152550,0.000343
17348,0.038763,0.446104,-0.031231,-0.112510,-0.013021,0.236729,-0.964951,196.056175,0.000000
17352,0.038773,0.446098,-0.031225,-0.112572,-0.013046,0.236688,-0.964954,195.743065,0.000000
17355,0.038791,0.446097,-0.031209,-0.112604,-0.013073,0.236742,-0.964937,194.293900,0.000000
17359,0.038767,0.446086,-0.031161,-0.112858,-0.012948,0.236724,-0.964913,192.306747,0.000000
17362,0.038732,0.446094,-0.031137,-0.112739,-0.012969,0.236579,-0.964962,190.445251,0.000000
17366,0.038636,0.446128,-0.031142,-0.112514,-0.012983,0.236081,-0.965110,189.243622,0.000343
17370,0.038460,0.446213,-0.031236,-0.111893,-0.012782,0.234799,-0.965498,188.985786,0.000000
17373,0.038422,0.446227,-0.031268,-0.111702,-0.012852,0.234598,-0.965568,189.612007,0.000343
17377,0.038464,0.446211,-0.031267,-0.111734,-0.012959,0.234794,-0.965515,190.542755,0.000343
17380,0.038444,0.446229,-0.031313,-0.111661,-0.012957,0.234803,-0.965522,191.519852,0.000343
17384,0.038475,0.446220,-0.031331,-0.111676,-0.013051,0.234945,-0.965484,191.987457,0.000000
17387,0.038467,0.446212,-0.031330,-0.111841,-0.012959,0.234976,-0.965458,191.767731,0.000000
17391,0.038448,0.446228,-0.031358,-0.111624,-0.012915,0.234835,-0.965518,190.919380,0.000000
17394,0.038449,0.446216,-0.031322,-0.111881,-0.012857,0.234944,-0.965463,189.670029,0.000000
17398,0.038421,0.446234,-0.031319,-0.111724,-0.013006,0.234657,-0.965549,188.438873,0.000343
17401,0.038390,0.446239,-0.031324,-0.111586,-0.012964,0.234511,-0.965601,187.586060,0.000000
17405,0.038307,0.446269,-0.031343,-0.111456,-0.012837,0.233823,-0.965784,187.280846,0.000000
17409,0.038252,0.446308,-0.031401,-0.111144,-0.012944,0.233438,-0.965912,187.369423,0.000000
17412,0.038257,0.446305,-0.031382,-0.111260,-0.012923,0.233543,-0.965874,187.762527,0.000343
17416,0.038226,0.446317,-0.031420,-0.111289,-0.012839,0.233499,-0.965882,188.224640,0.000000
17419,0.038229,0.446319,-0.031437,-0.111169,-0.012933,0.233437,-0.965910,188.387718,0.000000
17423,0.038231,0.446303,-0.031429,-0.111272,-0.012874,0.233513,-0.965880,188.252792,0.000000
17427,0.038229,0.446317,-0.031450,-0.111113,-0.012859,0.233367,-0.965934,187.676353,0.000000
17430,0.038223,0.446311,-0.031423,-0.111246,-0.012845,0.233450,-0.965899,186.974258,0.000343
17433,0.038211,0.446321,-0.031420,-0.111182,-0.012901,0.233327,-0.965935,186.124878,0.000000
17437,0.038132,0.446345,-0.031442,-0.110980,-0.012921,0.232730,-0.966102,185.452309,0.000000
17441,0.037989,0.446403,-0.031506,-0.110355,-0.012952,0.231653,-0.966432,185.069160,0.000000
17444,0.037939,0.446425,-0.031541,-0.110102,-0.012954,0.231408,-0.966520,184.972687,0.000000
17448,0.037903,0.446432,-0.031561,-0.110074,-0.012842,0.231155,-0.966585,184.991570,0.000343
17451,0.037905,0.446445,-0.031599,-0.109943,-0.012854,0.231187,-0.966592,185.079803,0.000000
17455,0.037918,0.446449,-0.031622,-0.109778,-0.013035,0.231131,-0.966622,185.104523,0.000000
17458,0.037920,0.446449,-0.031635,-0.109796,-0.012961,0.231201,-0.966604,185.042725,0.000000
17462,0.037912,0.446461,-0.031643,-0.109830,-0.012928,0.231108,-0.966623,184.749870,0.000000
17465,0.037900,0.446453,-0.031619,-0.109842,-0.012914,0.231103,-0.966623,184.228020,0.000000
17469,0.037851,0.446471,-0.031618,-0.109641,-0.013017,0.230735,-0.966732,183.611069,0.000000
17472,0.037748,0.446514,-0.031633,-0.109438,-0.013050,0.230186,-0.966885,182.985878,0.000000
17476,0.037625,0.446562,-0.031665,-0.109047,-0.013031,0.229401,-0.967117,182.590714,0.000343
17480,0.037558,0.446577,-0.031690,-0.108961,-0.012929,0.228982,-0.967227,182.374763,0.000000
17483,0.037531,0.446601,-0.031723,-0.108836,-0.012937,0.228700,-0.967307,182.307472,0.000000
17487,0.037528,0.446607,-0.031766,-0.108652,-0.013057,0.228651,-0.967338,182.290306,0.000000
17490,0.037524,0.446620,-0.031792,-0.108575,-0.013051,0.228579,-0.967364,182.243271,0.000000
17494,0.037509,0.446623,-0.031829,-0.108539,-0.012894,0.228545,-0.967378,182.025948,0.000000
17498,0.037500,0.446633,-0.031835,-0.108481,-0.013001,0.228356,-0.967428,181.728287,0.000000
17501,0.037477,0.446642,-0.031839,-0.108484,-0.013004,0.228284,-0.967444,181.235619,0.000000
17505,0.037392,0.446672,-0.031854,-0.108185,-0.012985,0.227612,-0.967636,180.800972,0.000343
17508,0.037310,0.446691,-0.031863,-0.107914,-0.013017,0.227144,-0.967776,180.363922,0.000000
17512,0.037233,0.446721,-0.031876,-0.107594,-0.013107,0.226551,-0.967950,180.035362,0.000000
17515,0.037193,0.446735,-0.031882,-0.107571,-0.013110,0.226363,-0.967996,179.826279,0.000000
17519,0.037151,0.446752,-0.031907,-0.107333,-0.013207,0.226027,-0.968100,179.685516,0.000000
17522,0.037138,0.446767,-0.031930,-0.107422,-0.013196,0.225986,-0.968099,179.552307,0.000000
17526,0.037110,0.446777,-0.031969,-0.107287,-0.013171,0.225804,-0.968157,179.387856,0.000000
17529,0.037092,0.446782,-0.031996,-0.107144,-0.013152,0.225743,-0.968188,179.140320,0.000000
17533,0.037077,0.446803,-0.032026,-0.107033,-0.013303,0.225531,-0.968247,178.804893,0.000000
17536,0.037038,0.446812,-0.032046,-0.106850,-0.013335,0.225266,-0.968329,178.401489,0.000000
17540,0.036961,0.446833,-0.032070,-0.106689,-0.013288,0.224791,-0.968457,178.004608,0.000000
17543,0.036900,0.446852,-0.032082,-0.106512,-0.013315,0.224447,-0.968556,177.629356,0.000000
17547,0.036827,0.446876,-0.032096,-0.106255,-0.013392,0.223937,-0.968702,177.305603,0.000000
17551,0.036766,0.446891,-0.032110,-0.106200,-0.013268,0.223609,-0.968785,177.076607,0.000000
17554,0.036738,0.446906,-0.032126,-0.106035,-0.013313,0.223359,-0.968860,176.921082,0.000343
17558,0.036711,0.446920,-0.032148,-0.105928,-0.013326,0.223187,-0.968911,176.809845,0.000000
17561,0.036701,0.446925,-0.032166,-0.105851,-0.013309,0.223047,-0.968952,176.720581,-0.000343
17565,0.036686,0.446932,-0.032185,-0.105804,-0.013353,0.223025,-0.968962,176.604881,0.000000
17568,0.036674,0.446942,-0.032196,-0.105693,-0.013412,0.222912,-0.968999,176.439400,0.000000
17572,0.036640,0.446949,-0.032207,-0.105665,-0.013327,0.222725,-0.969046,176.251945,0.000000
17576,0.036615,0.446967,-0.032216,-0.105598,-0.013413,0.222503,-0.969104,176.031876,0.000000
17579,0.036591,0.446974,-0.032219,-0.105626,-0.013329,0.222345,-0.969138,175.806999,0.000000
17583,0.036548,0.446986,-0.032232,-0.105533,-0.013269,0.222048,-0.969217,175.611649,0.000000
17586,0.036520,0.446995,-0.032238,-0.105372,-0.013280,0.221883,-0.969272,175.416641,0.000000
17590,0.036498,0.447014,-0.032251,-0.105248,-0.013430,0.221638,-0.969340,175.244293,0.000000
17593,0.036470,0.447015,-0.032267,-0.105200,-0.013367,0.221453,-0.969388,175.109367,0.000000
17597,0.036445,0.447031,-0.032285,-0.105218,-0.013282,0.221259,-0.969431,174.993668,0.000000
17600,0.036427,0.447035,-0.032297,-0.105076,-0.013367,0.221210,-0.969457,174.836082,-0.000343
17604,0.036408,0.447041,-0.032310,-0.104973,-0.013383,0.221008,-0.969514,174.683647,0.000000
17607,0.036394,0.447052,-0.032321,-0.105017,-0.013327,0.220933,-0.969527,174.503403,0.000000
17611,0.036373,0.447064,-0.032330,-0.104962,-0.013321,0.220786,-0.969566,174.317665,0.000000
17615,0.036346,0.447072,-0.032338,-0.104884,-0.013304,0.220648,-0.969607,174.127808,0.000000
17618,0.036319,0.447084,-0.032343,-0.104767,-0.013305,0.220465,-0.969661,173.930054,0.000000
17622,0.036282,0.447088,-0.032355,-0.104604,-0.013361,0.220224,-0.969732,173.753929,0.000000
17625,0.036259,0.447102,-0.032366,-0.104601,-0.013371,0.220022,-0.969778,173.581238,0.000000
17629,0.036221,0.447112,-0.032390,-0.104560,-0.013259,0.219853,-0.969823,173.430176,-0.000343
17632,0.036200,0.447124,-0.032404,-0.104471,-0.013267,0.219706,-0.969865,173.276711,0.000000
17636,0.036179,0.447137,-0.032427,-0.104276,-0.013368,0.219515,-0.969928,173.128395,0.000000
17640,0.036143,0.447146,-0.032452,-0.104106,-0.013313,0.219241,-0.970010,172.958107,0.000000
17643,0.036122,0.447150,-0.032468,-0.104093,-0.013255,0.219101,-0.970043,172.780609,0.000000
17647,0.036089,0.447165,-0.032480,-0.103884,-0.013391,0.218832,-0.970124,172.591438,0.000000
17650,0.036059,0.447175,-0.032482,-0.103824,-0.013370,0.218743,-0.970151,172.390938,0.000000
17654,0.036024,0.447189,-0.032488,-0.103848,-0.013317,0.218501,-0.970204,172.230949,0.000000
17657,0.035997,0.447188,-0.032490,-0.103701,-0.013386,0.218317,-0.970260,172.053108,0.000000
17661,0.035968,0.447199,-0.032495,-0.103614,-0.013334,0.218108,-0.970317,171.888657,0.000000
17664,0.035944,0.447207,-0.032502,-0.103552,-0.013312,0.217981,-0.970353,171.739655,0.000000
17668,0.035923,0.447218,-0.032511,-0.103435,-0.013383,0.217791,-0.970407,171.587906,0.000000
17671,0.035904,0.447225,-0.032527,-0.103357,-0.013396,0.217629,-0.970451,171.403885,0.000000
17675,0.035867,0.447237,-0.032553,-0.103323,-0.013261,0.217419,-0.970504,171.250076,0.000000
17678,0.035847,0.447251,-0.032571,-0.103313,-0.013312,0.217279,-0.970535,171.065712,0.000000
17682,0.035811,0.447260,-0.032588,-0.103128,-0.013389,0.217047,-0.970606,170.879288,0.000000
17685,0.035779,0.447269,-0.032602,-0.102960,-0.013418,0.216801,-0.970679,170.700417,0.000000
17689,0.035739,0.447284,-0.032617,-0.103039,-0.013332,0.216704,-0.970693,170.531158,0.000000
17693,0.035710,0.447297,-0.032622,-0.102893,-0.013416,0.216517,-0.970749,170.368080,0.000000
17696,0.035680,0.447298,-0.032628,-0.102704,-0.013474,0.216357,-0.970804,170.197792,0.000000
17700,0.035650,0.447311,-0.032637,-0.102634,-0.013452,0.216198,-0.970847,170.041580,0.000000
17703,0.035628,0.447314,-0.032646,-0.102560,-0.013480,0.216016,-0.970895,169.880905,-0.000343
17707,0.035597,0.447325,-0.032662,-0.102503,-0.013448,0.215815,-0.970946,169.710960,-0.000343
17710,0.035570,0.447333,-0.032674,-0.102383,-0.013468,0.215732,-0.970977,169.524193,0.000000
17714,0.035544,0.447348,-0.032690,-0.102218,-0.013601,0.215494,-0.971045,169.325752,0.000000
17718,0.035513,0.447362,-0.032713,-0.102200,-0.013494,0.215224,-0.971109,169.164391,-0.000343
17721,0.035489,0.447367,-0.032726,-0.102109,-0.013478,0.215087,-0.971149,168.987923,-0.000343
17725,0.035465,0.447378,-0.032738,-0.101919,-0.013664,0.214854,-0.971218,168.826218,0.000000
17728,0.035445,0.447395,-0.032746,-0.101838,-0.013653,0.214767,-0.971245,168.677559,-0.000343
17732,0.035410,0.447400,-0.032760,-0.101919,-0.013531,0.214536,-0.971290,168.498688,-0.000343
17735,0.035384,0.447402,-0.032771,-0.101776,-0.013581,0.214372,-0.971340,168.342819,0.000000
17739,0.035360,0.447415,-0.032783,-0.101689,-0.013677,0.214218,-0.971382,168.153992,-0.000343
17742,0.035333,0.447424,-0.032795,-0.101592,-0.013646,0.214044,-0.971431,167.993660,-0.000343
17746,0.035302,0.447440,-0.032815,-0.101645,-0.013574,0.213886,-0.971461,167.823029,0.000000
17750,0.035272,0.447454,-0.032830,-0.101528,-0.013586,0.213694,-0.971516,167.620125,0.000000
17753,0.035242,0.447462,-0.032842,-0.101315,-0.013638,0.213481,-0.971584,167.471809,-0.000343
17756,0.035216,0.447470,-0.032856,-0.101285,-0.013568,0.213214,-0.971647,167.288818,-0.000343
17760,0.035199,0.447480,-0.032865,-0.101261,-0.013641,0.213092,-0.971675,167.131920,-0.000343
17764,0.035163,0.447486,-0.032882,-0.101162,-0.013531,0.212824,-0.971745,166.947212,0.000000
17767,0.035145,0.447502,-0.032890,-0.101163,-0.013507,0.212758,-0.971760,166.784134,-0.000343
17771,0.035119,0.447511,-0.032907,-0.101003,-0.013606,0.212529,-0.971826,166.604919,0.000000
17774,0.035097,0.447520,-0.032919,-0.100951,-0.013617,0.212445,-0.971849,166.454887,-0.000343
17778,0.035049,0.447525,-0.032941,-0.100782,-0.013537,0.212124,-0.971938,166.288033,-0.000343
17781,0.035030,0.447539,-0.032952,-0.100808,-0.013512,0.212060,-0.971949,166.123238,0.000000
17785,0.034996,0.447549,-0.032966,-0.100615,-0.013621,0.211790,-0.972027,165.957756,0.000000
17789,0.034958,0.447559,-0.032977,-0.100537,-0.013541,0.211562,-0.972086,165.779572,-0.000343
17792,0.034937,0.447565,-0.032981,-0.100445,-0.013599,0.211386,-0.972133,165.609627,-0.000343
17796,0.034911,0.447576,-0.032986,-0.100367,-0.013581,0.211210,-0.972179,165.431442,0.000000
17799,0.034889,0.447583,-0.032992,-0.100326,-0.013557,0.211016,-0.972226,165.256348,0.000000
17803,0.034859,0.447593,-0.033005,-0.100184,-0.013551,0.210799,-0.972288,165.089493,-0.000343
17806,0.034833,0.447606,-0.033021,-0.100053,-0.013610,0.210602,-0.972343,164.928131,-0.000343
17810,0.034798,0.447617,-0.033046,-0.100017,-0.013531,0.210474,-0.972376,164.755440,-0.000343
17813,0.034774,0.447628,-0.033067,-0.099883,-0.013494,0.210230,-0.972443,164.575195,-0.000343
17817,0.034746,0.447640,-0.033093,-0.099702,-0.013662,0.210079,-0.972492,164.397697,-0.000343
17821,0.034708,0.447657,-0.033117,-0.099676,-0.013562,0.209905,-0.972533,164.206123,-0.000343
17824,0.034683,0.447663,-0.033128,-0.099603,-0.013562,0.209754,-0.972573,164.051285,-0.000343
17828,0.034659,0.447673,-0.033134,-0.099433,-0.013684,0.209538,-0.972635,163.869667,-0.000343
17831,0.034637,0.447681,-0.033135,-0.099431,-0.013652,0.209438,-0.972658,163.732681,-0.000343
17835,0.034601,0.447689,-0.033135,-0.099378,-0.013626,0.209209,-0.972713,163.564453,-0.000343
17838,0.034577,0.447691,-0.033130,-0.099242,-0.013648,0.209042,-0.972762,163.402061,-0.000343
17842,0.034541,0.447705,-0.033133,-0.099178,-0.013675,0.208800,-0.972820,163.231773,-0.000343
17846,0.034505,0.447717,-0.033147,-0.099095,-0.013677,0.208531,-0.972887,163.045006,0.000000
17849,0.034482,0.447728,-0.033164,-0.098983,-0.013762,0.208395,-0.972926,162.879524,0.000000
17852,0.034458,0.447733,-0.033186,-0.098878,-0.013763,0.208236,-0.972970,162.694473,-0.000343
17856,0.034423,0.447751,-0.033222,-0.098841,-0.013666,0.208010,-0.973024,162.525902,-0.000343
17859,0.034393,0.447757,-0.033246,-0.098746,-0.013670,0.207873,-0.973063,162.356300,-0.000343
17863,0.034363,0.447769,-0.033268,-0.098466,-0.013842,0.207578,-0.973152,162.190132,-0.000343
17867,0.034321,0.447777,-0.033285,-0.098520,-0.013698,0.207372,-0.973192,162.014694,-0.000343
17870,0.034295,0.447785,-0.033293,-0.098360,-0.013749,0.207133,-0.973259,161.849213,0.000000
17874,0.034267,0.447797,-0.033294,-0.098271,-0.013823,0.206966,-0.973302,161.679268,-0.000343
17877,0.034238,0.447800,-0.033301,-0.098175,-0.013771,0.206734,-0.973362,161.514473,0.000000
17881,0.034207,0.447816,-0.033312,-0.098230,-0.013686,0.206611,-0.973384,161.327705,-0.000343
17884,0.034175,0.447819,-0.033323,-0.098015,-0.013744,0.206295,-0.973471,161.179047,0.000000
17888,0.034134,0.447832,-0.033342,-0.097963,-0.013764,0.206209,-0.973495,160.999832,-0.000343
17892,0.034090,0.447846,-0.033367,-0.097844,-0.013778,0.205892,-0.973573,160.817871,-0.000343
17895,0.034063,0.447861,-0.033384,-0.097856,-0.013796,0.205798,-0.973592,160.646553,0.000000
17899,0.034017,0.447869,-0.033412,-0.097633,-0.013758,0.205405,-0.973698,160.484505,-0.000343
17902,0.033993,0.447880,-0.033425,-0.097585,-0.013729,0.205332,-0.973718,160.321770,-0.000343
17906,0.033967,0.447891,-0.033441,-0.097323,-0.013844,0.205006,-0.973812,160.138779,-0.000343
17909,0.033944,0.447898,-0.033453,-0.097327,-0.013783,0.204879,-0.973839,159.999046,-0.000343
17913,0.033905,0.447907,-0.033470,-0.097214,-0.013673,0.204555,-0.973920,159.836998,-0.000343
17916,0.033884,0.447919,-0.033476,-0.097259,-0.013650,0.204513,-0.973925,159.685249,-0.000343
17920,0.033847,0.447926,-0.033492,-0.096961,-0.013762,0.204128,-0.974033,159.524918,0.000000
17924,0.033806,0.447941,-0.033508,-0.096912,-0.013610,0.204034,-0.974060,159.377632,-0.000343
17927,0.033783,0.447954,-0.033522,-0.096693,-0.013683,0.203820,-0.974126,159.218330,0.000000
17931,0.033756,0.447965,-0.033538,-0.096604,-0.013693,0.203694,-0.974161,159.043922,-0.000343
17934,0.033731,0.447975,-0.033553,-0.096555,-0.013690,0.203508,-0.974204,158.873634,-0.000343
17938,0.033696,0.447979,-0.033566,-0.096422,-0.013761,0.203273,-0.974266,158.709526,-0.000343
17941,0.033666,0.447999,-0.033572,-0.096193,-0.013778,0.203094,-0.974325,158.541985,-0.000343
17945,0.033630,0.448003,-0.033579,-0.096238,-0.013669,0.202946,-0.974353,158.399162,-0.000343
17948,0.033607,0.448004,-0.033583,-0.096180,-0.013745,0.202634,-0.974423,158.267670,0.000000
17952,0.033587,0.448011,-0.033586,-0.096104,-0.013835,0.202531,-0.974451,158.121414,-0.000343
17955,0.033571,0.448024,-0.033595,-0.096028,-0.013825,0.202397,-0.974486,157.990952,0.000000
17959,0.033537,0.448026,-0.033615,-0.096015,-0.013695,0.202283,-0.974513,157.842636,0.000000
17963,0.033514,0.448038,-0.033636,-0.095804,-0.013856,0.202021,-0.974586,157.667885,-0.000343
17966,0.033493,0.448051,-0.033654,-0.095874,-0.013793,0.201971,-0.974590,157.515450,-0.000343
17970,0.033449,0.448059,-0.033676,-0.095686,-0.013771,0.201646,-0.974676,157.355461,-0.000343
17973,0.033428,0.448071,-0.033684,-0.095738,-0.013766,0.201569,-0.974687,157.189980,0.000000
17977,0.033389,0.448077,-0.033695,-0.095533,-0.013835,0.201210,-0.974780,157.021065,-0.000343
17980,0.033364,0.448085,-0.033699,-0.095545,-0.013806,0.201132,-0.974796,156.861420,0.000000
17984,0.033335,0.448095,-0.033705,-0.095385,-0.013870,0.200839,-0.974871,156.710701,-0.000343
17987,0.033322,0.448102,-0.033710,-0.095453,-0.013864,0.200778,-0.974877,156.570625,-0.000343
17991,0.033295,0.448113,-0.033724,-0.095336,-0.013814,0.200558,-0.974934,156.420250,0.000000
17995,0.033268,0.448119,-0.033740,-0.095209,-0.013907,0.200423,-0.974973,156.256142,-0.000343
17998,0.033253,0.448135,-0.033757,-0.095104,-0.013905,0.200240,-0.975021,156.097527,-0.000343
18002,0.033218,0.448140,-0.033784,-0.095029,-0.013795,0.200031,-0.975073,155.941315,-0.000343
18005,0.033197,0.448151,-0.033806,-0.095039,-0.013786,0.199839,-0.975111,155.792656,-0.000343
18009,0.033165,0.448154,-0.033823,-0.094868,-0.013850,0.199669,-0.975162,155.637817,0.000000
18012,0.033138,0.448165,-0.033833,-0.094811,-0.013824,0.199413,-0.975220,155.484695,0.000000
18016,0.033098,0.448168,-0.033842,-0.094739,-0.013754,0.199292,-0.975253,155.335007,-0.000343
18019,0.033074,0.448181,-0.033844,-0.094663,-0.013819,0.199140,-0.975290,155.182915,-0.000343
18023,0.033048,0.448191,-0.033848,-0.094591,-0.013811,0.198999,-0.975326,155.024300,0.000000
18026,0.033026,0.448193,-0.033860,-0.094563,-0.013775,0.198792,-0.975372,154.890404,-0.000343
18030,0.033008,0.448199,-0.033870,-0.094490,-0.013798,0.198672,-0.975403,154.733849,-0.000343
18033,0.032991,0.448209,-0.033881,-0.094380,-0.013839,0.198523,-0.975443,154.562531,-0.000343
18037,0.032960,0.448218,-0.033905,-0.094349,-0.013748,0.198348,-0.975483,154.391212,-0.000343
18037,0.032960,0.448218,-0.033905,-0.094349,-0.013748,0.198348,-0.975483,154.226761,-0.000343
18037,0.032960,0.448218,-0.033905,-0.094349,-0.013748,0.198348,-0.975483,154.068146,-0.000343
18037,0.032960,0.448218,-0.033905,-0.094349,-0.013748,0.198348,-0.975483,153.938026,0.000000
18037,0.032960,0.448218,-0.033905,-0.094349,-0.013748,0.198348,-0.975483,153.801727,-0.000343
18037,0.032960,0.448218,-0.033905,-0.094349,-0.013748,0.198348,-0.975483,153.658905,0.000000
18037,0.032960,0.448218,-0.033905,-0.094349,-0.013748,0.198348,-0.975483,153.506813,0.000000
18037,0.032960,0.448218,-0.033905,-0.094349,-0.013748,0.198348,-0.975483,153.315239,0.000000
18037,0.032960,0.448218,-0.033905,-0.094349,-0.013748,0.198348,-0.975483,153.167610,-0.000343
18037,0.032960,0.448218,-0.033905,-0.094349,-0.013748,0.198348,-0.975483,152.986336,0.000000
18037,0.032960,0.448218,-0.033905,-0.094349,-0.013748,0.198348,-0.975483,152.846947,-0.000343
18037,0.032960,0.448218,-0.033905,-0.094349,-0.013748,0.198348,-0.975483,152.686958,-0.000343
18037,0.032960,0.448218,-0.033905,-0.094349,-0.013748,0.198348,-0.975483,152.539673,-0.000343
18037,0.032960,0.448218,-0.033905,-0.094349,-0.013748,0.198348,-0.975483,152.392731,-0.000343
18037,0.032960,0.448218,-0.033905,-0.094349,-0.013748,0.198348,-0.975483,152.255402,0.000000
18037,0.032960,0.448218,-0.033905,-0.094349,-0.013748,0.198348,-0.975483,152.077217,0.000000
18037,0.032960,0.448218,-0.033905,-0.094349,-0.013748,0.198348,-0.975483,151.931648,0.000000
18037,0.032960,0.448218,-0.033905,-0.094349,-0.013748,0.198348,-0.975483,151.771317,-0.000343
18037,0.032960,0.448218,-0.033905,-0.094349,-0.013748,0.198348,-0.975483,151.618195,-0.000343
18037,0.032960,0.448218,-0.033905,-0.094349,-0.013748,0.198348,-0.975483,151.465416,-0.000343
18037,0.032960,0.448218,-0.033905,-0.094349,-0.013748,0.198348,-0.975483,151.317101,0.000000
18037,0.032960,0.448218,-0.033905,-0.094349,-0.013748,0.198348,-0.975483,151.159172,0.000000
18037,0.032960,0.448218,-0.033905,-0.094349,-0.013748,0.198348,-0.975483,151.011543,-0.000343
18037,0.032960,0.448218,-0.033905,-0.094349,-0.013748,0.198348,-0.975483,150.845718,0.000000
18037,0.032960,0.448218,-0.033905,-0.094349,-0.013748,0.198348,-0.975483,150.683327,-0.000343
18037,0.032960,0.448218,-0.033905,-0.094349,-0.013748,0.198348,-0.975483,150.530205,0.000000
18037,0.032960,0.448218,-0.033905,-0.094349,-0.013748,0.198348,-0.975483,150.385323,0.000000
18037,0.032960,0.448218,-0.033905,-0.094349,-0.013748,0.198348,-0.975483,150.216064,0.000000
18037,0.032960,0.448218,-0.033905,-0.094349,-0.013748,0.198348,-0.975483,150.067406,-0.000343
18037,0.032960,0.448218,-0.033905,-0.094349,-0.013748,0.198348,-0.975483,149.913597,0.000000
18144,0.032144,0.448465,-0.034276,-0.091721,-0.013977,0.192968,-0.976809,149.753952,-0.000343
18147,0.032118,0.448472,-0.034287,-0.091600,-0.014024,0.192805,-0.976852,149.601860,0.000000
18151,0.032082,0.448489,-0.034302,-0.091584,-0.013911,0.192726,-0.976870,149.445305,-0.000343
18154,0.032056,0.448490,-0.034310,-0.091512,-0.013904,0.192506,-0.976921,149.305229,-0.000343
18158,0.032031,0.448505,-0.034315,-0.091390,-0.013976,0.192362,-0.976959,149.157600,0.000000
18162,0.031997,0.448505,-0.034324,-0.091258,-0.013982,0.192066,-0.977030,149.002075,0.000000
18165,0.031981,0.448512,-0.034331,-0.091260,-0.013974,0.191963,-0.977050,148.850327,0.000000
18168,0.031963,0.448518,-0.034340,-0.091191,-0.013987,0.191867,-0.977075,148.703041,-0.000343
18172,0.031934,0.448526,-0.034356,-0.091098,-0.013881,0.191589,-0.977140,148.536186,-0.000343
18175,0.031915,0.448525,-0.034370,-0.091154,-0.013824,0.191406,-0.977171,148.362122,0.000000
18179,0.031885,0.448538,-0.034390,-0.090861,-0.013956,0.191128,-0.977251,148.207626,0.000000
18182,0.031862,0.448543,-0.034404,-0.090865,-0.013914,0.191018,-0.977273,148.066177,0.000000
18186,0.031826,0.448551,-0.034425,-0.090750,-0.013826,0.190729,-0.977341,147.923698,0.000000
18190,0.031798,0.448565,-0.034438,-0.090664,-0.013917,0.190578,-0.977377,147.768517,0.000000
18193,0.031765,0.448570,-0.034445,-0.090471,-0.013950,0.190386,-0.977432,147.616768,0.000000
18197,0.031731,0.448579,-0.034460,-0.090575,-0.013867,0.190244,-0.977452,147.472572,0.000000
18200,0.031706,0.448586,-0.034469,-0.090434,-0.013901,0.190056,-0.977500,147.306061,0.000000
18204,0.031675,0.448594,-0.034479,-0.090390,-0.013907,0.189911,-0.977533,147.119293,0.000000
18207,0.031650,0.448601,-0.034491,-0.090256,-0.013923,0.189683,-0.977589,146.966515,0.000000
18211,0.031620,0.448611,-0.034509,-0.090231,-0.013916,0.189528,-0.977622,146.808929,0.000000
18215,0.031587,0.448621,-0.034527,-0.090070,-0.013899,0.189335,-0.977674,146.664391,0.000000
18218,0.031565,0.448627,-0.034539,-0.090105,-0.013884,0.189188,-0.977700,146.523285,0.000000
18222,0.031536,0.448635,-0.034552,-0.089960,-0.013970,0.188946,-0.977759,146.386299,0.000000
18225,0.031515,0.448639,-0.034560,-0.089864,-0.013979,0.188820,-0.977791,146.241417,0.000000
18229,0.031479,0.448649,-0.034572,-0.089818,-0.013911,0.188590,-0.977841,146.067696,0.000000
18232,0.031459,0.448656,-0.034579,-0.089834,-0.013877,0.188537,-0.977850,145.921783,0.000000
18236,0.031428,0.448665,-0.034593,-0.089579,-0.014019,0.188248,-0.977927,145.749779,0.000000
18240,0.031386,0.448675,-0.034612,-0.089549,-0.013973,0.188009,-0.977977,145.577087,0.000000
18243,0.031358,0.448690,-0.034624,-0.089521,-0.013987,0.187900,-0.978000,145.420532,0.000000
18247,0.031323,0.448705,-0.034643,-0.089378,-0.014053,0.187692,-0.978052,145.267410,0.000000
18250,0.031292,0.448709,-0.034659,-0.089192,-0.014066,0.187462,-0.978113,145.125618,0.000000
18254,0.031259,0.448717,-0.034677,-0.089124,-0.014068,0.187322,-0.978146,144.977646,0.000000
18257,0.031245,0.448727,-0.034689,-0.089136,-0.014058,0.187131,-0.978182,144.840660,0.000000
18260,0.031227,0.448730,-0.034692,-0.089004,-0.014095,0.187020,-0.978214,144.685478,0.000000
18264,0.031203,0.448741,-0.034700,-0.089006,-0.014015,0.186812,-0.978255,144.515877,0.000000
18268,0.031183,0.448748,-0.034699,-0.088934,-0.014066,0.186688,-0.978285,144.357948,0.000000
18271,0.031154,0.448752,-0.034702,-0.088685,-0.014154,0.186472,-0.978347,144.195213,0.000000
18275,0.031121,0.448760,-0.034714,-0.088875,-0.013988,0.186354,-0.978355,144.040031,-0.000343
18278,0.031089,0.448761,-0.034728,-0.088658,-0.014062,0.186090,-0.978424,143.883820,0.000000
18282,0.031062,0.448776,-0.034749,-0.088641,-0.014056,0.185987,-0.978445,143.745117,0.000000
18285,0.031031,0.448780,-0.034772,-0.088465,-0.014086,0.185763,-0.978503,143.608818,0.000000
18289,0.031002,0.448789,-0.034800,-0.088434,-0.013999,0.185659,-0.978527,143.471832,0.000000
18293,0.030973,0.448796,-0.034824,-0.088248,-0.014064,0.185412,-0.978589,143.319054,-0.000343
18296,0.030952,0.448805,-0.034834,-0.088211,-0.014060,0.185395,-0.978596,143.161125,0.000000
18300,0.030923,0.448810,-0.034841,-0.088062,-0.014083,0.185115,-0.978662,142.972298,0.000000
18304,0.030896,0.448820,-0.034840,-0.088099,-0.014065,0.184957,-0.978689,142.804756,0.000000
18307,0.030864,0.448818,-0.034840,-0.087932,-0.014022,0.184658,-0.978761,142.590523,0.000000
18310,0.030840,0.448833,-0.034836,-0.087960,-0.013974,0.184639,-0.978763,142.372169,-0.000343
18314,0.030803,0.448843,-0.034843,-0.087713,-0.014066,0.184278,-0.978851,142.149353,0.000000
18318,0.030759,0.448849,-0.034862,-0.087641,-0.013983,0.184005,-0.978911,141.911430,0.000000
18321,0.030722,0.448862,-0.034885,-0.087429,-0.014015,0.183712,-0.978984,141.672134,0.000000
18325,0.030679,0.448874,-0.034924,-0.087337,-0.014087,0.183339,-0.979061,141.449318,0.000000
18328,0.030643,0.448887,-0.034955,-0.087243,-0.014060,0.183061,-0.979122,141.249847,0.000000
18332,0.030585,0.448898,-0.034993,-0.087115,-0.014045,0.182827,-0.979177,141.032524,0.000000
18335,0.030552,0.448912,-0.035013,-0.087006,-0.014087,0.182558,-0.979237,140.866356,0.000000
18339,0.030513,0.448922,-0.035028,-0.086896,-0.014082,0.182386,-0.979278,140.667915,0.000000
18342,0.030475,0.448927,-0.035038,-0.086693,-0.014111,0.182087,-0.979352,140.463982,0.000000
18346,0.030430,0.448934,-0.035043,-0.086655,-0.014108,0.181874,-0.979395,140.239792,0.000000
18350,0.030380,0.448943,-0.035054,-0.086499,-0.014122,0.181561,-0.979466,140.011139,0.000000
18353,0.030345,0.448955,-0.035066,-0.086559,-0.013994,0.181329,-0.979506,139.749527,0.000000
18357,0.030291,0.448967,-0.035090,-0.086225,-0.014113,0.180910,-0.979611,139.528770,0.000000
18360,0.030255,0.448978,-0.035116,-0.086174,-0.014075,0.180681,-0.979658,139.304237,0.000000
18364,0.030207,0.448993,-0.035157,-0.086041,-0.013997,0.180326,-0.979736,139.094810,0.000000
18367,0.030179,0.449003,-0.035181,-0.085993,-0.013962,0.180211,-0.979762,138.889160,0.000000
18371,0.030143,0.449017,-0.035210,-0.085715,-0.014093,0.179827,-0.979855,138.684196,0.000000
18375,0.030105,0.449026,-0.035225,-0.085711,-0.013998,0.179617,-0.979896,138.502235,0.000000
18378,0.030079,0.449035,-0.035229,-0.085658,-0.014024,0.179434,-0.979933,138.293152,0.000000
18382,0.030034,0.449040,-0.035225,-0.085472,-0.014130,0.179252,-0.979982,138.072052,0.000000
18385,0.029996,0.449048,-0.035224,-0.085453,-0.014056,0.178969,-0.980036,137.875328,0.000343
18388,0.029959,0.449053,-0.035223,-0.085426,-0.014022,0.178818,-0.980066,137.652168,0.000000
18392,0.029906,0.449063,-0.035234,-0.085216,-0.014095,0.178497,-0.980142,137.428665,0.000000
18396,0.029851,0.449072,-0.035258,-0.085078,-0.014073,0.178289,-0.980192,137.209282,0.000000
18399,0.029818,0.449084,-0.035287,-0.085012,-0.014040,0.178017,-0.980248,136.963463,0.000000
18403,0.029773,0.449098,-0.035328,-0.084880,-0.014076,0.177764,-0.980305,136.761246,0.000343
18406,0.029739,0.449109,-0.035359,-0.084722,-0.014068,0.177466,-0.980372,136.529503,0.000000
18410,0.029697,0.449120,-0.035390,-0.084648,-0.013975,0.177245,-0.980420,136.313210,0.000000
18413,0.029665,0.449134,-0.035408,-0.084532,-0.014022,0.177010,-0.980472,136.096230,0.000000
18417,0.029636,0.449145,-0.035418,-0.084383,-0.014054,0.176764,-0.980529,135.914612,0.000343
18420,0.029607,0.449152,-0.035421,-0.084261,-0.014080,0.176503,-0.980586,135.704842,0.000343
18424,0.029558,0.449162,-0.035420,-0.084241,-0.013990,0.176266,-0.980631,135.506744,0.000000
18428,0.029512,0.449173,-0.035425,-0.084022,-0.014069,0.175897,-0.980715,135.303841,0.000343
18431,0.029475,0.449179,-0.035436,-0.084082,-0.014026,0.175770,-0.980734,135.084801,0.000687
18435,0.029425,0.449192,-0.035463,-0.083891,-0.014084,0.175393,-0.980817,134.867821,0.000343
18438,0.029390,0.449201,-0.035485,-0.083732,-0.014067,0.175224,-0.980861,134.625435,0.000343
18442,0.029343,0.449213,-0.035523,-0.083497,-0.014076,0.174868,-0.980944,134.394379,0.000000
18445,0.029311,0.449229,-0.035548,-0.083489,-0.013964,0.174706,-0.980975,134.175682,0.000000
18449,0.029275,0.449240,-0.035575,-0.083182,-0.014063,0.174374,-0.981059,133.967972,0.000000
18452,0.029253,0.449247,-0.035585,-0.083170,-0.014022,0.174202,-0.981091,133.769875,0.000343
18456,0.029215,0.449255,-0.035595,-0.083029,-0.013941,0.173879,-0.981161,133.552895,0.000000
18460,0.029186,0.449259,-0.035597,-0.082940,-0.014050,0.173741,-0.981192,133.357544,0.000000
18463,0.029158,0.449266,-0.035603,-0.082795,-0.014057,0.173479,-0.981250,133.137474,0.000000
18467,0.029108,0.449273,-0.035619,-0.082817,-0.013927,0.173256,-0.981290,132.920494,0.000343
18470,0.029069,0.449281,-0.035632,-0.082598,-0.014020,0.172988,-0.981354,132.712097,0.000343
18474,0.029016,0.449295,-0.035658,-0.082443,-0.014016,0.172729,-0.981413,132.506447,0.000000
18477,0.028975,0.449303,-0.035682,-0.082317,-0.014042,0.172492,-0.981465,132.268867,0.000343
18481,0.028930,0.449316,-0.035714,-0.082337,-0.013957,0.172303,-0.981498,132.044334,0.000000
18485,0.028884,0.449330,-0.035741,-0.081982,-0.014056,0.171948,-0.981588,131.829414,0.000343
18488,0.028855,0.449333,-0.035757,-0.082002,-0.013999,0.171827,-0.981609,131.631660,0.000343
18491,0.028827,0.449343,-0.035765,-0.081902,-0.013990,0.171649,-0.981648,131.399574,0.000343
18495,0.028783,0.449352,-0.035777,-0.081760,-0.014075,0.171334,-0.981714,131.193924,0.000343
18499,0.028730,0.449361,-0.035791,-0.081613,-0.013997,0.170932,-0.981797,130.995483,0.000343
18502,0.028692,0.449368,-0.035802,-0.081588,-0.013972,0.170806,-0.981821,130.783310,0.000343
18506,0.028646,0.449382,-0.035821,-0.081279,-0.014099,0.170436,-0.981910,130.570450,0.000343
18509,0.028611,0.449389,-0.035846,-0.081334,-0.014036,0.170291,-0.981931,130.324287,0.000343
18513,0.028558,0.449401,-0.035874,-0.081191,-0.013977,0.169957,-0.982002,130.109024,0.000343
18516,0.028525,0.449413,-0.035894,-0.081106,-0.013945,0.169790,-0.982038,129.879341,0.000343
18520,0.028477,0.449424,-0.035920,-0.080870,-0.014022,0.169476,-0.982111,129.666481,0.000343
18523,0.028443,0.449431,-0.035935,-0.080795,-0.013953,0.169260,-0.982155,129.467354,0.000343
18527,0.028403,0.449440,-0.035948,-0.080656,-0.013968,0.169000,-0.982211,129.279556,0.000000
18531,0.028366,0.449443,-0.035957,-0.080571,-0.013933,0.168847,-0.982245,129.130898,0.000687
18534,0.028351,0.449451,-0.035963,-0.080545,-0.013887,0.168617,-0.982287,128.997688,0.000343
18538,0.028332,0.449458,-0.035969,-0.080528,-0.013911,0.168526,-0.982304,128.883018,0.000343
18541,0.028311,0.449460,-0.035980,-0.080346,-0.013984,0.168339,-0.982350,128.766975,0.000343
18545,0.028296,0.449470,-0.035999,-0.080463,-0.013817,0.168254,-0.982357,128.616943,0.000343
18548,0.028276,0.449475,-0.036015,-0.080359,-0.013840,0.168072,-0.982397,128.458672,0.000000
18552,0.028251,0.449482,-0.036036,-0.080151,-0.013952,0.167901,-0.982441,128.283920,0.000343
18555,0.028225,0.449488,-0.036051,-0.080053,-0.013932,0.167685,-0.982486,128.124619,0.000000
18555,0.028225,0.449488,-0.036051,-0.080053,-0.013932,0.167685,-0.982486,127.959824,0.000343
18555,0.028225,0.449488,-0.036051,-0.080053,-0.013932,0.167685,-0.982486,127.832108,0.000343
18555,0.028225,0.449488,-0.036051,-0.080053,-0.013932,0.167685,-0.982486,127.699928,0.000343
18555,0.028225,0.449488,-0.036051,-0.080053,-0.013932,0.167685,-0.982486,127.583542,0.000343
18555,0.028225,0.449488,-0.036051,-0.080053,-0.013932,0.167685,-0.982486,127.474022,0.000343
18555,0.028225,0.449488,-0.036051,-0.080053,-0.013932,0.167685,-0.982486,127.340126,0.000343
18555,0.028225,0.449488,-0.036051,-0.080053,-0.013932,0.167685,-0.982486,127.186317,0.000343
18555,0.028225,0.449488,-0.036051,-0.080053,-0.013932,0.167685,-0.982486,127.024956,0.000343
18555,0.028225,0.449488,-0.036051,-0.080053,-0.013932,0.167685,-0.982486,126.869774,0.000343
18555,0.028225,0.449488,-0.036051,-0.080053,-0.013932,0.167685,-0.982486,126.707382,0.000343
18555,0.028225,0.449488,-0.036051,-0.080053,-0.013932,0.167685,-0.982486,126.583099,0.000000
18555,0.028225,0.449488,-0.036051,-0.080053,-0.013932,0.167685,-0.982486,126.444740,0.000343
18555,0.028225,0.449488,-0.036051,-0.080053,-0.013932,0.167685,-0.982486,126.307411,0.000343
18555,0.028225,0.449488,-0.036051,-0.080053,-0.013932,0.167685,-0.982486,126.180382,0.000343
18555,0.028225,0.449488,-0.036051,-0.080053,-0.013932,0.167685,-0.982486,126.045456,0.000343
18555,0.028225,0.449488,-0.036051,-0.080053,-0.013932,0.167685,-0.982486,125.898514,0.000343
18555,0.028225,0.449488,-0.036051,-0.080053,-0.013932,0.167685,-0.982486,125.748825,0.000343
18555,0.028225,0.449488,-0.036051,-0.080053,-0.013932,0.167685,-0.982486,125.611153,0.000343
18555,0.028225,0.449488,-0.036051,-0.080053,-0.013932,0.167685,-0.982486,125.462151,0.000343
18555,0.028225,0.449488,-0.036051,-0.080053,-0.013932,0.167685,-0.982486,125.306625,0.000000
18555,0.028225,0.449488,-0.036051,-0.080053,-0.013932,0.167685,-0.982486,125.173416,0.000343
18555,0.028225,0.449488,-0.036051,-0.080053,-0.013932,0.167685,-0.982486,125.031281,0.000343
18555,0.028225,0.449488,-0.036051,-0.080053,-0.013932,0.167685,-0.982486,124.889832,0.000343
18555,0.028225,0.449488,-0.036051,-0.080053,-0.013932,0.167685,-0.982486,124.748039,0.000343
18555,0.028225,0.449488,-0.036051,-0.080053,-0.013932,0.167685,-0.982486,124.604874,0.000343
18555,0.028225,0.449488,-0.036051,-0.080053,-0.013932,0.167685,-0.982486,124.466515,0.000000
18555,0.028225,0.449488,-0.036051,-0.080053,-0.013932,0.167685,-0.982486,124.336739,0.000343
18555,0.028225,0.449488,-0.036051,-0.080053,-0.013932,0.167685,-0.982486,124.188080,0.000343
18555,0.028225,0.449488,-0.036051,-0.080053,-0.013932,0.167685,-0.982486,124.042168,0.000000
18662,0.027436,0.449655,-0.036397,-0.077778,-0.013816,0.162707,-0.983507,123.909645,0.000343
18665,0.027415,0.449661,-0.036410,-0.077645,-0.013915,0.162576,-0.983538,123.763046,0.000343
18669,0.027388,0.449669,-0.036429,-0.077615,-0.013843,0.162428,-0.983566,123.621254,0.000343
18672,0.027369,0.449677,-0.036441,-0.077618,-0.013788,0.162296,-0.983588,123.479805,0.000343
18676,0.027351,0.449684,-0.036446,-0.077472,-0.013877,0.162217,-0.983611,123.333549,0.000000
18680,0.027328,0.449687,-0.036451,-0.077461,-0.013787,0.162049,-0.983641,123.188324,0.000343
18683,0.027312,0.449692,-0.036456,-0.077460,-0.013804,0.161940,-0.983659,123.031082,0.000343
18687,0.027291,0.449697,-0.036460,-0.077283,-0.013869,0.161770,-0.983700,122.901993,0.000343
18690,0.027272,0.449702,-0.036470,-0.077229,-0.013908,0.161653,-0.983723,122.776680,0.000343
18694,0.027241,0.449709,-0.036486,-0.077167,-0.013803,0.161485,-0.983757,122.647247,0.000343
18697,0.027217,0.449710,-0.036498,-0.077001,-0.013843,0.161345,-0.983792,122.509232,0.000000
18701,0.027188,0.449722,-0.036513,-0.076816,-0.013912,0.161163,-0.983835,122.358856,0.000343
18705,0.027155,0.449723,-0.036532,-0.076716,-0.013902,0.160902,-0.983886,122.206764,0.000000
18708,0.027139,0.449732,-0.036538,-0.076688,-0.013879,0.160832,-0.983900,122.054672,0.000000
18712,0.027114,0.449739,-0.036543,-0.076538,-0.013937,0.160598,-0.983949,121.907043,0.000343
18715,0.027096,0.449744,-0.036546,-0.076603,-0.013822,0.160489,-0.983963,121.769714,0.000000
18719,0.027069,0.449745,-0.036550,-0.076419,-0.013892,0.160263,-0.984014,121.635132,0.000343
18722,0.027049,0.449747,-0.036556,-0.076347,-0.013938,0.160171,-0.984034,121.500206,0.000343
18726,0.027018,0.449752,-0.036573,-0.076317,-0.013826,0.159926,-0.984078,121.350517,0.000343
18729,0.027001,0.449762,-0.036588,-0.076337,-0.013794,0.159850,-0.984089,121.232071,0.000000
18733,0.026974,0.449767,-0.036611,-0.076119,-0.013929,0.159651,-0.984136,121.074486,0.000343
18737,0.026939,0.449771,-0.036638,-0.076192,-0.013804,0.159524,-0.984153,120.941277,0.000343
18740,0.026915,0.449781,-0.036652,-0.076166,-0.013799,0.159329,-0.984186,120.799141,0.000343
18744,0.026881,0.449788,-0.036668,-0.075972,-0.013857,0.159162,-0.984228,120.654259,0.000000
18747,0.026856,0.449791,-0.036674,-0.076002,-0.013824,0.158960,-0.984258,120.508003,0.000000
18751,0.026820,0.449797,-0.036676,-0.075984,-0.013745,0.158798,-0.984287,120.368271,0.000343
18754,0.026796,0.449800,-0.036672,-0.075917,-0.013775,0.158616,-0.984321,120.223732,0.000343
18758,0.026758,0.449804,-0.036674,-0.075863,-0.013719,0.158364,-0.984366,120.086403,0.000343
18761,0.026733,0.449807,-0.036681,-0.075748,-0.013732,0.158226,-0.984398,119.961090,0.000343
18765,0.026708,0.449813,-0.036695,-0.075624,-0.013765,0.158031,-0.984438,119.815865,0.000343
18768,0.026676,0.449826,-0.036715,-0.075568,-0.013544,0.158019,-0.984447,119.668236,0.000343
18772,0.026651,0.449825,-0.036747,-0.075568,-0.013646,0.157644,-0.984506,119.505501,0.000343
18775,0.026623,0.449831,-0.036772,-0.075397,-0.013680,0.157498,-0.984542,119.357872,0.000343
18779,0.026589,0.449843,-0.036805,-0.075252,-0.013687,0.157183,-0.984603,119.204063,0.000343
18783,0.026550,0.449849,-0.036825,-0.075134,-0.013633,0.156921,-0.984655,119.080811,0.000000
18786,0.026525,0.449852,-0.036831,-0.075002,-0.013658,0.156823,-0.984680,118.952408,0.000343
18790,0.026500,0.449861,-0.036834,-0.074958,-0.013675,0.156605,-0.984718,118.818512,0.000000
18793,0.026478,0.449866,-0.036832,-0.074905,-0.013668,0.156498,-0.984739,118.696289,0.000000
18797,0.026454,0.449867,-0.036832,-0.074813,-0.013670,0.156311,-0.984776,118.542137,0.000343
18800,0.026441,0.449873,-0.036833,-0.074767,-0.013672,0.156172,-0.984801,118.411331,0.000000
18804,0.026417,0.449877,-0.036841,-0.074715,-0.013650,0.156046,-0.984825,118.237953,0.000343
18807,0.026393,0.449880,-0.036856,-0.074586,-0.013640,0.155856,-0.984865,118.103027,0.000000
18811,0.026366,0.449888,-0.036875,-0.074479,-0.013698,0.155723,-0.984894,117.953339,0.000000
18815,0.026338,0.449898,-0.036895,-0.074534,-0.013620,0.155584,-0.984913,117.808456,0.000000
18818,0.026310,0.449900,-0.036913,-0.074347,-0.013649,0.155430,-0.984951,117.661171,0.000343
18822,0.026283,0.449907,-0.036931,-0.074257,-0.013726,0.155256,-0.984984,117.523499,0.000000
18825,0.026259,0.449911,-0.036943,-0.074192,-0.013738,0.155066,-0.985018,117.387886,0.000343
18829,0.026226,0.449916,-0.036954,-0.074168,-0.013633,0.154880,-0.985051,117.279396,0.000343
18832,0.026207,0.449919,-0.036957,-0.074140,-0.013677,0.154820,-0.985062,117.139664,0.000000
18836,0.026182,0.449926,-0.036961,-0.073978,-0.013724,0.154593,-0.985109,116.987915,0.000000
18839,0.026158,0.449927,-0.036972,-0.073959,-0.013670,0.154475,-0.985130,116.839600,0.000343
18843,0.026130,0.449932,-0.036986,-0.073837,-0.013716,0.154256,-0.985173,116.671715,0.000000
18847,0.026105,0.449938,-0.037006,-0.073692,-0.013748,0.154014,-0.985221,116.541595,0.000000
18850,0.026082,0.449944,-0.037022,-0.073630,-0.013702,0.153888,-0.985246,116.396027,0.000343
18854,0.026057,0.449953,-0.037038,-0.073477,-0.013747,0.153674,-0.985290,116.259727,0.000000
18857,0.026039,0.449959,-0.037052,-0.073453,-0.013711,0.153556,-0.985311,116.122742,0.000343
18861,0.026007,0.449964,-0.037063,-0.073429,-0.013648,0.153394,-0.985339,115.988503,0.000343
18864,0.025984,0.449968,-0.037069,-0.073397,-0.013627,0.153267,-0.985361,115.853233,0.000000
18868,0.025965,0.449982,-0.037060,-0.073451,-0.013906,0.153196,-0.985364,115.714188,0.000000
18871,0.025928,0.449974,-0.037078,-0.073139,-0.013774,0.152949,-0.985428,115.576172,0.000000
18875,0.025893,0.449978,-0.037087,-0.073194,-0.013695,0.152829,-0.985443,115.428543,0.000000
18878,0.025868,0.449983,-0.037098,-0.073156,-0.013676,0.152585,-0.985484,115.283661,0.000000
18882,0.025835,0.449991,-0.037117,-0.072990,-0.013734,0.152480,-0.985512,115.151138,0.000343
18886,0.025802,0.449996,-0.037141,-0.072935,-0.013688,0.152314,-0.985542,115.018616,0.000000
18889,0.025783,0.450003,-0.037158,-0.072929,-0.013653,0.152169,-0.985566,114.856911,0.000000
18893,0.025758,0.450011,-0.037181,-0.072850,-0.013605,0.151999,-0.985598,114.726791,0.000000
18896,0.025739,0.450015,-0.037193,-0.072788,-0.013630,0.151884,-0.985620,114.572639,0.000000
18900,0.025713,0.450020,-0.037203,-0.072573,-0.013718,0.151665,-0.985669,114.417458,0.000000
18903,0.025691,0.450028,-0.037207,-0.072615,-0.013694,0.151555,-0.985683,114.269829,0.000000
18907,0.025654,0.450031,-0.037216,-0.072547,-0.013603,0.151300,-0.985728,114.129753,0.000000
18910,0.025633,0.450037,-0.037219,-0.072554,-0.013585,0.151230,-0.985739,113.995514,0.000000
18914,0.025603,0.450043,-0.037227,-0.072350,-0.013617,0.150939,-0.985798,113.855782,0.000000
18917,0.025577,0.450045,-0.037238,-0.072281,-0.013607,0.150852,-0.985816,113.722229,0.000000
18921,0.025545,0.450049,-0.037254,-0.072193,-0.013586,0.150598,-0.985862,113.584213,0.000000
18925,0.025526,0.450059,-0.037264,-0.072122,-0.013658,0.150447,-0.985889,113.451347,0.000000
18928,0.025503,0.450062,-0.037277,-0.072054,-0.013616,0.150310,-0.985916,113.302689,0.000000
18932,0.025479,0.450068,-0.037289,-0.072061,-0.013548,0.150181,-0.985936,113.183212,0.000000
18935,0.025463,0.450070,-0.037295,-0.071964,-0.013618,0.150028,-0.985965,113.040047,0.000000
18939,0.025441,0.450073,-0.037302,-0.071880,-0.013562,0.149920,-0.985988,112.894478,0.000000
18942,0.025420,0.450073,-0.037308,-0.071807,-0.013510,0.149704,-0.986027,112.744789,0.000000
18946,0.025399,0.450079,-0.037313,-0.071666,-0.013641,0.149591,-0.986053,112.601967,0.000000
18949,0.025376,0.450083,-0.037325,-0.071606,-0.013603,0.149378,-0.986090,112.459488,0.000000
18953,0.025340,0.450085,-0.037343,-0.071653,-0.013499,0.149206,-0.986114,112.288513,0.000000
18957,0.025313,0.450094,-0.037361,-0.071418,-0.013648,0.149015,-0.986158,112.151527,0.000000
18960,0.025289,0.450100,-0.037383,-0.071428,-0.013574,0.148819,-0.986188,112.000465,0.000000
18964,0.025249,0.450106,-0.037408,-0.071261,-0.013521,0.148567,-0.986239,111.855927,0.000000
18967,0.025229,0.450109,-0.037419,-0.071210,-0.013534,0.148460,-0.986259,111.729927,0.000000
18971,0.025203,0.450114,-0.037428,-0.071066,-0.013632,0.148275,-0.986295,111.617661,0.000000
18974,0.025187,0.450116,-0.037430,-0.071034,-0.013567,0.148178,-0.986313,111.487885,0.000000
18978,0.025164,0.450121,-0.037429,-0.070973,-0.013617,0.147988,-0.986345,111.332359,0.000000
18981,0.025152,0.450126,-0.037430,-0.070993,-0.013582,0.147926,-0.986354,111.205673,0.000000
18985,0.025125,0.450130,-0.037438,-0.070898,-0.013564,0.147697,-0.986395,111.051521,0.000000
18989,0.025098,0.450134,-0.037450,-0.070706,-0.013632,0.147506,-0.986436,110.895653,0.000000
18992,0.025080,0.450144,-0.037465,-0.070662,-0.013652,0.147326,-0.986466,110.744247,-0.000343
18996,0.025043,0.450147,-0.037490,-0.070545,-0.013585,0.147134,-0.986504,110.611725,0.000000
18999,0.025027,0.450158,-0.037507,-0.070545,-0.013576,0.147019,-0.986521,110.477486,0.000000
19003,0.025006,0.450163,-0.037521,-0.070441,-0.013713,0.146923,-0.986541,110.325737,0.000000
19006,0.024986,0.450168,-0.037531,-0.070368,-0.013732,0.146781,-0.986567,110.191841,0.000000
19010,0.024953,0.450168,-0.037540,-0.070423,-0.013604,0.146668,-0.986582,110.068588,0.000000
19013,0.024932,0.450169,-0.037543,-0.070208,-0.013706,0.146454,-0.986628,109.930916,0.000000
19017,0.024903,0.450173,-0.037548,-0.070159,-0.013741,0.146365,-0.986644,109.779854,0.000000
19020,0.024883,0.450180,-0.037557,-0.070178,-0.013646,0.146138,-0.986678,109.628105,0.000000
19024,0.024851,0.450187,-0.037570,-0.070102,-0.013668,0.146063,-0.986694,109.477386,0.000000
19028,0.024821,0.450195,-0.037590,-0.069944,-0.013697,0.145857,-0.986735,109.336281,0.000000
19031,0.024795,0.450195,-0.037606,-0.069830,-0.013701,0.145738,-0.986761,109.197235,0.000000
19035,0.024776,0.450215,-0.037620,-0.069615,-0.013907,0.145731,-0.986774,109.053383,0.000000
19038,0.024756,0.450206,-0.037643,-0.069589,-0.013787,0.145419,-0.986824,108.931503,0.000000
19042,0.024723,0.450212,-0.037663,-0.069607,-0.013682,0.145233,-0.986851,108.806534,0.000000
19045,0.024701,0.450215,-0.037666,-0.069499,-0.013718,0.145147,-0.986871,108.667831,0.000000
19049,0.024675,0.450232,-0.037660,-0.069120,-0.013966,0.145045,-0.986909,108.520889,0.000000
19052,0.024652,0.450236,-0.037661,-0.069110,-0.013942,0.144978,-0.986920,108.360558,-0.000343
19056,0.024606,0.450235,-0.037677,-0.069205,-0.013653,0.144644,-0.986966,108.203659,0.000000
19060,0.024585,0.450238,-0.037688,-0.069123,-0.013866,0.144355,-0.987011,108.033028,0.000000
19063,0.024555,0.450239,-0.037702,-0.068942,-0.013876,0.144137,-0.987056,107.891235,0.000000
19067,0.024515,0.450252,-0.037722,-0.068899,-0.013683,0.144160,-0.987058,107.771416,0.000000
19070,0.024507,0.450245,-0.037743,-0.068772,-0.013869,0.143823,-0.987114,107.661209,-0.000343
19074,0.024487,0.450257,-0.037765,-0.068833,-0.013816,0.143789,-0.987115,107.546196,0.000000
19077,0.024457,0.450266,-0.037783,-0.068717,-0.013666,0.143776,-0.987127,107.419853,0.000000
19081,0.024435,0.450268,-0.037800,-0.068577,-0.013741,0.143659,-0.987153,107.266045,0.000000
19085,0.024408,0.450273,-0.037811,-0.068517,-0.013635,0.143492,-0.987183,107.124252,0.000000
19088,0.024384,0.450277,-0.037815,-0.068512,-0.013657,0.143380,-0.987199,106.948128,-0.000343
19092,0.024353,0.450282,-0.037818,-0.068372,-0.013720,0.143112,-0.987247,106.778526,0.000000
19095,0.024328,0.450287,-0.037821,-0.068327,-0.013695,0.142938,-0.987275,106.607552,0.000000
19099,0.024285,0.450292,-0.037829,-0.068253,-0.013614,0.142703,-0.987316,106.474686,-0.000343
19102,0.024260,0.450296,-0.037834,-0.068229,-0.013606,0.142572,-0.987336,106.356583,0.000000
19106,0.024239,0.450309,-0.037847,-0.068136,-0.013665,0.142309,-0.987380,106.248093,0.000000
19109,0.024211,0.450308,-0.037858,-0.068019,-0.013686,0.142312,-0.987387,106.116943,0.000000
19113,0.024186,0.450313,-0.037880,-0.067903,-0.013668,0.142020,-0.987437,105.985794,-0.000343
19116,0.024173,0.450323,-0.037893,-0.067925,-0.013660,0.142002,-0.987439,105.839195,0.000000
19120,0.024139,0.450328,-0.037916,-0.067750,-0.013644,0.141750,-0.987487,105.691566,0.000000
19123,0.024124,0.450318,-0.037930,-0.067715,-0.013838,0.141462,-0.987528,105.526772,-0.000343
19127,0.024078,0.450334,-0.037947,-0.067418,-0.013707,0.141387,-0.987561,105.392189,-0.000343
19131,0.024041,0.450344,-0.037960,-0.067434,-0.013603,0.141269,-0.987578,105.241814,-0.000343
19134,0.024025,0.450331,-0.037968,-0.067371,-0.013834,0.140808,-0.987645,105.101051,0.000000
19138,0.024000,0.450336,-0.037970,-0.067273,-0.013931,0.140659,-0.987672,104.963722,-0.000343
19141,0.023976,0.450339,-0.037975,-0.067144,-0.013929,0.140484,-0.987705,104.843559,0.000000
19145,0.023949,0.450344,-0.037983,-0.067304,-0.013767,0.140399,-0.987709,104.702110,0.000000
19148,0.023923,0.450353,-0.037987,-0.067031,-0.013883,0.140320,-0.987737,104.559975,-0.000343
19152,0.023904,0.450350,-0.038003,-0.067000,-0.013868,0.140034,-0.987780,104.416122,0.000000
19156,0.023882,0.450360,-0.038021,-0.067044,-0.013765,0.139912,-0.987796,104.273643,-0.000343
19159,0.023860,0.450369,-0.038029,-0.066774,-0.013913,0.139893,-0.987814,104.132195,0.000000
19162,0.023843,0.450377,-0.038044,-0.066688,-0.013902,0.139685,-0.987850,103.986626,0.000000
19166,0.023812,0.450381,-0.038062,-0.066671,-0.013859,0.139578,-0.987867,103.834190,-0.000343
19170,0.023787,0.450389,-0.038078,-0.066531,-0.013951,0.139391,-0.987902,103.714371,0.000000
19173,0.023760,0.450390,-0.038088,-0.066446,-0.013898,0.139261,-0.987926,103.567085,0.000000
19177,0.023728,0.450393,-0.038098,-0.066317,-0.013898,0.138969,-0.987976,103.421516,0.000000
19180,0.023703,0.450398,-0.038105,-0.066461,-0.013755,0.138942,-0.987972,103.281441,-0.000343
19184,0.023677,0.450404,-0.038111,-0.066267,-0.013850,0.138689,-0.988019,103.146515,-0.000343
19188,0.023649,0.450408,-0.038116,-0.066267,-0.013801,0.138532,-0.988042,102.992363,0.000000
19191,0.023628,0.450411,-0.038127,-0.066204,-0.013790,0.138371,-0.988069,102.868423,0.000000
19194,0.023612,0.450411,-0.038136,-0.066086,-0.013846,0.138289,-0.988088,102.726631,-0.000343
19198,0.023588,0.450417,-0.038158,-0.065908,-0.013909,0.138062,-0.988130,102.583122,0.000000
19202,0.023560,0.450420,-0.038180,-0.065918,-0.013818,0.137928,-0.988150,102.446136,0.000000
19205,0.023544,0.450427,-0.038196,-0.065848,-0.013868,0.137792,-0.988173,102.298164,-0.000343
19209,0.023517,0.450418,-0.038221,-0.065850,-0.013897,0.137483,-0.988215,102.146416,0.000000
19212,0.023491,0.450436,-0.038229,-0.065653,-0.013840,0.137469,-0.988231,101.993980,-0.000343
19216,0.023464,0.450425,-0.038243,-0.065607,-0.013947,0.137125,-0.988280,101.872101,-0.000343
19219,0.023430,0.450437,-0.038254,-0.065626,-0.013719,0.137094,-0.988287,101.740608,0.000000
19223,0.023408,0.450430,-0.038254,-0.065586,-0.013857,0.136833,-0.988324,101.601219,-0.000343
19227,0.023382,0.450432,-0.038256,-0.065418,-0.013995,0.136608,-0.988364,101.452217,-0.000343
19230,0.023347,0.450446,-0.038268,-0.065553,-0.013647,0.136663,-0.988352,101.323128,0.000000
19233,0.023339,0.450441,-0.038270,-0.065309,-0.013993,0.136343,-0.988408,101.188545,-0.000343
19237,0.023308,0.450444,-0.038285,-0.065283,-0.013899,0.136180,-0.988433,101.037140,-0.000343
19241,0.023265,0.450455,-0.038312,-0.065115,-0.013683,0.136039,-0.988467,100.874748,-0.000343
19244,0.023264,0.450458,-0.038320,-0.065135,-0.013954,0.135850,-0.988488,100.719566,-0.000343
19248,0.023233,0.450462,-0.038343,-0.064979,-0.013940,0.135529,-0.988542,100.564041,-0.000343
19251,0.023211,0.450463,-0.038353,-0.064861,-0.013997,0.135452,-0.988560,100.453148,-0.000343
19255,0.023179,0.450470,-0.038372,-0.064816,-0.013950,0.135178,-0.988601,100.328178,-0.000343
19258,0.023156,0.450469,-0.038379,-0.064737,-0.013975,0.135135,-0.988611,100.193939,-0.000343
19262,0.023133,0.450479,-0.038388,-0.064639,-0.014054,0.134943,-0.988643,100.062103,-0.000343
19265,0.023109,0.450478,-0.038393,-0.064483,-0.014080,0.134833,-0.988668,99.920998,0.000000
19269,0.023077,0.450482,-0.038404,-0.064445,-0.014010,0.134614,-0.988701,99.758949,0.000000
19273,0.023051,0.450488,-0.038411,-0.064347,-0.014108,0.134485,-0.988724,99.622993,-0.000343
19276,0.023028,0.450492,-0.038420,-0.064260,-0.014114,0.134303,-0.988754,99.465065,-0.000343
19280,0.022995,0.450497,-0.038435,-0.064302,-0.014023,0.134166,-0.988771,99.324646,-0.000343
19283,0.022979,0.450508,-0.038447,-0.064249,-0.014061,0.133961,-0.988802,99.169121,0.000000
19287,0.022957,0.450509,-0.038461,-0.064085,-0.014105,0.133821,-0.988831,99.049301,0.000000
19290,0.022935,0.450513,-0.038473,-0.063968,-0.014139,0.133591,-0.988869,98.916435,-0.000343
19294,0.022910,0.450518,-0.038486,-0.064069,-0.014006,0.133498,-0.988877,98.782196,0.000000
19297,0.022885,0.450519,-0.038490,-0.063819,-0.014154,0.133297,-0.988918,98.647270,0.000000
19301,0.022845,0.450523,-0.038502,-0.063827,-0.014055,0.133167,-0.988936,98.505135,-0.000343
19305,0.022804,0.450530,-0.038515,-0.063609,-0.014036,0.132952,-0.988980,98.355446,0.000000
19308,0.022791,0.450536,-0.038524,-0.063728,-0.014103,0.132804,-0.988991,98.212280,0.000000
19312,0.022749,0.450539,-0.038545,-0.063581,-0.014031,0.132539,-0.989037,98.059158,-0.000343
19315,0.022728,0.450544,-0.038554,-0.063596,-0.013981,0.132455,-0.989048,97.935219,0.000000
19319,0.022700,0.450548,-0.038570,-0.063244,-0.014134,0.132150,-0.989109,97.792397,0.000000
19322,0.022679,0.450550,-0.038580,-0.063194,-0.014136,0.132049,-0.989126,97.649918,-0.000343
19326,0.022650,0.450560,-0.038594,-0.063269,-0.014014,0.131813,-0.989154,97.515335,0.000000
19329,0.022629,0.450560,-0.038600,-0.063096,-0.014086,0.131704,-0.989179,97.370796,-0.000343
19333,0.022598,0.450562,-0.038611,-0.062902,-0.014152,0.131407,-0.989230,97.217331,-0.000343
19336,0.022565,0.450574,-0.038621,-0.062953,-0.013904,0.131444,-0.989225,97.085152,-0.000343
19340,0.022539,0.450573,-0.038633,-0.062856,-0.014109,0.131067,-0.989278,96.936836,-0.000343
19343,0.022507,0.450573,-0.038646,-0.062729,-0.014153,0.130923,-0.989305,96.798477,-0.000343
19347,0.022471,0.450590,-0.038657,-0.062578,-0.014148,0.130837,-0.989326,96.643982,-0.000343
19351,0.022435,0.450583,-0.038680,-0.062582,-0.014120,0.130583,-0.989359,96.521072,-0.000343
19354,0.022412,0.450591,-0.038692,-0.062519,-0.014120,0.130379,-0.989390,96.387520,0.000000
19358,0.022364,0.450600,-0.038708,-0.062448,-0.013857,0.130416,-0.989394,96.256371,-0.000343
19361,0.022355,0.450594,-0.038715,-0.062351,-0.014128,0.130084,-0.989440,96.114578,0.000000
19365,0.022336,0.450597,-0.038722,-0.062261,-0.014169,0.129955,-0.989462,95.957680,-0.000343
19368,0.022320,0.450603,-0.038732,-0.062253,-0.014161,0.129783,-0.989485,95.829277,0.000000
19372,0.022292,0.450607,-0.038746,-0.062277,-0.014063,0.129655,-0.989502,95.664139,-0.000343
19376,0.022262,0.450613,-0.038763,-0.062032,-0.014208,0.129393,-0.989549,95.536766,-0.000343
19379,0.022236,0.450617,-0.038779,-0.062070,-0.014139,0.129311,-0.989559,95.393257,0.000000
19383,0.022198,0.450619,-0.038801,-0.061886,-0.014192,0.129056,-0.989603,95.245972,-0.000343
19386,0.022175,0.450626,-0.038815,-0.061875,-0.014179,0.128952,-0.989617,95.106926,0.000000
19390,0.022137,0.450626,-0.038835,-0.061609,-0.014253,0.128656,-0.989671,94.971313,-0.000343
19393,0.022111,0.450628,-0.038842,-0.061599,-0.014171,0.128565,-0.989685,94.833298,-0.000343
19397,0.022085,0.450631,-0.038850,-0.061386,-0.014291,0.128308,-0.989730,94.695282,-0.000343
19400,0.022056,0.450641,-0.038849,-0.061360,-0.014134,0.128386,-0.989723,94.551773,0.000000
19404,0.022023,0.450643,-0.038858,-0.061267,-0.014041,0.128125,-0.989764,94.411011,0.000000
19407,0.022005,0.450645,-0.038865,-0.061334,-0.013976,0.128037,-0.989772,94.271965,-0.000343
19411,0.021984,0.450649,-0.038874,-0.061125,-0.014102,0.127809,-0.989813,94.135323,-0.000343
19415,0.021952,0.450651,-0.038895,-0.061150,-0.013968,0.127659,-0.989833,93.997307,-0.000343
19418,0.021933,0.450657,-0.038911,-0.061043,-0.014018,0.127493,-0.989860,93.855171,-0.000343
19422,0.021907,0.450663,-0.038930,-0.060964,-0.013998,0.127356,-0.989883,93.717155,-0.000343
19425,0.021881,0.450665,-0.038948,-0.060722,-0.014051,0.127128,-0.989926,93.568153,-0.000343
19429,0.021848,0.450667,-0.038964,-0.060685,-0.013998,0.127050,-0.989939,93.421898,0.000000
19432,0.021826,0.450672,-0.038972,-0.060572,-0.014041,0.126858,-0.989970,93.281136,0.000000
19436,0.021809,0.450671,-0.038971,-0.060563,-0.014206,0.126645,-0.989996,93.142776,-0.000343
19440,0.021770,0.450678,-0.038983,-0.060446,-0.014045,0.126501,-0.990024,92.993774,0.000000
19443,0.021766,0.450678,-0.038979,-0.060407,-0.014312,0.126361,-0.990040,92.870865,0.000000
19446,0.021747,0.450679,-0.038987,-0.060357,-0.014288,0.126182,-0.990066,92.731133,-0.000343
19450,0.021719,0.450685,-0.039003,-0.060464,-0.014105,0.126037,-0.990081,92.600327,-0.000343
19454,0.021705,0.450691,-0.039017,-0.060255,-0.014299,0.125767,-0.990125,92.465401,0.000000
19457,0.021684,0.450696,-0.039027,-0.060278,-0.014221,0.125791,-0.990122,92.315369,-0.000343
19461,0.021651,0.450701,-0.039047,-0.060164,-0.014149,0.125524,-0.990164,92.165337,0.000000
19464,0.021631,0.450703,-0.039056,-0.060062,-0.014200,0.125443,-0.990179,91.993675,0.000000
19468,0.021602,0.450708,-0.039064,-0.059858,-0.014298,0.125146,-0.990228,91.853600,-0.000343
19472,0.021569,0.450715,-0.039075,-0.059947,-0.014200,0.125050,-0.990236,91.716270,0.000000
19475,0.021545,0.450714,-0.039081,-0.059736,-0.014281,0.124826,-0.990276,91.586151,0.000000
19478,0.021526,0.450719,-0.039087,-0.059780,-0.014283,0.124776,-0.990279,91.466675,-0.000343
19482,0.021491,0.450720,-0.039103,-0.059668,-0.014239,0.124538,-0.990317,91.320763,-0.000343
19486,0.021465,0.450727,-0.039122,-0.059555,-0.014294,0.124444,-0.990335,91.183090,0.000000
19489,0.021442,0.450731,-0.039140,-0.059307,-0.014380,0.124212,-0.990377,91.038551,0.000000
19493,0.021414,0.450737,-0.039164,-0.059401,-0.014254,0.124119,-0.990385,90.896416,0.000000
19496,0.021387,0.450740,-0.039181,-0.059154,-0.014320,0.123858,-0.990432,90.749130,0.000000
19500,0.021363,0.450749,-0.039193,-0.059045,-0.014383,0.123732,-0.990453,90.604591,-0.000343
19503,0.021336,0.450749,-0.039203,-0.058893,-0.014386,0.123487,-0.990493,90.482368,0.000000
19507,0.021298,0.450751,-0.039209,-0.058891,-0.014297,0.123365,-0.990509,90.344353,0.000000
19511,0.021268,0.450755,-0.039212,-0.058693,-0.014387,0.123121,-0.990550,90.202904,-0.000343
19514,0.021243,0.450759,-0.039213,-0.058689,-0.014306,0.123034,-0.990562,90.049782,-0.000343
19518,0.021213,0.450762,-0.039221,-0.058716,-0.014283,0.122830,-0.990586,89.926186,0.000000
19521,0.021184,0.450764,-0.039233,-0.058616,-0.014238,0.122721,-0.990606,89.778557,-0.000343
19525,0.021149,0.450768,-0.039253,-0.058428,-0.014264,0.122451,-0.990651,89.623032,-0.000343
19528,0.021117,0.450765,-0.039283,-0.058722,-0.013951,0.122331,-0.990652,89.463043,-0.000343
19532,0.021082,0.450774,-0.039307,-0.058347,-0.014075,0.122039,-0.990709,89.319878,0.000000
19535,0.021059,0.450774,-0.039329,-0.058486,-0.013998,0.121952,-0.990712,89.192848,0.000000
19539,0.021026,0.450779,-0.039350,-0.058315,-0.013903,0.121704,-0.990755,89.068565,0.000000
19543,0.021005,0.450781,-0.039358,-0.058190,-0.014008,0.121602,-0.990773,88.939476,0.000000
19546,0.020990,0.450782,-0.039364,-0.058178,-0.014020,0.121422,-0.990795,88.804893,0.000000
19549,0.020969,0.450783,-0.039366,-0.058088,-0.014019,0.121403,-0.990803,88.665161,-0.000343
19553,0.020944,0.450785,-0.039372,-0.058017,-0.014018,0.121158,-0.990837,88.516846,0.000000
19557,0.020918,0.450790,-0.039381,-0.057917,-0.014047,0.120999,-0.990862,88.367500,-0.000343
19560,0.020892,0.450792,-0.039392,-0.057812,-0.014041,0.120824,-0.990890,88.220215,0.000000
19564,0.020855,0.450794,-0.039414,-0.057913,-0.013891,0.120678,-0.990904,88.081169,-0.000343
19567,0.020840,0.450790,-0.039427,-0.057581,-0.014295,0.120255,-0.990969,87.939720,0.000000
19571,0.020810,0.450794,-0.039449,-0.057531,-0.014247,0.120133,-0.990987,87.803421,0.000000
19574,0.020791,0.450803,-0.039461,-0.057484,-0.014253,0.119939,-0.991013,87.658882,0.000000
19578,0.020771,0.450805,-0.039474,-0.057379,-0.014310,0.119840,-0.991030,87.528419,-0.000343
19582,0.020742,0.450812,-0.039482,-0.057325,-0.014186,0.119686,-0.991054,87.389374,0.000000
19585,0.020728,0.450809,-0.039482,-0.057300,-0.014243,0.119512,-0.991076,87.254448,0.000000
19589,0.020700,0.450812,-0.039487,-0.057085,-0.014276,0.119336,-0.991109,87.102013,0.000000
19592,0.020682,0.450814,-0.039490,-0.057084,-0.014364,0.119176,-0.991127,86.951981,0.000000
19596,0.020639,0.450822,-0.039510,-0.057057,-0.014137,0.118958,-0.991158,86.808128,-0.000343
19599,0.020613,0.450825,-0.039523,-0.057037,-0.014137,0.118902,-0.991166,86.656380,0.000000
19603,0.020578,0.450834,-0.039547,-0.056809,-0.014205,0.118560,-0.991219,86.534500,-0.000343
19606,0.020550,0.450836,-0.039567,-0.056798,-0.014126,0.118441,-0.991235,86.404724,0.000000
19610,0.020519,0.450844,-0.039589,-0.056645,-0.014188,0.118157,-0.991277,86.282845,0.000000
19613,0.020493,0.450842,-0.039602,-0.056545,-0.014187,0.118072,-0.991292,86.144485,-0.000343
19617,0.020462,0.450846,-0.039611,-0.056430,-0.014166,0.117806,-0.991331,85.988617,0.000000
19621,0.020436,0.450848,-0.039615,-0.056364,-0.014219,0.117657,-0.991352,85.847168,0.000000
19624,0.020417,0.450853,-0.039617,-0.056278,-0.014209,0.117413,-0.991385,85.693016,0.000000
19628,0.020378,0.450852,-0.039625,-0.056235,-0.014163,0.117266,-0.991406,85.545731,-0.000343
19631,0.020353,0.450856,-0.039636,-0.056151,-0.014167,0.117024,-0.991439,85.398102,0.000000
19635,0.020325,0.450862,-0.039651,-0.056026,-0.014259,0.116913,-0.991458,85.241203,-0.000343
19638,0.020301,0.450868,-0.039669,-0.055961,-0.014246,0.116719,-0.991485,85.121727,0.000000
19642,0.020261,0.450866,-0.039699,-0.055885,-0.014159,0.116614,-0.991503,84.993668,-0.000343
19645,0.020241,0.450873,-0.039717,-0.055770,-0.014177,0.116391,-0.991535,84.878998,0.000000
19649,0.020216,0.450876,-0.039735,-0.055612,-0.014193,0.116322,-0.991552,84.742012,0.000000
19653,0.020185,0.450876,-0.039752,-0.055538,-0.014186,0.116096,-0.991583,84.595757,0.000000
19656,0.020168,0.450882,-0.039752,-0.055549,-0.014165,0.115994,-0.991594,84.435768,0.000000
19660,0.020134,0.450886,-0.039758,-0.055428,-0.014148,0.115737,-0.991631,84.263420,0.000000
19663,0.020110,0.450887,-0.039760,-0.055414,-0.014117,0.115604,-0.991648,84.120598,0.000000
19667,0.020082,0.450891,-0.039769,-0.055269,-0.014202,0.115410,-0.991678,83.991165,0.000000
19670,0.020062,0.450892,-0.039779,-0.055096,-0.014253,0.115304,-0.991699,83.858986,-0.000343
19674,0.020025,0.450896,-0.039804,-0.054956,-0.014161,0.115056,-0.991737,83.735046,0.000000
19677,0.020003,0.450899,-0.039821,-0.054972,-0.014158,0.115043,-0.991737,83.600121,0.000000
19681,0.019978,0.450905,-0.039845,-0.054674,-0.014309,0.114776,-0.991783,83.470688,0.000000
19685,0.019936,0.450904,-0.039874,-0.054886,-0.013932,0.114566,-0.991800,83.322372,0.000000
19688,0.019919,0.450908,-0.039884,-0.054820,-0.013969,0.114380,-0.991825,83.178177,0.000000
19692,0.019891,0.450913,-0.039892,-0.054761,-0.013994,0.114247,-0.991843,83.023682,0.000000
19695,0.019864,0.450913,-0.039898,-0.054600,-0.013954,0.114020,-0.991879,82.892189,-0.000343
19698,0.019847,0.450917,-0.039902,-0.054714,-0.013888,0.113983,-0.991878,82.747993,0.000000
19702,0.019839,0.450918,-0.039892,-0.054434,-0.014416,0.113598,-0.991930,82.603111,0.000000
19706,0.019809,0.450920,-0.039901,-0.054424,-0.014335,0.113480,-0.991945,82.470245,0.000000
19709,0.019761,0.450923,-0.039929,-0.054437,-0.013864,0.113440,-0.991956,82.330513,0.000000
19713,0.019765,0.450930,-0.039925,-0.054259,-0.014386,0.113187,-0.991987,82.180824,0.000000
19716,0.019739,0.450925,-0.039944,-0.054087,-0.014439,0.112986,-0.992018,82.052422,0.000000
19720,0.019704,0.450933,-0.039970,-0.054213,-0.014168,0.113026,-0.992011,81.913719,0.000000
19724,0.019689,0.450936,-0.039982,-0.053981,-0.014435,0.112747,-0.992051,81.777077,0.000000
19727,0.019661,0.450938,-0.039997,-0.053894,-0.014277,0.112699,-0.992064,81.637688,0.000000
19731,0.019627,0.450937,-0.040013,-0.053825,-0.014202,0.112455,-0.992096,81.476669,0.000000
19734,0.019606,0.450945,-0.040020,-0.053883,-0.014145,0.112390,-0.992101,81.352043,0.000000
19738,0.019572,0.450947,-0.040031,-0.053600,-0.014276,0.112139,-0.992143,81.216087,0.000000
19741,0.019546,0.450950,-0.040040,-0.053701,-0.014177,0.112039,-0.992150,81.066055,0.000000
19745,0.019516,0.450951,-0.040055,-0.053565,-0.014224,0.111766,-0.992188,80.920830,0.000000
19748,0.019493,0.450951,-0.040064,-0.053438,-0.014265,0.111635,-0.992209,80.778351,0.000000
19752,0.019457,0.450953,-0.040082,-0.053308,-0.014226,0.111356,-0.992248,80.647202,0.000000
19756,0.019438,0.450965,-0.040087,-0.053291,-0.014249,0.111257,-0.992260,80.499916,0.000000
19759,0.019414,0.450963,-0.040097,-0.053103,-0.014278,0.111056,-0.992292,80.381813,0.000000
19762,0.019396,0.450966,-0.040102,-0.053142,-0.014240,0.110993,-0.992297,80.239677,0.000000
19766,0.019366,0.450964,-0.040113,-0.052994,-0.014223,0.110722,-0.992336,80.093422,0.000000
19770,0.019344,0.450970,-0.040124,-0.052974,-0.014239,0.110580,-0.992352,79.956436,0.000000
19773,0.019333,0.450975,-0.040123,-0.052701,-0.014546,0.110380,-0.992385,79.801598,0.000000
19777,0.019305,0.450975,-0.040144,-0.052810,-0.014470,0.110196,-0.992400,79.648476,0.000000
19780,0.019277,0.450976,-0.040161,-0.052531,-0.014578,0.109964,-0.992439,79.491234,0.000000
19784,0.019246,0.450980,-0.040182,-0.052488,-0.014574,0.109892,-0.992450,79.379654,0.000000
19787,0.019205,0.450986,-0.040209,-0.052577,-0.014156,0.109788,-0.992463,79.253998,0.000000
19791,0.019197,0.450991,-0.040212,-0.052424,-0.014555,0.109585,-0.992487,79.121132,-0.000343
19794,0.019157,0.450989,-0.040232,-0.052339,-0.014225,0.109475,-0.992509,78.977623,0.000000
19798,0.019130,0.450991,-0.040237,-0.052417,-0.014148,0.109414,-0.992512,78.837547,0.000000
19802,0.019111,0.450998,-0.040242,-0.052326,-0.014170,0.109166,-0.992544,78.701935,0.000000
19805,0.019089,0.450996,-0.040246,-0.052205,-0.014222,0.109084,-0.992559,78.552589,0.000000
19809,0.019054,0.450996,-0.040254,-0.052141,-0.014122,0.108847,-0.992590,78.377495,0.000000
19812,0.019035,0.451003,-0.040262,-0.052203,-0.014078,0.108735,-0.992599,78.240509,0.000000
19816,0.019000,0.451004,-0.040279,-0.051862,-0.014190,0.108400,-0.992652,78.105240,0.000000
19819,0.018978,0.451009,-0.040296,-0.051962,-0.014120,0.108339,-0.992655,77.971344,0.000000
19823,0.018932,0.451006,-0.040332,-0.051914,-0.013901,0.108018,-0.992695,77.843285,0.000000
19827,0.018903,0.451008,-0.040357,-0.051791,-0.013948,0.107821,-0.992722,77.708359,0.000000
19830,0.018891,0.451016,-0.040359,-0.051595,-0.014273,0.107642,-0.992747,77.578583,0.000000
19833,0.018862,0.451015,-0.040374,-0.051534,-0.014215,0.107504,-0.992766,77.447777,0.000000
19837,0.018833,0.451023,-0.040384,-0.051467,-0.014266,0.107287,-0.992793,77.305641,0.000000
19841,0.018793,0.451022,-0.040391,-0.051355,-0.014216,0.107077,-0.992822,77.157326,0.000000
19844,0.018766,0.451028,-0.040396,-0.051309,-0.014172,0.106828,-0.992852,76.994247,0.000000
19848,0.018747,0.451024,-0.040395,-0.051192,-0.014451,0.106592,-0.992879,76.845245,0.000000
19851,0.018721,0.451027,-0.040403,-0.051100,-0.014492,0.106379,-0.992906,76.703453,0.000000
19855,0.018688,0.451026,-0.040417,-0.051156,-0.014385,0.106267,-0.992917,76.572304,0.000000
19858,0.018666,0.451030,-0.040428,-0.050932,-0.014451,0.106035,-0.992952,76.442528,0.000000
19862,0.018640,0.451035,-0.040453,-0.050732,-0.014522,0.105967,-0.992968,76.312752,0.000000
19865,0.018617,0.451036,-0.040472,-0.050584,-0.014557,0.105764,-0.992997,76.182976,0.000000
19869,0.018586,0.451037,-0.040497,-0.050620,-0.014513,0.105602,-0.993013,76.044960,0.000000
19873,0.018559,0.451042,-0.040513,-0.050434,-0.014619,0.105413,-0.993041,75.895958,0.000343
19876,0.018536,0.451048,-0.040524,-0.050497,-0.014553,0.105326,-0.993048,75.744896,0.000000
19880,0.018501,0.451051,-0.040531,-0.050266,-0.014628,0.105035,-0.993090,75.582161,0.000000
19883,0.018481,0.451054,-0.040534,-0.050320,-0.014618,0.104958,-0.993095,75.435562,0.000343
19887,0.018441,0.451050,-0.040541,-0.050164,-0.014620,0.104646,-0.993136,75.298233,0.000000
19890,0.018419,0.451055,-0.040545,-0.050272,-0.014506,0.104587,-0.993138,75.174294,0.000000
19894,0.018391,0.451059,-0.040555,-0.050031,-0.014659,0.104343,-0.993174,75.052071,0.000000
19897,0.018370,0.451063,-0.040568,-0.050024,-0.014630,0.104292,-0.993180,74.919205,0.000343
19901,0.018338,0.451063,-0.040589,-0.049930,-0.014558,0.103999,-0.993217,74.781532,0.000343
19904,0.018315,0.451064,-0.040606,-0.049788,-0.014589,0.103902,-0.993233,74.634590,0.000000
19908,0.018289,0.451073,-0.040631,-0.049628,-0.014634,0.103637,-0.993268,74.480438,0.000343
19912,0.018250,0.451077,-0.040649,-0.049494,-0.014644,0.103513,-0.993288,74.335556,0.000000
19915,0.018219,0.451078,-0.040665,-0.049381,-0.014590,0.103311,-0.993315,74.189644,0.000343
19919,0.018200,0.451086,-0.040672,-0.049342,-0.014640,0.103185,-0.993330,74.043045,0.000343
19922,0.018166,0.451086,-0.040684,-0.049312,-0.014510,0.102996,-0.993353,73.911896,0.000000
19926,0.018138,0.451087,-0.040690,-0.049264,-0.014517,0.102887,-0.993366,73.790016,0.000343
19929,0.018116,0.451088,-0.040695,-0.049056,-0.014578,0.102675,-0.993398,73.658180,0.000343
19933,0.018088,0.451089,-0.040703,-0.049050,-0.014510,0.102565,-0.993410,73.520851,0.000000
19936,0.018066,0.451094,-0.040712,-0.048897,-0.014505,0.102384,-0.993437,73.379745,0.000343
19940,0.018041,0.451096,-0.040728,-0.048802,-0.014503,0.102236,-0.993457,73.233833,0.000343
19943,0.018019,0.451101,-0.040740,-0.048623,-0.014566,0.102042,-0.993484,73.093758,0.000343
19947,0.017987,0.451109,-0.040757,-0.048714,-0.014382,0.101876,-0.993500,72.943382,0.000343
19951,0.017958,0.451111,-0.040776,-0.048491,-0.014496,0.101638,-0.993533,72.790260,0.000343
19954,0.017929,0.451111,-0.040790,-0.048377,-0.014493,0.101552,-0.993548,72.644348,0.000000
19958,0.017895,0.451113,-0.040809,-0.048272,-0.014458,0.101266,-0.993582,72.510452,0.000343
19961,0.017880,0.451118,-0.040819,-0.048340,-0.014413,0.101188,-0.993588,72.375526,0.000000
19965,0.017850,0.451120,-0.040835,-0.048175,-0.014450,0.100918,-0.993623,72.248497,0.000343
19968,0.017840,0.451120,-0.040838,-0.048156,-0.014659,0.100757,-0.993637,72.107735,0.000000
19972,0.017811,0.451124,-0.040849,-0.048006,-0.014731,0.100471,-0.993672,71.962166,0.000343
19976,0.017777,0.451125,-0.040862,-0.047962,-0.014701,0.100326,-0.993689,71.825523,0.000343
19979,0.017741,0.451118,-0.040877,-0.047875,-0.014522,0.100125,-0.993716,71.691284,0.000343
19983,0.017727,0.451128,-0.040877,-0.047752,-0.014776,0.100002,-0.993731,71.556702,0.000000
19986,0.017698,0.451125,-0.040896,-0.047805,-0.014588,0.099782,-0.993753,71.411476,0.000000
19990,0.017665,0.451125,-0.040906,-0.047786,-0.014514,0.099629,-0.993771,71.265564,0.000343
19993,0.017638,0.451119,-0.040923,-0.047584,-0.014549,0.099378,-0.993805,71.120338,0.000000
19997,0.017613,0.451125,-0.040931,-0.047405,-0.014674,0.099247,-0.993825,70.958977,0.000343
20000,0.017587,0.451126,-0.040948,-0.047430,-0.014590,0.099063,-0.993843,70.831947,0.000343
20004,0.017553,0.451128,-0.040961,-0.047360,-0.014563,0.098916,-0.993862,70.693932,0.000343
20008,0.017521,0.451127,-0.040984,-0.047211,-0.014581,0.098719,-0.993888,70.566902,0.000343
20011,0.017500,0.451130,-0.040992,-0.047092,-0.014640,0.098572,-0.993907,70.435410,0.000343
20015,0.017476,0.451131,-0.041012,-0.047119,-0.014563,0.098396,-0.993925,70.285034,0.000343
20018,0.017457,0.451133,-0.041023,-0.047051,-0.014579,0.098322,-0.993935,70.158348,0.000343
20022,0.017425,0.451134,-0.041036,-0.046953,-0.014572,0.098088,-0.993963,70.016212,0.000343
20025,0.017400,0.451134,-0.041038,-0.046898,-0.014608,0.098002,-0.993973,69.870300,0.000343
20029,0.017370,0.451140,-0.041052,-0.046734,-0.014645,0.097740,-0.994006,69.727821,0.000343
20032,0.017348,0.451140,-0.041053,-0.046613,-0.014694,0.097630,-0.994022,69.576759,0.000343
20036,0.017310,0.451141,-0.041076,-0.046632,-0.014547,0.097387,-0.994047,69.435997,0.000343
20040,0.017287,0.451144,-0.041089,-0.046476,-0.014615,0.097203,-0.994071,69.286995,0.000343
20043,0.017264,0.451143,-0.041103,-0.046285,-0.014673,0.097013,-0.994098,69.165802,0.000343
20046,0.017241,0.451143,-0.041117,-0.046265,-0.014616,0.096949,-0.994106,69.034309,0.000343
20050,0.017218,0.451151,-0.041134,-0.046241,-0.014639,0.096701,-0.994131,68.892174,0.000000
20054,0.017190,0.451152,-0.041149,-0.046050,-0.014708,0.096565,-0.994152,68.753128,0.000343
20057,0.017165,0.451155,-0.041162,-0.046017,-0.014653,0.096315,-0.994179,68.602066,0.000343
20061,0.017128,0.451158,-0.041176,-0.046043,-0.014395,0.096275,-0.994185,68.459244,0.000343
20064,0.017103,0.451161,-0.041179,-0.045816,-0.014506,0.096010,-0.994220,68.307495,0.000343
20068,0.017069,0.451163,-0.041186,-0.045822,-0.014438,0.095881,-0.994233,68.190422,0.000343
20071,0.017041,0.451161,-0.041195,-0.045740,-0.014415,0.095665,-0.994258,68.051720,0.000343
20075,0.017016,0.451166,-0.041205,-0.045627,-0.014496,0.095555,-0.994272,67.914047,0.000343
20078,0.016994,0.451169,-0.041219,-0.045524,-0.014522,0.095361,-0.994295,67.780838,0.000343
20082,0.016961,0.451171,-0.041244,-0.045512,-0.014429,0.095216,-0.994311,67.641792,0.000343
20086,0.016931,0.451172,-0.041270,-0.045356,-0.014504,0.094994,-0.994338,67.503777,0.000000
20089,0.016912,0.451179,-0.041287,-0.045388,-0.014420,0.094880,-0.994349,67.357521,0.000343
20093,0.016882,0.451180,-0.041306,-0.045266,-0.014377,0.094582,-0.994384,67.206802,0.000343
20096,0.016860,0.451182,-0.041313,-0.045148,-0.014455,0.094574,-0.994388,67.050247,0.000000
20100,0.016849,0.451183,-0.041311,-0.044978,-0.014759,0.094192,-0.994428,66.914291,0.000343
20103,0.016809,0.451184,-0.041321,-0.045097,-0.014433,0.094214,-0.994425,66.780052,0.000343
20107,0.016796,0.451181,-0.041312,-0.044839,-0.014826,0.093874,-0.994463,66.654739,0.000343
20111,0.016766,0.451182,-0.041319,-0.044803,-0.014787,0.093750,-0.994477,66.499214,0.000343
20114,0.016744,0.451184,-0.041329,-0.044809,-0.014738,0.093582,-0.994494,66.372528,0.000343
20117,0.016721,0.451187,-0.041343,-0.044845,-0.014685,0.093481,-0.994502,66.231766,0.000343
20121,0.016693,0.451190,-0.041366,-0.044552,-0.014840,0.093236,-0.994536,66.102676,0.000343
20125,0.016656,0.451190,-0.041392,-0.044579,-0.014765,0.093105,-0.994548,65.961571,0.000343
20128,0.016618,0.451186,-0.041420,-0.044486,-0.014623,0.092804,-0.994583,65.806732,0.000343
20132,0.016599,0.451198,-0.041427,-0.044303,-0.014885,0.092645,-0.994602,65.661850,0.000343
20135,0.016561,0.451192,-0.041453,-0.044247,-0.014667,0.092417,-0.994629,65.507698,0.000000
20139,0.016525,0.451190,-0.041465,-0.044254,-0.014588,0.092310,-0.994639,65.389595,0.000000
20142,0.016507,0.451194,-0.041471,-0.044156,-0.014598,0.092103,-0.994663,65.255356,0.000343
20146,0.016480,0.451193,-0.041477,-0.044169,-0.014550,0.091999,-0.994673,65.130043,0.000343
20149,0.016459,0.451194,-0.041479,-0.043894,-0.014643,0.091751,-0.994706,64.997520,0.000000
20153,0.016431,0.451194,-0.041491,-0.043913,-0.014613,0.091669,-0.994713,64.850922,0.000343
20157,0.016402,0.451198,-0.041502,-0.043723,-0.014682,0.091400,-0.994746,64.681664,0.000000
20160,0.016373,0.451197,-0.041520,-0.043766,-0.014596,0.091317,-0.994753,64.542274,0.000343
20164,0.016339,0.451204,-0.041544,-0.043582,-0.014682,0.091004,-0.994788,64.393959,0.000343
20167,0.016314,0.451203,-0.041558,-0.043477,-0.014688,0.090913,-0.994801,64.255257,0.000343
20171,0.016276,0.451206,-0.041582,-0.043333,-0.014656,0.090649,-0.994832,64.114151,0.000343
20174,0.016257,0.451208,-0.041592,-0.043314,-0.014635,0.090550,-0.994842,63.999825,0.000000
20178,0.016234,0.451213,-0.041605,-0.043160,-0.014727,0.090286,-0.994871,63.873138,0.000000
20182,0.016205,0.451215,-0.041612,-0.043083,-0.014733,0.090131,-0.994889,63.743362,0.000343
20185,0.016182,0.451214,-0.041618,-0.042921,-0.014730,0.090018,-0.994906,63.598824,0.000343
20189,0.016161,0.451220,-0.041624,-0.042908,-0.014738,0.089834,-0.994923,63.455315,0.000343
20192,0.016135,0.451217,-0.041633,-0.042740,-0.014766,0.089647,-0.994947,63.301849,0.000343
20196,0.016104,0.451217,-0.041647,-0.042719,-0.014770,0.089474,-0.994963,63.157654,0.000343
20199,0.016079,0.451223,-0.041661,-0.042600,-0.014791,0.089210,-0.994991,63.006935,0.000000
20203,0.016047,0.451226,-0.041676,-0.042547,-0.014749,0.089087,-0.995005,62.863770,0.000343
20206,0.016020,0.451225,-0.041696,-0.042467,-0.014710,0.088836,-0.995032,62.723694,0.000343
20210,0.015992,0.451230,-0.041712,-0.042330,-0.014793,0.088711,-0.995048,62.592201,0.000343
20213,0.015966,0.451230,-0.041725,-0.042102,-0.014912,0.088511,-0.995073,62.473755,0.000343
20217,0.015931,0.451227,-0.041741,-0.042178,-0.014764,0.088352,-0.995086,62.329903,0.000343
20220,0.015912,0.451231,-0.041746,-0.042032,-0.014815,0.088165,-0.995109,62.199783,0.000343
20224,0.015893,0.451234,-0.041752,-0.042074,-0.014801,0.088045,-0.995118,62.055244,0.000000
20228,0.015862,0.451235,-0.041763,-0.042030,-0.014748,0.087827,-0.995139,61.903152,0.000343
20231,0.015845,0.451236,-0.041767,-0.042004,-0.014754,0.087755,-0.995147,61.758614,0.000000
20235,0.015815,0.451238,-0.041779,-0.041715,-0.014895,0.087501,-0.995179,61.621284,0.000343
20238,0.015791,0.451237,-0.041788,-0.041705,-0.014827,0.087430,-0.995187,61.464729,0.000000
20242,0.015764,0.451242,-0.041803,-0.041645,-0.014839,0.087160,-0.995213,61.339760,0.000000
20245,0.015741,0.451242,-0.041812,-0.041543,-0.014905,0.087113,-0.995220,61.206894,0.000000
20249,0.015710,0.451243,-0.041832,-0.041512,-0.014835,0.086871,-0.995244,61.065445,0.000343
20253,0.015683,0.451248,-0.041845,-0.041330,-0.014912,0.086705,-0.995265,60.911636,0.000343
20256,0.015660,0.451247,-0.041858,-0.041163,-0.014948,0.086523,-0.995287,60.782890,0.000343
20259,0.015621,0.451251,-0.041879,-0.041367,-0.014461,0.086554,-0.995283,60.636635,0.000343
20263,0.015604,0.451248,-0.041882,-0.041042,-0.014888,0.086210,-0.995320,60.513039,0.000000
20267,0.015576,0.451244,-0.041899,-0.041075,-0.014793,0.086063,-0.995333,60.378113,0.000000
20270,0.015555,0.451248,-0.041909,-0.040969,-0.014786,0.085866,-0.995354,60.220528,0.000000
20274,0.015524,0.451246,-0.041926,-0.041061,-0.014688,0.085708,-0.995366,60.096588,0.000343
20277,0.015506,0.451251,-0.041935,-0.040973,-0.014708,0.085506,-0.995386,59.957886,0.000343
20281,0.015477,0.451250,-0.041951,-0.040858,-0.014710,0.085425,-0.995398,59.805794,0.000000
20284,0.015457,0.451251,-0.041960,-0.040823,-0.014686,0.085235,-0.995416,59.664345,0.000000
20288,0.015426,0.451252,-0.041972,-0.040832,-0.014669,0.085128,-0.995425,59.526672,0.000343
20292,0.015393,0.451252,-0.041982,-0.040612,-0.014707,0.084857,-0.995457,59.392776,0.000000
20295,0.015372,0.451253,-0.041989,-0.040703,-0.014635,0.084751,-0.995463,59.259224,0.000000
20298,0.015349,0.451254,-0.041998,-0.040530,-0.014663,0.084580,-0.995484,59.126358,0.000343
20302,0.015324,0.451255,-0.042011,-0.040421,-0.014739,0.084435,-0.995500,58.981819,0.000000
20306,0.015289,0.451257,-0.042032,-0.040313,-0.014693,0.084151,-0.995529,58.842773,0.000000
20309,0.015269,0.451258,-0.042048,-0.040362,-0.014623,0.084035,-0.995538,58.704414,0.000343
20313,0.015241,0.451262,-0.042067,-0.040077,-0.014738,0.083774,-0.995570,58.554726,0.000343
20317,0.015209,0.451264,-0.042081,-0.039987,-0.014733,0.083584,-0.995589,58.396454,0.000343
20320,0.015187,0.451264,-0.042096,-0.040009,-0.014686,0.083433,-0.995602,58.267021,0.000000
20323,0.015161,0.451263,-0.042105,-0.039924,-0.014729,0.083348,-0.995612,58.137589,0.000343
20327,0.015132,0.451267,-0.042115,-0.039818,-0.014712,0.083019,-0.995644,58.003349,0.000000
20330,0.015105,0.451265,-0.042122,-0.039764,-0.014701,0.082979,-0.995649,57.872887,0.000343
20334,0.015072,0.451264,-0.042132,-0.039603,-0.014785,0.082705,-0.995677,57.731094,0.000343
20338,0.015046,0.451277,-0.042140,-0.039530,-0.014739,0.082616,-0.995688,57.589302,0.000000
20341,0.015016,0.451271,-0.042162,-0.039540,-0.014656,0.082330,-0.995713,57.455750,0.000000
20345,0.014988,0.451278,-0.042175,-0.039337,-0.014776,0.082252,-0.995725,57.308807,0.000343
20348,0.014961,0.451270,-0.042195,-0.039218,-0.014801,0.081993,-0.995751,57.156029,0.000343
20351,0.014936,0.451277,-0.042209,-0.039089,-0.014817,0.081890,-0.995764,56.997070,0.000000
20351,0.014936,0.451277,-0.042209,-0.039089,-0.014817,0.081890,-0.995764,56.864204,0.000000
20351,0.014936,0.451277,-0.042209,-0.039089,-0.014817,0.081890,-0.995764,56.745758,0.000343
20351,0.014936,0.451277,-0.042209,-0.039089,-0.014817,0.081890,-0.995764,56.600533,0.000343
20351,0.014936,0.451277,-0.042209,-0.039089,-0.014817,0.081890,-0.995764,56.472130,0.000000
20351,0.014936,0.451277,-0.042209,-0.039089,-0.014817,0.081890,-0.995764,56.335487,0.000000
20351,0.014936,0.451277,-0.042209,-0.039089,-0.014817,0.081890,-0.995764,56.201935,0.000343
20351,0.014936,0.451277,-0.042209,-0.039089,-0.014817,0.081890,-0.995764,56.056709,0.000000
20351,0.014936,0.451277,-0.042209,-0.039089,-0.014817,0.081890,-0.995764,55.887794,0.000000
20351,0.014936,0.451277,-0.042209,-0.039089,-0.014817,0.081890,-0.995764,55.753899,0.000000
20351,0.014936,0.451277,-0.042209,-0.039089,-0.014817,0.081890,-0.995764,55.605240,0.000000
20351,0.014936,0.451277,-0.042209,-0.039089,-0.014817,0.081890,-0.995764,55.484390,0.000000
20351,0.014936,0.451277,-0.042209,-0.039089,-0.014817,0.081890,-0.995764,55.354271,0.000000
20351,0.014936,0.451277,-0.042209,-0.039089,-0.014817,0.081890,-0.995764,55.217285,0.000000
20351,0.014936,0.451277,-0.042209,-0.039089,-0.014817,0.081890,-0.995764,55.083389,0.000000
20351,0.014936,0.451277,-0.042209,-0.039089,-0.014817,0.081890,-0.995764,54.940224,0.000343
20351,0.014936,0.451277,-0.042209,-0.039089,-0.014817,0.081890,-0.995764,54.794312,0.000343
20351,0.014936,0.451277,-0.042209,-0.039089,-0.014817,0.081890,-0.995764,54.645996,0.000000
20351,0.014936,0.451277,-0.042209,-0.039089,-0.014817,0.081890,-0.995764,54.491844,0.000000
20351,0.014936,0.451277,-0.042209,-0.039089,-0.014817,0.081890,-0.995764,54.362411,0.000343
20351,0.014936,0.451277,-0.042209,-0.039089,-0.014817,0.081890,-0.995764,54.223022,0.000000
20351,0.014936,0.451277,-0.042209,-0.039089,-0.014817,0.081890,-0.995764,54.090157,0.000343
20351,0.014936,0.451277,-0.042209,-0.039089,-0.014817,0.081890,-0.995764,53.959694,0.000000
20351,0.014936,0.451277,-0.042209,-0.039089,-0.014817,0.081890,-0.995764,53.828201,0.000343
20351,0.014936,0.451277,-0.042209,-0.039089,-0.014817,0.081890,-0.995764,53.701172,0.000000
20351,0.014936,0.451277,-0.042209,-0.039089,-0.014817,0.081890,-0.995764,53.562126,0.000000
20351,0.014936,0.451277,-0.042209,-0.039089,-0.014817,0.081890,-0.995764,53.397675,0.000000
20351,0.014936,0.451277,-0.042209,-0.039089,-0.014817,0.081890,-0.995764,53.264122,0.000000
20351,0.014936,0.451277,-0.042209,-0.039089,-0.014817,0.081890,-0.995764,53.120956,0.000000
20351,0.014936,0.451277,-0.042209,-0.039089,-0.014817,0.081890,-0.995764,52.972984,0.000000
20459,0.014080,0.451291,-0.042582,-0.036546,-0.014801,0.076406,-0.996297,52.834282,0.000000
20462,0.014061,0.451297,-0.042593,-0.036520,-0.014777,0.076228,-0.996312,52.701416,0.000000
20466,0.014030,0.451296,-0.042619,-0.036517,-0.014720,0.076134,-0.996320,52.561684,0.000000
20469,0.014008,0.451296,-0.042634,-0.036241,-0.014839,0.075895,-0.996347,52.447701,0.000000
20473,0.013980,0.451295,-0.042659,-0.036251,-0.014754,0.075826,-0.996353,52.308311,0.000000
20476,0.013962,0.451301,-0.042667,-0.036212,-0.014752,0.075674,-0.996366,52.163773,0.000000
20480,0.013936,0.451299,-0.042680,-0.036160,-0.014791,0.075567,-0.996375,52.012367,0.000000
20483,0.013916,0.451301,-0.042685,-0.036044,-0.014831,0.075383,-0.996393,51.869545,0.000000
20487,0.013880,0.451295,-0.042692,-0.036028,-0.014763,0.075255,-0.996404,51.714363,0.000000
20490,0.013864,0.451297,-0.042694,-0.035930,-0.014787,0.075030,-0.996424,51.584244,0.000000
20494,0.013836,0.451298,-0.042701,-0.035948,-0.014785,0.074970,-0.996428,51.449318,0.000000
20498,0.013802,0.451295,-0.042719,-0.035718,-0.014789,0.074701,-0.996456,51.315422,0.000000
20501,0.013780,0.451298,-0.042733,-0.035777,-0.014732,0.074608,-0.996462,51.188393,0.000000
20505,0.013752,0.451301,-0.042751,-0.035558,-0.014831,0.074321,-0.996490,51.033211,0.000000
20508,0.013726,0.451299,-0.042764,-0.035480,-0.014817,0.074223,-0.996500,50.893135,0.000000
20512,0.013696,0.451303,-0.042781,-0.035312,-0.014855,0.074000,-0.996522,50.772285,0.000000
20515,0.013679,0.451306,-0.042789,-0.035328,-0.014859,0.073940,-0.996526,50.632896,0.000000
20519,0.013642,0.451301,-0.042800,-0.035138,-0.014850,0.073612,-0.996557,50.487328,0.000000
20522,0.013621,0.451303,-0.042806,-0.035188,-0.014760,0.073519,-0.996564,50.337639,0.000000
20526,0.013593,0.451306,-0.042814,-0.034914,-0.014875,0.073208,-0.996594,50.188980,0.000000
20530,0.013558,0.451303,-0.042829,-0.034891,-0.014794,0.073036,-0.996609,50.039291,0.000000
20533,0.013538,0.451306,-0.042842,-0.034934,-0.014775,0.072822,-0.996623,49.904366,0.000000
20537,0.013508,0.451306,-0.042859,-0.034710,-0.014899,0.072668,-0.996641,49.785233,0.000000
20540,0.013486,0.451311,-0.042876,-0.034688,-0.014860,0.072518,-0.996653,49.645157,-0.000343
20543,0.013460,0.451310,-0.042887,-0.034504,-0.014927,0.072396,-0.996667,49.508858,0.000000
20547,0.013429,0.451311,-0.042910,-0.034497,-0.014886,0.072173,-0.996684,49.378395,0.000000
20551,0.013406,0.451315,-0.042918,-0.034414,-0.014899,0.072069,-0.996694,49.245186,0.000000
20554,0.013381,0.451313,-0.042930,-0.034351,-0.014873,0.071854,-0.996713,49.107857,-0.000343
20558,0.013359,0.451315,-0.042934,-0.034307,-0.014852,0.071722,-0.996724,48.945808,0.000000
20561,0.013335,0.451310,-0.042940,-0.034025,-0.014991,0.071509,-0.996747,48.796806,0.000000
20565,0.013299,0.451308,-0.042953,-0.034029,-0.014914,0.071344,-0.996760,48.667717,0.000000
20568,0.013279,0.451312,-0.042965,-0.033979,-0.014902,0.071104,-0.996779,48.522148,0.000000
20572,0.013252,0.451314,-0.042979,-0.033898,-0.014943,0.070948,-0.996792,48.383789,0.000000
20575,0.013222,0.451312,-0.042996,-0.033632,-0.015052,0.070717,-0.996816,48.248520,0.000000
20579,0.013182,0.451307,-0.043023,-0.033704,-0.014871,0.070586,-0.996825,48.123207,-0.000343
20583,0.013152,0.451309,-0.043041,-0.033472,-0.014945,0.070328,-0.996850,47.981758,0.000000
20586,0.013131,0.451311,-0.043053,-0.033568,-0.014859,0.070277,-0.996852,47.850609,0.000000
20590,0.013100,0.451309,-0.043067,-0.033445,-0.014871,0.070016,-0.996874,47.722206,0.000000
20593,0.013082,0.451311,-0.043069,-0.033391,-0.014911,0.069928,-0.996882,47.579727,-0.000343
20597,0.013046,0.451307,-0.043084,-0.033310,-0.014889,0.069662,-0.996903,47.431412,0.000000
20600,0.013023,0.451305,-0.043089,-0.033213,-0.014863,0.069587,-0.996912,47.281723,0.000000
20604,0.012996,0.451307,-0.043101,-0.033012,-0.014964,0.069309,-0.996937,47.120018,0.000000
20608,0.012963,0.451307,-0.043119,-0.033126,-0.014831,0.069177,-0.996944,46.979599,0.000000
20611,0.012938,0.451308,-0.043132,-0.032999,-0.014825,0.068992,-0.996961,46.848106,0.000000
20615,0.012912,0.451310,-0.043146,-0.032825,-0.014944,0.068858,-0.996974,46.730347,0.000000
20618,0.012888,0.451311,-0.043161,-0.032643,-0.014985,0.068660,-0.996993,46.606750,0.000000
20622,0.012853,0.451310,-0.043179,-0.032719,-0.014870,0.068556,-0.997000,46.466331,0.000000
20625,0.012832,0.451312,-0.043192,-0.032655,-0.014890,0.068355,-0.997015,46.319733,-0.000343
20629,0.012798,0.451312,-0.043201,-0.032476,-0.014933,0.068171,-0.997033,46.178970,0.000000
20632,0.012772,0.451315,-0.043210,-0.032419,-0.014933,0.067966,-0.997049,46.032715,-0.000343
20636,0.012739,0.451315,-0.043219,-0.032400,-0.014842,0.067812,-0.997061,45.886116,0.000000
20640,0.012700,0.451312,-0.043231,-0.032123,-0.014940,0.067507,-0.997090,45.730591,0.000000
20643,0.012674,0.451312,-0.043243,-0.032123,-0.014900,0.067416,-0.997096,45.617294,0.000000
20646,0.012651,0.451315,-0.043256,-0.032090,-0.014851,0.067203,-0.997113,45.483742,0.000000
20650,0.012631,0.451319,-0.043273,-0.031979,-0.014914,0.067012,-0.997128,45.350533,0.000000
20654,0.012592,0.451313,-0.043295,-0.031723,-0.014932,0.066804,-0.997150,45.216980,0.000000
20657,0.012569,0.451314,-0.043308,-0.031743,-0.014881,0.066666,-0.997159,45.076904,0.000000
20661,0.012548,0.451321,-0.043322,-0.031549,-0.014986,0.066379,-0.997183,44.938545,0.000000
20664,0.012520,0.451320,-0.043333,-0.031492,-0.014947,0.066342,-0.997188,44.778900,0.000000
20668,0.012484,0.451316,-0.043341,-0.031314,-0.014965,0.066039,-0.997213,44.644318,0.000000
20671,0.012463,0.451319,-0.043344,-0.031383,-0.014918,0.065970,-0.997216,44.493256,0.000000
20675,0.012427,0.451318,-0.043352,-0.031118,-0.015026,0.065659,-0.997244,44.349060,0.000000
20679,0.012397,0.451318,-0.043364,-0.031236,-0.014916,0.065530,-0.997250,44.199371,-0.000343
20682,0.012375,0.451316,-0.043377,-0.030980,-0.015016,0.065342,-0.997269,44.087105,0.000000
20685,0.012365,0.451322,-0.043388,-0.031044,-0.014975,0.065247,-0.997274,43.942223,-0.000343
20689,0.012334,0.451317,-0.043413,-0.030838,-0.014987,0.065049,-0.997293,43.820000,0.000000
20693,0.012311,0.451320,-0.043430,-0.030740,-0.015008,0.064944,-0.997302,43.694687,-0.000343
20696,0.012291,0.451323,-0.043443,-0.030680,-0.015034,0.064747,-0.997317,43.544312,0.000000
20700,0.012254,0.451319,-0.043457,-0.030691,-0.014968,0.064591,-0.997328,43.399429,-0.000343
20703,0.012231,0.451319,-0.043465,-0.030545,-0.015017,0.064413,-0.997343,43.245621,0.000000
20707,0.012205,0.451321,-0.043469,-0.030427,-0.015099,0.064244,-0.997356,43.111038,-0.000343
20711,0.012166,0.451318,-0.043480,-0.030393,-0.014988,0.064025,-0.997373,42.964439,0.000000
20714,0.012141,0.451317,-0.043488,-0.030485,-0.014852,0.063905,-0.997380,42.830887,0.000000
20718,0.012110,0.451314,-0.043499,-0.030238,-0.014979,0.063642,-0.997402,42.696648,-0.000343
20721,0.012086,0.451316,-0.043510,-0.030277,-0.014936,0.063610,-0.997404,42.568245,0.000000
20725,0.012060,0.451318,-0.043531,-0.030134,-0.014943,0.063316,-0.997427,42.447052,-0.000343
20728,0.012044,0.451322,-0.043548,-0.030186,-0.014889,0.063294,-0.997427,42.302856,-0.000343
20732,0.012016,0.451319,-0.043572,-0.030106,-0.014878,0.063025,-0.997447,42.171021,0.000000
20735,0.011991,0.451317,-0.043586,-0.030013,-0.014873,0.062953,-0.997454,42.019272,-0.000343
20739,0.011965,0.451323,-0.043598,-0.029857,-0.014938,0.062690,-0.997474,41.865807,-0.000343
20742,0.011942,0.451320,-0.043607,-0.029889,-0.014880,0.062622,-0.997479,41.715088,0.000000
20746,0.011905,0.451320,-0.043616,-0.029790,-0.014853,0.062321,-0.997501,41.579132,-0.000343
20749,0.011878,0.451315,-0.043625,-0.029694,-0.014854,0.062246,-0.997508,41.446609,-0.000343
20753,0.011852,0.451319,-0.043630,-0.029499,-0.014984,0.061973,-0.997529,41.321640,-0.000343
20756,0.011827,0.451314,-0.043642,-0.029515,-0.014886,0.061870,-0.997537,41.181908,-0.000343
20760,0.011801,0.451319,-0.043650,-0.029523,-0.014876,0.061652,-0.997550,41.059685,0.000000
20764,0.011772,0.451317,-0.043668,-0.029356,-0.014915,0.061504,-0.997564,40.903130,-0.000343
20767,0.011750,0.451317,-0.043681,-0.029280,-0.014908,0.061291,-0.997579,40.771294,0.000000
20771,0.011718,0.451317,-0.043700,-0.029275,-0.014845,0.061190,-0.997586,40.611992,-0.000343
20774,0.011695,0.451320,-0.043713,-0.029086,-0.014912,0.060938,-0.997606,40.472603,-0.000343
20778,0.011661,0.451319,-0.043733,-0.029212,-0.014763,0.060807,-0.997613,40.327721,0.000000
20781,0.011635,0.451318,-0.043743,-0.028958,-0.014850,0.060581,-0.997633,40.197945,0.000000
20785,0.011607,0.451316,-0.043755,-0.028906,-0.014879,0.060423,-0.997643,40.068855,-0.000343
20788,0.011590,0.451318,-0.043762,-0.028784,-0.014925,0.060217,-0.997659,39.941483,-0.000343
20792,0.011551,0.451312,-0.043778,-0.028804,-0.014795,0.060103,-0.997667,39.812393,0.000000
20796,0.011528,0.451315,-0.043790,-0.028676,-0.014878,0.059898,-0.997682,39.668198,-0.000343
20799,0.011512,0.451313,-0.043801,-0.028565,-0.014920,0.059829,-0.997688,39.517822,-0.000343
20803,0.011481,0.451313,-0.043828,-0.028433,-0.014867,0.059549,-0.997710,39.370880,-0.000343
20806,0.011461,0.451315,-0.043842,-0.028477,-0.014816,0.059447,-0.997715,39.223595,0.000000
20810,0.011427,0.451312,-0.043862,-0.028166,-0.014921,0.059129,-0.997741,39.082489,0.000000
20813,0.011398,0.451311,-0.043870,-0.028183,-0.014862,0.059056,-0.997746,38.947220,-0.000343
20817,0.011365,0.451313,-0.043872,-0.028113,-0.014891,0.058791,-0.997763,38.822250,0.000000
20820,0.011345,0.451311,-0.043866,-0.028092,-0.014898,0.058735,-0.997767,38.692818,-0.000343
20824,0.011313,0.451305,-0.043862,-0.028013,-0.014860,0.058503,-0.997783,38.559608,-0.000343
20827,0.011295,0.451309,-0.043853,-0.027797,-0.014911,0.058506,-0.997789,38.422279,-0.000343
20831,0.011278,0.451305,-0.043861,-0.027800,-0.014948,0.058215,-0.997805,38.261261,-0.000343
20835,0.011243,0.451308,-0.043876,-0.027724,-0.014901,0.058184,-0.997810,38.122559,-0.000343
20838,0.011219,0.451302,-0.043908,-0.027687,-0.014853,0.057849,-0.997831,37.980423,0.000000
20842,0.011190,0.451305,-0.043947,-0.027443,-0.014965,0.057671,-0.997846,37.839317,0.000000
20845,0.011164,0.451307,-0.043986,-0.027263,-0.014996,0.057445,-0.997864,37.709541,-0.000343
20849,0.011133,0.451319,-0.044016,-0.027208,-0.014994,0.057424,-0.997867,37.571182,-0.000343
20852,0.011107,0.451315,-0.044044,-0.027143,-0.014938,0.057040,-0.997891,37.443123,-0.000343
20856,0.011067,0.451315,-0.044051,-0.027069,-0.014853,0.056993,-0.997897,37.304077,0.000000
20860,0.011035,0.451311,-0.044043,-0.026948,-0.014899,0.056742,-0.997914,37.162628,-0.000343
20863,0.011013,0.451309,-0.044019,-0.026733,-0.015089,0.056633,-0.997923,37.021179,-0.000343
20867,0.010974,0.451297,-0.044009,-0.026715,-0.014939,0.056350,-0.997942,36.884880,0.000000
20870,0.010957,0.451298,-0.043995,-0.026701,-0.015017,0.056286,-0.997945,36.751328,-0.000343
20874,0.010928,0.451295,-0.044005,-0.026563,-0.014986,0.056022,-0.997964,36.617432,-0.000343
20877,0.010916,0.451298,-0.044017,-0.026627,-0.014933,0.055969,-0.997966,36.478729,0.000000
20881,0.010882,0.451297,-0.044057,-0.026490,-0.014854,0.055687,-0.997986,36.339340,0.000000
20884,0.010860,0.451297,-0.044087,-0.026366,-0.014871,0.055565,-0.997996,36.202698,-0.000343
20888,0.010829,0.451299,-0.044132,-0.026079,-0.014982,0.055315,-0.998016,36.038246,-0.000343
20892,0.010792,0.451299,-0.044166,-0.026110,-0.014928,0.055141,-0.998026,35.907784,-0.000343
20895,0.010765,0.451300,-0.044184,-0.026052,-0.014923,0.054918,-0.998039,35.765648,-0.000343
20899,0.010728,0.451298,-0.044197,-0.026027,-0.014896,0.054745,-0.998050,35.638618,-0.000343
20902,0.010699,0.451292,-0.044198,-0.025885,-0.014948,0.054561,-0.998063,35.504036,0.000000
20906,0.010678,0.451290,-0.044191,-0.025842,-0.014929,0.054448,-0.998070,35.362930,-0.000343
20909,0.010666,0.451293,-0.044186,-0.025795,-0.014928,0.054272,-0.998081,35.237617,-0.000343
20913,0.010640,0.451288,-0.044179,-0.025827,-0.014869,0.054210,-0.998085,35.094795,-0.000343
20916,0.010610,0.451281,-0.044182,-0.025645,-0.014877,0.053957,-0.998103,34.957466,0.000000
20920,0.010584,0.451282,-0.044184,-0.025563,-0.015001,0.053830,-0.998110,34.802971,0.000000
20924,0.010549,0.451282,-0.044212,-0.025567,-0.014887,0.053586,-0.998125,34.634743,0.000000
20927,0.010526,0.451284,-0.044239,-0.025476,-0.014910,0.053472,-0.998133,34.515610,0.000000
20930,0.010501,0.451280,-0.044275,-0.025231,-0.014916,0.053243,-0.998151,34.383774,0.000000
20934,0.010476,0.451282,-0.044308,-0.025075,-0.014975,0.053119,-0.998161,34.258804,-0.000343
20938,0.010438,0.451283,-0.044334,-0.024976,-0.014961,0.052895,-0.998176,34.129028,-0.000343
20941,0.010415,0.451282,-0.044336,-0.024954,-0.014945,0.052810,-0.998181,33.990669,-0.000343
20945,0.010380,0.451277,-0.044330,-0.024823,-0.014973,0.052504,-0.998200,33.836517,0.000000
20948,0.010359,0.451276,-0.044316,-0.024875,-0.014969,0.052432,-0.998202,33.716011,0.000000
20952,0.010328,0.451269,-0.044306,-0.024750,-0.015021,0.052181,-0.998218,33.565636,-0.000343
20955,0.010311,0.451274,-0.044297,-0.024805,-0.014972,0.052092,-0.998222,33.413544,-0.000343
20959,0.010270,0.451270,-0.044318,-0.024733,-0.014903,0.051784,-0.998241,33.271751,0.000000
20963,0.010241,0.451272,-0.044348,-0.024417,-0.015098,0.051607,-0.998255,33.133736,-0.000343
20966,0.010213,0.451270,-0.044386,-0.024300,-0.015040,0.051400,-0.998269,33.002930,0.000000
20970,0.010184,0.451275,-0.044433,-0.024377,-0.014962,0.051269,-0.998275,32.876930,0.000000
20973,0.010169,0.451279,-0.044467,-0.024264,-0.014951,0.051068,-0.998288,32.727928,0.000000
20977,0.010148,0.451283,-0.044488,-0.024118,-0.015062,0.050952,-0.998296,32.609138,0.000000
20980,0.010122,0.451280,-0.044495,-0.023953,-0.015055,0.050746,-0.998311,32.481079,-0.000343
20984,0.010094,0.451275,-0.044481,-0.023990,-0.015037,0.050615,-0.998317,32.335167,-0.000343
20987,0.010071,0.451271,-0.044470,-0.023948,-0.015045,0.050432,-0.998327,32.182045,0.000000
20991,0.010041,0.451268,-0.044458,-0.024092,-0.014895,0.050298,-0.998333,32.029610,-0.000343
20994,0.010016,0.451264,-0.044453,-0.023860,-0.015034,0.050069,-0.998348,31.883698,0.000000
20998,0.009992,0.451264,-0.044466,-0.023828,-0.015013,0.049947,-0.998355,31.751862,0.000000
21002,0.009966,0.451263,-0.044496,-0.023775,-0.014926,0.049694,-0.998370,31.620026,0.000000
21005,0.009950,0.451267,-0.044518,-0.023648,-0.015015,0.049621,-0.998375,31.493340,-0.000343
21009,0.009927,0.451267,-0.044555,-0.023408,-0.015041,0.049353,-0.998394,31.365280,-0.000343
21012,0.009910,0.451268,-0.044570,-0.023337,-0.015070,0.049286,-0.998398,31.232414,-0.000343
21016,0.009880,0.451266,-0.044584,-0.023350,-0.014946,0.049000,-0.998414,31.076889,-0.000343
21020,0.009857,0.451267,-0.044576,-0.023229,-0.015030,0.048820,-0.998424,30.929947,-0.000343
21023,0.009827,0.451259,-0.044571,-0.023080,-0.015048,0.048693,-0.998434,30.799141,0.000000
21026,0.009801,0.451254,-0.044566,-0.023137,-0.015013,0.048598,-0.998438,30.653229,-0.000343
21030,0.009764,0.451251,-0.044574,-0.023166,-0.014898,0.048312,-0.998452,30.516243,0.000000
21033,0.009736,0.451251,-0.044590,-0.023073,-0.014913,0.048251,-0.998457,30.381660,-0.000343
21037,0.009694,0.451247,-0.044624,-0.022929,-0.014906,0.047978,-0.998474,30.248795,-0.000343
21041,0.009657,0.451251,-0.044667,-0.022757,-0.014920,0.047789,-0.998487,30.100822,-0.000343
21044,0.009635,0.451256,-0.044700,-0.022648,-0.014934,0.047569,-0.998500,29.974480,0.000000
21048,0.009606,0.451255,-0.044734,-0.022605,-0.014886,0.047474,-0.998506,29.843330,0.000000
21051,0.009594,0.451255,-0.044747,-0.022385,-0.014937,0.047287,-0.998519,29.696732,0.000000
21055,0.009583,0.451253,-0.044739,-0.022335,-0.014966,0.047186,-0.998524,29.548416,-0.000343
21058,0.009568,0.451250,-0.044723,-0.022255,-0.014955,0.046979,-0.998536,29.405594,0.000000
21062,0.009533,0.451241,-0.044697,-0.022373,-0.014874,0.046869,-0.998540,29.259682,0.000000
21066,0.009503,0.451236,-0.044674,-0.022265,-0.014913,0.046635,-0.998553,29.134712,-0.000343
21069,0.009476,0.451233,-0.044675,-0.022256,-0.014931,0.046532,-0.998557,28.993263,0.000000
21073,0.009439,0.451233,-0.044702,-0.022091,-0.014900,0.046285,-0.998573,28.869324,-0.000343
21076,0.009412,0.451236,-0.044736,-0.022003,-0.014913,0.046215,-0.998578,28.740921,-0.000343
21080,0.009372,0.451237,-0.044796,-0.021860,-0.014890,0.045900,-0.998596,28.592949,-0.000343
21083,0.009338,0.451237,-0.044838,-0.021687,-0.014926,0.045837,-0.998602,28.466263,-0.000343
21087,0.009302,0.451239,-0.044879,-0.021501,-0.015026,0.045558,-0.998617,28.319664,0.000000
21090,0.009278,0.451241,-0.044895,-0.021527,-0.014987,0.045484,-0.998621,28.168602,0.000000
21094,0.009248,0.451236,-0.044895,-0.021345,-0.015022,0.045188,-0.998638,28.030586,-0.000343
21098,0.009235,0.451235,-0.044882,-0.021235,-0.015028,0.045030,-0.998647,27.889137,-0.000343
21101,0.009224,0.451232,-0.044866,-0.021273,-0.014980,0.044870,-0.998654,27.746658,0.000000
21105,0.009206,0.451226,-0.044848,-0.021338,-0.014898,0.044736,-0.998660,27.598686,-0.000343
21108,0.009184,0.451221,-0.044845,-0.021150,-0.014976,0.044536,-0.998672,27.486420,-0.000343
21112,0.009154,0.451222,-0.044857,-0.021059,-0.015054,0.044422,-0.998677,27.357330,0.000000
21115,0.009125,0.451222,-0.044881,-0.020919,-0.015066,0.044228,-0.998689,27.226524,0.000000
21119,0.009089,0.451225,-0.044922,-0.021023,-0.014899,0.044055,-0.998697,27.082329,-0.000343
21122,0.009063,0.451228,-0.044950,-0.020734,-0.015046,0.043858,-0.998709,26.936417,0.000000
21126,0.009024,0.451227,-0.044986,-0.020697,-0.014973,0.043719,-0.998717,26.796341,-0.000343
21129,0.008999,0.451228,-0.045000,-0.020700,-0.014902,0.043511,-0.998727,26.655235,-0.000343
21133,0.008973,0.451227,-0.045003,-0.020618,-0.014944,0.043370,-0.998734,26.514473,0.000000
21137,0.008941,0.451220,-0.045000,-0.020431,-0.015025,0.043123,-0.998748,26.376457,0.000000
21140,0.008918,0.451215,-0.044998,-0.020450,-0.014929,0.043013,-0.998754,26.243591,-0.000343
21143,0.008902,0.451213,-0.044997,-0.020334,-0.014967,0.042804,-0.998764,26.092529,0.000000
21147,0.008882,0.451216,-0.044991,-0.020350,-0.014984,0.042661,-0.998770,25.965157,0.000000
21151,0.008848,0.451211,-0.045019,-0.020156,-0.015000,0.042439,-0.998783,25.828514,-0.000343
21154,0.008828,0.451212,-0.045040,-0.020219,-0.014909,0.042324,-0.998788,25.693588,0.000000
21158,0.008798,0.451215,-0.045073,-0.019854,-0.015022,0.042074,-0.998804,25.545959,0.000000
21161,0.008773,0.451215,-0.045094,-0.019838,-0.015027,0.041979,-0.998809,25.425797,0.000000
21165,0.008736,0.451212,-0.045121,-0.019682,-0.015016,0.041668,-0.998825,25.286064,-0.000343
21169,0.008699,0.451211,-0.045131,-0.019594,-0.015005,0.041480,-0.998834,25.150795,0.000000
21172,0.008671,0.451208,-0.045133,-0.019654,-0.014972,0.041290,-0.998842,24.998360,0.000000
21176,0.008647,0.451204,-0.045128,-0.019562,-0.014983,0.041157,-0.998849,24.865150,-0.000343
21179,0.008632,0.451202,-0.045126,-0.019352,-0.015076,0.041013,-0.998857,24.732628,0.000000
21183,0.008612,0.451196,-0.045131,-0.019412,-0.014974,0.040889,-0.998863,24.591866,-0.000343
21186,0.008597,0.451198,-0.045142,-0.019369,-0.014930,0.040704,-0.998872,24.450073,0.000000
21190,0.008571,0.451197,-0.045161,-0.019153,-0.015043,0.040558,-0.998880,24.294205,0.000000
21193,0.008544,0.451198,-0.045178,-0.018987,-0.015088,0.040373,-0.998890,24.166832,0.000000
21197,0.008503,0.451192,-0.045211,-0.019114,-0.014901,0.040235,-0.998896,24.032249,0.000000
21200,0.008481,0.451194,-0.045228,-0.018926,-0.014967,0.040024,-0.998907,23.892517,0.000000
21204,0.008449,0.451193,-0.045245,-0.018833,-0.014984,0.039924,-0.998913,23.759651,-0.000343
21208,0.008414,0.451190,-0.045257,-0.018743,-0.014963,0.039717,-0.998923,23.624725,0.000000
21211,0.008396,0.451189,-0.045253,-0.018657,-0.015050,0.039622,-0.998927,23.486023,0.000000
21215,0.008362,0.451183,-0.045256,-0.018661,-0.015001,0.039379,-0.998937,23.347321,0.000000
21218,0.008338,0.451181,-0.045258,-0.018599,-0.015009,0.039308,-0.998941,23.215485,0.000000
21222,0.008310,0.451178,-0.045273,-0.018468,-0.015021,0.039013,-0.998955,23.085022,0.000000
21225,0.008293,0.451179,-0.045285,-0.018325,-0.015112,0.038966,-0.998958,22.949409,-0.000343
21229,0.008260,0.451174,-0.045317,-0.018258,-0.014991,0.038694,-0.998972,22.795258,0.000000
21232,0.008243,0.451176,-0.045336,-0.018324,-0.014887,0.038610,-0.998975,22.669945,0.000000
21236,0.008216,0.451174,-0.045358,-0.017945,-0.015071,0.038343,-0.998990,22.520943,-0.000343
21240,0.008188,0.451174,-0.045372,-0.018045,-0.014950,0.038131,-0.998998,22.368164,0.000000
21243,0.008162,0.451167,-0.045379,-0.017889,-0.014992,0.037965,-0.999007,22.230492,-0.000343
21247,0.008137,0.451165,-0.045376,-0.017811,-0.015044,0.037848,-0.999012,22.098999,0.000000
21250,0.008113,0.451162,-0.045374,-0.017807,-0.014995,0.037677,-0.999019,21.964760,0.000000
21254,0.008078,0.451156,-0.045370,-0.017718,-0.015020,0.037526,-0.999026,21.818848,0.000000
21257,0.008058,0.451156,-0.045379,-0.017697,-0.015010,0.037325,-0.999034,21.679115,0.000000
21261,0.008028,0.451156,-0.045393,-0.017645,-0.015009,0.037217,-0.999039,21.534920,0.000000
21264,0.008005,0.451153,-0.045418,-0.017583,-0.014938,0.037031,-0.999048,21.420937,0.000000
21268,0.007983,0.451155,-0.045443,-0.017422,-0.015059,0.036868,-0.999055,21.298027,0.000000
21271,0.007958,0.451156,-0.045469,-0.017290,-0.015108,0.036682,-0.999063,21.165504,0.000000
21275,0.007924,0.451153,-0.045499,-0.017414,-0.014961,0.036586,-0.999067,21.021996,0.000000
21278,0.007900,0.451154,-0.045512,-0.017259,-0.015017,0.036307,-0.999079,20.859947,0.000000
21282,0.007871,0.451150,-0.045525,-0.017187,-0.014989,0.036188,-0.999085,20.728455,-0.000343
21285,0.007849,0.451148,-0.045524,-0.016981,-0.015099,0.035969,-0.999095,20.588036,0.000000
21289,0.007815,0.451138,-0.045527,-0.017001,-0.014975,0.035810,-0.999102,20.444527,0.000000
21293,0.007792,0.451140,-0.045525,-0.016920,-0.014982,0.035570,-0.999112,20.307198,0.000000
21296,0.007762,0.451134,-0.045525,-0.016840,-0.014985,0.035458,-0.999117,20.180855,0.000000
21300,0.007734,0.451137,-0.045530,-0.016754,-0.015045,0.035189,-0.999127,20.049019,0.000000
21304,0.007701,0.451136,-0.045545,-0.016655,-0.015034,0.034945,-0.999137,19.902763,0.000000
21307,0.007676,0.451133,-0.045567,-0.016585,-0.015004,0.034768,-0.999145,19.780540,0.000000
21310,0.007649,0.451127,-0.045589,-0.016467,-0.014971,0.034619,-0.999153,19.634972,0.000000
21314,0.007618,0.451129,-0.045617,-0.016108,-0.015108,0.034319,-0.999167,19.479446,0.000000
21318,0.007588,0.451126,-0.045644,-0.016274,-0.014945,0.034163,-0.999172,19.353447,0.000000
21321,0.007565,0.451125,-0.045658,-0.016137,-0.014960,0.033944,-0.999182,19.210281,0.000000
21325,0.007540,0.451124,-0.045667,-0.016036,-0.015024,0.033822,-0.999186,19.072952,0.000000
21328,0.007513,0.451117,-0.045675,-0.015842,-0.015091,0.033598,-0.999196,18.935966,0.000000
21332,0.007481,0.451114,-0.045686,-0.016030,-0.014882,0.033479,-0.999200,18.808250,0.000000
21335,0.007464,0.451115,-0.045689,-0.015800,-0.015027,0.033281,-0.999208,18.675728,0.000000
21339,0.007433,0.451107,-0.045700,-0.015715,-0.014999,0.033183,-0.999213,18.541489,0.000000
21342,0.007409,0.451104,-0.045713,-0.015590,-0.015007,0.032989,-0.999222,18.401070,0.000000
21346,0.007385,0.451109,-0.045724,-0.015603,-0.014983,0.032873,-0.999225,18.258247,0.000000
21350,0.007347,0.451105,-0.045745,-0.015510,-0.014935,0.032600,-0.999237,18.121948,0.000000
21353,0.007321,0.451099,-0.045759,-0.015434,-0.014957,0.032523,-0.999240,17.969513,0.000000
21357,0.007295,0.451100,-0.045773,-0.015344,-0.014987,0.032322,-0.999247,17.823601,0.000000
21360,0.007274,0.451101,-0.045780,-0.015324,-0.014963,0.032234,-0.999251,17.692108,0.000000
21364,0.007237,0.451091,-0.045793,-0.015152,-0.014936,0.031932,-0.999264,17.565422,-0.000343
21367,0.007219,0.451093,-0.045795,-0.015207,-0.014843,0.031835,-0.999267,17.423973,0.000000
21371,0.007199,0.451089,-0.045811,-0.014894,-0.015044,0.031660,-0.999275,17.299004,0.000000
21374,0.007181,0.451089,-0.045819,-0.014936,-0.014971,0.031599,-0.999277,17.175407,0.000000
21378,0.007149,0.451085,-0.045839,-0.014805,-0.015011,0.031315,-0.999287,17.027779,0.000000
21382,0.007119,0.451087,-0.045857,-0.014751,-0.015018,0.031143,-0.999293,16.877403,0.000000
21385,0.007090,0.451085,-0.045871,-0.014664,-0.015061,0.030948,-0.999300,16.728401,0.000000
21388,0.007060,0.451079,-0.045886,-0.014600,-0.014993,0.030794,-0.999307,16.589012,0.000000
21392,0.007028,0.451076,-0.045902,-0.014423,-0.015078,0.030557,-0.999315,16.452026,0.000000
21396,0.006994,0.451075,-0.045916,-0.014516,-0.014942,0.030427,-0.999320,16.329117,0.000000
21399,0.006968,0.451071,-0.045924,-0.014309,-0.015032,0.030204,-0.999328,16.185951,0.000343
21403,0.006942,0.451070,-0.045931,-0.014228,-0.015094,0.030096,-0.999332,16.063728,0.000000
21406,0.006914,0.451070,-0.045945,-0.014160,-0.015063,0.029843,-0.999341,15.923653,0.000343
21410,0.006883,0.451067,-0.045961,-0.014204,-0.014986,0.029724,-0.999345,15.777740,0.000000
21413,0.006859,0.451063,-0.045976,-0.013939,-0.015056,0.029463,-0.999355,15.638695,0.000000
21417,0.006832,0.451063,-0.045996,-0.013832,-0.015043,0.029316,-0.999361,15.498619,0.000000
21421,0.006803,0.451063,-0.046015,-0.013865,-0.014927,0.029090,-0.999369,15.355110,0.000000
21424,0.006780,0.451059,-0.046024,-0.013744,-0.014996,0.029017,-0.999372,15.234261,0.000000
21427,0.006761,0.451061,-0.046032,-0.013703,-0.014990,0.028819,-0.999378,15.098648,0.000000
21431,0.006727,0.451056,-0.046037,-0.013581,-0.015001,0.028666,-0.999384,14.965096,0.000000
21435,0.006695,0.451050,-0.046045,-0.013427,-0.015032,0.028373,-0.999394,14.819527,0.000000
21438,0.006675,0.451052,-0.046046,-0.013409,-0.015039,0.028288,-0.999397,14.677734,0.000343
21442,0.006640,0.451046,-0.046060,-0.013424,-0.014957,0.028021,-0.999405,14.533882,0.000000
21445,0.006615,0.451043,-0.046068,-0.013320,-0.014936,0.027975,-0.999408,14.388313,0.000343
21449,0.006589,0.451044,-0.046085,-0.013089,-0.015051,0.027750,-0.999416,14.269180,0.000000
21453,0.006558,0.451041,-0.046106,-0.013086,-0.014983,0.027615,-0.999421,14.139404,0.000000
21456,0.006537,0.451048,-0.046117,-0.012738,-0.015131,0.027534,-0.999425,13.987312,0.000000
21460,0.006512,0.451040,-0.046145,-0.012821,-0.015063,0.027255,-0.999433,13.869209,0.000343
21463,0.006489,0.451050,-0.046156,-0.012620,-0.015105,0.027160,-0.999437,13.734283,0.000343
21467,0.006458,0.451043,-0.046172,-0.012660,-0.015022,0.027038,-0.999441,13.582878,0.000000
21470,0.006439,0.451041,-0.046178,-0.012486,-0.015063,0.026784,-0.999450,13.435936,0.000343
21474,0.006409,0.451040,-0.046183,-0.012417,-0.015064,0.026647,-0.999454,13.280411,0.000000
21477,0.006383,0.451035,-0.046189,-0.012362,-0.015014,0.026418,-0.999462,13.161964,0.000000
21481,0.006353,0.451030,-0.046189,-0.012207,-0.015049,0.026294,-0.999466,13.031502,0.000000
21484,0.006330,0.451025,-0.046194,-0.012044,-0.015120,0.026096,-0.999472,12.901382,0.000343
21488,0.006302,0.451024,-0.046205,-0.012213,-0.014990,0.025998,-0.999475,12.767487,0.000343
21492,0.006272,0.451021,-0.046227,-0.012010,-0.015024,0.025759,-0.999483,12.618484,0.000343
21495,0.006256,0.451024,-0.046238,-0.011923,-0.015078,0.025634,-0.999487,12.500725,0.000343
21499,0.006216,0.451016,-0.046272,-0.011903,-0.014908,0.025413,-0.999495,12.351723,0.000000
21502,0.006197,0.451016,-0.046291,-0.011906,-0.014887,0.025335,-0.999497,12.203751,0.000343
21506,0.006165,0.451012,-0.046314,-0.011536,-0.015015,0.025078,-0.999506,12.058525,0.000343
21509,0.006143,0.451009,-0.046325,-0.011679,-0.014905,0.024983,-0.999509,11.918793,0.000000
21513,0.006116,0.451007,-0.046335,-0.011521,-0.015000,0.024740,-0.999515,11.774254,0.000343
21516,0.006097,0.451004,-0.046338,-0.011515,-0.014957,0.024677,-0.999517,11.658554,0.000343
21520,0.006069,0.450997,-0.046341,-0.011299,-0.015057,0.024416,-0.999525,11.530838,0.000343
21523,0.006048,0.450995,-0.046344,-0.011419,-0.014970,0.024340,-0.999526,11.390076,0.000343
21527,0.006018,0.450989,-0.046354,-0.011226,-0.015020,0.024118,-0.999533,11.270943,0.000343
21531,0.005986,0.450985,-0.046365,-0.011162,-0.014973,0.024002,-0.999538,11.115074,0.000343
21534,0.005959,0.450982,-0.046379,-0.011099,-0.014992,0.023802,-0.999543,10.975685,0.000343
21538,0.005931,0.450983,-0.046396,-0.010979,-0.015097,0.023628,-0.999547,10.824280,0.000343
21541,0.005902,0.450980,-0.046419,-0.010895,-0.015026,0.023376,-0.999555,10.677681,0.000343
21545,0.005865,0.450977,-0.046441,-0.010931,-0.014951,0.023221,-0.999559,10.523872,0.000343
21548,0.005836,0.450970,-0.046462,-0.010624,-0.015017,0.022955,-0.999567,10.410576,0.000343
21552,0.005810,0.450970,-0.046474,-0.010539,-0.015052,0.022841,-0.999570,10.286980,0.000343
21555,0.005784,0.450966,-0.046487,-0.010444,-0.015016,0.022607,-0.999577,10.162697,0.000343
21559,0.005757,0.450963,-0.046497,-0.010410,-0.015049,0.022493,-0.999580,10.037041,0.000687
21563,0.005724,0.450959,-0.046510,-0.010249,-0.015014,0.022210,-0.999588,9.899368,0.000343
21566,0.005701,0.450957,-0.046516,-0.010281,-0.014962,0.022137,-0.999590,9.754143,0.000000
21570,0.005672,0.450956,-0.046530,-0.010188,-0.014998,0.021803,-0.999598,9.606171,0.000000
21573,0.005648,0.450952,-0.046538,-0.010070,-0.015029,0.021722,-0.999600,9.451332,0.000343
21577,0.005607,0.450948,-0.046558,-0.009895,-0.014994,0.021382,-0.999610,9.294434,0.000343
21580,0.005583,0.450947,-0.046569,-0.009970,-0.014922,0.021291,-0.999612,9.171181,0.000343
21584,0.005554,0.450945,-0.046584,-0.009611,-0.015121,0.021026,-0.999618,9.043808,0.000000
21587,0.005533,0.450944,-0.046594,-0.009733,-0.015007,0.020934,-0.999621,8.918839,0.000000
21591,0.005505,0.450939,-0.046608,-0.009492,-0.015056,0.020648,-0.999628,8.793526,0.000000
21595,0.005484,0.450939,-0.046618,-0.009532,-0.015005,0.020586,-0.999630,8.664436,0.000343
21598,0.005464,0.450937,-0.046629,-0.009426,-0.015005,0.020384,-0.999635,8.521614,0.000343
21602,0.005434,0.450933,-0.046643,-0.009438,-0.014951,0.020274,-0.999638,8.359909,0.000000
21605,0.005408,0.450928,-0.046657,-0.009229,-0.015008,0.020011,-0.999645,8.234253,0.000343
21609,0.005378,0.450925,-0.046669,-0.009172,-0.014991,0.019886,-0.999648,8.092461,0.000000
21612,0.005353,0.450924,-0.046683,-0.009146,-0.014944,0.019672,-0.999653,7.946548,0.000000
21616,0.005330,0.450928,-0.046689,-0.008998,-0.015023,0.019531,-0.999656,7.797890,0.000000
21619,0.005309,0.450924,-0.046703,-0.008923,-0.014969,0.019302,-0.999662,7.679787,0.000000
21623,0.005276,0.450916,-0.046713,-0.008915,-0.014979,0.019218,-0.999663,7.555847,0.000000
21626,0.005260,0.450916,-0.046720,-0.008819,-0.014989,0.018987,-0.999669,7.427788,0.000343
21630,0.005239,0.450911,-0.046729,-0.008788,-0.014954,0.018894,-0.999671,7.294579,0.000343
21634,0.005205,0.450905,-0.046745,-0.008629,-0.014921,0.018650,-0.999677,7.153473,0.000000
21637,0.005185,0.450906,-0.046757,-0.008676,-0.014892,0.018575,-0.999679,6.999664,0.000000
21640,0.005162,0.450904,-0.046768,-0.008412,-0.015035,0.018413,-0.999682,6.854439,0.000343
21644,0.005121,0.450899,-0.046796,-0.008491,-0.014862,0.018228,-0.999687,6.710930,0.000343
21648,0.005091,0.450898,-0.046809,-0.008159,-0.015065,0.017944,-0.999692,6.570168,0.000343
21651,0.005060,0.450892,-0.046825,-0.008142,-0.015023,0.017852,-0.999695,6.445541,0.000000
21655,0.005026,0.450890,-0.046844,-0.008110,-0.014900,0.017544,-0.999702,6.318855,0.000343
21658,0.005001,0.450888,-0.046852,-0.008158,-0.014872,0.017476,-0.999703,6.189766,0.000343
21662,0.004973,0.450883,-0.046862,-0.007781,-0.015025,0.017213,-0.999709,6.054840,0.000000
21666,0.004944,0.450877,-0.046867,-0.007830,-0.014941,0.017093,-0.999712,5.914764,0.000343
21669,0.004919,0.450873,-0.046877,-0.007711,-0.014957,0.016886,-0.999716,5.773315,0.000000
21672,0.004900,0.450871,-0.046884,-0.007691,-0.014957,0.016794,-0.999718,5.636330,0.000343
21676,0.004869,0.450869,-0.046899,-0.007584,-0.014992,0.016562,-0.999722,5.494537,0.000343
21680,0.004835,0.450864,-0.046917,-0.007504,-0.014985,0.016415,-0.999725,5.351715,0.000343
21683,0.004808,0.450859,-0.046937,-0.007326,-0.015040,0.016218,-0.999729,5.206490,0.000343
21687,0.004775,0.450858,-0.046959,-0.007282,-0.015015,0.016081,-0.999731,5.058861,0.000343
21690,0.004749,0.450857,-0.046978,-0.007254,-0.014969,0.015894,-0.999735,4.945564,0.000343
21694,0.004718,0.450851,-0.046992,-0.007057,-0.015047,0.015810,-0.999737,4.812355,0.000343
21697,0.004695,0.450849,-0.047000,-0.006919,-0.015106,0.015610,-0.999740,4.673653,0.000343
21701,0.004666,0.450843,-0.047009,-0.007019,-0.014984,0.015488,-0.999743,4.517097,0.000343
21705,0.004642,0.450839,-0.047014,-0.006781,-0.015087,0.015208,-0.999748,4.398994,0.000000
21708,0.004626,0.450838,-0.047016,-0.006888,-0.014974,0.015131,-0.999750,4.267845,0.000343
21712,0.004597,0.450832,-0.047024,-0.006749,-0.014996,0.014891,-0.999754,4.133263,0.000000
21715,0.004575,0.450826,-0.047032,-0.006720,-0.014947,0.014794,-0.999756,3.983231,0.000343
21719,0.004554,0.450831,-0.047044,-0.006546,-0.015034,0.014570,-0.999759,3.856544,0.000343
21722,0.004528,0.450825,-0.047056,-0.006538,-0.015032,0.014489,-0.999761,3.716812,0.000000
21726,0.004495,0.450824,-0.047079,-0.006546,-0.014977,0.014266,-0.999765,3.569527,0.000000
21729,0.004473,0.450818,-0.047094,-0.006373,-0.015005,0.014155,-0.999767,3.432884,0.000343
21733,0.004440,0.450818,-0.047113,-0.006341,-0.014991,0.013875,-0.999771,3.296242,0.000343
21737,0.004408,0.450814,-0.047126,-0.006209,-0.015007,0.013766,-0.999773,3.165092,0.000000
21740,0.004388,0.450812,-0.047135,-0.006159,-0.014999,0.013528,-0.999777,3.039436,0.000343
21744,0.004359,0.450807,-0.047143,-0.006083,-0.014960,0.013438,-0.999779,2.908974,0.000000
21747,0.004339,0.450804,-0.047149,-0.005950,-0.014972,0.013216,-0.999783,2.770615,0.000343
21751,0.004320,0.450804,-0.047156,-0.005878,-0.015065,0.013122,-0.999783,2.632599,0.000000
21754,0.004299,0.450804,-0.047168,-0.005728,-0.015063,0.012886,-0.999787,2.490120,0.000343
21758,0.004264,0.450797,-0.047187,-0.005814,-0.014960,0.012773,-0.999790,2.339058,0.000343
21761,0.004244,0.450798,-0.047199,-0.005702,-0.014999,0.012532,-0.999793,2.197952,0.000343
21765,0.004215,0.450796,-0.047217,-0.005650,-0.014978,0.012401,-0.999795,2.059937,0.000000
21769,0.004182,0.450792,-0.047233,-0.005488,-0.014943,0.012128,-0.999800,1.930161,0.000343
21772,0.004163,0.450788,-0.047242,-0.005479,-0.014916,0.012052,-0.999801,1.804848,0.000343
21775,0.004142,0.450783,-0.047246,-0.005219,-0.015055,0.011919,-0.999802,1.677475,0.000343
21779,0.004114,0.450780,-0.047254,-0.005306,-0.014933,0.011748,-0.999805,1.548042,0.000343
21783,0.004090,0.450774,-0.047263,-0.005074,-0.015049,0.011537,-0.999807,1.404533,0.000000
21786,0.004072,0.450776,-0.047270,-0.005147,-0.014996,0.011397,-0.999809,1.261024,0.000343
21790,0.004033,0.450767,-0.047295,-0.005034,-0.014929,0.011165,-0.999814,1.110992,0.000343
21793,0.004014,0.450765,-0.047305,-0.005054,-0.014903,0.011077,-0.999815,0.951691,0.000343
21797,0.003988,0.450763,-0.047328,-0.004778,-0.015003,0.010818,-0.999817,0.825691,0.000343
21800,0.003965,0.450758,-0.047341,-0.004657,-0.015035,0.010735,-0.999819,0.695572,0.000343
21804,0.003937,0.450756,-0.047359,-0.004678,-0.014955,0.010530,-0.999822,0.573006,0.000000
21807,0.003916,0.450749,-0.047368,-0.004558,-0.015006,0.010470,-0.999822,0.446320,0.000000
21811,0.003892,0.450745,-0.047379,-0.004401,-0.015067,0.010265,-0.999824,0.318604,0.000000
21814,0.003875,0.450745,-0.047379,-0.004328,-0.015065,0.010140,-0.999826,0.180931,0.000000
21818,0.003845,0.450740,-0.047392,-0.004404,-0.014945,0.009943,-0.999829,0.037079,0.000343
21822,0.003815,0.450735,-0.047398,-0.004308,-0.014963,0.009823,-0.999831,-0.110893,0.000343
21825,0.003793,0.450732,-0.047404,-0.004237,-0.014977,0.009584,-0.999833,-0.275002,0.000343
21829,0.003763,0.450729,-0.047419,-0.004224,-0.014931,0.009496,-0.999835,-0.414391,0.000343
21832,0.003740,0.450727,-0.047429,-0.004021,-0.015043,0.009259,-0.999836,-0.553436,0.000343
21836,0.003704,0.450721,-0.047455,-0.004114,-0.014907,0.009080,-0.999839,-0.680122,0.000343
21839,0.003682,0.450717,-0.047471,-0.003962,-0.014933,0.008924,-0.999841,-0.796509,0.000000
21843,0.003660,0.450715,-0.047486,-0.003885,-0.014992,0.008814,-0.999841,-0.910835,0.000000
21847,0.003631,0.450707,-0.047502,-0.003687,-0.015004,0.008562,-0.999844,-1.057777,0.000000
21850,0.003614,0.450708,-0.047510,-0.003795,-0.014918,0.008476,-0.999846,-1.183777,0.000343
21854,0.003585,0.450707,-0.047520,-0.003531,-0.015029,0.008175,-0.999847,-1.326256,0.000000
21857,0.003560,0.450703,-0.047525,-0.003516,-0.015002,0.008087,-0.999849,-1.478004,0.000343
21861,0.003519,0.450691,-0.047540,-0.003269,-0.015053,0.007744,-0.999851,-1.627693,0.000000
21865,0.003487,0.450688,-0.047552,-0.003227,-0.015074,0.007586,-0.999852,-1.787338,0.000000
21868,0.003460,0.450682,-0.047567,-0.003130,-0.015032,0.007365,-0.999855,-1.901665,0.000000
21872,0.003429,0.450683,-0.047583,-0.003087,-0.015011,0.007202,-0.999857,-2.032471,0.000343
21875,0.003407,0.450681,-0.047599,-0.002924,-0.015029,0.007028,-0.999858,-2.153320,0.000000
21878,0.003384,0.450679,-0.047611,-0.002905,-0.014987,0.006888,-0.999860,-2.284470,0.000343
21882,0.003358,0.450676,-0.047630,-0.002916,-0.014921,0.006699,-0.999862,-2.414589,0.000000
21886,0.003339,0.450676,-0.047639,-0.002916,-0.014934,0.006615,-0.999862,-2.560501,0.000000
21889,0.003315,0.450669,-0.047647,-0.002631,-0.015010,0.006380,-0.999864,-2.690277,0.000343
21892,0.003296,0.450667,-0.047651,-0.002584,-0.015025,0.006255,-0.999864,-2.843056,0.000000
21896,0.003262,0.450658,-0.047663,-0.002539,-0.014975,0.006044,-0.999866,-2.992744,0.000000
21900,0.003233,0.450656,-0.047674,-0.002495,-0.014947,0.005938,-0.999868,-3.131447,0.000343
21903,0.003207,0.450651,-0.047684,-0.002421,-0.014937,0.005692,-0.999869,-3.267059,0.000000
21907,0.003174,0.450646,-0.047700,-0.002338,-0.014930,0.005572,-0.999870,-3.388939,0.000000
21911,0.003142,0.450643,-0.047719,-0.002166,-0.014963,0.005289,-0.999872,-3.519058,0.000000
21914,0.003117,0.450640,-0.047732,-0.002207,-0.014930,0.005214,-0.999873,-3.659477,0.000343
21918,0.003086,0.450638,-0.047755,-0.002011,-0.014991,0.004936,-0.999873,-3.771744,0.000000
21921,0.003065,0.450637,-0.047766,-0.002082,-0.014911,0.004852,-0.999875,-3.916969,0.000343
21925,0.003029,0.450630,-0.047784,-0.001872,-0.014921,0.004568,-0.999876,-4.059105,0.000000
21928,0.003004,0.450627,-0.047794,-0.001993,-0.014839,0.004473,-0.999878,-4.206390,0.000000
21932,0.002975,0.450626,-0.047803,-0.001713,-0.015023,0.004207,-0.999877,-4.349213,0.000000
21935,0.002950,0.450621,-0.047812,-0.001727,-0.014961,0.004083,-0.999878,-4.493408,0.000000
21939,0.002920,0.450613,-0.047824,-0.001470,-0.015015,0.003821,-0.999879,-4.632111,0.000000
21942,0.002900,0.450607,-0.047838,-0.001433,-0.014982,0.003758,-0.999880,-4.762917,0.000000
21946,0.002869,0.450604,-0.047856,-0.001346,-0.014971,0.003454,-0.999881,-4.888916,0.000000
21950,0.002842,0.450603,-0.047870,-0.001258,-0.014994,0.003348,-0.999881,-5.007706,0.000000
21953,0.002820,0.450598,-0.047887,-0.001071,-0.015032,0.003132,-0.999882,-5.146408,0.000000
21957,0.002794,0.450595,-0.047899,-0.001060,-0.015015,0.003056,-0.999882,-5.288200,0.000343
21960,0.002770,0.450590,-0.047911,-0.001035,-0.014920,0.002803,-0.999884,-5.428276,0.000000
21964,0.002747,0.450586,-0.047917,-0.000901,-0.015014,0.002715,-0.999883,-5.575905,0.000000
21967,0.002725,0.450584,-0.047922,-0.000821,-0.015017,0.002496,-0.999884,-5.714607,0.000343
21971,0.002690,0.450573,-0.047933,-0.000891,-0.014916,0.002312,-0.999886,-5.840950,0.000000
21974,0.002669,0.450569,-0.047940,-0.000686,-0.015001,0.002160,-0.999885,-5.977936,0.000000
21978,0.002644,0.450570,-0.047953,-0.000677,-0.014978,0.002028,-0.999886,-6.113892,0.000000
21981,0.002619,0.450563,-0.047969,-0.000631,-0.014967,0.001846,-0.999886,-6.246758,0.000000
21985,0.002589,0.450562,-0.047989,-0.000375,-0.015054,0.001650,-0.999885,-6.397820,0.000000
21989,0.002558,0.450558,-0.048018,-0.000233,-0.015086,0.001415,-0.999885,-6.532745,0.000000
21992,0.002537,0.450556,-0.048029,-0.000214,-0.015095,0.001342,-0.999885,-6.661491,0.000000
21996,0.002510,0.450551,-0.048045,-0.000215,-0.015022,0.001057,-0.999887,-6.797104,0.000000
21999,0.002488,0.450549,-0.048050,-0.000104,-0.015058,0.001010,-0.999886,-6.923790,0.000000
22003,0.002461,0.450547,-0.048053,0.000004,-0.015093,0.000741,-0.999886,-7.059746,0.000343
22006,0.002437,0.450535,-0.048060,-0.000030,-0.014998,0.000675,-0.999887,-7.197075,0.000000
22010,0.002410,0.450534,-0.048063,0.000224,-0.015118,0.000465,-0.999886,-7.350540,0.000000
22014,0.002380,0.450526,-0.048072,0.000115,-0.015022,0.000362,-0.999887,-7.473793,0.000000
22017,0.002361,0.450527,-0.048084,0.000177,-0.014990,0.000124,-0.999888,-7.612839,0.000343
22021,0.002336,0.450523,-0.048100,0.000347,-0.015039,0.000021,-0.999887,-7.750168,0.000343
22024,0.002312,0.450525,-0.048115,0.000381,-0.014965,-0.000234,-0.999888,-7.889900,0.000000
22028,0.002281,0.450517,-0.048139,0.000394,-0.014965,-0.000302,-0.999888,-8.043022,0.000000
22031,0.002256,0.450508,-0.048155,0.000650,-0.015024,-0.000523,-0.999887,-8.155975,0.000000
22035,0.002229,0.450505,-0.048170,0.000696,-0.014976,-0.000630,-0.999887,-8.285751,0.000000
22038,0.002209,0.450503,-0.048182,0.000687,-0.014952,-0.000818,-0.999888,-8.416557,0.000000
22042,0.002180,0.450497,-0.048187,0.000864,-0.015016,-0.000971,-0.999887,-8.566589,0.000000
22045,0.002157,0.450493,-0.048191,0.001013,-0.015077,-0.001172,-0.999885,-8.697052,0.000000
22049,0.002121,0.450487,-0.048205,0.000848,-0.014879,-0.001364,-0.999888,-8.836441,0.000000
22053,0.002092,0.450482,-0.048214,0.001232,-0.015051,-0.001632,-0.999885,-8.974113,0.000000
22056,0.002070,0.450478,-0.048229,0.001109,-0.014931,-0.001731,-0.999886,-9.132042,0.000000
22060,0.002035,0.450473,-0.048252,0.001282,-0.014870,-0.002053,-0.999887,-9.254265,0.000000
22063,0.002010,0.450467,-0.048267,0.001340,-0.014859,-0.002142,-0.999887,-9.379234,0.000000
22067,0.001982,0.450466,-0.048289,0.001509,-0.014917,-0.002389,-0.999885,-9.514503,0.000000
22070,0.001961,0.450460,-0.048299,0.001578,-0.014918,-0.002460,-0.999884,-9.642220,0.000000
22074,0.001934,0.450458,-0.048316,0.001575,-0.014869,-0.002709,-0.999885,-9.794655,0.000000
22077,0.001915,0.450451,-0.048323,0.001750,-0.014934,-0.002793,-0.999883,-9.919281,0.000000
22081,0.001888,0.450449,-0.048332,0.001767,-0.014914,-0.003043,-0.999883,-10.049400,0.000000
22084,0.001868,0.450446,-0.048339,0.001742,-0.014845,-0.003146,-0.999883,-10.192909,0.000000
22088,0.001842,0.450443,-0.048349,0.001847,-0.014898,-0.003297,-0.999882,-10.341568,0.000000
22092,0.001809,0.450435,-0.048359,0.001806,-0.014794,-0.003468,-0.999883,-10.487480,0.000000
22095,0.001782,0.450428,-0.048370,0.002058,-0.014840,-0.003724,-0.999881,-10.614166,0.000000
22099,0.001759,0.450427,-0.048380,0.002157,-0.014912,-0.003822,-0.999879,-10.743942,0.000000
22102,0.001741,0.450428,-0.048387,0.002278,-0.014955,-0.003942,-0.999878,-10.875778,0.000000
22106,0.001709,0.450416,-0.048411,0.002193,-0.014812,-0.004107,-0.999879,-11.007271,0.000000
22109,0.001693,0.450415,-0.048425,0.002291,-0.014823,-0.004317,-0.999878,-11.134644,0.000000
22113,0.001667,0.450413,-0.048439,0.002311,-0.014801,-0.004449,-0.999878,-11.261673,0.000000
22116,0.001643,0.450406,-0.048452,0.002503,-0.014866,-0.004615,-0.999876,-11.410332,0.000000
22120,0.001616,0.450407,-0.048462,0.002516,-0.014843,-0.004766,-0.999875,-11.563110,0.000000
22123,0.001590,0.450398,-0.048474,0.002692,-0.014942,-0.004937,-0.999873,-11.713486,0.000000
22127,0.001555,0.450391,-0.048490,0.002709,-0.014847,-0.005155,-0.999873,-11.851158,0.000000
22131,0.001525,0.450388,-0.048506,0.002822,-0.014868,-0.005457,-0.999871,-11.993980,0.000000
22134,0.001503,0.450383,-0.048515,0.002932,-0.014901,-0.005562,-0.999869,-12.105217,0.000000
22138,0.001471,0.450377,-0.048529,0.003072,-0.014890,-0.005823,-0.999867,-12.232246,0.000000
22141,0.001451,0.450377,-0.048535,0.003093,-0.014871,-0.005890,-0.999867,-12.360992,0.000000
22145,0.001425,0.450372,-0.048550,0.003305,-0.014927,-0.006158,-0.999864,-12.481499,0.000000
22148,0.001405,0.450365,-0.048565,0.003044,-0.014754,-0.006355,-0.999866,-12.619514,-0.000343
22152,0.001372,0.450366,-0.048575,0.003397,-0.014867,-0.006501,-0.999863,-12.783279,0.000000
22156,0.001342,0.450355,-0.048590,0.003279,-0.014826,-0.006726,-0.999862,-12.922325,0.000000
22159,0.001309,0.450355,-0.048598,0.003705,-0.014947,-0.006889,-0.999858,-13.072357,0.000000
22163,0.001272,0.450340,-0.048622,0.003399,-0.014765,-0.007112,-0.999860,-13.206940,-0.000343
22166,0.001251,0.450337,-0.048636,0.003592,-0.014785,-0.007338,-0.999857,-13.337746,-0.000343
22170,0.001227,0.450343,-0.048647,0.003806,-0.014831,-0.007388,-0.999856,-13.462715,-0.000343
22172,0.001214,0.450339,-0.048655,0.003883,-0.014871,-0.007470,-0.999854,-13.587685,0.000000
22172,0.001214,0.450339,-0.048655,0.003883,-0.014871,-0.007470,-0.999854,-13.711967,-0.000343
22172,0.001214,0.450339,-0.048655,0.003883,-0.014871,-0.007470,-0.999854,-13.844490,-0.000343
22172,0.001214,0.450339,-0.048655,0.003883,-0.014871,-0.007470,-0.999854,-13.986282,0.000000
22172,0.001214,0.450339,-0.048655,0.003883,-0.014871,-0.007470,-0.999854,-14.134941,-0.000343
22172,0.001214,0.450339,-0.048655,0.003883,-0.014871,-0.007470,-0.999854,-14.279480,0.000000
22172,0.001214,0.450339,-0.048655,0.003883,-0.014871,-0.007470,-0.999854,-14.415092,0.000000
22172,0.001214,0.450339,-0.048655,0.003883,-0.014871,-0.007470,-0.999854,-14.558258,-0.000343
22172,0.001214,0.450339,-0.048655,0.003883,-0.014871,-0.007470,-0.999854,-14.691467,-0.000343
22172,0.001214,0.450339,-0.048655,0.003883,-0.014871,-0.007470,-0.999854,-14.824677,-0.000343
22172,0.001214,0.450339,-0.048655,0.003883,-0.014871,-0.007470,-0.999854,-14.945526,-0.000343
22172,0.001214,0.450339,-0.048655,0.003883,-0.014871,-0.007470,-0.999854,-15.069809,-0.000343
22172,0.001214,0.450339,-0.048655,0.003883,-0.014871,-0.007470,-0.999854,-15.204391,0.000000
22172,0.001214,0.450339,-0.048655,0.003883,-0.014871,-0.007470,-0.999854,-15.344124,-0.000343
22172,0.001214,0.450339,-0.048655,0.003883,-0.014871,-0.007470,-0.999854,-15.494843,0.000000
22172,0.001214,0.450339,-0.048655,0.003883,-0.014871,-0.007470,-0.999854,-15.647621,0.000000
22172,0.001214,0.450339,-0.048655,0.003883,-0.014871,-0.007470,-0.999854,-15.771904,0.000000
22172,0.001214,0.450339,-0.048655,0.003883,-0.014871,-0.007470,-0.999854,-15.913696,-0.000343
22172,0.001214,0.450339,-0.048655,0.003883,-0.014871,-0.007470,-0.999854,-16.045876,0.000000
22172,0.001214,0.450339,-0.048655,0.003883,-0.014871,-0.007470,-0.999854,-16.170158,-0.000343
22172,0.001214,0.450339,-0.048655,0.003883,-0.014871,-0.007470,-0.999854,-16.292381,0.000000
22172,0.001214,0.450339,-0.048655,0.003883,-0.014871,-0.007470,-0.999854,-16.432800,-0.000343
22172,0.001214,0.450339,-0.048655,0.003883,-0.014871,-0.007470,-0.999854,-16.590385,-0.000343
22172,0.001214,0.450339,-0.048655,0.003883,-0.014871,-0.007470,-0.999854,-16.727028,-0.000343
22172,0.001214,0.450339,-0.048655,0.003883,-0.014871,-0.007470,-0.999854,-16.885986,-0.000343
22172,0.001214,0.450339,-0.048655,0.003883,-0.014871,-0.007470,-0.999854,-17.071724,0.000000
22172,0.001214,0.450339,-0.048655,0.003883,-0.014871,-0.007470,-0.999854,-17.279778,-0.000343
22172,0.001214,0.450339,-0.048655,0.003883,-0.014871,-0.007470,-0.999854,-17.463112,-0.000343
22172,0.001214,0.450339,-0.048655,0.003883,-0.014871,-0.007470,-0.999854,-17.599754,-0.000343
22172,0.001214,0.450339,-0.048655,0.003883,-0.014871,-0.007470,-0.999854,-17.650909,-0.000343
22280,0.000396,0.450191,-0.049017,0.006615,-0.014924,-0.012817,-0.999785,-17.649879,0.000000
22283,0.000384,0.450193,-0.049021,0.006487,-0.014830,-0.012815,-0.999787,-17.601128,0.000000
22287,0.000368,0.450190,-0.049038,0.006490,-0.014796,-0.012951,-0.999786,-17.481308,-0.000343
22290,0.000365,0.450191,-0.049049,0.006459,-0.014753,-0.012919,-0.999787,-17.366638,-0.000343
22294,0.000360,0.450192,-0.049062,0.006529,-0.014805,-0.012993,-0.999785,-17.267418,0.000000
22297,0.000356,0.450189,-0.049067,0.006586,-0.014828,-0.012997,-0.999784,-17.227592,-0.000343
22301,0.000360,0.450191,-0.049067,0.006587,-0.014852,-0.012982,-0.999784,-17.229309,-0.000343
22305,0.000364,0.450190,-0.049066,0.006432,-0.014739,-0.012949,-0.999787,-17.260208,-0.000343
22308,0.000366,0.450189,-0.049063,0.006627,-0.014803,-0.013052,-0.999783,-17.328529,0.000000
22312,0.000377,0.450195,-0.049054,0.006440,-0.014754,-0.012907,-0.999787,-17.409554,0.000000
22315,0.000370,0.450190,-0.049050,0.006649,-0.014855,-0.013033,-0.999783,-17.470322,-0.000343
22319,0.000354,0.450188,-0.049047,0.006389,-0.014713,-0.012986,-0.999787,-17.501907,-0.000343
22322,0.000341,0.450184,-0.049049,0.006560,-0.014807,-0.013098,-0.999783,-17.508774,0.000000
22326,0.000343,0.450190,-0.049052,0.006494,-0.014772,-0.013029,-0.999785,-17.508430,-0.000343
22329,0.000347,0.450191,-0.049058,0.006589,-0.014836,-0.013050,-0.999783,-17.498474,-0.000343
22333,0.000351,0.450192,-0.049066,0.006465,-0.014719,-0.013018,-0.999786,-17.468262,0.000000
22337,0.000352,0.450191,-0.049059,0.006637,-0.014858,-0.013083,-0.999782,-17.425690,0.000000
22340,0.000347,0.450187,-0.049054,0.006487,-0.014748,-0.013047,-0.999785,-17.380371,-0.000343
22344,0.000344,0.450184,-0.049044,0.006517,-0.014811,-0.013098,-0.999783,-17.347069,-0.000343
22347,0.000349,0.450187,-0.049042,0.006645,-0.014896,-0.013046,-0.999782,-17.335739,0.000000
22351,0.000352,0.450186,-0.049055,0.006536,-0.014753,-0.013123,-0.999784,-17.335739,0.000000
22354,0.000354,0.450186,-0.049063,0.006560,-0.014771,-0.013066,-0.999784,-17.338142,-0.000343
22358,0.000354,0.450192,-0.049076,0.006688,-0.014878,-0.013093,-0.999781,-17.347755,0.000000
22361,0.000343,0.450191,-0.049084,0.006689,-0.014853,-0.013091,-0.999782,-17.366638,0.000000
22365,0.000327,0.450188,-0.049089,0.006599,-0.014767,-0.013196,-0.999782,-17.396507,-0.000343
22369,0.000326,0.450189,-0.049080,0.006660,-0.014848,-0.013119,-0.999782,-17.411957,-0.000343
22372,0.000329,0.450189,-0.049073,0.006713,-0.014861,-0.013202,-0.999780,-17.428436,0.000000
22375,0.000334,0.450187,-0.049066,0.006697,-0.014849,-0.013165,-0.999781,-17.434273,-0.000343
22379,0.000338,0.450187,-0.049052,0.006538,-0.014754,-0.013163,-0.999783,-17.435303,0.000000
22383,0.000342,0.450188,-0.049036,0.006501,-0.014774,-0.013085,-0.999784,-17.434959,0.000000
22386,0.000341,0.450183,-0.049033,0.006669,-0.014865,-0.013133,-0.999781,-17.434959,-0.000343
22390,0.000345,0.450187,-0.049042,0.006457,-0.014744,-0.013088,-0.999785,-17.434959,-0.000343
22393,0.000348,0.450189,-0.049054,0.006573,-0.014801,-0.013125,-0.999783,-17.434616,-0.000343
22397,0.000345,0.450187,-0.049070,0.006488,-0.014695,-0.013097,-0.999785,-17.432556,0.000000
22401,0.000342,0.450188,-0.049080,0.006729,-0.014862,-0.013158,-0.999780,-17.428093,0.000000
22404,0.000339,0.450191,-0.049080,0.006683,-0.014868,-0.013065,-0.999782,-17.421570,0.000000
22407,0.000333,0.450190,-0.049081,0.006605,-0.014807,-0.013160,-0.999782,-17.411613,0.000000
22411,0.000325,0.450185,-0.049074,0.006508,-0.014727,-0.013138,-0.999784,-17.403030,-0.000343
22415,0.000324,0.450185,-0.049063,0.006763,-0.014884,-0.013216,-0.999779,-17.396851,0.000000
22418,0.000323,0.450186,-0.049054,0.006532,-0.014746,-0.013141,-0.999784,-17.393761,0.000000
22422,0.000320,0.450184,-0.049045,0.006595,-0.014831,-0.013212,-0.999781,-17.393074,-0.000343
22425,0.000319,0.450182,-0.049045,0.006604,-0.014799,-0.013164,-0.999782,-17.393074,-0.000343
22429,0.000322,0.450185,-0.049051,0.006581,-0.014787,-0.013240,-0.999781,-17.393417,0.000000
22432,0.000326,0.450185,-0.049059,0.006660,-0.014847,-0.013152,-0.999781,-17.393074,-0.000343
22436,0.000331,0.450187,-0.049077,0.006760,-0.014841,-0.013212,-0.999780,-17.393074,-0.000343
22440,0.000334,0.450189,-0.049084,0.006680,-0.014844,-0.013127,-0.999781,-17.393417,-0.000343
22443,0.000329,0.450186,-0.049090,0.006709,-0.014785,-0.013236,-0.999781,-17.393417,-0.000343
22447,0.000327,0.450188,-0.049084,0.006641,-0.014826,-0.013137,-0.999782,-17.394104,-0.000343
22450,0.000323,0.450188,-0.049079,0.006678,-0.014815,-0.013213,-0.999781,-17.394791,-0.000343
22454,0.000319,0.450183,-0.049070,0.006575,-0.014760,-0.013145,-0.999783,-17.395477,-0.000343
22457,0.000321,0.450183,-0.049063,0.006663,-0.014842,-0.013231,-0.999780,-17.396851,-0.000343
22461,0.000323,0.450188,-0.049054,0.006529,-0.014763,-0.013138,-0.999783,-17.397881,0.000000
22464,0.000314,0.450182,-0.049049,0.006693,-0.014857,-0.013204,-0.999780,-17.399254,-0.000343
22468,0.000310,0.450184,-0.049050,0.006502,-0.014743,-0.013137,-0.999784,-17.400627,0.000000
22472,0.000311,0.450184,-0.049052,0.006714,-0.014889,-0.013218,-0.999779,-17.402000,-0.000343
22475,0.000316,0.450189,-0.049054,0.006603,-0.014857,-0.013071,-0.999782,-17.403030,0.000000
22479,0.000326,0.450187,-0.049071,0.006612,-0.014791,-0.013221,-0.999781,-17.404404,-0.000343
22482,0.000334,0.450189,-0.049073,0.006677,-0.014832,-0.013167,-0.999781,-17.405434,-0.000343
22486,0.000330,0.450185,-0.049078,0.006631,-0.014769,-0.013214,-0.999782,-17.406120,-0.000343
22489,0.000324,0.450182,-0.049076,0.006616,-0.014773,-0.013188,-0.999782,-17.406464,-0.000343
22493,0.000321,0.450186,-0.049076,0.006667,-0.014818,-0.013254,-0.999780,-17.406807,-0.000343
22496,0.000319,0.450187,-0.049072,0.006616,-0.014794,-0.013173,-0.999782,-17.407150,-0.000343
22500,0.000311,0.450182,-0.049077,0.006566,-0.014730,-0.013283,-0.999782,-17.407494,-0.000343
22503,0.000311,0.450184,-0.049077,0.006574,-0.014749,-0.013204,-0.999783,-17.407837,0.000000
22507,0.000309,0.450185,-0.049072,0.006776,-0.014909,-0.013249,-0.999778,-17.407837,-0.000343
22510,0.000306,0.450182,-0.049074,0.006688,-0.014849,-0.013246,-0.999780,-17.407837,-0.000343
22514,0.000308,0.450182,-0.049072,0.006761,-0.014867,-0.013291,-0.999778,-17.408180,-0.000343
22518,0.000319,0.450183,-0.049063,0.006670,-0.014859,-0.013158,-0.999781,-17.408180,0.000000
22521,0.000323,0.450180,-0.049060,0.006750,-0.014864,-0.013220,-0.999779,-17.408180,0.000000
22525,0.000335,0.450185,-0.049051,0.006645,-0.014818,-0.013182,-0.999781,-17.408180,0.000000
22528,0.000337,0.450185,-0.049047,0.006607,-0.014799,-0.013212,-0.999781,-17.408180,0.000000
22532,0.000332,0.450181,-0.049048,0.006473,-0.014705,-0.013189,-0.999784,-17.408180,-0.000343
22535,0.000328,0.450179,-0.049051,0.006645,-0.014806,-0.013259,-0.999780,-17.408180,0.000000
22535,0.000328,0.450179,-0.049051,0.006645,-0.014806,-0.013259,-0.999780,-17.408180,0.000000
22540,0.000317,0.450181,-0.049068,0.006598,-0.014756,-0.013271,-0.999781,-17.408180,-0.000343
22545,0.000307,0.450183,-0.049087,0.006629,-0.014782,-0.013173,-0.999782,-17.408180,0.000000
22548,0.000302,0.450185,-0.049093,0.006691,-0.014854,-0.013219,-0.999780,-17.408180,-0.000343
22552,0.000298,0.450185,-0.049096,0.006669,-0.014811,-0.013232,-0.999781,-17.408180,0.000000
22556,0.000304,0.450182,-0.049093,0.006796,-0.014899,-0.013289,-0.999778,-17.408180,-0.000343
22558,0.000307,0.450182,-0.049089,0.006719,-0.014825,-0.013295,-0.999779,-17.408180,-0.000343
22563,0.000326,0.450181,-0.049069,0.006632,-0.014767,-0.013308,-0.999780,-17.408180,-0.000343
22566,0.000331,0.450179,-0.049053,0.006670,-0.014814,-0.013183,-0.999781,-17.408524,-0.000343
22570,0.000337,0.450181,-0.049044,0.006649,-0.014794,-0.013265,-0.999781,-17.408180,-0.000343
22573,0.000337,0.450180,-0.049041,0.006593,-0.014733,-0.013208,-0.999783,-17.408180,-0.000343
22577,0.000329,0.450178,-0.049047,0.006597,-0.014742,-0.013292,-0.999781,-17.408180,-0.000343
22581,0.000327,0.450182,-0.049060,0.006690,-0.014842,-0.013217,-0.999780,-17.408180,0.000000
22584,0.000321,0.450183,-0.049079,0.006685,-0.014808,-0.013294,-0.999780,-17.408180,0.000000
22588,0.000315,0.450183,-0.049096,0.006559,-0.014727,-0.013246,-0.999782,-17.408180,0.000000
22591,0.000312,0.450182,-0.049103,0.006770,-0.014872,-0.013304,-0.999778,-17.408180,0.000000
22595,0.000315,0.450186,-0.049100,0.006744,-0.014864,-0.013205,-0.999780,-17.408180,0.000000
22598,0.000313,0.450183,-0.049095,0.006634,-0.014760,-0.013297,-0.999781,-17.408180,-0.000343
22602,0.000320,0.450183,-0.049078,0.006657,-0.014804,-0.013179,-0.999781,-17.408180,-0.000343
22605,0.000324,0.450183,-0.049061,0.006680,-0.014862,-0.013240,-0.999780,-17.408180,-0.000343
22609,0.000324,0.450179,-0.049047,0.006505,-0.014718,-0.013193,-0.999784,-17.408180,-0.000343
22612,0.000324,0.450177,-0.049042,0.006673,-0.014828,-0.013223,-0.999780,-17.408180,0.000000
22616,0.000328,0.450180,-0.049045,0.006555,-0.014794,-0.013203,-0.999782,-17.408180,-0.000343
22620,0.000320,0.450180,-0.049060,0.006698,-0.014840,-0.013259,-0.999780,-17.408180,-0.000343
22623,0.000317,0.450182,-0.049072,0.006649,-0.014806,-0.013213,-0.999781,-17.408180,0.000000
22627,0.000313,0.450184,-0.049091,0.006832,-0.014867,-0.013307,-0.999778,-17.408180,0.000000
22630,0.000310,0.450185,-0.049097,0.006713,-0.014813,-0.013224,-0.999780,-17.408180,0.000000
22634,0.000309,0.450183,-0.049096,0.006822,-0.014873,-0.013300,-0.999778,-17.408524,0.000000
22637,0.000310,0.450183,-0.049091,0.006689,-0.014799,-0.013258,-0.999780,-17.408180,0.000000
22641,0.000314,0.450179,-0.049077,0.006738,-0.014829,-0.013320,-0.999779,-17.408180,-0.000343
22644,0.000317,0.450182,-0.049062,0.006579,-0.014781,-0.013217,-0.999782,-17.408524,0.000000
22648,0.000321,0.450180,-0.049053,0.006738,-0.014864,-0.013309,-0.999778,-17.408524,-0.000343
22652,0.000323,0.450179,-0.049052,0.006668,-0.014814,-0.013203,-0.999781,-17.408180,-0.000343
22655,0.000319,0.450180,-0.049057,0.006750,-0.014819,-0.013323,-0.999779,-17.408180,-0.000343
22659,0.000323,0.450182,-0.049065,0.006744,-0.014888,-0.013200,-0.999779,-17.408180,0.000000
22662,0.000320,0.450185,-0.049076,0.006838,-0.014905,-0.013285,-0.999777,-17.408180,0.000000
22665,0.000314,0.450182,-0.049089,0.006760,-0.014833,-0.013290,-0.999779,-17.408180,0.000000
22669,0.000308,0.450182,-0.049094,0.006727,-0.014823,-0.013306,-0.999779,-17.408180,0.000000
22673,0.000311,0.450184,-0.049092,0.006618,-0.014778,-0.013215,-0.999782,-17.408180,-0.000343
22676,0.000307,0.450180,-0.049089,0.006754,-0.014828,-0.013316,-0.999779,-17.408180,-0.000343
22680,0.000308,0.450182,-0.049078,0.006560,-0.014762,-0.013209,-0.999782,-17.408180,-0.000343
22684,0.000310,0.450180,-0.049072,0.006661,-0.014793,-0.013293,-0.999780,-17.408180,-0.000343
22687,0.000315,0.450180,-0.049066,0.006667,-0.014810,-0.013247,-0.999780,-17.408180,0.000000
22690,0.000317,0.450180,-0.049067,0.006555,-0.014748,-0.013255,-0.999782,-17.408180,0.000000
22694,0.000322,0.450181,-0.049066,0.006669,-0.014827,-0.013212,-0.999781,-17.408180,0.000000
22698,0.000320,0.450179,-0.049071,0.006613,-0.014777,-0.013284,-0.999781,-17.408180,0.000000
22701,0.000320,0.450182,-0.049069,0.006563,-0.014752,-0.013209,-0.999782,-17.408180,0.000000
22705,0.000315,0.450179,-0.049074,0.006805,-0.014849,-0.013317,-0.999778,-17.408180,0.000000
22708,0.000315,0.450184,-0.049070,0.006594,-0.014761,-0.013249,-0.999782,-17.408180,0.000000
22712,0.000306,0.450179,-0.049073,0.006748,-0.014840,-0.013347,-0.999778,-17.408180,-0.000343
22715,0.000306,0.450181,-0.049073,0.006556,-0.014724,-0.013239,-0.999783,-17.408180,-0.000343
22719,0.000307,0.450183,-0.049073,0.006697,-0.014821,-0.013308,-0.999779,-17.408180,0.000000
22723,0.000301,0.450179,-0.049077,0.006633,-0.014790,-0.013261,-0.999781,-17.408180,0.000000
22726,0.000305,0.450183,-0.049084,0.006651,-0.014794,-0.013359,-0.999779,-17.408180,0.000000
22730,0.000308,0.450185,-0.049086,0.006624,-0.014821,-0.013249,-0.999781,-17.408180,-0.000343
22733,0.000308,0.450184,-0.049091,0.006680,-0.014786,-0.013313,-0.999780,-17.408180,-0.000343
22737,0.000312,0.450186,-0.049091,0.006602,-0.014766,-0.013240,-0.999781,-17.408180,-0.000343
22740,0.000314,0.450186,-0.049088,0.006698,-0.014796,-0.013355,-0.999779,-17.408180,0.000000
22744,0.000315,0.450182,-0.049077,0.006645,-0.014764,-0.013257,-0.999781,-17.408180,0.000000
22747,0.000319,0.450181,-0.049068,0.006637,-0.014752,-0.013330,-0.999780,-17.408180,0.000000
22751,0.000326,0.450182,-0.049047,0.006699,-0.014854,-0.013224,-0.999780,-17.408180,0.000000
22755,0.000316,0.450177,-0.049041,0.006668,-0.014794,-0.013295,-0.999780,-17.408180,0.000000
22758,0.000316,0.450177,-0.049039,0.006497,-0.014714,-0.013218,-0.999783,-17.408180,0.000000
22762,0.000317,0.450180,-0.049046,0.006729,-0.014837,-0.013291,-0.999779,-17.408180,-0.000343
22765,0.000313,0.450182,-0.049058,0.006554,-0.014741,-0.013244,-0.999782,-17.408180,0.000000
22769,0.000302,0.450179,-0.049080,0.006738,-0.014822,-0.013341,-0.999778,-17.408180,0.000000
22772,0.000301,0.450186,-0.049092,0.006608,-0.014782,-0.013253,-0.999781,-17.408180,-0.000343
22776,0.000288,0.450183,-0.049110,0.006797,-0.014852,-0.013356,-0.999777,-17.408180,0.000343
22779,0.000290,0.450184,-0.049113,0.006567,-0.014715,-0.013298,-0.999782,-17.408180,0.000000
22783,0.000302,0.450186,-0.049104,0.006888,-0.014911,-0.013327,-0.999776,-17.407837,0.000000
22786,0.000313,0.450184,-0.049094,0.006719,-0.014838,-0.013267,-0.999779,-17.408180,0.000000
22790,0.000317,0.450181,-0.049076,0.006750,-0.014807,-0.013335,-0.999779,-17.407837,0.000000
22793,0.000321,0.450181,-0.049058,0.006605,-0.014754,-0.013245,-0.999782,-17.407837,0.000000
22797,0.000321,0.450180,-0.049045,0.006662,-0.014794,-0.013321,-0.999780,-17.407494,0.000000
22797,0.000321,0.450180,-0.049045,0.006662,-0.014794,-0.013321,-0.999780,-17.407837,0.000000
22797,0.000321,0.450180,-0.049045,0.006662,-0.014794,-0.013321,-0.999780,-17.407837,0.000000
22797,0.000321,0.450180,-0.049045,0.006662,-0.014794,-0.013321,-0.999780,-17.407837,0.000000
22797,0.000321,0.450180,-0.049045,0.006662,-0.014794,-0.013321,-0.999780,-17.407494,0.000000
22797,0.000321,0.450180,-0.049045,0.006662,-0.014794,-0.013321,-0.999780,-17.407494,0.000000
22797,0.000321,0.450180,-0.049045,0.006662,-0.014794,-0.013321,-0.999780,-17.407494,-0.000343
22797,0.000321,0.450180,-0.049045,0.006662,-0.014794,-0.013321,-0.999780,-17.407494,0.000000
22797,0.000321,0.450180,-0.049045,0.006662,-0.014794,-0.013321,-0.999780,-17.407150,0.000000
22797,0.000321,0.450180,-0.049045,0.006662,-0.014794,-0.013321,-0.999780,-17.407150,0.000000
22797,0.000321,0.450180,-0.049045,0.006662,-0.014794,-0.013321,-0.999780,-17.407150,0.000000
22797,0.000321,0.450180,-0.049045,0.006662,-0.014794,-0.013321,-0.999780,-17.406807,0.000000
22797,0.000321,0.450180,-0.049045,0.006662,-0.014794,-0.013321,-0.999780,-17.406807,0.000000
22797,0.000321,0.450180,-0.049045,0.006662,-0.014794,-0.013321,-0.999780,-17.406807,0.000000
22797,0.000321,0.450180,-0.049045,0.006662,-0.014794,-0.013321,-0.999780,-17.406807,0.000000
22797,0.000321,0.450180,-0.049045,0.006662,-0.014794,-0.013321,-0.999780,-17.406464,0.000000
22797,0.000321,0.450180,-0.049045,0.006662,-0.014794,-0.013321,-0.999780,-17.406464,0.000343
22797,0.000321,0.450180,-0.049045,0.006662,-0.014794,-0.013321,-0.999780,-17.406464,0.000000
22797,0.000321,0.450180,-0.049045,0.006662,-0.014794,-0.013321,-0.999780,-17.406464,0.000000
22797,0.000321,0.450180,-0.049045,0.006662,-0.014794,-0.013321,-0.999780,-17.406464,0.000000
22797,0.000321,0.450180,-0.049045,0.006662,-0.014794,-0.013321,-0.999780,-17.406120,0.000000
22797,0.000321,0.450180,-0.049045,0.006662,-0.014794,-0.013321,-0.999780,-17.406120,0.000000
22797,0.000321,0.450180,-0.049045,0.006662,-0.014794,-0.013321,-0.999780,-17.406120,0.000000
22797,0.000321,0.450180,-0.049045,0.006662,-0.014794,-0.013321,-0.999780,-17.406120,0.000000
22797,0.000321,0.450180,-0.049045,0.006662,-0.014794,-0.013321,-0.999780,-17.406120,0.000000
22797,0.000321,0.450180,-0.049045,0.006662,-0.014794,-0.013321,-0.999780,-17.406120,0.000000
22797,0.000321,0.450180,-0.049045,0.006662,-0.014794,-0.013321,-0.999780,-17.406120,0.000000
22797,0.000321,0.450180,-0.049045,0.006662,-0.014794,-0.013321,-0.999780,-17.406120,0.000000
22797,0.000321,0.450180,-0.049045,0.006662,-0.014794,-0.013321,-0.999780,-17.406120,0.000000
22797,0.000321,0.450180,-0.049045,0.006662,-0.014794,-0.013321,-0.999780,-17.406120,0.000000
