0,0.000000,0.000000,0.000000,0.000000,0.000000,0.000000,0.000000,0.000000,0.000000
0,0.000000,0.000000,0.000000,0.000000,0.000000,0.000000,0.000000,0.000000,0.000000
0,0.000000,0.000000,0.000000,0.000000,0.000000,0.000000,0.000000,0.000000,0.000000
0,0.000000,0.000000,0.000000,0.000000,0.000000,0.000000,0.000000,0.000000,0.000000
0,0.000000,0.000000,0.000000,0.000000,0.000000,0.000000,0.000000,0.000000,0.000000
0,0.000000,0.000000,0.000000,0.000000,0.000000,0.000000,0.000000,0.000000,0.000000
0,0.000000,0.000000,0.000000,0.000000,0.000000,0.000000,0.000000,0.000000,0.000000
0,0.000000,0.000000,0.000000,0.000000,0.000000,0.000000,0.000000,0.000000,0.000000
0,0.000000,0.000000,0.000000,0.000000,0.000000,0.000000,0.000000,0.000000,0.000000
0,0.000000,0.000000,0.000000,0.000000,0.000000,0.000000,0.000000,0.000000,0.000000
0,0.000000,0.000000,0.000000,0.000000,0.000000,0.000000,0.000000,0.000000,0.000000
0,0.000000,0.000000,0.000000,0.000000,0.000000,0.000000,0.000000,0.000000,0.000000
0,0.000000,0.000000,0.000000,0.000000,0.000000,0.000000,0.000000,0.000000,0.000000
0,0.000000,0.000000,0.000000,0.000000,0.000000,0.000000,0.000000,0.000000,0.000000
0,0.000000,0.000000,0.000000,0.000000,0.000000,0.000000,0.000000,0.000000,0.000000
0,0.000000,0.000000,0.000000,0.000000,0.000000,0.000000,0.000000,0.000000,0.000000
0,0.000000,0.000000,0.000000,0.000000,0.000000,0.000000,0.000000,0.000000,0.000000
0,0.000000,0.000000,0.000000,0.000000,0.000000,0.000000,0.000000,0.000000,0.000000
0,0.000000,0.000000,0.000000,0.000000,0.000000,0.000000,0.000000,0.000000,0.000000
0,0.000000,0.000000,0.000000,0.000000,0.000000,0.000000,0.000000,0.000000,0.000000
0,0.000000,0.000000,0.000000,0.000000,0.000000,0.000000,0.000000,0.000000,0.000000
0,0.000000,0.000000,0.000000,0.000000,0.000000,0.000000,0.000000,0.000000,0.000000
0,0.000000,0.000000,0.000000,0.000000,0.000000,0.000000,0.000000,0.000000,0.000000
0,0.000000,0.000000,0.000000,0.000000,0.000000,0.000000,0.000000,0.000000,0.000000
0,0.000000,0.000000,0.000000,0.000000,0.000000,0.000000,0.000000,0.000000,0.000000
0,0.000000,0.000000,0.000000,0.000000,0.000000,0.000000,0.000000,0.000000,0.000000
0,0.000000,0.000000,0.000000,0.000000,0.000000,0.000000,0.000000,0.000000,0.000000
0,0.000000,0.000000,0.000000,0.000000,0.000000,0.000000,0.000000,0.000000,0.000000
0,0.000000,0.000000,0.000000,0.000000,0.000000,0.000000,0.000000,0.000000,0.000000
0,0.000000,0.000000,0.000000,0.000000,0.000000,0.000000,0.000000,0.000000,0.000000
45760,0.006918,0.450794,-0.044685,-0.003254,-0.045104,0.008114,-0.998944,0.046005,0.000000
45763,0.006917,0.450795,-0.044679,-0.003189,-0.045162,0.008045,-0.998942,0.046349,-0.000343
45767,0.006913,0.450789,-0.044667,-0.003141,-0.045198,0.008098,-0.998940,0.046349,0.000343
45770,0.006918,0.450793,-0.044664,-0.003257,-0.045103,0.008049,-0.998945,0.046349,0.000000
45774,0.006930,0.450795,-0.044654,-0.003207,-0.045160,0.008153,-0.998941,0.046349,0.000000
45778,0.006927,0.450789,-0.044641,-0.003222,-0.045168,0.008172,-0.998941,0.046005,0.000000
45781,0.006928,0.450792,-0.044629,-0.003150,-0.045195,0.008112,-0.998940,0.046005,0.000000
45785,0.006927,0.450790,-0.044619,-0.003191,-0.045248,0.008185,-0.998937,0.046349,0.000000
45788,0.006927,0.450789,-0.044613,-0.003092,-0.045256,0.008117,-0.998938,0.046005,0.000000
45792,0.006934,0.450794,-0.044618,-0.003309,-0.045147,0.008164,-0.998942,0.046349,0.000000
45795,0.006935,0.450791,-0.044631,-0.003280,-0.045148,0.008158,-0.998942,0.046349,0.000000
45799,0.006927,0.450791,-0.044643,-0.003260,-0.045133,0.008207,-0.998942,0.046005,0.000000
45802,0.006918,0.450792,-0.044653,-0.003279,-0.045094,0.008103,-0.998945,0.046005,0.000000
45806,0.006909,0.450797,-0.044662,-0.003181,-0.045184,0.008128,-0.998941,0.046349,0.000000
45809,0.006903,0.450796,-0.044674,-0.003204,-0.045166,0.008102,-0.998942,0.046349,-0.000343
45813,0.006898,0.450792,-0.044676,-0.003154,-0.045183,0.008135,-0.998941,0.046005,0.000000
45816,0.006901,0.450794,-0.044677,-0.003266,-0.045110,0.008101,-0.998944,0.046005,0.000000
45820,0.006909,0.450797,-0.044662,-0.003279,-0.045149,0.008149,-0.998942,0.046005,0.000000
45823,0.006907,0.450790,-0.044653,-0.003140,-0.045205,0.008098,-0.998940,0.046005,0.000000
45827,0.006916,0.450792,-0.044642,-0.003367,-0.045123,0.008175,-0.998942,0.046349,0.000000
45831,0.006924,0.450794,-0.044634,-0.003237,-0.045151,0.008163,-0.998942,0.046349,-0.000343
45834,0.006927,0.450790,-0.044631,-0.003233,-0.045169,0.008220,-0.998940,0.046349,0.000000
45838,0.006928,0.450791,-0.044625,-0.003103,-0.045254,0.008146,-0.998937,0.046349,-0.000343
45841,0.006926,0.450792,-0.044630,-0.003161,-0.045231,0.008193,-0.998938,0.046349,0.000000
45845,0.006919,0.450793,-0.044633,-0.003292,-0.045155,0.008122,-0.998942,0.046005,-0.000343
45848,0.006916,0.450790,-0.044641,-0.003365,-0.045103,0.008166,-0.998943,0.046005,0.000000
45852,0.006923,0.450794,-0.044652,-0.003252,-0.045151,0.008142,-0.998942,0.046349,-0.000343
45856,0.006918,0.450790,-0.044663,-0.003114,-0.045192,0.008091,-0.998941,0.046349,-0.000343
45859,0.006921,0.450794,-0.044665,-0.003273,-0.045101,0.008144,-0.998944,0.046349,0.000000
45863,0.006920,0.450794,-0.044659,-0.003059,-0.045242,0.008082,-0.998939,0.046005,0.000000
45866,0.006918,0.450789,-0.044657,-0.003158,-0.045179,0.008121,-0.998941,0.046349,-0.000343
45870,0.006928,0.450796,-0.044649,-0.003217,-0.045197,0.008103,-0.998940,0.046349,-0.000343
45873,0.006926,0.450791,-0.044647,-0.003183,-0.045216,0.008159,-0.998939,0.046349,0.000000
45877,0.006926,0.450795,-0.044644,-0.003225,-0.045174,0.008123,-0.998941,0.046349,0.000000
45880,0.006915,0.450791,-0.044644,-0.003331,-0.045097,0.008125,-0.998944,0.046349,0.000000
45884,0.006908,0.450796,-0.044640,-0.003147,-0.045232,0.008096,-0.998939,0.046349,0.000000
45887,0.006898,0.450795,-0.044643,-0.003276,-0.045126,0.008124,-0.998943,0.046005,0.000000
45891,0.006891,0.450790,-0.044651,-0.003265,-0.045127,0.008080,-0.998943,0.046349,0.000000
45895,0.006896,0.450792,-0.044654,-0.003237,-0.045166,0.008148,-0.998941,0.046349,0.000000
45898,0.006897,0.450793,-0.044656,-0.003203,-0.045176,0.008107,-0.998941,0.046349,-0.000343
45902,0.006895,0.450788,-0.044659,-0.003161,-0.045179,0.008123,-0.998941,0.046349,-0.000343
45905,0.006904,0.450795,-0.044658,-0.003194,-0.045204,0.008097,-0.998940,0.046349,0.000000
45909,0.006905,0.450792,-0.044654,-0.003152,-0.045203,0.008120,-0.998940,0.046349,0.000000
45912,0.006905,0.450785,-0.044657,-0.003191,-0.045155,0.008045,-0.998942,0.046349,-0.000343
45916,0.006912,0.450789,-0.044652,-0.003151,-0.045188,0.008157,-0.998940,0.046005,0.000000
45919,0.006916,0.450793,-0.044649,-0.003033,-0.045259,0.008099,-0.998938,0.046349,-0.000343
45923,0.006914,0.450794,-0.044646,-0.003289,-0.045119,0.008111,-0.998943,0.046349,-0.000343
45926,0.006911,0.450792,-0.044643,-0.003203,-0.045160,0.008066,-0.998942,0.046349,-0.000343
45930,0.006907,0.450793,-0.044642,-0.003225,-0.045189,0.008142,-0.998940,0.046349,-0.000343
45934,0.006899,0.450789,-0.044647,-0.003358,-0.045070,0.008160,-0.998945,0.046349,0.000000
45937,0.006898,0.450791,-0.044646,-0.003223,-0.045158,0.008094,-0.998942,0.046005,0.000000
45941,0.006897,0.450791,-0.044656,-0.003279,-0.045117,0.008166,-0.998943,0.046349,0.000000
45944,0.006895,0.450790,-0.044662,-0.003246,-0.045113,0.008098,-0.998944,0.046005,-0.000343
45948,0.006893,0.450789,-0.044666,-0.003142,-0.045186,0.008161,-0.998940,0.046349,0.000000
45951,0.006895,0.450792,-0.044663,-0.003048,-0.045246,0.008108,-0.998938,0.046349,0.000000
45955,0.006889,0.450787,-0.044663,-0.003172,-0.045153,0.008132,-0.998942,0.046349,0.000000
45958,0.006890,0.450786,-0.044660,-0.003146,-0.045162,0.008091,-0.998942,0.046349,0.000000
45962,0.006895,0.450787,-0.044645,-0.003191,-0.045198,0.008168,-0.998940,0.046349,-0.000343
45966,0.006897,0.450786,-0.044632,-0.003283,-0.045130,0.008100,-0.998943,0.046349,-0.000343
45969,0.006904,0.450785,-0.044629,-0.003295,-0.045118,0.008133,-0.998943,0.046349,-0.000343
45973,0.006907,0.450786,-0.044626,-0.003275,-0.045155,0.008173,-0.998941,0.046349,0.000000
45976,0.006912,0.450790,-0.044624,-0.003245,-0.045175,0.008193,-0.998940,0.046349,-0.000343
45980,0.006909,0.450787,-0.044634,-0.003124,-0.045251,0.008131,-0.998938,0.046349,-0.000343
45983,0.006908,0.450790,-0.044645,-0.003266,-0.045165,0.008189,-0.998941,0.046349,0.000000
45987,0.006890,0.450784,-0.044662,-0.003168,-0.045150,0.008096,-0.998942,0.046349,-0.000343
45990,0.006881,0.450794,-0.044662,-0.002967,-0.045250,0.008253,-0.998937,0.046349,-0.000343
45994,0.006877,0.450789,-0.044679,-0.003105,-0.045192,0.008077,-0.998941,0.046349,-0.000343
45997,0.006869,0.450790,-0.044683,-0.003148,-0.045186,0.008161,-0.998940,0.046349,-0.000343
46001,0.006863,0.450791,-0.044685,-0.003209,-0.045104,0.008099,-0.998944,0.046349,-0.000343
46005,0.006865,0.450805,-0.044664,-0.002961,-0.045279,0.008208,-0.998936,0.046349,-0.000343
46008,0.006861,0.450791,-0.044662,-0.003264,-0.045128,0.008126,-0.998943,0.046349,-0.000343
46012,0.006864,0.450788,-0.044645,-0.003259,-0.045159,0.008080,-0.998942,0.046349,0.000000
46015,0.006871,0.450787,-0.044626,-0.003141,-0.045251,0.008121,-0.998938,0.046349,0.000000
46019,0.006884,0.450785,-0.044620,-0.003279,-0.045160,0.008081,-0.998942,0.046349,0.000000
46022,0.006893,0.450785,-0.044617,-0.003346,-0.045127,0.008153,-0.998942,0.046349,0.000000
46026,0.006898,0.450784,-0.044623,-0.003151,-0.045247,0.008145,-0.998938,0.046349,-0.000343
46029,0.006904,0.450793,-0.044627,-0.003245,-0.045171,0.008125,-0.998941,0.046349,-0.000343
46033,0.006886,0.450783,-0.044651,-0.003155,-0.045157,0.008094,-0.998942,0.046349,-0.000343
46037,0.006880,0.450795,-0.044665,-0.003199,-0.045175,0.008146,-0.998941,0.046349,0.000000
46040,0.006867,0.450791,-0.044679,-0.003156,-0.045186,0.008077,-0.998941,0.046349,-0.000343
46044,0.006857,0.450792,-0.044697,-0.003239,-0.045104,0.008086,-0.998944,0.046692,-0.000343
46047,0.006852,0.450791,-0.044702,-0.003172,-0.045128,0.008026,-0.998944,0.046349,-0.000343
46051,0.006848,0.450791,-0.044695,-0.003128,-0.045186,0.008132,-0.998941,0.081024,-0.000343
46054,0.006850,0.450792,-0.044688,-0.003190,-0.045129,0.008014,-0.998944,0.769043,0.000000
46058,0.006882,0.450796,-0.044666,-0.003223,-0.045190,0.008289,-0.998939,2.715683,0.000000
46061,0.006919,0.450794,-0.044634,-0.003362,-0.045191,0.008492,-0.998937,6.103249,0.000000
46065,0.007057,0.450805,-0.044563,-0.003930,-0.045268,0.009472,-0.998922,9.525490,0.000000
46068,0.007290,0.450828,-0.044460,-0.004497,-0.045458,0.010858,-0.998897,12.071228,0.000000
46072,0.007637,0.450872,-0.044331,-0.005432,-0.045492,0.012978,-0.998866,13.715401,0.000000
46076,0.007765,0.450878,-0.044298,-0.005693,-0.045396,0.013538,-0.998861,13.749733,0.000000
46079,0.007736,0.450878,-0.044320,-0.005507,-0.045400,0.013335,-0.998865,12.681313,0.000000
46082,0.007714,0.450882,-0.044317,-0.005411,-0.045412,0.013321,-0.998865,11.183739,-0.000343
46086,0.007623,0.450869,-0.044319,-0.005477,-0.045262,0.013011,-0.998875,10.034294,0.000000
46090,0.007601,0.450870,-0.044299,-0.005585,-0.045370,0.013020,-0.998870,9.998589,-0.000343
46093,0.007571,0.450872,-0.044311,-0.005485,-0.045416,0.012939,-0.998869,11.024780,-0.000343
46097,0.007570,0.450871,-0.044344,-0.005507,-0.045309,0.012918,-0.998874,12.822762,0.000000
46100,0.007651,0.450882,-0.044344,-0.005619,-0.045302,0.013311,-0.998869,14.953766,-0.000343
46104,0.007946,0.450919,-0.044266,-0.006189,-0.045435,0.015138,-0.998833,16.293068,-0.000343
46107,0.008193,0.450948,-0.044191,-0.006822,-0.045478,0.016601,-0.998804,16.946411,0.000000
46111,0.008177,0.450946,-0.044208,-0.006690,-0.045499,0.016417,-0.998807,16.726685,-0.000343
46115,0.008182,0.450949,-0.044195,-0.006687,-0.045351,0.016521,-0.998812,15.981331,0.000000
46118,0.008138,0.450942,-0.044181,-0.006768,-0.045261,0.016485,-0.998816,14.933853,0.000000
46122,0.008047,0.450934,-0.044179,-0.006479,-0.045376,0.015874,-0.998823,14.394493,-0.000343
46125,0.008097,0.450935,-0.044128,-0.006667,-0.045429,0.016237,-0.998813,14.431229,-0.000343
46129,0.008064,0.450929,-0.044144,-0.006664,-0.045318,0.015887,-0.998824,15.017967,0.000000
46132,0.008105,0.450934,-0.044141,-0.006729,-0.045276,0.016102,-0.998822,16.105614,-0.000343
46136,0.008224,0.450940,-0.044115,-0.006793,-0.045463,0.016642,-0.998804,17.387238,0.000000
46139,0.008284,0.450953,-0.044111,-0.006987,-0.045503,0.016969,-0.998796,18.211212,0.000000
46143,0.008459,0.450973,-0.044051,-0.007512,-0.045535,0.018185,-0.998769,18.684998,-0.000343
46146,0.008458,0.450977,-0.044056,-0.007560,-0.045534,0.018283,-0.998767,18.707657,0.000000
46150,0.008409,0.450975,-0.044088,-0.007329,-0.045516,0.018043,-0.998774,18.449821,0.000000
46154,0.008448,0.450975,-0.044074,-0.007496,-0.045486,0.018252,-0.998770,18.065987,0.000000
46157,0.008421,0.450982,-0.044099,-0.007375,-0.045514,0.018038,-0.998774,17.915955,0.000000
46161,0.008462,0.450979,-0.044077,-0.007535,-0.045496,0.018232,-0.998770,18.011398,0.000000
46164,0.008443,0.450978,-0.044080,-0.007369,-0.045499,0.018106,-0.998773,18.537712,-0.000343
46168,0.008464,0.450979,-0.044062,-0.007481,-0.045501,0.018248,-0.998770,19.204445,-0.000343
46171,0.008551,0.450985,-0.044011,-0.007641,-0.045613,0.018776,-0.998753,20.035629,0.000000
46175,0.008722,0.451006,-0.043948,-0.008280,-0.045539,0.019971,-0.998729,20.771713,-0.000343
46178,0.008814,0.451007,-0.043913,-0.008462,-0.045522,0.020582,-0.998715,21.280518,0.000000
46182,0.008885,0.451024,-0.043903,-0.008539,-0.045565,0.020974,-0.998705,21.454926,-0.000343
46185,0.008901,0.451023,-0.043897,-0.008660,-0.045438,0.021116,-0.998706,21.468658,0.000000
46189,0.008898,0.451021,-0.043893,-0.008642,-0.045510,0.021091,-0.998704,21.424370,0.000000
46193,0.008879,0.451019,-0.043880,-0.008700,-0.045561,0.021141,-0.998700,21.402740,-0.000343
46196,0.008865,0.451019,-0.043885,-0.008651,-0.045504,0.021067,-0.998705,21.436729,0.000000
46200,0.008859,0.451023,-0.043893,-0.008705,-0.045468,0.021126,-0.998704,21.621437,0.000000
46203,0.008889,0.451029,-0.043887,-0.008703,-0.045571,0.021243,-0.998697,22.025528,0.000000
46207,0.008974,0.451034,-0.043867,-0.008972,-0.045463,0.021691,-0.998690,22.602654,-0.000343
46211,0.009119,0.451051,-0.043824,-0.009208,-0.045460,0.022504,-0.998670,23.082619,0.000000
46214,0.009188,0.451060,-0.043802,-0.009337,-0.045465,0.022929,-0.998659,23.500786,-0.000343
46218,0.009233,0.451059,-0.043782,-0.009434,-0.045450,0.023183,-0.998653,23.778877,0.000000
46221,0.009259,0.451063,-0.043759,-0.009469,-0.045503,0.023380,-0.998646,23.880501,-0.000343
46225,0.009252,0.451064,-0.043742,-0.009616,-0.045477,0.023431,-0.998644,23.930969,-0.000343
46228,0.009256,0.451062,-0.043731,-0.009695,-0.045479,0.023468,-0.998643,23.979034,0.000000
46232,0.009283,0.451068,-0.043722,-0.009589,-0.045519,0.023523,-0.998640,24.109497,0.000000
46235,0.009317,0.451072,-0.043721,-0.009614,-0.045545,0.023680,-0.998635,24.328537,0.000000
46239,0.009385,0.451075,-0.043709,-0.009777,-0.045537,0.023955,-0.998627,24.719238,0.000000
46242,0.009453,0.451082,-0.043681,-0.009929,-0.045579,0.024391,-0.998614,25.095863,-0.000343
46246,0.009531,0.451090,-0.043646,-0.010232,-0.045638,0.024990,-0.998593,25.504074,-0.000343
46250,0.009574,0.451093,-0.043628,-0.010406,-0.045608,0.025357,-0.998583,25.881042,-0.000343
46253,0.009610,0.451100,-0.043615,-0.010572,-0.045599,0.025676,-0.998574,26.103516,0.000000
46257,0.009650,0.451110,-0.043607,-0.010480,-0.045785,0.025925,-0.998560,26.267281,-0.000343
46260,0.009666,0.451111,-0.043611,-0.010636,-0.045637,0.026074,-0.998561,26.404610,0.000000
46264,0.009687,0.451112,-0.043607,-0.010820,-0.045635,0.026203,-0.998556,26.537476,0.000000
46267,0.009706,0.451119,-0.043598,-0.010870,-0.045621,0.026363,-0.998552,26.693001,0.000000
46271,0.009743,0.451119,-0.043580,-0.010981,-0.045631,0.026500,-0.998547,26.968002,-0.000343
46274,0.009796,0.451123,-0.043559,-0.011104,-0.045650,0.026842,-0.998535,27.248840,-0.000343
46278,0.009890,0.451130,-0.043529,-0.011246,-0.045661,0.027276,-0.998521,27.665977,0.000000
46282,0.009987,0.451134,-0.043490,-0.011419,-0.045690,0.027870,-0.998502,28.034019,-0.000343
46285,0.010054,0.451142,-0.043464,-0.011591,-0.045631,0.028206,-0.998493,28.489265,-0.000343
46289,0.010139,0.451154,-0.043424,-0.011719,-0.045753,0.028744,-0.998470,28.834648,-0.000343
46292,0.010183,0.451155,-0.043408,-0.011926,-0.045684,0.029048,-0.998462,29.207497,-0.000343
46296,0.010248,0.451160,-0.043393,-0.012219,-0.045607,0.029512,-0.998449,29.608498,0.000000
46299,0.010302,0.451172,-0.043382,-0.012259,-0.045682,0.029837,-0.998435,29.935341,-0.000343
46303,0.010375,0.451181,-0.043371,-0.012590,-0.045623,0.030341,-0.998419,30.310593,0.000000
46307,0.010452,0.451189,-0.043350,-0.012837,-0.045613,0.030902,-0.998399,30.750046,-0.000343
46310,0.010523,0.451194,-0.043329,-0.013001,-0.045586,0.031292,-0.998386,31.144867,-0.000343
46314,0.010627,0.451198,-0.043291,-0.013301,-0.045567,0.031998,-0.998360,31.659164,0.000000
46317,0.010707,0.451205,-0.043256,-0.013369,-0.045631,0.032426,-0.998343,32.099304,0.000000
46321,0.010820,0.451212,-0.043200,-0.013522,-0.045709,0.033112,-0.998314,32.597809,0.000000
46324,0.010900,0.451220,-0.043151,-0.013851,-0.045658,0.033598,-0.998296,32.964821,0.000000
46328,0.010970,0.451220,-0.043093,-0.014116,-0.045647,0.034064,-0.998277,33.387794,-0.000343
46331,0.011019,0.451222,-0.043056,-0.014216,-0.045769,0.034304,-0.998262,33.729744,0.000000
46335,0.011085,0.451232,-0.043022,-0.014428,-0.045792,0.034803,-0.998240,34.008522,0.000000
46338,0.011129,0.451233,-0.043020,-0.014504,-0.045688,0.034979,-0.998238,34.256401,0.000000
46342,0.011182,0.451247,-0.043020,-0.014697,-0.045749,0.035363,-0.998219,34.475098,0.000000
46345,0.011202,0.451249,-0.043035,-0.014654,-0.045710,0.035480,-0.998217,34.616547,-0.000343
46349,0.011221,0.451255,-0.043038,-0.014830,-0.045707,0.035713,-0.998206,34.754906,-0.000343
46353,0.011237,0.451253,-0.043040,-0.014791,-0.045722,0.035802,-0.998203,34.928627,0.000000
46356,0.011264,0.451255,-0.043029,-0.014927,-0.045695,0.036005,-0.998195,35.122261,0.000000
46360,0.011318,0.451244,-0.043004,-0.015197,-0.045568,0.036187,-0.998190,35.380096,0.000000
46363,0.011384,0.451252,-0.042971,-0.015450,-0.045484,0.036538,-0.998177,35.677757,0.000000
46367,0.011466,0.451252,-0.042924,-0.015453,-0.045606,0.037007,-0.998154,35.979195,0.000000
46370,0.011519,0.451251,-0.042891,-0.015667,-0.045564,0.037388,-0.998139,36.261749,0.000000
46374,0.011581,0.451265,-0.042856,-0.015774,-0.045613,0.037855,-0.998117,36.529884,-0.000343
46377,0.011612,0.451265,-0.042846,-0.015805,-0.045682,0.038088,-0.998105,36.703262,0.000000
46381,0.011643,0.451266,-0.042857,-0.016158,-0.045528,0.038276,-0.998099,36.919212,0.000000
46384,0.011670,0.451278,-0.042859,-0.016118,-0.045566,0.038542,-0.998087,37.094994,-0.000343
46388,0.011709,0.451285,-0.042862,-0.016099,-0.045694,0.038800,-0.998072,37.310944,-0.000343
46392,0.011737,0.451281,-0.042867,-0.016327,-0.045552,0.038928,-0.998070,37.511787,0.000000
46395,0.011779,0.451287,-0.042843,-0.016433,-0.045599,0.039219,-0.998054,37.768250,0.000000
46399,0.011844,0.451291,-0.042809,-0.016653,-0.045611,0.039587,-0.998036,38.062134,0.000000
46402,0.011889,0.451292,-0.042776,-0.016876,-0.045560,0.039919,-0.998021,38.307266,0.000000
46406,0.011955,0.451292,-0.042729,-0.017089,-0.045599,0.040310,-0.998000,38.544502,-0.000343
46409,0.011990,0.451290,-0.042697,-0.017173,-0.045605,0.040541,-0.997989,38.772469,0.000000
46413,0.012036,0.451291,-0.042666,-0.017406,-0.045580,0.040838,-0.997974,39.015541,0.000000
46417,0.012076,0.451291,-0.042653,-0.017592,-0.045598,0.041154,-0.997957,39.210548,0.000000
46420,0.012110,0.451299,-0.042655,-0.017574,-0.045634,0.041313,-0.997949,39.415169,-0.000343
46423,0.012142,0.451302,-0.042662,-0.017654,-0.045610,0.041556,-0.997939,39.640388,-0.000343
46427,0.012182,0.451309,-0.042678,-0.017750,-0.045559,0.041797,-0.997929,39.892044,0.000000
46431,0.012225,0.451315,-0.042675,-0.017652,-0.045696,0.042077,-0.997913,40.108681,0.000000
46434,0.012257,0.451318,-0.042663,-0.017791,-0.045710,0.042311,-0.997900,40.363426,0.000000
46437,0.012290,0.451317,-0.042641,-0.017935,-0.045688,0.042579,-0.997887,40.611649,0.000000
46441,0.012337,0.451316,-0.042611,-0.018157,-0.045642,0.042847,-0.997873,40.861244,-0.000343
46445,0.012409,0.451326,-0.042568,-0.018413,-0.045627,0.043252,-0.997852,41.088181,0.000000
46448,0.012452,0.451322,-0.042548,-0.018543,-0.045536,0.043464,-0.997845,41.322327,-0.000343
46452,0.012508,0.451321,-0.042520,-0.018698,-0.045513,0.043781,-0.997829,41.520081,0.000000
46456,0.012556,0.451320,-0.042497,-0.018779,-0.045491,0.044124,-0.997813,41.768990,0.000000
46459,0.012586,0.451324,-0.042488,-0.018956,-0.045408,0.044261,-0.997808,41.969147,0.000000
46463,0.012636,0.451331,-0.042473,-0.018905,-0.045573,0.044593,-0.997786,42.226639,0.000000
46466,0.012671,0.451330,-0.042470,-0.018987,-0.045520,0.044807,-0.997777,42.461128,0.000000
46470,0.012729,0.451331,-0.042453,-0.019193,-0.045469,0.045182,-0.997759,42.716217,0.000000
46473,0.012769,0.451333,-0.042440,-0.019285,-0.045441,0.045376,-0.997750,42.952080,0.000000
46477,0.012816,0.451339,-0.042414,-0.019384,-0.045505,0.045704,-0.997730,43.181076,0.000000
46480,0.012840,0.451336,-0.042396,-0.019550,-0.045456,0.045845,-0.997722,43.421402,0.000000
46484,0.012877,0.451337,-0.042366,-0.019639,-0.045485,0.046144,-0.997706,43.615036,-0.000343
46487,0.012904,0.451337,-0.042355,-0.019710,-0.045459,0.046320,-0.997697,43.845749,0.000000
46491,0.012950,0.451338,-0.042338,-0.019783,-0.045468,0.046687,-0.997678,44.093971,0.000000
46494,0.012984,0.451340,-0.042334,-0.019846,-0.045476,0.046855,-0.997669,44.334641,0.000000
46498,0.013035,0.451348,-0.042327,-0.019907,-0.045561,0.047212,-0.997647,44.561577,0.000000
46502,0.013090,0.451353,-0.042324,-0.020182,-0.045449,0.047500,-0.997633,44.792290,0.000000
46505,0.013127,0.451356,-0.042320,-0.020346,-0.045435,0.047795,-0.997616,45.031586,0.000000
46509,0.013187,0.451362,-0.042302,-0.020289,-0.045566,0.048064,-0.997598,45.278435,0.000000
46512,0.013221,0.451363,-0.042286,-0.020529,-0.045508,0.048355,-0.997582,45.504341,0.000000
46516,0.013265,0.451363,-0.042260,-0.020646,-0.045498,0.048568,-0.997570,45.727158,0.000000
46519,0.013307,0.451363,-0.042232,-0.020714,-0.045572,0.048832,-0.997552,45.944824,0.000000
46523,0.013376,0.451368,-0.042196,-0.020898,-0.045536,0.049168,-0.997533,46.171074,0.000000
46526,0.013423,0.451367,-0.042175,-0.021084,-0.045515,0.049465,-0.997516,46.414833,0.000000
46530,0.013495,0.451372,-0.042148,-0.021179,-0.045579,0.049849,-0.997491,46.671295,-0.000343
46534,0.013547,0.451373,-0.042125,-0.021309,-0.045600,0.050095,-0.997475,46.882095,0.000000
46537,0.013583,0.451377,-0.042119,-0.021455,-0.045526,0.050350,-0.997463,47.150230,0.000000
46541,0.013639,0.451384,-0.042105,-0.021585,-0.045576,0.050708,-0.997440,47.359314,0.000000
46544,0.013678,0.451387,-0.042090,-0.021720,-0.045607,0.050982,-0.997421,47.608910,0.000000
46548,0.013719,0.451391,-0.042077,-0.021896,-0.045507,0.051211,-0.997410,47.847176,-0.000343
46551,0.013754,0.451395,-0.042058,-0.022050,-0.045501,0.051481,-0.997393,48.068962,0.000000
46555,0.013805,0.451393,-0.042030,-0.022089,-0.045583,0.051787,-0.997373,48.303452,0.000000
46558,0.013849,0.451393,-0.042010,-0.022231,-0.045532,0.052059,-0.997358,48.545837,0.000000
46562,0.013911,0.451391,-0.041993,-0.022323,-0.045601,0.052339,-0.997338,48.768997,0.000000
46565,0.013966,0.451400,-0.041990,-0.022593,-0.045496,0.052700,-0.997318,48.983917,0.000000
46569,0.014021,0.451400,-0.041989,-0.022738,-0.045415,0.052973,-0.997304,49.217377,0.000000
46573,0.014075,0.451405,-0.041983,-0.022694,-0.045507,0.053288,-0.997284,49.450493,0.000000
46576,0.014112,0.451403,-0.041977,-0.022709,-0.045539,0.053449,-0.997273,49.701462,0.000000
46580,0.014162,0.451407,-0.041961,-0.022952,-0.045493,0.053818,-0.997250,49.917755,0.000000
46583,0.014196,0.451407,-0.041946,-0.022976,-0.045486,0.054026,-0.997238,50.159454,0.000000
46587,0.014254,0.451414,-0.041908,-0.023285,-0.045443,0.054431,-0.997211,50.415573,0.000000
46590,0.014284,0.451408,-0.041876,-0.023392,-0.045444,0.054677,-0.997195,50.627747,0.000000
46594,0.014323,0.451404,-0.041828,-0.023592,-0.045459,0.055037,-0.997170,50.873222,0.000000
46598,0.014366,0.451399,-0.041780,-0.023789,-0.045403,0.055334,-0.997151,51.115608,0.000000
46601,0.014399,0.451401,-0.041756,-0.023856,-0.045450,0.055454,-0.997141,51.316795,0.000000
46605,0.014453,0.451401,-0.041738,-0.023896,-0.045476,0.055804,-0.997119,51.542702,0.000000
46608,0.014502,0.451402,-0.041737,-0.023942,-0.045549,0.056013,-0.997103,51.802254,0.000000
46612,0.014561,0.451406,-0.041751,-0.024064,-0.045517,0.056365,-0.997082,52.026443,0.000343
46615,0.014608,0.451411,-0.041760,-0.024154,-0.045513,0.056602,-0.997066,52.261620,0.000000
46619,0.014665,0.451419,-0.041772,-0.024366,-0.045469,0.056992,-0.997041,52.488556,0.000000
46622,0.014694,0.451423,-0.041773,-0.024422,-0.045504,0.057200,-0.997026,52.746391,0.000000
46626,0.014732,0.451421,-0.041763,-0.024623,-0.045436,0.057504,-0.997007,52.947922,0.000000
46629,0.014764,0.451424,-0.041741,-0.024587,-0.045541,0.057667,-0.996993,53.168335,0.000000
46633,0.014803,0.451418,-0.041707,-0.024831,-0.045422,0.058017,-0.996973,53.414497,0.000000
46636,0.014835,0.451414,-0.041671,-0.024973,-0.045389,0.058213,-0.996959,53.653107,0.000000
46640,0.014882,0.451413,-0.041618,-0.025041,-0.045495,0.058586,-0.996931,53.915749,0.000000
46644,0.014927,0.451411,-0.041574,-0.025342,-0.045365,0.058824,-0.996915,54.121056,0.000000
46647,0.014964,0.451409,-0.041547,-0.025416,-0.045359,0.059091,-0.996898,54.384041,0.000000
46651,0.015026,0.451416,-0.041527,-0.025499,-0.045399,0.059363,-0.996878,54.629173,0.000343
46654,0.015071,0.451413,-0.041524,-0.025683,-0.045352,0.059550,-0.996864,54.859200,0.000000
46658,0.015127,0.451423,-0.041525,-0.025684,-0.045369,0.059820,-0.996847,55.068283,0.000000
46662,0.015181,0.451419,-0.041532,-0.025722,-0.045412,0.060041,-0.996831,55.318909,0.000000
46665,0.015219,0.451425,-0.041535,-0.025930,-0.045343,0.060366,-0.996809,55.519753,0.000000
46668,0.015245,0.451424,-0.041534,-0.026042,-0.045306,0.060520,-0.996798,55.744972,0.000000
46672,0.015290,0.451430,-0.041516,-0.026136,-0.045374,0.060848,-0.996773,55.973282,0.000000
46675,0.015318,0.451427,-0.041493,-0.025988,-0.045550,0.061087,-0.996754,56.250687,0.000000
46679,0.015352,0.451424,-0.041464,-0.026326,-0.045408,0.061348,-0.996735,56.484833,0.000000
46683,0.015400,0.451428,-0.041426,-0.026495,-0.045475,0.061678,-0.996708,56.743355,0.000000
46686,0.015437,0.451426,-0.041401,-0.026604,-0.045502,0.061990,-0.996684,56.952095,0.000000
46690,0.015482,0.451423,-0.041382,-0.026819,-0.045375,0.062224,-0.996670,57.180405,0.000000
46693,0.015529,0.451426,-0.041363,-0.026963,-0.045415,0.062552,-0.996643,57.423134,0.000343
46697,0.015582,0.451430,-0.041353,-0.026896,-0.045494,0.062821,-0.996625,57.658997,0.000343
46701,0.015632,0.451426,-0.041343,-0.027165,-0.045397,0.063146,-0.996601,57.879410,0.000000
46704,0.015669,0.451427,-0.041333,-0.027167,-0.045473,0.063322,-0.996586,58.079910,0.000000
46707,0.015712,0.451433,-0.041323,-0.027377,-0.045475,0.063632,-0.996561,58.323669,0.000000
46711,0.015754,0.451428,-0.041309,-0.027445,-0.045410,0.063861,-0.996547,58.574638,0.000000
46715,0.015802,0.451430,-0.041289,-0.027679,-0.045391,0.064203,-0.996520,58.778229,0.000000
46718,0.015831,0.451430,-0.041273,-0.027684,-0.045448,0.064383,-0.996505,59.025421,0.000343
46722,0.015868,0.451430,-0.041249,-0.027996,-0.045306,0.064749,-0.996479,59.263344,0.000343
46725,0.015894,0.451430,-0.041232,-0.028031,-0.045371,0.064930,-0.996464,59.516029,0.000343
46729,0.015937,0.451433,-0.041208,-0.028098,-0.045375,0.065356,-0.996434,59.752922,0.000343
46732,0.015975,0.451431,-0.041195,-0.028111,-0.045470,0.065501,-0.996420,59.990845,0.000343
46736,0.016035,0.451435,-0.041183,-0.028402,-0.045396,0.065864,-0.996391,60.232887,0.000343
46739,0.016083,0.451434,-0.041171,-0.028512,-0.045362,0.066092,-0.996374,60.479050,0.000343
46743,0.016144,0.451436,-0.041156,-0.028686,-0.045358,0.066438,-0.996346,60.670280,0.000000
46746,0.016186,0.451436,-0.041143,-0.028720,-0.045381,0.066589,-0.996334,60.895157,0.000343
46750,0.016241,0.451436,-0.041119,-0.028820,-0.045358,0.066860,-0.996314,61.124496,0.000687
46754,0.016283,0.451433,-0.041095,-0.028942,-0.045299,0.067156,-0.996293,61.355209,0.000343
46757,0.016319,0.451431,-0.041074,-0.029014,-0.045308,0.067354,-0.996278,61.587639,0.000343
46761,0.016375,0.451437,-0.041042,-0.029226,-0.045372,0.067732,-0.996243,61.848221,0.000343
46764,0.016403,0.451436,-0.041029,-0.029310,-0.045336,0.067914,-0.996230,62.103653,0.000343
46768,0.016446,0.451433,-0.041007,-0.029595,-0.045214,0.068277,-0.996202,62.358742,0.000343
46771,0.016478,0.451433,-0.040996,-0.029631,-0.045264,0.068493,-0.996184,62.554436,0.000343
46775,0.016529,0.451435,-0.040984,-0.029754,-0.045352,0.068905,-0.996148,62.796135,0.000000
46779,0.016573,0.451430,-0.040976,-0.029918,-0.045249,0.069230,-0.996125,63.027878,0.000343
46782,0.016616,0.451433,-0.040962,-0.029898,-0.045404,0.069517,-0.996098,63.262367,0.000000
46786,0.016669,0.451429,-0.040944,-0.029918,-0.045418,0.069805,-0.996077,63.499947,0.000343
46789,0.016712,0.451426,-0.040930,-0.030226,-0.045269,0.070102,-0.996054,63.697014,0.000343
46793,0.016774,0.451424,-0.040900,-0.030201,-0.045399,0.070405,-0.996027,63.965149,0.000343
46796,0.016823,0.451427,-0.040876,-0.030477,-0.045357,0.070742,-0.995997,64.170456,0.000343
46800,0.016869,0.451425,-0.040849,-0.030653,-0.045341,0.071003,-0.995973,64.433098,0.000000
46803,0.016901,0.451419,-0.040830,-0.030839,-0.045274,0.071275,-0.995951,64.662094,0.000000
46807,0.016947,0.451423,-0.040804,-0.030837,-0.045436,0.071520,-0.995927,64.906540,0.000000
46811,0.016981,0.451419,-0.040793,-0.030854,-0.045434,0.071806,-0.995905,65.161285,0.000000
46814,0.017010,0.451418,-0.040788,-0.031045,-0.045355,0.072060,-0.995885,65.371399,0.000343
46817,0.017043,0.451422,-0.040782,-0.031120,-0.045413,0.072268,-0.995865,65.585976,0.000343
46821,0.017087,0.451425,-0.040776,-0.031331,-0.045313,0.072501,-0.995846,65.858917,0.000343
46825,0.017143,0.451424,-0.040759,-0.031473,-0.045359,0.072783,-0.995819,66.101303,0.000343
46828,0.017188,0.451424,-0.040742,-0.031579,-0.045374,0.073043,-0.995796,66.332703,0.000343
46832,0.017244,0.451419,-0.040713,-0.031801,-0.045317,0.073300,-0.995772,66.538696,0.000343
46835,0.017291,0.451421,-0.040684,-0.031918,-0.045361,0.073594,-0.995745,66.794815,0.000343
46839,0.017344,0.451420,-0.040655,-0.031978,-0.045344,0.073842,-0.995725,67.037544,0.000343
46842,0.017384,0.451414,-0.040625,-0.032008,-0.045440,0.074148,-0.995697,67.233238,0.000000
46846,0.017430,0.451412,-0.040605,-0.032243,-0.045303,0.074386,-0.995678,67.468071,0.000000
46850,0.017475,0.451413,-0.040582,-0.032362,-0.045381,0.074666,-0.995650,67.711830,0.000343
46853,0.017501,0.451411,-0.040576,-0.032488,-0.045247,0.074838,-0.995639,67.964859,0.000343
46857,0.017533,0.451411,-0.040573,-0.032636,-0.045215,0.075151,-0.995612,68.170853,0.000343
46860,0.017566,0.451413,-0.040566,-0.032635,-0.045382,0.075384,-0.995587,68.411179,0.000000
46864,0.017610,0.451411,-0.040566,-0.032887,-0.045219,0.075748,-0.995558,68.665237,0.000343
46867,0.017644,0.451411,-0.040558,-0.032839,-0.045293,0.075959,-0.995540,68.887367,0.000000
46871,0.017707,0.451416,-0.040540,-0.033036,-0.045268,0.076364,-0.995504,69.113960,0.000343
46875,0.017763,0.451410,-0.040510,-0.033279,-0.045209,0.076739,-0.995470,69.365273,0.000343
46878,0.017805,0.451405,-0.040488,-0.033390,-0.045222,0.076963,-0.995448,69.602852,0.000343
46882,0.017876,0.451406,-0.040444,-0.033434,-0.045390,0.077352,-0.995409,69.792023,0.000343
46885,0.017913,0.451400,-0.040420,-0.033545,-0.045336,0.077572,-0.995390,70.042992,0.000000
46888,0.017953,0.451395,-0.040396,-0.033652,-0.045320,0.077808,-0.995369,70.299110,0.000343
46892,0.018008,0.451390,-0.040366,-0.033845,-0.045366,0.078156,-0.995333,70.556602,0.000000
46895,0.018058,0.451399,-0.040344,-0.034008,-0.045409,0.078446,-0.995303,70.778389,0.000343
46899,0.018106,0.451399,-0.040332,-0.034164,-0.045348,0.078825,-0.995270,71.025925,0.000343
46903,0.018148,0.451398,-0.040322,-0.034200,-0.045370,0.079137,-0.995243,71.234322,0.000343
46906,0.018182,0.451398,-0.040313,-0.034199,-0.045449,0.079303,-0.995227,71.498680,0.000343
46910,0.018226,0.451400,-0.040306,-0.034646,-0.045237,0.079652,-0.995193,71.700554,0.000343
46913,0.018257,0.451397,-0.040296,-0.034621,-0.045330,0.079848,-0.995174,71.931267,0.000000
46917,0.018322,0.451405,-0.040274,-0.034791,-0.045416,0.080295,-0.995128,72.177773,0.000343
46921,0.018366,0.451398,-0.040256,-0.034880,-0.045358,0.080497,-0.995111,72.401276,0.000000
46924,0.018411,0.451398,-0.040243,-0.034958,-0.045377,0.080820,-0.995081,72.672501,0.000000
46928,0.018479,0.451400,-0.040211,-0.035138,-0.045435,0.081253,-0.995037,72.869225,0.000343
46931,0.018512,0.451394,-0.040196,-0.035330,-0.045332,0.081488,-0.995016,73.114357,0.000000
46935,0.018564,0.451395,-0.040174,-0.035359,-0.045401,0.081833,-0.994983,73.382149,0.000343
46939,0.018609,0.451392,-0.040148,-0.035512,-0.045409,0.082087,-0.994957,73.607025,0.000343
46942,0.018635,0.451388,-0.040135,-0.035585,-0.045324,0.082311,-0.994939,73.802376,0.000343
46946,0.018686,0.451388,-0.040109,-0.035631,-0.045443,0.082605,-0.994908,74.030685,0.000343
46949,0.018721,0.451382,-0.040097,-0.035831,-0.045331,0.082823,-0.994888,74.272041,0.000000
46952,0.018761,0.451386,-0.040079,-0.036005,-0.045366,0.083118,-0.994855,74.505844,0.000343
46956,0.018809,0.451382,-0.040057,-0.036094,-0.045319,0.083399,-0.994831,74.749947,0.000000
46960,0.018872,0.451383,-0.040037,-0.036336,-0.045270,0.083721,-0.994797,74.987183,0.000343
46963,0.018910,0.451380,-0.040024,-0.036510,-0.045217,0.084022,-0.994768,75.228882,0.000000
46967,0.018966,0.451380,-0.040002,-0.036559,-0.045315,0.084276,-0.994740,75.460625,0.000343
46970,0.019007,0.451381,-0.039989,-0.036683,-0.045327,0.084560,-0.994711,75.678978,0.000343
46974,0.019051,0.451381,-0.039975,-0.036865,-0.045273,0.084794,-0.994687,75.940933,0.000343
46977,0.019073,0.451373,-0.039968,-0.036984,-0.045142,0.085072,-0.994664,76.155510,0.000343
46981,0.019129,0.451376,-0.039948,-0.036994,-0.045331,0.085341,-0.994632,76.387939,0.000000
46984,0.019162,0.451372,-0.039935,-0.037137,-0.045299,0.085631,-0.994604,76.631699,0.000343
46988,0.019205,0.451374,-0.039916,-0.037379,-0.045266,0.085885,-0.994574,76.859322,0.000343
46992,0.019260,0.451371,-0.039890,-0.037523,-0.045307,0.086274,-0.994533,77.113037,0.000343
46995,0.019299,0.451367,-0.039868,-0.037624,-0.045328,0.086496,-0.994509,77.360229,0.000343
46999,0.019352,0.451361,-0.039843,-0.037923,-0.045220,0.086891,-0.994468,77.631798,0.000000
47002,0.019403,0.451356,-0.039818,-0.038011,-0.045262,0.087161,-0.994439,77.829208,0.000000
47006,0.019456,0.451351,-0.039795,-0.038045,-0.045337,0.087490,-0.994406,78.079147,0.000343
47009,0.019492,0.451346,-0.039784,-0.038234,-0.045251,0.087750,-0.994379,78.312263,0.000343
47013,0.019551,0.451346,-0.039761,-0.038320,-0.045370,0.088068,-0.994343,78.492508,0.000343
47016,0.019580,0.451346,-0.039757,-0.038423,-0.045319,0.088254,-0.994325,78.746910,0.000000
47020,0.019627,0.451344,-0.039745,-0.038776,-0.045167,0.088630,-0.994284,78.969040,0.000000
47024,0.019686,0.451345,-0.039730,-0.038815,-0.045258,0.088982,-0.994247,79.238205,0.000343
47027,0.019719,0.451344,-0.039721,-0.038850,-0.045271,0.089150,-0.994230,79.458961,0.000343
47030,0.019753,0.451339,-0.039708,-0.038863,-0.045267,0.089361,-0.994211,79.730873,0.000000
47034,0.019810,0.451332,-0.039683,-0.039093,-0.045209,0.089701,-0.994174,79.946136,0.000000
47038,0.019868,0.451331,-0.039655,-0.039321,-0.045167,0.090084,-0.994132,80.186806,0.000343
47041,0.019914,0.451327,-0.039629,-0.039445,-0.045212,0.090350,-0.994101,80.428162,0.000000
47045,0.019972,0.451323,-0.039598,-0.039653,-0.045128,0.090713,-0.994063,80.614243,0.000000
47048,0.020012,0.451323,-0.039576,-0.039714,-0.045163,0.090902,-0.994042,80.853195,0.000000
47052,0.020074,0.451318,-0.039546,-0.039963,-0.045098,0.091336,-0.993995,81.090088,0.000343
47055,0.020120,0.451313,-0.039526,-0.040069,-0.045169,0.091581,-0.993965,81.314278,0.000343
47059,0.020178,0.451313,-0.039508,-0.040041,-0.045302,0.091967,-0.993925,81.584129,0.000000
47063,0.020226,0.451305,-0.039501,-0.040306,-0.045144,0.092316,-0.993889,81.816902,0.000343
47066,0.020263,0.451302,-0.039491,-0.040419,-0.045146,0.092611,-0.993857,82.059631,0.000343
47070,0.020321,0.451305,-0.039474,-0.040482,-0.045209,0.093017,-0.993813,82.279015,0.000343
47073,0.020352,0.451300,-0.039459,-0.040580,-0.045242,0.093253,-0.993786,82.515564,0.000000
47077,0.020399,0.451294,-0.039445,-0.040835,-0.045164,0.093617,-0.993745,82.773056,0.000343
47080,0.020435,0.451293,-0.039428,-0.040954,-0.045169,0.093910,-0.993712,82.989693,0.000000
47084,0.020481,0.451290,-0.039405,-0.041041,-0.045162,0.094160,-0.993685,83.264008,0.000343
47087,0.020524,0.451286,-0.039386,-0.041279,-0.045107,0.094478,-0.993648,83.466225,0.000343
47091,0.020577,0.451281,-0.039360,-0.041301,-0.045176,0.094738,-0.993619,83.698654,0.000000
47094,0.020618,0.451282,-0.039343,-0.041431,-0.045138,0.094943,-0.993595,83.941727,0.000000
47098,0.020668,0.451277,-0.039321,-0.041648,-0.045032,0.095238,-0.993563,84.162827,0.000343
47102,0.020719,0.451278,-0.039305,-0.041726,-0.045112,0.095520,-0.993529,84.392166,0.000000
47105,0.020756,0.451275,-0.039292,-0.041876,-0.045062,0.095806,-0.993497,84.629402,0.000343
47109,0.020805,0.451269,-0.039273,-0.042017,-0.045095,0.096072,-0.993464,84.860115,0.000343
47112,0.020840,0.451272,-0.039262,-0.042095,-0.045078,0.096284,-0.993441,85.091515,0.000000
47116,0.020886,0.451267,-0.039245,-0.042164,-0.045085,0.096548,-0.993412,85.340080,0.000000
47119,0.020927,0.451265,-0.039227,-0.042454,-0.044973,0.096840,-0.993377,85.590706,0.000343
47123,0.020976,0.451259,-0.039207,-0.042436,-0.045122,0.097135,-0.993342,85.865021,0.000343
47126,0.021020,0.451259,-0.039185,-0.042527,-0.045160,0.097466,-0.993304,86.074104,0.000343
47130,0.021070,0.451254,-0.039164,-0.042753,-0.045084,0.097767,-0.993268,86.311684,0.000343
47134,0.021129,0.451256,-0.039148,-0.042923,-0.045052,0.098126,-0.993227,86.513557,0.000000
47137,0.021168,0.451249,-0.039133,-0.043010,-0.045067,0.098360,-0.993199,86.775513,0.000343
47141,0.021214,0.451242,-0.039115,-0.043103,-0.045033,0.098688,-0.993164,86.984940,0.000000
47144,0.021264,0.451240,-0.039099,-0.043249,-0.045081,0.098946,-0.993130,87.244492,0.000000
47148,0.021321,0.451234,-0.039077,-0.043251,-0.045178,0.099303,-0.993090,87.467308,0.000343
47152,0.021379,0.451226,-0.039061,-0.043489,-0.045068,0.099719,-0.993043,87.730293,0.000000
47155,0.021418,0.451223,-0.039041,-0.043542,-0.045100,0.099867,-0.993024,87.931480,0.000000
47159,0.021465,0.451224,-0.039024,-0.043792,-0.045030,0.100236,-0.992979,88.162880,0.000000
47162,0.021501,0.451221,-0.039007,-0.043883,-0.045015,0.100408,-0.992958,88.400116,0.000000
47165,0.021520,0.451215,-0.039002,-0.044072,-0.044698,0.100695,-0.992935,88.640099,0.000000
47169,0.021584,0.451220,-0.038971,-0.044078,-0.045013,0.100975,-0.992892,88.890724,0.000343
47172,0.021627,0.451212,-0.038953,-0.044184,-0.045104,0.101207,-0.992860,89.140663,0.000000
47176,0.021672,0.451207,-0.038935,-0.044335,-0.045015,0.101507,-0.992827,89.350433,0.000000
47180,0.021727,0.451204,-0.038915,-0.044452,-0.045067,0.101860,-0.992783,89.626465,0.000000
47183,0.021775,0.451205,-0.038897,-0.044711,-0.045020,0.102144,-0.992744,89.862671,0.000000
47187,0.021825,0.451203,-0.038873,-0.044756,-0.045060,0.102468,-0.992707,90.065231,0.000000
47190,0.021870,0.451200,-0.038857,-0.044875,-0.045039,0.102680,-0.992681,90.301094,0.000000
47194,0.021928,0.451196,-0.038832,-0.045142,-0.044954,0.103166,-0.992622,90.530777,0.000000
47197,0.021963,0.451194,-0.038815,-0.045145,-0.045026,0.103346,-0.992600,90.762520,0.000000
47201,0.022026,0.451195,-0.038790,-0.045398,-0.045001,0.103762,-0.992546,91.015205,0.000000
47205,0.022068,0.451185,-0.038769,-0.045478,-0.045010,0.104090,-0.992507,91.227379,0.000343
47208,0.022106,0.451185,-0.038755,-0.045740,-0.044912,0.104373,-0.992470,91.501694,0.000000
47212,0.022160,0.451176,-0.038731,-0.045749,-0.045054,0.104734,-0.992425,91.724854,0.000000
47215,0.022201,0.451177,-0.038716,-0.045846,-0.045054,0.105066,-0.992386,91.982002,0.000000
47219,0.022246,0.451173,-0.038704,-0.046111,-0.044928,0.105392,-0.992345,92.186623,0.000000
47222,0.022289,0.451172,-0.038689,-0.046187,-0.044992,0.105694,-0.992306,92.425232,0.000343
47226,0.022338,0.451168,-0.038671,-0.046262,-0.044986,0.105982,-0.992272,92.654228,0.000000
47230,0.022374,0.451162,-0.038661,-0.046467,-0.044726,0.106330,-0.992237,92.873268,0.000000
47233,0.022418,0.451164,-0.038643,-0.046589,-0.044732,0.106635,-0.992198,93.114967,0.000000
47237,0.022468,0.451154,-0.038621,-0.046799,-0.044656,0.106877,-0.992166,93.356323,0.000000
47240,0.022505,0.451153,-0.038603,-0.046936,-0.044608,0.107166,-0.992130,93.589783,0.000000
47244,0.022560,0.451151,-0.038575,-0.046907,-0.044755,0.107399,-0.992100,93.827705,0.000000
47247,0.022588,0.451135,-0.038570,-0.047312,-0.044290,0.107614,-0.992078,94.063911,0.000000
47251,0.022630,0.451125,-0.038552,-0.047327,-0.044263,0.107863,-0.992052,94.338226,0.000343
47254,0.022700,0.451133,-0.038512,-0.047084,-0.045009,0.108173,-0.991996,94.572716,0.000000
47258,0.022756,0.451126,-0.038494,-0.047234,-0.044979,0.108460,-0.991959,94.802055,0.000000
47261,0.022791,0.451124,-0.038487,-0.047512,-0.044868,0.108750,-0.991919,95.030708,0.000000
47265,0.022845,0.451116,-0.038470,-0.047555,-0.044924,0.108969,-0.991890,95.286827,0.000000
47269,0.022899,0.451111,-0.038453,-0.047740,-0.044863,0.109340,-0.991843,95.497627,0.000000
47272,0.022936,0.451112,-0.038439,-0.047916,-0.044890,0.109574,-0.991808,95.717010,0.000000
47276,0.022992,0.451108,-0.038419,-0.047912,-0.044943,0.109892,-0.991770,95.947380,0.000000
47279,0.023026,0.451100,-0.038407,-0.048023,-0.044894,0.110102,-0.991744,96.202469,0.000000
47283,0.023072,0.451095,-0.038385,-0.048302,-0.044775,0.110405,-0.991702,96.424942,0.000000
47286,0.023113,0.451092,-0.038365,-0.048403,-0.044787,0.110648,-0.991669,96.690331,0.000000
47289,0.023151,0.451086,-0.038343,-0.048532,-0.044850,0.110968,-0.991625,96.912117,0.000000
47293,0.023198,0.451084,-0.038324,-0.048646,-0.044832,0.111187,-0.991595,97.185059,0.000000
47297,0.023242,0.451072,-0.038302,-0.048805,-0.044839,0.111472,-0.991555,97.407188,0.000000
47301,0.023290,0.451071,-0.038281,-0.048945,-0.044875,0.111870,-0.991502,97.660904,0.000000
47304,0.023294,0.451068,-0.038289,-0.049283,-0.044199,0.112136,-0.991485,97.867928,0.000000
47308,0.023374,0.451067,-0.038252,-0.049219,-0.044888,0.112386,-0.991429,98.075638,0.000000
47311,0.023381,0.451058,-0.038258,-0.049490,-0.044316,0.112666,-0.991410,98.331070,0.000000
47315,0.023428,0.451056,-0.038242,-0.049782,-0.044218,0.113025,-0.991359,98.525391,0.000000
47318,0.023468,0.451052,-0.038227,-0.049859,-0.044252,0.113262,-0.991326,98.773613,0.000000
47322,0.023527,0.451048,-0.038205,-0.049955,-0.044362,0.113643,-0.991273,99.019432,0.000000
47325,0.023568,0.451044,-0.038189,-0.050032,-0.044397,0.113854,-0.991243,99.272461,0.000000
47329,0.023619,0.451038,-0.038168,-0.050325,-0.044332,0.114247,-0.991186,99.525833,0.000000
47333,0.023677,0.451026,-0.038140,-0.050324,-0.044445,0.114601,-0.991140,99.787445,0.000000
47336,0.023742,0.451024,-0.038111,-0.050295,-0.044862,0.114888,-0.991090,99.988976,0.000000
47340,0.023800,0.451020,-0.038086,-0.050527,-0.044790,0.115259,-0.991038,100.240631,0.000000
47343,0.023848,0.451015,-0.038058,-0.050477,-0.044916,0.115556,-0.991000,100.468254,0.000000
47347,0.023898,0.451014,-0.038040,-0.050669,-0.044834,0.115867,-0.990958,100.690384,-0.000343
47350,0.023937,0.451009,-0.038024,-0.050843,-0.044749,0.116127,-0.990922,100.915260,0.000000
47354,0.023980,0.451002,-0.038007,-0.051021,-0.044470,0.116459,-0.990887,101.162109,0.000000
47357,0.024019,0.450996,-0.037991,-0.051075,-0.044441,0.116701,-0.990857,101.425095,0.000000
47361,0.024072,0.450989,-0.037973,-0.051336,-0.044355,0.116988,-0.990813,101.629372,0.000000
47364,0.024117,0.450989,-0.037957,-0.051471,-0.044361,0.117271,-0.990773,101.878967,0.000000
47368,0.024168,0.450981,-0.037939,-0.051446,-0.044413,0.117542,-0.990740,102.154312,0.000000
47372,0.024237,0.450973,-0.037914,-0.051608,-0.044640,0.117862,-0.990683,102.373009,0.000000
47375,0.024279,0.450972,-0.037900,-0.051737,-0.044704,0.118170,-0.990637,102.599258,-0.000343
47379,0.024326,0.450965,-0.037884,-0.051897,-0.044672,0.118464,-0.990595,102.838554,0.000000
47382,0.024363,0.450961,-0.037866,-0.052067,-0.044644,0.118733,-0.990555,103.047638,0.000000
47386,0.024409,0.450957,-0.037849,-0.052105,-0.044706,0.118925,-0.990527,103.280067,0.000000
47389,0.024445,0.450953,-0.037836,-0.052241,-0.044673,0.119197,-0.990488,103.530006,0.000000
47393,0.024467,0.450945,-0.037827,-0.052495,-0.044188,0.119545,-0.990455,103.743896,0.000000
47396,0.024531,0.450941,-0.037794,-0.052514,-0.044695,0.119777,-0.990403,103.998299,0.000000
47400,0.024573,0.450938,-0.037782,-0.052811,-0.044307,0.120224,-0.990350,104.237251,0.000000
47403,0.024612,0.450933,-0.037768,-0.052947,-0.044274,0.120518,-0.990309,104.478951,0.000000
47407,0.024666,0.450925,-0.037744,-0.053127,-0.044266,0.120746,-0.990272,104.715500,0.000000
47410,0.024710,0.450925,-0.037726,-0.053199,-0.044307,0.121081,-0.990225,104.950676,0.000000
47414,0.024757,0.450917,-0.037707,-0.053311,-0.044301,0.121381,-0.990183,105.189629,0.000000
47418,0.024805,0.450904,-0.037687,-0.053362,-0.044336,0.121678,-0.990142,105.427895,0.000000
47421,0.024842,0.450900,-0.037675,-0.053447,-0.044406,0.121909,-0.990106,105.690880,-0.000343
47425,0.024890,0.450891,-0.037657,-0.053650,-0.044333,0.122270,-0.990054,105.911293,0.000000
47428,0.024933,0.450895,-0.037640,-0.053765,-0.044385,0.122532,-0.990013,106.142693,0.000000
47432,0.024981,0.450889,-0.037623,-0.053851,-0.044467,0.122813,-0.989970,106.376152,0.000000
47435,0.025023,0.450889,-0.037601,-0.053897,-0.044603,0.123070,-0.989929,106.595192,0.000000
47439,0.025066,0.450879,-0.037576,-0.054075,-0.044571,0.123391,-0.989881,106.865730,0.000000
47443,0.025118,0.450872,-0.037556,-0.054200,-0.044560,0.123708,-0.989835,107.094040,0.000000
47446,0.025157,0.450865,-0.037538,-0.054285,-0.044570,0.123917,-0.989804,107.319946,0.000000
47450,0.025217,0.450860,-0.037511,-0.054423,-0.044772,0.124244,-0.989746,107.570229,-0.000343
47453,0.025258,0.450858,-0.037496,-0.054585,-0.044724,0.124477,-0.989710,107.794075,0.000000
47456,0.025296,0.450848,-0.037479,-0.054616,-0.044735,0.124676,-0.989683,108.060493,0.000000
47460,0.025348,0.450848,-0.037461,-0.054837,-0.044629,0.125039,-0.989629,108.280563,0.000000
47464,0.025407,0.450840,-0.037440,-0.054902,-0.044717,0.125426,-0.989573,108.525352,0.000000
47467,0.025444,0.450835,-0.037424,-0.054894,-0.044747,0.125578,-0.989553,108.727226,0.000000
47471,0.025480,0.450823,-0.037412,-0.055096,-0.044627,0.125881,-0.989508,108.972702,-0.000343
47474,0.025519,0.450819,-0.037395,-0.055112,-0.044707,0.126083,-0.989478,109.227448,0.000000
47478,0.025573,0.450815,-0.037376,-0.055297,-0.044676,0.126467,-0.989420,109.437218,0.000000
47482,0.025612,0.450814,-0.037366,-0.055553,-0.044285,0.126911,-0.989367,109.703636,0.000000
47485,0.025657,0.450809,-0.037346,-0.055690,-0.044318,0.127207,-0.989319,109.927139,0.000000
47489,0.025711,0.450800,-0.037330,-0.055808,-0.044284,0.127495,-0.989277,110.160255,0.000000
47492,0.025753,0.450795,-0.037312,-0.055991,-0.044314,0.127814,-0.989224,110.380325,0.000000
47496,0.025791,0.450779,-0.037304,-0.056200,-0.043988,0.128023,-0.989200,110.650864,-0.000343
47499,0.025853,0.450776,-0.037272,-0.056138,-0.044471,0.128395,-0.989134,110.875740,0.000000
47503,0.025903,0.450771,-0.037251,-0.056470,-0.044331,0.128708,-0.989080,111.122932,-0.000343
47506,0.025948,0.450758,-0.037233,-0.056476,-0.044564,0.128831,-0.989054,111.391068,0.000000
47510,0.025986,0.450757,-0.037229,-0.056879,-0.044033,0.129274,-0.988997,111.592941,-0.000343
47514,0.026029,0.450749,-0.037212,-0.056993,-0.044016,0.129530,-0.988957,111.850433,-0.000343
47517,0.026065,0.450743,-0.037197,-0.057086,-0.044095,0.129767,-0.988917,112.075996,0.000000
47520,0.026108,0.450740,-0.037179,-0.057209,-0.044143,0.130036,-0.988873,112.319069,0.000000
47524,0.026163,0.450729,-0.037150,-0.057100,-0.044574,0.130240,-0.988833,112.525406,-0.000343
47528,0.026222,0.450724,-0.037128,-0.057314,-0.044650,0.130549,-0.988776,112.794571,-0.000343
47531,0.026260,0.450721,-0.037106,-0.057394,-0.044655,0.130884,-0.988727,113.003311,0.000000
47535,0.026308,0.450715,-0.037090,-0.057453,-0.044728,0.131070,-0.988696,113.258057,-0.000343
47538,0.026342,0.450710,-0.037073,-0.057715,-0.044554,0.131383,-0.988647,113.464050,0.000000
47542,0.026395,0.450702,-0.037053,-0.057727,-0.044646,0.131640,-0.988608,113.704720,-0.000343
47545,0.026420,0.450695,-0.037049,-0.057995,-0.044288,0.131917,-0.988571,113.957748,0.000000
47549,0.026468,0.450685,-0.037030,-0.058040,-0.044230,0.132139,-0.988542,114.223480,0.000000
47552,0.026509,0.450679,-0.037015,-0.058131,-0.044311,0.132450,-0.988491,114.426041,0.000000
47556,0.026545,0.450683,-0.037004,-0.058384,-0.043907,0.132825,-0.988444,114.668770,-0.000343
47560,0.026620,0.450668,-0.036969,-0.058403,-0.044472,0.132990,-0.988395,114.904976,0.000000
47563,0.026632,0.450671,-0.036969,-0.058597,-0.043958,0.133368,-0.988356,115.156288,0.000000
47567,0.026703,0.450653,-0.036936,-0.058607,-0.044456,0.133558,-0.988307,115.358849,0.000000
47570,0.026715,0.450651,-0.036936,-0.058885,-0.043827,0.133855,-0.988279,115.611191,-0.000343
47574,0.026779,0.450651,-0.036914,-0.059027,-0.043965,0.134279,-0.988207,115.882759,-0.000343
47577,0.026816,0.450642,-0.036897,-0.059165,-0.043927,0.134480,-0.988173,116.096992,-0.000343
47581,0.026865,0.450632,-0.036879,-0.059306,-0.043933,0.134824,-0.988117,116.331825,-0.000343
47585,0.026920,0.450619,-0.036854,-0.059376,-0.044024,0.135154,-0.988064,116.586914,-0.000343
47588,0.026951,0.450612,-0.036841,-0.059461,-0.044010,0.135302,-0.988039,116.804924,-0.000343
47591,0.026984,0.450607,-0.036829,-0.059572,-0.043994,0.135521,-0.988003,117.056236,-0.000343
47595,0.027040,0.450600,-0.036802,-0.059830,-0.043991,0.135865,-0.987940,117.301712,0.000000
47599,0.027082,0.450587,-0.036789,-0.059960,-0.043933,0.136194,-0.987890,117.508736,-0.000343
47602,0.027117,0.450580,-0.036773,-0.060081,-0.043894,0.136382,-0.987858,117.761765,-0.000343
47606,0.027173,0.450570,-0.036748,-0.060103,-0.044076,0.136742,-0.987799,117.993851,0.000000
47609,0.027206,0.450569,-0.036733,-0.060113,-0.044141,0.136916,-0.987771,118.220444,-0.000343
47609,0.027206,0.450569,-0.036733,-0.060113,-0.044141,0.136916,-0.987771,118.452530,-0.000343
47609,0.027206,0.450569,-0.036733,-0.060113,-0.044141,0.136916,-0.987771,118.709335,0.000000
47609,0.027206,0.450569,-0.036733,-0.060113,-0.044141,0.136916,-0.987771,118.931808,-0.000343
47609,0.027206,0.450569,-0.036733,-0.060113,-0.044141,0.136916,-0.987771,119.164581,0.000000
47609,0.027206,0.450569,-0.036733,-0.060113,-0.044141,0.136916,-0.987771,119.433403,-0.000343
47609,0.027206,0.450569,-0.036733,-0.060113,-0.044141,0.136916,-0.987771,119.656563,0.000000
47609,0.027206,0.450569,-0.036733,-0.060113,-0.044141,0.136916,-0.987771,119.903069,0.000000
47609,0.027206,0.450569,-0.036733,-0.060113,-0.044141,0.136916,-0.987771,120.130005,-0.000343
47609,0.027206,0.450569,-0.036733,-0.060113,-0.044141,0.136916,-0.987771,120.349388,-0.000343
47609,0.027206,0.450569,-0.036733,-0.060113,-0.044141,0.136916,-0.987771,120.584221,-0.000343
47609,0.027206,0.450569,-0.036733,-0.060113,-0.044141,0.136916,-0.987771,120.821457,0.000000
47609,0.027206,0.450569,-0.036733,-0.060113,-0.044141,0.136916,-0.987771,121.048050,0.000000
47609,0.027206,0.450569,-0.036733,-0.060113,-0.044141,0.136916,-0.987771,121.321335,-0.000343
47609,0.027206,0.450569,-0.036733,-0.060113,-0.044141,0.136916,-0.987771,121.554451,-0.000343
47609,0.027206,0.450569,-0.036733,-0.060113,-0.044141,0.136916,-0.987771,121.830139,-0.000343
47609,0.027206,0.450569,-0.036733,-0.060113,-0.044141,0.136916,-0.987771,122.055359,-0.000343
47609,0.027206,0.450569,-0.036733,-0.060113,-0.044141,0.136916,-0.987771,122.278519,-0.000343
47609,0.027206,0.450569,-0.036733,-0.060113,-0.044141,0.136916,-0.987771,122.537727,0.000000
47609,0.027206,0.450569,-0.036733,-0.060113,-0.044141,0.136916,-0.987771,122.766724,-0.000343
47609,0.027206,0.450569,-0.036733,-0.060113,-0.044141,0.136916,-0.987771,122.965851,-0.000343
47609,0.027206,0.450569,-0.036733,-0.060113,-0.044141,0.136916,-0.987771,123.210297,-0.000343
47609,0.027206,0.450569,-0.036733,-0.060113,-0.044141,0.136916,-0.987771,123.421097,0.000000
47609,0.027206,0.450569,-0.036733,-0.060113,-0.044141,0.136916,-0.987771,123.672066,0.000000
47609,0.027206,0.450569,-0.036733,-0.060113,-0.044141,0.136916,-0.987771,123.955650,0.000000
47609,0.027206,0.450569,-0.036733,-0.060113,-0.044141,0.136916,-0.987771,124.192886,0.000000
47609,0.027206,0.450569,-0.036733,-0.060113,-0.044141,0.136916,-0.987771,124.414673,0.000000
47609,0.027206,0.450569,-0.036733,-0.060113,-0.044141,0.136916,-0.987771,124.661179,-0.000343
47609,0.027206,0.450569,-0.036733,-0.060113,-0.044141,0.136916,-0.987771,124.903564,0.000000
47609,0.027206,0.450569,-0.036733,-0.060113,-0.044141,0.136916,-0.987771,125.109558,-0.000343
47716,0.028571,0.450338,-0.036195,-0.063788,-0.044293,0.145492,-0.986307,125.359497,-0.000343
47719,0.028608,0.450339,-0.036175,-0.063812,-0.044292,0.145750,-0.986267,125.573387,-0.000343
47723,0.028656,0.450332,-0.036159,-0.064068,-0.044225,0.146124,-0.986198,125.822983,-0.000343
47726,0.028697,0.450321,-0.036149,-0.064273,-0.044167,0.146268,-0.986166,126.074982,-0.000343
47730,0.028748,0.450315,-0.036123,-0.064307,-0.044276,0.146638,-0.986104,126.283722,-0.000343
47734,0.028792,0.450301,-0.036109,-0.064532,-0.044165,0.146912,-0.986054,126.539154,0.000000
47737,0.028832,0.450293,-0.036093,-0.064651,-0.044197,0.147118,-0.986014,126.806946,-0.000343
47741,0.028884,0.450286,-0.036072,-0.064843,-0.044243,0.147550,-0.985935,127.023239,-0.000343
47744,0.028921,0.450279,-0.036060,-0.064972,-0.044156,0.147705,-0.985907,127.255325,-0.000343
47748,0.028974,0.450270,-0.036037,-0.065099,-0.044250,0.148111,-0.985833,127.489128,0.000000
47751,0.029012,0.450264,-0.036024,-0.065133,-0.044294,0.148288,-0.985803,127.741470,0.000000
47755,0.029060,0.450252,-0.036006,-0.065405,-0.044132,0.148650,-0.985737,127.974243,0.000000
47759,0.029120,0.450247,-0.035985,-0.065453,-0.044216,0.148956,-0.985684,128.234138,0.000000
47762,0.029159,0.450236,-0.035971,-0.065472,-0.044271,0.149214,-0.985641,128.434296,0.000000
47766,0.029178,0.450232,-0.035966,-0.065947,-0.043499,0.149618,-0.985583,128.671188,-0.000343
47769,0.029216,0.450225,-0.035954,-0.066022,-0.043512,0.149808,-0.985548,128.940353,-0.000343
47773,0.029293,0.450211,-0.035918,-0.065942,-0.044101,0.150038,-0.985493,129.137764,-0.000343
47776,0.029327,0.450205,-0.035905,-0.066098,-0.044051,0.150264,-0.985450,129.377403,-0.000343
47780,0.029374,0.450194,-0.035889,-0.066161,-0.044082,0.150545,-0.985401,129.645195,-0.000343
47783,0.029396,0.450192,-0.035878,-0.066394,-0.043611,0.150818,-0.985365,129.844666,0.000000
47787,0.029456,0.450181,-0.035857,-0.066453,-0.043959,0.151018,-0.985315,130.088768,0.000000
47790,0.029495,0.450176,-0.035840,-0.066646,-0.043972,0.151308,-0.985257,130.308838,-0.000343
47794,0.029538,0.450168,-0.035821,-0.066828,-0.043714,0.151732,-0.985191,130.574570,0.000000
47797,0.029595,0.450161,-0.035800,-0.066839,-0.044071,0.151892,-0.985149,130.802193,-0.000343
47801,0.029640,0.450144,-0.035781,-0.066976,-0.043980,0.152199,-0.985097,131.052132,-0.000343
47805,0.029689,0.450141,-0.035755,-0.066899,-0.044042,0.152586,-0.985039,131.254005,-0.000343
47808,0.029723,0.450133,-0.035743,-0.067038,-0.043989,0.152888,-0.984985,131.522141,0.000000
47812,0.029777,0.450126,-0.035725,-0.067276,-0.043977,0.153136,-0.984931,131.741524,0.000000
47815,0.029811,0.450122,-0.035709,-0.067359,-0.044010,0.153419,-0.984880,132.000389,-0.000343
47819,0.029860,0.450108,-0.035694,-0.067497,-0.044022,0.153558,-0.984848,132.200203,-0.000343
47822,0.029887,0.450108,-0.035680,-0.067646,-0.043902,0.153904,-0.984789,132.471428,-0.000343
47826,0.029923,0.450102,-0.035664,-0.067620,-0.043744,0.154286,-0.984739,132.694931,-0.000343
47829,0.029987,0.450082,-0.035645,-0.067827,-0.044117,0.154431,-0.984685,132.929420,-0.000343
47833,0.030030,0.450073,-0.035631,-0.067956,-0.044011,0.154718,-0.984636,133.169060,0.000000
47836,0.030073,0.450070,-0.035615,-0.068198,-0.043983,0.155076,-0.984564,133.434448,-0.000343
47840,0.030125,0.450060,-0.035596,-0.068169,-0.044097,0.155362,-0.984516,133.650398,0.000000
47844,0.030170,0.450054,-0.035579,-0.068376,-0.043999,0.155705,-0.984451,133.894844,-0.000343
47847,0.030211,0.450046,-0.035561,-0.068464,-0.044041,0.155925,-0.984409,134.115601,-0.000343
47851,0.030248,0.450032,-0.035544,-0.068498,-0.044037,0.156172,-0.984367,134.346313,-0.000343
47854,0.030260,0.450034,-0.035537,-0.068588,-0.043660,0.156465,-0.984332,134.595909,0.000000
47858,0.030328,0.450021,-0.035513,-0.068766,-0.044040,0.156671,-0.984269,134.847565,0.000000
47861,0.030347,0.450022,-0.035503,-0.068803,-0.043804,0.156982,-0.984228,135.056648,-0.000343
47865,0.030408,0.450004,-0.035485,-0.068998,-0.043957,0.157176,-0.984176,135.334740,0.000000
47868,0.030440,0.449990,-0.035473,-0.069063,-0.043975,0.157366,-0.984140,135.554466,0.000000
47872,0.030476,0.449988,-0.035458,-0.069116,-0.043820,0.157713,-0.984088,135.798225,-0.000343
47875,0.030527,0.449975,-0.035440,-0.069148,-0.044040,0.157847,-0.984055,136.048164,0.000000
47879,0.030572,0.449969,-0.035422,-0.069441,-0.043977,0.158124,-0.983992,136.256218,-0.000343
47883,0.030626,0.449960,-0.035401,-0.069567,-0.043978,0.158465,-0.983929,136.497231,0.000000
47886,0.030660,0.449950,-0.035388,-0.069697,-0.043942,0.158654,-0.983890,136.761246,-0.000343
47890,0.030703,0.449935,-0.035373,-0.069788,-0.043952,0.158930,-0.983839,136.960373,-0.000343
47893,0.030741,0.449938,-0.035357,-0.069878,-0.043966,0.159156,-0.983796,137.215462,-0.000343
47897,0.030786,0.449925,-0.035339,-0.070094,-0.043862,0.159506,-0.983728,137.462654,-0.000343
47900,0.030822,0.449921,-0.035325,-0.070195,-0.043855,0.159700,-0.983690,137.685471,0.000000
47904,0.030879,0.449914,-0.035305,-0.070231,-0.043983,0.160037,-0.983627,137.922363,-0.000343
47908,0.030917,0.449897,-0.035290,-0.070394,-0.043917,0.160333,-0.983570,138.166466,0.000000
47911,0.030959,0.449896,-0.035275,-0.070570,-0.043876,0.160601,-0.983515,138.433914,0.000000
47915,0.031009,0.449883,-0.035255,-0.070528,-0.043997,0.160873,-0.983468,138.647804,0.000000
47918,0.031046,0.449879,-0.035245,-0.070714,-0.043965,0.161167,-0.983408,138.880234,0.000000
47922,0.031094,0.449868,-0.035228,-0.070896,-0.043863,0.161474,-0.983349,139.136009,-0.000343
47925,0.031129,0.449862,-0.035212,-0.070972,-0.043912,0.161657,-0.983312,139.373245,0.000000
47929,0.031173,0.449852,-0.035194,-0.071024,-0.043911,0.161905,-0.983267,139.597092,0.000000
47933,0.031227,0.449842,-0.035172,-0.071232,-0.043948,0.162232,-0.983196,139.820251,-0.000343
47936,0.031266,0.449836,-0.035160,-0.071339,-0.043944,0.162507,-0.983144,140.050278,0.000000
47940,0.031316,0.449818,-0.035140,-0.071464,-0.043834,0.162769,-0.983096,140.302963,0.000000
47943,0.031358,0.449810,-0.035119,-0.071681,-0.043800,0.163068,-0.983032,140.579338,0.000000
47947,0.031416,0.449800,-0.035100,-0.071748,-0.043912,0.163378,-0.982971,140.803185,0.000000
47950,0.031463,0.449796,-0.035080,-0.071999,-0.043918,0.163774,-0.982886,141.021881,0.000000
47954,0.031506,0.449784,-0.035063,-0.072146,-0.043827,0.164040,-0.982835,141.251907,-0.000343
47957,0.031547,0.449780,-0.035048,-0.072226,-0.043883,0.164382,-0.982770,141.513863,0.000000
47961,0.031594,0.449762,-0.035028,-0.072285,-0.043923,0.164593,-0.982728,141.730843,0.000000
47964,0.031630,0.449759,-0.035016,-0.072518,-0.043814,0.164902,-0.982664,141.974258,0.000000
47968,0.031682,0.449745,-0.034996,-0.072600,-0.043897,0.165154,-0.982612,142.235527,-0.000343
47971,0.031723,0.449735,-0.034977,-0.072696,-0.043944,0.165471,-0.982550,142.446671,-0.000343
47975,0.031763,0.449723,-0.034963,-0.072732,-0.043823,0.165703,-0.982513,142.688713,0.000000
47978,0.031802,0.449713,-0.034951,-0.072887,-0.043797,0.165952,-0.982461,142.909126,0.000000
47982,0.031856,0.449707,-0.034931,-0.072970,-0.043888,0.166270,-0.982397,143.165588,0.000000
47986,0.031897,0.449692,-0.034914,-0.073041,-0.043759,0.166492,-0.982360,143.400421,0.000000
47989,0.031935,0.449683,-0.034899,-0.073121,-0.043788,0.166744,-0.982310,143.637657,0.000000
47993,0.031988,0.449669,-0.034877,-0.073169,-0.043854,0.167058,-0.982250,143.873863,-0.000343
47996,0.032030,0.449666,-0.034861,-0.073406,-0.043819,0.167344,-0.982185,144.134102,-0.000343
48000,0.032076,0.449650,-0.034839,-0.073515,-0.043841,0.167584,-0.982135,144.361382,-0.000343
48003,0.032115,0.449646,-0.034824,-0.073644,-0.043886,0.167847,-0.982078,144.628487,0.000000
48007,0.032157,0.449633,-0.034806,-0.073752,-0.043836,0.168174,-0.982017,144.830360,0.000000
48010,0.032189,0.449622,-0.034794,-0.073899,-0.043794,0.168362,-0.981975,145.058670,-0.000343
48014,0.032244,0.449614,-0.034773,-0.073946,-0.043911,0.168689,-0.981910,145.304489,0.000000
48018,0.032289,0.449606,-0.034758,-0.074249,-0.043803,0.169012,-0.981837,145.541382,-0.000343
48021,0.032321,0.449599,-0.034745,-0.074294,-0.043811,0.169183,-0.981803,145.778961,0.000000
48025,0.032380,0.449585,-0.034724,-0.074344,-0.043953,0.169518,-0.981736,146.008301,0.000000
48025,0.032380,0.449585,-0.034724,-0.074344,-0.043953,0.169518,-0.981736,146.286736,0.000000
48025,0.032380,0.449585,-0.034724,-0.074344,-0.043953,0.169518,-0.981736,146.520195,-0.000343
48025,0.032380,0.449585,-0.034724,-0.074344,-0.043953,0.169518,-0.981736,146.768761,-0.000343
48025,0.032380,0.449585,-0.034724,-0.074344,-0.043953,0.169518,-0.981736,146.954155,0.000000
48025,0.032380,0.449585,-0.034724,-0.074344,-0.043953,0.169518,-0.981736,147.195854,-0.000343
48025,0.032380,0.449585,-0.034724,-0.074344,-0.043953,0.169518,-0.981736,147.402534,0.000000
48025,0.032380,0.449585,-0.034724,-0.074344,-0.043953,0.169518,-0.981736,147.660713,0.000000
48025,0.032380,0.449585,-0.034724,-0.074344,-0.043953,0.169518,-0.981736,147.854347,0.000000
48025,0.032380,0.449585,-0.034724,-0.074344,-0.043953,0.169518,-0.981736,148.082657,0.000000
48025,0.032380,0.449585,-0.034724,-0.074344,-0.043953,0.169518,-0.981736,148.345985,0.000000
48025,0.032380,0.449585,-0.034724,-0.074344,-0.043953,0.169518,-0.981736,148.539619,0.000000
48025,0.032380,0.449585,-0.034724,-0.074344,-0.043953,0.169518,-0.981736,148.766899,0.000000
48025,0.032380,0.449585,-0.034724,-0.074344,-0.043953,0.169518,-0.981736,149.014778,0.000000
48025,0.032380,0.449585,-0.034724,-0.074344,-0.043953,0.169518,-0.981736,149.244118,0.000000
48025,0.032380,0.449585,-0.034724,-0.074344,-0.043953,0.169518,-0.981736,149.465904,0.000000
48025,0.032380,0.449585,-0.034724,-0.074344,-0.043953,0.169518,-0.981736,149.720650,0.000000
48025,0.032380,0.449585,-0.034724,-0.074344,-0.043953,0.169518,-0.981736,149.924240,0.000000
48025,0.032380,0.449585,-0.034724,-0.074344,-0.043953,0.169518,-0.981736,150.152893,-0.000343
48025,0.032380,0.449585,-0.034724,-0.074344,-0.043953,0.169518,-0.981736,150.407295,0.000000
48025,0.032380,0.449585,-0.034724,-0.074344,-0.043953,0.169518,-0.981736,150.621529,0.000000
48025,0.032380,0.449585,-0.034724,-0.074344,-0.043953,0.169518,-0.981736,150.868378,-0.000343
48025,0.032380,0.449585,-0.034724,-0.074344,-0.043953,0.169518,-0.981736,151.089478,0.000000
48025,0.032380,0.449585,-0.034724,-0.074344,-0.043953,0.169518,-0.981736,151.330490,-0.000343
48025,0.032380,0.449585,-0.034724,-0.074344,-0.043953,0.169518,-0.981736,151.536140,0.000000
48025,0.032380,0.449585,-0.034724,-0.074344,-0.043953,0.169518,-0.981736,151.774750,0.000000
48025,0.032380,0.449585,-0.034724,-0.074344,-0.043953,0.169518,-0.981736,152.006149,0.000000
48025,0.032380,0.449585,-0.034724,-0.074344,-0.043953,0.169518,-0.981736,152.225876,0.000000
48025,0.032380,0.449585,-0.034724,-0.074344,-0.043953,0.169518,-0.981736,152.445259,0.000000
48025,0.032380,0.449585,-0.034724,-0.074344,-0.043953,0.169518,-0.981736,152.679749,0.000000
48131,0.033596,0.449300,-0.034263,-0.077677,-0.043778,0.177287,-0.980112,152.901535,0.000000
48135,0.033652,0.449294,-0.034242,-0.077778,-0.043860,0.177618,-0.980040,153.158340,0.000000
48138,0.033684,0.449284,-0.034233,-0.077932,-0.043807,0.177855,-0.979987,153.377037,0.000000
48142,0.033729,0.449268,-0.034215,-0.078132,-0.043704,0.178068,-0.979937,153.630409,0.000000
48145,0.033765,0.449263,-0.034200,-0.078118,-0.043777,0.178305,-0.979892,153.835030,0.000000
48149,0.033806,0.449247,-0.034184,-0.078226,-0.043741,0.178513,-0.979847,154.077415,0.000000
48152,0.033838,0.449238,-0.034169,-0.078312,-0.043701,0.178733,-0.979802,154.288216,0.000000
48156,0.033889,0.449233,-0.034153,-0.078423,-0.043807,0.179013,-0.979737,154.515495,0.000000
48159,0.033924,0.449225,-0.034138,-0.078555,-0.043818,0.179267,-0.979680,154.762344,0.000000
48163,0.033968,0.449212,-0.034122,-0.078649,-0.043685,0.179519,-0.979632,154.973831,0.000000
48167,0.034022,0.449198,-0.034100,-0.078648,-0.043811,0.179848,-0.979566,155.213814,0.000000
48170,0.034058,0.449193,-0.034090,-0.078721,-0.043804,0.180042,-0.979525,155.465126,0.000000
48174,0.034102,0.449184,-0.034073,-0.079050,-0.043690,0.180414,-0.979435,155.667000,0.000000
48177,0.034141,0.449171,-0.034058,-0.079091,-0.043738,0.180624,-0.979391,155.919342,0.000000
48181,0.034188,0.449159,-0.034043,-0.079228,-0.043742,0.180938,-0.979322,156.143532,0.000000
48185,0.034231,0.449147,-0.034025,-0.079315,-0.043686,0.181191,-0.979270,156.364288,0.000000
48188,0.034270,0.449139,-0.034010,-0.079348,-0.043784,0.181426,-0.979220,156.579552,0.000000
48191,0.034305,0.449131,-0.033997,-0.079514,-0.043797,0.181615,-0.979171,156.815071,0.000000
48195,0.034348,0.449121,-0.033981,-0.079703,-0.043698,0.181961,-0.979096,157.081833,0.000000
48199,0.034398,0.449105,-0.033958,-0.079659,-0.043891,0.182286,-0.979030,157.270660,0.000000
48202,0.034435,0.449100,-0.033945,-0.079814,-0.043883,0.182488,-0.978980,157.504120,0.000000
48206,0.034472,0.449084,-0.033930,-0.079994,-0.043751,0.182790,-0.978915,157.776718,0.000000
48209,0.034511,0.449072,-0.033915,-0.080076,-0.043814,0.183037,-0.978859,157.978249,0.000000
48213,0.034561,0.449063,-0.033897,-0.080259,-0.043819,0.183322,-0.978791,158.215828,0.000343
48216,0.034592,0.449054,-0.033884,-0.080341,-0.043790,0.183526,-0.978747,158.410835,0.000000
48220,0.034633,0.449040,-0.033865,-0.080383,-0.043817,0.183837,-0.978684,158.632965,0.000000
48223,0.034667,0.449034,-0.033855,-0.080520,-0.043828,0.184073,-0.978628,158.872948,0.000000
48227,0.034706,0.449013,-0.033840,-0.080639,-0.043747,0.184290,-0.978581,159.124260,0.000000
48231,0.034763,0.449007,-0.033820,-0.080826,-0.043787,0.184616,-0.978502,159.343300,0.000000
48234,0.034800,0.448996,-0.033806,-0.080892,-0.043808,0.184855,-0.978451,159.585342,0.000000
48238,0.034843,0.448983,-0.033787,-0.081208,-0.043648,0.185133,-0.978379,159.824638,0.000000
48241,0.034878,0.448972,-0.033773,-0.081323,-0.043618,0.185385,-0.978323,160.020332,0.000000
48245,0.034933,0.448962,-0.033752,-0.081405,-0.043695,0.185674,-0.978258,160.261688,0.000000
48248,0.034972,0.448950,-0.033733,-0.081492,-0.043667,0.185925,-0.978205,160.511284,0.000000
48252,0.035017,0.448936,-0.033717,-0.081563,-0.043614,0.186201,-0.978149,160.714188,0.000343
48255,0.035061,0.448927,-0.033699,-0.081672,-0.043653,0.186502,-0.978080,160.941124,0.000000
48259,0.035112,0.448920,-0.033680,-0.081865,-0.043640,0.186869,-0.977995,161.171837,0.000000
48262,0.035149,0.448903,-0.033669,-0.082024,-0.043548,0.187119,-0.977938,161.414909,0.000000
48266,0.035202,0.448891,-0.033643,-0.082013,-0.043643,0.187436,-0.977874,161.667595,0.000000
48270,0.035245,0.448881,-0.033628,-0.082243,-0.043490,0.187677,-0.977815,161.891785,0.000000
48273,0.035283,0.448865,-0.033616,-0.082389,-0.043435,0.187980,-0.977747,162.119408,0.000000
48277,0.035340,0.448854,-0.033595,-0.082377,-0.043620,0.188226,-0.977692,162.327461,0.000000
48280,0.035373,0.448847,-0.033581,-0.082451,-0.043636,0.188473,-0.977638,162.544441,0.000000
48284,0.035419,0.448830,-0.033565,-0.082722,-0.043491,0.188776,-0.977563,162.800560,0.000343
48288,0.035477,0.448818,-0.033542,-0.082797,-0.043642,0.189133,-0.977481,163.016510,0.000343
48291,0.035513,0.448812,-0.033526,-0.082921,-0.043615,0.189386,-0.977423,163.251686,0.000000
48295,0.035563,0.448790,-0.033503,-0.083110,-0.043566,0.189777,-0.977333,163.475533,0.000000
48298,0.035605,0.448778,-0.033489,-0.083203,-0.043623,0.189989,-0.977281,163.722725,0.000000
48302,0.035660,0.448769,-0.033470,-0.083467,-0.043559,0.190385,-0.977185,163.954468,0.000000
48305,0.035696,0.448757,-0.033454,-0.083532,-0.043551,0.190655,-0.977127,164.158745,0.000000
48309,0.035747,0.448742,-0.033435,-0.083507,-0.043675,0.190905,-0.977074,164.418640,0.000000
48312,0.035785,0.448732,-0.033419,-0.083577,-0.043739,0.191196,-0.977009,164.634590,0.000000
48316,0.035831,0.448719,-0.033401,-0.083883,-0.043572,0.191551,-0.976920,164.863586,0.000000
48319,0.035865,0.448705,-0.033389,-0.083921,-0.043608,0.191708,-0.976885,165.105286,0.000000
48323,0.035921,0.448696,-0.033369,-0.084028,-0.043717,0.192086,-0.976796,165.323639,0.000000
48326,0.035949,0.448683,-0.033355,-0.084014,-0.043723,0.192243,-0.976766,165.541306,0.000000
48330,0.035997,0.448673,-0.033341,-0.084315,-0.043633,0.192548,-0.976685,165.795021,0.000343
48333,0.036040,0.448665,-0.033324,-0.084373,-0.043707,0.192814,-0.976624,165.988998,0.000343
48337,0.036084,0.448646,-0.033306,-0.084551,-0.043581,0.193081,-0.976561,166.251297,0.000000
48341,0.036136,0.448629,-0.033285,-0.084628,-0.043624,0.193443,-0.976481,166.473427,0.000000
48344,0.036173,0.448621,-0.033270,-0.084675,-0.043631,0.193607,-0.976444,166.697273,0.000343
48348,0.036213,0.448610,-0.033253,-0.084981,-0.043457,0.193947,-0.976358,166.921806,0.000000
48351,0.036246,0.448601,-0.033237,-0.085089,-0.043402,0.194139,-0.976313,167.165565,0.000343
48355,0.036301,0.448581,-0.033214,-0.085142,-0.043593,0.194425,-0.976243,167.428551,0.000343
48358,0.036330,0.448574,-0.033200,-0.085161,-0.043547,0.194663,-0.976196,167.661324,0.000000
48362,0.036382,0.448560,-0.033182,-0.085502,-0.043374,0.195000,-0.976106,167.847061,0.000343
48365,0.036415,0.448548,-0.033168,-0.085542,-0.043429,0.195218,-0.976057,168.075714,0.000000
48369,0.036467,0.448534,-0.033153,-0.085696,-0.043445,0.195521,-0.975982,168.305054,0.000343
48372,0.036501,0.448524,-0.033137,-0.085761,-0.043404,0.195736,-0.975935,168.510361,0.000343
48376,0.036549,0.448507,-0.033117,-0.085748,-0.043526,0.196049,-0.975868,168.765793,0.000343
48380,0.036598,0.448490,-0.033101,-0.086004,-0.043441,0.196351,-0.975788,168.995819,0.000343
48383,0.036640,0.448482,-0.033084,-0.086227,-0.043399,0.196669,-0.975706,169.225845,0.000343
48387,0.036695,0.448468,-0.033064,-0.086251,-0.043542,0.196922,-0.975647,169.483337,0.000343
48390,0.036731,0.448455,-0.033045,-0.086274,-0.043588,0.197226,-0.975581,169.716110,0.000000
48394,0.036780,0.448444,-0.033027,-0.086577,-0.043434,0.197579,-0.975490,169.923134,0.000000
48397,0.036817,0.448433,-0.033016,-0.086660,-0.043462,0.197783,-0.975440,170.155907,0.000343
48401,0.036877,0.448421,-0.032990,-0.086801,-0.043527,0.198228,-0.975334,170.363617,0.000000
48405,0.036923,0.448405,-0.032971,-0.087021,-0.043495,0.198458,-0.975269,170.589523,0.000343
48408,0.036963,0.448394,-0.032958,-0.087101,-0.043521,0.198752,-0.975201,170.853882,0.000343
48412,0.037005,0.448374,-0.032934,-0.087180,-0.043509,0.198999,-0.975144,171.052666,0.000343
48415,0.037045,0.448367,-0.032924,-0.087405,-0.043394,0.199264,-0.975075,171.273766,0.000343
48419,0.037093,0.448350,-0.032901,-0.087405,-0.043536,0.199506,-0.975019,171.538811,0.000343
48422,0.037141,0.448342,-0.032886,-0.087666,-0.043478,0.199836,-0.974931,171.781540,0.000343
48426,0.037183,0.448325,-0.032873,-0.087796,-0.043361,0.200077,-0.974875,172.016716,0.000000
48430,0.037242,0.448309,-0.032850,-0.087877,-0.043499,0.200444,-0.974786,172.220650,0.000343
48433,0.037276,0.448292,-0.032838,-0.087922,-0.043450,0.200645,-0.974743,172.449646,0.000343
48437,0.037323,0.448273,-0.032820,-0.088170,-0.043339,0.200954,-0.974662,172.684135,0.000343
48440,0.037363,0.448262,-0.032802,-0.088224,-0.043377,0.201188,-0.974607,172.900085,0.000343
48444,0.037415,0.448250,-0.032785,-0.088426,-0.043359,0.201531,-0.974518,173.152084,0.000343
48447,0.037445,0.448232,-0.032773,-0.088466,-0.043345,0.201711,-0.974478,173.390350,0.000343
48451,0.037502,0.448218,-0.032747,-0.088689,-0.043343,0.202061,-0.974386,173.588448,0.000000
48454,0.037531,0.448208,-0.032735,-0.088629,-0.043455,0.202284,-0.974340,173.838387,0.000343
48458,0.037589,0.448196,-0.032712,-0.088990,-0.043301,0.202720,-0.974223,174.047127,0.000343
48461,0.037628,0.448184,-0.032696,-0.089122,-0.043299,0.202933,-0.974167,174.316292,0.000000
48465,0.037681,0.448167,-0.032676,-0.089075,-0.043470,0.203272,-0.974093,174.529152,0.000343
48468,0.037726,0.448160,-0.032657,-0.089273,-0.043433,0.203619,-0.974004,174.772224,0.000343
48472,0.037770,0.448141,-0.032640,-0.089489,-0.043313,0.203929,-0.973924,174.972038,0.000000
48476,0.037819,0.448120,-0.032619,-0.089517,-0.043378,0.204242,-0.973853,175.202751,0.000343
48479,0.037857,0.448116,-0.032604,-0.089649,-0.043349,0.204557,-0.973776,175.447884,0.000343
48483,0.037903,0.448100,-0.032587,-0.089811,-0.043309,0.204855,-0.973701,175.654564,0.000000
48486,0.037942,0.448090,-0.032570,-0.089806,-0.043382,0.205095,-0.973647,175.896606,0.000343
48489,0.037982,0.448076,-0.032553,-0.089851,-0.043406,0.205343,-0.973590,176.171608,0.000343
48493,0.038024,0.448056,-0.032535,-0.090003,-0.043271,0.205566,-0.973535,176.388931,0.000343
48496,0.038067,0.448050,-0.032521,-0.090136,-0.043289,0.205906,-0.973450,176.603851,0.000000
48500,0.038119,0.448029,-0.032498,-0.090144,-0.043426,0.206131,-0.973395,176.825294,0.000343
48504,0.038162,0.448017,-0.032483,-0.090473,-0.043275,0.206498,-0.973294,177.086906,0.000343
48508,0.038213,0.448001,-0.032457,-0.090441,-0.043405,0.206760,-0.973235,177.274704,0.000000
48511,0.038252,0.447993,-0.032448,-0.090701,-0.043345,0.207067,-0.973149,177.521553,0.000343
48515,0.038297,0.447980,-0.032431,-0.090889,-0.043258,0.207324,-0.973080,177.730637,0.000343
48518,0.038334,0.447970,-0.032418,-0.091009,-0.043294,0.207550,-0.973019,177.954826,0.000343
48522,0.038378,0.447958,-0.032404,-0.091140,-0.043293,0.207824,-0.972948,178.208199,0.000343
48525,0.038414,0.447942,-0.032387,-0.091281,-0.043254,0.208048,-0.972889,178.414536,0.000343
48525,0.038414,0.447942,-0.032387,-0.091281,-0.043254,0.208048,-0.972889,178.671341,0.000343
48525,0.038414,0.447942,-0.032387,-0.091281,-0.043254,0.208048,-0.972889,178.898277,0.000343
48525,0.038414,0.447942,-0.032387,-0.091281,-0.043254,0.208048,-0.972889,179.119377,0.000343
48525,0.038414,0.447942,-0.032387,-0.091281,-0.043254,0.208048,-0.972889,179.350777,0.000343
48525,0.038414,0.447942,-0.032387,-0.091281,-0.043254,0.208048,-0.972889,179.594536,0.000343
48525,0.038414,0.447942,-0.032387,-0.091281,-0.043254,0.208048,-0.972889,179.798813,0.000343
48525,0.038414,0.447942,-0.032387,-0.091281,-0.043254,0.208048,-0.972889,180.021973,0.000343
48525,0.038414,0.447942,-0.032387,-0.091281,-0.043254,0.208048,-0.972889,180.267105,0.000343
48525,0.038414,0.447942,-0.032387,-0.091281,-0.043254,0.208048,-0.972889,180.499191,0.000343
48525,0.038414,0.447942,-0.032387,-0.091281,-0.043254,0.208048,-0.972889,180.753250,0.000343
48525,0.038414,0.447942,-0.032387,-0.091281,-0.043254,0.208048,-0.972889,180.956497,0.000000
48525,0.038414,0.447942,-0.032387,-0.091281,-0.043254,0.208048,-0.972889,181.185493,0.000343
48525,0.038414,0.447942,-0.032387,-0.091281,-0.043254,0.208048,-0.972889,181.423759,0.000343
48525,0.038414,0.447942,-0.032387,-0.091281,-0.043254,0.208048,-0.972889,181.645546,0.000343
48525,0.038414,0.447942,-0.032387,-0.091281,-0.043254,0.208048,-0.972889,181.896515,0.000343
48525,0.038414,0.447942,-0.032387,-0.091281,-0.043254,0.208048,-0.972889,182.115555,0.000343
48525,0.038414,0.447942,-0.032387,-0.091281,-0.043254,0.208048,-0.972889,182.363434,0.000343
48525,0.038414,0.447942,-0.032387,-0.091281,-0.043254,0.208048,-0.972889,182.555695,0.000343
48525,0.038414,0.447942,-0.032387,-0.091281,-0.043254,0.208048,-0.972889,182.814903,0.000343
48525,0.038414,0.447942,-0.032387,-0.091281,-0.043254,0.208048,-0.972889,183.035316,0.000343
48525,0.038414,0.447942,-0.032387,-0.091281,-0.043254,0.208048,-0.972889,183.291435,0.000343
48525,0.038414,0.447942,-0.032387,-0.091281,-0.043254,0.208048,-0.972889,183.503609,0.000000
48525,0.038414,0.447942,-0.032387,-0.091281,-0.043254,0.208048,-0.972889,183.704109,0.000343
48525,0.038414,0.447942,-0.032387,-0.091281,-0.043254,0.208048,-0.972889,183.965034,0.000343
48525,0.038414,0.447942,-0.032387,-0.091281,-0.043254,0.208048,-0.972889,184.196777,0.000343
48525,0.038414,0.447942,-0.032387,-0.091281,-0.043254,0.208048,-0.972889,184.415474,0.000343
48525,0.038414,0.447942,-0.032387,-0.091281,-0.043254,0.208048,-0.972889,184.662323,0.000000
48525,0.038414,0.447942,-0.032387,-0.091281,-0.043254,0.208048,-0.972889,184.907455,0.000343
48525,0.038414,0.447942,-0.032387,-0.091281,-0.043254,0.208048,-0.972889,185.104866,0.000343
48632,0.039798,0.447475,-0.031841,-0.095119,-0.043224,0.217082,-0.970546,185.318069,0.000000
48635,0.039830,0.447461,-0.031826,-0.095227,-0.043166,0.217239,-0.970503,185.557022,0.000343
48639,0.039883,0.447445,-0.031808,-0.095198,-0.043292,0.217593,-0.970421,185.795288,0.000000
48643,0.039935,0.447427,-0.031786,-0.095539,-0.043214,0.217959,-0.970309,186.038017,0.000343
48646,0.039967,0.447418,-0.031774,-0.095649,-0.043163,0.218208,-0.970244,186.240578,0.000000
48650,0.040018,0.447398,-0.031752,-0.095636,-0.043340,0.218497,-0.970172,186.478500,0.000343
48653,0.040055,0.447383,-0.031736,-0.095773,-0.043339,0.218773,-0.970097,186.733932,0.000000
48657,0.040098,0.447375,-0.031722,-0.095913,-0.043217,0.219090,-0.970017,186.949196,0.000000
48660,0.040133,0.447358,-0.031708,-0.096070,-0.043234,0.219335,-0.969945,187.203255,0.000000
48664,0.040181,0.447345,-0.031686,-0.096036,-0.043315,0.219653,-0.969873,187.419891,0.000343
48667,0.040214,0.447332,-0.031675,-0.096158,-0.043238,0.219904,-0.969808,187.674294,0.000000
48671,0.040264,0.447314,-0.031654,-0.096318,-0.043312,0.220150,-0.969732,187.859001,0.000343
48674,0.040300,0.447303,-0.031640,-0.096418,-0.043345,0.220367,-0.969672,188.105850,0.000343
48678,0.040338,0.447289,-0.031624,-0.096583,-0.043153,0.220616,-0.969607,188.313560,0.000343
48682,0.040391,0.447279,-0.031604,-0.096720,-0.043273,0.220970,-0.969508,188.527451,0.000000
48685,0.040430,0.447268,-0.031588,-0.096837,-0.043294,0.221246,-0.969432,188.762283,0.000000
48689,0.040471,0.447240,-0.031572,-0.096989,-0.043141,0.221446,-0.969378,189.003983,0.000343
48692,0.040507,0.447224,-0.031559,-0.097129,-0.043095,0.221739,-0.969299,189.265251,0.000343
48696,0.040569,0.447208,-0.031536,-0.097282,-0.043198,0.222122,-0.969191,189.481544,0.000000
48699,0.040605,0.447194,-0.031523,-0.097483,-0.043106,0.222404,-0.969111,189.745216,0.000000
48703,0.040649,0.447171,-0.031508,-0.097551,-0.043070,0.222591,-0.969063,189.964943,0.000000
48707,0.040702,0.447151,-0.031482,-0.097598,-0.043108,0.222950,-0.968974,190.200119,0.000000
48710,0.040736,0.447136,-0.031471,-0.097767,-0.043028,0.223130,-0.968919,190.422249,0.000000
48713,0.040766,0.447124,-0.031459,-0.097898,-0.042984,0.223365,-0.968853,190.615540,0.000343
48717,0.040826,0.447111,-0.031435,-0.097981,-0.043157,0.223722,-0.968755,190.848656,0.000343
48721,0.040866,0.447083,-0.031414,-0.098136,-0.043042,0.224003,-0.968679,191.089325,0.000343
48724,0.040905,0.447076,-0.031397,-0.098194,-0.043032,0.224241,-0.968619,191.295662,0.000343
48727,0.040948,0.447060,-0.031384,-0.098389,-0.043014,0.224556,-0.968527,191.563797,0.000343
48731,0.041006,0.447043,-0.031361,-0.098470,-0.043099,0.224867,-0.968443,191.797256,0.000000
48735,0.041051,0.447032,-0.031344,-0.098714,-0.043011,0.225245,-0.968334,192.039986,0.000000
48738,0.041094,0.447020,-0.031326,-0.098777,-0.043055,0.225494,-0.968267,192.261086,0.000000
48742,0.041141,0.447004,-0.031309,-0.098925,-0.043052,0.225834,-0.968173,192.479782,0.000000
48745,0.041170,0.446988,-0.031298,-0.098993,-0.043013,0.225981,-0.968134,192.730751,0.000000
48749,0.041229,0.446976,-0.031274,-0.099103,-0.043139,0.226395,-0.968020,192.922668,0.000343
48752,0.041263,0.446964,-0.031262,-0.099131,-0.043204,0.226588,-0.967969,193.138618,0.000343
48756,0.041305,0.446947,-0.031247,-0.099353,-0.043073,0.226905,-0.967878,193.381348,0.000000
48760,0.041356,0.446921,-0.031222,-0.099332,-0.043207,0.227202,-0.967805,193.637123,0.000000
48763,0.041393,0.446909,-0.031211,-0.099420,-0.043181,0.227418,-0.967746,193.838310,0.000343
48767,0.041441,0.446893,-0.031195,-0.099763,-0.043019,0.227814,-0.967625,194.098892,0.000000
48770,0.041475,0.446873,-0.031179,-0.099769,-0.043067,0.228014,-0.967575,194.322052,0.000343
48774,0.041532,0.446858,-0.031158,-0.099994,-0.043171,0.228387,-0.967459,194.587440,0.000343
48777,0.041563,0.446844,-0.031147,-0.100067,-0.043074,0.228540,-0.967420,194.775925,0.000000
48781,0.041614,0.446832,-0.031126,-0.100327,-0.043106,0.228900,-0.967306,194.993248,0.000000
48784,0.041651,0.446820,-0.031112,-0.100392,-0.043136,0.229107,-0.967249,195.249023,0.000343
48788,0.041694,0.446800,-0.031096,-0.100622,-0.043007,0.229445,-0.967151,195.485573,0.000000
48792,0.041744,0.446777,-0.031073,-0.100610,-0.043108,0.229681,-0.967092,195.703583,0.000000
48795,0.041783,0.446760,-0.031056,-0.100755,-0.043146,0.229983,-0.967003,195.936012,0.000000
48799,0.041826,0.446748,-0.031042,-0.101004,-0.042977,0.230316,-0.966905,196.181488,0.000000
48802,0.041860,0.446732,-0.031033,-0.101127,-0.042945,0.230528,-0.966843,196.393661,0.000343
48806,0.041909,0.446708,-0.031013,-0.101070,-0.043093,0.230796,-0.966779,196.605835,0.000000
48809,0.041940,0.446699,-0.031000,-0.101300,-0.043013,0.231099,-0.966686,196.867447,0.000000
48813,0.041980,0.446679,-0.030984,-0.101278,-0.043059,0.231313,-0.966635,197.096100,0.000000
48816,0.042023,0.446673,-0.030963,-0.101491,-0.043121,0.231712,-0.966514,197.337799,0.000343
48820,0.042058,0.446654,-0.030954,-0.101644,-0.042997,0.231888,-0.966461,197.527657,0.000000
48824,0.042101,0.446630,-0.030934,-0.101640,-0.043105,0.232136,-0.966397,197.784462,0.000000
48827,0.042137,0.446616,-0.030920,-0.101782,-0.043124,0.232375,-0.966324,197.997322,0.000343
48831,0.042183,0.446611,-0.030905,-0.101960,-0.043001,0.232645,-0.966246,198.231468,0.000000
48834,0.042220,0.446599,-0.030891,-0.102071,-0.043000,0.232899,-0.966173,198.458061,0.000343
48838,0.042274,0.446579,-0.030865,-0.102124,-0.043198,0.233178,-0.966091,198.690834,0.000000
48841,0.042305,0.446567,-0.030854,-0.102174,-0.043126,0.233414,-0.966032,198.930817,0.000000
48845,0.042346,0.446547,-0.030836,-0.102271,-0.043105,0.233709,-0.965952,199.144020,0.000000
48848,0.042382,0.446533,-0.030824,-0.102349,-0.043127,0.233879,-0.965901,199.377480,0.000000
48852,0.042436,0.446520,-0.030805,-0.102568,-0.043072,0.234191,-0.965805,199.625702,0.000000
48856,0.042485,0.446498,-0.030786,-0.102672,-0.043078,0.234524,-0.965713,199.848175,0.000000
48859,0.042522,0.446485,-0.030775,-0.102792,-0.043116,0.234690,-0.965658,200.066872,0.000000
48863,0.042566,0.446460,-0.030756,-0.102929,-0.043001,0.235078,-0.965554,200.294495,0.000343
48866,0.042599,0.446447,-0.030745,-0.103031,-0.042935,0.235217,-0.965512,200.549240,0.000000
48870,0.042659,0.446435,-0.030726,-0.103241,-0.043039,0.235631,-0.965384,200.769310,0.000343
48873,0.042691,0.446419,-0.030710,-0.103286,-0.043012,0.235822,-0.965334,200.995903,0.000000
48877,0.042726,0.446397,-0.030696,-0.103453,-0.042841,0.236095,-0.965257,201.224556,0.000000
48880,0.042761,0.446381,-0.030685,-0.103529,-0.042898,0.236245,-0.965210,201.468315,0.000000
48880,0.042761,0.446381,-0.030685,-0.103529,-0.042898,0.236245,-0.965210,201.685295,0.000000
48880,0.042761,0.446381,-0.030685,-0.103529,-0.042898,0.236245,-0.965210,201.935577,0.000000
48880,0.042761,0.446381,-0.030685,-0.103529,-0.042898,0.236245,-0.965210,202.152901,0.000000
48880,0.042761,0.446381,-0.030685,-0.103529,-0.042898,0.236245,-0.965210,202.408333,0.000000
48880,0.042761,0.446381,-0.030685,-0.103529,-0.042898,0.236245,-0.965210,202.634583,0.000000
48880,0.042761,0.446381,-0.030685,-0.103529,-0.042898,0.236245,-0.965210,202.836113,0.000000
48880,0.042761,0.446381,-0.030685,-0.103529,-0.042898,0.236245,-0.965210,203.070259,0.000000
48880,0.042761,0.446381,-0.030685,-0.103529,-0.042898,0.236245,-0.965210,203.308182,0.000000
48880,0.042761,0.446381,-0.030685,-0.103529,-0.042898,0.236245,-0.965210,203.523102,0.000000
48880,0.042761,0.446381,-0.030685,-0.103529,-0.042898,0.236245,-0.965210,203.751755,0.000000
48880,0.042761,0.446381,-0.030685,-0.103529,-0.042898,0.236245,-0.965210,203.993797,0.000000
48880,0.042761,0.446381,-0.030685,-0.103529,-0.042898,0.236245,-0.965210,204.250946,0.000000
48880,0.042761,0.446381,-0.030685,-0.103529,-0.042898,0.236245,-0.965210,204.478569,0.000000
48880,0.042761,0.446381,-0.030685,-0.103529,-0.042898,0.236245,-0.965210,204.682159,0.000000
48880,0.042761,0.446381,-0.030685,-0.103529,-0.042898,0.236245,-0.965210,204.913216,0.000000
48880,0.042761,0.446381,-0.030685,-0.103529,-0.042898,0.236245,-0.965210,205.135002,0.000000
48880,0.042761,0.446381,-0.030685,-0.103529,-0.042898,0.236245,-0.965210,205.359535,0.000000
48880,0.042761,0.446381,-0.030685,-0.103529,-0.042898,0.236245,-0.965210,205.611191,0.000000
48880,0.042761,0.446381,-0.030685,-0.103529,-0.042898,0.236245,-0.965210,205.874519,0.000000
48880,0.042761,0.446381,-0.030685,-0.103529,-0.042898,0.236245,-0.965210,206.070213,0.000000
48880,0.042761,0.446381,-0.030685,-0.103529,-0.042898,0.236245,-0.965210,206.296806,0.000000
48880,0.042761,0.446381,-0.030685,-0.103529,-0.042898,0.236245,-0.965210,206.553268,0.000000
48880,0.042761,0.446381,-0.030685,-0.103529,-0.042898,0.236245,-0.965210,206.768188,0.000000
48880,0.042761,0.446381,-0.030685,-0.103529,-0.042898,0.236245,-0.965210,207.006454,0.000000
48880,0.042761,0.446381,-0.030685,-0.103529,-0.042898,0.236245,-0.965210,207.220688,0.000000
48880,0.042761,0.446381,-0.030685,-0.103529,-0.042898,0.236245,-0.965210,207.465477,0.000000
48880,0.042761,0.446381,-0.030685,-0.103529,-0.042898,0.236245,-0.965210,207.686234,0.000000
48880,0.042761,0.446381,-0.030685,-0.103529,-0.042898,0.236245,-0.965210,207.896347,-0.000343
48880,0.042761,0.446381,-0.030685,-0.103529,-0.042898,0.236245,-0.965210,208.125000,0.000000
48987,0.043981,0.445888,-0.030226,-0.106894,-0.042733,0.244104,-0.962892,208.376999,0.000000
48990,0.044022,0.445877,-0.030210,-0.107019,-0.042781,0.244436,-0.962792,208.600502,0.000000
48994,0.044069,0.445860,-0.030195,-0.107149,-0.042769,0.244668,-0.962719,208.854561,-0.000343
48997,0.044101,0.445845,-0.030183,-0.107290,-0.042695,0.244850,-0.962660,209.062614,-0.000343
49001,0.044143,0.445824,-0.030163,-0.107255,-0.042744,0.245115,-0.962595,209.320107,0.000000
49005,0.044190,0.445809,-0.030150,-0.107524,-0.042696,0.245456,-0.962479,209.564896,0.000000
49008,0.044227,0.445798,-0.030134,-0.107596,-0.042691,0.245697,-0.962410,209.757156,0.000000
49011,0.044263,0.445787,-0.030117,-0.107681,-0.042724,0.245950,-0.962335,209.993019,-0.000343
49015,0.044313,0.445766,-0.030101,-0.107733,-0.042857,0.246211,-0.962256,210.211716,0.000000
49019,0.044355,0.445753,-0.030078,-0.108028,-0.042726,0.246613,-0.962126,210.456505,0.000000
49022,0.044388,0.445735,-0.030071,-0.108118,-0.042742,0.246771,-0.962075,210.659065,-0.000343
49026,0.044444,0.445716,-0.030048,-0.108252,-0.042867,0.247161,-0.961954,210.925827,0.000000
49029,0.044481,0.445700,-0.030034,-0.108331,-0.042873,0.247412,-0.961880,211.219711,0.000000
49033,0.044532,0.445681,-0.030014,-0.108437,-0.042880,0.247782,-0.961773,211.462097,0.000000
49036,0.044572,0.445661,-0.030002,-0.108461,-0.042929,0.247983,-0.961716,211.622429,0.000000
49040,0.044602,0.445641,-0.029990,-0.108546,-0.042871,0.248219,-0.961648,211.776237,-0.000343
49044,0.044638,0.445648,-0.029953,-0.108361,-0.043274,0.248662,-0.961536,211.871681,-0.000343
49047,0.044653,0.445642,-0.029943,-0.108406,-0.043300,0.248746,-0.961509,211.920776,-0.000343
49051,0.044648,0.445633,-0.029945,-0.108403,-0.043181,0.248729,-0.961519,211.908760,0.000000
49054,0.044649,0.445627,-0.029938,-0.108448,-0.043141,0.248806,-0.961495,211.459351,0.000000
49058,0.044652,0.445633,-0.029939,-0.108415,-0.043235,0.248785,-0.961500,210.478821,0.000000
49061,0.044590,0.445643,-0.029973,-0.108686,-0.042832,0.248380,-0.961593,208.724098,0.000000
49065,0.044449,0.445687,-0.030005,-0.108621,-0.042546,0.247695,-0.961789,206.316376,-0.000343
49068,0.044361,0.445706,-0.030016,-0.108466,-0.042467,0.247261,-0.961922,204.352913,-0.000343
49072,0.044313,0.445720,-0.030013,-0.108541,-0.042414,0.247233,-0.961923,202.372627,0.000000
49076,0.044160,0.445772,-0.030069,-0.108166,-0.042382,0.246242,-0.962221,201.111259,0.000000
49079,0.044139,0.445786,-0.030093,-0.108073,-0.042368,0.246213,-0.962239,200.376205,0.000000
49082,0.044103,0.445790,-0.030085,-0.108149,-0.042233,0.246079,-0.962271,199.783974,-0.000343
49086,0.044036,0.445814,-0.030135,-0.107808,-0.042120,0.245663,-0.962420,199.094582,-0.000343
49090,0.044006,0.445835,-0.030132,-0.107697,-0.042304,0.245468,-0.962474,198.030281,-0.000343
49093,0.043951,0.445856,-0.030158,-0.107524,-0.042301,0.245203,-0.962561,196.938515,-0.000343
49097,0.043801,0.445916,-0.030211,-0.107220,-0.042163,0.244418,-0.962801,195.685387,-0.000343
49100,0.043690,0.445951,-0.030244,-0.106918,-0.042142,0.243809,-0.962990,194.576111,0.000000
49104,0.043604,0.445996,-0.030277,-0.106702,-0.042174,0.243340,-0.963131,194.026451,0.000000
49107,0.043556,0.446013,-0.030291,-0.106613,-0.042175,0.243028,-0.963220,193.762093,-0.000343
49111,0.043545,0.446021,-0.030309,-0.106508,-0.042258,0.242956,-0.963246,193.723297,0.000000
49115,0.043535,0.446019,-0.030312,-0.106448,-0.042192,0.242938,-0.963260,193.667679,-0.000343
49118,0.043538,0.446023,-0.030327,-0.106395,-0.042135,0.242855,-0.963289,193.345642,-0.000343
49122,0.043522,0.446043,-0.030336,-0.106379,-0.042249,0.242757,-0.963311,192.823105,-0.000343
49125,0.043463,0.446067,-0.030357,-0.106103,-0.042314,0.242351,-0.963441,191.945572,0.000000
49129,0.043311,0.446120,-0.030408,-0.105699,-0.042149,0.241504,-0.963705,191.191635,0.000000
49132,0.043206,0.446157,-0.030444,-0.105517,-0.042021,0.240753,-0.963918,190.492287,0.000000
49136,0.043118,0.446192,-0.030481,-0.105288,-0.041997,0.240210,-0.964080,190.029144,0.000000
49140,0.043080,0.446219,-0.030506,-0.105214,-0.041916,0.239973,-0.964151,189.861259,0.000000
49143,0.043076,0.446221,-0.030516,-0.105134,-0.041971,0.239930,-0.964167,189.834824,-0.000343
49147,0.043069,0.446225,-0.030532,-0.105002,-0.041967,0.239805,-0.964213,189.793282,-0.000343
49150,0.043062,0.446229,-0.030537,-0.104978,-0.041927,0.239831,-0.964211,189.597931,-0.000343
49154,0.043051,0.446241,-0.030544,-0.104986,-0.041985,0.239688,-0.964243,189.268341,-0.000343
49157,0.043015,0.446253,-0.030556,-0.104769,-0.042034,0.239477,-0.964317,188.744087,-0.000343
49161,0.042920,0.446286,-0.030590,-0.104600,-0.041891,0.238917,-0.964481,188.095207,0.000000
49164,0.042842,0.446317,-0.030616,-0.104424,-0.041910,0.238477,-0.964608,187.630005,0.000000
49168,0.042768,0.446352,-0.030640,-0.104071,-0.042050,0.237996,-0.964759,187.204971,0.000000
49172,0.042716,0.446373,-0.030657,-0.103901,-0.042077,0.237645,-0.964862,186.944733,-0.000343
49175,0.042693,0.446384,-0.030671,-0.103849,-0.042096,0.237508,-0.964901,186.805000,0.000000
49178,0.042677,0.446387,-0.030680,-0.103704,-0.042142,0.237360,-0.964951,186.669388,-0.000343
49182,0.042665,0.446397,-0.030698,-0.103622,-0.042153,0.237276,-0.964980,186.522446,-0.000343
49186,0.042644,0.446413,-0.030714,-0.103590,-0.042149,0.237086,-0.965030,186.252251,-0.000343
49189,0.042617,0.446425,-0.030725,-0.103529,-0.042230,0.236940,-0.965069,185.815544,-0.000343
49193,0.042540,0.446451,-0.030754,-0.103279,-0.042265,0.236450,-0.965214,185.374374,-0.000343
49196,0.042473,0.446486,-0.030778,-0.103068,-0.042272,0.236041,-0.965337,184.798279,-0.000343
49200,0.042383,0.446519,-0.030811,-0.102726,-0.042434,0.235429,-0.965515,184.357796,-0.000343
49203,0.042318,0.446543,-0.030843,-0.102549,-0.042376,0.234985,-0.965645,183.942719,-0.000343
49207,0.042251,0.446575,-0.030870,-0.102469,-0.042375,0.234530,-0.965764,183.602486,-0.000343
49211,0.042194,0.446601,-0.030891,-0.102191,-0.042496,0.234228,-0.965861,183.373146,-0.000343
49214,0.042150,0.446606,-0.030913,-0.102045,-0.042470,0.233887,-0.965961,183.119087,0.000000
49218,0.042106,0.446620,-0.030937,-0.101992,-0.042442,0.233631,-0.966029,182.883568,0.000000
49221,0.042076,0.446642,-0.030955,-0.101770,-0.042546,0.233355,-0.966115,182.530632,0.000000
49224,0.042030,0.446660,-0.030978,-0.101609,-0.042565,0.233065,-0.966201,182.027321,-0.000343
49228,0.041947,0.446696,-0.031019,-0.101461,-0.042474,0.232441,-0.966371,181.576538,-0.000343
49232,0.041850,0.446734,-0.031052,-0.101018,-0.042593,0.231756,-0.966577,180.992203,0.000000
49236,0.041746,0.446779,-0.031087,-0.100853,-0.042588,0.231137,-0.966742,180.511208,-0.000343
49239,0.041682,0.446802,-0.031109,-0.100704,-0.042613,0.230707,-0.966859,180.161705,0.000000
49242,0.041638,0.446821,-0.031126,-0.100554,-0.042687,0.230348,-0.966957,179.857178,-0.000343
49246,0.041592,0.446841,-0.031153,-0.100371,-0.042728,0.230054,-0.967045,179.577370,-0.000343
49250,0.041547,0.446854,-0.031174,-0.100143,-0.042672,0.229740,-0.967145,179.383736,0.000000
49253,0.041522,0.446865,-0.031189,-0.099999,-0.042716,0.229544,-0.967205,179.148216,-0.000343
49257,0.041488,0.446881,-0.031206,-0.099919,-0.042731,0.229370,-0.967254,178.920250,-0.000343
49260,0.041451,0.446894,-0.031220,-0.099855,-0.042729,0.229109,-0.967322,178.630486,-0.000343
49264,0.041390,0.446917,-0.031243,-0.099554,-0.042824,0.228684,-0.967450,178.257294,-0.000343
49267,0.041335,0.446938,-0.031263,-0.099373,-0.042871,0.228289,-0.967559,177.846336,0.000000
49271,0.041256,0.446968,-0.031289,-0.099239,-0.042768,0.227814,-0.967690,177.406883,-0.000343
49274,0.041206,0.446990,-0.031307,-0.099208,-0.042741,0.227449,-0.967780,177.077980,0.000000
49278,0.041144,0.447011,-0.031327,-0.098995,-0.042828,0.227020,-0.967899,176.790619,0.000000
49281,0.041110,0.447020,-0.031341,-0.098909,-0.042817,0.226824,-0.967954,176.637840,-0.000343
49285,0.041070,0.447026,-0.031359,-0.098817,-0.042711,0.226557,-0.968031,176.515617,-0.000343
49289,0.041054,0.447039,-0.031373,-0.098704,-0.042823,0.226409,-0.968072,176.410904,-0.000343
49292,0.041037,0.447045,-0.031380,-0.098667,-0.042814,0.226417,-0.968074,176.276321,-0.000343
49296,0.041004,0.447046,-0.031397,-0.098564,-0.042803,0.226075,-0.968165,176.036339,0.000000
49299,0.040981,0.447062,-0.031405,-0.098422,-0.042884,0.226034,-0.968185,175.773354,-0.000343
49303,0.040924,0.447083,-0.031430,-0.098418,-0.042766,0.225607,-0.968291,175.448227,-0.000343
49307,0.040867,0.447106,-0.031450,-0.098136,-0.042908,0.225245,-0.968397,175.070572,0.000000
49310,0.040820,0.447122,-0.031467,-0.098053,-0.042887,0.224893,-0.968488,174.768105,0.000000
49313,0.040775,0.447132,-0.031479,-0.097835,-0.042928,0.224673,-0.968560,174.521599,0.000000
49317,0.040734,0.447154,-0.031492,-0.097804,-0.042853,0.224391,-0.968631,174.351654,0.000000
49321,0.040705,0.447164,-0.031504,-0.097707,-0.042973,0.224199,-0.968680,174.188576,-0.000343
49324,0.040685,0.447172,-0.031513,-0.097615,-0.042921,0.224041,-0.968728,174.046783,0.000000
49328,0.040657,0.447174,-0.031529,-0.097540,-0.042906,0.223855,-0.968780,173.857613,0.000000
49331,0.040636,0.447189,-0.031543,-0.097431,-0.042943,0.223691,-0.968827,173.598061,-0.000343
49335,0.040597,0.447209,-0.031561,-0.097423,-0.042930,0.223472,-0.968879,173.324776,0.000000
49338,0.040552,0.447227,-0.031574,-0.097285,-0.042918,0.223214,-0.968953,173.065567,0.000000
49342,0.040493,0.447244,-0.031593,-0.096969,-0.043076,0.222778,-0.969078,172.765503,0.000000
49345,0.040447,0.447262,-0.031610,-0.096815,-0.043097,0.222487,-0.969159,172.489815,0.000000
49349,0.040397,0.447280,-0.031629,-0.096775,-0.043044,0.222177,-0.969236,172.226830,-0.000343
49353,0.040361,0.447297,-0.031643,-0.096610,-0.043151,0.221963,-0.969297,172.045898,-0.000343
49356,0.040332,0.447304,-0.031657,-0.096541,-0.043137,0.221702,-0.969364,171.864281,-0.000343
49360,0.040299,0.447320,-0.031670,-0.096606,-0.043023,0.221554,-0.969397,171.675797,0.000000
49363,0.040268,0.447333,-0.031682,-0.096425,-0.043097,0.221337,-0.969461,171.458817,-0.000343
49367,0.040217,0.447342,-0.031697,-0.096195,-0.043142,0.221080,-0.969541,171.197891,-0.000343
49370,0.040180,0.447352,-0.031715,-0.096097,-0.043067,0.220759,-0.969627,170.963745,-0.000343
49374,0.040135,0.447374,-0.031737,-0.096019,-0.043119,0.220476,-0.969697,170.660591,-0.000343
49377,0.040090,0.447388,-0.031752,-0.095845,-0.043164,0.220138,-0.969789,170.416832,0.000000
49381,0.040032,0.447400,-0.031772,-0.095749,-0.043063,0.219797,-0.969880,170.166206,-0.000343
49385,0.039990,0.447420,-0.031791,-0.095713,-0.043145,0.219468,-0.969954,169.928284,-0.000343
49388,0.039959,0.447435,-0.031804,-0.095596,-0.043143,0.219306,-0.970002,169.710274,0.000000
49391,0.039924,0.447442,-0.031818,-0.095475,-0.043116,0.219025,-0.970079,169.505310,-0.000343
49395,0.039875,0.447455,-0.031838,-0.095362,-0.043030,0.218727,-0.970161,169.298286,0.000000
49399,0.039837,0.447470,-0.031856,-0.095275,-0.043065,0.218406,-0.970241,169.069290,-0.000343
49402,0.039803,0.447487,-0.031866,-0.095206,-0.043011,0.218254,-0.970284,168.805618,0.000000
49406,0.039753,0.447501,-0.031886,-0.094980,-0.043047,0.217837,-0.970398,168.593102,-0.000343
49409,0.039719,0.447517,-0.031896,-0.094879,-0.043090,0.217673,-0.970443,168.328743,-0.000343
49413,0.039665,0.447535,-0.031917,-0.094863,-0.042944,0.217320,-0.970530,168.076401,-0.000343
49417,0.039613,0.447551,-0.031934,-0.094661,-0.043055,0.216940,-0.970630,167.814102,-0.000343
49420,0.039581,0.447564,-0.031942,-0.094516,-0.043092,0.216792,-0.970676,167.600212,-0.000343
49423,0.039546,0.447573,-0.031956,-0.094497,-0.043030,0.216576,-0.970729,167.361946,0.000000
49427,0.039504,0.447594,-0.031975,-0.094394,-0.042980,0.216285,-0.970806,167.168655,0.000000
49431,0.039463,0.447606,-0.031990,-0.094177,-0.043083,0.216009,-0.970883,166.931419,0.000000
49434,0.039431,0.447620,-0.032008,-0.094094,-0.043049,0.215821,-0.970935,166.676674,0.000000
49438,0.039381,0.447638,-0.032015,-0.093726,-0.043281,0.215550,-0.971020,166.462440,-0.000343
49441,0.039347,0.447642,-0.032039,-0.093798,-0.043164,0.215281,-0.971078,166.221428,0.000000
49445,0.039298,0.447662,-0.032062,-0.093750,-0.043150,0.215053,-0.971134,165.972862,-0.000343
49448,0.039255,0.447670,-0.032075,-0.093693,-0.043106,0.214818,-0.971194,165.730820,-0.000343
49452,0.039209,0.447686,-0.032091,-0.093373,-0.043280,0.214443,-0.971299,165.500450,0.000000
49455,0.039178,0.447694,-0.032104,-0.093296,-0.043290,0.214219,-0.971356,165.243301,0.000000
49459,0.039135,0.447715,-0.032120,-0.093334,-0.043225,0.213989,-0.971406,165.020828,0.000000
49463,0.039094,0.447730,-0.032135,-0.093185,-0.043339,0.213759,-0.971466,164.805908,0.000000
49466,0.039057,0.447733,-0.032147,-0.093021,-0.043342,0.213468,-0.971545,164.571075,0.000000
49469,0.039026,0.447745,-0.032159,-0.093033,-0.043307,0.213292,-0.971584,164.318390,0.000000
49473,0.038974,0.447755,-0.032176,-0.092841,-0.043356,0.212953,-0.971675,164.093857,-0.000343
49477,0.038936,0.447773,-0.032191,-0.092783,-0.043354,0.212779,-0.971719,163.848724,0.000000
49480,0.038898,0.447789,-0.032214,-0.092699,-0.043242,0.212458,-0.971802,163.596382,-0.000343
49484,0.038852,0.447797,-0.032232,-0.092494,-0.043316,0.212105,-0.971895,163.386269,-0.000343
49487,0.038817,0.447811,-0.032248,-0.092304,-0.043352,0.211846,-0.971968,163.124657,-0.000343
49491,0.038768,0.447830,-0.032270,-0.092334,-0.043186,0.211575,-0.972032,162.924843,-0.000343
49494,0.038736,0.447839,-0.032283,-0.092246,-0.043189,0.211313,-0.972097,162.682800,0.000000
49498,0.038694,0.447858,-0.032298,-0.092016,-0.043291,0.211051,-0.972171,162.435265,0.000000
49502,0.038639,0.447868,-0.032320,-0.091938,-0.043131,0.210618,-0.972279,162.227898,0.000000
49505,0.038609,0.447885,-0.032332,-0.091929,-0.043152,0.210431,-0.972320,161.968689,0.000000
49508,0.038572,0.447902,-0.032344,-0.091725,-0.043283,0.210144,-0.972395,161.730423,-0.000343
49512,0.038518,0.447914,-0.032361,-0.091549,-0.043223,0.209854,-0.972477,161.505203,-0.000343
49516,0.038475,0.447934,-0.032377,-0.091454,-0.043222,0.209577,-0.972546,161.248398,0.000000
49519,0.038434,0.447946,-0.032392,-0.091303,-0.043251,0.209259,-0.972627,161.011505,0.000000
49523,0.038379,0.447966,-0.032411,-0.091233,-0.043202,0.209025,-0.972686,160.794868,0.000000
49527,0.038319,0.447981,-0.032434,-0.091020,-0.043298,0.208536,-0.972807,160.542526,0.000000
49530,0.038277,0.447995,-0.032448,-0.090887,-0.043331,0.208317,-0.972865,160.332069,0.000000
49533,0.038232,0.448008,-0.032464,-0.090628,-0.043348,0.208019,-0.972952,160.095520,0.000000
49537,0.038170,0.448031,-0.032470,-0.090267,-0.043519,0.207818,-0.973021,159.861031,0.000000
49541,0.038130,0.448052,-0.032489,-0.090080,-0.043615,0.207517,-0.973098,159.624481,-0.000343
49544,0.038089,0.448053,-0.032524,-0.090276,-0.043320,0.207122,-0.973177,159.393768,0.000000
49548,0.038035,0.448061,-0.032543,-0.090093,-0.043353,0.206742,-0.973274,159.158936,0.000000
49551,0.038005,0.448070,-0.032555,-0.090006,-0.043369,0.206612,-0.973309,158.918610,-0.000343
49555,0.037953,0.448084,-0.032575,-0.089949,-0.043375,0.206255,-0.973389,158.663177,0.000000
49558,0.037922,0.448100,-0.032588,-0.089995,-0.043275,0.206092,-0.973424,158.418388,-0.000343
49562,0.037874,0.448112,-0.032604,-0.089757,-0.043381,0.205666,-0.973531,158.190765,0.000000
49566,0.037827,0.448132,-0.032624,-0.089754,-0.043301,0.205427,-0.973586,157.940483,0.000000
49569,0.037792,0.448141,-0.032638,-0.089690,-0.043302,0.205192,-0.973641,157.743416,0.000000
49573,0.037746,0.448157,-0.032654,-0.089467,-0.043409,0.204889,-0.973721,157.498627,0.000000
49576,0.037708,0.448164,-0.032670,-0.089344,-0.043422,0.204590,-0.973794,157.288857,0.000000
49580,0.037660,0.448176,-0.032687,-0.089294,-0.043330,0.204274,-0.973869,157.011795,0.000000
49583,0.037624,0.448187,-0.032706,-0.089144,-0.043348,0.203961,-0.973948,156.797218,0.000000
49587,0.037583,0.448209,-0.032722,-0.089022,-0.043378,0.203754,-0.974001,156.541786,0.000000
49590,0.037540,0.448214,-0.032741,-0.088973,-0.043304,0.203440,-0.974074,156.325493,-0.000343
49594,0.037484,0.448227,-0.032760,-0.088725,-0.043353,0.203058,-0.974174,156.083450,0.000000
49597,0.037447,0.448242,-0.032776,-0.088592,-0.043365,0.202813,-0.974237,155.853081,-0.000343
49601,0.037397,0.448259,-0.032796,-0.088603,-0.043264,0.202548,-0.974296,155.625458,0.000000
49605,0.037354,0.448273,-0.032812,-0.088348,-0.043412,0.202278,-0.974368,155.395775,0.000000
49608,0.037319,0.448284,-0.032824,-0.088240,-0.043408,0.202027,-0.974430,155.159912,0.000000
49612,0.037273,0.448302,-0.032844,-0.088266,-0.043334,0.201785,-0.974481,154.932976,-0.000343
49615,0.037239,0.448314,-0.032851,-0.088103,-0.043418,0.201569,-0.974537,154.665184,0.000000
49619,0.037197,0.448330,-0.032866,-0.087972,-0.043434,0.201327,-0.974598,154.440308,0.000000
49622,0.037160,0.448340,-0.032883,-0.087865,-0.043435,0.201067,-0.974662,154.204445,0.000000
49626,0.037120,0.448356,-0.032894,-0.087768,-0.043453,0.200855,-0.974713,153.969612,0.000000
49629,0.037085,0.448367,-0.032908,-0.087612,-0.043495,0.200622,-0.974773,153.750229,0.000000
49633,0.037044,0.448380,-0.032927,-0.087603,-0.043431,0.200386,-0.974826,153.523293,-0.000343
49636,0.037011,0.448386,-0.032936,-0.087459,-0.043457,0.200149,-0.974886,153.258247,0.000000
49640,0.036970,0.448395,-0.032956,-0.087224,-0.043578,0.199866,-0.974960,153.053627,0.000000
49644,0.036921,0.448412,-0.032974,-0.087216,-0.043425,0.199592,-0.975023,152.780342,-0.000343
49647,0.036889,0.448417,-0.032988,-0.087148,-0.043456,0.199393,-0.975069,152.530060,0.000000
49651,0.036839,0.448431,-0.033008,-0.086786,-0.043562,0.199023,-0.975172,152.316856,0.000000
49654,0.036809,0.448441,-0.033020,-0.086824,-0.043493,0.198869,-0.975203,152.080650,0.000000
49658,0.036760,0.448457,-0.033039,-0.086675,-0.043508,0.198504,-0.975290,151.826248,0.000000
49661,0.036728,0.448466,-0.033051,-0.086613,-0.043537,0.198295,-0.975337,151.627464,0.000000
49665,0.036678,0.448476,-0.033066,-0.086495,-0.043491,0.197966,-0.975416,151.374092,-0.000343
49668,0.036642,0.448487,-0.033081,-0.086448,-0.043445,0.197741,-0.975468,151.139259,0.000000
49672,0.036588,0.448499,-0.033098,-0.086097,-0.043544,0.197305,-0.975583,150.909233,0.000000
49676,0.036534,0.448516,-0.033123,-0.086118,-0.043447,0.196971,-0.975653,150.669250,0.000000
49679,0.036494,0.448531,-0.033136,-0.085976,-0.043415,0.196767,-0.975708,150.451241,-0.000343
49683,0.036446,0.448543,-0.033153,-0.085720,-0.043556,0.196366,-0.975805,150.213661,0.000000
49686,0.036407,0.448556,-0.033170,-0.085623,-0.043541,0.196133,-0.975861,149.959946,0.000000
49690,0.036357,0.448574,-0.033189,-0.085579,-0.043475,0.195918,-0.975911,149.739876,0.000000
49693,0.036325,0.448586,-0.033201,-0.085460,-0.043490,0.195726,-0.975959,149.477234,-0.000343
49697,0.036276,0.448594,-0.033220,-0.085284,-0.043545,0.195359,-0.976046,149.278793,0.000000
49700,0.036249,0.448600,-0.033233,-0.085266,-0.043566,0.195191,-0.976080,149.049454,0.000000
49704,0.036208,0.448615,-0.033251,-0.085169,-0.043621,0.194913,-0.976142,148.791275,0.000000
49708,0.036157,0.448621,-0.033266,-0.085003,-0.043598,0.194664,-0.976207,148.573952,0.000000
49711,0.036125,0.448634,-0.033279,-0.084904,-0.043648,0.194399,-0.976266,148.303757,0.000000
49715,0.036085,0.448654,-0.033295,-0.084773,-0.043747,0.194225,-0.976308,148.102570,0.000000
49718,0.036051,0.448659,-0.033307,-0.084665,-0.043725,0.193911,-0.976380,147.873230,0.000000
49722,0.036005,0.448676,-0.033321,-0.084618,-0.043699,0.193728,-0.976422,147.609215,0.000000
49725,0.035965,0.448683,-0.033337,-0.084474,-0.043719,0.193420,-0.976495,147.408028,0.000000
49729,0.035924,0.448696,-0.033355,-0.084315,-0.043736,0.193170,-0.976557,147.146072,0.000000
49732,0.035884,0.448704,-0.033372,-0.084242,-0.043693,0.192842,-0.976630,146.917763,0.000000
49736,0.035836,0.448721,-0.033392,-0.084167,-0.043713,0.192630,-0.976677,146.680183,0.000000
49739,0.035805,0.448731,-0.033403,-0.084014,-0.043733,0.192391,-0.976737,146.449471,0.000000
49743,0.035753,0.448742,-0.033422,-0.083995,-0.043633,0.192127,-0.976795,146.224937,0.000000
49747,0.035709,0.448758,-0.033441,-0.083835,-0.043708,0.191773,-0.976875,145.968819,0.000000
49750,0.035676,0.448768,-0.033452,-0.083758,-0.043709,0.191553,-0.976924,145.755272,0.000000
49754,0.035618,0.448777,-0.033468,-0.083632,-0.043606,0.191201,-0.977009,145.516663,0.000000
49757,0.035581,0.448788,-0.033484,-0.083551,-0.043622,0.190946,-0.977065,145.260887,0.000000
49761,0.035535,0.448802,-0.033499,-0.083369,-0.043636,0.190625,-0.977142,145.053864,0.000000
49764,0.035499,0.448812,-0.033510,-0.083294,-0.043612,0.190398,-0.977194,144.790192,0.000000
49768,0.035445,0.448821,-0.033532,-0.083030,-0.043633,0.189984,-0.977296,144.572182,0.000000
49771,0.035413,0.448832,-0.033546,-0.083015,-0.043615,0.189770,-0.977340,144.335976,-0.000343
49775,0.035363,0.448840,-0.033563,-0.082907,-0.043596,0.189485,-0.977405,144.079170,0.000000
49779,0.035315,0.448857,-0.033581,-0.082737,-0.043558,0.189109,-0.977494,143.863907,0.000000
49782,0.035284,0.448866,-0.033593,-0.082557,-0.043711,0.188954,-0.977533,143.644867,0.000000
49786,0.035238,0.448877,-0.033612,-0.082556,-0.043612,0.188661,-0.977594,143.413124,0.000000
49789,0.035203,0.448885,-0.033624,-0.082544,-0.043579,0.188500,-0.977627,143.178291,0.000000
49792,0.035171,0.448895,-0.033639,-0.082444,-0.043627,0.188315,-0.977669,142.916679,0.000000
49796,0.035130,0.448907,-0.033649,-0.082257,-0.043721,0.188068,-0.977728,142.696266,0.000000
49800,0.035081,0.448919,-0.033669,-0.082138,-0.043676,0.187681,-0.977815,142.472076,0.000000
49804,0.035038,0.448934,-0.033686,-0.082032,-0.043714,0.187405,-0.977875,142.217674,0.000000
49807,0.034998,0.448940,-0.033700,-0.081941,-0.043687,0.187134,-0.977936,141.966705,0.000000
49811,0.034947,0.448952,-0.033717,-0.081762,-0.043706,0.186837,-0.978007,141.758308,0.000000
49814,0.034914,0.448959,-0.033728,-0.081653,-0.043780,0.186566,-0.978064,141.522102,0.000000
49818,0.034865,0.448978,-0.033748,-0.081640,-0.043702,0.186385,-0.978103,141.281433,0.000000
49821,0.034822,0.448985,-0.033764,-0.081500,-0.043727,0.186068,-0.978174,141.046257,0.000000
49825,0.034775,0.448996,-0.033780,-0.081252,-0.043857,0.185778,-0.978244,140.818977,0.000000
49828,0.034734,0.449006,-0.033796,-0.081077,-0.043855,0.185519,-0.978308,140.564919,0.000000
49832,0.034685,0.449023,-0.033815,-0.081085,-0.043823,0.185250,-0.978359,140.359955,0.000000
49836,0.034639,0.449033,-0.033833,-0.080849,-0.043866,0.184938,-0.978436,140.099030,0.000000
49839,0.034601,0.449040,-0.033847,-0.080716,-0.043872,0.184664,-0.978499,139.886169,0.000000
49842,0.034564,0.449053,-0.033861,-0.080621,-0.043839,0.184451,-0.978548,139.653740,0.000000
49846,0.034521,0.449066,-0.033879,-0.080620,-0.043808,0.184184,-0.978600,139.395561,0.000000
49849,0.034485,0.449078,-0.033892,-0.080428,-0.043835,0.183910,-0.978666,139.153175,0.000343
49853,0.034437,0.449089,-0.033910,-0.080410,-0.043726,0.183606,-0.978729,138.932762,0.000000
49857,0.034392,0.449103,-0.033929,-0.080219,-0.043764,0.183330,-0.978795,138.702736,0.000343
49860,0.034350,0.449113,-0.033942,-0.080082,-0.043759,0.183010,-0.978866,138.462067,0.000000
49864,0.034293,0.449123,-0.033963,-0.080124,-0.043632,0.182727,-0.978922,138.225517,0.000000
49867,0.034252,0.449131,-0.033975,-0.079965,-0.043635,0.182419,-0.978992,137.983131,0.000343
49871,0.034205,0.449139,-0.033991,-0.079785,-0.043608,0.182105,-0.979066,137.781944,0.000343
49874,0.034168,0.449153,-0.034006,-0.079761,-0.043623,0.181911,-0.979104,137.555695,0.000000
49878,0.034124,0.449164,-0.034023,-0.079692,-0.043596,0.181647,-0.979159,137.297173,0.000000
49881,0.034087,0.449175,-0.034038,-0.079527,-0.043634,0.181382,-0.979220,137.076073,0.000343
49885,0.034031,0.449184,-0.034060,-0.079358,-0.043584,0.181027,-0.979302,136.841927,0.000000
49889,0.033983,0.449193,-0.034077,-0.079140,-0.043646,0.180663,-0.979384,136.600571,0.000000
49892,0.033947,0.449209,-0.034090,-0.079176,-0.043638,0.180541,-0.979404,136.345482,0.000343
49896,0.033879,0.449217,-0.034116,-0.078971,-0.043528,0.180043,-0.979517,136.110649,0.000343
49899,0.033842,0.449226,-0.034129,-0.078944,-0.043510,0.179827,-0.979559,135.881653,0.000343
49903,0.033793,0.449244,-0.034148,-0.078791,-0.043586,0.179537,-0.979622,135.652313,0.000000
49906,0.033754,0.449252,-0.034159,-0.078624,-0.043556,0.179313,-0.979677,135.425034,0.000000
49910,0.033712,0.449262,-0.034176,-0.078607,-0.043591,0.179086,-0.979719,135.202217,0.000000
49913,0.033678,0.449270,-0.034187,-0.078444,-0.043627,0.178875,-0.979769,134.979744,0.000000
49917,0.033631,0.449287,-0.034204,-0.078339,-0.043648,0.178589,-0.979828,134.711952,0.000343
49921,0.033582,0.449300,-0.034220,-0.078213,-0.043698,0.178258,-0.979897,134.481239,0.000343
49924,0.033548,0.449310,-0.034235,-0.078107,-0.043700,0.178073,-0.979939,134.208641,0.000000
49928,0.033497,0.449320,-0.034253,-0.077937,-0.043632,0.177708,-0.980021,134.001961,0.000343
49931,0.033461,0.449327,-0.034263,-0.077844,-0.043617,0.177483,-0.980070,133.749619,0.000000
49934,0.033425,0.449336,-0.034280,-0.077781,-0.043636,0.177328,-0.980102,133.538475,0.000343
49939,0.033370,0.449350,-0.034303,-0.077604,-0.043609,0.176953,-0.980185,133.281670,0.000343
49942,0.033336,0.449360,-0.034315,-0.077447,-0.043664,0.176689,-0.980243,133.085976,0.000343
49946,0.033301,0.449372,-0.034332,-0.077394,-0.043658,0.176498,-0.980282,132.861786,0.000000
49949,0.033263,0.449377,-0.034345,-0.077277,-0.043670,0.176234,-0.980338,132.630730,0.000343
49953,0.033221,0.449385,-0.034363,-0.077228,-0.043592,0.176017,-0.980385,132.406197,0.000343
49956,0.033187,0.449394,-0.034374,-0.077060,-0.043645,0.175749,-0.980443,132.153511,0.000343
49960,0.033135,0.449402,-0.034390,-0.076937,-0.043590,0.175491,-0.980502,131.872330,0.000343
49963,0.033099,0.449413,-0.034406,-0.076922,-0.043548,0.175210,-0.980555,131.653290,0.000343
49967,0.033055,0.449424,-0.034423,-0.076793,-0.043630,0.174955,-0.980607,131.406097,0.000000
49970,0.033011,0.449438,-0.034442,-0.076597,-0.043629,0.174645,-0.980678,131.192207,0.000343
49974,0.032953,0.449449,-0.034458,-0.076542,-0.043575,0.174374,-0.980733,130.979004,0.000000
49977,0.032918,0.449456,-0.034475,-0.076363,-0.043613,0.174089,-0.980796,130.746918,0.000343
49981,0.032872,0.449472,-0.034497,-0.076344,-0.043546,0.173822,-0.980847,130.519295,0.000343
49985,0.032818,0.449482,-0.034515,-0.076112,-0.043583,0.173519,-0.980917,130.253906,0.000343
49988,0.032780,0.449491,-0.034529,-0.075955,-0.043609,0.173243,-0.980977,130.031433,0.000343
49991,0.032741,0.449504,-0.034550,-0.075921,-0.043562,0.172936,-0.981036,129.771881,0.000343
49995,0.032692,0.449513,-0.034563,-0.075838,-0.043558,0.172707,-0.981083,129.554558,0.000343
49999,0.032648,0.449526,-0.034582,-0.075602,-0.043627,0.172409,-0.981150,129.315605,0.000343
50002,0.032611,0.449533,-0.034597,-0.075504,-0.043616,0.172147,-0.981204,129.055367,0.000343
50006,0.032557,0.449534,-0.034611,-0.075411,-0.043529,0.171801,-0.981276,128.844566,0.000343
50009,0.032526,0.449547,-0.034626,-0.075392,-0.043491,0.171585,-0.981317,128.588448,0.000343
50013,0.032483,0.449558,-0.034638,-0.075179,-0.043545,0.171312,-0.981379,128.392754,0.000000
50016,0.032452,0.449562,-0.034650,-0.075206,-0.043484,0.171062,-0.981423,128.169250,0.000343
50020,0.032405,0.449571,-0.034666,-0.074970,-0.043515,0.170833,-0.981480,127.919655,0.000343
50023,0.032374,0.449581,-0.034678,-0.074990,-0.043517,0.170648,-0.981510,127.706108,0.000000
50027,0.032320,0.449586,-0.034698,-0.074790,-0.043475,0.170317,-0.981585,127.471619,0.000687
50031,0.032270,0.449596,-0.034715,-0.074645,-0.043528,0.169965,-0.981654,127.196274,0.000000
50034,0.032234,0.449608,-0.034729,-0.074529,-0.043529,0.169828,-0.981687,126.972427,0.000000
50038,0.032181,0.449621,-0.034752,-0.074491,-0.043395,0.169453,-0.981761,126.742744,0.000000
50041,0.032146,0.449627,-0.034765,-0.074484,-0.043335,0.169276,-0.981794,126.483879,0.000000
50045,0.032096,0.449641,-0.034787,-0.074071,-0.043458,0.168892,-0.981886,126.280632,0.000343
50048,0.032058,0.449647,-0.034803,-0.074018,-0.043364,0.168681,-0.981930,126.053009,0.000343
50052,0.032012,0.449660,-0.034824,-0.073999,-0.043320,0.168345,-0.981992,125.818863,0.000343
50056,0.031959,0.449670,-0.034844,-0.073706,-0.043387,0.167999,-0.982070,125.573730,0.000687
50059,0.031921,0.449677,-0.034858,-0.073615,-0.043350,0.167767,-0.982118,125.343704,0.000343
50063,0.031872,0.449693,-0.034878,-0.073620,-0.043349,0.167505,-0.982162,125.114708,0.000343
50066,0.031830,0.449700,-0.034896,-0.073496,-0.043365,0.167174,-0.982228,124.877129,0.000343
50070,0.031778,0.449711,-0.034916,-0.073356,-0.043283,0.166895,-0.982289,124.608650,0.000343
50073,0.031742,0.449724,-0.034931,-0.073360,-0.043323,0.166688,-0.982322,124.392357,0.000343
50077,0.031694,0.449737,-0.034947,-0.073092,-0.043408,0.166391,-0.982389,124.161987,0.000000
50080,0.031659,0.449741,-0.034961,-0.073014,-0.043377,0.166143,-0.982438,123.936081,0.000343
50084,0.031612,0.449754,-0.034980,-0.073075,-0.043272,0.165924,-0.982475,123.712578,0.000000
50087,0.031580,0.449763,-0.034995,-0.072952,-0.043320,0.165663,-0.982526,123.480492,0.000343
50091,0.031539,0.449774,-0.035012,-0.072838,-0.043307,0.165379,-0.982583,123.222656,0.000000
50094,0.031494,0.449773,-0.035024,-0.072631,-0.043370,0.165093,-0.982643,123.009796,0.000343
50098,0.031453,0.449789,-0.035041,-0.072630,-0.043304,0.164854,-0.982686,122.776680,0.000343
50102,0.031409,0.449793,-0.035057,-0.072434,-0.043302,0.164616,-0.982741,122.543907,0.000343
50105,0.031377,0.449800,-0.035069,-0.072392,-0.043252,0.164357,-0.982790,122.280922,0.000343
50109,0.031347,0.449814,-0.035084,-0.072259,-0.043364,0.164220,-0.982818,122.063942,0.000343
50112,0.031314,0.449821,-0.035096,-0.072086,-0.043375,0.163932,-0.982878,121.807823,0.000343
50116,0.031264,0.449823,-0.035112,-0.072012,-0.043296,0.163667,-0.982931,121.596336,0.000343
50119,0.031230,0.449829,-0.035126,-0.071851,-0.043332,0.163382,-0.982988,121.365967,0.000000
50123,0.031189,0.449847,-0.035143,-0.071749,-0.043376,0.163158,-0.983031,121.116028,0.000343
50126,0.031150,0.449854,-0.035157,-0.071593,-0.043347,0.162778,-0.983107,120.898705,0.000343
50130,0.031097,0.449856,-0.035179,-0.071497,-0.043311,0.162589,-0.983147,120.642586,0.000343
50134,0.031054,0.449872,-0.035199,-0.071393,-0.043289,0.162341,-0.983196,120.436592,0.000000
50137,0.031019,0.449878,-0.035213,-0.071330,-0.043282,0.162156,-0.983232,120.205879,0.000343
50141,0.030966,0.449885,-0.035229,-0.071066,-0.043350,0.161752,-0.983314,119.961433,0.000343
50144,0.030931,0.449893,-0.035245,-0.070951,-0.043370,0.161546,-0.983355,119.744110,0.000000
50148,0.030875,0.449901,-0.035264,-0.070911,-0.043296,0.161151,-0.983427,119.461899,0.000343
50151,0.030833,0.449913,-0.035277,-0.070879,-0.043258,0.160958,-0.983462,119.249039,0.000000
50155,0.030774,0.449923,-0.035298,-0.070564,-0.043323,0.160513,-0.983554,119.007683,0.000343
50158,0.030729,0.449929,-0.035312,-0.070539,-0.043296,0.160288,-0.983594,118.751221,0.000343
50162,0.030672,0.449944,-0.035337,-0.070451,-0.043240,0.159939,-0.983660,118.546944,0.000343
50165,0.030635,0.449950,-0.035350,-0.070321,-0.043323,0.159775,-0.983692,118.331337,0.000343
50169,0.030568,0.449968,-0.035376,-0.070131,-0.043042,0.159481,-0.983766,118.112297,0.000343
50172,0.030538,0.449964,-0.035391,-0.069978,-0.043325,0.159172,-0.983814,117.860985,0.000000
50176,0.030491,0.449983,-0.035409,-0.069843,-0.043395,0.158835,-0.983875,117.635765,0.000343
50180,0.030412,0.450000,-0.035438,-0.069660,-0.043061,0.158530,-0.983952,117.385826,0.000343
50183,0.030385,0.450003,-0.035450,-0.069570,-0.043319,0.158208,-0.983999,117.121124,0.000000
50187,0.030339,0.450013,-0.035469,-0.069386,-0.043428,0.157910,-0.984055,116.886978,0.000343
50190,0.030284,0.450024,-0.035488,-0.069253,-0.043056,0.157767,-0.984104,116.676865,0.000343
50194,0.030238,0.450041,-0.035509,-0.069262,-0.042979,0.157486,-0.984151,116.422806,0.000343
50197,0.030221,0.450038,-0.035516,-0.069141,-0.043357,0.157182,-0.984192,116.225395,0.000343
50201,0.030175,0.450046,-0.035535,-0.068873,-0.043417,0.156855,-0.984260,115.970650,0.000343
50205,0.030128,0.450058,-0.035553,-0.068941,-0.043333,0.156551,-0.984307,115.761909,0.000343
50208,0.030089,0.450063,-0.035568,-0.068771,-0.043419,0.156283,-0.984358,115.532913,0.000343
50212,0.030036,0.450071,-0.035587,-0.068573,-0.043408,0.155962,-0.984423,115.271988,0.000343
50215,0.029989,0.450074,-0.035605,-0.068463,-0.043365,0.155609,-0.984489,115.062561,0.000343
50219,0.029946,0.450091,-0.035624,-0.068362,-0.043395,0.155334,-0.984538,114.822578,0.000343
50223,0.029890,0.450098,-0.035644,-0.068311,-0.043312,0.154996,-0.984598,114.558907,0.000343
50226,0.029851,0.450104,-0.035662,-0.068157,-0.043290,0.154645,-0.984665,114.351196,0.000000
50229,0.029814,0.450111,-0.035676,-0.067932,-0.043325,0.154351,-0.984725,114.117050,0.000343
50233,0.029770,0.450122,-0.035695,-0.067873,-0.043385,0.154142,-0.984759,113.869514,0.000343
50236,0.029716,0.450135,-0.035710,-0.067619,-0.043295,0.153914,-0.984817,113.640518,0.000343
50240,0.029662,0.450144,-0.035730,-0.067517,-0.043249,0.153612,-0.984873,113.409805,0.000000
50243,0.029633,0.450144,-0.035747,-0.067439,-0.043363,0.153220,-0.984934,113.161583,0.000343
50247,0.029583,0.450158,-0.035770,-0.067441,-0.043265,0.153037,-0.984967,112.961769,0.000343
50251,0.029548,0.450167,-0.035782,-0.067316,-0.043317,0.152803,-0.985009,112.743073,0.000343
50254,0.029514,0.450174,-0.035798,-0.067175,-0.043338,0.152510,-0.985064,112.494507,0.000000
50258,0.029460,0.450177,-0.035819,-0.067039,-0.043225,0.152199,-0.985126,112.273064,0.000343
50262,0.029418,0.450187,-0.035833,-0.066848,-0.043351,0.151878,-0.985183,111.979866,0.000000
50265,0.029386,0.450200,-0.035848,-0.066789,-0.043385,0.151742,-0.985206,111.744690,0.000343
50269,0.029323,0.450205,-0.035869,-0.066649,-0.043335,0.151319,-0.985283,111.479645,0.000000
50272,0.029287,0.450211,-0.035883,-0.066495,-0.043369,0.151110,-0.985324,111.288071,0.000000
50275,0.029251,0.450217,-0.035900,-0.066347,-0.043458,0.150904,-0.985362,111.045341,0.000000
50279,0.029211,0.450230,-0.035916,-0.066266,-0.043400,0.150673,-0.985405,110.854454,0.000000
50283,0.029167,0.450240,-0.035938,-0.066114,-0.043475,0.150393,-0.985455,110.620308,0.000000
50286,0.029131,0.450241,-0.035953,-0.065944,-0.043513,0.150187,-0.985496,110.412941,0.000000
50289,0.029096,0.450251,-0.035964,-0.065794,-0.043603,0.149933,-0.985541,110.157852,0.000000
50293,0.029016,0.450270,-0.035999,-0.065990,-0.042861,0.149786,-0.985582,109.940186,0.000343
50297,0.028976,0.450275,-0.036006,-0.065554,-0.043370,0.149348,-0.985656,109.677544,0.000000
50300,0.028946,0.450278,-0.036023,-0.065482,-0.043546,0.149015,-0.985703,109.422798,0.000343
50304,0.028889,0.450289,-0.036043,-0.065408,-0.043487,0.148592,-0.985774,109.176636,0.000000
50307,0.028855,0.450297,-0.036056,-0.065317,-0.043449,0.148369,-0.985816,108.920517,0.000000
50311,0.028807,0.450308,-0.036077,-0.065139,-0.043511,0.148076,-0.985869,108.739243,0.000000
50315,0.028758,0.450314,-0.036089,-0.064898,-0.043539,0.147808,-0.985924,108.527069,0.000343
50318,0.028735,0.450324,-0.036101,-0.064849,-0.043544,0.147653,-0.985950,108.275757,0.000000
50322,0.028685,0.450327,-0.036126,-0.064760,-0.043468,0.147254,-0.986019,108.075600,0.000000
50325,0.028646,0.450333,-0.036140,-0.064618,-0.043427,0.147021,-0.986065,107.807121,0.000343
50329,0.028596,0.450344,-0.036162,-0.064422,-0.043517,0.146653,-0.986128,107.579498,0.000000
50332,0.028554,0.450351,-0.036178,-0.064328,-0.043540,0.146461,-0.986162,107.344666,0.000000
50336,0.028496,0.450353,-0.036200,-0.064132,-0.043496,0.146075,-0.986234,107.080307,0.000000
50340,0.028450,0.450364,-0.036219,-0.063940,-0.043616,0.145823,-0.986278,106.863670,0.000000
50343,0.028400,0.450378,-0.036239,-0.063838,-0.043396,0.145578,-0.986331,106.610298,0.000000
50347,0.028358,0.450383,-0.036258,-0.063851,-0.043543,0.145205,-0.986379,106.396751,0.000000
50350,0.028306,0.450391,-0.036278,-0.063643,-0.043370,0.144944,-0.986438,106.172905,0.000000
50354,0.028253,0.450401,-0.036296,-0.063540,-0.043401,0.144664,-0.986484,105.950775,0.000000
50357,0.028211,0.450409,-0.036311,-0.063506,-0.043369,0.144375,-0.986530,105.697060,0.000000
50361,0.028164,0.450419,-0.036329,-0.063330,-0.043443,0.144137,-0.986573,105.484200,0.000000
50364,0.028124,0.450428,-0.036343,-0.063140,-0.043514,0.143832,-0.986627,105.254173,0.000000
50368,0.028071,0.450439,-0.036366,-0.063151,-0.043352,0.143620,-0.986664,105.020370,0.000000
50372,0.028023,0.450448,-0.036383,-0.063020,-0.043438,0.143309,-0.986714,104.758759,0.000000
50375,0.027984,0.450455,-0.036399,-0.062874,-0.043429,0.143048,-0.986761,104.521866,0.000343
50379,0.027925,0.450464,-0.036421,-0.062779,-0.043291,0.142662,-0.986829,104.313812,0.000000
50382,0.027892,0.450473,-0.036436,-0.062717,-0.043287,0.142416,-0.986869,104.070396,0.000000
50386,0.027838,0.450486,-0.036455,-0.062457,-0.043344,0.142116,-0.986926,103.821487,0.000000
50389,0.027821,0.450487,-0.036463,-0.062213,-0.043807,0.141718,-0.986978,103.612404,0.000000
50393,0.027750,0.450501,-0.036489,-0.062184,-0.043382,0.141595,-0.987017,103.380318,0.000000
50396,0.027723,0.450502,-0.036503,-0.061992,-0.043736,0.141184,-0.987072,103.131752,0.000000
50400,0.027667,0.450506,-0.036525,-0.061881,-0.043589,0.140877,-0.987129,102.924042,0.000000
50403,0.027632,0.450510,-0.036539,-0.061794,-0.043564,0.140634,-0.987171,102.686806,0.000000
50407,0.027593,0.450523,-0.036559,-0.061688,-0.043663,0.140412,-0.987204,102.433090,0.000000
50411,0.027538,0.450529,-0.036581,-0.061547,-0.043579,0.140068,-0.987266,102.210960,0.000000
50414,0.027501,0.450533,-0.036593,-0.061430,-0.043582,0.139877,-0.987300,101.963081,0.000000
50418,0.027455,0.450547,-0.036612,-0.061289,-0.043633,0.139585,-0.987348,101.742668,0.000000
50421,0.027418,0.450552,-0.036625,-0.061245,-0.043597,0.139397,-0.987379,101.518135,0.000000
50425,0.027365,0.450560,-0.036650,-0.061033,-0.043619,0.139007,-0.987446,101.289139,0.000343
50428,0.027321,0.450561,-0.036673,-0.061082,-0.043359,0.138719,-0.987495,101.058769,0.000000
50432,0.027268,0.450568,-0.036695,-0.061062,-0.043277,0.138362,-0.987550,100.789604,0.000000
50435,0.027224,0.450576,-0.036710,-0.060881,-0.043287,0.138108,-0.987596,100.578461,0.000000
50439,0.027168,0.450580,-0.036731,-0.060627,-0.043356,0.137634,-0.987675,100.345688,0.000000
50442,0.027132,0.450589,-0.036747,-0.060600,-0.043339,0.137457,-0.987702,100.104675,0.000000
50446,0.027070,0.450595,-0.036771,-0.060487,-0.043250,0.137098,-0.987763,99.877739,0.000000
50449,0.027051,0.450594,-0.036772,-0.060204,-0.043714,0.136827,-0.987797,99.651489,0.000000
50453,0.026989,0.450616,-0.036801,-0.060185,-0.043327,0.136576,-0.987850,99.417343,0.000000
50457,0.026935,0.450619,-0.036820,-0.059998,-0.043317,0.136196,-0.987914,99.167061,0.000000
50460,0.026926,0.450623,-0.036823,-0.059696,-0.043874,0.135948,-0.987942,98.958321,0.000000
50464,0.026854,0.450639,-0.036855,-0.059817,-0.043322,0.135729,-0.987989,98.717651,0.000000
50467,0.026815,0.450641,-0.036869,-0.059798,-0.043267,0.135520,-0.988022,98.474922,0.000000
50471,0.026789,0.450646,-0.036873,-0.059272,-0.043953,0.134999,-0.988094,98.242149,0.000000
50475,0.026738,0.450657,-0.036892,-0.059274,-0.043880,0.134743,-0.988132,97.990150,0.000000
50478,0.026698,0.450662,-0.036906,-0.059195,-0.043896,0.134414,-0.988181,97.791367,0.000000
50481,0.026630,0.450672,-0.036933,-0.059247,-0.043313,0.134331,-0.988215,97.567863,0.000000
50485,0.026603,0.450672,-0.036940,-0.058810,-0.044035,0.133782,-0.988284,97.316895,0.000000
50489,0.026538,0.450682,-0.036966,-0.058942,-0.043663,0.133539,-0.988325,97.105064,0.000000
50492,0.026506,0.450686,-0.036976,-0.058702,-0.043983,0.133190,-0.988372,96.858215,0.000000
50496,0.026442,0.450693,-0.036995,-0.058387,-0.044087,0.132908,-0.988424,96.585960,0.000000
50499,0.026401,0.450701,-0.037015,-0.058409,-0.044020,0.132528,-0.988477,96.371727,0.000000
50503,0.026332,0.450709,-0.037041,-0.058250,-0.044106,0.132171,-0.988530,96.147537,0.000000
50506,0.026289,0.450719,-0.037052,-0.057977,-0.044272,0.131835,-0.988584,95.921631,0.000000
50510,0.026233,0.450726,-0.037071,-0.057785,-0.044267,0.131542,-0.988635,95.674782,0.000000
50514,0.026162,0.450730,-0.037110,-0.058006,-0.043684,0.131266,-0.988684,95.480804,0.000000
50517,0.026139,0.450739,-0.037114,-0.057730,-0.044020,0.131044,-0.988715,95.218163,0.000000
50521,0.026063,0.450734,-0.037152,-0.057776,-0.043495,0.130715,-0.988779,95.000839,0.000000
50524,0.026018,0.450744,-0.037168,-0.057606,-0.043504,0.130454,-0.988823,94.756050,0.000000
50528,0.025986,0.450760,-0.037175,-0.057296,-0.043889,0.130124,-0.988867,94.499931,0.000000
50531,0.025931,0.450763,-0.037204,-0.057383,-0.043459,0.129883,-0.988913,94.273338,0.000000
50535,0.025890,0.450768,-0.037210,-0.056992,-0.043845,0.129519,-0.988966,94.056358,0.000000
50538,0.025854,0.450777,-0.037223,-0.056817,-0.043865,0.129319,-0.989002,93.827362,0.000000
50542,0.025802,0.450786,-0.037248,-0.056790,-0.043785,0.129079,-0.989038,93.584633,0.000000
50545,0.025765,0.450792,-0.037262,-0.056674,-0.043753,0.128828,-0.989079,93.378983,0.000000
50549,0.025718,0.450799,-0.037277,-0.056365,-0.043909,0.128485,-0.989134,93.119087,0.000000
50552,0.025677,0.450798,-0.037297,-0.056283,-0.043856,0.128232,-0.989174,92.910347,0.000000
50556,0.025620,0.450812,-0.037319,-0.056284,-0.043708,0.127909,-0.989223,92.646332,0.000000
50560,0.025587,0.450815,-0.037328,-0.055929,-0.044195,0.127421,-0.989284,92.407379,0.000000
50560,0.025587,0.450815,-0.037328,-0.055929,-0.044195,0.127421,-0.989284,92.191772,-0.000343
50560,0.025587,0.450815,-0.037328,-0.055929,-0.044195,0.127421,-0.989284,91.932907,0.000000
50560,0.025587,0.450815,-0.037328,-0.055929,-0.044195,0.127421,-0.989284,91.733437,0.000000
50560,0.025587,0.450815,-0.037328,-0.055929,-0.044195,0.127421,-0.989284,91.488647,0.000000
50560,0.025587,0.450815,-0.037328,-0.055929,-0.044195,0.127421,-0.989284,91.273384,0.000000
50560,0.025587,0.450815,-0.037328,-0.055929,-0.044195,0.127421,-0.989284,91.031685,0.000000
50560,0.025587,0.450815,-0.037328,-0.055929,-0.044195,0.127421,-0.989284,90.776596,0.000000
50560,0.025587,0.450815,-0.037328,-0.055929,-0.044195,0.127421,-0.989284,90.577469,0.000000
50560,0.025587,0.450815,-0.037328,-0.055929,-0.044195,0.127421,-0.989284,90.328560,0.000000
50560,0.025587,0.450815,-0.037328,-0.055929,-0.044195,0.127421,-0.989284,90.102310,-0.000343
50560,0.025587,0.450815,-0.037328,-0.055929,-0.044195,0.127421,-0.989284,89.890823,0.000000
50560,0.025587,0.450815,-0.037328,-0.055929,-0.044195,0.127421,-0.989284,89.643631,0.000000
50560,0.025587,0.450815,-0.037328,-0.055929,-0.044195,0.127421,-0.989284,89.366226,0.000000
50560,0.025587,0.450815,-0.037328,-0.055929,-0.044195,0.127421,-0.989284,89.127617,0.000000
50560,0.025587,0.450815,-0.037328,-0.055929,-0.044195,0.127421,-0.989284,88.909264,0.000000
50560,0.025587,0.450815,-0.037328,-0.055929,-0.044195,0.127421,-0.989284,88.701897,-0.000343
50560,0.025587,0.450815,-0.037328,-0.055929,-0.044195,0.127421,-0.989284,88.485947,0.000000
50560,0.025587,0.450815,-0.037328,-0.055929,-0.044195,0.127421,-0.989284,88.261070,-0.000343
50560,0.025587,0.450815,-0.037328,-0.055929,-0.044195,0.127421,-0.989284,88.022118,0.000000
50560,0.025587,0.450815,-0.037328,-0.055929,-0.044195,0.127421,-0.989284,87.812004,-0.000343
50560,0.025587,0.450815,-0.037328,-0.055929,-0.044195,0.127421,-0.989284,87.575455,0.000000
50560,0.025587,0.450815,-0.037328,-0.055929,-0.044195,0.127421,-0.989284,87.306290,-0.000343
50560,0.025587,0.450815,-0.037328,-0.055929,-0.044195,0.127421,-0.989284,87.073517,0.000000
50560,0.025587,0.450815,-0.037328,-0.055929,-0.044195,0.127421,-0.989284,86.830444,-0.000343
50560,0.025587,0.450815,-0.037328,-0.055929,-0.044195,0.127421,-0.989284,86.572609,-0.000343
50560,0.025587,0.450815,-0.037328,-0.055929,-0.044195,0.127421,-0.989284,86.367645,0.000000
50560,0.025587,0.450815,-0.037328,-0.055929,-0.044195,0.127421,-0.989284,86.134872,0.000000
50560,0.025587,0.450815,-0.037328,-0.055929,-0.044195,0.127421,-0.989284,85.925789,-0.000343
50560,0.025587,0.450815,-0.037328,-0.055929,-0.044195,0.127421,-0.989284,85.719795,-0.000343
50666,0.024214,0.450978,-0.037884,-0.052364,-0.043888,0.118771,-0.990568,85.457840,-0.000343
50670,0.024167,0.450987,-0.037900,-0.052177,-0.043950,0.118446,-0.990614,85.236053,-0.000343
50673,0.024125,0.450994,-0.037914,-0.052019,-0.043957,0.118165,-0.990656,84.987144,-0.000343
50677,0.024064,0.450999,-0.037941,-0.051870,-0.043912,0.117823,-0.990706,84.745445,-0.000343
50680,0.024030,0.451000,-0.037947,-0.051580,-0.044230,0.117546,-0.990740,84.510612,0.000000
50684,0.023983,0.451010,-0.037970,-0.051451,-0.044310,0.117189,-0.990786,84.258614,0.000000
50687,0.023944,0.451012,-0.037984,-0.051284,-0.044385,0.116978,-0.990816,84.058800,0.000000
50691,0.023895,0.451019,-0.038004,-0.051205,-0.044411,0.116678,-0.990854,83.834267,0.000000
50694,0.023852,0.451021,-0.038017,-0.051004,-0.044497,0.116418,-0.990891,83.605957,-0.000343
50698,0.023794,0.451025,-0.038043,-0.051152,-0.044308,0.116072,-0.990933,83.357735,0.000000
50702,0.023728,0.451027,-0.038074,-0.051084,-0.043968,0.115742,-0.990990,83.132172,0.000000
50705,0.023692,0.451034,-0.038090,-0.051012,-0.043956,0.115564,-0.991015,82.914848,0.000000
50709,0.023637,0.451039,-0.038114,-0.050926,-0.043856,0.115134,-0.991074,82.675552,-0.000343
50712,0.023598,0.451042,-0.038128,-0.050847,-0.043858,0.114969,-0.991097,82.448616,-0.000343
50716,0.023546,0.451047,-0.038150,-0.050519,-0.043969,0.114594,-0.991152,82.182198,0.000000
50719,0.023505,0.451049,-0.038163,-0.050480,-0.043878,0.114388,-0.991182,81.943245,0.000000
50723,0.023463,0.451057,-0.038184,-0.050429,-0.043832,0.114031,-0.991228,81.745148,-0.000343
50726,0.023431,0.451059,-0.038198,-0.050299,-0.043825,0.113890,-0.991251,81.513405,0.000000
50730,0.023376,0.451062,-0.038219,-0.050120,-0.043764,0.113508,-0.991306,81.263466,-0.000343
50734,0.023332,0.451073,-0.038241,-0.049986,-0.043736,0.113187,-0.991351,81.056786,-0.000343
50737,0.023322,0.451076,-0.038233,-0.049617,-0.044412,0.112840,-0.991379,80.818520,0.000000
50741,0.023264,0.451079,-0.038257,-0.049446,-0.044336,0.112486,-0.991431,80.594673,0.000000
50744,0.023227,0.451081,-0.038272,-0.049314,-0.044348,0.112270,-0.991462,80.363617,0.000000
50748,0.023189,0.451089,-0.038284,-0.049186,-0.044461,0.112053,-0.991488,80.114708,0.000000
50751,0.023150,0.451095,-0.038304,-0.049026,-0.044444,0.111750,-0.991531,79.890518,0.000000
50755,0.023098,0.451096,-0.038323,-0.048941,-0.044375,0.111438,-0.991573,79.654655,-0.000343
50758,0.023066,0.451101,-0.038334,-0.048801,-0.044457,0.111216,-0.991601,79.411926,-0.000343
50762,0.023013,0.451105,-0.038362,-0.048738,-0.044336,0.110928,-0.991642,79.188423,-0.000343
50765,0.022977,0.451108,-0.038373,-0.048636,-0.044341,0.110689,-0.991674,78.940887,-0.000343
50769,0.022937,0.451117,-0.038393,-0.048508,-0.044410,0.110455,-0.991703,78.741074,-0.000343
50773,0.022884,0.451119,-0.038409,-0.048283,-0.044435,0.110165,-0.991745,78.507957,-0.000343
50776,0.022843,0.451121,-0.038424,-0.048196,-0.044419,0.109906,-0.991779,78.265915,0.000000
50780,0.022798,0.451132,-0.038447,-0.048056,-0.044478,0.109611,-0.991815,78.001213,-0.000343
50783,0.022754,0.451135,-0.038463,-0.047897,-0.044488,0.109327,-0.991854,77.793159,-0.000343
50787,0.022700,0.451140,-0.038475,-0.047771,-0.044495,0.109062,-0.991889,77.542877,-0.000343
50791,0.022639,0.451150,-0.038502,-0.047582,-0.044359,0.108746,-0.991939,77.316284,0.000000
50794,0.022591,0.451146,-0.038525,-0.047608,-0.044162,0.108502,-0.991973,77.109947,-0.000343
50797,0.022548,0.451153,-0.038540,-0.047487,-0.044182,0.108198,-0.992011,76.857262,0.000000
50801,0.022494,0.451162,-0.038562,-0.047410,-0.044220,0.107953,-0.992040,76.650238,0.000000
50805,0.022430,0.451164,-0.038587,-0.047181,-0.044215,0.107523,-0.992098,76.420898,-0.000343
50808,0.022388,0.451168,-0.038606,-0.047140,-0.044163,0.107290,-0.992127,76.189842,0.000000
50812,0.022355,0.451173,-0.038617,-0.046953,-0.044526,0.106878,-0.992164,75.928230,-0.000343
50815,0.022317,0.451179,-0.038634,-0.046780,-0.044597,0.106663,-0.992193,75.711250,-0.000343
50819,0.022254,0.451176,-0.038659,-0.046587,-0.044546,0.106185,-0.992255,75.475731,-0.000343
50822,0.022217,0.451180,-0.038673,-0.046651,-0.044489,0.105989,-0.992276,75.248108,0.000000
50826,0.022166,0.451185,-0.038695,-0.046302,-0.044556,0.105590,-0.992331,75.007439,0.000000
50829,0.022128,0.451185,-0.038710,-0.046254,-0.044534,0.105372,-0.992358,74.799042,0.000000
50833,0.022087,0.451193,-0.038729,-0.046186,-0.044533,0.105037,-0.992397,74.564896,-0.000343
50836,0.022050,0.451197,-0.038744,-0.046067,-0.044514,0.104762,-0.992432,74.335899,0.000000
50840,0.021989,0.451195,-0.038765,-0.045869,-0.044521,0.104389,-0.992480,74.069138,0.000000
50844,0.021941,0.451202,-0.038785,-0.045729,-0.044563,0.103976,-0.992528,73.853531,-0.000343
50847,0.021903,0.451209,-0.038798,-0.045655,-0.044625,0.103751,-0.992552,73.603935,-0.000343
50851,0.021840,0.451203,-0.038824,-0.045496,-0.044506,0.103352,-0.992607,73.401375,-0.000343
50854,0.021809,0.451209,-0.038837,-0.045409,-0.044521,0.103171,-0.992629,73.174782,-0.000343
50858,0.021767,0.451217,-0.038857,-0.045227,-0.044623,0.102883,-0.992662,72.955399,-0.000343
50861,0.021730,0.451220,-0.038871,-0.045079,-0.044601,0.102670,-0.992692,72.711983,0.000000
50865,0.021663,0.451213,-0.038903,-0.044963,-0.044355,0.102315,-0.992745,72.449684,-0.000343
50868,0.021620,0.451218,-0.038922,-0.044832,-0.044298,0.102119,-0.992774,72.239227,-0.000343
50872,0.021569,0.451222,-0.038941,-0.044738,-0.044320,0.101752,-0.992815,71.991348,0.000000
50875,0.021525,0.451224,-0.038960,-0.044702,-0.044165,0.101537,-0.992845,71.741753,-0.000343
50879,0.021493,0.451230,-0.038965,-0.044307,-0.044661,0.101142,-0.992881,71.549835,-0.000343
50883,0.021443,0.451233,-0.038986,-0.044365,-0.044556,0.100959,-0.992902,71.324615,-0.000343
50886,0.021404,0.451236,-0.039002,-0.044206,-0.044565,0.100676,-0.992937,71.103172,0.000000
50890,0.021360,0.451241,-0.039013,-0.043889,-0.044757,0.100377,-0.992973,70.871429,-0.000343
50893,0.021325,0.451249,-0.039028,-0.043888,-0.044738,0.100188,-0.992993,70.630074,0.000000
50897,0.021262,0.451245,-0.039057,-0.043913,-0.044500,0.099777,-0.993044,70.390778,0.000000
50900,0.021225,0.451250,-0.039070,-0.043699,-0.044627,0.099466,-0.993079,70.151138,0.000000
50904,0.021171,0.451259,-0.039091,-0.043594,-0.044547,0.099190,-0.993114,69.896736,0.000000
50908,0.021116,0.451263,-0.039109,-0.043457,-0.044604,0.098856,-0.993151,69.674263,-0.000343
50911,0.021072,0.451261,-0.039126,-0.043268,-0.044647,0.098606,-0.993182,69.463463,-0.000343
50915,0.021023,0.451266,-0.039146,-0.043214,-0.044582,0.098306,-0.993217,69.240303,0.000000
50918,0.020989,0.451275,-0.039157,-0.043103,-0.044611,0.098039,-0.993247,69.019890,-0.000343
50922,0.020939,0.451272,-0.039179,-0.042897,-0.044666,0.097747,-0.993283,68.755188,0.000000
50925,0.020899,0.451276,-0.039195,-0.042757,-0.044684,0.097500,-0.993312,68.509026,0.000000
50929,0.020845,0.451276,-0.039213,-0.042838,-0.044566,0.097217,-0.993342,68.297882,0.000000
50933,0.020792,0.451280,-0.039232,-0.042498,-0.044695,0.096823,-0.993389,68.071976,-0.000343
50936,0.020758,0.451283,-0.039244,-0.042416,-0.044716,0.096669,-0.993407,67.846756,-0.000343
50940,0.020715,0.451287,-0.039264,-0.042386,-0.044606,0.096354,-0.993443,67.625999,-0.000343
50943,0.020680,0.451288,-0.039278,-0.042305,-0.044628,0.096195,-0.993461,67.406273,0.000000
50947,0.020632,0.451291,-0.039298,-0.042044,-0.044713,0.095818,-0.993505,67.176590,0.000000
50950,0.020595,0.451290,-0.039311,-0.041991,-0.044657,0.095638,-0.993527,66.930084,0.000000
50954,0.020545,0.451298,-0.039329,-0.041769,-0.044780,0.095260,-0.993567,66.662979,0.000000
50957,0.020505,0.451297,-0.039348,-0.041750,-0.044738,0.095131,-0.993582,66.439476,-0.000343
50961,0.020445,0.451298,-0.039369,-0.041500,-0.044742,0.094676,-0.993636,66.224213,0.000000
50964,0.020403,0.451299,-0.039384,-0.041386,-0.044738,0.094435,-0.993664,65.977364,-0.000343
50968,0.020357,0.451307,-0.039410,-0.041213,-0.044765,0.094065,-0.993705,65.747337,-0.000343
50971,0.020315,0.451308,-0.039425,-0.041059,-0.044777,0.093820,-0.993734,65.553360,-0.000343
50975,0.020258,0.451310,-0.039450,-0.040905,-0.044732,0.093385,-0.993783,65.309601,-0.000343
50978,0.020224,0.451318,-0.039464,-0.040946,-0.044677,0.093167,-0.993805,65.105324,0.000000
50982,0.020166,0.451322,-0.039484,-0.040768,-0.044660,0.092722,-0.993854,64.878731,0.000000
50986,0.020114,0.451323,-0.039503,-0.040555,-0.044717,0.092346,-0.993895,64.633942,-0.000343
50989,0.020071,0.451328,-0.039519,-0.040528,-0.044643,0.092095,-0.993923,64.393959,0.000000
50993,0.020020,0.451333,-0.039538,-0.040371,-0.044671,0.091754,-0.993960,64.153976,0.000000
50996,0.019980,0.451332,-0.039554,-0.040289,-0.044608,0.091493,-0.993990,63.915367,-0.000343
51000,0.019929,0.451336,-0.039574,-0.039955,-0.044810,0.091151,-0.994026,63.679161,-0.000343
51003,0.019895,0.451339,-0.039588,-0.039970,-0.044763,0.090982,-0.994043,63.468704,0.000000
51007,0.019844,0.451341,-0.039609,-0.039835,-0.044741,0.090645,-0.994080,63.265800,0.000000
51011,0.019793,0.451343,-0.039629,-0.039567,-0.044803,0.090356,-0.994114,63.028908,-0.000343
51014,0.019755,0.451346,-0.039644,-0.039488,-0.044791,0.090133,-0.994138,62.819138,0.000000
51017,0.019716,0.451345,-0.039661,-0.039552,-0.044704,0.089905,-0.994160,62.578125,0.000000
51021,0.019667,0.451353,-0.039679,-0.039317,-0.044831,0.089640,-0.994188,62.325783,-0.000343
51025,0.019621,0.451356,-0.039699,-0.039348,-0.044684,0.089461,-0.994209,62.119789,0.000000
51028,0.019582,0.451357,-0.039714,-0.039193,-0.044762,0.089176,-0.994237,61.890450,-0.000343
51032,0.019537,0.451361,-0.039733,-0.039030,-0.044807,0.088899,-0.994267,61.677246,0.000000
51035,0.019503,0.451364,-0.039743,-0.038735,-0.044954,0.088684,-0.994291,61.456146,-0.000343
51039,0.019454,0.451366,-0.039762,-0.038831,-0.044814,0.088420,-0.994317,61.238823,0.000000
51042,0.019418,0.451368,-0.039779,-0.038700,-0.044815,0.088130,-0.994348,60.990601,0.000000
51046,0.019371,0.451368,-0.039795,-0.038475,-0.044878,0.087871,-0.994376,60.777740,0.000000
51049,0.019333,0.451372,-0.039808,-0.038339,-0.044857,0.087604,-0.994406,60.556641,-0.000343
51053,0.019293,0.451377,-0.039823,-0.038296,-0.044868,0.087316,-0.994433,60.305328,0.000000
51057,0.019239,0.451379,-0.039843,-0.038025,-0.044887,0.087002,-0.994470,60.096931,0.000000
51060,0.019203,0.451382,-0.039855,-0.037912,-0.044903,0.086743,-0.994496,59.876862,0.000000
51064,0.019164,0.451389,-0.039871,-0.037857,-0.044894,0.086392,-0.994529,59.652328,0.000000
51067,0.019129,0.451391,-0.039884,-0.037716,-0.044921,0.086143,-0.994555,59.423676,-0.000343
51071,0.019073,0.451384,-0.039908,-0.037629,-0.044797,0.085838,-0.994590,59.183006,-0.000343
51074,0.019042,0.451387,-0.039919,-0.037514,-0.044845,0.085659,-0.994608,58.981476,-0.000343
51078,0.018995,0.451392,-0.039939,-0.037373,-0.044826,0.085351,-0.994640,58.734970,0.000000
51082,0.018943,0.451390,-0.039958,-0.037086,-0.044908,0.084943,-0.994682,58.530350,0.000000
51085,0.018906,0.451391,-0.039977,-0.037194,-0.044735,0.084765,-0.994701,58.296204,-0.000343
51088,0.018869,0.451396,-0.039993,-0.037101,-0.044753,0.084541,-0.994723,58.054848,0.000000
51092,0.018819,0.451392,-0.040013,-0.036910,-0.044742,0.084237,-0.994756,57.858124,0.000000
51096,0.018774,0.451392,-0.040034,-0.036702,-0.044811,0.083891,-0.994790,57.602692,0.000000
51099,0.018737,0.451399,-0.040045,-0.036503,-0.044977,0.083736,-0.994803,57.406998,-0.000343
51103,0.018679,0.451393,-0.040071,-0.036492,-0.044808,0.083281,-0.994849,57.178688,-0.000343
51106,0.018639,0.451395,-0.040085,-0.036293,-0.044871,0.083122,-0.994867,56.945229,0.000000
51110,0.018585,0.451401,-0.040106,-0.036115,-0.044969,0.082730,-0.994902,56.726189,0.000000
51114,0.018535,0.451405,-0.040125,-0.036009,-0.044978,0.082468,-0.994927,56.480026,-0.000343
51117,0.018489,0.451401,-0.040145,-0.035833,-0.044960,0.082112,-0.994963,56.279869,0.000000
51121,0.018439,0.451406,-0.040165,-0.035727,-0.044978,0.081821,-0.994990,56.054993,0.000000
51124,0.018403,0.451409,-0.040177,-0.035606,-0.045000,0.081552,-0.995016,55.798531,-0.000343
51128,0.018347,0.451409,-0.040200,-0.035571,-0.044912,0.081171,-0.995052,55.595284,0.000000
51131,0.018312,0.451409,-0.040213,-0.035436,-0.044912,0.080892,-0.995080,55.373840,0.000000
51135,0.018260,0.451407,-0.040232,-0.035266,-0.044878,0.080592,-0.995112,55.126305,0.000000
51138,0.018220,0.451405,-0.040247,-0.035197,-0.044858,0.080341,-0.995135,54.933014,0.000000
51142,0.018181,0.451413,-0.040262,-0.034983,-0.044962,0.080060,-0.995161,54.707108,0.000000
51146,0.018125,0.451407,-0.040281,-0.034853,-0.044932,0.079767,-0.995190,54.477768,0.000000
51149,0.018088,0.451408,-0.040299,-0.034772,-0.044871,0.079484,-0.995218,54.254608,0.000000
51153,0.018046,0.451414,-0.040314,-0.034613,-0.044972,0.079254,-0.995238,54.003639,-0.000343
51156,0.018003,0.451410,-0.040332,-0.034454,-0.044932,0.078950,-0.995269,53.796272,-0.000343
51160,0.017951,0.451409,-0.040352,-0.034553,-0.044799,0.078663,-0.995295,53.561440,0.000000
51163,0.017918,0.451411,-0.040366,-0.034314,-0.044911,0.078421,-0.995317,53.354073,0.000000
51167,0.017867,0.451415,-0.040386,-0.034218,-0.044919,0.078204,-0.995337,53.128166,0.000000
51170,0.017826,0.451416,-0.040405,-0.034112,-0.044833,0.077899,-0.995368,52.901230,-0.000343
51174,0.017777,0.451417,-0.040421,-0.033859,-0.044955,0.077657,-0.995390,52.672234,0.000000
51177,0.017734,0.451415,-0.040440,-0.033752,-0.044926,0.077296,-0.995423,52.460747,0.000000
51181,0.017687,0.451419,-0.040460,-0.033798,-0.044788,0.077046,-0.995447,52.240334,0.000000
51184,0.017652,0.451420,-0.040473,-0.033645,-0.044800,0.076758,-0.995474,52.006874,0.000000
51188,0.017612,0.451426,-0.040487,-0.033522,-0.044926,0.076536,-0.995490,51.763115,0.000000
51192,0.017564,0.451425,-0.040505,-0.033401,-0.044834,0.076105,-0.995531,51.554718,0.000000
51195,0.017526,0.451420,-0.040521,-0.033238,-0.044812,0.075898,-0.995553,51.299629,-0.000343
51199,0.017486,0.451427,-0.040539,-0.033080,-0.044906,0.075626,-0.995575,51.104279,-0.000343
51202,0.017451,0.451425,-0.040552,-0.033056,-0.044805,0.075415,-0.995597,50.883179,-0.000343
51206,0.017409,0.451424,-0.040566,-0.032766,-0.044976,0.075105,-0.995622,50.657616,-0.000343
51210,0.017360,0.451427,-0.040588,-0.032769,-0.044886,0.074800,-0.995649,50.418320,0.000000
51213,0.017325,0.451429,-0.040601,-0.032713,-0.044895,0.074682,-0.995659,50.210953,0.000000
51217,0.017278,0.451430,-0.040618,-0.032417,-0.045037,0.074248,-0.995695,49.987450,0.000000
51220,0.017242,0.451432,-0.040636,-0.032398,-0.044951,0.074120,-0.995709,49.761543,0.000000
51224,0.017191,0.451432,-0.040656,-0.032277,-0.044955,0.073757,-0.995740,49.504395,0.000000
51224,0.017191,0.451432,-0.040656,-0.032277,-0.044955,0.073757,-0.995740,49.304237,0.000000
51224,0.017191,0.451432,-0.040656,-0.032277,-0.044955,0.073757,-0.995740,49.063225,0.000000
51224,0.017191,0.451432,-0.040656,-0.032277,-0.044955,0.073757,-0.995740,48.858261,0.000000
51224,0.017191,0.451432,-0.040656,-0.032277,-0.044955,0.073757,-0.995740,48.640938,0.000000
51224,0.017191,0.451432,-0.040656,-0.032277,-0.044955,0.073757,-0.995740,48.413658,0.000000
51224,0.017191,0.451432,-0.040656,-0.032277,-0.044955,0.073757,-0.995740,48.181915,0.000000
51224,0.017191,0.451432,-0.040656,-0.032277,-0.044955,0.073757,-0.995740,47.940216,-0.000343
51224,0.017191,0.451432,-0.040656,-0.032277,-0.044955,0.073757,-0.995740,47.740059,0.000000
51224,0.017191,0.451432,-0.040656,-0.032277,-0.044955,0.073757,-0.995740,47.525482,0.000000
51224,0.017191,0.451432,-0.040656,-0.032277,-0.044955,0.073757,-0.995740,47.278633,0.000000
51224,0.017191,0.451432,-0.040656,-0.032277,-0.044955,0.073757,-0.995740,47.068176,0.000000
51224,0.017191,0.451432,-0.040656,-0.032277,-0.044955,0.073757,-0.995740,46.847420,0.000000
51224,0.017191,0.451432,-0.040656,-0.032277,-0.044955,0.073757,-0.995740,46.623573,0.000000
51224,0.017191,0.451432,-0.040656,-0.032277,-0.044955,0.073757,-0.995740,46.392174,0.000000
51224,0.017191,0.451432,-0.040656,-0.032277,-0.044955,0.073757,-0.995740,46.143951,0.000000
51224,0.017191,0.451432,-0.040656,-0.032277,-0.044955,0.073757,-0.995740,45.917015,0.000000
51224,0.017191,0.451432,-0.040656,-0.032277,-0.044955,0.073757,-0.995740,45.705185,0.000000
51224,0.017191,0.451432,-0.040656,-0.032277,-0.044955,0.073757,-0.995740,45.490265,0.000000
51224,0.017191,0.451432,-0.040656,-0.032277,-0.044955,0.073757,-0.995740,45.280495,0.000000
51224,0.017191,0.451432,-0.040656,-0.032277,-0.044955,0.073757,-0.995740,45.064545,0.000000
51224,0.017191,0.451432,-0.040656,-0.032277,-0.044955,0.073757,-0.995740,44.843788,0.000000
51224,0.017191,0.451432,-0.040656,-0.032277,-0.044955,0.073757,-0.995740,44.608955,0.000000
51224,0.017191,0.451432,-0.040656,-0.032277,-0.044955,0.073757,-0.995740,44.374466,0.000000
51224,0.017191,0.451432,-0.040656,-0.032277,-0.044955,0.073757,-0.995740,44.117661,0.000000
51224,0.017191,0.451432,-0.040656,-0.032277,-0.044955,0.073757,-0.995740,43.897591,0.000000
51224,0.017191,0.451432,-0.040656,-0.032277,-0.044955,0.073757,-0.995740,43.657951,0.000000
51224,0.017191,0.451432,-0.040656,-0.032277,-0.044955,0.073757,-0.995740,43.471527,0.000000
51224,0.017191,0.451432,-0.040656,-0.032277,-0.044955,0.073757,-0.995740,43.254204,0.000000
51224,0.017191,0.451432,-0.040656,-0.032277,-0.044955,0.073757,-0.995740,43.045464,0.000000
51330,0.015838,0.451435,-0.041190,-0.028384,-0.045090,0.065245,-0.996446,42.804451,0.000000
51334,0.015783,0.451432,-0.041215,-0.028490,-0.044923,0.064847,-0.996476,42.575111,0.000000
51337,0.015748,0.451431,-0.041227,-0.028220,-0.045033,0.064648,-0.996492,42.374954,0.000000
51341,0.015702,0.451431,-0.041244,-0.028027,-0.045073,0.064332,-0.996516,42.140121,0.000000
51344,0.015664,0.451433,-0.041261,-0.028092,-0.044983,0.064132,-0.996531,41.904945,0.000000
51348,0.015614,0.451432,-0.041279,-0.027867,-0.045002,0.063752,-0.996561,41.651917,0.000000
51351,0.015581,0.451432,-0.041290,-0.027794,-0.045029,0.063557,-0.996574,41.442490,0.000000
51355,0.015528,0.451436,-0.041308,-0.027618,-0.045051,0.063195,-0.996601,41.213493,0.000000
51358,0.015490,0.451431,-0.041323,-0.027593,-0.044945,0.062991,-0.996620,41.027069,0.000000
51362,0.015446,0.451435,-0.041334,-0.027183,-0.045170,0.062699,-0.996639,40.781593,0.000000
51366,0.015393,0.451430,-0.041363,-0.027231,-0.044991,0.062296,-0.996671,40.584526,0.000000
51369,0.015357,0.451432,-0.041373,-0.027054,-0.045029,0.062080,-0.996688,40.348663,0.000000
51373,0.015308,0.451434,-0.041392,-0.026700,-0.045159,0.061720,-0.996714,40.088081,0.000000
51376,0.015262,0.451424,-0.041414,-0.026711,-0.045058,0.061411,-0.996737,39.892044,0.000000
51380,0.015213,0.451428,-0.041432,-0.026543,-0.045065,0.061076,-0.996762,39.664764,0.000000
51383,0.015178,0.451430,-0.041446,-0.026386,-0.045087,0.060865,-0.996778,39.435081,0.000000
51387,0.015121,0.451423,-0.041467,-0.026244,-0.045068,0.060506,-0.996805,39.214325,0.000000
51390,0.015083,0.451421,-0.041485,-0.026345,-0.044881,0.060280,-0.996824,38.967819,0.000000
51394,0.015036,0.451423,-0.041504,-0.026137,-0.044994,0.059969,-0.996843,38.774185,0.000000
51397,0.015000,0.451421,-0.041516,-0.026005,-0.045025,0.059791,-0.996856,38.533516,0.000000
51401,0.014952,0.451421,-0.041533,-0.025932,-0.045026,0.059500,-0.996875,38.333359,0.000000
51405,0.014911,0.451423,-0.041549,-0.025704,-0.045157,0.059288,-0.996888,38.117409,0.000000
51408,0.014870,0.451417,-0.041569,-0.025622,-0.045108,0.058999,-0.996909,37.891159,0.000000
51412,0.014822,0.451420,-0.041586,-0.025636,-0.045094,0.058783,-0.996922,37.639503,0.000000
51415,0.014784,0.451420,-0.041602,-0.025422,-0.045165,0.058434,-0.996945,37.441750,0.000000
51419,0.014727,0.451415,-0.041627,-0.025258,-0.045108,0.058095,-0.996972,37.186317,0.000000
51422,0.014681,0.451414,-0.041646,-0.025167,-0.045058,0.057762,-0.996996,36.975861,0.000000
51426,0.014633,0.451416,-0.041663,-0.025065,-0.045079,0.057472,-0.997014,36.736565,0.000000
51429,0.014594,0.451415,-0.041677,-0.024836,-0.045192,0.057169,-0.997032,36.539497,0.000000
51433,0.014537,0.451416,-0.041702,-0.024863,-0.045032,0.056896,-0.997054,36.301231,0.000000
51437,0.014490,0.451417,-0.041718,-0.024558,-0.045163,0.056542,-0.997076,36.098671,0.000000
51440,0.014450,0.451413,-0.041735,-0.024461,-0.045133,0.056316,-0.997092,35.872078,0.000343
51443,0.014406,0.451412,-0.041751,-0.024276,-0.045134,0.055966,-0.997117,35.632095,0.000000
51447,0.014358,0.451411,-0.041772,-0.024364,-0.045005,0.055743,-0.997133,35.428505,0.000000
51451,0.014309,0.451408,-0.041787,-0.024084,-0.045101,0.055402,-0.997154,35.199165,0.000343
51454,0.014265,0.451407,-0.041804,-0.024003,-0.045078,0.055142,-0.997172,34.977722,0.000000
51458,0.014215,0.451409,-0.041827,-0.023968,-0.044993,0.054878,-0.997191,34.723320,0.000000
51461,0.014179,0.451407,-0.041840,-0.023816,-0.045023,0.054615,-0.997208,34.512520,0.000343
51465,0.014120,0.451406,-0.041863,-0.023606,-0.045037,0.054291,-0.997230,34.298286,0.000343
51468,0.014087,0.451409,-0.041874,-0.023604,-0.045035,0.054058,-0.997242,34.078560,0.000000
51472,0.014037,0.451402,-0.041889,-0.023341,-0.045173,0.053745,-0.997259,33.839264,0.000343
51476,0.013983,0.451403,-0.041916,-0.023313,-0.045047,0.053375,-0.997286,33.643570,0.000343
51479,0.013943,0.451402,-0.041933,-0.023294,-0.044989,0.053194,-0.997298,33.392601,0.000000
51483,0.013896,0.451399,-0.041952,-0.022903,-0.045109,0.052788,-0.997324,33.168068,0.000343
51486,0.013863,0.451404,-0.041964,-0.022927,-0.045094,0.052639,-0.997332,32.962418,0.000000
51490,0.013805,0.451395,-0.041989,-0.022691,-0.045067,0.052207,-0.997361,32.711792,0.000343
51493,0.013775,0.451399,-0.042002,-0.022660,-0.045047,0.052018,-0.997372,32.521591,0.000343
51497,0.013722,0.451397,-0.042021,-0.022502,-0.045094,0.051709,-0.997390,32.296715,0.000343
51500,0.013683,0.451394,-0.042036,-0.022449,-0.045063,0.051499,-0.997403,32.069092,0.000000
51504,0.013634,0.451393,-0.042053,-0.022119,-0.045246,0.051093,-0.997423,31.843529,0.000343
51508,0.013579,0.451385,-0.042079,-0.022126,-0.045075,0.050811,-0.997445,31.619339,0.000000
51511,0.013540,0.451384,-0.042090,-0.021887,-0.045143,0.050565,-0.997460,31.382103,0.000343
51515,0.013498,0.451386,-0.042106,-0.021730,-0.045224,0.050294,-0.997473,31.189156,0.000000
51518,0.013458,0.451382,-0.042124,-0.021596,-0.045173,0.050010,-0.997493,30.958443,0.000000
51522,0.013400,0.451374,-0.042148,-0.021432,-0.045148,0.049665,-0.997515,30.736656,0.000343
51525,0.013370,0.451379,-0.042158,-0.021401,-0.045160,0.049399,-0.997528,30.486374,0.000343
51529,0.013319,0.451372,-0.042179,-0.021171,-0.045140,0.049090,-0.997549,30.285873,0.000343
51532,0.013280,0.451369,-0.042194,-0.021077,-0.045118,0.048896,-0.997562,30.047607,0.000343
51536,0.013239,0.451370,-0.042212,-0.021050,-0.045107,0.048579,-0.997578,29.848480,0.000000
51539,0.013209,0.451372,-0.042223,-0.020922,-0.045109,0.048368,-0.997591,29.627037,0.000343
51539,0.013209,0.451372,-0.042223,-0.020922,-0.045109,0.048368,-0.997591,29.627037,0.000343
51545,0.013116,0.451367,-0.042261,-0.020673,-0.045069,0.047765,-0.997627,29.160805,0.000343
51549,0.013069,0.451367,-0.042281,-0.020504,-0.045091,0.047487,-0.997643,28.909492,0.000343
51553,0.013008,0.451359,-0.042304,-0.020450,-0.045059,0.047121,-0.997663,28.715515,0.000343
51556,0.012967,0.451358,-0.042325,-0.020290,-0.045059,0.046801,-0.997681,28.496819,0.000000
51560,0.012922,0.451353,-0.042342,-0.020088,-0.045108,0.046547,-0.997695,28.263359,0.000343
51563,0.012883,0.451353,-0.042354,-0.019908,-0.045161,0.046225,-0.997711,28.069382,0.000343
51567,0.012831,0.451351,-0.042382,-0.019988,-0.045052,0.045956,-0.997727,27.849312,0.000343
51571,0.012779,0.451347,-0.042397,-0.019685,-0.045123,0.045611,-0.997746,27.613106,0.000000
51574,0.012736,0.451344,-0.042417,-0.019676,-0.045055,0.045361,-0.997760,27.379303,0.000343
51578,0.012688,0.451346,-0.042433,-0.019596,-0.045074,0.045058,-0.997775,27.156487,0.000343
51581,0.012654,0.451347,-0.042444,-0.019383,-0.045158,0.044816,-0.997786,26.931953,0.000343
51585,0.012596,0.451344,-0.042468,-0.019436,-0.045025,0.044471,-0.997806,26.690254,0.000000
51588,0.012560,0.451342,-0.042481,-0.019325,-0.045063,0.044248,-0.997817,26.499367,0.000000
51592,0.012509,0.451341,-0.042498,-0.018979,-0.045199,0.043913,-0.997832,26.280670,0.000000
51595,0.012468,0.451338,-0.042514,-0.018903,-0.045163,0.043667,-0.997846,26.058540,0.000343
51599,0.012414,0.451337,-0.042537,-0.018851,-0.045135,0.043304,-0.997864,25.812035,0.000343
51602,0.012374,0.451335,-0.042551,-0.018680,-0.045190,0.043046,-0.997876,25.610161,0.000343
51606,0.012314,0.451330,-0.042577,-0.018571,-0.045118,0.042691,-0.997896,25.381851,0.000343
51609,0.012274,0.451327,-0.042592,-0.018489,-0.045106,0.042428,-0.997910,25.135002,0.000343
51613,0.012227,0.451328,-0.042610,-0.018165,-0.045255,0.042119,-0.997922,24.934158,0.000343
51617,0.012174,0.451320,-0.042632,-0.018144,-0.045185,0.041774,-0.997940,24.692116,0.000343
51620,0.012135,0.451315,-0.042648,-0.018014,-0.045194,0.041599,-0.997949,24.496765,0.000343
51624,0.012094,0.451319,-0.042669,-0.017834,-0.045259,0.041312,-0.997961,24.254379,0.000000
51627,0.012060,0.451314,-0.042680,-0.017673,-0.045314,0.041115,-0.997970,24.056282,0.000343
51631,0.012007,0.451310,-0.042705,-0.017661,-0.045186,0.040700,-0.997993,23.796043,0.000343
51634,0.011969,0.451312,-0.042717,-0.017507,-0.045238,0.040455,-0.998003,23.591766,0.000343
51638,0.011909,0.451302,-0.042738,-0.017238,-0.045218,0.040042,-0.998025,23.349037,0.000343
51642,0.011862,0.451302,-0.042757,-0.017206,-0.045209,0.039754,-0.998038,23.129311,0.000343
51645,0.011823,0.451301,-0.042770,-0.016954,-0.045297,0.039426,-0.998051,22.937393,0.000343
51648,0.011792,0.451299,-0.042783,-0.016858,-0.045265,0.039256,-0.998061,22.703247,0.000000
51652,0.011739,0.451291,-0.042807,-0.016831,-0.045145,0.038894,-0.998081,22.509956,0.000343
51656,0.011695,0.451289,-0.042826,-0.016600,-0.045220,0.038645,-0.998091,22.262764,0.000000
51659,0.011656,0.451283,-0.042839,-0.016383,-0.045229,0.038379,-0.998105,22.042007,0.000343
51663,0.011607,0.451283,-0.042851,-0.016226,-0.045227,0.038123,-0.998117,21.802025,0.000000
51666,0.011565,0.451276,-0.042874,-0.016214,-0.045151,0.037719,-0.998136,21.554146,0.000343
51670,0.011508,0.451270,-0.042894,-0.015972,-0.045169,0.037330,-0.998154,21.355019,0.000343
51673,0.011468,0.451276,-0.042902,-0.015703,-0.045282,0.037178,-0.998159,21.119499,0.000000
51677,0.011420,0.451267,-0.042930,-0.015845,-0.045131,0.036773,-0.998178,20.932045,0.000343
51681,0.011367,0.451269,-0.042938,-0.015484,-0.045290,0.036630,-0.998182,20.697212,0.000343
51684,0.011323,0.451264,-0.042956,-0.015447,-0.045211,0.036326,-0.998197,20.509071,0.000343
51688,0.011281,0.451268,-0.042976,-0.015317,-0.045288,0.036071,-0.998205,20.264969,0.000000
51691,0.011246,0.451268,-0.042990,-0.015162,-0.045356,0.035791,-0.998214,20.037346,0.000343
51695,0.011194,0.451262,-0.043016,-0.015186,-0.045222,0.035522,-0.998230,19.823799,0.000000
51698,0.011157,0.451258,-0.043023,-0.014989,-0.045365,0.035255,-0.998236,19.584503,0.000343
51702,0.011098,0.451251,-0.043038,-0.014745,-0.045446,0.034919,-0.998248,19.357567,0.000343
51705,0.011053,0.451244,-0.043058,-0.014622,-0.045350,0.034600,-0.998265,19.114838,0.000000
51709,0.011001,0.451238,-0.043077,-0.014657,-0.045291,0.034324,-0.998276,18.897171,0.000343
51713,0.010950,0.451236,-0.043100,-0.014317,-0.045367,0.033981,-0.998290,18.694954,0.000343
51716,0.010918,0.451232,-0.043115,-0.014287,-0.045319,0.033814,-0.998298,18.499947,0.000343
51719,0.010877,0.451227,-0.043135,-0.014180,-0.045279,0.033536,-0.998311,18.252754,0.000000
51723,0.010829,0.451228,-0.043155,-0.014120,-0.045275,0.033319,-0.998319,18.031654,0.000343
51727,0.010762,0.451216,-0.043177,-0.013968,-0.045255,0.032866,-0.998337,17.802315,0.000000
51730,0.010712,0.451214,-0.043189,-0.013841,-0.045270,0.032618,-0.998346,17.595634,0.000343
51734,0.010655,0.451212,-0.043206,-0.013660,-0.045304,0.032243,-0.998359,17.373505,0.000000
51737,0.010615,0.451209,-0.043217,-0.013629,-0.045282,0.032003,-0.998369,17.129402,0.000000
51741,0.010560,0.451208,-0.043233,-0.013515,-0.045233,0.031590,-0.998385,16.924095,0.000343
51744,0.010522,0.451201,-0.043250,-0.013456,-0.045227,0.031395,-0.998393,16.704369,0.000000
51748,0.010470,0.451196,-0.043273,-0.013186,-0.045247,0.031043,-0.998406,16.458206,0.000343
51751,0.010435,0.451193,-0.043296,-0.013112,-0.045254,0.030846,-0.998413,16.267662,0.000343
51755,0.010391,0.451195,-0.043324,-0.012962,-0.045266,0.030463,-0.998426,16.041069,0.000000
51758,0.010354,0.451194,-0.043347,-0.012851,-0.045258,0.030244,-0.998435,15.795250,0.000343
51762,0.010294,0.451185,-0.043375,-0.012640,-0.045220,0.029843,-0.998451,15.606766,0.000000
51766,0.010240,0.451180,-0.043392,-0.012407,-0.045328,0.029455,-0.998461,15.382576,0.000000
51769,0.010200,0.451177,-0.043398,-0.012400,-0.045308,0.029283,-0.998467,15.134697,0.000000
51773,0.010139,0.451165,-0.043409,-0.012150,-0.045283,0.028832,-0.998484,14.939003,0.000000
51776,0.010107,0.451161,-0.043412,-0.012198,-0.045305,0.028656,-0.998488,14.713097,0.000343
51780,0.010062,0.451158,-0.043430,-0.012003,-0.045291,0.028312,-0.998500,14.460411,0.000343
51784,0.010011,0.451149,-0.043449,-0.011843,-0.045366,0.027994,-0.998508,14.267120,0.000343
51787,0.009976,0.451146,-0.043480,-0.011848,-0.045295,0.027772,-0.998517,14.049110,0.000343
51791,0.009929,0.451144,-0.043525,-0.011576,-0.045364,0.027466,-0.998526,13.831787,0.000000
51794,0.009893,0.451143,-0.043570,-0.011395,-0.045375,0.027178,-0.998535,13.606911,0.000000
51797,0.009856,0.451143,-0.043613,-0.011339,-0.045287,0.026947,-0.998546,13.360062,0.000000
51801,0.009803,0.451141,-0.043651,-0.011123,-0.045377,0.026606,-0.998554,13.162994,0.000343
51805,0.009742,0.451136,-0.043670,-0.010974,-0.045321,0.026250,-0.998567,12.942581,0.000343
51808,0.009701,0.451134,-0.043663,-0.010750,-0.045417,0.025957,-0.998573,12.697105,0.000000
51812,0.009648,0.451126,-0.043638,-0.010679,-0.045370,0.025588,-0.998585,12.479439,0.000343
51815,0.009618,0.451117,-0.043617,-0.010689,-0.045318,0.025312,-0.998595,12.268639,0.000000
51819,0.009587,0.451102,-0.043575,-0.010641,-0.045295,0.025048,-0.998603,12.040672,0.000000
51822,0.009562,0.451098,-0.043555,-0.010529,-0.045314,0.024822,-0.998609,11.808243,0.000343
51826,0.009509,0.451086,-0.043546,-0.010401,-0.045294,0.024542,-0.998618,11.608086,0.000343
51830,0.009448,0.451086,-0.043567,-0.010221,-0.045332,0.024217,-0.998626,11.369820,0.000343
51833,0.009388,0.451082,-0.043619,-0.010049,-0.045343,0.023891,-0.998635,11.150436,0.000343
51837,0.009305,0.451074,-0.043717,-0.009886,-0.045223,0.023586,-0.998650,10.950623,0.000343
51840,0.009255,0.451080,-0.043793,-0.009784,-0.045108,0.023286,-0.998663,10.721283,0.000343
51844,0.009190,0.451085,-0.043890,-0.009542,-0.045176,0.022985,-0.998669,10.470314,0.000000
51847,0.009132,0.451082,-0.043950,-0.009388,-0.045151,0.022660,-0.998679,10.271873,0.000000
51851,0.009072,0.451081,-0.043991,-0.009346,-0.045178,0.022386,-0.998684,10.031891,0.000000
51855,0.009031,0.451075,-0.043994,-0.009146,-0.045213,0.021994,-0.998693,9.813194,0.000000
51858,0.009017,0.451067,-0.043970,-0.009161,-0.045195,0.021826,-0.998698,9.616127,0.000343
51862,0.009005,0.451054,-0.043911,-0.008904,-0.045254,0.021495,-0.998705,9.371681,0.000000
51864,0.008987,0.451042,-0.043876,-0.009034,-0.045187,0.021331,-0.998710,9.105949,0.000343
51868,0.008951,0.451026,-0.043801,-0.008860,-0.045261,0.021051,-0.998714,8.929482,0.000000
51872,0.008882,0.451008,-0.043754,-0.008937,-0.045160,0.020710,-0.998725,8.733101,0.000000
51876,0.008817,0.451010,-0.043760,-0.008799,-0.045206,0.020340,-0.998732,8.506165,0.000000
51879,0.008758,0.451008,-0.043815,-0.008702,-0.045197,0.020128,-0.998737,8.259315,0.000343
51883,0.008677,0.451010,-0.043918,-0.008343,-0.045277,0.019734,-0.998745,8.038216,0.000000
51886,0.008624,0.451019,-0.044003,-0.008214,-0.045217,0.019416,-0.998755,7.844582,0.000000
51890,0.008546,0.451018,-0.044106,-0.007791,-0.045314,0.019035,-0.998761,7.625885,0.000000
51894,0.008485,0.451019,-0.044172,-0.007702,-0.045285,0.018661,-0.998770,7.415428,0.000000
51897,0.008464,0.451019,-0.044191,-0.007551,-0.045291,0.018499,-0.998774,7.178535,0.000000
51901,0.008438,0.451005,-0.044187,-0.007352,-0.045347,0.018152,-0.998779,6.938896,0.000343
51904,0.008427,0.451000,-0.044165,-0.007509,-0.045198,0.017942,-0.998789,6.711273,0.000000
51908,0.008409,0.450988,-0.044104,-0.007338,-0.045280,0.017649,-0.998791,6.486397,0.000343
51911,0.008378,0.450973,-0.044060,-0.007323,-0.045262,0.017421,-0.998796,6.282120,0.000000
51915,0.008323,0.450960,-0.044017,-0.007338,-0.045219,0.017050,-0.998805,6.041107,0.000343
51918,0.008288,0.450955,-0.044011,-0.007232,-0.045225,0.016832,-0.998809,5.852280,0.000000
51922,0.008225,0.450949,-0.044060,-0.006964,-0.045289,0.016567,-0.998812,5.634613,0.000000
51925,0.008174,0.450948,-0.044124,-0.006879,-0.045189,0.016328,-0.998821,5.424500,0.000000
51929,0.008111,0.450955,-0.044213,-0.006652,-0.045174,0.015960,-0.998829,5.200996,0.000000
51933,0.008029,0.450949,-0.044303,-0.006410,-0.045111,0.015578,-0.998840,4.953804,0.000343
51936,0.007976,0.450950,-0.044352,-0.006246,-0.045127,0.015259,-0.998845,4.753304,0.000000
51939,0.007940,0.450948,-0.044378,-0.006270,-0.045061,0.015024,-0.998852,4.513321,0.000343
51943,0.007907,0.450940,-0.044381,-0.005920,-0.045170,0.014739,-0.998853,4.296341,0.000000
51947,0.007884,0.450929,-0.044346,-0.006078,-0.045049,0.014495,-0.998861,4.060135,0.000343
51950,0.007864,0.450920,-0.044306,-0.006035,-0.045070,0.014251,-0.998864,3.860664,0.000000
51954,0.007833,0.450908,-0.044248,-0.005858,-0.045190,0.014058,-0.998862,3.628235,0.000000
51957,0.007791,0.450897,-0.044221,-0.005792,-0.045168,0.013789,-0.998867,3.408165,0.000000
51961,0.007736,0.450889,-0.044214,-0.005821,-0.045159,0.013477,-0.998872,3.203201,0.000000
51964,0.007690,0.450886,-0.044243,-0.005608,-0.045211,0.013166,-0.998875,2.966995,0.000000
51968,0.007627,0.450883,-0.044326,-0.005573,-0.045092,0.012888,-0.998884,2.766838,0.000343
51972,0.007574,0.450889,-0.044419,-0.005204,-0.045204,0.012585,-0.998885,2.543335,0.000343
51975,0.007530,0.450888,-0.044484,-0.004892,-0.045274,0.012330,-0.998887,2.314339,0.000000
51979,0.007474,0.450887,-0.044552,-0.004810,-0.045261,0.012030,-0.998891,2.089462,0.000000
51982,0.007429,0.450881,-0.044584,-0.004657,-0.045195,0.011690,-0.998899,1.859436,0.000000
51986,0.007388,0.450870,-0.044586,-0.004445,-0.045314,0.011457,-0.998897,1.671295,0.000000
51989,0.007369,0.450866,-0.044574,-0.004453,-0.045248,0.011213,-0.998903,1.460152,0.000343
51993,0.007336,0.450854,-0.044545,-0.004436,-0.045211,0.010955,-0.998908,1.247978,0.000000
51996,0.007313,0.450846,-0.044515,-0.004266,-0.045275,0.010728,-0.998908,0.999413,0.000000
52000,0.007272,0.450838,-0.044485,-0.004317,-0.045170,0.010494,-0.998915,0.800629,0.000000
52004,0.007217,0.450825,-0.044475,-0.004036,-0.045302,0.010131,-0.998914,0.549316,0.000000
52007,0.007177,0.450821,-0.044487,-0.003924,-0.045316,0.009940,-0.998916,0.312767,0.000000
52011,0.007113,0.450818,-0.044532,-0.003800,-0.045224,0.009492,-0.998925,0.004463,0.000000
52014,0.007065,0.450818,-0.044574,-0.003647,-0.045212,0.009236,-0.998928,-0.226250,0.000000
52018,0.007016,0.450817,-0.044627,-0.003443,-0.045204,0.008842,-0.998933,-0.339546,0.000000
52021,0.006996,0.450816,-0.044657,-0.003445,-0.045155,0.008835,-0.998935,-0.344353,0.000000
52025,0.006971,0.450809,-0.044680,-0.003312,-0.045169,0.008676,-0.998936,-0.253372,0.000000
52028,0.006971,0.450812,-0.044689,-0.003315,-0.045176,0.008681,-0.998936,-0.065231,0.000000
52032,0.006976,0.450812,-0.044691,-0.003362,-0.045139,0.008644,-0.998938,0.141792,0.000000
52035,0.006981,0.450810,-0.044687,-0.003442,-0.045095,0.008722,-0.998939,0.299721,0.000000
52039,0.006982,0.450806,-0.044677,-0.003275,-0.045209,0.008685,-0.998935,0.347786,0.000000
52043,0.006975,0.450804,-0.044670,-0.003420,-0.045123,0.008599,-0.998939,0.323753,0.000000
52046,0.006968,0.450803,-0.044662,-0.003345,-0.045153,0.008611,-0.998937,0.224876,0.000000
52050,0.006967,0.450810,-0.044660,-0.003300,-0.045193,0.008563,-0.998936,0.084801,0.000000
52053,0.006965,0.450810,-0.044661,-0.003347,-0.045178,0.008594,-0.998936,-0.050468,0.000000
52057,0.006960,0.450805,-0.044664,-0.003269,-0.045143,0.008540,-0.998939,-0.131149,0.000000
52060,0.006964,0.450811,-0.044656,-0.003371,-0.045116,0.008556,-0.998940,-0.142479,0.000000
52064,0.006962,0.450812,-0.044638,-0.003262,-0.045192,0.008536,-0.998937,-0.134926,0.000000
52068,0.006954,0.450800,-0.044620,-0.003389,-0.045195,0.008580,-0.998936,-0.082397,0.000000
52071,0.006960,0.450804,-0.044608,-0.003399,-0.045206,0.008569,-0.998935,0.009270,0.000000
52075,0.006962,0.450795,-0.044601,-0.003399,-0.045214,0.008600,-0.998935,0.096130,0.000000
52078,0.006966,0.450798,-0.044607,-0.003293,-0.045231,0.008532,-0.998935,0.166855,0.000000
52081,0.006968,0.450799,-0.044621,-0.003335,-0.045193,0.008538,-0.998936,0.187454,0.000000
52085,0.006968,0.450806,-0.044653,-0.003339,-0.045176,0.008526,-0.998937,0.182991,0.000000
52089,0.006952,0.450800,-0.044691,-0.003353,-0.045130,0.008541,-0.998939,0.155525,0.000000
52092,0.006946,0.450807,-0.044721,-0.003354,-0.045075,0.008503,-0.998942,0.106430,0.000000
52096,0.006943,0.450809,-0.044743,-0.003307,-0.045107,0.008520,-0.998940,0.047035,0.000000
52099,0.006943,0.450813,-0.044750,-0.003212,-0.045138,0.008469,-0.998940,-0.003433,0.000000
52103,0.006941,0.450813,-0.044741,-0.003322,-0.045061,0.008516,-0.998942,-0.032616,0.000000
52107,0.006943,0.450806,-0.044706,-0.003267,-0.045137,0.008539,-0.998939,-0.034676,0.000000
52110,0.006946,0.450806,-0.044670,-0.003258,-0.045177,0.008511,-0.998937,-0.034332,0.000000
52114,0.006954,0.450806,-0.044622,-0.003402,-0.045140,0.008537,-0.998938,-0.028496,0.000000
52117,0.006957,0.450804,-0.044594,-0.003414,-0.045195,0.008579,-0.998936,-0.005150,0.000000
52121,0.006951,0.450797,-0.044574,-0.003471,-0.045171,0.008622,-0.998936,0.030212,0.000000
52124,0.006952,0.450797,-0.044576,-0.003535,-0.045139,0.008581,-0.998938,0.062485,0.000000
52128,0.006949,0.450809,-0.044584,-0.003158,-0.045354,0.008725,-0.998928,0.089264,0.000000
52131,0.006940,0.450802,-0.044618,-0.003257,-0.045251,0.008531,-0.998934,0.098534,0.000000
52135,0.006933,0.450806,-0.044665,-0.003402,-0.045100,0.008487,-0.998941,0.098877,0.000000
52138,0.006928,0.450808,-0.044701,-0.003387,-0.045071,0.008459,-0.998942,0.097847,0.000000
52142,0.006923,0.450810,-0.044732,-0.003241,-0.045111,0.008535,-0.998940,0.094070,0.000000
52146,0.006927,0.450813,-0.044744,-0.003277,-0.045105,0.008474,-0.998941,0.085144,0.000000
52149,0.006927,0.450813,-0.044735,-0.003316,-0.045085,0.008539,-0.998941,0.071068,-0.000343
52152,0.006925,0.450809,-0.044716,-0.003189,-0.045184,0.008502,-0.998937,0.051155,0.000000
52156,0.006926,0.450804,-0.044685,-0.003458,-0.045029,0.008507,-0.998944,0.036049,0.000000
52160,0.006933,0.450804,-0.044651,-0.003339,-0.045139,0.008473,-0.998939,0.028496,0.000000
52163,0.006939,0.450804,-0.044625,-0.003271,-0.045251,0.008546,-0.998934,0.026093,-0.000343
52167,0.006940,0.450802,-0.044614,-0.003404,-0.045119,0.008456,-0.998940,0.026093,0.000000
52170,0.006940,0.450798,-0.044615,-0.003520,-0.045114,0.008527,-0.998939,0.025749,0.000000
52174,0.006935,0.450798,-0.044626,-0.003250,-0.045191,0.008500,-0.998937,0.026093,0.000000
52178,0.006938,0.450803,-0.044649,-0.003327,-0.045118,0.008432,-0.998941,0.026093,-0.000343
52181,0.006939,0.450806,-0.044665,-0.003294,-0.045122,0.008470,-0.998940,0.026436,-0.000343
52185,0.006937,0.450807,-0.044687,-0.003337,-0.045070,0.008416,-0.998943,0.027466,-0.000343
52188,0.006934,0.450810,-0.044692,-0.003303,-0.045091,0.008425,-0.998942,0.030212,0.000000
52192,0.006928,0.450808,-0.044693,-0.003119,-0.045201,0.008409,-0.998938,0.034332,0.000000
52195,0.006927,0.450808,-0.044691,-0.003300,-0.045118,0.008428,-0.998941,0.039139,0.000000
52199,0.006918,0.450799,-0.044682,-0.003267,-0.045122,0.008393,-0.998941,0.044289,0.000000
52202,0.006920,0.450801,-0.044673,-0.003279,-0.045134,0.008429,-0.998940,0.049438,-0.000343
52206,0.006923,0.450805,-0.044660,-0.003283,-0.045134,0.008428,-0.998940,0.052872,0.000000
52209,0.006923,0.450807,-0.044650,-0.003331,-0.045146,0.008458,-0.998939,0.055275,0.000000
52213,0.006924,0.450805,-0.044651,-0.003380,-0.045126,0.008402,-0.998940,0.055275,0.000000
52216,0.006924,0.450805,-0.044650,-0.003371,-0.045134,0.008441,-0.998940,0.055275,0.000000
52220,0.006918,0.450799,-0.044658,-0.003270,-0.045148,0.008409,-0.998940,0.055275,0.000000
52224,0.006924,0.450806,-0.044667,-0.003364,-0.045115,0.008466,-0.998940,0.055275,-0.000343
52227,0.006923,0.450806,-0.044671,-0.003301,-0.045138,0.008406,-0.998940,0.055275,0.000000
52231,0.006921,0.450808,-0.044674,-0.003368,-0.045070,0.008432,-0.998943,0.055275,0.000000
52235,0.006921,0.450803,-0.044678,-0.003249,-0.045168,0.008470,-0.998938,0.054932,-0.000343
52238,0.006920,0.450804,-0.044675,-0.003228,-0.045186,0.008455,-0.998938,0.054932,0.000000
52241,0.006920,0.450817,-0.044665,-0.003093,-0.045231,0.008553,-0.998935,0.054588,0.000000
52245,0.006916,0.450798,-0.044670,-0.003304,-0.045120,0.008418,-0.998941,0.054588,0.000000
52249,0.006922,0.450807,-0.044663,-0.003335,-0.045100,0.008487,-0.998941,0.054245,0.000000
52252,0.006920,0.450803,-0.044660,-0.003283,-0.045177,0.008463,-0.998938,0.053902,0.000000
52256,0.006922,0.450804,-0.044660,-0.003284,-0.045149,0.008497,-0.998939,0.053215,-0.000343
52259,0.006924,0.450803,-0.044658,-0.003222,-0.045179,0.008466,-0.998938,0.052872,-0.000343
52263,0.006925,0.450806,-0.044656,-0.003374,-0.045092,0.008455,-0.998941,0.052185,0.000000
52266,0.006924,0.450804,-0.044662,-0.003385,-0.045070,0.008465,-0.998942,0.051498,0.000000
52270,0.006930,0.450806,-0.044663,-0.003395,-0.045103,0.008499,-0.998940,0.050468,0.000000
52273,0.006930,0.450809,-0.044663,-0.003333,-0.045136,0.008456,-0.998940,0.049782,-0.000343
52277,0.006921,0.450802,-0.044665,-0.003304,-0.045128,0.008452,-0.998940,0.049095,0.000000
52281,0.006920,0.450807,-0.044669,-0.003290,-0.045111,0.008405,-0.998941,0.048752,0.000000
52284,0.006919,0.450805,-0.044670,-0.003356,-0.045075,0.008470,-0.998942,0.047722,0.000000
52288,0.006910,0.450802,-0.044675,-0.003197,-0.045161,0.008426,-0.998939,0.047379,0.000000
52291,0.006911,0.450804,-0.044675,-0.003245,-0.045153,0.008489,-0.998939,0.046349,0.000000
52295,0.006910,0.450807,-0.044675,-0.003301,-0.045113,0.008384,-0.998941,0.046349,-0.000343
52298,0.006906,0.450804,-0.044671,-0.003259,-0.045140,0.008429,-0.998940,0.046005,-0.000343
52302,0.006909,0.450810,-0.044666,-0.003245,-0.045183,0.008423,-0.998938,0.045662,-0.000343
52305,0.006909,0.450807,-0.044665,-0.003364,-0.045116,0.008465,-0.998940,0.045662,-0.000343
52309,0.006903,0.450801,-0.044660,-0.003287,-0.045130,0.008404,-0.998940,0.045319,0.000000
52312,0.006909,0.450802,-0.044654,-0.003452,-0.045051,0.008434,-0.998943,0.045319,0.000000
52316,0.006916,0.450807,-0.044643,-0.003259,-0.045139,0.008381,-0.998940,0.044975,-0.000343
52319,0.006920,0.450805,-0.044641,-0.003331,-0.045111,0.008439,-0.998941,0.045319,0.000000
52323,0.006919,0.450803,-0.044642,-0.003167,-0.045213,0.008414,-0.998937,0.045319,0.000000
52327,0.006922,0.450806,-0.044649,-0.003285,-0.045159,0.008371,-0.998939,0.044975,-0.000343
52330,0.006915,0.450797,-0.044660,-0.003265,-0.045138,0.008391,-0.998940,0.045319,-0.000343
52334,0.006917,0.450804,-0.044672,-0.003285,-0.045108,0.008378,-0.998942,0.044975,-0.000343
52337,0.006916,0.450806,-0.044679,-0.003302,-0.045108,0.008402,-0.998941,0.044975,0.000000
52341,0.006906,0.450803,-0.044687,-0.003172,-0.045137,0.008338,-0.998941,0.045319,0.000000
52344,0.006903,0.450800,-0.044688,-0.003233,-0.045125,0.008366,-0.998941,0.044975,-0.000343
52348,0.006913,0.450810,-0.044683,-0.003208,-0.045168,0.008351,-0.998939,0.044975,0.000000
52352,0.006913,0.450803,-0.044680,-0.003405,-0.045058,0.008418,-0.998943,0.044975,-0.000343
52355,0.006921,0.450802,-0.044674,-0.003317,-0.045105,0.008350,-0.998942,0.044975,-0.000343
52359,0.006928,0.450802,-0.044663,-0.003255,-0.045146,0.008454,-0.998939,0.044975,0.000000
52362,0.006929,0.450800,-0.044655,-0.003219,-0.045188,0.008364,-0.998938,0.044975,-0.000343
52366,0.006930,0.450800,-0.044650,-0.003384,-0.045133,0.008446,-0.998940,0.045319,-0.000343
52369,0.006928,0.450803,-0.044649,-0.003295,-0.045145,0.008377,-0.998940,0.044975,-0.000343
52373,0.006921,0.450801,-0.044651,-0.003415,-0.045065,0.008411,-0.998943,0.045319,0.000000
52376,0.006922,0.450802,-0.044655,-0.003360,-0.045066,0.008336,-0.998944,0.044975,-0.000343
52380,0.006925,0.450806,-0.044664,-0.003309,-0.045142,0.008423,-0.998940,0.044975,-0.000343
52384,0.006921,0.450801,-0.044675,-0.003442,-0.045012,0.008385,-0.998945,0.044975,0.000000
52387,0.006924,0.450803,-0.044685,-0.003370,-0.045038,0.008391,-0.998944,0.044975,-0.000343
52391,0.006925,0.450802,-0.044689,-0.003251,-0.045138,0.008432,-0.998940,0.045319,0.000000
52394,0.006925,0.450801,-0.044693,-0.003249,-0.045124,0.008407,-0.998941,0.045319,0.000000
52398,0.006925,0.450805,-0.044691,-0.003284,-0.045104,0.008418,-0.998941,0.045319,-0.000343
52401,0.006925,0.450806,-0.044689,-0.003308,-0.045116,0.008408,-0.998941,0.044975,0.000000
52405,0.006923,0.450803,-0.044684,-0.003377,-0.045030,0.008385,-0.998945,0.045319,0.000000
52408,0.006925,0.450803,-0.044677,-0.003401,-0.045049,0.008415,-0.998944,0.045319,-0.000343
52412,0.006937,0.450807,-0.044661,-0.003157,-0.045206,0.008410,-0.998937,0.045319,-0.000343
52415,0.006933,0.450802,-0.044653,-0.003174,-0.045218,0.008455,-0.998936,0.045319,-0.000343
52419,0.006929,0.450798,-0.044648,-0.003431,-0.045087,0.008438,-0.998942,0.044975,-0.000343
52423,0.006936,0.450804,-0.044640,-0.003294,-0.045141,0.008389,-0.998940,0.045319,-0.000343
52426,0.006934,0.450803,-0.044636,-0.003378,-0.045109,0.008439,-0.998941,0.045319,-0.000343
52430,0.006936,0.450799,-0.044645,-0.003213,-0.045148,0.008377,-0.998940,0.044975,-0.000343
52433,0.006939,0.450802,-0.044648,-0.003224,-0.045187,0.008481,-0.998937,0.044975,-0.000343
52437,0.006938,0.450801,-0.044664,-0.003266,-0.045131,0.008380,-0.998941,0.045319,-0.000343
52440,0.006935,0.450798,-0.044680,-0.003324,-0.045088,0.008428,-0.998942,0.045319,0.000000
52444,0.006936,0.450806,-0.044696,-0.003260,-0.045104,0.008367,-0.998942,0.045319,-0.000343
52448,0.006928,0.450801,-0.044711,-0.003250,-0.045133,0.008347,-0.998941,0.045319,-0.000343
52451,0.006923,0.450801,-0.044717,-0.003198,-0.045096,0.008331,-0.998943,0.045319,0.000000
52454,0.006923,0.450803,-0.044716,-0.003408,-0.045028,0.008410,-0.998945,0.045319,0.000000
52458,0.006928,0.450811,-0.044703,-0.003215,-0.045133,0.008358,-0.998941,0.045319,-0.000343
52462,0.006923,0.450799,-0.044690,-0.003229,-0.045089,0.008299,-0.998943,0.045319,-0.000343
52465,0.006935,0.450803,-0.044673,-0.003292,-0.045134,0.008363,-0.998941,0.045319,0.000000
52469,0.006939,0.450802,-0.044654,-0.003323,-0.045103,0.008355,-0.998942,0.045319,-0.000343
52472,0.006937,0.450795,-0.044642,-0.003270,-0.045148,0.008368,-0.998940,0.045319,-0.000343
52476,0.006942,0.450802,-0.044627,-0.003286,-0.045179,0.008361,-0.998939,0.045319,-0.000343
52479,0.006942,0.450803,-0.044624,-0.003247,-0.045193,0.008358,-0.998938,0.045319,-0.000343
52483,0.006937,0.450797,-0.044638,-0.003261,-0.045144,0.008346,-0.998940,0.045319,-0.000343
52486,0.006936,0.450797,-0.044651,-0.003285,-0.045111,0.008345,-0.998942,0.045319,-0.000343
52490,0.006935,0.450803,-0.044668,-0.003175,-0.045163,0.008372,-0.998940,0.045319,-0.000343
52494,0.006929,0.450804,-0.044687,-0.003368,-0.045040,0.008405,-0.998944,0.045662,0.000000
52497,0.006925,0.450803,-0.044698,-0.003311,-0.045058,0.008319,-0.998944,0.045319,-0.000343
52501,0.006922,0.450803,-0.044702,-0.003233,-0.045140,0.008385,-0.998940,0.045662,0.000000
52504,0.006922,0.450805,-0.044700,-0.003122,-0.045160,0.008303,-0.998940,0.045662,0.000000
52508,0.006928,0.450807,-0.044695,-0.003274,-0.045103,0.008380,-0.998942,0.045662,0.000000
52511,0.006930,0.450804,-0.044689,-0.003217,-0.045153,0.008354,-0.998940,0.045662,-0.000343
52515,0.006930,0.450803,-0.044680,-0.003371,-0.045030,0.008413,-0.998945,0.045662,-0.000343
52518,0.006928,0.450800,-0.044673,-0.003356,-0.045069,0.008360,-0.998943,0.046005,-0.000343
52522,0.006931,0.450802,-0.044660,-0.003234,-0.045177,0.008430,-0.998938,0.046005,0.000000
52526,0.006924,0.450804,-0.044654,-0.003368,-0.045073,0.008370,-0.998943,0.046005,0.000000
52529,0.006921,0.450803,-0.044653,-0.003345,-0.045089,0.008369,-0.998942,0.046005,-0.000343
52533,0.006923,0.450807,-0.044655,-0.003287,-0.045132,0.008397,-0.998940,0.046005,-0.000343
52536,0.006922,0.450807,-0.044659,-0.003311,-0.045141,0.008396,-0.998940,0.046005,0.000000
52540,0.006923,0.450804,-0.044663,-0.003204,-0.045148,0.008376,-0.998940,0.046005,-0.000343
52543,0.006924,0.450801,-0.044669,-0.003224,-0.045117,0.008368,-0.998941,0.046005,-0.000343
52547,0.006925,0.450805,-0.044673,-0.003336,-0.045070,0.008406,-0.998943,0.046005,-0.000343
52551,0.006926,0.450803,-0.044676,-0.003266,-0.045123,0.008325,-0.998941,0.046349,-0.000343
52554,0.006925,0.450802,-0.044677,-0.003339,-0.045105,0.008376,-0.998942,0.046349,-0.000343
52557,0.006927,0.450805,-0.044677,-0.003298,-0.045082,0.008393,-0.998943,0.046349,-0.000343
52561,0.006922,0.450803,-0.044682,-0.003413,-0.045009,0.008370,-0.998946,0.046349,-0.000343
52564,0.006923,0.450802,-0.044682,-0.003396,-0.045048,0.008349,-0.998944,0.046692,0.000000
52568,0.006922,0.450802,-0.044680,-0.003244,-0.045124,0.008372,-0.998941,0.046692,0.000000
52572,0.006925,0.450804,-0.044680,-0.003261,-0.045119,0.008323,-0.998942,0.046349,-0.000343
52575,0.006927,0.450815,-0.044670,-0.003004,-0.045269,0.008554,-0.998934,0.046692,0.000000
52579,0.006923,0.450803,-0.044676,-0.003281,-0.045081,0.008329,-0.998943,0.047035,-0.000343
52582,0.006920,0.450801,-0.044670,-0.003372,-0.045070,0.008401,-0.998943,0.047035,-0.000343
52586,0.006926,0.450805,-0.044664,-0.003252,-0.045164,0.008332,-0.998940,0.047035,-0.000343
52589,0.006928,0.450804,-0.044661,-0.003311,-0.045107,0.008383,-0.998941,0.047035,-0.000343
52593,0.006922,0.450797,-0.044662,-0.003254,-0.045112,0.008318,-0.998942,0.047035,-0.000343
52596,0.006922,0.450798,-0.044664,-0.003309,-0.045080,0.008385,-0.998943,0.047035,-0.000343
52600,0.006925,0.450805,-0.044662,-0.003199,-0.045147,0.008298,-0.998941,0.047035,-0.000343
52604,0.006918,0.450801,-0.044671,-0.003338,-0.045059,0.008324,-0.998944,0.047035,0.000000
52607,0.006915,0.450802,-0.044674,-0.003255,-0.045095,0.008318,-0.998943,0.047035,0.000000
52611,0.006915,0.450803,-0.044680,-0.003294,-0.045091,0.008330,-0.998943,0.047035,-0.000343
52614,0.006912,0.450800,-0.044683,-0.003192,-0.045133,0.008327,-0.998941,0.047379,0.000000
52618,0.006917,0.450805,-0.044681,-0.003259,-0.045119,0.008316,-0.998942,0.047035,-0.000343
52621,0.006918,0.450806,-0.044682,-0.003270,-0.045107,0.008325,-0.998942,0.047379,0.000000
52625,0.006917,0.450803,-0.044678,-0.003344,-0.045032,0.008328,-0.998945,0.047035,0.000000
52628,0.006920,0.450803,-0.044670,-0.003315,-0.045109,0.008331,-0.998942,0.047379,0.000000
52632,0.006924,0.450804,-0.044661,-0.003133,-0.045215,0.008376,-0.998937,0.047379,0.000000
52636,0.006921,0.450801,-0.044659,-0.003421,-0.045054,0.008376,-0.998944,0.047035,0.000000
52639,0.006921,0.450800,-0.044658,-0.003349,-0.045067,0.008314,-0.998944,0.047379,-0.000343
52643,0.006924,0.450806,-0.044656,-0.003312,-0.045137,0.008398,-0.998940,0.047379,-0.000343
52646,0.006919,0.450801,-0.044667,-0.003356,-0.045075,0.008325,-0.998943,0.047379,-0.000343
52650,0.006917,0.450801,-0.044676,-0.003271,-0.045081,0.008349,-0.998943,0.047379,0.000000
52653,0.006919,0.450803,-0.044678,-0.003147,-0.045198,0.008325,-0.998939,0.047379,0.000000
52657,0.006920,0.450805,-0.044685,-0.003324,-0.045056,0.008417,-0.998944,0.047379,0.000000
52660,0.006914,0.450800,-0.044686,-0.003214,-0.045066,0.008305,-0.998944,0.047379,-0.000343
52664,0.006922,0.450805,-0.044677,-0.003283,-0.045098,0.008389,-0.998942,0.047379,0.000000
52667,0.006921,0.450808,-0.044670,-0.003209,-0.045140,0.008328,-0.998941,0.047379,-0.000343
52671,0.006914,0.450798,-0.044666,-0.003285,-0.045096,0.008349,-0.998942,0.047379,0.000000
52675,0.006919,0.450803,-0.044656,-0.003319,-0.045100,0.008358,-0.998942,0.047379,-0.000343
52678,0.006916,0.450803,-0.044651,-0.003336,-0.045119,0.008400,-0.998941,0.047379,0.000000
52682,0.006916,0.450799,-0.044650,-0.003222,-0.045168,0.008333,-0.998939,0.047379,0.000000
52685,0.006920,0.450803,-0.044655,-0.003356,-0.045099,0.008370,-0.998942,0.047035,-0.000343
52685,0.006920,0.450803,-0.044655,-0.003356,-0.045099,0.008370,-0.998942,0.047035,-0.000343
52685,0.006920,0.450803,-0.044655,-0.003356,-0.045099,0.008370,-0.998942,0.047035,-0.000343
52685,0.006920,0.450803,-0.044655,-0.003356,-0.045099,0.008370,-0.998942,0.047035,-0.000343
52685,0.006920,0.450803,-0.044655,-0.003356,-0.045099,0.008370,-0.998942,0.047035,-0.000343
52685,0.006920,0.450803,-0.044655,-0.003356,-0.045099,0.008370,-0.998942,0.047035,-0.000343
52685,0.006920,0.450803,-0.044655,-0.003356,-0.045099,0.008370,-0.998942,0.047035,-0.000343
52685,0.006920,0.450803,-0.044655,-0.003356,-0.045099,0.008370,-0.998942,0.047035,-0.000343
52685,0.006920,0.450803,-0.044655,-0.003356,-0.045099,0.008370,-0.998942,0.047035,-0.000343
52685,0.006920,0.450803,-0.044655,-0.003356,-0.045099,0.008370,-0.998942,0.047035,-0.000343
52685,0.006920,0.450803,-0.044655,-0.003356,-0.045099,0.008370,-0.998942,0.047035,-0.000343
52685,0.006920,0.450803,-0.044655,-0.003356,-0.045099,0.008370,-0.998942,0.047035,-0.000343
52685,0.006920,0.450803,-0.044655,-0.003356,-0.045099,0.008370,-0.998942,0.047035,-0.000343
52685,0.006920,0.450803,-0.044655,-0.003356,-0.045099,0.008370,-0.998942,0.047035,-0.000343
52685,0.006920,0.450803,-0.044655,-0.003356,-0.045099,0.008370,-0.998942,0.047035,-0.000343
52685,0.006920,0.450803,-0.044655,-0.003356,-0.045099,0.008370,-0.998942,0.047035,-0.000343
52685,0.006920,0.450803,-0.044655,-0.003356,-0.045099,0.008370,-0.998942,0.047035,-0.000343
52685,0.006920,0.450803,-0.044655,-0.003356,-0.045099,0.008370,-0.998942,0.047035,-0.000343
