0.000000	0.000000	0.000000	0.000000
0.000233	0.301332	0.055140	0.002193
0.000465	0.602926	0.110320	0.004388
0.000698	0.904782	0.165539	0.006585
0.000930	1.206900	0.220797	0.008783
0.001163	1.509279	0.276095	0.010982
0.001395	1.811919	0.331433	0.013184
0.001628	2.114821	0.386809	0.015386
0.001860	2.417982	0.442225	0.017591
0.002093	2.721404	0.497680	0.019796
0.002326	3.025086	0.553174	0.022004
0.002558	3.329027	0.608708	0.024213
0.002791	3.633227	0.664281	0.026423
0.003023	3.937686	0.719892	0.028635
0.003256	4.242404	0.775543	0.030849
0.003488	4.547380	0.831233	0.033064
0.003721	4.852614	0.886961	0.035281
0.003953	5.158106	0.942729	0.037499
0.004186	5.463854	0.998536	0.039719
0.004419	5.769860	1.054381	0.041941
0.004651	6.076122	1.110265	0.044163
0.004884	6.382641	1.166188	0.046388
0.005116	6.689416	1.222150	0.048614
0.005349	6.996446	1.278150	0.050842
0.005581	7.303732	1.334189	0.053071
0.005814	7.611272	1.390266	0.055301
0.006047	7.919068	1.446383	0.057533
0.006279	8.227118	1.502537	0.059767
0.006512	8.535421	1.558730	0.062002
0.006744	8.843979	1.614962	0.064239
0.006977	9.152790	1.671232	0.066477
0.007209	9.461854	1.727540	0.068717
0.007442	9.771171	1.783887	0.070958
0.007674	10.080741	1.840272	0.073201
0.007907	10.390562	1.896695	0.075446
0.008140	10.700636	1.953156	0.077691
0.008372	11.010960	2.009656	0.079939
0.008605	11.321536	2.066193	0.082188
0.008837	11.632363	2.122769	0.084438
0.009070	11.943441	2.179383	0.086690
0.009302	12.254769	2.236034	0.088944
0.009535	12.566346	2.292724	0.091199
0.009767	12.878174	2.349452	0.093455
0.010000	13.190250	2.406217	0.095713
0.010233	13.502590	2.463022	0.097973
0.010465	13.815207	2.519869	0.100234
0.010698	14.128100	2.576758	0.102497
0.010930	14.441269	2.633688	0.104761
0.011163	14.754711	2.690660	0.107027
0.011395	15.068426	2.747672	0.109295
0.011628	15.382413	2.804726	0.111565
0.011860	15.696671	2.861820	0.113836
0.012093	16.011198	2.918955	0.116108
0.012326	16.325993	2.976130	0.118383
0.012558	16.641056	3.033346	0.120658
0.012791	16.956386	3.090602	0.122936
0.013023	17.271980	3.147897	0.125215
0.013256	17.587839	3.205233	0.127496
0.013488	17.903961	3.262608	0.129778
0.013721	18.220345	3.320022	0.132062
0.013953	18.536990	3.377476	0.134347
0.014186	18.853894	3.434969	0.136634
0.014419	19.171058	3.492501	0.138922
0.014651	19.488479	3.550072	0.141212
0.014884	19.806156	3.607681	0.143504
0.015116	20.124089	3.665329	0.145797
0.015349	20.442276	3.723015	0.148092
0.015581	20.760717	3.780739	0.150388
0.015814	21.079410	3.838501	0.152685
0.016047	21.398354	3.896301	0.154984
0.016279	21.717548	3.954139	0.157285
0.016512	22.036991	4.012014	0.159587
0.016744	22.356681	4.069926	0.161891
0.016977	22.676619	4.127876	0.164196
0.017209	22.996802	4.185862	0.166502
0.017442	23.317230	4.243885	0.168810
0.017674	23.637901	4.301945	0.171120
0.017907	23.958815	4.360041	0.173431
0.018140	24.279970	4.418174	0.175743
0.018372	24.601366	4.476343	0.178057
0.018605	24.923000	4.534547	0.180372
0.018837	25.244873	4.592788	0.182689
0.019070	25.566982	4.651064	0.185007
0.019302	25.889328	4.709376	0.187326
0.019535	26.211908	4.767723	0.189647
0.019767	26.534722	4.826105	0.191969
0.020000	26.857769	4.884522	0.194293
0.020233	27.177442	4.942325	0.196618
0.020465	27.490482	4.998925	0.198945
0.020698	27.797404	5.054417	0.201273
0.020930	28.098725	5.108893	0.203603
0.021163	28.394963	5.162447	0.205935
0.021395	28.686633	5.215170	0.208268
0.021628	28.974253	5.267157	0.210603
0.021860	29.258339	5.318499	0.212939
0.022093	29.539408	5.369291	0.215277
0.022326	29.817976	5.419626	0.217616
0.022558	30.094562	5.469595	0.219957
0.022791	30.369680	5.519293	0.222299
0.023023	30.643848	5.568811	0.224643
0.023256	30.917583	5.618244	0.226989
0.023488	31.191401	5.667685	0.229336
0.023721	31.465819	5.717225	0.231685
0.023953	31.741354	5.766959	0.234035
0.024186	32.018522	5.816979	0.236386
0.024419	32.297840	5.867378	0.238739
0.024651	32.579825	5.918250	0.241094
0.024884	32.864994	5.969687	0.243450
0.025116	33.153864	6.021782	0.245807
0.025349	33.446950	6.074628	0.248166
0.025581	33.744770	6.128319	0.250527
0.025814	34.047841	6.182947	0.252889
0.026047	34.356679	6.238605	0.255252
0.026279	34.671800	6.295386	0.257617
0.026512	34.993723	6.353384	0.259983
0.026744	35.322963	6.412691	0.262351
0.026977	35.660036	6.473401	0.264720
0.027209	36.005461	6.535605	0.267091
0.027442	36.359753	6.599399	0.269463
0.027674	36.723430	6.664873	0.271836
0.027907	37.097007	6.732122	0.274211
0.028140	37.481003	6.801238	0.276587
0.028372	37.875932	6.872314	0.278965
0.028605	38.282313	6.945444	0.281344
0.028837	38.700662	7.020720	0.283724
0.029070	39.131495	7.098236	0.286106
0.029302	39.575329	7.178084	0.288489
0.029535	40.032682	7.260357	0.290873
0.029767	40.504069	7.345149	0.293259
0.030000	40.990008	7.432552	0.295646
0.030233	41.527570	7.529150	0.298035
0.030465	42.150372	7.640912	0.300425
0.030698	42.853752	7.767007	0.302816
0.030930	43.633045	7.906604	0.305210
0.031163	44.483589	8.058872	0.307604
0.031395	45.400720	8.222981	0.310001
0.031628	46.379773	8.398099	0.312398
0.031860	47.416087	8.583397	0.314798
0.032093	48.504997	8.778043	0.317199
0.032326	49.641839	8.981207	0.319601
0.032558	50.821951	9.192059	0.322005
0.032791	52.040668	9.409766	0.324410
0.033023	53.293328	9.633499	0.326817
0.033256	54.575266	9.862427	0.329225
0.033488	55.881819	10.095718	0.331635
0.033721	57.208324	10.332544	0.334046
0.033953	58.550118	10.572072	0.336459
0.034186	59.902536	10.813472	0.338873
0.034419	61.260915	11.055913	0.341288
0.034651	62.620591	11.298565	0.343705
0.034884	63.976902	11.540597	0.346124
0.035116	65.325183	11.781178	0.348543
0.035349	66.660772	12.019477	0.350965
0.035581	67.979004	12.254664	0.353387
0.035814	69.275216	12.485908	0.355812
0.036047	70.544745	12.712378	0.358237
0.036279	71.782927	12.933244	0.360664
0.036512	72.985098	13.147674	0.363092
0.036744	74.146595	13.354839	0.365522
0.036977	75.262755	13.553906	0.367953
0.037209	76.328914	13.744047	0.370385
0.037442	77.340409	13.924429	0.372819
0.037674	78.292575	14.094223	0.375254
0.037907	79.180750	14.252597	0.377691
0.038140	80.000270	14.398721	0.380129
0.038372	80.746472	14.531764	0.382568
0.038605	81.414691	14.650895	0.385008
0.038837	82.000265	14.755284	0.387450
0.039070	82.498530	14.844100	0.389893
0.039302	82.904822	14.916512	0.392338
0.039535	83.214478	14.971690	0.394784
0.039767	83.422835	15.008802	0.397231
0.040000	83.525228	15.027018	0.399679
0.040233	83.572006	15.035318	0.402129
0.040465	83.616677	15.043244	0.404580
0.040698	83.659317	15.050809	0.407033
0.040930	83.700003	15.058028	0.409487
0.041163	83.738811	15.064914	0.411943
0.041395	83.775819	15.071480	0.414400
0.041628	83.811103	15.077740	0.416859
0.041860	83.844739	15.083707	0.419319
0.042093	83.876804	15.089396	0.421780
0.042326	83.907375	15.094820	0.424243
0.042558	83.936528	15.099993	0.426708
0.042791	83.964341	15.104927	0.429174
0.043023	83.990889	15.109637	0.431641
0.043256	84.016250	15.114136	0.434110
0.043488	84.040500	15.118439	0.436580
0.043721	84.063715	15.122557	0.439051
0.043953	84.085973	15.126506	0.441524
0.044186	84.107350	15.130298	0.443999
0.044419	84.127923	15.133948	0.446474
0.044651	84.147768	15.137468	0.448952
0.044884	84.166962	15.140873	0.451430
0.045116	84.185582	15.144176	0.453910
0.045349	84.203704	15.147391	0.456391
0.045581	84.221405	15.150531	0.458874
0.045814	84.238761	15.153609	0.461358
0.046047	84.255850	15.156641	0.463843
0.046279	84.272747	15.159638	0.466330
0.046512	84.289531	15.162615	0.468818
0.046744	84.306276	15.165585	0.471307
0.046977	84.323060	15.168562	0.473798
0.047209	84.339960	15.171560	0.476290
0.047442	84.357052	15.174592	0.478783
0.047674	84.374413	15.177671	0.481278
0.047907	84.392119	15.180811	0.483774
0.048140	84.410248	15.184027	0.486271
0.048372	84.428875	15.187331	0.488770
0.048605	84.448078	15.190737	0.491269
0.048837	84.467932	15.194258	0.493770
0.049070	84.488516	15.197909	0.496273
0.049302	84.509905	15.201703	0.498776
0.049535	84.532175	15.205654	0.501281
0.049767	84.555405	15.209774	0.503788
0.050000	84.579670	15.214078	0.506295
0.050233	84.604485	15.218480	0.508804
0.050465	84.629315	15.222884	0.511314
0.050698	84.654159	15.227291	0.513826
0.050930	84.679017	15.231700	0.516339
0.051163	84.703890	15.236112	0.518853
0.051395	84.728777	15.240526	0.521369
0.051628	84.753677	15.244942	0.523886
0.051860	84.778592	15.249362	0.526405
0.052093	84.803521	15.253783	0.528925
0.052326	84.828464	15.258207	0.531447
0.052558	84.853420	15.262634	0.533970
0.052791	84.878391	15.267063	0.536494
0.053023	84.903375	15.271494	0.539020
0.053256	84.928373	15.275928	0.541547
0.053488	84.953384	15.280364	0.544075
0.053721	84.978409	15.284802	0.546605
0.053953	85.003448	15.289243	0.549136
0.054186	85.028500	15.293686	0.551668
0.054419	85.053566	15.298132	0.554202
0.054651	85.078645	15.302580	0.556737
0.054884	85.103737	15.307030	0.559273
0.055116	85.128842	15.311482	0.561811
0.055349	85.153961	15.315937	0.564350
0.055581	85.179093	15.320395	0.566891
0.055814	85.204238	15.324854	0.569432
0.056047	85.229396	15.329316	0.571975
0.056279	85.254567	15.333780	0.574520
0.056512	85.279751	15.338246	0.577065
0.056744	85.304947	15.342715	0.579612
0.056977	85.330157	15.347185	0.582160
0.057209	85.355379	15.351658	0.584710
0.057442	85.380614	15.356134	0.587260
0.057674	85.405861	15.360611	0.589812
0.057907	85.431122	15.365091	0.592366
0.058140	85.456394	15.369573	0.594920
0.058372	85.481679	15.374057	0.597476
0.058605	85.506977	15.378543	0.600033
0.058837	85.532287	15.383031	0.602591
0.059070	85.557609	15.387522	0.605150
0.059302	85.582944	15.392014	0.607711
0.059535	85.608290	15.396509	0.610273
0.059767	85.633649	15.401006	0.612836
0.060000	85.659020	15.405505	0.615400
0.060233	85.684404	15.410006	0.617966
0.060465	85.709801	15.414510	0.620532
0.060698	85.735213	15.419016	0.623101
0.060930	85.760638	15.423525	0.625670
0.061163	85.786077	15.428036	0.628241
0.061395	85.811529	15.432549	0.630814
0.061628	85.836995	15.437065	0.633388
0.061860	85.862475	15.441583	0.635963
0.062093	85.887968	15.446103	0.638539
0.062326	85.913474	15.450626	0.641117
0.062558	85.938994	15.455151	0.643696
0.062791	85.964527	15.459678	0.646276
0.063023	85.990073	15.464208	0.648858
0.063256	86.015632	15.468740	0.651441
0.063488	86.041205	15.473274	0.654026
0.063721	86.066790	15.477811	0.656611
0.063953	86.092389	15.482350	0.659198
0.064186	86.118001	15.486891	0.661787
0.064419	86.143625	15.491435	0.664376
0.064651	86.169262	15.495980	0.666967
0.064884	86.194913	15.500528	0.669559
0.065116	86.220576	15.505078	0.672153
0.065349	86.246251	15.509631	0.674747
0.065581	86.271939	15.514185	0.677343
0.065814	86.297640	15.518742	0.679940
0.066047	86.323354	15.523301	0.682539
0.066279	86.349079	15.527862	0.685138
0.066512	86.374818	15.532426	0.687739
0.066744	86.400568	15.536991	0.690342
0.066977	86.426331	15.541559	0.692945
0.067209	86.452106	15.546128	0.695549
0.067442	86.477894	15.550700	0.698155
0.067674	86.503693	15.555275	0.700762
0.067907	86.529505	15.559851	0.703371
0.068140	86.555329	15.564429	0.705980
0.068372	86.581165	15.569009	0.708591
0.068605	86.607012	15.573592	0.711202
0.068837	86.632872	15.578176	0.713815
0.069070	86.658743	15.582763	0.716430
0.069302	86.684626	15.587352	0.719045
0.069535	86.710521	15.591942	0.721661
0.069767	86.736428	15.596535	0.724279
0.070000	86.762346	15.601130	0.726898
0.070233	86.788277	15.605727	0.729518
0.070465	86.814221	15.610326	0.732139
0.070698	86.840178	15.614928	0.734762
0.070930	86.866148	15.619532	0.737386
0.071163	86.892132	15.624138	0.740012
0.071395	86.918128	15.628747	0.742638
0.071628	86.944138	15.633357	0.745266
0.071860	86.970160	15.637970	0.747895
0.072093	86.996196	15.642586	0.750526
0.072326	87.022244	15.647203	0.753158
0.072558	87.048305	15.651823	0.755791
0.072791	87.074379	15.656445	0.758425
0.073023	87.100466	15.661070	0.761061
0.073256	87.126565	15.665696	0.763698
0.073488	87.152677	15.670325	0.766336
0.073721	87.178802	15.674956	0.768975
0.073953	87.204939	15.679589	0.771616
0.074186	87.231088	15.684224	0.774258
0.074419	87.257250	15.688861	0.776901
0.074651	87.283424	15.693501	0.779545
0.074884	87.309611	15.698143	0.782191
0.075116	87.335810	15.702787	0.784838
0.075349	87.362021	15.707433	0.787486
0.075581	87.388244	15.712081	0.790135
0.075814	87.414479	15.716731	0.792785
0.076047	87.440726	15.721383	0.795437
0.076279	87.466985	15.726038	0.798090
0.076512	87.493256	15.730694	0.800744
0.076744	87.519539	15.735353	0.803399
0.076977	87.545834	15.740014	0.806055
0.077209	87.572141	15.744676	0.808713
0.077442	87.598459	15.749341	0.811372
0.077674	87.624789	15.754008	0.814032
0.077907	87.651131	15.758677	0.816693
0.078140	87.677484	15.763348	0.819355
0.078372	87.703848	15.768021	0.822018
0.078605	87.730225	15.772695	0.824683
0.078837	87.756612	15.777372	0.827348
0.079070	87.783011	15.782051	0.830015
0.079302	87.809421	15.786732	0.832683
0.079535	87.835843	15.791415	0.835352
0.079767	87.862275	15.796099	0.838022
0.080000	87.888719	15.800786	0.840693
0.080233	87.915175	15.805475	0.843365
0.080465	87.941643	15.810166	0.846039
0.080698	87.968124	15.814859	0.848714
0.080930	87.994618	15.819554	0.851390
0.081163	88.021125	15.824252	0.854068
0.081395	88.047643	15.828952	0.856746
0.081628	88.074175	15.833654	0.859426
0.081860	88.100719	15.838358	0.862107
0.082093	88.127275	15.843064	0.864790
0.082326	88.153844	15.847773	0.867473
0.082558	88.180425	15.852483	0.870158
0.082791	88.207018	15.857196	0.872844
0.083023	88.233623	15.861911	0.875532
0.083256	88.260241	15.866628	0.878220
0.083488	88.286870	15.871347	0.880910
0.083721	88.313512	15.876068	0.883601
0.083953	88.340165	15.880792	0.886293
0.084186	88.366831	15.885517	0.888986
0.084419	88.393508	15.890244	0.891680
0.084651	88.420198	15.894974	0.894376
0.084884	88.446899	15.899706	0.897073
0.085116	88.473612	15.904439	0.899771
0.085349	88.500336	15.909175	0.902470
0.085581	88.527072	15.913913	0.905170
0.085814	88.553820	15.918652	0.907872
0.086047	88.580579	15.923394	0.910574
0.086279	88.607350	15.928138	0.913278
0.086512	88.634132	15.932884	0.915983
0.086744	88.660926	15.937631	0.918689
0.086977	88.687730	15.942381	0.921396
0.087209	88.714547	15.947133	0.924104
0.087442	88.741374	15.951886	0.926814
0.087674	88.768213	15.956642	0.929524
0.087907	88.795062	15.961399	0.932236
0.088140	88.821923	15.966159	0.934948
0.088372	88.848795	15.970920	0.937662
0.088605	88.875678	15.975684	0.940377
0.088837	88.902571	15.980449	0.943093
0.089070	88.929476	15.985216	0.945810
0.089302	88.956391	15.989985	0.948528
0.089535	88.983318	15.994756	0.951247
0.089767	89.010254	15.999528	0.953968
0.090000	89.037202	16.004303	0.956689
0.090233	89.064161	16.009080	0.959411
0.090465	89.091132	16.013858	0.962135
0.090698	89.118116	16.018639	0.964860
0.090930	89.145111	16.023422	0.967586
0.091163	89.172119	16.028207	0.970313
0.091395	89.199138	16.032994	0.973042
0.091628	89.226170	16.037784	0.975772
0.091860	89.253213	16.042575	0.978502
0.092093	89.280269	16.047368	0.981234
0.092326	89.307336	16.052164	0.983968
0.092558	89.334415	16.056961	0.986702
0.092791	89.361506	16.061761	0.989438
0.093023	89.388608	16.066562	0.992174
0.093256	89.415722	16.071366	0.994912
0.093488	89.442847	16.076172	0.997651
0.093721	89.469984	16.080979	1.000391
0.093953	89.497133	16.085789	1.003133
0.094186	89.524293	16.090601	1.005875
0.094419	89.551464	16.095414	1.008619
0.094651	89.578647	16.100230	1.011364
0.094884	89.605841	16.105048	1.014109
0.095116	89.633046	16.109867	1.016856
0.095349	89.660262	16.114689	1.019604
0.095581	89.687490	16.119512	1.022354
0.095814	89.714728	16.124337	1.025104
0.096047	89.741978	16.129165	1.027855
0.096279	89.769239	16.133994	1.030608
0.096512	89.796510	16.138825	1.033361
0.096744	89.823793	16.143658	1.036116
0.096977	89.851086	16.148493	1.038871
0.097209	89.878390	16.153329	1.041628
0.097442	89.905705	16.158168	1.044386
0.097674	89.933030	16.163009	1.047145
0.097907	89.960366	16.167851	1.049905
0.098140	89.987713	16.172695	1.052666
0.098372	90.015070	16.177541	1.055428
0.098605	90.042438	16.182389	1.058191
0.098837	90.069816	16.187239	1.060955
0.099070	90.097205	16.192090	1.063720
0.099302	90.124604	16.196943	1.066486
0.099535	90.152013	16.201799	1.069254
0.099767	90.179432	16.206655	1.072022
0.100000	90.206862	16.211514	1.074791
0.100233	90.234303	16.216375	1.077561
0.100465	90.261755	16.221237	1.080333
0.100698	90.289219	16.226102	1.083105
0.100930	90.316694	16.230968	1.085879
0.101163	90.344181	16.235837	1.088654
0.101395	90.371680	16.240708	1.091430
0.101628	90.399190	16.245580	1.094207
0.101860	90.426711	16.250455	1.096986
0.102093	90.454244	16.255331	1.099765
0.102326	90.481788	16.260210	1.102546
0.102558	90.509343	16.265090	1.105327
0.102791	90.536910	16.269973	1.108110
0.103023	90.564487	16.274857	1.110894
0.103256	90.592076	16.279744	1.113679
0.103488	90.619676	16.284632	1.116465
0.103721	90.647286	16.289522	1.119252
0.103953	90.674908	16.294414	1.122041
0.104186	90.702541	16.299308	1.124830
0.104419	90.730184	16.304204	1.127620
0.104651	90.757839	16.309102	1.130412
0.104884	90.785504	16.314002	1.133205
0.105116	90.813179	16.318903	1.135998
0.105349	90.840866	16.323806	1.138793
0.105581	90.868563	16.328712	1.141589
0.105814	90.896271	16.333619	1.144385
0.106047	90.923989	16.338528	1.147183
0.106279	90.951718	16.343438	1.149982
0.106512	90.979457	16.348351	1.152782
0.106744	91.007206	16.353265	1.155583
0.106977	91.034966	16.358181	1.158385
0.107209	91.062736	16.363099	1.161188
0.107442	91.090517	16.368019	1.163992
0.107674	91.118307	16.372940	1.166797
0.107907	91.146108	16.377864	1.169603
0.108140	91.173919	16.382789	1.172410
0.108372	91.201740	16.387715	1.175218
0.108605	91.229571	16.392644	1.178027
0.108837	91.257412	16.397574	1.180837
0.109070	91.285263	16.402506	1.183648
0.109302	91.313123	16.407440	1.186460
0.109535	91.340994	16.412375	1.189273
0.109767	91.368874	16.417312	1.192087
0.110000	91.396764	16.422251	1.194902
0.110233	91.424664	16.427192	1.197718
0.110465	91.452576	16.432134	1.200535
0.110698	91.480499	16.437079	1.203353
0.110930	91.508432	16.442025	1.206172
0.111163	91.536377	16.446973	1.208993
0.111395	91.564333	16.451923	1.211814
0.111628	91.592299	16.456875	1.214636
0.111860	91.620277	16.461829	1.217460
0.112093	91.648265	16.466785	1.220285
0.112326	91.676264	16.471743	1.223110
0.112558	91.704273	16.476703	1.225937
0.112791	91.732294	16.481664	1.228765
0.113023	91.760325	16.486627	1.231594
0.113256	91.788367	16.491593	1.234424
0.113488	91.816419	16.496560	1.237255
0.113721	91.844481	16.501528	1.240087
0.113953	91.872554	16.506499	1.242920
0.114186	91.900638	16.511471	1.245754
0.114419	91.928732	16.516446	1.248589
0.114651	91.956836	16.521422	1.251425
0.114884	91.984950	16.526399	1.254262
0.115116	92.013075	16.531379	1.257100
0.115349	92.041210	16.536360	1.259940
0.115581	92.069355	16.541344	1.262780
0.115814	92.097510	16.546328	1.265621
0.116047	92.125675	16.551315	1.268463
0.116279	92.153850	16.556303	1.271306
0.116512	92.182035	16.561293	1.274150
0.116744	92.210230	16.566285	1.276995
0.116977	92.238435	16.571279	1.279841
0.117209	92.266649	16.576274	1.282688
0.117442	92.294873	16.581271	1.285536
0.117674	92.323107	16.586269	1.288385
0.117907	92.351351	16.591270	1.291235
0.118140	92.379604	16.596272	1.294086
0.118372	92.407867	16.601275	1.296938
0.118605	92.436139	16.606280	1.299791
0.118837	92.464421	16.611287	1.302645
0.119070	92.492713	16.616296	1.305499
0.119302	92.521013	16.621306	1.308355
0.119535	92.549323	16.626318	1.311211
0.119767	92.577642	16.631331	1.314069
0.120000	92.605971	16.636346	1.316927
0.120233	92.634309	16.641363	1.319786
0.120465	92.662659	16.646381	1.322647
0.120698	92.691018	16.651402	1.325508
0.120930	92.719388	16.656424	1.328370
0.121163	92.747769	16.661448	1.331234
0.121395	92.776160	16.666474	1.334098
0.121628	92.804561	16.671501	1.336964
0.121860	92.832973	16.676531	1.339831
0.122093	92.861395	16.681562	1.342698
0.122326	92.889828	16.686595	1.345567
0.122558	92.918270	16.691630	1.348436
0.122791	92.946723	16.696666	1.351307
0.123023	92.975186	16.701705	1.354179
0.123256	93.003659	16.706745	1.357051
0.123488	93.032142	16.711786	1.359925
0.123721	93.060635	16.716830	1.362799
0.123953	93.089137	16.721875	1.365675
0.124186	93.117650	16.726922	1.368551
0.124419	93.146173	16.731971	1.371429
0.124651	93.174705	16.737021	1.374307
0.124884	93.203247	16.742073	1.377187
0.125116	93.231799	16.747127	1.380067
0.125349	93.260361	16.752182	1.382949
0.125581	93.288932	16.757240	1.385831
0.125814	93.317513	16.762298	1.388714
0.126047	93.346103	16.767359	1.391599
0.126279	93.374703	16.772421	1.394484
0.126512	93.403312	16.777484	1.397370
0.126744	93.431930	16.782550	1.400257
0.126977	93.460558	16.787617	1.403145
0.127209	93.489196	16.792685	1.406034
0.127442	93.517842	16.797755	1.408923
0.127674	93.546498	16.802827	1.411814
0.127907	93.575163	16.807901	1.414706
0.128140	93.603837	16.812975	1.417598
0.128372	93.632520	16.818052	1.420492
0.128605	93.661212	16.823130	1.423386
0.128837	93.689913	16.828210	1.426281
0.129070	93.718623	16.833291	1.429177
0.129302	93.747342	16.838374	1.432074
0.129535	93.776070	16.843458	1.434972
0.129767	93.804807	16.848544	1.437870
0.130000	93.833552	16.853631	1.440770
0.130233	93.862307	16.858720	1.443670
0.130465	93.891072	16.863811	1.446572
0.130698	93.919847	16.868903	1.449474
0.130930	93.948632	16.873997	1.452378
0.131163	93.977427	16.879093	1.455282
0.131395	94.006231	16.884191	1.458188
0.131628	94.035046	16.889290	1.461094
0.131860	94.063871	16.894391	1.464002
0.132093	94.092705	16.899494	1.466910
0.132326	94.121549	16.904598	1.469819
0.132558	94.150403	16.909704	1.472729
0.132791	94.179266	16.914812	1.475641
0.133023	94.208139	16.919922	1.478553
0.133256	94.237021	16.925033	1.481466
0.133488	94.265913	16.930146	1.484380
0.133721	94.294815	16.935260	1.487295
0.133953	94.323726	16.940376	1.490211
0.134186	94.352646	16.945494	1.493128
0.134419	94.381576	16.950613	1.496045
0.134651	94.410515	16.955734	1.498964
0.134884	94.439463	16.960856	1.501884
0.135116	94.468420	16.965980	1.504804
0.135349	94.497387	16.971106	1.507726
0.135581	94.526362	16.976233	1.510648
0.135814	94.555347	16.981362	1.513571
0.136047	94.584341	16.986493	1.516495
0.136279	94.613344	16.991625	1.519420
0.136512	94.642355	16.996758	1.522346
0.136744	94.671376	17.001893	1.525273
0.136977	94.700406	17.007030	1.528201
0.137209	94.729444	17.012168	1.531129
0.137442	94.758491	17.017307	1.534058
0.137674	94.787547	17.022449	1.536989
0.137907	94.816611	17.027591	1.539920
0.138140	94.845684	17.032735	1.542852
0.138372	94.874766	17.037881	1.545784
0.138605	94.903856	17.043028	1.548718
0.138837	94.932955	17.048176	1.551652
0.139070	94.962062	17.053326	1.554588
0.139302	94.991178	17.058478	1.557524
0.139535	95.020302	17.063631	1.560461
0.139767	95.049434	17.068785	1.563398
0.140000	95.078575	17.073941	1.566337
0.140233	95.107725	17.079098	1.569276
0.140465	95.136884	17.084257	1.572217
0.140698	95.166052	17.089418	1.575158
0.140930	95.195231	17.094580	1.578100
0.141163	95.224418	17.099744	1.581044
0.141395	95.253615	17.104910	1.583988
0.141628	95.282821	17.110077	1.586933
0.141860	95.312037	17.115246	1.589879
0.142093	95.341262	17.120416	1.592826
0.142326	95.370496	17.125588	1.595773
0.142558	95.399739	17.130761	1.598722
0.142791	95.428992	17.135936	1.601672
0.143023	95.458253	17.141113	1.604622
0.143256	95.487524	17.146291	1.607573
0.143488	95.516803	17.151471	1.610526
0.143721	95.546092	17.156653	1.613479
0.143953	95.575389	17.161836	1.616433
0.144186	95.604695	17.167020	1.619388
0.144419	95.634010	17.172206	1.622343
0.144651	95.663334	17.177393	1.625300
0.144884	95.692667	17.182582	1.628258
0.145116	95.722008	17.187773	1.631216
0.145349	95.751358	17.192965	1.634175
0.145581	95.780717	17.198158	1.637135
0.145814	95.810084	17.203353	1.640096
0.146047	95.839460	17.208550	1.643058
0.146279	95.868844	17.213748	1.646020
0.146512	95.898237	17.218947	1.648984
0.146744	95.927638	17.224148	1.651948
0.146977	95.957048	17.229350	1.654913
0.147209	95.986466	17.234554	1.657879
0.147442	96.015892	17.239759	1.660846
0.147674	96.045326	17.244966	1.663813
0.147907	96.074768	17.250174	1.666782
0.148140	96.104219	17.255383	1.669751
0.148372	96.133678	17.260594	1.672721
0.148605	96.163145	17.265806	1.675691
0.148837	96.192620	17.271020	1.678663
0.149070	96.222103	17.276235	1.681635
0.149302	96.251593	17.281451	1.684608
0.149535	96.281092	17.286669	1.687582
0.149767	96.310599	17.291888	1.690557
0.150000	96.340113	17.297108	1.693532
0.150233	96.369636	17.302330	1.696508
0.150465	96.399168	17.307553	1.699485
0.150698	96.428708	17.312778	1.702463
0.150930	96.458258	17.318005	1.705442
0.151163	96.487817	17.323233	1.708422
0.151395	96.517384	17.328462	1.711403
0.151628	96.546961	17.333693	1.714384
0.151860	96.576546	17.338926	1.717367
0.152093	96.606140	17.344160	1.720350
0.152326	96.635743	17.349396	1.723334
0.152558	96.665354	17.354633	1.726319
0.152791	96.694974	17.359872	1.729305
0.153023	96.724602	17.365112	1.732291
0.153256	96.754239	17.370353	1.735279
0.153488	96.783885	17.375596	1.738267
0.153721	96.813539	17.380841	1.741256
0.153953	96.843201	17.386087	1.744246
0.154186	96.872872	17.391334	1.747237
0.154419	96.902551	17.396583	1.750229
0.154651	96.932238	17.401833	1.753221
0.154884	96.961934	17.407085	1.756214
0.155116	96.991638	17.412338	1.759208
0.155349	97.021350	17.417593	1.762203
0.155581	97.051070	17.422849	1.765199
0.155814	97.080798	17.428106	1.768196
0.156047	97.110534	17.433365	1.771193
0.156279	97.140279	17.438625	1.774191
0.156512	97.170031	17.443886	1.777190
0.156744	97.199791	17.449149	1.780189
0.156977	97.229559	17.454413	1.783190
0.157209	97.259335	17.459679	1.786191
0.157442	97.289119	17.464946	1.789193
0.157674	97.318910	17.470214	1.792195
0.157907	97.348709	17.475483	1.795199
0.158140	97.378516	17.480754	1.798203
0.158372	97.408330	17.486027	1.801208
0.158605	97.438152	17.491300	1.804214
0.158837	97.467982	17.496575	1.807220
0.159070	97.497819	17.501851	1.810227
0.159302	97.527663	17.507128	1.813235
0.159535	97.557515	17.512407	1.816244
0.159767	97.587374	17.517687	1.819253
0.160000	97.617241	17.522968	1.822263
0.160233	97.647116	17.528251	1.825274
0.160465	97.676999	17.533535	1.828285
0.160698	97.706890	17.538820	1.831298
0.160930	97.736790	17.544107	1.834311
0.161163	97.766698	17.549395	1.837325
0.161395	97.796615	17.554685	1.840340
0.161628	97.826540	17.559977	1.843356
0.161860	97.856474	17.565269	1.846373
0.162093	97.886415	17.570563	1.849390
0.162326	97.916365	17.575859	1.852408
0.162558	97.946323	17.581156	1.855427
0.162791	97.976289	17.586454	1.858447
0.163023	98.006263	17.591754	1.861468
0.163256	98.036245	17.597055	1.864489
0.163488	98.066235	17.602358	1.867512
0.163721	98.096233	17.607661	1.870534
0.163953	98.126239	17.612967	1.873558
0.164186	98.156253	17.618273	1.876583
0.164419	98.186275	17.623581	1.879608
0.164651	98.216304	17.628890	1.882634
0.164884	98.246341	17.634201	1.885661
0.165116	98.276386	17.639513	1.888688
0.165349	98.306439	17.644826	1.891717
0.165581	98.336499	17.650141	1.894746
0.165814	98.366567	17.655457	1.897776
0.166047	98.396642	17.660774	1.900806
0.166279	98.426725	17.666092	1.903837
0.166512	98.456816	17.671412	1.906870
0.166744	98.486913	17.676733	1.909902
0.166977	98.517019	17.682056	1.912936
0.167209	98.547131	17.687379	1.915970
0.167442	98.577251	17.692704	1.919005
0.167674	98.607378	17.698030	1.922040
0.167907	98.637512	17.703357	1.925077
0.168140	98.667654	17.708686	1.928114
0.168372	98.697803	17.714016	1.931152
0.168605	98.727958	17.719347	1.934190
0.168837	98.758121	17.724679	1.937229
0.169070	98.788291	17.730012	1.940269
0.169302	98.818468	17.735347	1.943309
0.169535	98.848652	17.740683	1.946351
0.169767	98.878842	17.746020	1.949392
0.170000	98.909040	17.751358	1.952435
0.170233	98.939245	17.756697	1.955478
0.170465	98.969458	17.762038	1.958522
0.170698	98.999679	17.767380	1.961567
0.170930	99.029908	17.772724	1.964613
0.171163	99.060145	17.778069	1.967659
0.171395	99.090389	17.783415	1.970706
0.171628	99.120642	17.788763	1.973754
0.171860	99.150902	17.794112	1.976803
0.172093	99.181170	17.799462	1.979852
0.172326	99.211446	17.804814	1.982902
0.172558	99.241729	17.810167	1.985953
0.172791	99.272020	17.815521	1.989005
0.173023	99.302318	17.820876	1.992058
0.173256	99.332624	17.826233	1.995111
0.173488	99.362938	17.831591	1.998165
0.173721	99.393259	17.836951	2.001219
0.173953	99.423587	17.842312	2.004275
0.174186	99.453923	17.847673	2.007331
0.174419	99.484266	17.853037	2.010387
0.174651	99.514616	17.858401	2.013445
0.174884	99.544974	17.863767	2.016503
0.175116	99.575339	17.869134	2.019562
0.175349	99.605711	17.874502	2.022622
0.175581	99.636090	17.879871	2.025682
0.175814	99.666477	17.885242	2.028743
0.176047	99.696870	17.890614	2.031805
0.176279	99.727270	17.895987	2.034867
0.176512	99.757678	17.901361	2.037930
0.176744	99.788092	17.906737	2.040994
0.176977	99.818513	17.912113	2.044059
0.177209	99.848941	17.917491	2.047124
0.177442	99.879376	17.922870	2.050189
0.177674	99.909818	17.928250	2.053256
0.177907	99.940266	17.933631	2.056323
0.178140	99.970721	17.939014	2.059391
0.178372	100.001183	17.944397	2.062459
0.178605	100.031652	17.949782	2.065528
0.178837	100.062127	17.955168	2.068598
0.179070	100.092608	17.960555	2.071668
0.179302	100.123096	17.965943	2.074739
0.179535	100.153591	17.971332	2.077811
0.179767	100.184092	17.976723	2.080883
0.180000	100.214599	17.982114	2.083956
0.180233	100.245113	17.987507	2.087030
0.180465	100.275635	17.992900	2.090104
0.180698	100.306164	17.998296	2.093179
0.180930	100.336701	18.003692	2.096255
0.181163	100.367245	18.009090	2.099331
0.181395	100.397796	18.014489	2.102408
0.181628	100.428355	18.019889	2.105486
0.181860	100.458921	18.025290	2.108565
0.182093	100.489494	18.030693	2.111644
0.182326	100.520075	18.036097	2.114724
0.182558	100.550662	18.041502	2.117805
0.182791	100.581257	18.046909	2.120886
0.183023	100.611859	18.052316	2.123968
0.183256	100.642467	18.057725	2.127051
0.183488	100.673083	18.063135	2.130135
0.183721	100.703706	18.068546	2.133219
0.183953	100.734335	18.073959	2.136303
0.184186	100.764972	18.079372	2.139389
0.184419	100.795615	18.084787	2.142475
0.184651	100.826265	18.090203	2.145562
0.184884	100.856922	18.095620	2.148650
0.185116	100.887586	18.101038	2.151738
0.185349	100.918256	18.106457	2.154826
0.185581	100.948933	18.111878	2.157916
0.185814	100.979617	18.117300	2.161006
0.186047	101.010307	18.122722	2.164097
0.186279	101.041004	18.128146	2.167188
0.186512	101.071707	18.133571	2.170280
0.186744	101.102417	18.138997	2.173373
0.186977	101.133133	18.144424	2.176466
0.187209	101.163855	18.149853	2.179560
0.187442	101.194584	18.155282	2.182655
0.187674	101.225319	18.160713	2.185750
0.187907	101.256061	18.166144	2.188845
0.188140	101.286808	18.171577	2.191942
0.188372	101.317562	18.177010	2.195039
0.188605	101.348322	18.182445	2.198136
0.188837	101.379088	18.187881	2.201234
0.189070	101.409860	18.193318	2.204333
0.189302	101.440639	18.198755	2.207433
0.189535	101.471423	18.204194	2.210532
0.189767	101.502213	18.209634	2.213633
0.190000	101.533009	18.215075	2.216734
0.190233	101.563812	18.220517	2.219836
0.190465	101.594621	18.225960	2.222938
0.190698	101.625438	18.231405	2.226041
0.190930	101.656261	18.236850	2.229145
0.191163	101.687091	18.242297	2.232249
0.191395	101.717928	18.247745	2.235354
0.191628	101.748772	18.253194	2.238460
0.191860	101.779623	18.258644	2.241567
0.192093	101.810481	18.264095	2.244674
0.192326	101.841345	18.269548	2.247781
0.192558	101.872215	18.275002	2.250890
0.192791	101.903093	18.280456	2.253999
0.193023	101.933977	18.285912	2.257108
0.193256	101.964867	18.291369	2.260219
0.193488	101.995764	18.296827	2.263330
0.193721	102.026668	18.302287	2.266441
0.193953	102.057578	18.307747	2.269553
0.194186	102.088494	18.313209	2.272666
0.194419	102.119417	18.318671	2.275780
0.194651	102.150346	18.324135	2.278894
0.194884	102.181281	18.329599	2.282008
0.195116	102.212223	18.335065	2.285124
0.195349	102.243170	18.340532	2.288239
0.195581	102.274124	18.346000	2.291356
0.195814	102.305084	18.351469	2.294473
0.196047	102.336051	18.356939	2.297591
0.196279	102.367023	18.362410	2.300709
0.196512	102.398001	18.367882	2.303828
0.196744	102.428985	18.373355	2.306947
0.196977	102.459975	18.378829	2.310067
0.197209	102.490971	18.384304	2.313188
0.197442	102.521973	18.389780	2.316309
0.197674	102.552981	18.395257	2.319431
0.197907	102.583995	18.400735	2.322553
0.198140	102.615014	18.406214	2.325676
0.198372	102.646039	18.411694	2.328799
0.198605	102.677070	18.417175	2.331923
0.198837	102.708106	18.422657	2.335048
0.199070	102.739148	18.428140	2.338173
0.199302	102.770195	18.433624	2.341298
0.199535	102.801248	18.439109	2.344424
0.199767	102.832307	18.444594	2.347551
0.200000	102.863371	18.450081	2.350678
0.200233	102.894441	18.455569	2.353806
0.200465	102.925517	18.461057	2.356934
0.200698	102.956600	18.466547	2.360063
0.200930	102.987690	18.472038	2.363193
0.201163	103.018786	18.477530	2.366323
0.201395	103.049888	18.483024	2.369454
0.201628	103.080996	18.488518	2.372585
0.201860	103.112111	18.494013	2.375717
0.202093	103.143232	18.499510	2.378850
0.202326	103.174359	18.505007	2.381983
0.202558	103.205492	18.510506	2.385117
0.202791	103.236631	18.516005	2.388252
0.203023	103.267777	18.521506	2.391387
0.203256	103.298929	18.527007	2.394523
0.203488	103.330086	18.532510	2.397659
0.203721	103.361250	18.538014	2.400796
0.203953	103.392419	18.543518	2.403933
0.204186	103.423595	18.549024	2.407071
0.204419	103.454776	18.554531	2.410210
0.204651	103.485963	18.560038	2.413349
0.204884	103.517156	18.565547	2.416489
0.205116	103.548355	18.571057	2.419629
0.205349	103.579559	18.576567	2.422770
0.205581	103.610769	18.582079	2.425911
0.205814	103.641985	18.587591	2.429053
0.206047	103.673206	18.593105	2.432195
0.206279	103.704433	18.598619	2.435338
0.206512	103.735666	18.604135	2.438482
0.206744	103.766904	18.609651	2.441626
0.206977	103.798147	18.615169	2.444771
0.207209	103.829396	18.620687	2.447916
0.207442	103.860651	18.626206	2.451061
0.207674	103.891910	18.631726	2.454207
0.207907	103.923175	18.637247	2.457354
0.208140	103.954446	18.642769	2.460501
0.208372	103.985721	18.648291	2.463649
0.208605	104.017002	18.653815	2.466797
0.208837	104.048288	18.659340	2.469946
0.209070	104.079579	18.664865	2.473095
0.209302	104.110875	18.670391	2.476245
0.209535	104.142176	18.675918	2.479395
0.209767	104.173483	18.681446	2.482546
0.210000	104.204794	18.686975	2.485697
0.210233	104.236111	18.692505	2.488849
0.210465	104.267434	18.698035	2.492001
0.210698	104.298762	18.703567	2.495154
0.210930	104.330097	18.709100	2.498307
0.211163	104.361438	18.714634	2.501461
0.211395	104.392784	18.720169	2.504616
0.211628	104.424136	18.725704	2.507771
0.211860	104.455494	18.731241	2.510927
0.212093	104.486858	18.736779	2.514083
0.212326	104.518228	18.742318	2.517240
0.212558	104.549603	18.747857	2.520397
0.212791	104.580984	18.753398	2.523555
0.213023	104.612370	18.758939	2.526714
0.213256	104.643762	18.764482	2.529873
0.213488	104.675160	18.770026	2.533032
0.213721	104.706563	18.775570	2.536192
0.213953	104.737972	18.781115	2.539353
0.214186	104.769386	18.786662	2.542514
0.214419	104.800805	18.792209	2.545676
0.214651	104.832230	18.797757	2.548838
0.214884	104.863660	18.803306	2.552001
0.215116	104.895095	18.808856	2.555164
0.215349	104.926536	18.814407	2.558328
0.215581	104.957981	18.819958	2.561492
0.215814	104.989432	18.825511	2.564656
0.216047	105.020889	18.831064	2.567822
0.216279	105.052350	18.836618	2.570987
0.216512	105.083816	18.842174	2.574154
0.216744	105.115288	18.847730	2.577320
0.216977	105.146764	18.853287	2.580487
0.217209	105.178245	18.858844	2.583655
0.217442	105.209732	18.864403	2.586823
0.217674	105.241223	18.869962	2.589992
0.217907	105.272719	18.875522	2.593161
0.218140	105.304220	18.881083	2.596330
0.218372	105.335725	18.886645	2.599500
0.218605	105.367236	18.892208	2.602671
0.218837	105.398751	18.897771	2.605842
0.219070	105.430271	18.903335	2.609013
0.219302	105.461795	18.908900	2.612185
0.219535	105.493324	18.914466	2.615357
0.219767	105.524858	18.920033	2.618530
0.220000	105.556396	18.925600	2.621703
0.220233	105.587939	18.931168	2.624877
0.220465	105.619488	18.936737	2.628051
0.220698	105.651042	18.942307	2.631225
0.220930	105.682602	18.947878	2.634401
0.221163	105.714167	18.953450	2.637576
0.221395	105.745737	18.959023	2.640753
0.221628	105.777313	18.964597	2.643929
0.221860	105.808894	18.970171	2.647107
0.222093	105.840481	18.975747	2.650284
0.222326	105.872072	18.981323	2.653463
0.222558	105.903669	18.986900	2.656641
0.222791	105.935271	18.992479	2.659821
0.223023	105.966878	18.998058	2.663000
0.223256	105.998490	19.003637	2.666181
0.223488	106.030108	19.009218	2.669362
0.223721	106.061730	19.014800	2.672543
0.223953	106.093357	19.020382	2.675724
0.224186	106.124989	19.025965	2.678907
0.224419	106.156627	19.031550	2.682089
0.224651	106.188269	19.037135	2.685272
0.224884	106.219915	19.042720	2.688456
0.225116	106.251567	19.048307	2.691640
0.225349	106.283224	19.053894	2.694825
0.225581	106.314885	19.059482	2.698010
0.225814	106.346551	19.065071	2.701195
0.226047	106.378222	19.070661	2.704381
0.226279	106.409897	19.076252	2.707567
0.226512	106.441577	19.081843	2.710754
0.226744	106.473261	19.087435	2.713941
0.226977	106.504950	19.093028	2.717129
0.227209	106.536644	19.098622	2.720317
0.227442	106.568342	19.104216	2.723506
0.227674	106.600044	19.109811	2.726695
0.227907	106.631751	19.115407	2.729884
0.228140	106.663462	19.121004	2.733074
0.228372	106.695178	19.126601	2.736264
0.228605	106.726898	19.132199	2.739455
0.228837	106.758622	19.137798	2.742646
0.229070	106.790350	19.143397	2.745837
0.229302	106.822083	19.148997	2.749029
0.229535	106.853819	19.154598	2.752221
0.229767	106.885560	19.160200	2.755414
0.230000	106.917305	19.165802	2.758607
0.230233	106.949054	19.171405	2.761800
0.230465	106.980809	19.177009	2.764994
0.230698	107.012568	19.182614	2.768189
0.230930	107.044333	19.188219	2.771384
0.231163	107.076102	19.193826	2.774579
0.231395	107.107876	19.199433	2.777775
0.231628	107.139656	19.205041	2.780971
0.231860	107.171440	19.210650	2.784168
0.232093	107.203228	19.216259	2.787365
0.232326	107.235022	19.221870	2.790563
0.232558	107.266820	19.227481	2.793761
0.232791	107.298623	19.233093	2.796960
0.233023	107.330431	19.238706	2.800159
0.233256	107.362243	19.244319	2.803359
0.233488	107.394060	19.249934	2.806559
0.233721	107.425881	19.255549	2.809759
0.233953	107.457707	19.261165	2.812960
0.234186	107.489537	19.266782	2.816161
0.234419	107.521372	19.272399	2.819363
0.234651	107.553211	19.278017	2.822565
0.234884	107.585055	19.283636	2.825767
0.235116	107.616903	19.289256	2.828970
0.235349	107.648755	19.294876	2.832174
0.235581	107.680612	19.300497	2.835377
0.235814	107.712473	19.306119	2.838582
0.236047	107.744338	19.311741	2.841786
0.236279	107.776207	19.317365	2.844991
0.236512	107.808080	19.322989	2.848197
0.236744	107.839958	19.328613	2.851402
0.236977	107.871840	19.334239	2.854609
0.237209	107.903725	19.339864	2.857815
0.237442	107.935615	19.345491	2.861022
0.237674	107.967509	19.351118	2.864229
0.237907	107.999406	19.356746	2.867437
0.238140	108.031308	19.362375	2.870645
0.238372	108.063213	19.368004	2.873854
0.238605	108.095122	19.373634	2.877063
0.238837	108.127036	19.379265	2.880272
0.239070	108.158952	19.384896	2.883481
0.239302	108.190873	19.390528	2.886691
0.239535	108.222797	19.396160	2.889901
0.239767	108.254725	19.401793	2.893112
0.240000	108.286657	19.407427	2.896323
0.240233	108.318593	19.413061	2.899534
0.240465	108.350533	19.418696	2.902746
0.240698	108.382478	19.424332	2.905958
0.240930	108.414427	19.429969	2.909171
0.241163	108.446381	19.435606	2.912384
0.241395	108.478339	19.441245	2.915598
0.241628	108.510302	19.446883	2.918812
0.241860	108.542269	19.452523	2.922026
0.242093	108.574240	19.458163	2.925241
0.242326	108.606216	19.463805	2.928456
0.242558	108.638195	19.469446	2.931671
0.242791	108.670180	19.475089	2.934887
0.243023	108.702168	19.480732	2.938104
0.243256	108.734160	19.486376	2.941321
0.243488	108.766157	19.492021	2.944538
0.243721	108.798158	19.497666	2.947755
0.243953	108.830162	19.503312	2.950973
0.244186	108.862171	19.508958	2.954192
0.244419	108.894184	19.514606	2.957410
0.244651	108.926200	19.520254	2.960630
0.244884	108.958221	19.525902	2.963849
0.245116	108.990246	19.531552	2.967069
0.245349	109.022274	19.537202	2.970289
0.245581	109.054306	19.542852	2.973510
0.245814	109.086342	19.548503	2.976731
0.246047	109.118382	19.554155	2.979952
0.246279	109.150426	19.559808	2.983174
0.246512	109.182473	19.565461	2.986396
0.246744	109.214524	19.571114	2.989618
0.246977	109.246578	19.576769	2.992841
0.247209	109.278637	19.582424	2.996064
0.247442	109.310698	19.588079	2.999287
0.247674	109.342763	19.593735	3.002511
0.247907	109.374832	19.599392	3.005735
0.248140	109.406904	19.605049	3.008959
0.248372	109.438980	19.610707	3.012184
0.248605	109.471059	19.616365	3.015409
0.248837	109.503142	19.622024	3.018635
0.249070	109.535227	19.627684	3.021860
0.249302	109.567316	19.633344	3.025086
0.249535	109.599409	19.639004	3.028313
0.249767	109.631504	19.644665	3.031539
0.250000	109.663603	19.650327	3.034766
0.250233	109.695705	19.655989	3.037993
0.250465	109.727812	19.661652	3.041221
0.250698	109.759922	19.667316	3.044449
0.250930	109.792037	19.672980	3.047677
0.251163	109.824156	19.678645	3.050906
0.251395	109.856278	19.684311	3.054135
0.251628	109.888405	19.689977	3.057365
0.251860	109.920535	19.695644	3.060595
0.252093	109.952669	19.701311	3.063825
0.252326	109.984807	19.706980	3.067056
0.252558	110.016949	19.712648	3.070287
0.252791	110.049095	19.718318	3.073518
0.253023	110.081244	19.723988	3.076750
0.253256	110.113397	19.729659	3.079982
0.253488	110.145554	19.735330	3.083214
0.253721	110.177715	19.741002	3.086447
0.253953	110.209879	19.746675	3.089680
0.254186	110.242046	19.752348	3.092913
0.254419	110.274217	19.758021	3.096147
0.254651	110.306392	19.763696	3.099381
0.254884	110.338570	19.769371	3.102616
0.255116	110.370752	19.775046	3.105850
0.255349	110.402937	19.780722	3.109085
0.255581	110.435125	19.786399	3.112321
0.255814	110.467317	19.792076	3.115557
0.256047	110.499512	19.797753	3.118793
0.256279	110.531710	19.803432	3.122029
0.256512	110.563912	19.809110	3.125266
0.256744	110.596117	19.814790	3.128502
0.256977	110.628325	19.820470	3.131740
0.257209	110.660536	19.826150	3.134977
0.257442	110.692750	19.831831	3.138215
0.257674	110.724967	19.837512	3.141453
0.257907	110.757188	19.843194	3.144692
0.258140	110.789411	19.848877	3.147930
0.258372	110.821638	19.854559	3.151169
0.258605	110.853867	19.860243	3.154409
0.258837	110.886099	19.865927	3.157648
0.259070	110.918335	19.871611	3.160888
0.259302	110.950573	19.877296	3.164128
0.259535	110.982814	19.882981	3.167368
0.259767	111.015057	19.888667	3.170609
0.260000	111.047304	19.894353	3.173850
0.260233	111.079554	19.900040	3.177091
0.260465	111.111807	19.905727	3.180333
0.260698	111.144064	19.911415	3.183575
0.260930	111.176325	19.917104	3.186817
0.261163	111.208589	19.922793	3.190059
0.261395	111.240856	19.928482	3.193302
0.261628	111.273127	19.934173	3.196545
0.261860	111.305402	19.939863	3.199789
0.262093	111.337680	19.945555	3.203033
0.262326	111.369961	19.951247	3.206277
0.262558	111.402245	19.956939	3.209522
0.262791	111.434533	19.962633	3.212766
0.263023	111.466825	19.968326	3.216011
0.263256	111.499119	19.974020	3.219257
0.263488	111.531417	19.979715	3.222503
0.263721	111.563718	19.985410	3.225749
0.263953	111.596022	19.991106	3.228995
0.264186	111.628329	19.996802	3.232242
0.264419	111.660639	20.002499	3.235489
0.264651	111.692953	20.008196	3.238736
0.264884	111.725269	20.013894	3.241983
0.265116	111.757588	20.019592	3.245231
0.265349	111.789911	20.025291	3.248479
0.265581	111.822236	20.030991	3.251727
0.265814	111.854564	20.036690	3.254976
0.266047	111.886896	20.042390	3.258225
0.266279	111.919229	20.048091	3.261474
0.266512	111.951566	20.053792	3.264724
0.266744	111.983906	20.059494	3.267973
0.266977	112.016248	20.065196	3.271223
0.267209	112.048593	20.070898	3.274473
0.267442	112.080941	20.076601	3.277724
0.267674	112.113291	20.082305	3.280974
0.267907	112.145644	20.088009	3.284225
0.268140	112.178000	20.093713	3.287476
0.268372	112.210358	20.099417	3.290728
0.268605	112.242719	20.105122	3.293979
0.268837	112.275082	20.110828	3.297231
0.269070	112.307447	20.116534	3.300483
0.269302	112.339815	20.122240	3.303736
0.269535	112.372186	20.127947	3.306988
0.269767	112.404559	20.133654	3.310241
0.270000	112.436934	20.139361	3.313494
0.270233	112.469312	20.145069	3.316747
0.270465	112.501693	20.150777	3.320001
0.270698	112.534077	20.156486	3.323255
0.270930	112.566465	20.162195	3.326509
0.271163	112.598855	20.167905	3.329763
0.271395	112.631249	20.173616	3.333018
0.271628	112.663646	20.179327	3.336273
0.271860	112.696045	20.185038	3.339528
0.272093	112.728448	20.190750	3.342784
0.272326	112.760853	20.196462	3.346039
0.272558	112.793262	20.202175	3.349295
0.272791	112.825673	20.207889	3.352552
0.273023	112.858087	20.213602	3.355808
0.273256	112.890504	20.219317	3.359065
0.273488	112.922924	20.225031	3.362322
0.273721	112.955346	20.230746	3.365580
0.273953	112.987771	20.236462	3.368837
0.274186	113.020199	20.242178	3.372095
0.274419	113.052630	20.247895	3.375353
0.274651	113.085063	20.253611	3.378612
0.274884	113.117499	20.259329	3.381870
0.275116	113.149937	20.265046	3.385129
0.275349	113.182378	20.270765	3.388388
0.275581	113.214821	20.276483	3.391648
0.275814	113.247267	20.282202	3.394907
0.276047	113.279716	20.287921	3.398167
0.276279	113.312166	20.293641	3.401427
0.276512	113.344619	20.299361	3.404687
0.276744	113.377075	20.305082	3.407948
0.276977	113.409533	20.310803	3.411208
0.277209	113.441993	20.316524	3.414469
0.277442	113.474455	20.322246	3.417730
0.277674	113.506920	20.327968	3.420992
0.277907	113.539386	20.333690	3.424253
0.278140	113.571855	20.339413	3.427515
0.278372	113.604326	20.345136	3.430777
0.278605	113.636799	20.350859	3.434039
0.278837	113.669275	20.356583	3.437301
0.279070	113.701752	20.362307	3.440563
0.279302	113.734231	20.368031	3.443826
0.279535	113.766713	20.373756	3.447089
0.279767	113.799196	20.379481	3.450352
0.280000	113.831681	20.385206	3.453615
0.280233	113.864168	20.390932	3.456878
0.280465	113.896659	20.396658	3.460142
0.280698	113.929152	20.402384	3.463406
0.280930	113.961647	20.408111	3.466670
0.281163	113.994146	20.413839	3.469934
0.281395	114.026646	20.419567	3.473199
0.281628	114.059150	20.425295	3.476464
0.281860	114.091656	20.431023	3.479729
0.282093	114.124164	20.436753	3.482994
0.282326	114.156675	20.442482	3.486260
0.282558	114.189189	20.448212	3.489526
0.282791	114.221705	20.453942	3.492792
0.283023	114.254223	20.459673	3.496058
0.283256	114.286744	20.465404	3.499324
0.283488	114.319267	20.471135	3.502591
0.283721	114.351793	20.476867	3.505858
0.283953	114.384320	20.482599	3.509125
0.284186	114.416850	20.488332	3.512392
0.284419	114.449382	20.494065	3.515660
0.284651	114.481917	20.499798	3.518928
0.284884	114.514453	20.505532	3.522196
0.285116	114.546992	20.511266	3.525464
0.285349	114.579533	20.517000	3.528732
0.285581	114.612076	20.522735	3.532000
0.285814	114.644621	20.528470	3.535269
0.286047	114.677168	20.534205	3.538538
0.286279	114.709717	20.539941	3.541807
0.286512	114.742268	20.545676	3.545076
0.286744	114.774820	20.551413	3.548346
0.286977	114.807375	20.557149	3.551615
0.287209	114.839932	20.562886	3.554885
0.287442	114.872490	20.568623	3.558155
0.287674	114.905050	20.574361	3.561425
0.287907	114.937612	20.580098	3.564695
0.288140	114.970176	20.585836	3.567966
0.288372	115.002742	20.591574	3.571236
0.288605	115.035309	20.597313	3.574507
0.288837	115.067878	20.603052	3.577778
0.289070	115.100448	20.608791	3.581049
0.289302	115.133020	20.614530	3.584320
0.289535	115.165594	20.620269	3.587591
0.289767	115.198169	20.626009	3.590862
0.290000	115.230746	20.631749	3.594134
0.290233	115.263325	20.637489	3.597406
0.290465	115.295906	20.643230	3.600678
0.290698	115.328489	20.648971	3.603950
0.290930	115.361074	20.654712	3.607222
0.291163	115.393662	20.660454	3.610495
0.291395	115.426252	20.666196	3.613767
0.291628	115.458844	20.671938	3.617040
0.291860	115.491438	20.677681	3.620313
0.292093	115.524034	20.683424	3.623587
0.292326	115.556632	20.689168	3.626860
0.292558	115.589233	20.694912	3.630134
0.292791	115.621835	20.700656	3.633408
0.293023	115.654439	20.706400	3.636682
0.293256	115.687046	20.712145	3.639956
0.293488	115.719654	20.717890	3.643231
0.293721	115.752264	20.723635	3.646505
0.293953	115.784876	20.729381	3.649780
0.294186	115.817490	20.735126	3.653055
0.294419	115.850106	20.740873	3.656330
0.294651	115.882723	20.746619	3.659605
0.294884	115.915342	20.752366	3.662881
0.295116	115.947963	20.758113	3.666156
0.295349	115.980586	20.763860	3.669432
0.295581	116.013210	20.769608	3.672708
0.295814	116.045836	20.775355	3.675984
0.296047	116.078463	20.781103	3.679260
0.296279	116.111092	20.786852	3.682536
0.296512	116.143723	20.792600	3.685813
0.296744	116.176355	20.798349	3.689089
0.296977	116.208988	20.804098	3.692366
0.297209	116.241624	20.809847	3.695643
0.297442	116.274260	20.815597	3.698919
0.297674	116.306898	20.821346	3.702197
0.297907	116.339537	20.827096	3.705474
0.298140	116.372178	20.832846	3.708751
0.298372	116.404820	20.838596	3.712028
0.298605	116.437463	20.844347	3.715306
0.298837	116.470107	20.850097	3.718583
0.299070	116.502753	20.855848	3.721861
0.299302	116.535400	20.861599	3.725139
0.299535	116.568048	20.867350	3.728417
0.299767	116.600697	20.873102	3.731695
0.300000	116.633347	20.878853	3.734973
0.300233	116.665999	20.884605	3.738251
0.300465	116.698652	20.890357	3.741530
0.300698	116.731308	20.896109	3.744808
0.300930	116.763965	20.901862	3.748087
0.301163	116.796624	20.907614	3.751366
0.301395	116.829285	20.913368	3.754645
0.301628	116.861948	20.919121	3.757924
0.301860	116.894612	20.924875	3.761203
0.302093	116.927278	20.930629	3.764483
0.302326	116.959945	20.936383	3.767762
0.302558	116.992615	20.942137	3.771042
0.302791	117.025286	20.947892	3.774322
0.303023	117.057958	20.953647	3.777602
0.303256	117.090632	20.959402	3.780882
0.303488	117.123307	20.965157	3.784163
0.303721	117.155984	20.970913	3.787443
0.303953	117.188663	20.976669	3.790724
0.304186	117.221342	20.982425	3.794004
0.304419	117.254024	20.988181	3.797285
0.304651	117.286706	20.993938	3.800566
0.304884	117.319390	20.999695	3.803847
0.305116	117.352075	21.005451	3.807128
0.305349	117.384762	21.011208	3.810410
0.305581	117.417449	21.016966	3.813691
0.305814	117.450138	21.022723	3.816973
0.306047	117.482828	21.028481	3.820254
0.306279	117.515520	21.034239	3.823536
0.306512	117.548212	21.039997	3.826818
0.306744	117.580906	21.045755	3.830099
0.306977	117.613600	21.051513	3.833381
0.307209	117.646296	21.057272	3.836664
0.307442	117.678993	21.063030	3.839946
0.307674	117.711691	21.068789	3.843228
0.307907	117.744389	21.074548	3.846510
0.308140	117.777089	21.080307	3.849793
0.308372	117.809789	21.086066	3.853075
0.308605	117.842491	21.091825	3.856358
0.308837	117.875193	21.097585	3.859640
0.309070	117.907896	21.103344	3.862923
0.309302	117.940600	21.109104	3.866205
0.309535	117.973305	21.114863	3.869488
0.309767	118.006010	21.120623	3.872771
0.310000	118.038716	21.126383	3.876054
0.310233	118.071423	21.132143	3.879337
0.310465	118.104132	21.137903	3.882620
0.310698	118.136842	21.143664	3.885903
0.310930	118.169553	21.149425	3.889187
0.311163	118.202266	21.155185	3.892470
0.311395	118.234980	21.160947	3.895754
0.311628	118.267696	21.166708	3.899037
0.311860	118.300413	21.172469	3.902321
0.312093	118.333131	21.178231	3.905605
0.312326	118.365850	21.183993	3.908889
0.312558	118.398571	21.189755	3.912173
0.312791	118.431292	21.195517	3.915458
0.313023	118.464015	21.201280	3.918742
0.313256	118.496739	21.207042	3.922026
0.313488	118.529464	21.212805	3.925311
0.313721	118.562190	21.218568	3.928596
0.313953	118.594918	21.224331	3.931880
0.314186	118.627646	21.230094	3.935165
0.314419	118.660375	21.235858	3.938450
0.314651	118.693105	21.241621	3.941735
0.314884	118.725836	21.247385	3.945020
0.315116	118.758568	21.253149	3.948305
0.315349	118.791301	21.258912	3.951590
0.315581	118.824035	21.264676	3.954876
0.315814	118.856770	21.270441	3.958161
0.316047	118.889505	21.276205	3.961446
0.316279	118.922241	21.281969	3.964732
0.316512	118.954978	21.287733	3.968017
0.316744	118.987716	21.293498	3.971303
0.316977	119.020454	21.299263	3.974588
0.317209	119.053193	21.305027	3.977874
0.317442	119.085932	21.310792	3.981160
0.317674	119.118673	21.316557	3.984445
0.317907	119.151413	21.322322	3.987731
0.318140	119.184155	21.328087	3.991017
0.318372	119.216896	21.333852	3.994303
0.318605	119.249639	21.339617	3.997588
0.318837	119.282381	21.345382	4.000874
0.319070	119.315125	21.351147	4.004160
0.319302	119.347868	21.356912	4.007446
0.319535	119.380612	21.362677	4.010732
0.319767	119.413356	21.368443	4.014018
0.320000	119.446101	21.374208	4.017304
0.320233	119.478846	21.379973	4.020590
0.320465	119.511593	21.385739	4.023876
0.320698	119.544340	21.391505	4.027162
0.320930	119.577089	21.397270	4.030449
0.321163	119.609838	21.403036	4.033735
0.321395	119.642588	21.408802	4.037021
0.321628	119.675339	21.414569	4.040308
0.321860	119.708092	21.420335	4.043594
0.322093	119.740845	21.426102	4.046881
0.322326	119.773598	21.431868	4.050168
0.322558	119.806353	21.437635	4.053455
0.322791	119.839108	21.443402	4.056741
0.323023	119.871865	21.449168	4.060028
0.323256	119.904622	21.454935	4.063315
0.323488	119.937379	21.460703	4.066602
0.323721	119.970138	21.466470	4.069889
0.323953	120.002896	21.472237	4.073176
0.324186	120.035656	21.478004	4.076463
0.324419	120.068416	21.483772	4.079751
0.324651	120.101177	21.489539	4.083038
0.324884	120.133938	21.495307	4.086325
0.325116	120.166700	21.501074	4.089612
0.325349	120.199462	21.506842	4.092900
0.325581	120.232225	21.512610	4.096187
0.325814	120.264988	21.518377	4.099474
0.326047	120.297752	21.524145	4.102762
0.326279	120.330516	21.529913	4.106049
0.326512	120.363280	21.535681	4.109336
0.326744	120.396045	21.541449	4.112624
0.326977	120.428809	21.547217	4.115911
0.327209	120.461575	21.552985	4.119199
0.327442	120.494340	21.558752	4.122486
0.327674	120.527106	21.564520	4.125774
0.327907	120.559872	21.570288	4.129061
0.328140	120.592638	21.576056	4.132349
0.328372	120.625404	21.581824	4.135636
0.328605	120.658170	21.587592	4.138924
0.328837	120.690936	21.593360	4.142211
0.329070	120.723703	21.599128	4.145498
0.329302	120.756469	21.604896	4.148786
0.329535	120.789235	21.610663	4.152073
0.329767	120.822002	21.616431	4.155361
0.330000	120.854768	21.622199	4.158648
0.330233	120.887535	21.627967	4.161935
0.330465	120.920302	21.633735	4.165223
0.330698	120.953070	21.639503	4.168510
0.330930	120.985838	21.645271	4.171798
0.331163	121.018607	21.651039	4.175085
0.331395	121.051377	21.656807	4.178373
0.331628	121.084147	21.662575	4.181661
0.331860	121.116918	21.668343	4.184948
0.332093	121.149689	21.674112	4.188236
0.332326	121.182460	21.679880	4.191524
0.332558	121.215232	21.685648	4.194811
0.332791	121.248005	21.691417	4.198099
0.333023	121.280778	21.697185	4.201387
0.333256	121.313551	21.702954	4.204675
0.333488	121.346324	21.708722	4.207962
0.333721	121.379098	21.714491	4.211250
0.333953	121.411872	21.720259	4.214538
0.334186	121.444646	21.726028	4.217826
0.334419	121.477420	21.731797	4.221114
0.334651	121.510195	21.737565	4.224402
0.334884	121.542970	21.743334	4.227689
0.335116	121.575745	21.749102	4.230977
0.335349	121.608519	21.754871	4.234265
0.335581	121.641295	21.760639	4.237553
0.335814	121.674070	21.766408	4.240841
0.336047	121.706845	21.772176	4.244129
0.336279	121.739620	21.777945	4.247416
0.336512	121.772395	21.783713	4.250704
0.336744	121.805170	21.789482	4.253992
0.336977	121.837945	21.795250	4.257279
0.337209	121.870720	21.801018	4.260567
0.337442	121.903495	21.806786	4.263855
0.337674	121.936269	21.812555	4.267142
0.337907	121.969043	21.818323	4.270430
0.338140	122.001818	21.824091	4.273717
0.338372	122.034592	21.829859	4.277005
0.338605	122.067365	21.835627	4.280292
0.338837	122.100139	21.841394	4.283580
0.339070	122.132912	21.847162	4.286867
0.339302	122.165684	21.852930	4.290154
0.339535	122.198457	21.858697	4.293442
0.339767	122.231229	21.864465	4.296729
0.340000	122.264000	21.870232	4.300016
0.340233	122.296771	21.875999	4.303303
0.340465	122.329543	21.881767	4.306590
0.340698	122.362315	21.887534	4.309877
0.340930	122.395087	21.893301	4.313164
0.341163	122.427860	21.899068	4.316452
0.341395	122.460632	21.904836	4.319739
0.341628	122.493405	21.910603	4.323026
0.341860	122.526177	21.916370	4.326313
0.342093	122.558950	21.922138	4.329600
0.342326	122.591723	21.927905	4.332887
0.342558	122.624496	21.933672	4.336174
0.342791	122.657269	21.939439	4.339461
0.343023	122.690042	21.945206	4.342748
0.343256	122.722815	21.950973	4.346035
0.343488	122.755588	21.956740	4.349322
0.343721	122.788361	21.962507	4.352609
0.343953	122.821133	21.968274	4.355896
0.344186	122.853906	21.974041	4.359183
0.344419	122.886678	21.979808	4.362470
0.344651	122.919450	21.985575	4.365757
0.344884	122.952222	21.991342	4.369044
0.345116	122.984994	21.997108	4.372330
0.345349	123.017765	22.002875	4.375617
0.345581	123.050537	22.008641	4.378904
0.345814	123.083307	22.014408	4.382190
0.346047	123.116078	22.020174	4.385477
0.346279	123.148848	22.025940	4.388763
0.346512	123.181618	22.031706	4.392050
0.346744	123.214387	22.037472	4.395336
0.346977	123.247156	22.043238	4.398623
0.347209	123.279924	22.049004	4.401909
0.347442	123.312692	22.054770	4.405195
0.347674	123.345459	22.060535	4.408481
0.347907	123.378226	22.066301	4.411767
0.348140	123.410992	22.072066	4.415053
0.348372	123.443758	22.077831	4.418339
0.348605	123.476523	22.083596	4.421625
0.348837	123.509287	22.089361	4.424911
0.349070	123.542051	22.095126	4.428196
0.349302	123.574814	22.100890	4.431482
0.349535	123.607576	22.106655	4.434767
0.349767	123.640337	22.112419	4.438053
0.350000	123.673098	22.118183	4.441338
0.350233	123.705951	22.123963	4.444623
0.350465	123.738979	22.129774	4.447908
0.350698	123.772170	22.135614	4.451194
0.350930	123.805510	22.141480	4.454479
0.351163	123.838986	22.147370	4.457764
0.351395	123.872585	22.153281	4.461049
0.351628	123.906294	22.159212	4.464334
0.351860	123.940100	22.165159	4.467619
0.352093	123.973988	22.171122	4.470904
0.352326	124.007947	22.177096	4.474189
0.352558	124.041963	22.183081	4.477473
0.352791	124.076022	22.189073	4.480758
0.353023	124.110111	22.195070	4.484043
0.353256	124.144218	22.201071	4.487328
0.353488	124.178329	22.207072	4.490612
0.353721	124.212430	22.213071	4.493897
0.353953	124.246509	22.219067	4.497181
0.354186	124.280552	22.225056	4.500465
0.354419	124.314547	22.231036	4.503750
0.354651	124.348479	22.237006	4.507034
0.354884	124.382336	22.242962	4.510318
0.355116	124.416104	22.248903	4.513602
0.355349	124.449771	22.254826	4.516886
0.355581	124.483323	22.260728	4.520170
0.355814	124.516746	22.266608	4.523454
0.356047	124.550028	22.272463	4.526738
0.356279	124.583156	22.278291	4.530022
0.356512	124.616115	22.284089	4.533305
0.356744	124.648894	22.289856	4.536589
0.356977	124.681478	22.295588	4.539872
0.357209	124.713855	22.301284	4.543155
0.357442	124.746011	22.306940	4.546438
0.357674	124.777933	22.312556	4.549721
0.357907	124.809608	22.318128	4.553004
0.358140	124.841023	22.323654	4.556287
0.358372	124.872164	22.329132	4.559570
0.358605	124.903019	22.334560	4.562853
0.358837	124.933573	22.339935	4.566135
0.359070	124.963814	22.345255	4.569418
0.359302	124.993729	22.350517	4.572700
0.359535	125.023304	22.355720	4.575982
0.359767	125.052527	22.360860	4.579264
0.360000	125.081383	22.365936	4.582546
0.360233	125.110023	22.370974	4.585828
0.360465	125.138600	22.376001	4.589110
0.360698	125.167109	22.381016	4.592391
0.360930	125.195542	22.386017	4.595673
0.361163	125.223894	22.391004	4.598954
0.361395	125.252157	22.395976	4.602236
0.361628	125.280327	22.400931	4.605517
0.361860	125.308395	22.405868	4.608799
0.362093	125.336356	22.410786	4.612080
0.362326	125.364204	22.415685	4.615361
0.362558	125.391931	22.420562	4.618642
0.362791	125.419532	22.425417	4.621923
0.363023	125.447001	22.430248	4.625204
0.363256	125.474330	22.435055	4.628485
0.363488	125.501513	22.439837	4.631765
0.363721	125.528544	22.444591	4.635046
0.363953	125.555417	22.449318	4.638326
0.364186	125.582125	22.454016	4.641607
0.364419	125.608662	22.458683	4.644887
0.364651	125.635021	22.463320	4.648167
0.364884	125.661196	22.467924	4.651447
0.365116	125.687181	22.472494	4.654727
0.365349	125.712968	22.477030	4.658007
0.365581	125.738553	22.481530	4.661287
0.365814	125.763928	22.485993	4.664566
0.366047	125.789087	22.490418	4.667846
0.366279	125.814023	22.494804	4.671125
0.366512	125.838730	22.499150	4.674405
0.366744	125.863202	22.503454	4.677684
0.366977	125.887433	22.507716	4.680963
0.367209	125.911415	22.511934	4.684241
0.367442	125.935143	22.516107	4.687520
0.367674	125.958610	22.520235	4.690799
0.367907	125.981810	22.524315	4.694077
0.368140	126.004736	22.528347	4.697355
0.368372	126.027382	22.532330	4.700633
0.368605	126.049741	22.536263	4.703911
0.368837	126.071808	22.540144	4.707189
0.369070	126.093575	22.543972	4.710467
0.369302	126.115037	22.547747	4.713744
0.369535	126.136186	22.551467	4.717022
0.369767	126.157017	22.555130	4.720299
0.370000	126.177523	22.558737	4.723576
0.370233	126.197708	22.562287	4.726853
0.370465	126.217586	22.565783	4.730130
0.370698	126.237169	22.569227	4.733406
0.370930	126.256469	22.572622	4.736683
0.371163	126.275495	22.575968	4.739959
0.371395	126.294259	22.579268	4.743236
0.371628	126.312772	22.582524	4.746512
0.371860	126.331045	22.585738	4.749788
0.372093	126.349089	22.588911	4.753064
0.372326	126.366916	22.592046	4.756340
0.372558	126.384535	22.595145	4.759616
0.372791	126.401959	22.598209	4.762892
0.373023	126.419198	22.601241	4.766167
0.373256	126.436263	22.604243	4.769442
0.373488	126.453165	22.607215	4.772718
0.373721	126.469916	22.610161	4.775993
0.373953	126.486526	22.613082	4.779268
0.374186	126.503007	22.615981	4.782543
0.374419	126.519369	22.618858	4.785818
0.374651	126.535623	22.621717	4.789092
0.374884	126.551781	22.624559	4.792367
0.375116	126.567854	22.627385	4.795641
0.375349	126.583852	22.630199	4.798915
0.375581	126.599787	22.633001	4.802189
0.375814	126.615669	22.635794	4.805463
0.376047	126.631511	22.638580	4.808736
0.376279	126.647322	22.641361	4.812010
0.376512	126.663113	22.644138	4.815283
0.376744	126.678897	22.646914	4.818557
0.376977	126.694684	22.649690	4.821830
0.377209	126.710484	22.652469	4.825102
0.377442	126.726309	22.655252	4.828375
0.377674	126.742171	22.658041	4.831648
0.377907	126.758079	22.660839	4.834920
0.378140	126.774046	22.663647	4.838192
0.378372	126.790081	22.666467	4.841464
0.378605	126.806197	22.669301	4.844736
0.378837	126.822404	22.672151	4.848008
0.379070	126.838713	22.675019	4.851279
0.379302	126.855135	22.677907	4.854550
0.379535	126.871682	22.680817	4.857821
0.379767	126.888364	22.683751	4.861092
0.380000	126.905192	22.686710	4.864363
0.380233	126.922097	22.689683	4.867634
0.380465	126.939001	22.692656	4.870904
0.380698	126.955905	22.695628	4.874174
0.380930	126.972808	22.698601	4.877444
0.381163	126.989710	22.701573	4.880714
0.381395	127.006611	22.704545	4.883984
0.381628	127.023512	22.707517	4.887254
0.381860	127.040412	22.710489	4.890523
0.382093	127.057312	22.713461	4.893793
0.382326	127.074210	22.716433	4.897062
0.382558	127.091108	22.719404	4.900331
0.382791	127.108005	22.722375	4.903600
0.383023	127.124901	22.725347	4.906869
0.383256	127.141797	22.728318	4.910137
0.383488	127.158692	22.731289	4.913406
0.383721	127.175586	22.734259	4.916674
0.383953	127.192479	22.737230	4.919942
0.384186	127.209371	22.740201	4.923210
0.384419	127.226262	22.743171	4.926478
0.384651	127.243153	22.746141	4.929745
0.384884	127.260043	22.749111	4.933013
0.385116	127.276931	22.752081	4.936280
0.385349	127.293819	22.755051	4.939547
0.385581	127.310706	22.758020	4.942814
0.385814	127.327592	22.760989	4.946080
0.386047	127.344477	22.763958	4.949347
0.386279	127.361362	22.766927	4.952613
0.386512	127.378245	22.769896	4.955879
0.386744	127.395127	22.772865	4.959145
0.386977	127.412009	22.775833	4.962411
0.387209	127.428889	22.778802	4.965676
0.387442	127.445768	22.781770	4.968942
0.387674	127.462646	22.784738	4.972207
0.387907	127.479524	22.787705	4.975472
0.388140	127.496400	22.790673	4.978736
0.388372	127.513275	22.793640	4.982001
0.388605	127.530149	22.796607	4.985265
0.388837	127.547022	22.799574	4.988529
0.389070	127.563894	22.802541	4.991793
0.389302	127.580765	22.805508	4.995057
0.389535	127.597635	22.808474	4.998320
0.389767	127.614503	22.811440	5.001583
0.390000	127.631371	22.814406	5.004846
0.390233	127.648238	22.817372	5.008109
0.390465	127.665103	22.820337	5.011371
0.390698	127.681968	22.823303	5.014634
0.390930	127.698832	22.826268	5.017896
0.391163	127.715695	22.829233	5.021158
0.391395	127.732558	22.832198	5.024420
0.391628	127.749419	22.835163	5.027682
0.391860	127.766280	22.838128	5.030943
0.392093	127.783139	22.841092	5.034204
0.392326	127.799998	22.844057	5.037466
0.392558	127.816856	22.847021	5.040727
0.392791	127.833713	22.849985	5.043987
0.393023	127.850569	22.852948	5.047248
0.393256	127.867424	22.855912	5.050508
0.393488	127.884278	22.858876	5.053769
0.393721	127.901131	22.861839	5.057029
0.393953	127.917983	22.864802	5.060288
0.394186	127.934834	22.867765	5.063548
0.394419	127.951684	22.870728	5.066807
0.394651	127.968533	22.873690	5.070067
0.394884	127.985381	22.876652	5.073326
0.395116	128.002228	22.879615	5.076584
0.395349	128.019074	22.882577	5.079843
0.395581	128.035918	22.885538	5.083101
0.395814	128.052762	22.888500	5.086359
0.396047	128.069605	22.891461	5.089617
0.396279	128.086446	22.894422	5.092875
0.396512	128.103287	22.897383	5.096132
0.396744	128.120126	22.900344	5.099390
0.396977	128.136964	22.903305	5.102647
0.397209	128.153801	22.906265	5.105903
0.397442	128.170637	22.909225	5.109160
0.397674	128.187472	22.912185	5.112416
0.397907	128.204305	22.915145	5.115672
0.398140	128.221137	22.918104	5.118928
0.398372	128.237968	22.921063	5.122184
0.398605	128.254798	22.924023	5.125439
0.398837	128.271627	22.926981	5.128694
0.399070	128.288454	22.929940	5.131949
0.399302	128.305280	22.932898	5.135204
0.399535	128.322105	22.935856	5.138458
0.399767	128.338929	22.938814	5.141712
0.400000	128.355751	22.941772	5.144966
0.400233	128.372572	22.944729	5.148220
0.400465	128.389392	22.947687	5.151473
0.400698	128.406212	22.950644	5.154726
0.400930	128.423030	22.953601	5.157979
0.401163	128.439847	22.956557	5.161232
0.401395	128.456663	22.959514	5.164485
0.401628	128.473478	22.962470	5.167737
0.401860	128.490292	22.965427	5.170989
0.402093	128.507105	22.968383	5.174241
0.402326	128.523917	22.971338	5.177493
0.402558	128.540728	22.974294	5.180744
0.402791	128.557538	22.977249	5.183996
0.403023	128.574346	22.980204	5.187247
0.403256	128.591154	22.983159	5.190498
0.403488	128.607960	22.986114	5.193748
0.403721	128.624765	22.989069	5.196999
0.403953	128.641569	22.992023	5.200249
0.404186	128.658372	22.994977	5.203499
0.404419	128.675174	22.997931	5.206748
0.404651	128.691975	23.000885	5.209998
0.404884	128.708774	23.003838	5.213247
0.405116	128.725572	23.006792	5.216496
0.405349	128.742369	23.009745	5.219745
0.405581	128.759165	23.012697	5.222993
0.405814	128.775960	23.015650	5.226241
0.406047	128.792753	23.018602	5.229489
0.406279	128.809545	23.021555	5.232737
0.406512	128.826335	23.024506	5.235985
0.406744	128.843125	23.027458	5.239232
0.406977	128.859913	23.030410	5.242479
0.407209	128.876700	23.033361	5.245726
0.407442	128.893485	23.036312	5.248972
0.407674	128.910270	23.039262	5.252218
0.407907	128.927052	23.042213	5.255464
0.408140	128.943834	23.045163	5.258710
0.408372	128.960614	23.048113	5.261955
0.408605	128.977393	23.051063	5.265200
0.408837	128.994170	23.054012	5.268445
0.409070	129.010946	23.056962	5.271690
0.409302	129.027721	23.059911	5.274934
0.409535	129.044494	23.062859	5.278178
0.409767	129.061266	23.065808	5.281422
0.410000	129.078036	23.068756	5.284665
0.410233	129.094805	23.071704	5.287908
0.410465	129.111573	23.074652	5.291151
0.410698	129.128340	23.077599	5.294394
0.410930	129.145105	23.080547	5.297636
0.411163	129.161870	23.083494	5.300879
0.411395	129.178633	23.086441	5.304121
0.411628	129.195395	23.089387	5.307362
0.411860	129.212155	23.092334	5.310604
0.412093	129.228915	23.095280	5.313845
0.412326	129.245673	23.098226	5.317086
0.412558	129.262430	23.101172	5.320327
0.412791	129.279186	23.104117	5.323567
0.413023	129.295941	23.107063	5.326808
0.413256	129.312694	23.110008	5.330048
0.413488	129.329446	23.112953	5.333288
0.413721	129.346197	23.115897	5.336527
0.413953	129.362946	23.118842	5.339766
0.414186	129.379695	23.121786	5.343005
0.414419	129.396441	23.124730	5.346244
0.414651	129.413187	23.127673	5.349483
0.414884	129.429931	23.130617	5.352721
0.415116	129.446674	23.133560	5.355959
0.415349	129.463415	23.136503	5.359196
0.415581	129.480155	23.139446	5.362434
0.415814	129.496894	23.142388	5.365671
0.416047	129.513631	23.145330	5.368908
0.416279	129.530367	23.148272	5.372144
0.416512	129.547101	23.151214	5.375380
0.416744	129.563834	23.154155	5.378616
0.416977	129.580566	23.157096	5.381852
0.417209	129.597296	23.160037	5.385087
0.417442	129.614024	23.162978	5.388323
0.417674	129.630751	23.165918	5.391557
0.417907	129.647477	23.168858	5.394792
0.418140	129.664201	23.171798	5.398026
0.418372	129.680924	23.174738	5.401260
0.418605	129.697645	23.177677	5.404494
0.418837	129.714364	23.180616	5.407727
0.419070	129.731082	23.183555	5.410960
0.419302	129.747799	23.186493	5.414193
0.419535	129.764514	23.189431	5.417425
0.419767	129.781227	23.192369	5.420657
0.420000	129.797939	23.195307	5.423889
0.420233	129.814649	23.198244	5.427120
0.420465	129.831358	23.201181	5.430352
0.420698	129.848066	23.204118	5.433583
0.420930	129.864773	23.207055	5.436813
0.421163	129.881478	23.209991	5.440044
0.421395	129.898181	23.212928	5.443274
0.421628	129.914884	23.215863	5.446504
0.421860	129.931585	23.218799	5.449734
0.422093	129.948285	23.221735	5.452963
0.422326	129.964983	23.224670	5.456192
0.422558	129.981680	23.227605	5.459421
0.422791	129.998375	23.230539	5.462649
0.423023	130.015069	23.233474	5.465878
0.423256	130.031762	23.236408	5.469106
0.423488	130.048453	23.239342	5.472333
0.423721	130.065143	23.242275	5.475561
0.423953	130.081832	23.245209	5.478788
0.424186	130.098518	23.248142	5.482015
0.424419	130.115204	23.251075	5.485241
0.424651	130.131888	23.254007	5.488467
0.424884	130.148570	23.256940	5.491693
0.425116	130.165251	23.259872	5.494919
0.425349	130.181931	23.262804	5.498144
0.425581	130.198609	23.265735	5.501369
0.425814	130.215285	23.268666	5.504594
0.426047	130.231960	23.271597	5.507818
0.426279	130.248633	23.274528	5.511043
0.426512	130.265305	23.277458	5.514266
0.426744	130.281975	23.280388	5.517490
0.426977	130.298644	23.283318	5.520713
0.427209	130.315311	23.286248	5.523936
0.427442	130.331976	23.289177	5.527158
0.427674	130.348640	23.292106	5.530381
0.427907	130.365302	23.295035	5.533603
0.428140	130.381962	23.297963	5.536824
0.428372	130.398621	23.300891	5.540045
0.428605	130.415278	23.303819	5.543266
0.428837	130.431934	23.306746	5.546487
0.429070	130.448588	23.309673	5.549707
0.429302	130.465240	23.312600	5.552927
0.429535	130.481890	23.315527	5.556147
0.429767	130.498539	23.318453	5.559366
0.430000	130.515186	23.321379	5.562585
0.430233	130.531831	23.324305	5.565804
0.430465	130.548475	23.327230	5.569022
0.430698	130.565118	23.330155	5.572240
0.430930	130.581759	23.333080	5.575458
0.431163	130.598399	23.336005	5.578675
0.431395	130.615037	23.338929	5.581892
0.431628	130.631673	23.341853	5.585109
0.431860	130.648309	23.344777	5.588326
0.432093	130.664942	23.347700	5.591542
0.432326	130.681574	23.350624	5.594758
0.432558	130.698205	23.353547	5.597974
0.432791	130.714834	23.356469	5.601189
0.433023	130.731461	23.359392	5.604404
0.433256	130.748087	23.362314	5.607619
0.433488	130.764711	23.365236	5.610833
0.433721	130.781334	23.368157	5.614047
0.433953	130.797955	23.371078	5.617261
0.434186	130.814575	23.373999	5.620475
0.434419	130.831193	23.376920	5.623688
0.434651	130.847809	23.379840	5.626901
0.434884	130.864424	23.382761	5.630113
0.435116	130.881037	23.385680	5.633325
0.435349	130.897648	23.388600	5.636537
0.435581	130.914258	23.391519	5.639749
0.435814	130.930866	23.394438	5.642960
0.436047	130.947473	23.397357	5.646171
0.436279	130.964077	23.400275	5.649381
0.436512	130.980680	23.403193	5.652592
0.436744	130.997281	23.406111	5.655802
0.436977	131.013881	23.409028	5.659011
0.437209	131.030479	23.411945	5.662220
0.437442	131.047075	23.414862	5.665429
0.437674	131.063669	23.417778	5.668638
0.437907	131.080262	23.420694	5.671846
0.438140	131.096853	23.423610	5.675054
0.438372	131.113442	23.426526	5.678261
0.438605	131.130029	23.429441	5.681468
0.438837	131.146614	23.432356	5.684675
0.439070	131.163198	23.435270	5.687881
0.439302	131.179780	23.438184	5.691087
0.439535	131.196360	23.441098	5.694293
0.439767	131.212938	23.444012	5.697498
0.440000	131.229514	23.446925	5.700703
0.440233	131.246089	23.449838	5.703908
0.440465	131.262662	23.452750	5.707112
0.440698	131.279233	23.455663	5.710316
0.440930	131.295803	23.458575	5.713519
0.441163	131.312371	23.461487	5.716723
0.441395	131.328937	23.464398	5.719926
0.441628	131.345502	23.467309	5.723128
0.441860	131.362066	23.470220	5.726331
0.442093	131.378627	23.473131	5.729533
0.442326	131.395187	23.476041	5.732734
0.442558	131.411745	23.478951	5.735936
0.442791	131.428302	23.481860	5.739137
0.443023	131.444857	23.484770	5.742337
0.443256	131.461410	23.487679	5.745538
0.443488	131.477962	23.490588	5.748738
0.443721	131.494511	23.493496	5.751937
0.443953	131.511060	23.496404	5.755137
0.444186	131.527606	23.499312	5.758336
0.444419	131.544150	23.502220	5.761534
0.444651	131.560693	23.505127	5.764733
0.444884	131.577234	23.508034	5.767930
0.445116	131.593774	23.510940	5.771128
0.445349	131.610311	23.513846	5.774325
0.445581	131.626847	23.516752	5.777522
0.445814	131.643381	23.519658	5.780719
0.446047	131.659913	23.522563	5.783915
0.446279	131.676443	23.525468	5.787111
0.446512	131.692972	23.528373	5.790306
0.446744	131.709498	23.531277	5.793501
0.446977	131.726023	23.534181	5.796696
0.447209	131.742546	23.537084	5.799890
0.447442	131.759067	23.539988	5.803084
0.447674	131.775586	23.542891	5.806278
0.447907	131.792103	23.545793	5.809471
0.448140	131.808619	23.548695	5.812664
0.448372	131.825132	23.551597	5.815856
0.448605	131.841644	23.554499	5.819048
0.448837	131.858153	23.557400	5.822240
0.449070	131.874661	23.560301	5.825431
0.449302	131.891167	23.563202	5.828622
0.449535	131.907670	23.566102	5.831813
0.449767	131.924172	23.569002	5.835003
0.450000	131.940672	23.571901	5.838193
0.450233	131.957170	23.574800	5.841382
0.450465	131.973666	23.577699	5.844572
0.450698	131.990161	23.580597	5.847760
0.450930	132.006654	23.583496	5.850949
0.451163	132.023145	23.586394	5.854137
0.451395	132.039634	23.589291	5.857325
0.451628	132.056121	23.592188	5.860512
0.451860	132.072607	23.595085	5.863699
0.452093	132.089091	23.597982	5.866886
0.452326	132.105573	23.600878	5.870072
0.452558	132.122054	23.603774	5.873258
0.452791	132.138532	23.606670	5.876444
0.453023	132.155009	23.609565	5.879629
0.453256	132.171484	23.612460	5.882814
0.453488	132.187957	23.615355	5.885998
0.453721	132.204428	23.618249	5.889182
0.453953	132.220898	23.621143	5.892366
0.454186	132.237365	23.624037	5.895550
0.454419	132.253831	23.626930	5.898733
0.454651	132.270295	23.629823	5.901915
0.454884	132.286757	23.632716	5.905098
0.455116	132.303217	23.635608	5.908280
0.455349	132.319675	23.638500	5.911461
0.455581	132.336131	23.641392	5.914642
0.455814	132.352585	23.644283	5.917823
0.456047	132.369038	23.647174	5.921004
0.456279	132.385488	23.650064	5.924184
0.456512	132.401936	23.652955	5.927363
0.456744	132.418383	23.655844	5.930543
0.456977	132.434827	23.658734	5.933722
0.457209	132.451270	23.661623	5.936900
0.457442	132.467710	23.664512	5.940078
0.457674	132.484149	23.667400	5.943256
0.457907	132.500585	23.670289	5.946433
0.458140	132.517019	23.673176	5.949610
0.458372	132.533452	23.676064	5.952787
0.458605	132.549882	23.678951	5.955963
0.458837	132.566311	23.681837	5.959139
0.459070	132.582737	23.684724	5.962314
0.459302	132.599161	23.687609	5.965489
0.459535	132.615583	23.690495	5.968663
0.459767	132.632003	23.693380	5.971837
0.460000	132.648421	23.696265	5.975011
0.460233	132.664837	23.699149	5.978184
0.460465	132.681251	23.702034	5.981357
0.460698	132.697663	23.704917	5.984530
0.460930	132.714074	23.707801	5.987702
0.461163	132.730482	23.710684	5.990874
0.461395	132.746889	23.713567	5.994045
0.461628	132.763294	23.716449	5.997216
0.461860	132.779696	23.719331	6.000387
0.462093	132.796097	23.722213	6.003557
0.462326	132.812496	23.725094	6.006727
0.462558	132.828893	23.727976	6.009897
0.462791	132.845289	23.730856	6.013066
0.463023	132.861682	23.733737	6.016235
0.463256	132.878073	23.736617	6.019403
0.463488	132.894462	23.739496	6.022571
0.463721	132.910850	23.742376	6.025739
0.463953	132.927235	23.745255	6.028906
0.464186	132.943619	23.748133	6.032073
0.464419	132.960000	23.751012	6.035240
0.464651	132.976379	23.753890	6.038406
0.464884	132.992757	23.756767	6.041571
0.465116	133.009132	23.759644	6.044737
0.465349	133.025505	23.762521	6.047902
0.465581	133.041877	23.765398	6.051066
0.465814	133.058246	23.768274	6.054230
0.466047	133.074613	23.771149	6.057394
0.466279	133.090978	23.774025	6.060557
0.466512	133.107341	23.776900	6.063720
0.466744	133.123702	23.779774	6.066883
0.466977	133.140061	23.782649	6.070045
0.467209	133.156418	23.785523	6.073206
0.467442	133.172772	23.788396	6.076367
0.467674	133.189125	23.791269	6.079528
0.467907	133.205475	23.794142	6.082689
0.468140	133.221824	23.797014	6.085849
0.468372	133.238170	23.799886	6.089008
0.468605	133.254514	23.802758	6.092167
0.468837	133.270856	23.805629	6.095326
0.469070	133.287195	23.808500	6.098484
0.469302	133.303533	23.811370	6.101642
0.469535	133.319868	23.814240	6.104799
0.469767	133.336201	23.817110	6.107956
0.470000	133.352532	23.819979	6.111113
0.470233	133.368861	23.822848	6.114269
0.470465	133.385188	23.825716	6.117425
0.470698	133.401512	23.828584	6.120580
0.470930	133.417835	23.831452	6.123735
0.471163	133.434156	23.834320	6.126890
0.471395	133.450475	23.837187	6.130044
0.471628	133.466792	23.840053	6.133198
0.471860	133.483107	23.842920	6.136351
0.472093	133.499420	23.845786	6.139504
0.472326	133.515731	23.848651	6.142657
0.472558	133.532039	23.851517	6.145809
0.472791	133.548346	23.854382	6.148961
0.473023	133.564651	23.857246	6.152112
0.473256	133.580953	23.860110	6.155263
0.473488	133.597254	23.862974	6.158414
0.473721	133.613552	23.865837	6.161564
0.473953	133.629849	23.868700	6.164713
0.474186	133.646143	23.871563	6.167863
0.474419	133.662435	23.874425	6.171012
0.474651	133.678725	23.877287	6.174160
0.474884	133.695013	23.880149	6.177308
0.475116	133.711299	23.883010	6.180456
0.475349	133.727583	23.885871	6.183603
0.475581	133.743864	23.888731	6.186750
0.475814	133.760143	23.891591	6.189896
0.476047	133.776420	23.894451	6.193042
0.476279	133.792695	23.897310	6.196188
0.476512	133.808968	23.900169	6.199333
0.476744	133.825239	23.903027	6.202478
0.476977	133.841507	23.905885	6.205622
0.477209	133.857773	23.908743	6.208766
0.477442	133.874037	23.911600	6.211909
0.477674	133.890299	23.914457	6.215052
0.477907	133.906559	23.917313	6.218195
0.478140	133.922816	23.920169	6.221337
0.478372	133.939071	23.923025	6.224478
0.478605	133.955324	23.925880	6.227619
0.478837	133.971574	23.928735	6.230760
0.479070	133.987822	23.931589	6.233900
0.479302	134.004068	23.934443	6.237040
0.479535	134.020312	23.937297	6.240180
0.479767	134.036553	23.940150	6.243319
0.480000	134.052792	23.943003	6.246457
0.480233	134.069029	23.945855	6.249595
0.480465	134.085263	23.948707	6.252733
0.480698	134.101496	23.951559	6.255870
0.480930	134.117727	23.954410	6.259007
0.481163	134.133955	23.957261	6.262143
0.481395	134.150181	23.960112	6.265279
0.481628	134.166406	23.962962	6.268415
0.481860	134.182628	23.965812	6.271550
0.482093	134.198847	23.968661	6.274684
0.482326	134.215065	23.971510	6.277819
0.482558	134.231281	23.974359	6.280953
0.482791	134.247494	23.977207	6.284086
0.483023	134.263706	23.980055	6.287219
0.483256	134.279915	23.982902	6.290352
0.483488	134.296122	23.985750	6.293484
0.483721	134.312326	23.988596	6.296616
0.483953	134.328529	23.991443	6.299747
0.484186	134.344729	23.994288	6.302878
0.484419	134.360927	23.997134	6.306008
0.484651	134.377123	23.999979	6.309138
0.484884	134.393317	24.002824	6.312268
0.485116	134.409508	24.005668	6.315397
0.485349	134.425698	24.008512	6.318526
0.485581	134.441884	24.011356	6.321654
0.485814	134.458069	24.014199	6.324782
0.486047	134.474251	24.017041	6.327909
0.486279	134.490432	24.019884	6.331036
0.486512	134.506609	24.022726	6.334162
0.486744	134.522785	24.025567	6.337288
0.486977	134.538958	24.028408	6.340414
0.487209	134.555129	24.031249	6.343539
0.487442	134.571297	24.034089	6.346663
0.487674	134.587464	24.036929	6.349788
0.487907	134.603628	24.039768	6.352911
0.488140	134.619789	24.042607	6.356035
0.488372	134.635948	24.045446	6.359157
0.488605	134.652105	24.048284	6.362280
0.488837	134.668260	24.051122	6.365402
0.489070	134.684412	24.053959	6.368523
0.489302	134.700561	24.056796	6.371644
0.489535	134.716709	24.059632	6.374764
0.489767	134.732854	24.062468	6.377884
0.490000	134.748996	24.065304	6.381004
0.490233	134.765136	24.068139	6.384123
0.490465	134.781274	24.070974	6.387242
0.490698	134.797410	24.073808	6.390360
0.490930	134.813544	24.076642	6.393478
0.491163	134.829675	24.079476	6.396595
0.491395	134.845804	24.082309	6.399712
0.491628	134.861931	24.085142	6.402829
0.491860	134.878056	24.087974	6.405945
0.492093	134.894178	24.090807	6.409060
0.492326	134.910298	24.093638	6.412175
0.492558	134.926416	24.096469	6.415290
0.492791	134.942532	24.099300	6.418404
0.493023	134.958646	24.102131	6.421518
0.493256	134.974757	24.104961	6.424632
0.493488	134.990866	24.107790	6.427745
0.493721	135.006972	24.110619	6.430857
0.493953	135.023076	24.113448	6.433969
0.494186	135.039178	24.116277	6.437081
0.494419	135.055278	24.119105	6.440192
0.494651	135.071375	24.121932	6.443303
0.494884	135.087470	24.124759	6.446413
0.495116	135.103563	24.127586	6.449523
0.495349	135.119653	24.130412	6.452632
0.495581	135.135741	24.133238	6.455741
0.495814	135.151827	24.136064	6.458849
0.496047	135.167910	24.138889	6.461957
0.496279	135.183991	24.141713	6.465065
0.496512	135.200069	24.144537	6.468171
0.496744	135.216145	24.147361	6.471278
0.496977	135.232219	24.150184	6.474384
0.497209	135.248290	24.153007	6.477490
0.497442	135.264359	24.155830	6.480595
0.497674	135.280425	24.158652	6.483699
0.497907	135.296489	24.161473	6.486803
0.498140	135.312551	24.164295	6.489907
0.498372	135.328610	24.167115	6.493010
0.498605	135.344666	24.169936	6.496113
0.498837	135.360721	24.172755	6.499215
0.499070	135.376772	24.175575	6.502317
0.499302	135.392821	24.178394	6.505418
0.499535	135.408868	24.181212	6.508519
0.499767	135.424912	24.184030	6.511619
0.500000	135.440954	24.186848	6.514719
0.500233	135.456993	24.189665	6.517818
0.500465	135.473030	24.192482	6.520917
0.500698	135.489065	24.195298	6.524016
0.500930	135.505097	24.198114	6.527113
0.501163	135.521128	24.200930	6.530211
0.501395	135.537155	24.203745	6.533308
0.501628	135.553181	24.206560	6.536405
0.501860	135.569204	24.209374	6.539501
0.502093	135.585225	24.212188	6.542596
0.502326	135.601243	24.215001	6.545692
0.502558	135.617259	24.217814	6.548786
0.502791	135.633273	24.220627	6.551881
0.503023	135.649284	24.223439	6.554974
0.503256	135.665293	24.226251	6.558068
0.503488	135.681300	24.229062	6.561161
0.503721	135.697304	24.231873	6.564253
0.503953	135.713306	24.234684	6.567345
0.504186	135.729306	24.237494	6.570436
0.504419	135.745303	24.240304	6.573527
0.504651	135.761297	24.243113	6.576618
0.504884	135.777289	24.245922	6.579708
0.505116	135.793279	24.248730	6.582798
0.505349	135.809266	24.251538	6.585887
0.505581	135.825251	24.254345	6.588975
0.505814	135.841234	24.257152	6.592063
0.506047	135.857213	24.259959	6.595151
0.506279	135.873191	24.262765	6.598238
0.506512	135.889166	24.265571	6.601325
0.506744	135.905138	24.268376	6.604411
0.506977	135.921108	24.271181	6.607497
0.507209	135.937076	24.273985	6.610582
0.507442	135.953041	24.276789	6.613667
0.507674	135.969003	24.279593	6.616751
0.507907	135.984963	24.282396	6.619835
0.508140	136.000921	24.285198	6.622918
0.508372	136.016876	24.288001	6.626001
0.508605	136.032828	24.290802	6.629083
0.508837	136.048778	24.293604	6.632165
0.509070	136.064725	24.296404	6.635246
0.509302	136.080670	24.299205	6.638327
0.509535	136.096612	24.302005	6.641407
0.509767	136.112551	24.304804	6.644487
0.510000	136.128488	24.307603	6.647566
0.510233	136.144422	24.310402	6.650645
0.510465	136.160354	24.313200	6.653723
0.510698	136.176284	24.315997	6.656801
0.510930	136.192211	24.318795	6.659878
0.511163	136.208136	24.321591	6.662955
0.511395	136.224059	24.324388	6.666032
0.511628	136.239979	24.327184	6.669107
0.511860	136.255896	24.329979	6.672183
0.512093	136.271812	24.332774	6.675258
0.512326	136.287724	24.335569	6.678332
0.512558	136.303635	24.338363	6.681406
0.512791	136.319542	24.341157	6.684480
0.513023	136.335448	24.343950	6.687553
0.513256	136.351351	24.346743	6.690626
0.513488	136.367251	24.349536	6.693698
0.513721	136.383149	24.352328	6.696769
0.513953	136.399045	24.355120	6.699841
0.514186	136.414938	24.357911	6.702911
0.514419	136.430828	24.360701	6.705981
0.514651	136.446716	24.363492	6.709051
0.514884	136.462602	24.366282	6.712120
0.515116	136.478485	24.369071	6.715189
0.515349	136.494365	24.371860	6.718257
0.515581	136.510243	24.374648	6.721325
0.515814	136.526118	24.377436	6.724392
0.516047	136.541991	24.380224	6.727459
0.516279	136.557861	24.383011	6.730525
0.516512	136.573729	24.385798	6.733591
0.516744	136.589594	24.388584	6.736656
0.516977	136.605457	24.391370	6.739720
0.517209	136.621317	24.394155	6.742785
0.517442	136.637174	24.396940	6.745848
0.517674	136.653029	24.399724	6.748912
0.517907	136.668881	24.402508	6.751974
0.518140	136.684731	24.405291	6.755036
0.518372	136.700577	24.408074	6.758098
0.518605	136.716422	24.410857	6.761159
0.518837	136.732263	24.413639	6.764220
0.519070	136.748102	24.416420	6.767280
0.519302	136.763939	24.419202	6.770339
0.519535	136.779773	24.421982	6.773398
0.519767	136.795604	24.424762	6.776457
0.520000	136.811432	24.427542	6.779515
0.520233	136.827258	24.430321	6.782573
0.520465	136.843081	24.433100	6.785630
0.520698	136.858902	24.435878	6.788686
0.520930	136.874720	24.438656	6.791742
0.521163	136.890536	24.441434	6.794798
0.521395	136.906350	24.444211	6.797853
0.521628	136.922161	24.446987	6.800907
0.521860	136.937969	24.449763	6.803961
0.522093	136.953775	24.452539	6.807015
0.522326	136.969578	24.455314	6.810068
0.522558	136.985379	24.458089	6.813121
0.522791	137.001177	24.460863	6.816173
0.523023	137.016973	24.463637	6.819225
0.523256	137.032766	24.466411	6.822276
0.523488	137.048557	24.469183	6.825326
0.523721	137.064345	24.471956	6.828376
0.523953	137.080131	24.474728	6.831426
0.524186	137.095913	24.477500	6.834475
0.524419	137.111694	24.480271	6.837524
0.524651	137.127472	24.483041	6.840572
0.524884	137.143247	24.485812	6.843620
0.525116	137.159019	24.488581	6.846667
0.525349	137.174789	24.491351	6.849713
0.525581	137.190557	24.494119	6.852759
0.525814	137.206321	24.496888	6.855805
0.526047	137.222083	24.499656	6.858850
0.526279	137.237843	24.502423	6.861895
0.526512	137.253600	24.505190	6.864939
0.526744	137.269354	24.507956	6.867982
0.526977	137.285106	24.510722	6.871025
0.527209	137.300854	24.513488	6.874067
0.527442	137.316601	24.516253	6.877109
0.527674	137.332344	24.519018	6.880151
0.527907	137.348085	24.521782	6.883192
0.528140	137.363823	24.524545	6.886232
0.528372	137.379559	24.527308	6.889272
0.528605	137.395291	24.530071	6.892311
0.528837	137.411021	24.532833	6.895350
0.529070	137.426749	24.535595	6.898388
0.529302	137.442473	24.538356	6.901426
0.529535	137.458195	24.541117	6.904463
0.529767	137.473915	24.543877	6.907500
0.530000	137.489631	24.546637	6.910536
0.530233	137.505345	24.549396	6.913572
0.530465	137.521056	24.552155	6.916607
0.530698	137.536765	24.554914	6.919641
0.530930	137.552471	24.557671	6.922675
0.531163	137.568174	24.560429	6.925709
0.531395	137.583875	24.563186	6.928742
0.531628	137.599574	24.565943	6.931775
0.531860	137.615270	24.568699	6.934807
0.532093	137.630963	24.571454	6.937838
0.532326	137.646654	24.574209	6.940869
0.532558	137.662342	24.576964	6.943900
0.532791	137.678027	24.579718	6.946930
0.533023	137.693710	24.582472	6.949960
0.533256	137.709390	24.585225	6.952989
0.533488	137.725068	24.587978	6.956017
0.533721	137.740742	24.590731	6.959045
0.533953	137.756415	24.593483	6.962073
0.534186	137.772084	24.596234	6.965100
0.534419	137.787751	24.598985	6.968126
0.534651	137.803416	24.601736	6.971152
0.534884	137.819077	24.604486	6.974177
0.535116	137.834736	24.607235	6.977202
0.535349	137.850393	24.609984	6.980227
0.535581	137.866046	24.612733	6.983251
0.535814	137.881697	24.615481	6.986274
0.536047	137.897345	24.618229	6.989297
0.536279	137.912991	24.620976	6.992319
0.536512	137.928634	24.623722	6.995341
0.536744	137.944274	24.626469	6.998362
0.536977	137.959911	24.629214	7.001382
0.537209	137.975546	24.631959	7.004403
0.537442	137.991178	24.634704	7.007422
0.537674	138.006807	24.637448	7.010441
0.537907	138.022433	24.640192	7.013460
0.538140	138.038057	24.642936	7.016478
0.538372	138.053678	24.645678	7.019495
0.538605	138.069296	24.648421	7.022512
0.538837	138.084911	24.651162	7.025528
0.539070	138.100524	24.653904	7.028544
0.539302	138.116133	24.656645	7.031559
0.539535	138.131740	24.659385	7.034574
0.539767	138.147345	24.662125	7.037588
0.540000	138.162946	24.664864	7.040602
0.540233	138.178545	24.667603	7.043615
0.540465	138.194141	24.670341	7.046628
0.540698	138.209734	24.673079	7.049640
0.540930	138.225325	24.675817	7.052651
0.541163	138.240913	24.678554	7.055662
0.541395	138.256499	24.681290	7.058673
0.541628	138.272081	24.684026	7.061683
0.541860	138.287662	24.686762	7.064692
0.542093	138.303239	24.689497	7.067701
0.542326	138.318814	24.692231	7.070710
0.542558	138.334386	24.694965	7.073718
0.542791	138.349956	24.697699	7.076725
0.543023	138.365522	24.700432	7.079732
0.543256	138.381087	24.703165	7.082738
0.543488	138.396648	24.705897	7.085744
0.543721	138.412207	24.708629	7.088749
0.543953	138.427763	24.711360	7.091754
0.544186	138.443316	24.714091	7.094758
0.544419	138.458867	24.716821	7.097762
0.544651	138.474414	24.719551	7.100765
0.544884	138.489959	24.722281	7.103768
0.545116	138.505502	24.725009	7.106770
0.545349	138.521041	24.727738	7.109771
0.545581	138.536578	24.730466	7.112772
0.545814	138.552112	24.733193	7.115773
0.546047	138.567644	24.735920	7.118773
0.546279	138.583172	24.738646	7.121772
0.546512	138.598698	24.741372	7.124771
0.546744	138.614221	24.744098	7.127769
0.546977	138.629741	24.746823	7.130767
0.547209	138.645259	24.749547	7.133764
0.547442	138.660773	24.752271	7.136761
0.547674	138.676285	24.754994	7.139757
0.547907	138.691794	24.757717	7.142753
0.548140	138.707300	24.760440	7.145748
0.548372	138.722804	24.763162	7.148742
0.548605	138.738304	24.765883	7.151736
0.548837	138.753802	24.768604	7.154729
0.549070	138.769297	24.771324	7.157722
0.549302	138.784789	24.774044	7.160715
0.549535	138.800278	24.776764	7.163706
0.549767	138.815765	24.779483	7.166697
0.550000	138.831248	24.782201	7.169688
0.550233	138.846729	24.784919	7.172678
0.550465	138.862207	24.787636	7.175668
0.550698	138.877682	24.790353	7.178657
0.550930	138.893155	24.793070	7.181645
0.551163	138.908624	24.795786	7.184633
0.551395	138.924092	24.798501	7.187621
0.551628	138.939556	24.801216	7.190607
0.551860	138.955018	24.803931	7.193594
0.552093	138.970477	24.806645	7.196580
0.552326	138.985933	24.809358	7.199565
0.552558	139.001387	24.812072	7.202550
0.552791	139.016837	24.814784	7.205534
0.553023	139.032285	24.817496	7.208518
0.553256	139.047731	24.820208	7.211501
0.553488	139.063173	24.822919	7.214483
0.553721	139.078613	24.825630	7.217466
0.553953	139.094050	24.828340	7.220447
0.554186	139.109484	24.831049	7.223428
0.554419	139.124915	24.833759	7.226409
0.554651	139.140344	24.836467	7.229389
0.554884	139.155770	24.839175	7.232368
0.555116	139.171193	24.841883	7.235347
0.555349	139.186613	24.844590	7.238325
0.555581	139.202030	24.847297	7.241303
0.555814	139.217445	24.850003	7.244280
0.556047	139.232857	24.852709	7.247257
0.556279	139.248266	24.855414	7.250233
0.556512	139.263672	24.858119	7.253208
0.556744	139.279075	24.860823	7.256183
0.556977	139.294476	24.863527	7.259158
0.557209	139.309873	24.866230	7.262131
0.557442	139.325268	24.868932	7.265105
0.557674	139.340660	24.871635	7.268078
0.557907	139.356049	24.874336	7.271050
0.558140	139.371435	24.877037	7.274021
0.558372	139.386818	24.879738	7.276992
0.558605	139.402199	24.882438	7.279963
0.558837	139.417576	24.885138	7.282933
0.559070	139.432951	24.887837	7.285902
0.559302	139.448322	24.890535	7.288871
0.559535	139.463691	24.893233	7.291839
0.559767	139.479057	24.895931	7.294807
0.560000	139.494420	24.898628	7.297774
0.560233	139.509780	24.901325	7.300741
0.560465	139.525138	24.904021	7.303707
0.560698	139.540492	24.906716	7.306672
0.560930	139.555844	24.909411	7.309637
0.561163	139.571193	24.912106	7.312601
0.561395	139.586540	24.914800	7.315565
0.561628	139.601883	24.917493	7.318528
0.561860	139.617224	24.920187	7.321491
0.562093	139.632562	24.922879	7.324453
0.562326	139.647897	24.925571	7.327415
0.562558	139.663230	24.928263	7.330376
0.562791	139.678559	24.930954	7.333337
0.563023	139.693886	24.933645	7.336297
0.563256	139.709210	24.936335	7.339256
0.563488	139.724531	24.939024	7.342215
0.563721	139.739850	24.941713	7.345174
0.563953	139.755165	24.944402	7.348131
0.564186	139.770478	24.947090	7.351089
0.564419	139.785788	24.949778	7.354045
0.564651	139.801095	24.952465	7.357002
0.564884	139.816399	24.955151	7.359957
0.565116	139.831700	24.957837	7.362912
0.565349	139.846999	24.960523	7.365867
0.565581	139.862294	24.963208	7.368821
0.565814	139.877587	24.965893	7.371774
0.566047	139.892877	24.968577	7.374727
0.566279	139.908164	24.971260	7.377679
0.566512	139.923448	24.973943	7.380631
0.566744	139.938729	24.976626	7.383582
0.566977	139.954007	24.979308	7.386532
0.567209	139.969283	24.981989	7.389482
0.567442	139.984555	24.984670	7.392432
0.567674	139.999825	24.987351	7.395381
0.567907	140.015092	24.990031	7.398329
0.568140	140.030355	24.992710	7.401277
0.568372	140.045616	24.995389	7.404224
0.568605	140.060874	24.998068	7.407170
0.568837	140.076129	25.000745	7.410116
0.569070	140.091381	25.003423	7.413062
0.569302	140.106630	25.006100	7.416007
0.569535	140.121877	25.008776	7.418951
0.569767	140.137120	25.011452	7.421895
0.570000	140.152360	25.014127	7.424838
0.570233	140.167597	25.016802	7.427781
0.570465	140.182832	25.019476	7.430723
0.570698	140.198064	25.022150	7.433664
0.570930	140.213293	25.024823	7.436605
0.571163	140.228519	25.027496	7.439546
0.571395	140.243742	25.030168	7.442485
0.571628	140.258962	25.032840	7.445425
0.571860	140.274180	25.035511	7.448363
0.572093	140.289395	25.038182	7.451302
0.572326	140.304607	25.040852	7.454239
0.572558	140.319816	25.043522	7.457176
0.572791	140.335022	25.046191	7.460113
0.573023	140.350225	25.048860	7.463049
0.573256	140.365426	25.051528	7.465984
0.573488	140.380623	25.054196	7.468919
0.573721	140.395818	25.056863	7.471854
0.573953	140.411010	25.059529	7.474787
0.574186	140.426199	25.062196	7.477720
0.574419	140.441385	25.064861	7.480653
0.574651	140.456569	25.067526	7.483585
0.574884	140.471749	25.070191	7.486517
0.575116	140.486926	25.072855	7.489448
0.575349	140.502101	25.075519	7.492378
0.575581	140.517272	25.078182	7.495308
0.575814	140.532441	25.080845	7.498237
0.576047	140.547607	25.083507	7.501166
0.576279	140.562770	25.086168	7.504094
0.576512	140.577930	25.088829	7.507021
0.576744	140.593087	25.091490	7.509948
0.576977	140.608241	25.094150	7.512875
0.577209	140.623392	25.096809	7.515800
0.577442	140.638540	25.099468	7.518726
0.577674	140.653686	25.102127	7.521650
0.577907	140.668828	25.104784	7.524574
0.578140	140.683967	25.107442	7.527498
0.578372	140.699104	25.110099	7.530421
0.578605	140.714237	25.112755	7.533343
0.578837	140.729367	25.115411	7.536265
0.579070	140.744495	25.118066	7.539186
0.579302	140.759619	25.120721	7.542107
0.579535	140.774741	25.123375	7.545027
0.579767	140.789859	25.126029	7.547946
0.580000	140.804975	25.128682	7.550865
0.580233	140.820088	25.131335	7.553783
0.580465	140.835197	25.133987	7.556701
0.580698	140.850304	25.136638	7.559618
0.580930	140.865408	25.139290	7.562535
0.581163	140.880509	25.141940	7.565451
0.581395	140.895608	25.144590	7.568366
0.581628	140.910703	25.147240	7.571281
0.581860	140.925796	25.149889	7.574196
0.582093	140.940885	25.152538	7.577109
0.582326	140.955972	25.155186	7.580023
0.582558	140.971056	25.157833	7.582935
0.582791	140.986137	25.160480	7.585847
0.583023	141.001215	25.163127	7.588759
0.583256	141.016290	25.165773	7.591670
0.583488	141.031363	25.168419	7.594580
0.583721	141.046432	25.171064	7.597490
0.583953	141.061499	25.173708	7.600399
0.584186	141.076562	25.176352	7.603308
0.584419	141.091623	25.178996	7.606216
0.584651	141.106680	25.181638	7.609124
0.584884	141.121735	25.184281	7.612031
0.585116	141.136787	25.186923	7.614937
0.585349	141.151836	25.189564	7.617843
0.585581	141.166882	25.192205	7.620748
0.585814	141.181925	25.194845	7.623653
0.586047	141.196965	25.197485	7.626557
0.586279	141.212002	25.200124	7.629460
0.586512	141.227036	25.202763	7.632363
0.586744	141.242067	25.205401	7.635266
0.586977	141.257095	25.208039	7.638168
0.587209	141.272121	25.210676	7.641069
0.587442	141.287143	25.213313	7.643969
0.587674	141.302162	25.215949	7.646869
0.587907	141.317178	25.218585	7.649769
0.588140	141.332191	25.221220	7.652668
0.588372	141.347202	25.223854	7.655566
0.588605	141.362209	25.226488	7.658464
0.588837	141.377213	25.229122	7.661361
0.589070	141.392214	25.231755	7.664258
0.589302	141.407213	25.234387	7.667154
0.589535	141.422208	25.237019	7.670049
0.589767	141.437200	25.239650	7.672944
0.590000	141.452189	25.242281	7.675838
0.590233	141.467175	25.244911	7.678732
0.590465	141.482158	25.247541	7.681625
0.590698	141.497139	25.250170	7.684517
0.590930	141.512116	25.252799	7.687409
0.591163	141.527091	25.255427	7.690301
0.591395	141.542062	25.258055	7.693191
0.591628	141.557031	25.260682	7.696082
0.591860	141.571997	25.263309	7.698971
0.592093	141.586960	25.265935	7.701860
0.592326	141.601920	25.268560	7.704749
0.592558	141.616877	25.271185	7.707637
0.592791	141.631831	25.273810	7.710524
0.593023	141.646782	25.276434	7.713411
0.593256	141.661730	25.279057	7.716298
0.593488	141.676676	25.281680	7.719183
0.593721	141.691618	25.284303	7.722068
0.593953	141.706557	25.286925	7.724953
0.594186	141.721494	25.289546	7.727837
0.594419	141.736427	25.292167	7.730720
0.594651	141.751358	25.294788	7.733603
0.594884	141.766285	25.297407	7.736485
0.595116	141.781210	25.300027	7.739367
0.595349	141.796132	25.302646	7.742248
0.595581	141.811050	25.305264	7.745129
0.595814	141.825966	25.307882	7.748009
0.596047	141.840878	25.310499	7.750888
0.596279	141.855788	25.313115	7.753767
0.596512	141.870695	25.315732	7.756645
0.596744	141.885598	25.318347	7.759522
0.596977	141.900499	25.320962	7.762400
0.597209	141.915397	25.323577	7.765276
0.597442	141.930291	25.326191	7.768152
0.597674	141.945183	25.328804	7.771027
0.597907	141.960072	25.331417	7.773902
0.598140	141.974957	25.334030	7.776776
0.598372	141.989840	25.336642	7.779649
0.598605	142.004719	25.339253	7.782522
0.598837	142.019596	25.341864	7.785394
0.599070	142.034469	25.344474	7.788266
0.599302	142.049340	25.347084	7.791137
0.599535	142.064207	25.349693	7.794008
0.599767	142.079072	25.352302	7.796878
0.600000	142.093933	25.354910	7.799747
0.600233	142.108791	25.357518	7.802616
0.600465	142.123647	25.360125	7.805484
0.600698	142.138499	25.362731	7.808352
0.600930	142.153349	25.365337	7.811219
0.601163	142.168195	25.367943	7.814085
0.601395	142.183039	25.370548	7.816951
0.601628	142.197880	25.373152	7.819816
0.601860	142.212717	25.375756	7.822681
0.602093	142.227552	25.378360	7.825545
0.602326	142.242384	25.380963	7.828409
0.602558	142.257213	25.383565	7.831272
0.602791	142.272039	25.386167	7.834134
0.603023	142.286862	25.388769	7.836996
0.603256	142.301682	25.391369	7.839857
0.603488	142.316499	25.393970	7.842718
0.603721	142.331313	25.396570	7.845578
0.603953	142.346124	25.399169	7.848437
0.604186	142.360932	25.401768	7.851296
0.604419	142.375737	25.404366	7.854155
0.604651	142.390539	25.406964	7.857012
0.604884	142.405338	25.409561	7.859870
0.605116	142.420135	25.412157	7.862726
0.605349	142.434928	25.414753	7.865582
0.605581	142.449718	25.417349	7.868438
0.605814	142.464505	25.419944	7.871292
0.606047	142.479289	25.422539	7.874147
0.606279	142.494070	25.425133	7.877000
0.606512	142.508848	25.427726	7.879853
0.606744	142.523623	25.430319	7.882706
0.606977	142.538395	25.432911	7.885558
0.607209	142.553164	25.435503	7.888409
0.607442	142.567930	25.438094	7.891260
0.607674	142.582693	25.440685	7.894110
0.607907	142.597453	25.443275	7.896960
0.608140	142.612210	25.445865	7.899809
0.608372	142.626964	25.448454	7.902657
0.608605	142.641715	25.451043	7.905505
0.608837	142.656462	25.453631	7.908352
0.609070	142.671207	25.456218	7.911199
0.609302	142.685949	25.458805	7.914045
0.609535	142.700687	25.461392	7.916890
0.609767	142.715423	25.463978	7.919735
0.610000	142.730155	25.466563	7.922579
0.610233	142.744884	25.469148	7.925423
0.610465	142.759611	25.471732	7.928266
0.610698	142.774334	25.474316	7.931108
0.610930	142.789055	25.476899	7.933950
0.611163	142.803772	25.479482	7.936791
0.611395	142.818487	25.482064	7.939632
0.611628	142.833199	25.484646	7.942472
0.611860	142.847907	25.487227	7.945312
0.612093	142.862613	25.489807	7.948151
0.612326	142.877316	25.492388	7.950989
0.612558	142.892015	25.494967	7.953827
0.612791	142.906712	25.497546	7.956665
0.613023	142.921406	25.500125	7.959501
0.613256	142.936097	25.502703	7.962337
0.613488	142.950784	25.505280	7.965173
0.613721	142.965469	25.507857	7.968008
0.613953	142.980151	25.510433	7.970842
0.614186	142.994830	25.513009	7.973676
0.614419	143.009505	25.515584	7.976509
0.614651	143.024178	25.518159	7.979342
0.614884	143.038848	25.520734	7.982174
0.615116	143.053514	25.523307	7.985005
0.615349	143.068178	25.525880	7.987836
0.615581	143.082839	25.528453	7.990666
0.615814	143.097496	25.531025	7.993496
0.616047	143.112151	25.533597	7.996325
0.616279	143.126803	25.536168	7.999154
0.616512	143.141451	25.538738	8.001982
0.616744	143.156097	25.541308	8.004809
0.616977	143.170739	25.543878	8.007636
0.617209	143.185378	25.546447	8.010462
0.617442	143.200015	25.549015	8.013287
0.617674	143.214648	25.551583	8.016112
0.617907	143.229278	25.554150	8.018937
0.618140	143.243906	25.556717	8.021760
0.618372	143.258530	25.559283	8.024584
0.618605	143.273151	25.561849	8.027406
0.618837	143.287769	25.564414	8.030228
0.619070	143.302384	25.566978	8.033049
0.619302	143.316996	25.569542	8.035870
0.619535	143.331605	25.572106	8.038690
0.619767	143.346210	25.574669	8.041510
0.620000	143.360813	25.577231	8.044329
0.620233	143.375413	25.579793	8.047147
0.620465	143.390009	25.582354	8.049965
0.620698	143.404603	25.584915	8.052782
0.620930	143.419194	25.587475	8.055599
0.621163	143.433781	25.590035	8.058415
0.621395	143.448366	25.592594	8.061231
0.621628	143.462948	25.595153	8.064045
0.621860	143.477526	25.597711	8.066860
0.622093	143.492102	25.600269	8.069674
0.622326	143.506675	25.602826	8.072487
0.622558	143.521245	25.605382	8.075299
0.622791	143.535811	25.607938	8.078111
0.623023	143.550375	25.610494	8.080923
0.623256	143.564936	25.613049	8.083733
0.623488	143.579494	25.615603	8.086544
0.623721	143.594048	25.618157	8.089353
0.623953	143.608600	25.620710	8.092162
0.624186	143.623149	25.623263	8.094971
0.624419	143.637694	25.625815	8.097779
0.624651	143.652237	25.628367	8.100586
0.624884	143.666776	25.630918	8.103393
0.625116	143.681313	25.633469	8.106199
0.625349	143.695846	25.636019	8.109004
0.625581	143.710377	25.638569	8.111809
0.625814	143.724904	25.641118	8.114614
0.626047	143.739429	25.643667	8.117417
0.626279	143.753950	25.646215	8.120220
0.626512	143.768468	25.648762	8.123023
0.626744	143.782984	25.651309	8.125825
0.626977	143.797496	25.653855	8.128626
0.627209	143.812005	25.656401	8.131427
0.627442	143.826511	25.658946	8.134227
0.627674	143.841014	25.661491	8.137027
0.627907	143.855514	25.664035	8.139826
0.628140	143.870011	25.666579	8.142624
0.628372	143.884505	25.669122	8.145422
0.628605	143.898996	25.671665	8.148219
0.628837	143.913483	25.674207	8.151016
0.629070	143.927968	25.676748	8.153812
0.629302	143.942450	25.679289	8.156607
0.629535	143.956928	25.681830	8.159402
0.629767	143.971404	25.684370	8.162196
0.630000	143.985876	25.686909	8.164990
0.630233	144.000345	25.689448	8.167783
0.630465	144.014812	25.691986	8.170575
0.630698	144.029275	25.694524	8.173367
0.630930	144.043735	25.697061	8.176159
0.631163	144.058193	25.699598	8.178949
0.631395	144.072647	25.702134	8.181739
0.631628	144.087098	25.704669	8.184529
0.631860	144.101546	25.707205	8.187318
0.632093	144.115992	25.709739	8.190106
0.632326	144.130434	25.712273	8.192894
0.632558	144.144873	25.714807	8.195681
0.632791	144.159310	25.717340	8.198468
0.633023	144.173743	25.719872	8.201254
0.633256	144.188173	25.722404	8.204039
0.633488	144.202600	25.724935	8.206824
0.633721	144.217024	25.727466	8.209609
0.633953	144.231446	25.729996	8.212392
0.634186	144.245864	25.732526	8.215175
0.634419	144.260279	25.735055	8.217958
0.634651	144.274691	25.737584	8.220740
0.634884	144.289100	25.740112	8.223521
0.635116	144.303506	25.742640	8.226302
0.635349	144.317909	25.745167	8.229082
0.635581	144.332309	25.747693	8.231861
0.635814	144.346706	25.750219	8.234640
0.636047	144.361100	25.752745	8.237419
0.636279	144.375490	25.755270	8.240197
0.636512	144.389878	25.757794	8.242974
0.636744	144.404263	25.760318	8.245750
0.636977	144.418644	25.762841	8.248526
0.637209	144.433023	25.765364	8.251302
0.637442	144.447399	25.767886	8.254077
0.637674	144.461771	25.770408	8.256851
0.637907	144.476140	25.772929	8.259624
0.638140	144.490507	25.775450	8.262397
0.638372	144.504870	25.777970	8.265170
0.638605	144.519230	25.780489	8.267942
0.638837	144.533587	25.783008	8.270713
0.639070	144.547941	25.785527	8.273483
0.639302	144.562292	25.788045	8.276254
0.639535	144.576640	25.790562	8.279023
0.639767	144.590985	25.793079	8.281792
0.640000	144.605327	25.795595	8.284560
0.640233	144.619666	25.798111	8.287328
0.640465	144.634001	25.800626	8.290095
0.640698	144.648334	25.803141	8.292861
0.640930	144.662664	25.805655	8.295627
0.641163	144.676991	25.808168	8.298392
0.641395	144.691314	25.810681	8.301157
0.641628	144.705635	25.813194	8.303921
0.641860	144.719953	25.815706	8.306685
0.642093	144.734267	25.818217	8.309448
0.642326	144.748579	25.820728	8.312210
0.642558	144.762888	25.823239	8.314972
0.642791	144.777193	25.825748	8.317733
0.643023	144.791496	25.828258	8.320494
0.643256	144.805795	25.830767	8.323254
0.643488	144.820092	25.833275	8.326013
0.643721	144.834386	25.835783	8.328772
0.643953	144.848676	25.838290	8.331530
0.644186	144.862964	25.840796	8.334288
0.644419	144.877248	25.843303	8.337045
0.644651	144.891529	25.845808	8.339801
0.644884	144.905808	25.848313	8.342557
0.645116	144.920083	25.850818	8.345313
0.645349	144.934355	25.853322	8.348067
0.645581	144.948625	25.855825	8.350821
0.645814	144.962891	25.858328	8.353575
0.646047	144.977154	25.860830	8.356328
0.646279	144.991414	25.863332	8.359080
0.646512	145.005671	25.865833	8.361832
0.646744	145.019925	25.868334	8.364583
0.646977	145.034176	25.870834	8.367334
0.647209	145.048424	25.873334	8.370084
0.647442	145.062669	25.875833	8.372833
0.647674	145.076911	25.878332	8.375582
0.647907	145.091150	25.880830	8.378330
0.648140	145.105386	25.883327	8.381078
0.648372	145.119618	25.885824	8.383825
0.648605	145.133848	25.888321	8.386571
0.648837	145.148074	25.890817	8.389317
0.649070	145.162298	25.893312	8.392062
0.649302	145.176518	25.895807	8.394807
0.649535	145.190736	25.898301	8.397551
0.649767	145.204950	25.900795	8.400294
0.650000	145.219161	25.903288	8.403037
0.650233	145.233369	25.905781	8.405779
0.650465	145.247574	25.908273	8.408521
0.650698	145.261776	25.910764	8.411262
0.650930	145.275976	25.913255	8.414002
0.651163	145.290172	25.915746	8.416742
0.651395	145.304365	25.918236	8.419482
0.651628	145.318555	25.920725	8.422220
0.651860	145.332742	25.923214	8.424959
0.652093	145.346926	25.925703	8.427696
0.652326	145.361107	25.928191	8.430433
0.652558	145.375285	25.930678	8.433169
0.652791	145.389460	25.933165	8.435905
0.653023	145.403632	25.935651	8.438641
0.653256	145.417801	25.938137	8.441375
0.653488	145.431967	25.940622	8.444109
0.653721	145.446130	25.943107	8.446843
0.653953	145.460290	25.945591	8.449576
0.654186	145.474447	25.948074	8.452308
0.654419	145.488601	25.950557	8.455039
0.654651	145.502752	25.953040	8.457771
0.654884	145.516900	25.955522	8.460501
0.655116	145.531044	25.958003	8.463231
0.655349	145.545186	25.960484	8.465960
0.655581	145.559325	25.962965	8.468689
0.655814	145.573461	25.965445	8.471417
0.656047	145.587593	25.967924	8.474145
0.656279	145.601723	25.970403	8.476872
0.656512	145.615849	25.972881	8.479598
0.656744	145.629973	25.975359	8.482324
0.656977	145.644094	25.977836	8.485049
0.657209	145.658211	25.980312	8.487774
0.657442	145.672325	25.982789	8.490498
0.657674	145.686437	25.985264	8.493221
0.657907	145.700545	25.987739	8.495944
0.658140	145.714650	25.990214	8.498666
0.658372	145.728753	25.992688	8.501388
0.658605	145.742852	25.995161	8.504109
0.658837	145.756948	25.997634	8.506830
0.659070	145.771041	26.000106	8.509549
0.659302	145.785131	26.002578	8.512269
0.659535	145.799218	26.005049	8.514987
0.659767	145.813302	26.007520	8.517705
0.660000	145.827383	26.009990	8.520423
0.660233	145.841461	26.012460	8.523140
0.660465	145.855536	26.014929	8.525856
0.660698	145.869608	26.017397	8.528572
0.660930	145.883676	26.019865	8.531287
0.661163	145.897742	26.022333	8.534002
0.661395	145.911805	26.024800	8.536716
0.661628	145.925865	26.027266	8.539429
0.661860	145.939922	26.029732	8.542142
0.662093	145.953976	26.032197	8.544854
0.662326	145.968026	26.034662	8.547566
0.662558	145.982074	26.037127	8.550277
0.662791	145.996119	26.039590	8.552987
0.663023	146.010161	26.042054	8.555697
0.663256	146.024200	26.044516	8.558407
0.663488	146.038235	26.046979	8.561115
0.663721	146.052268	26.049440	8.563824
0.663953	146.066298	26.051901	8.566531
0.664186	146.080325	26.054362	8.569238
0.664419	146.094348	26.056822	8.571945
0.664651	146.108369	26.059281	8.574650
0.664884	146.122387	26.061740	8.577356
0.665116	146.136402	26.064199	8.580060
0.665349	146.150413	26.066657	8.582764
0.665581	146.164422	26.069114	8.585468
0.665814	146.178427	26.071571	8.588171
0.666047	146.192430	26.074027	8.590873
0.666279	146.206430	26.076483	8.593575
0.666512	146.220426	26.078938	8.596276
0.666744	146.234420	26.081393	8.598976
0.666977	146.248410	26.083847	8.601676
0.667209	146.262398	26.086301	8.604376
0.667442	146.276382	26.088754	8.607074
0.667674	146.290364	26.091207	8.609773
0.667907	146.304342	26.093659	8.612470
0.668140	146.318317	26.096110	8.615167
0.668372	146.332290	26.098561	8.617864
0.668605	146.346259	26.101012	8.620559
0.668837	146.360225	26.103461	8.623255
0.669070	146.374188	26.105911	8.625949
0.669302	146.388149	26.108360	8.628643
0.669535	146.402106	26.110808	8.631337
0.669767	146.416060	26.113256	8.634030
0.670000	146.430011	26.115703	8.636722
0.670233	146.443959	26.118150	8.639414
0.670465	146.457904	26.120596	8.642105
0.670698	146.471846	26.123042	8.644795
0.670930	146.485785	26.125487	8.647485
0.671163	146.499721	26.127931	8.650175
0.671395	146.513655	26.130375	8.652864
0.671628	146.527585	26.132819	8.655552
0.671860	146.541512	26.135262	8.658239
0.672093	146.555436	26.137704	8.660926
0.672326	146.569357	26.140146	8.663613
0.672558	146.583275	26.142588	8.666299
0.672791	146.597190	26.145029	8.668984
0.673023	146.611102	26.147469	8.671669
0.673256	146.625012	26.149909	8.674353
0.673488	146.638918	26.152348	8.677037
0.673721	146.652821	26.154787	8.679720
0.673953	146.666721	26.157225	8.682402
0.674186	146.680618	26.159663	8.685084
0.674419	146.694512	26.162100	8.687765
0.674651	146.708404	26.164537	8.690446
0.674884	146.722292	26.166973	8.693126
0.675116	146.736177	26.169409	8.695805
0.675349	146.750059	26.171844	8.698484
0.675581	146.763938	26.174278	8.701163
0.675814	146.777814	26.176712	8.703840
0.676047	146.791688	26.179146	8.706518
0.676279	146.805558	26.181579	8.709194
0.676512	146.819425	26.184011	8.711870
0.676744	146.833289	26.186443	8.714546
0.676977	146.847150	26.188875	8.717220
0.677209	146.861008	26.191305	8.719895
0.677442	146.874864	26.193736	8.722568
0.677674	146.888716	26.196165	8.725241
0.677907	146.902565	26.198595	8.727914
0.678140	146.916411	26.201023	8.730586
0.678372	146.930254	26.203452	8.733257
0.678605	146.944094	26.205879	8.735928
0.678837	146.957931	26.208306	8.738598
0.679070	146.971766	26.210733	8.741268
0.679302	146.985597	26.213159	8.743937
0.679535	146.999425	26.215585	8.746605
0.679767	147.013250	26.218010	8.749273
0.680000	147.027072	26.220434	8.751940
0.680233	147.040891	26.222858	8.754607
0.680465	147.054707	26.225281	8.757273
0.680698	147.068520	26.227704	8.759938
0.680930	147.082331	26.230127	8.762603
0.681163	147.096138	26.232548	8.765267
0.681395	147.109942	26.234970	8.767931
0.681628	147.123743	26.237390	8.770594
0.681860	147.137542	26.239811	8.773257
0.682093	147.151337	26.242230	8.775919
0.682326	147.165129	26.244650	8.778580
0.682558	147.178919	26.247068	8.781241
0.682791	147.192705	26.249486	8.783902
0.683023	147.206489	26.251904	8.786561
0.683256	147.220269	26.254321	8.789220
0.683488	147.234047	26.256738	8.791879
0.683721	147.247821	26.259154	8.794537
0.683953	147.261593	26.261569	8.797194
0.684186	147.275361	26.263984	8.799851
0.684419	147.289127	26.266399	8.802507
0.684651	147.302890	26.268812	8.805163
0.684884	147.316649	26.271226	8.807818
0.685116	147.330406	26.273639	8.810473
0.685349	147.344160	26.276051	8.813127
0.685581	147.357910	26.278463	8.815780
0.685814	147.371658	26.280874	8.818433
0.686047	147.385403	26.283285	8.821085
0.686279	147.399145	26.285695	8.823737
0.686512	147.412884	26.288105	8.826388
0.686744	147.426619	26.290514	8.829038
0.686977	147.440352	26.292923	8.831688
0.687209	147.454082	26.295331	8.834337
0.687442	147.467809	26.297739	8.836986
0.687674	147.481533	26.300146	8.839634
0.687907	147.495254	26.302552	8.842282
0.688140	147.508972	26.304958	8.844929
0.688372	147.522687	26.307364	8.847575
0.688605	147.536399	26.309769	8.850221
0.688837	147.550108	26.312173	8.852866
0.689070	147.563814	26.314577	8.855511
0.689302	147.577517	26.316981	8.858155
0.689535	147.591218	26.319384	8.860799
0.689767	147.604915	26.321786	8.863442
0.690000	147.618609	26.324188	8.866084
0.690233	147.632300	26.326589	8.868726
0.690465	147.645988	26.328990	8.871367
0.690698	147.659674	26.331390	8.874008
0.690930	147.673356	26.333790	8.876648
0.691163	147.687036	26.336190	8.879287
0.691395	147.700712	26.338588	8.881926
0.691628	147.714386	26.340987	8.884565
0.691860	147.728056	26.343384	8.887202
0.692093	147.741724	26.345781	8.889840
0.692326	147.755388	26.348178	8.892476
0.692558	147.769050	26.350574	8.895112
0.692791	147.782709	26.352970	8.897748
0.693023	147.796365	26.355365	8.900383
0.693256	147.810017	26.357760	8.903017
0.693488	147.823667	26.360154	8.905651
0.693721	147.837314	26.362547	8.908284
0.693953	147.850958	26.364940	8.910917
0.694186	147.864599	26.367333	8.913549
0.694419	147.878238	26.369725	8.916180
0.694651	147.891873	26.372116	8.918811
0.694884	147.905505	26.374507	8.921442
0.695116	147.919134	26.376898	8.924071
0.695349	147.932761	26.379288	8.926701
0.695581	147.946384	26.381677	8.929329
0.695814	147.960004	26.384066	8.931957
0.696047	147.973622	26.386454	8.934585
0.696279	147.987237	26.388842	8.937212
0.696512	148.000848	26.391230	8.939838
0.696744	148.014457	26.393616	8.942464
0.696977	148.028063	26.396003	8.945089
0.697209	148.041665	26.398388	8.947714
0.697442	148.055265	26.400774	8.950338
0.697674	148.068862	26.403158	8.952961
0.697907	148.082456	26.405543	8.955584
0.698140	148.096047	26.407926	8.958207
0.698372	148.109635	26.410309	8.960828
0.698605	148.123221	26.412692	8.963450
0.698837	148.136803	26.415074	8.966070
0.699070	148.150382	26.417456	8.968690
0.699302	148.163958	26.419837	8.971310
0.699535	148.177532	26.422217	8.973929
0.699767	148.191102	26.424597	8.976547
0.700000	148.204670	26.426977	8.979165
0.700233	148.218235	26.429356	8.981782
0.700465	148.231796	26.431734	8.984399
0.700698	148.245355	26.434112	8.987015
0.700930	148.258911	26.436490	8.989631
0.701163	148.272464	26.438867	8.992245
0.701395	148.286014	26.441243	8.994860
0.701628	148.299561	26.443619	8.997474
0.701860	148.313105	26.445995	9.000087
0.702093	148.326647	26.448369	9.002700
0.702326	148.340185	26.450744	9.005312
0.702558	148.353720	26.453118	9.007923
0.702791	148.367253	26.455491	9.010534
0.703023	148.380782	26.457864	9.013145
0.703256	148.394309	26.460236	9.015755
0.703488	148.407833	26.462608	9.018364
0.703721	148.421354	26.464979	9.020973
0.703953	148.434872	26.467350	9.023581
0.704186	148.448387	26.469720	9.026188
0.704419	148.461899	26.472090	9.028795
0.704651	148.475408	26.474459	9.031402
0.704884	148.488914	26.476827	9.034008
0.705116	148.502418	26.479196	9.036613
0.705349	148.515918	26.481563	9.039218
0.705581	148.529416	26.483930	9.041822
0.705814	148.542911	26.486297	9.044426
0.706047	148.556402	26.488663	9.047029
0.706279	148.569891	26.491029	9.049631
0.706512	148.583377	26.493394	9.052233
0.706744	148.596860	26.495758	9.054835
0.706977	148.610340	26.498123	9.057435
0.707209	148.623818	26.500486	9.060036
0.707442	148.637292	26.502849	9.062635
0.707674	148.650764	26.505212	9.065235
0.707907	148.664232	26.507574	9.067833
0.708140	148.677698	26.509935	9.070431
0.708372	148.691161	26.512296	9.073029
0.708605	148.704620	26.514657	9.075625
0.708837	148.718077	26.517017	9.078222
0.709070	148.731532	26.519376	9.080818
0.709302	148.744983	26.521735	9.083413
0.709535	148.758431	26.524094	9.086007
0.709767	148.771876	26.526452	9.088601
0.710000	148.785319	26.528809	9.091195
0.710233	148.798759	26.531166	9.093788
0.710465	148.812195	26.533522	9.096380
0.710698	148.825629	26.535878	9.098972
0.710930	148.839060	26.538234	9.101563
0.711163	148.852488	26.540589	9.104154
0.711395	148.865913	26.542943	9.106744
0.711628	148.879336	26.545297	9.109334
0.711860	148.892755	26.547650	9.111923
0.712093	148.906172	26.550003	9.114511
0.712326	148.919585	26.552356	9.117099
0.712558	148.932996	26.554707	9.119687
0.712791	148.946404	26.557059	9.122273
0.713023	148.959809	26.559410	9.124860
0.713256	148.973211	26.561760	9.127445
0.713488	148.986611	26.564110	9.130030
0.713721	149.000007	26.566459	9.132615
0.713953	149.013401	26.568808	9.135199
0.714186	149.026791	26.571156	9.137782
0.714419	149.040179	26.573504	9.140365
0.714651	149.053564	26.575851	9.142948
0.714884	149.066946	26.578198	9.145529
0.715116	149.080325	26.580544	9.148111
0.715349	149.093701	26.582890	9.150691
0.715581	149.107075	26.585235	9.153271
0.715814	149.120446	26.587580	9.155851
0.716047	149.133813	26.589924	9.158430
0.716279	149.147178	26.592268	9.161008
0.716512	149.160540	26.594612	9.163586
0.716744	149.173899	26.596954	9.166164
0.716977	149.187256	26.599297	9.168740
0.717209	149.200609	26.601638	9.171316
0.717442	149.213960	26.603980	9.173892
0.717674	149.227307	26.606320	9.176467
0.717907	149.240652	26.608660	9.179042
0.718140	149.253994	26.611000	9.181616
0.718372	149.267333	26.613339	9.184189
0.718605	149.280670	26.615678	9.186762
0.718837	149.294003	26.618016	9.189335
0.719070	149.307334	26.620354	9.191906
0.719302	149.320662	26.622691	9.194478
0.719535	149.333987	26.625028	9.197048
0.719767	149.347309	26.627364	9.199618
0.720000	149.360628	26.629700	9.202188
0.720233	149.373944	26.632035	9.204757
0.720465	149.387258	26.634370	9.207326
0.720698	149.400569	26.636704	9.209893
0.720930	149.413877	26.639038	9.212461
0.721163	149.427182	26.641371	9.215028
0.721395	149.440484	26.643704	9.217594
0.721628	149.453783	26.646036	9.220160
0.721860	149.467080	26.648368	9.222725
0.722093	149.480373	26.650699	9.225289
0.722326	149.493664	26.653029	9.227854
0.722558	149.506952	26.655360	9.230417
0.722791	149.520237	26.657689	9.232980
0.723023	149.533519	26.660019	9.235542
0.723256	149.546799	26.662347	9.238104
0.723488	149.560075	26.664675	9.240666
0.723721	149.573349	26.667003	9.243226
0.723953	149.586620	26.669330	9.245787
0.724186	149.599888	26.671657	9.248346
0.724419	149.613153	26.673983	9.250905
0.724651	149.626416	26.676309	9.253464
0.724884	149.639676	26.678634	9.256022
0.725116	149.652932	26.680959	9.258580
0.725349	149.666186	26.683283	9.261137
0.725581	149.679438	26.685607	9.263693
0.725814	149.692686	26.687930	9.266249
0.726047	149.705932	26.690253	9.268804
0.726279	149.719174	26.692575	9.271359
0.726512	149.732414	26.694897	9.273913
0.726744	149.745652	26.697218	9.276467
0.726977	149.758886	26.699538	9.279020
0.727209	149.772117	26.701859	9.281572
0.727442	149.785346	26.704178	9.284124
0.727674	149.798572	26.706498	9.286676
0.727907	149.811795	26.708816	9.289227
0.728140	149.825016	26.711135	9.291777
0.728372	149.838233	26.713452	9.294327
0.728605	149.851448	26.715770	9.296876
0.728837	149.864660	26.718087	9.299425
0.729070	149.877869	26.720403	9.301973
0.729302	149.891076	26.722719	9.304521
0.729535	149.904279	26.725034	9.307068
0.729767	149.917480	26.727349	9.309615
0.730000	149.930678	26.729663	9.312161
0.730233	149.943873	26.731977	9.314707
0.730465	149.957066	26.734290	9.317251
0.730698	149.970255	26.736603	9.319796
0.730930	149.983442	26.738915	9.322340
0.731163	149.996626	26.741227	9.324883
0.731395	150.009807	26.743538	9.327426
0.731628	150.022986	26.745849	9.329968
0.731860	150.036162	26.748160	9.332510
0.732093	150.049334	26.750470	9.335051
0.732326	150.062504	26.752779	9.337592
0.732558	150.075672	26.755088	9.340132
0.732791	150.088836	26.757396	9.342671
0.733023	150.101998	26.759704	9.345210
0.733256	150.115157	26.762011	9.347749
0.733488	150.128313	26.764318	9.350287
0.733721	150.141466	26.766625	9.352824
0.733953	150.154617	26.768931	9.355361
0.734186	150.167765	26.771236	9.357897
0.734419	150.180910	26.773541	9.360433
0.734651	150.194052	26.775845	9.362968
0.734884	150.207191	26.778149	9.365503
0.735116	150.220328	26.780453	9.368037
0.735349	150.233462	26.782756	9.370571
0.735581	150.246593	26.785058	9.373104
0.735814	150.259722	26.787360	9.375636
0.736047	150.272847	26.789662	9.378168
0.736279	150.285970	26.791963	9.380700
0.736512	150.299090	26.794264	9.383231
0.736744	150.312208	26.796564	9.385761
0.736977	150.325323	26.798863	9.388291
0.737209	150.338434	26.801162	9.390820
0.737442	150.351544	26.803461	9.393349
0.737674	150.364650	26.805759	9.395877
0.737907	150.377754	26.808057	9.398405
0.738140	150.390855	26.810354	9.400932
0.738372	150.403953	26.812651	9.403459
0.738605	150.417048	26.814947	9.405985
0.738837	150.430141	26.817243	9.408511
0.739070	150.443231	26.819538	9.411036
0.739302	150.456318	26.821833	9.413560
0.739535	150.469403	26.824127	9.416085
0.739767	150.482485	26.826421	9.418608
0.740000	150.495564	26.828714	9.421131
0.740233	150.508640	26.831007	9.423653
0.740465	150.521714	26.833299	9.426175
0.740698	150.534785	26.835591	9.428697
0.740930	150.547853	26.837882	9.431218
0.741163	150.560918	26.840173	9.433738
0.741395	150.573981	26.842464	9.436258
0.741628	150.587041	26.844754	9.438777
0.741860	150.600098	26.847043	9.441296
0.742093	150.613152	26.849332	9.443814
0.742326	150.626204	26.851621	9.446331
0.742558	150.639253	26.853909	9.448849
0.742791	150.652299	26.856196	9.451365
0.743023	150.665342	26.858483	9.453881
0.743256	150.678383	26.860770	9.456397
0.743488	150.691421	26.863056	9.458912
0.743721	150.704456	26.865342	9.461426
0.743953	150.717489	26.867627	9.463940
0.744186	150.730519	26.869911	9.466454
0.744419	150.743546	26.872195	9.468966
0.744651	150.756570	26.874479	9.471479
0.744884	150.769592	26.876762	9.473991
0.745116	150.782611	26.879045	9.476502
0.745349	150.795627	26.881327	9.479013
0.745581	150.808641	26.883609	9.481523
0.745814	150.821651	26.885890	9.484033
0.746047	150.834660	26.888171	9.486542
0.746279	150.847665	26.890452	9.489051
0.746512	150.860668	26.892732	9.491559
0.746744	150.873668	26.895011	9.494066
0.746977	150.886665	26.897290	9.496574
0.747209	150.899660	26.899568	9.499080
0.747442	150.912652	26.901846	9.501586
0.747674	150.925641	26.904124	9.504092
0.747907	150.938628	26.906401	9.506597
0.748140	150.951612	26.908677	9.509101
0.748372	150.964593	26.910954	9.511605
0.748605	150.977572	26.913229	9.514109
0.748837	150.990548	26.915504	9.516612
0.749070	151.003521	26.917779	9.519114
0.749302	151.016492	26.920053	9.521616
0.749535	151.029460	26.922327	9.524118
0.749767	151.042425	26.924600	9.526619
0.750000	151.055388	26.926873	9.529119
0.750233	151.068348	26.929145	9.531619
0.750465	151.081305	26.931417	9.534118
0.750698	151.094260	26.933689	9.536617
0.750930	151.107212	26.935959	9.539115
0.751163	151.120161	26.938230	9.541613
0.751395	151.133108	26.940500	9.544110
0.751628	151.146051	26.942769	9.546607
0.751860	151.158993	26.945038	9.549103
0.752093	151.171931	26.947307	9.551599
0.752326	151.184867	26.949575	9.554094
0.752558	151.197800	26.951843	9.556589
0.752791	151.210730	26.954110	9.559083
0.753023	151.223658	26.956376	9.561577
0.753256	151.236583	26.958642	9.564070
0.753488	151.249506	26.960908	9.566562
0.753721	151.262425	26.963173	9.569054
0.753953	151.275342	26.965438	9.571546
0.754186	151.288257	26.967702	9.574037
0.754419	151.301169	26.969966	9.576528
0.754651	151.314078	26.972230	9.579018
0.754884	151.326984	26.974493	9.581507
0.755116	151.339888	26.976755	9.583996
0.755349	151.352789	26.979017	9.586485
0.755581	151.365688	26.981278	9.588972
0.755814	151.378584	26.983539	9.591460
0.756047	151.391477	26.985800	9.593947
0.756279	151.404368	26.988060	9.596433
0.756512	151.417256	26.990320	9.598919
0.756744	151.430141	26.992579	9.601405
0.756977	151.443024	26.994838	9.603889
0.757209	151.455904	26.997096	9.606374
0.757442	151.468782	26.999354	9.608858
0.757674	151.481657	27.001611	9.611341
0.757907	151.494529	27.003868	9.613824
0.758140	151.507399	27.006124	9.616306
0.758372	151.520266	27.008380	9.618788
0.758605	151.533130	27.010636	9.621270
0.758837	151.545992	27.012891	9.623750
0.759070	151.558852	27.015145	9.626231
0.759302	151.571708	27.017399	9.628711
0.759535	151.584562	27.019653	9.631190
0.759767	151.597414	27.021906	9.633669
0.760000	151.610263	27.024159	9.636147
0.760233	151.623109	27.026411	9.638625
0.760465	151.635953	27.028663	9.641102
0.760698	151.648794	27.030914	9.643579
0.760930	151.661633	27.033165	9.646055
0.761163	151.674468	27.035416	9.648531
0.761395	151.687301	27.037666	9.651006
0.761628	151.700132	27.039915	9.653481
0.761860	151.712960	27.042164	9.655955
0.762093	151.725785	27.044413	9.658429
0.762326	151.738608	27.046661	9.660902
0.762558	151.751428	27.048908	9.663375
0.762791	151.764245	27.051156	9.665847
0.763023	151.777060	27.053402	9.668319
0.763256	151.789872	27.055649	9.670790
0.763488	151.802682	27.057894	9.673260
0.763721	151.815489	27.060140	9.675731
0.763953	151.828293	27.062385	9.678200
0.764186	151.841095	27.064629	9.680669
0.764419	151.853895	27.066873	9.683138
0.764651	151.866691	27.069117	9.685606
0.764884	151.879485	27.071360	9.688074
0.765116	151.892277	27.073602	9.690541
0.765349	151.905066	27.075844	9.693008
0.765581	151.917852	27.078086	9.695474
0.765814	151.930636	27.080327	9.697939
0.766047	151.943417	27.082568	9.700405
0.766279	151.956196	27.084808	9.702869
0.766512	151.968972	27.087048	9.705333
0.766744	151.981745	27.089288	9.707797
0.766977	151.994516	27.091527	9.710260
0.767209	152.007285	27.093765	9.712723
0.767442	152.020051	27.096003	9.715185
0.767674	152.032814	27.098241	9.717647
0.767907	152.045575	27.100478	9.720108
0.768140	152.058333	27.102715	9.722569
0.768372	152.071089	27.104951	9.725029
0.768605	152.083842	27.107187	9.727489
0.768837	152.096593	27.109423	9.729948
0.769070	152.109341	27.111658	9.732407
0.769302	152.122087	27.113892	9.734865
0.769535	152.134830	27.116126	9.737323
0.769767	152.147571	27.118360	9.739780
0.770000	152.160309	27.120593	9.742237
0.770233	152.173045	27.122826	9.744693
0.770465	152.185778	27.125058	9.747149
0.770698	152.198508	27.127290	9.749605
0.770930	152.211236	27.129521	9.752059
0.771163	152.223961	27.131752	9.754514
0.771395	152.236684	27.133983	9.756968
0.771628	152.249404	27.136213	9.759421
0.771860	152.262122	27.138442	9.761874
0.772093	152.274837	27.140671	9.764326
0.772326	152.287549	27.142900	9.766778
0.772558	152.300259	27.145128	9.769229
0.772791	152.312967	27.147356	9.771680
0.773023	152.325672	27.149584	9.774131
0.773256	152.338374	27.151810	9.776581
0.773488	152.351074	27.154037	9.779030
0.773721	152.363771	27.156263	9.781479
0.773953	152.376466	27.158488	9.783927
0.774186	152.389158	27.160714	9.786375
0.774419	152.401848	27.162938	9.788823
0.774651	152.414535	27.165162	9.791270
0.774884	152.427220	27.167386	9.793716
0.775116	152.439902	27.169610	9.796162
0.775349	152.452582	27.171833	9.798608
0.775581	152.465259	27.174055	9.801053
0.775814	152.477934	27.176277	9.803497
0.776047	152.490606	27.178499	9.805941
0.776279	152.503276	27.180720	9.808385
0.776512	152.515943	27.182940	9.810828
0.776744	152.528608	27.185161	9.813271
0.776977	152.541270	27.187381	9.815713
0.777209	152.553930	27.189600	9.818154
0.777442	152.566587	27.191819	9.820596
0.777674	152.579242	27.194037	9.823036
0.777907	152.591895	27.196256	9.825476
0.778140	152.604545	27.198473	9.827916
0.778372	152.617192	27.200690	9.830355
0.778605	152.629837	27.202907	9.832794
0.778837	152.642480	27.205124	9.835233
0.779070	152.655120	27.207340	9.837670
0.779302	152.667758	27.209555	9.840108
0.779535	152.680394	27.211770	9.842545
0.779767	152.693026	27.213985	9.844981
0.780000	152.705657	27.216199	9.847417
0.780233	152.718285	27.218413	9.849852
0.780465	152.730911	27.220626	9.852287
0.780698	152.743534	27.222839	9.854722
0.780930	152.756154	27.225051	9.857156
0.781163	152.768772	27.227264	9.859589
0.781395	152.781388	27.229475	9.862023
0.781628	152.794001	27.231686	9.864455
0.781860	152.806611	27.233897	9.866887
0.782093	152.819219	27.236107	9.869319
0.782326	152.831825	27.238317	9.871750
0.782558	152.844428	27.240526	9.874180
0.782791	152.857029	27.242735	9.876611
0.783023	152.869627	27.244944	9.879040
0.783256	152.882223	27.247152	9.881469
0.783488	152.894816	27.249360	9.883898
0.783721	152.907407	27.251567	9.886326
0.783953	152.919995	27.253774	9.888754
0.784186	152.932581	27.255980	9.891181
0.784419	152.945165	27.258186	9.893608
0.784651	152.957746	27.260391	9.896035
0.784884	152.970325	27.262596	9.898460
0.785116	152.982901	27.264801	9.900886
0.785349	152.995475	27.267005	9.903311
0.785581	153.008046	27.269209	9.905735
0.785814	153.020615	27.271412	9.908159
0.786047	153.033181	27.273615	9.910583
0.786279	153.045746	27.275818	9.913006
0.786512	153.058307	27.278020	9.915428
0.786744	153.070867	27.280222	9.917851
0.786977	153.083424	27.282423	9.920272
0.787209	153.095978	27.284624	9.922693
0.787442	153.108530	27.286824	9.925114
0.787674	153.121080	27.289024	9.927534
0.787907	153.133628	27.291224	9.929954
0.788140	153.146173	27.293423	9.932374
0.788372	153.158715	27.295622	9.934793
0.788605	153.171256	27.297820	9.937211
0.788837	153.183794	27.300018	9.939629
0.789070	153.196329	27.302215	9.942046
0.789302	153.208862	27.304412	9.944464
0.789535	153.221393	27.306609	9.946880
0.789767	153.233922	27.308805	9.949296
0.790000	153.246448	27.311001	9.951712
0.790233	153.258972	27.313196	9.954127
0.790465	153.271493	27.315391	9.956542
0.790698	153.284012	27.317586	9.958956
0.790930	153.296529	27.319780	9.961370
0.791163	153.309043	27.321974	9.963784
0.791395	153.321554	27.324167	9.966196
0.791628	153.334064	27.326360	9.968609
0.791860	153.346571	27.328552	9.971021
0.792093	153.359075	27.330744	9.973432
0.792326	153.371577	27.332936	9.975843
0.792558	153.384077	27.335127	9.978254
0.792791	153.396574	27.337318	9.980664
0.793023	153.409069	27.339508	9.983074
0.793256	153.421561	27.341698	9.985483
0.793488	153.434051	27.343887	9.987892
0.793721	153.446539	27.346076	9.990300
0.793953	153.459025	27.348265	9.992708
0.794186	153.471508	27.350453	9.995115
0.794419	153.483988	27.352641	9.997522
0.794651	153.496466	27.354828	9.999928
0.794884	153.508942	27.357015	10.002334
0.795116	153.521416	27.359202	10.004740
0.795349	153.533887	27.361388	10.007145
0.795581	153.546356	27.363573	10.009549
0.795814	153.558823	27.365759	10.011954
0.796047	153.571287	27.367944	10.014357
0.796279	153.583749	27.370128	10.016761
0.796512	153.596209	27.372312	10.019163
0.796744	153.608666	27.374496	10.021566
0.796977	153.621121	27.376679	10.023968
0.797209	153.633574	27.378862	10.026369
0.797442	153.646024	27.381044	10.028770
0.797674	153.658472	27.383227	10.031171
0.797907	153.670918	27.385408	10.033571
0.798140	153.683361	27.387589	10.035970
0.798372	153.695803	27.389770	10.038370
0.798605	153.708242	27.391951	10.040768
0.798837	153.720678	27.394131	10.043167
0.799070	153.733113	27.396310	10.045565
0.799302	153.745545	27.398490	10.047962
0.799535	153.757975	27.400668	10.050359
0.799767	153.770403	27.402847	10.052756
0.800000	153.782828	27.405025	10.055152
0.800233	153.795251	27.407203	10.057548
0.800465	153.807672	27.409380	10.059943
0.800698	153.820090	27.411557	10.062338
0.800930	153.832506	27.413733	10.064732
0.801163	153.844920	27.415909	10.067126
0.801395	153.857331	27.418085	10.069519
0.801628	153.869740	27.420260	10.071912
0.801860	153.882147	27.422435	10.074305
0.802093	153.894552	27.424609	10.076697
0.802326	153.906954	27.426783	10.079089
0.802558	153.919353	27.428957	10.081480
0.802791	153.931751	27.431130	10.083870
0.803023	153.944146	27.433302	10.086261
0.803256	153.956539	27.435475	10.088651
0.803488	153.968929	27.437647	10.091040
0.803721	153.981318	27.439818	10.093429
0.803953	153.993704	27.441989	10.095817
0.804186	154.006087	27.444160	10.098205
0.804419	154.018469	27.446330	10.100593
0.804651	154.030848	27.448500	10.102980
0.804884	154.043225	27.450670	10.105367
0.805116	154.055600	27.452839	10.107753
0.805349	154.067972	27.455008	10.110139
0.805581	154.080342	27.457176	10.112525
0.805814	154.092710	27.459344	10.114910
0.806047	154.105076	27.461511	10.117294
0.806279	154.117439	27.463679	10.119678
0.806512	154.129800	27.465845	10.122062
0.806744	154.142159	27.468012	10.124445
0.806977	154.154516	27.470178	10.126828
0.807209	154.166871	27.472343	10.129210
0.807442	154.179223	27.474508	10.131592
0.807674	154.191573	27.476673	10.133974
0.807907	154.203921	27.478838	10.136355
0.808140	154.216267	27.481002	10.138736
0.808372	154.228610	27.483165	10.141116
0.808605	154.240951	27.485329	10.143496
0.808837	154.253291	27.487491	10.145875
0.809070	154.265628	27.489654	10.148254
0.809302	154.277962	27.491816	10.150633
0.809535	154.290295	27.493978	10.153011
0.809767	154.302626	27.496139	10.155389
0.810000	154.314954	27.498300	10.157766
0.810233	154.327280	27.500461	10.160143
0.810465	154.339604	27.502621	10.162519
0.810698	154.351926	27.504780	10.164895
0.810930	154.364245	27.506940	10.167271
0.811163	154.376562	27.509099	10.169646
0.811395	154.388877	27.511257	10.172021
0.811628	154.401189	27.513415	10.174395
0.811860	154.413500	27.515573	10.176769
0.812093	154.425808	27.517731	10.179142
0.812326	154.438114	27.519888	10.181515
0.812558	154.450417	27.522044	10.183888
0.812791	154.462719	27.524200	10.186260
0.813023	154.475018	27.526356	10.188632
0.813256	154.487315	27.528512	10.191003
0.813488	154.499609	27.530667	10.193374
0.813721	154.511902	27.532821	10.195744
0.813953	154.524192	27.534975	10.198114
0.814186	154.536481	27.537129	10.200483
0.814419	154.548767	27.539283	10.202853
0.814651	154.561050	27.541436	10.205221
0.814884	154.573332	27.543589	10.207590
0.815116	154.585612	27.545741	10.209957
0.815349	154.597889	27.547893	10.212325
0.815581	154.610164	27.550044	10.214692
0.815814	154.622437	27.552196	10.217058
0.816047	154.634708	27.554346	10.219425
0.816279	154.646977	27.556497	10.221790
0.816512	154.659243	27.558647	10.224156
0.816744	154.671508	27.560797	10.226521
0.816977	154.683770	27.562946	10.228885
0.817209	154.696030	27.565095	10.231249
0.817442	154.708288	27.567243	10.233613
0.817674	154.720544	27.569391	10.235976
0.817907	154.732798	27.571539	10.238339
0.818140	154.745050	27.573687	10.240702
0.818372	154.757299	27.575834	10.243064
0.818605	154.769547	27.577980	10.245425
0.818837	154.781793	27.580127	10.247787
0.819070	154.794036	27.582273	10.250148
0.819302	154.806277	27.584418	10.252508
0.819535	154.818517	27.586564	10.254868
0.819767	154.830754	27.588708	10.257228
0.820000	154.842989	27.590853	10.259587
0.820233	154.855222	27.592997	10.261946
0.820465	154.867453	27.595141	10.264304
0.820698	154.879682	27.597284	10.266662
0.820930	154.891908	27.599427	10.269020
0.821163	154.904132	27.601570	10.271377
0.821395	154.916355	27.603712	10.273734
0.821628	154.928575	27.605854	10.276090
0.821860	154.940792	27.607995	10.278446
0.822093	154.953008	27.610136	10.280801
0.822326	154.965222	27.612277	10.283157
0.822558	154.977433	27.614417	10.285511
0.822791	154.989642	27.616557	10.287865
0.823023	155.001850	27.618697	10.290219
0.823256	155.014055	27.620836	10.292573
0.823488	155.026258	27.622975	10.294926
0.823721	155.038458	27.625113	10.297278
0.823953	155.050657	27.627252	10.299631
0.824186	155.062854	27.629389	10.301982
0.824419	155.075048	27.631527	10.304334
0.824651	155.087241	27.633664	10.306685
0.824884	155.099431	27.635800	10.309035
0.825116	155.111620	27.637937	10.311385
0.825349	155.123806	27.640072	10.313735
0.825581	155.135990	27.642208	10.316085
0.825814	155.148172	27.644343	10.318434
0.826047	155.160352	27.646478	10.320782
0.826279	155.172530	27.648612	10.323130
0.826512	155.184706	27.650746	10.325478
0.826744	155.196880	27.652880	10.327826
0.826977	155.209052	27.655013	10.330173
0.827209	155.221222	27.657146	10.332519
0.827442	155.233390	27.659279	10.334865
0.827674	155.245556	27.661411	10.337211
0.827907	155.257720	27.663543	10.339557
0.828140	155.269881	27.665675	10.341902
0.828372	155.282041	27.667806	10.344246
0.828605	155.294199	27.669937	10.346590
0.828837	155.306355	27.672068	10.348934
0.829070	155.318509	27.674198	10.351278
0.829302	155.330661	27.676328	10.353621
0.829535	155.342811	27.678457	10.355964
0.829767	155.354959	27.680586	10.358306
0.830000	155.367105	27.682715	10.360648
0.830233	155.379249	27.684843	10.362990
0.830465	155.391391	27.686972	10.365331
0.830698	155.403531	27.689099	10.367671
0.830930	155.415669	27.691227	10.370012
0.831163	155.427804	27.693354	10.372352
0.831395	155.439938	27.695480	10.374691
0.831628	155.452069	27.697606	10.377030
0.831860	155.464199	27.699732	10.379369
0.832093	155.476326	27.701858	10.381708
0.832326	155.488452	27.703983	10.384045
0.832558	155.500575	27.706108	10.386383
0.832791	155.512696	27.708232	10.388720
0.833023	155.524816	27.710356	10.391057
0.833256	155.536933	27.712480	10.393393
0.833488	155.549048	27.714603	10.395729
0.833721	155.561161	27.716726	10.398065
0.833953	155.573273	27.718849	10.400400
0.834186	155.585382	27.720971	10.402735
0.834419	155.597489	27.723093	10.405069
0.834651	155.609594	27.725215	10.407403
0.834884	155.621698	27.727336	10.409737
0.835116	155.633799	27.729457	10.412070
0.835349	155.645898	27.731577	10.414403
0.835581	155.657996	27.733698	10.416735
0.835814	155.670091	27.735817	10.419068
0.836047	155.682184	27.737937	10.421399
0.836279	155.694276	27.740056	10.423731
0.836512	155.706365	27.742175	10.426062
0.836744	155.718453	27.744293	10.428392
0.836977	155.730539	27.746412	10.430722
0.837209	155.742623	27.748529	10.433052
0.837442	155.754704	27.750647	10.435382
0.837674	155.766784	27.752764	10.437711
0.837907	155.778862	27.754881	10.440040
0.838140	155.790939	27.756997	10.442368
0.838372	155.803013	27.759113	10.444696
0.838605	155.815085	27.761229	10.447024
0.838837	155.827156	27.763345	10.449351
0.839070	155.839224	27.765460	10.451678
0.839302	155.851291	27.767575	10.454004
0.839535	155.863356	27.769689	10.456331
0.839767	155.875419	27.771803	10.458657
0.840000	155.887480	27.773917	10.460982
0.840233	155.899539	27.776030	10.463307
0.840465	155.911596	27.778144	10.465632
0.840698	155.923652	27.780256	10.467956
0.840930	155.935705	27.782369	10.470280
0.841163	155.947756	27.784481	10.472604
0.841395	155.959806	27.786593	10.474927
0.841628	155.971853	27.788704	10.477250
0.841860	155.983898	27.790815	10.479572
0.842093	155.995942	27.792926	10.481894
0.842326	156.007983	27.795036	10.484216
0.842558	156.020023	27.797146	10.486537
0.842791	156.032060	27.799256	10.488858
0.843023	156.044096	27.801365	10.491179
0.843256	156.056129	27.803474	10.493499
0.843488	156.068161	27.805583	10.495819
0.843721	156.080191	27.807691	10.498138
0.843953	156.092219	27.809799	10.500457
0.844186	156.104245	27.811907	10.502776
0.844419	156.116269	27.814014	10.505094
0.844651	156.128292	27.816121	10.507412
0.844884	156.140312	27.818228	10.509730
0.845116	156.152331	27.820334	10.512047
0.845349	156.164347	27.822440	10.514364
0.845581	156.176362	27.824546	10.516680
0.845814	156.188375	27.826651	10.518996
0.846047	156.200386	27.828756	10.521312
0.846279	156.212395	27.830861	10.523628
0.846512	156.224403	27.832965	10.525943
0.846744	156.236408	27.835069	10.528257
0.846977	156.248412	27.837173	10.530572
0.847209	156.260414	27.839276	10.532886
0.847442	156.272414	27.841379	10.535200
0.847674	156.284412	27.843482	10.537513
0.847907	156.296409	27.845584	10.539826
0.848140	156.308404	27.847686	10.542138
0.848372	156.320397	27.849788	10.544451
0.848605	156.332388	27.851890	10.546763
0.848837	156.344377	27.853991	10.549074
0.849070	156.356365	27.856092	10.551385
0.849302	156.368351	27.858192	10.553696
0.849535	156.380335	27.860292	10.556007
0.849767	156.392317	27.862392	10.558317
0.850000	156.404298	27.864492	10.560627
0.850233	156.416277	27.866591	10.562937
0.850465	156.428254	27.868690	10.565246
0.850698	156.440229	27.870789	10.567554
0.850930	156.452202	27.872887	10.569863
0.851163	156.464173	27.874985	10.572171
0.851395	156.476143	27.877083	10.574479
0.851628	156.488110	27.879180	10.576786
0.851860	156.500076	27.881277	10.579093
0.852093	156.512040	27.883374	10.581400
0.852326	156.524001	27.885470	10.583706
0.852558	156.535962	27.887566	10.586012
0.852791	156.547920	27.889662	10.588317
0.853023	156.559876	27.891757	10.590622
0.853256	156.571831	27.893852	10.592927
0.853488	156.583784	27.895947	10.595232
0.853721	156.595735	27.898041	10.597536
0.853953	156.607684	27.900135	10.599840
0.854186	156.619631	27.902229	10.602143
0.854419	156.631577	27.904322	10.604446
0.854651	156.643521	27.906415	10.606749
0.854884	156.655463	27.908508	10.609051
0.855116	156.667403	27.910601	10.611353
0.855349	156.679342	27.912693	10.613655
0.855581	156.691278	27.914785	10.615956
0.855814	156.703213	27.916876	10.618257
0.856047	156.715147	27.918968	10.620558
0.856279	156.727078	27.921058	10.622858
0.856512	156.739008	27.923149	10.625158
0.856744	156.750936	27.925239	10.627458
0.856977	156.762862	27.927330	10.629757
0.857209	156.774787	27.929419	10.632056
0.857442	156.786710	27.931509	10.634355
0.857674	156.798631	27.933598	10.636653
0.857907	156.810551	27.935687	10.638951
0.858140	156.822469	27.937775	10.641249
0.858372	156.834385	27.939863	10.643546
0.858605	156.846299	27.941951	10.645843
0.858837	156.858212	27.944039	10.648140
0.859070	156.870124	27.946126	10.650437
0.859302	156.882033	27.948213	10.652733
0.859535	156.893941	27.950300	10.655028
0.859767	156.905847	27.952387	10.657324
0.860000	156.917752	27.954473	10.659619
0.860233	156.929655	27.956559	10.661914
0.860465	156.941556	27.958645	10.664208
0.860698	156.953455	27.960730	10.666502
0.860930	156.965353	27.962815	10.668796
0.861163	156.977249	27.964899	10.671089
0.861395	156.989143	27.966984	10.673383
0.861628	157.001035	27.969068	10.675675
0.861860	157.012925	27.971152	10.677968
0.862093	157.024814	27.973235	10.680260
0.862326	157.036701	27.975318	10.682551
0.862558	157.048586	27.977401	10.684843
0.862791	157.060470	27.979483	10.687134
0.863023	157.072352	27.981566	10.689424
0.863256	157.084232	27.983647	10.691715
0.863488	157.096110	27.985729	10.694005
0.863721	157.107987	27.987810	10.696294
0.863953	157.119862	27.989891	10.698584
0.864186	157.131735	27.991972	10.700873
0.864419	157.143606	27.994052	10.703162
0.864651	157.155476	27.996133	10.705450
0.864884	157.167345	27.998212	10.707738
0.865116	157.179211	28.000292	10.710026
0.865349	157.191076	28.002371	10.712313
0.865581	157.202939	28.004450	10.714600
0.865814	157.214801	28.006529	10.716887
0.866047	157.226661	28.008607	10.719173
0.866279	157.238519	28.010685	10.721460
0.866512	157.250376	28.012763	10.723745
0.866744	157.262231	28.014840	10.726031
0.866977	157.274085	28.016918	10.728316
0.867209	157.285937	28.018994	10.730601
0.867442	157.297787	28.021071	10.732886
0.867674	157.309636	28.023147	10.735170
0.867907	157.321483	28.025224	10.737454
0.868140	157.333329	28.027299	10.739737
0.868372	157.345173	28.029375	10.742021
0.868605	157.357015	28.031450	10.744304
0.868837	157.368856	28.033525	10.746587
0.869070	157.380696	28.035600	10.748869
0.869302	157.392534	28.037674	10.751151
0.869535	157.404370	28.039748	10.753433
0.869767	157.416205	28.041822	10.755715
0.870000	157.428038	28.043896	10.757996
0.870233	157.439870	28.045969	10.760277
0.870465	157.451700	28.048042	10.762558
0.870698	157.463528	28.050115	10.764838
0.870930	157.475355	28.052188	10.767118
0.871163	157.487180	28.054260	10.769398
0.871395	157.499003	28.056332	10.771677
0.871628	157.510825	28.058403	10.773956
0.871860	157.522645	28.060474	10.776235
0.872093	157.534463	28.062545	10.778513
0.872326	157.546280	28.064616	10.780791
0.872558	157.558095	28.066686	10.783069
0.872791	157.569908	28.068757	10.785346
0.873023	157.581720	28.070826	10.787623
0.873256	157.593531	28.072896	10.789900
0.873488	157.605339	28.074965	10.792177
0.873721	157.617146	28.077034	10.794453
0.873953	157.628952	28.079103	10.796729
0.874186	157.640756	28.081171	10.799004
0.874419	157.652558	28.083239	10.801280
0.874651	157.664359	28.085307	10.803554
0.874884	157.676158	28.087375	10.805829
0.875116	157.687956	28.089442	10.808104
0.875349	157.699752	28.091509	10.810378
0.875581	157.711546	28.093576	10.812651
0.875814	157.723339	28.095642	10.814925
0.876047	157.735131	28.097709	10.817198
0.876279	157.746921	28.099775	10.819471
0.876512	157.758709	28.101840	10.821743
0.876744	157.770496	28.103906	10.824016
0.876977	157.782282	28.105971	10.826288
0.877209	157.794066	28.108036	10.828559
0.877442	157.805848	28.110101	10.830831
0.877674	157.817630	28.112165	10.833102
0.877907	157.829409	28.114229	10.835373
0.878140	157.841187	28.116293	10.837643
0.878372	157.852964	28.118357	10.839914
0.878605	157.864739	28.120420	10.842184
0.878837	157.876513	28.122483	10.844453
0.879070	157.888286	28.124546	10.846723
0.879302	157.900057	28.126609	10.848992
0.879535	157.911826	28.128671	10.851261
0.879767	157.923594	28.130733	10.853530
0.880000	157.935361	28.132795	10.855798
0.880233	157.947126	28.134857	10.858066
0.880465	157.958890	28.136918	10.860334
0.880698	157.970652	28.138979	10.862601
0.880930	157.982413	28.141040	10.864868
0.881163	157.994172	28.143100	10.867135
0.881395	158.005929	28.145161	10.869402
0.881628	158.017685	28.147221	10.871668
0.881860	158.029439	28.149280	10.873934
0.882093	158.041192	28.151340	10.876200
0.882326	158.052943	28.153399	10.878465
0.882558	158.064693	28.155458	10.880730
0.882791	158.076441	28.157516	10.882995
0.883023	158.088188	28.159575	10.885259
0.883256	158.099933	28.161633	10.887524
0.883488	158.111677	28.163691	10.889787
0.883721	158.123419	28.165748	10.892051
0.883953	158.135160	28.167806	10.894314
0.884186	158.146899	28.169863	10.896577
0.884419	158.158637	28.171920	10.898840
0.884651	158.170373	28.173976	10.901103
0.884884	158.182108	28.176032	10.903365
0.885116	158.193842	28.178088	10.905627
0.885349	158.205574	28.180144	10.907888
0.885581	158.217304	28.182200	10.910150
0.885814	158.229034	28.184255	10.912411
0.886047	158.240761	28.186310	10.914672
0.886279	158.252488	28.188365	10.916932
0.886512	158.264213	28.190419	10.919192
0.886744	158.275937	28.192474	10.921452
0.886977	158.287659	28.194528	10.923712
0.887209	158.299380	28.196582	10.925972
0.887442	158.311099	28.198635	10.928231
0.887674	158.322818	28.200689	10.930490
0.887907	158.334534	28.202742	10.932749
0.888140	158.346250	28.204795	10.935007
0.888372	158.357964	28.206847	10.937265
0.888605	158.369677	28.208900	10.939523
0.888837	158.381389	28.210952	10.941781
0.889070	158.393099	28.213004	10.944038
0.889302	158.404808	28.215055	10.946295
0.889535	158.416516	28.217107	10.948552
0.889767	158.428222	28.219158	10.950809
0.890000	158.439927	28.221209	10.953065
0.890233	158.451631	28.223260	10.955321
0.890465	158.463333	28.225310	10.957577
0.890698	158.475034	28.227361	10.959832
0.890930	158.486733	28.229410	10.962088
0.891163	158.498431	28.231460	10.964343
0.891395	158.510127	28.233510	10.966597
0.891628	158.521822	28.235559	10.968852
0.891860	158.533516	28.237608	10.971106
0.892093	158.545208	28.239657	10.973360
0.892326	158.556899	28.241705	10.975613
0.892558	158.568588	28.243753	10.977867
0.892791	158.580276	28.245801	10.980120
0.893023	158.591963	28.247849	10.982372
0.893256	158.603648	28.249896	10.984625
0.893488	158.615332	28.251944	10.986877
0.893721	158.627014	28.253991	10.989129
0.893953	158.638695	28.256037	10.991381
0.894186	158.650375	28.258084	10.993632
0.894419	158.662053	28.260130	10.995883
0.894651	158.673730	28.262176	10.998134
0.894884	158.685406	28.264222	11.000385
0.895116	158.697081	28.266267	11.002635
0.895349	158.708754	28.268313	11.004885
0.895581	158.720425	28.270358	11.007135
0.895814	158.732096	28.272403	11.009385
0.896047	158.743765	28.274447	11.011634
0.896279	158.755433	28.276492	11.013883
0.896512	158.767100	28.278536	11.016132
0.896744	158.778765	28.280580	11.018381
0.896977	158.790429	28.282624	11.020629
0.897209	158.802092	28.284667	11.022877
0.897442	158.813754	28.286711	11.025125
0.897674	158.825414	28.288754	11.027373
0.897907	158.837073	28.290797	11.029620
0.898140	158.848731	28.292839	11.031868
0.898372	158.860388	28.294882	11.034115
0.898605	158.872044	28.296924	11.036361
0.898837	158.883698	28.298966	11.038608
0.899070	158.895351	28.301008	11.040854
0.899302	158.907003	28.303049	11.043100
0.899535	158.918654	28.305091	11.045346
0.899767	158.930304	28.307132	11.047592
0.900000	158.941952	28.309173	11.049837
0.900233	158.953599	28.311214	11.052082
0.900465	158.965245	28.313254	11.054327
0.900698	158.976890	28.315295	11.056572
0.900930	158.988533	28.317335	11.058816
0.901163	159.000175	28.319374	11.061060
0.901395	159.011815	28.321414	11.063304
0.901628	159.023454	28.323453	11.065547
0.901860	159.035092	28.325493	11.067791
0.902093	159.046729	28.327531	11.070034
0.902326	159.058364	28.329570	11.072277
0.902558	159.069998	28.331609	11.074519
0.902791	159.081631	28.333647	11.076762
0.903023	159.093262	28.335685	11.079004
0.903256	159.104892	28.337723	11.081246
0.903488	159.116521	28.339760	11.083487
0.903721	159.128149	28.341797	11.085729
0.903953	159.139775	28.343835	11.087970
0.904186	159.151400	28.345871	11.090211
0.904419	159.163024	28.347908	11.092451
0.904651	159.174647	28.349945	11.094692
0.904884	159.186268	28.351981	11.096932
0.905116	159.197889	28.354017	11.099172
0.905349	159.209508	28.356053	11.101411
0.905581	159.221126	28.358088	11.103651
0.905814	159.232742	28.360124	11.105890
0.906047	159.244358	28.362159	11.108129
0.906279	159.255972	28.364194	11.110368
0.906512	159.267586	28.366229	11.112606
0.906744	159.279198	28.368263	11.114845
0.906977	159.290809	28.370298	11.117083
0.907209	159.302419	28.372332	11.119321
0.907442	159.314027	28.374366	11.121559
0.907674	159.325635	28.376400	11.123796
0.907907	159.337242	28.378433	11.126033
0.908140	159.348847	28.380467	11.128270
0.908372	159.360451	28.382500	11.130507
0.908605	159.372055	28.384533	11.132744
0.908837	159.383657	28.386566	11.134980
0.909070	159.395258	28.388598	11.137216
0.909302	159.406858	28.390631	11.139452
0.909535	159.418457	28.392663	11.141688
0.909767	159.430055	28.394695	11.143924
0.910000	159.441652	28.396727	11.146159
0.910233	159.453248	28.398759	11.148394
0.910465	159.464842	28.400790	11.150629
0.910698	159.476436	28.402821	11.152864
0.910930	159.488028	28.404852	11.155098
0.911163	159.499619	28.406883	11.157332
0.911395	159.511208	28.408914	11.159566
0.911628	159.522797	28.410944	11.161800
0.911860	159.534384	28.412974	11.164033
0.912093	159.545970	28.415004	11.166267
0.912326	159.557555	28.417034	11.168500
0.912558	159.569139	28.419064	11.170733
0.912791	159.580721	28.421093	11.172965
0.913023	159.592303	28.423122	11.175197
0.913256	159.603883	28.425151	11.177430
0.913488	159.615462	28.427180	11.179661
0.913721	159.627040	28.429208	11.181893
0.913953	159.638617	28.431237	11.184125
0.914186	159.650193	28.433265	11.186356
0.914419	159.661768	28.435293	11.188587
0.914651	159.673341	28.437321	11.190818
0.914884	159.684914	28.439348	11.193048
0.915116	159.696485	28.441376	11.195279
0.915349	159.708055	28.443403	11.197509
0.915581	159.719625	28.445430	11.199739
0.915814	159.731193	28.447457	11.201969
0.916047	159.742760	28.449483	11.204198
0.916279	159.754326	28.451510	11.206427
0.916512	159.765891	28.453536	11.208657
0.916744	159.777455	28.455562	11.210886
0.916977	159.789019	28.457588	11.213114
0.917209	159.800581	28.459614	11.215343
0.917442	159.812142	28.461639	11.217571
0.917674	159.823702	28.463665	11.219799
0.917907	159.835261	28.465690	11.222027
0.918140	159.846819	28.467715	11.224255
0.918372	159.858376	28.469740	11.226483
0.918605	159.869932	28.471764	11.228710
0.918837	159.881488	28.473789	11.230937
0.919070	159.893042	28.475813	11.233165
0.919302	159.904595	28.477837	11.235391
0.919535	159.916148	28.479861	11.237618
0.919767	159.927699	28.481885	11.239845
0.920000	159.939250	28.483909	11.242071
0.920233	159.950800	28.485933	11.244297
0.920465	159.962348	28.487956	11.246523
0.920698	159.973896	28.489979	11.248749
0.920930	159.985442	28.492002	11.250974
0.921163	159.996987	28.494025	11.253200
0.921395	160.008531	28.496047	11.255425
0.921628	160.020074	28.498070	11.257650
0.921860	160.031616	28.500092	11.259874
0.922093	160.043157	28.502114	11.262099
0.922326	160.054697	28.504136	11.264323
0.922558	160.066235	28.506157	11.266547
0.922791	160.077773	28.508179	11.268771
0.923023	160.089310	28.510200	11.270994
0.923256	160.100846	28.512221	11.273218
0.923488	160.112380	28.514242	11.275441
0.923721	160.123914	28.516263	11.277664
0.923953	160.135446	28.518283	11.279887
0.924186	160.146978	28.520304	11.282110
0.924419	160.158509	28.522324	11.284332
0.924651	160.170038	28.524344	11.286554
0.924884	160.181567	28.526364	11.288776
0.925116	160.193095	28.528383	11.290998
0.925349	160.204622	28.530403	11.293220
0.925581	160.216148	28.532422	11.295442
0.925814	160.227673	28.534441	11.297663
0.926047	160.239197	28.536460	11.299884
0.926279	160.250720	28.538479	11.302105
0.926512	160.262242	28.540498	11.304326
0.926744	160.273763	28.542516	11.306547
0.926977	160.285284	28.544535	11.308767
0.927209	160.296803	28.546553	11.310987
0.927442	160.308322	28.548571	11.313207
0.927674	160.319840	28.550589	11.315427
0.927907	160.331357	28.552607	11.317647
0.928140	160.342873	28.554624	11.319867
0.928372	160.354388	28.556642	11.322086
0.928605	160.365902	28.558659	11.324306
0.928837	160.377416	28.560676	11.326525
0.929070	160.388929	28.562693	11.328744
0.929302	160.400441	28.564710	11.330962
0.929535	160.411952	28.566727	11.333181
0.929767	160.423462	28.568744	11.335400
0.930000	160.434972	28.570760	11.337618
0.930233	160.446481	28.572776	11.339836
0.930465	160.457988	28.574792	11.342054
0.930698	160.469495	28.576808	11.344272
0.930930	160.481001	28.578824	11.346490
0.931163	160.492506	28.580840	11.348707
0.931395	160.504009	28.582855	11.350924
0.931628	160.515512	28.584870	11.353141
0.931860	160.527014	28.586885	11.355358
0.932093	160.538515	28.588900	11.357575
0.932326	160.550015	28.590915	11.359791
0.932558	160.561514	28.592930	11.362008
0.932791	160.573012	28.594944	11.364224
0.933023	160.584509	28.596958	11.366440
0.933256	160.596006	28.598972	11.368655
0.933488	160.607501	28.600986	11.370871
0.933721	160.618996	28.603000	11.373086
0.933953	160.630489	28.605014	11.375302
0.934186	160.641982	28.607027	11.377517
0.934419	160.653474	28.609040	11.379732
0.934651	160.664965	28.611053	11.381946
0.934884	160.676456	28.613066	11.384161
0.935116	160.687945	28.615079	11.386375
0.935349	160.699434	28.617092	11.388590
0.935581	160.710921	28.619105	11.390804
0.935814	160.722408	28.621117	11.393018
0.936047	160.733895	28.623129	11.395232
0.936279	160.745380	28.625141	11.397445
0.936512	160.756865	28.627153	11.399659
0.936744	160.768349	28.629165	11.401872
0.936977	160.779832	28.631177	11.404085
0.937209	160.791314	28.633189	11.406298
0.937442	160.802795	28.635200	11.408511
0.937674	160.814276	28.637211	11.410724
0.937907	160.825756	28.639223	11.412937
0.938140	160.837236	28.641234	11.415149
0.938372	160.848715	28.643245	11.417361
0.938605	160.860192	28.645256	11.419574
0.938837	160.871670	28.647266	11.421786
0.939070	160.883146	28.649277	11.423998
0.939302	160.894622	28.651287	11.426209
0.939535	160.906097	28.653298	11.428421
0.939767	160.917572	28.655308	11.430633
0.940000	160.929046	28.657318	11.432844
0.940233	160.940519	28.659328	11.435055
0.940465	160.951991	28.661338	11.437266
0.940698	160.963463	28.663348	11.439477
0.940930	160.974933	28.665357	11.441688
0.941163	160.986403	28.667366	11.443899
0.941395	160.997872	28.669376	11.446109
0.941628	161.009340	28.671385	11.448319
0.941860	161.020807	28.673394	11.450529
0.942093	161.032273	28.675402	11.452739
0.942326	161.043739	28.677411	11.454949
0.942558	161.055204	28.679420	11.457159
0.942791	161.066668	28.681428	11.459368
0.943023	161.078131	28.683436	11.461577
0.943256	161.089593	28.685444	11.463787
0.943488	161.101055	28.687452	11.465996
0.943721	161.112516	28.689460	11.468205
0.943953	161.123976	28.691468	11.470413
0.944186	161.135435	28.693475	11.472622
0.944419	161.146894	28.695483	11.474830
0.944651	161.158352	28.697490	11.477039
0.944884	161.169809	28.699497	11.479247
0.945116	161.181265	28.701504	11.481455
0.945349	161.192721	28.703511	11.483663
0.945581	161.204176	28.705518	11.485870
0.945814	161.215631	28.707525	11.488078
0.946047	161.227084	28.709531	11.490285
0.946279	161.238538	28.711538	11.492493
0.946512	161.249990	28.713544	11.494700
0.946744	161.261442	28.715550	11.496907
0.946977	161.272893	28.717556	11.499114
0.947209	161.284343	28.719562	11.501321
0.947442	161.295793	28.721568	11.503528
0.947674	161.307243	28.723574	11.505734
0.947907	161.318691	28.725580	11.507941
0.948140	161.330139	28.727585	11.510147
0.948372	161.341587	28.729591	11.512353
0.948605	161.353034	28.731596	11.514559
0.948837	161.364480	28.733601	11.516765
0.949070	161.375926	28.735606	11.518971
0.949302	161.387371	28.737611	11.521177
0.949535	161.398816	28.739616	11.523383
0.949767	161.410260	28.741621	11.525588
0.950000	161.421704	28.743626	11.527794
0.950233	161.433147	28.745631	11.529999
0.950465	161.444589	28.747635	11.532205
0.950698	161.456031	28.749640	11.534410
0.950930	161.467472	28.751644	11.536615
0.951163	161.478912	28.753648	11.538819
0.951395	161.490351	28.755652	11.541024
0.951628	161.501790	28.757656	11.543229
0.951860	161.513228	28.759659	11.545433
0.952093	161.524665	28.761663	11.547637
0.952326	161.536102	28.763666	11.549841
0.952558	161.547537	28.765670	11.552045
0.952791	161.558973	28.767673	11.554249
0.953023	161.570407	28.769676	11.556453
0.953256	161.581841	28.771679	11.558656
0.953488	161.593274	28.773682	11.560860
0.953721	161.604707	28.775685	11.563063
0.953953	161.616139	28.777687	11.565266
0.954186	161.627570	28.779690	11.567470
0.954419	161.639001	28.781692	11.569672
0.954651	161.650432	28.783695	11.571875
0.954884	161.661861	28.785697	11.574078
0.955116	161.673290	28.787699	11.576281
0.955349	161.684719	28.789701	11.578483
0.955581	161.696147	28.791703	11.580686
0.955814	161.707574	28.793705	11.582888
0.956047	161.719001	28.795707	11.585090
0.956279	161.730427	28.797708	11.587292
0.956512	161.741853	28.799710	11.589494
0.956744	161.753278	28.801711	11.591696
0.956977	161.764703	28.803713	11.593898
0.957209	161.776127	28.805714	11.596100
0.957442	161.787551	28.807715	11.598301
0.957674	161.798974	28.809716	11.600503
0.957907	161.810397	28.811717	11.602704
0.958140	161.821819	28.813718	11.604905
0.958372	161.833241	28.815719	11.607107
0.958605	161.844662	28.817720	11.609308
0.958837	161.856083	28.819721	11.611509
0.959070	161.867504	28.821721	11.613710
0.959302	161.878924	28.823722	11.615911
0.959535	161.890344	28.825722	11.618112
0.959767	161.901763	28.827723	11.620312
0.960000	161.913182	28.829723	11.622513
0.960233	161.924600	28.831723	11.624714
0.960465	161.936018	28.833723	11.626914
0.960698	161.947435	28.835723	11.629114
0.960930	161.958852	28.837723	11.631315
0.961163	161.970268	28.839723	11.633515
0.961395	161.981683	28.841723	11.635715
0.961628	161.993098	28.843723	11.637914
0.961860	162.004512	28.845722	11.640114
0.962093	162.015926	28.847721	11.642314
0.962326	162.027339	28.849721	11.644513
0.962558	162.038751	28.851720	11.646713
0.962791	162.050163	28.853719	11.648912
0.963023	162.061575	28.855718	11.651111
0.963256	162.072986	28.857717	11.653310
0.963488	162.084396	28.859716	11.655510
0.963721	162.095806	28.861715	11.657708
0.963953	162.107216	28.863713	11.659907
0.964186	162.118625	28.865712	11.662106
0.964419	162.130033	28.867710	11.664305
0.964651	162.141441	28.869709	11.666503
0.964884	162.152849	28.871707	11.668702
0.965116	162.164256	28.873705	11.670900
0.965349	162.175662	28.875704	11.673098
0.965581	162.187068	28.877702	11.675296
0.965814	162.198474	28.879700	11.677495
0.966047	162.209880	28.881698	11.679693
0.966279	162.221285	28.883696	11.681891
0.966512	162.232689	28.885693	11.684088
0.966744	162.244093	28.887691	11.686286
0.966977	162.255497	28.889689	11.688484
0.967209	162.266901	28.891686	11.690682
0.967442	162.278304	28.893684	11.692879
0.967674	162.289706	28.895681	11.695077
0.967907	162.301109	28.897679	11.697274
0.968140	162.312511	28.899676	11.699471
0.968372	162.323912	28.901673	11.701669
0.968605	162.335314	28.903671	11.703866
0.968837	162.346715	28.905668	11.706063
0.969070	162.358116	28.907665	11.708260
0.969302	162.369516	28.909662	11.710457
0.969535	162.380916	28.911659	11.712654
0.969767	162.392316	28.913656	11.714851
0.970000	162.403716	28.915653	11.717048
0.970233	162.415115	28.917650	11.719245
0.970465	162.426514	28.919647	11.721441
0.970698	162.437912	28.921643	11.723638
0.970930	162.449310	28.923640	11.725835
0.971163	162.460708	28.925636	11.728031
0.971395	162.472104	28.927633	11.730227
0.971628	162.483501	28.929629	11.732424
0.971860	162.494897	28.931625	11.734620
0.972093	162.506292	28.933622	11.736816
0.972326	162.517687	28.935618	11.739012
0.972558	162.529082	28.937614	11.741208
0.972791	162.540476	28.939610	11.743403
0.973023	162.551870	28.941605	11.745599
0.973256	162.563264	28.943601	11.747795
0.973488	162.574657	28.945597	11.749990
0.973721	162.586050	28.947593	11.752186
0.973953	162.597442	28.949588	11.754381
0.974186	162.608834	28.951584	11.756576
0.974419	162.620226	28.953579	11.758772
0.974651	162.631617	28.955575	11.760967
0.974884	162.643008	28.957570	11.763162
0.975116	162.654399	28.959565	11.765357
0.975349	162.665789	28.961561	11.767552
0.975581	162.677179	28.963556	11.769747
0.975814	162.688569	28.965551	11.771942
0.976047	162.699958	28.967546	11.774137
0.976279	162.711347	28.969541	11.776332
0.976512	162.722736	28.971536	11.778526
0.976744	162.734125	28.973531	11.780721
0.976977	162.745513	28.975526	11.782916
0.977209	162.756901	28.977521	11.785110
0.977442	162.768289	28.979516	11.787305
0.977674	162.779677	28.981510	11.789499
0.977907	162.791065	28.983505	11.791694
0.978140	162.802452	28.985500	11.793888
0.978372	162.813839	28.987494	11.796082
0.978605	162.825226	28.989489	11.798277
0.978837	162.836613	28.991484	11.800471
0.979070	162.847999	28.993478	11.802665
0.979302	162.859386	28.995473	11.804859
0.979535	162.870772	28.997467	11.807054
0.979767	162.882158	28.999462	11.809248
0.980000	162.893544	29.001456	11.811442
0.980233	162.904930	29.003450	11.813636
0.980465	162.916315	29.005445	11.815830
0.980698	162.927700	29.007439	11.818024
0.980930	162.939085	29.009433	11.820218
0.981163	162.950469	29.011427	11.822412
0.981395	162.961853	29.013421	11.824606
0.981628	162.973237	29.015415	11.826799
0.981860	162.984620	29.017409	11.828993
0.982093	162.996003	29.019403	11.831186
0.982326	163.007386	29.021397	11.833380
0.982558	163.018768	29.023391	11.835573
0.982791	163.030150	29.025385	11.837767
0.983023	163.041532	29.027378	11.839960
0.983256	163.052914	29.029372	11.842153
0.983488	163.064295	29.031366	11.844347
0.983721	163.075676	29.033359	11.846540
0.983953	163.087057	29.035353	11.848733
0.984186	163.098438	29.037346	11.850926
0.984419	163.109818	29.039339	11.853119
0.984651	163.121198	29.041333	11.855312
0.984884	163.132578	29.043326	11.857505
0.985116	163.143958	29.045320	11.859698
0.985349	163.155338	29.047313	11.861891
0.985581	163.166717	29.049306	11.864084
0.985814	163.178096	29.051299	11.866277
0.986047	163.189476	29.053292	11.868469
0.986279	163.200855	29.055286	11.870662
0.986512	163.212233	29.057279	11.872855
0.986744	163.223612	29.059272	11.875048
0.986977	163.234991	29.061265	11.877240
0.987209	163.246369	29.063258	11.879433
0.987442	163.257748	29.065251	11.881626
0.987674	163.269126	29.067244	11.883818
0.987907	163.280504	29.069237	11.886011
0.988140	163.291882	29.071230	11.888204
0.988372	163.303260	29.073223	11.890396
0.988605	163.314638	29.075216	11.892589
0.988837	163.326016	29.077209	11.894781
0.989070	163.337394	29.079202	11.896974
0.989302	163.348772	29.081195	11.899166
0.989535	163.360150	29.083188	11.901359
0.989767	163.371528	29.085181	11.903551
0.990000	163.382906	29.087174	11.905744
0.990233	163.394284	29.089167	11.907937
0.990465	163.405661	29.091160	11.910129
0.990698	163.417039	29.093153	11.912321
0.990930	163.428416	29.095146	11.914514
0.991163	163.439793	29.097138	11.916706
0.991395	163.451169	29.099131	11.918898
0.991628	163.462546	29.101124	11.921091
0.991860	163.473922	29.103116	11.923283
0.992093	163.485298	29.105109	11.925475
0.992326	163.496674	29.107102	11.927667
0.992558	163.508050	29.109094	11.929859
0.992791	163.519425	29.111087	11.932051
0.993023	163.530801	29.113079	11.934243
0.993256	163.542176	29.115072	11.936435
0.993488	163.553551	29.117064	11.938627
0.993721	163.564926	29.119057	11.940819
0.993953	163.576301	29.121049	11.943011
0.994186	163.587676	29.123042	11.945203
0.994419	163.599051	29.125034	11.947395
0.994651	163.610426	29.127027	11.949587
0.994884	163.621800	29.129019	11.951779
0.995116	163.633175	29.131011	11.953971
0.995349	163.644549	29.133004	11.956163
0.995581	163.655924	29.134996	11.958355
0.995814	163.667298	29.136988	11.960546
0.996047	163.678673	29.138981	11.962738
0.996279	163.690047	29.140973	11.964930
0.996512	163.701422	29.142965	11.967122
0.996744	163.712796	29.144958	11.969314
0.996977	163.724170	29.146950	11.971505
0.997209	163.735545	29.148942	11.973697
0.997442	163.746919	29.150935	11.975889
0.997674	163.758294	29.152927	11.978081
0.997907	163.769668	29.154919	11.980273
0.998140	163.781043	29.156912	11.982465
0.998372	163.792418	29.158904	11.984657
0.998605	163.803792	29.160896	11.986848
0.998837	163.815167	29.162889	11.989040
0.999070	163.826542	29.164881	11.991232
0.999302	163.837917	29.166874	11.993424
0.999535	163.849292	29.168866	11.995616
0.999767	163.860668	29.170859	11.997808
1.000000	163.872043	29.172851	12.000000
1.000233	163.883418	29.174843	12.002192
1.000465	163.894794	29.176836	12.004384
1.000698	163.906169	29.178828	12.006576
1.000930	163.917544	29.180821	12.008768
1.001163	163.928919	29.182813	12.010960
1.001395	163.940294	29.184805	12.013152
1.001628	163.951669	29.186798	12.015343
1.001860	163.963043	29.188790	12.017535
1.002093	163.974418	29.190783	12.019727
1.002326	163.985793	29.192775	12.021919
1.002558	163.997168	29.194767	12.024111
1.002791	164.008542	29.196759	12.026303
1.003023	164.019917	29.198752	12.028495
1.003256	164.031292	29.200744	12.030686
1.003488	164.042666	29.202736	12.032878
1.003721	164.054041	29.204729	12.035070
1.003953	164.065415	29.206721	12.037262
1.004186	164.076790	29.208713	12.039454
1.004419	164.088165	29.210706	12.041645
1.004651	164.099540	29.212698	12.043837
1.004884	164.110915	29.214690	12.046029
1.005116	164.122290	29.216683	12.048221
1.005349	164.133665	29.218675	12.050413
1.005581	164.145040	29.220667	12.052605
1.005814	164.156415	29.222660	12.054797
1.006047	164.167790	29.224652	12.056989
1.006279	164.179166	29.226645	12.059181
1.006512	164.190541	29.228637	12.061373
1.006744	164.201917	29.230629	12.063565
1.006977	164.213293	29.232622	12.065757
1.007209	164.224668	29.234614	12.067949
1.007442	164.236045	29.236607	12.070141
1.007674	164.247421	29.238599	12.072333
1.007907	164.258797	29.240592	12.074525
1.008140	164.270174	29.242585	12.076717
1.008372	164.281551	29.244577	12.078909
1.008605	164.292928	29.246570	12.081102
1.008837	164.304305	29.248563	12.083294
1.009070	164.315683	29.250556	12.085486
1.009302	164.327060	29.252548	12.087679
1.009535	164.338438	29.254541	12.089871
1.009767	164.349817	29.256534	12.092063
1.010000	164.361195	29.258527	12.094256
1.010233	164.372574	29.260520	12.096449
1.010465	164.383952	29.262513	12.098641
1.010698	164.395331	29.264506	12.100834
1.010930	164.406710	29.266499	12.103026
1.011163	164.418088	29.268492	12.105219
1.011395	164.429467	29.270485	12.107411
1.011628	164.440846	29.272478	12.109604
1.011860	164.452225	29.274471	12.111796
1.012093	164.463604	29.276464	12.113989
1.012326	164.474983	29.278457	12.116182
1.012558	164.486362	29.280450	12.118374
1.012791	164.497741	29.282443	12.120567
1.013023	164.509121	29.284436	12.122760
1.013256	164.520500	29.286429	12.124952
1.013488	164.531880	29.288422	12.127145
1.013721	164.543260	29.290415	12.129338
1.013953	164.554640	29.292408	12.131531
1.014186	164.566020	29.294402	12.133723
1.014419	164.577400	29.296395	12.135916
1.014651	164.588781	29.298388	12.138109
1.014884	164.600161	29.300381	12.140302
1.015116	164.611542	29.302375	12.142495
1.015349	164.622923	29.304368	12.144688
1.015581	164.634305	29.306361	12.146881
1.015814	164.645686	29.308355	12.149074
1.016047	164.657068	29.310348	12.151267
1.016279	164.668450	29.312342	12.153460
1.016512	164.679832	29.314335	12.155653
1.016744	164.691215	29.316329	12.157847
1.016977	164.702598	29.318323	12.160040
1.017209	164.713981	29.320316	12.162233
1.017442	164.725364	29.322310	12.164427
1.017674	164.736748	29.324304	12.166620
1.017907	164.748132	29.326298	12.168814
1.018140	164.759516	29.328292	12.171007
1.018372	164.770901	29.330286	12.173201
1.018605	164.782286	29.332280	12.175394
1.018837	164.793671	29.334274	12.177588
1.019070	164.805057	29.336268	12.179782
1.019302	164.816443	29.338262	12.181976
1.019535	164.827829	29.340256	12.184170
1.019767	164.839216	29.342251	12.186364
1.020000	164.850603	29.344245	12.188558
1.020233	164.861990	29.346239	12.190752
1.020465	164.873378	29.348234	12.192946
1.020698	164.884766	29.350228	12.195141
1.020930	164.896154	29.352223	12.197335
1.021163	164.907542	29.354217	12.199529
1.021395	164.918930	29.356212	12.201723
1.021628	164.930319	29.358207	12.203918
1.021860	164.941707	29.360201	12.206112
1.022093	164.953096	29.362196	12.208306
1.022326	164.964485	29.364191	12.210501
1.022558	164.975875	29.366185	12.212695
1.022791	164.987264	29.368180	12.214890
1.023023	164.998654	29.370175	12.217084
1.023256	165.010044	29.372170	12.219279
1.023488	165.021434	29.374165	12.221474
1.023721	165.032825	29.376160	12.223668
1.023953	165.044216	29.378155	12.225863
1.024186	165.055607	29.380150	12.228058
1.024419	165.066999	29.382145	12.230253
1.024651	165.078391	29.384140	12.232448
1.024884	165.089783	29.386136	12.234643
1.025116	165.101175	29.388131	12.236838
1.025349	165.112568	29.390126	12.239033
1.025581	165.123961	29.392122	12.241228
1.025814	165.135355	29.394117	12.243424
1.026047	165.146749	29.396113	12.245619
1.026279	165.158143	29.398108	12.247814
1.026512	165.169537	29.400104	12.250010
1.026744	165.180932	29.402100	12.252205
1.026977	165.192328	29.404096	12.254401
1.027209	165.203724	29.406091	12.256597
1.027442	165.215120	29.408087	12.258792
1.027674	165.226517	29.410083	12.260988
1.027907	165.237914	29.412079	12.263184
1.028140	165.249311	29.414076	12.265380
1.028372	165.260709	29.416072	12.267576
1.028605	165.272108	29.418068	12.269773
1.028837	165.283507	29.420065	12.271969
1.029070	165.294906	29.422061	12.274165
1.029302	165.306306	29.424058	12.276362
1.029535	165.317707	29.426054	12.278559
1.029767	165.329108	29.428051	12.280755
1.030000	165.340509	29.430048	12.282952
1.030233	165.351911	29.432045	12.285149
1.030465	165.363313	29.434042	12.287346
1.030698	165.374715	29.436039	12.289543
1.030930	165.386118	29.438036	12.291740
1.031163	165.397521	29.440033	12.293937
1.031395	165.408924	29.442030	12.296134
1.031628	165.420328	29.444028	12.298331
1.031860	165.431732	29.446025	12.300529
1.032093	165.443136	29.448022	12.302726
1.032326	165.454541	29.450020	12.304923
1.032558	165.465946	29.452017	12.307121
1.032791	165.477352	29.454015	12.309318
1.033023	165.488757	29.456012	12.311516
1.033256	165.500164	29.458010	12.313714
1.033488	165.511570	29.460008	12.315912
1.033721	165.522977	29.462005	12.318109
1.033953	165.534384	29.464003	12.320307
1.034186	165.545792	29.466001	12.322505
1.034419	165.557201	29.467999	12.324704
1.034651	165.568609	29.469997	12.326902
1.034884	165.580018	29.471996	12.329100
1.035116	165.591428	29.473994	12.331298
1.035349	165.602838	29.475992	12.333497
1.035581	165.614249	29.477991	12.335695
1.035814	165.625660	29.479989	12.337894
1.036047	165.637071	29.481988	12.340093
1.036279	165.648483	29.483986	12.342292
1.036512	165.659896	29.485985	12.344490
1.036744	165.671309	29.487984	12.346690
1.036977	165.682722	29.489983	12.348889
1.037209	165.694136	29.491982	12.351088
1.037442	165.705551	29.493981	12.353287
1.037674	165.716966	29.495980	12.355487
1.037907	165.728382	29.497980	12.357686
1.038140	165.739798	29.499979	12.359886
1.038372	165.751215	29.501978	12.362086
1.038605	165.762633	29.503978	12.364285
1.038837	165.774051	29.505978	12.366485
1.039070	165.785470	29.507978	12.368685
1.039302	165.796889	29.509978	12.370886
1.039535	165.808309	29.511978	12.373086
1.039767	165.819730	29.513978	12.375286
1.040000	165.831151	29.515978	12.377487
1.040233	165.842573	29.517978	12.379688
1.040465	165.853995	29.519979	12.381888
1.040698	165.865418	29.521979	12.384089
1.040930	165.876841	29.523980	12.386290
1.041163	165.888264	29.525980	12.388491
1.041395	165.899688	29.527981	12.390692
1.041628	165.911113	29.529982	12.392893
1.041860	165.922537	29.531983	12.395095
1.042093	165.933963	29.533984	12.397296
1.042326	165.945389	29.535985	12.399497
1.042558	165.956815	29.537986	12.401699
1.042791	165.968242	29.539987	12.403900
1.043023	165.979669	29.541988	12.406102
1.043256	165.991097	29.543990	12.408304
1.043488	166.002525	29.545991	12.410506
1.043721	166.013954	29.547993	12.412708
1.043953	166.025383	29.549994	12.414910
1.044186	166.036813	29.551996	12.417112
1.044419	166.048244	29.553998	12.419314
1.044651	166.059675	29.556000	12.421517
1.044884	166.071107	29.558002	12.423719
1.045116	166.082539	29.560004	12.425922
1.045349	166.093972	29.562006	12.428125
1.045581	166.105405	29.564009	12.430328
1.045814	166.116839	29.566011	12.432530
1.046047	166.128274	29.568014	12.434734
1.046279	166.139709	29.570016	12.436937
1.046512	166.151145	29.572019	12.439140
1.046744	166.162582	29.574022	12.441344
1.046977	166.174019	29.576025	12.443547
1.047209	166.185457	29.578028	12.445751
1.047442	166.196896	29.580031	12.447955
1.047674	166.208335	29.582035	12.450159
1.047907	166.219775	29.584038	12.452363
1.048140	166.231216	29.586042	12.454567
1.048372	166.242657	29.588045	12.456771
1.048605	166.254100	29.590049	12.458976
1.048837	166.265542	29.592053	12.461181
1.049070	166.276986	29.594057	12.463385
1.049302	166.288430	29.596061	12.465590
1.049535	166.299875	29.598066	12.467795
1.049767	166.311321	29.600070	12.470001
1.050000	166.322768	29.602075	12.472206
1.050233	166.334215	29.604080	12.474412
1.050465	166.345663	29.606085	12.476617
1.050698	166.357112	29.608090	12.478823
1.050930	166.368561	29.610095	12.481029
1.051163	166.380010	29.612100	12.483235
1.051395	166.391460	29.614105	12.485441
1.051628	166.402911	29.616110	12.487647
1.051860	166.414362	29.618116	12.489853
1.052093	166.425814	29.620121	12.492059
1.052326	166.437266	29.622127	12.494266
1.052558	166.448720	29.624133	12.496472
1.052791	166.460173	29.626139	12.498679
1.053023	166.471628	29.628145	12.500886
1.053256	166.483083	29.630151	12.503093
1.053488	166.494538	29.632157	12.505300
1.053721	166.505995	29.634163	12.507507
1.053953	166.517452	29.636170	12.509715
1.054186	166.528909	29.638176	12.511922
1.054419	166.540368	29.640183	12.514130
1.054651	166.551827	29.642190	12.516337
1.054884	166.563287	29.644197	12.518545
1.055116	166.574747	29.646204	12.520753
1.055349	166.586208	29.648211	12.522961
1.055581	166.597670	29.650218	12.525170
1.055814	166.609133	29.652226	12.527378
1.056047	166.620596	29.654233	12.529587
1.056279	166.632061	29.656241	12.531795
1.056512	166.643526	29.658249	12.534004
1.056744	166.654991	29.660257	12.536213
1.056977	166.666458	29.662265	12.538423
1.057209	166.677925	29.664273	12.540632
1.057442	166.689393	29.666281	12.542841
1.057674	166.700862	29.668290	12.545051
1.057907	166.712332	29.670298	12.547261
1.058140	166.723802	29.672307	12.549471
1.058372	166.735274	29.674316	12.551681
1.058605	166.746746	29.676325	12.553891
1.058837	166.758219	29.678335	12.556101
1.059070	166.769693	29.680344	12.558312
1.059302	166.781168	29.682353	12.560523
1.059535	166.792644	29.684363	12.562734
1.059767	166.804120	29.686373	12.564945
1.060000	166.815598	29.688383	12.567156
1.060233	166.827076	29.690393	12.569367
1.060465	166.838555	29.692403	12.571579
1.060698	166.850035	29.694414	12.573791
1.060930	166.861515	29.696424	12.576002
1.061163	166.872996	29.698435	12.578214
1.061395	166.884478	29.700446	12.580426
1.061628	166.895961	29.702456	12.582639
1.061860	166.907444	29.704467	12.584851
1.062093	166.918928	29.706479	12.587063
1.062326	166.930412	29.708490	12.589276
1.062558	166.941898	29.710501	12.591489
1.062791	166.953384	29.712513	12.593702
1.063023	166.964871	29.714524	12.595915
1.063256	166.976358	29.716536	12.598128
1.063488	166.987847	29.718548	12.600341
1.063721	166.999336	29.720560	12.602555
1.063953	167.010826	29.722572	12.604768
1.064186	167.022317	29.724584	12.606982
1.064419	167.033809	29.726597	12.609196
1.064651	167.045301	29.728609	12.611410
1.064884	167.056795	29.730622	12.613625
1.065116	167.068289	29.732635	12.615839
1.065349	167.079784	29.734648	12.618054
1.065581	167.091280	29.736661	12.620268
1.065814	167.102776	29.738675	12.622483
1.066047	167.114274	29.740688	12.624698
1.066279	167.125773	29.742702	12.626914
1.066512	167.137272	29.744716	12.629129
1.066744	167.148772	29.746730	12.631345
1.066977	167.160274	29.748744	12.633560
1.067209	167.171776	29.750758	12.635776
1.067442	167.183279	29.752772	12.637992
1.067674	167.194783	29.754787	12.640209
1.067907	167.206288	29.756802	12.642425
1.068140	167.217794	29.758817	12.644642
1.068372	167.229300	29.760832	12.646859
1.068605	167.240808	29.762847	12.649076
1.068837	167.252317	29.764862	12.651293
1.069070	167.263827	29.766878	12.653510
1.069302	167.275338	29.768894	12.655728
1.069535	167.286849	29.770910	12.657946
1.069767	167.298362	29.772926	12.660164
1.070000	167.309876	29.774942	12.662382
1.070233	167.321391	29.776958	12.664600
1.070465	167.332906	29.778975	12.666819
1.070698	167.344423	29.780992	12.669038
1.070930	167.355940	29.783009	12.671256
1.071163	167.367458	29.785026	12.673475
1.071395	167.378976	29.787043	12.675694
1.071628	167.390496	29.789060	12.677914
1.071860	167.402017	29.791078	12.680133
1.072093	167.413538	29.793095	12.682353
1.072326	167.425060	29.795113	12.684573
1.072558	167.436583	29.797131	12.686793
1.072791	167.448107	29.799149	12.689013
1.073023	167.459632	29.801167	12.691233
1.073256	167.471158	29.803185	12.693453
1.073488	167.482684	29.805204	12.695674
1.073721	167.494212	29.807222	12.697895
1.073953	167.505740	29.809241	12.700116
1.074186	167.517270	29.811260	12.702337
1.074419	167.528800	29.813279	12.704558
1.074651	167.540332	29.815299	12.706780
1.074884	167.551864	29.817318	12.709002
1.075116	167.563397	29.819338	12.711224
1.075349	167.574931	29.821358	12.713446
1.075581	167.586466	29.823378	12.715668
1.075814	167.598003	29.825398	12.717890
1.076047	167.609540	29.827418	12.720113
1.076279	167.621078	29.829439	12.722336
1.076512	167.632617	29.831459	12.724559
1.076744	167.644157	29.833480	12.726782
1.076977	167.655699	29.835501	12.729006
1.077209	167.667241	29.837523	12.731229
1.077442	167.678784	29.839544	12.733453
1.077674	167.690329	29.841566	12.735677
1.077907	167.701874	29.843587	12.737901
1.078140	167.713421	29.845609	12.740126
1.078372	167.724968	29.847631	12.742350
1.078605	167.736517	29.849654	12.744575
1.078837	167.748067	29.851676	12.746800
1.079070	167.759618	29.853699	12.749026
1.079302	167.771170	29.855722	12.751251
1.079535	167.782723	29.857745	12.753477
1.079767	167.794278	29.859768	12.755703
1.080000	167.805833	29.861792	12.757929
1.080233	167.817383	29.863815	12.760155
1.080465	167.828922	29.865835	12.762382
1.080698	167.840451	29.867854	12.764609
1.080930	167.851970	29.869871	12.766835
1.081163	167.863481	29.871887	12.769063
1.081395	167.874984	29.873901	12.771290
1.081628	167.886481	29.875915	12.773517
1.081860	167.897972	29.877927	12.775745
1.082093	167.909458	29.879938	12.777973
1.082326	167.920941	29.881949	12.780201
1.082558	167.932420	29.883959	12.782429
1.082791	167.943898	29.885969	12.784657
1.083023	167.955374	29.887979	12.786886
1.083256	167.966850	29.889988	12.789114
1.083488	167.978327	29.891998	12.791343
1.083721	167.989805	29.894008	12.793573
1.083953	168.001287	29.896018	12.795802
1.084186	168.012771	29.898030	12.798031
1.084419	168.024260	29.900041	12.800261
1.084651	168.035754	29.902054	12.802491
1.084884	168.047255	29.904068	12.804721
1.085116	168.058763	29.906083	12.806952
1.085349	168.070278	29.908100	12.809182
1.085581	168.081803	29.910118	12.811413
1.085814	168.093338	29.912138	12.813644
1.086047	168.104883	29.914159	12.815875
1.086279	168.116440	29.916183	12.818107
1.086512	168.128010	29.918209	12.820339
1.086744	168.139593	29.920237	12.822570
1.086977	168.151191	29.922268	12.824803
1.087209	168.162805	29.924302	12.827035
1.087442	168.174434	29.926338	12.829267
1.087674	168.186081	29.928378	12.831500
1.087907	168.197746	29.930421	12.833733
1.088140	168.209430	29.932467	12.835967
1.088372	168.221134	29.934516	12.838200
1.088605	168.232859	29.936569	12.840434
1.088837	168.244606	29.938626	12.842668
1.089070	168.256375	29.940687	12.844902
1.089302	168.268168	29.942752	12.847136
1.089535	168.279986	29.944822	12.849371
1.089767	168.291829	29.946896	12.851606
1.090000	168.303699	29.948974	12.853841
1.090233	168.315587	29.951056	12.856076
1.090465	168.327487	29.953139	12.858312
1.090698	168.339397	29.955225	12.860548
1.090930	168.351318	29.957313	12.862784
1.091163	168.363252	29.959402	12.865020
1.091395	168.375197	29.961494	12.867256
1.091628	168.387155	29.963588	12.869493
1.091860	168.399125	29.965684	12.871730
1.092093	168.411108	29.967782	12.873967
1.092326	168.423104	29.969883	12.876204
1.092558	168.435114	29.971986	12.878441
1.092791	168.447138	29.974091	12.880679
1.093023	168.459177	29.976199	12.882917
1.093256	168.471229	29.978310	12.885155
1.093488	168.483297	29.980423	12.887394
1.093721	168.495379	29.982539	12.889632
1.093953	168.507477	29.984657	12.891871
1.094186	168.519591	29.986779	12.894110
1.094419	168.531721	29.988903	12.896349
1.094651	168.543868	29.991030	12.898589
1.094884	168.556031	29.993159	12.900828
1.095116	168.568211	29.995292	12.903068
1.095349	168.580409	29.997428	12.905308
1.095581	168.592624	29.999567	12.907549
1.095814	168.604857	30.001709	12.909789
1.096047	168.617109	30.003855	12.912030
1.096279	168.629379	30.006003	12.914271
1.096512	168.641668	30.008155	12.916513
1.096744	168.653977	30.010310	12.918754
1.096977	168.666305	30.012469	12.920996
1.097209	168.678653	30.014631	12.923238
1.097442	168.691021	30.016797	12.925481
1.097674	168.703409	30.018966	12.927723
1.097907	168.715819	30.021139	12.929966
1.098140	168.728249	30.023316	12.932209
1.098372	168.740701	30.025496	12.934453
1.098605	168.753175	30.027680	12.936696
1.098837	168.765671	30.029869	12.938940
1.099070	168.778189	30.032061	12.941184
1.099302	168.790730	30.034257	12.943428
1.099535	168.803294	30.036457	12.945673
1.099767	168.815882	30.038661	12.947918
1.100000	168.828493	30.040869	12.950163
1.100233	168.841136	30.043083	12.952408
1.100465	168.853818	30.045303	12.954654
1.100698	168.866537	30.047531	12.956900
1.100930	168.879292	30.049764	12.959146
1.101163	168.892082	30.052004	12.961392
1.101395	168.904905	30.054249	12.963639
1.101628	168.917761	30.056500	12.965885
1.101860	168.930647	30.058757	12.968132
1.102093	168.943563	30.061018	12.970380
1.102326	168.956506	30.063285	12.972627
1.102558	168.969477	30.065556	12.974875
1.102791	168.982472	30.067831	12.977123
1.103023	168.995492	30.070111	12.979371
1.103256	169.008534	30.072395	12.981619
1.103488	169.021598	30.074682	12.983868
1.103721	169.034681	30.076973	12.986117
1.103953	169.047783	30.079268	12.988366
1.104186	169.060903	30.081565	12.990615
1.104419	169.074038	30.083865	12.992865
1.104651	169.087188	30.086167	12.995115
1.104884	169.100351	30.088472	12.997365
1.105116	169.113526	30.090779	12.999615
1.105349	169.126712	30.093088	13.001866
1.105581	169.139906	30.095398	13.004117
1.105814	169.153109	30.097710	13.006368
1.106047	169.166318	30.100023	13.008619
1.106279	169.179532	30.102337	13.010871
1.106512	169.192750	30.104651	13.013123
1.106744	169.205970	30.106966	13.015375
1.106977	169.219192	30.109281	13.017628
1.107209	169.232413	30.111596	13.019880
1.107442	169.245633	30.113911	13.022133
1.107674	169.258850	30.116226	13.024387
1.107907	169.272062	30.118539	13.026640
1.108140	169.285269	30.120852	13.028894
1.108372	169.298469	30.123163	13.031148
1.108605	169.311661	30.125473	13.033403
1.108837	169.324842	30.127781	13.035657
1.109070	169.338013	30.130087	13.037912
1.109302	169.351172	30.132391	13.040168
1.109535	169.364317	30.134693	13.042423
1.109767	169.377447	30.136992	13.044679
1.110000	169.390560	30.139288	13.046935
1.110233	169.403665	30.141583	13.049191
1.110465	169.416772	30.143878	13.051448
1.110698	169.429881	30.146173	13.053705
1.110930	169.442991	30.148469	13.055962
1.111163	169.456102	30.150764	13.058219
1.111395	169.469215	30.153060	13.060477
1.111628	169.482329	30.155357	13.062735
1.111860	169.495445	30.157653	13.064993
1.112093	169.508562	30.159950	13.067251
1.112326	169.521681	30.162247	13.069510
1.112558	169.534802	30.164544	13.071769
1.112791	169.547924	30.166842	13.074028
1.113023	169.561047	30.169140	13.076288
1.113256	169.574172	30.171438	13.078548
1.113488	169.587299	30.173737	13.080808
1.113721	169.600427	30.176035	13.083068
1.113953	169.613557	30.178334	13.085328
1.114186	169.626688	30.180633	13.087589
1.114419	169.639821	30.182933	13.089850
1.114651	169.652955	30.185233	13.092112
1.114884	169.666091	30.187533	13.094373
1.115116	169.679229	30.189833	13.096635
1.115349	169.692369	30.192134	13.098897
1.115581	169.705510	30.194435	13.101160
1.115814	169.718652	30.196736	13.103423
1.116047	169.731797	30.199038	13.105686
1.116279	169.744942	30.201339	13.107949
1.116512	169.758090	30.203642	13.110213
1.116744	169.771239	30.205944	13.112476
1.116977	169.784390	30.208247	13.114741
1.117209	169.797543	30.210550	13.117005
1.117442	169.810698	30.212853	13.119270
1.117674	169.823854	30.215156	13.121535
1.117907	169.837012	30.217460	13.123800
1.118140	169.850171	30.219765	13.126066
1.118372	169.863332	30.222069	13.128332
1.118605	169.876495	30.224374	13.130598
1.118837	169.889660	30.226679	13.132865
1.119070	169.902827	30.228984	13.135132
1.119302	169.915995	30.231290	13.137399
1.119535	169.929165	30.233596	13.139666
1.119767	169.942337	30.235902	13.141934
1.120000	169.955511	30.238209	13.144202
1.120233	169.968686	30.240516	13.146470
1.120465	169.981863	30.242823	13.148739
1.120698	169.995042	30.245131	13.151008
1.120930	170.008222	30.247438	13.153277
1.121163	170.021404	30.249747	13.155547
1.121395	170.034587	30.252055	13.157816
1.121628	170.047772	30.254364	13.160086
1.121860	170.060959	30.256672	13.162357
1.122093	170.074147	30.258982	13.164627
1.122326	170.087337	30.261291	13.166898
1.122558	170.100529	30.263601	13.169169
1.122791	170.113722	30.265911	13.171441
1.123023	170.126917	30.268221	13.173712
1.123256	170.140114	30.270532	13.175984
1.123488	170.153312	30.272843	13.178257
1.123721	170.166512	30.275154	13.180529
1.123953	170.179714	30.277466	13.182802
1.124186	170.192918	30.279778	13.185075
1.124419	170.206123	30.282090	13.187349
1.124651	170.219330	30.284402	13.189622
1.124884	170.232538	30.286715	13.191896
1.125116	170.245749	30.289028	13.194171
1.125349	170.258961	30.291341	13.196446
1.125581	170.272175	30.293655	13.198720
1.125814	170.285391	30.295969	13.200996
1.126047	170.298608	30.298283	13.203271
1.126279	170.311827	30.300598	13.205547
1.126512	170.325049	30.302913	13.207823
1.126744	170.338271	30.305228	13.210100
1.126977	170.351496	30.307544	13.212377
1.127209	170.364723	30.309859	13.214654
1.127442	170.377951	30.312176	13.216931
1.127674	170.391181	30.314492	13.219209
1.127907	170.404413	30.316809	13.221487
1.128140	170.417647	30.319126	13.223765
1.128372	170.430883	30.321444	13.226044
1.128605	170.444120	30.323761	13.228323
1.128837	170.457360	30.326079	13.230602
1.129070	170.470601	30.328398	13.232882
1.129302	170.483845	30.330717	13.235162
1.129535	170.497090	30.333036	13.237442
1.129767	170.510337	30.335355	13.239723
1.130000	170.523586	30.337675	13.242004
1.130233	170.536837	30.339995	13.244285
1.130465	170.550089	30.342315	13.246567
1.130698	170.563344	30.344636	13.248849
1.130930	170.576600	30.346957	13.251131
1.131163	170.589857	30.349278	13.253413
1.131395	170.603117	30.351600	13.255696
1.131628	170.616378	30.353922	13.257979
1.131860	170.629641	30.356244	13.260263
1.132093	170.642906	30.358567	13.262546
1.132326	170.656173	30.360889	13.264830
1.132558	170.669441	30.363213	13.267114
1.132791	170.682711	30.365536	13.269399
1.133023	170.695983	30.367860	13.271684
1.133256	170.709257	30.370184	13.273969
1.133488	170.722533	30.372508	13.276255
1.133721	170.735810	30.374833	13.278540
1.133953	170.749089	30.377158	13.280827
1.134186	170.762371	30.379483	13.283113
1.134419	170.775654	30.381809	13.285400
1.134651	170.788938	30.384135	13.287687
1.134884	170.802225	30.386461	13.289974
1.135116	170.815514	30.388788	13.292262
1.135349	170.828804	30.391115	13.294550
1.135581	170.842096	30.393442	13.296838
1.135814	170.855391	30.395770	13.299127
1.136047	170.868687	30.398098	13.301416
1.136279	170.881985	30.400426	13.303706
1.136512	170.895285	30.402754	13.305995
1.136744	170.908587	30.405083	13.308285
1.136977	170.921891	30.407413	13.310576
1.137209	170.935196	30.409742	13.312866
1.137442	170.948504	30.412072	13.315157
1.137674	170.961814	30.414403	13.317449
1.137907	170.975125	30.416733	13.319740
1.138140	170.988439	30.419064	13.322032
1.138372	171.001755	30.421396	13.324325
1.138605	171.015072	30.423727	13.326617
1.138837	171.028392	30.426059	13.328911
1.139070	171.041713	30.428392	13.331204
1.139302	171.055037	30.430725	13.333498
1.139535	171.068363	30.433058	13.335792
1.139767	171.081690	30.435391	13.338086
1.140000	171.095020	30.437725	13.340381
1.140233	171.108352	30.440059	13.342676
1.140465	171.121685	30.442394	13.344972
1.140698	171.135020	30.444728	13.347267
1.140930	171.148358	30.447064	13.349563
1.141163	171.161697	30.449399	13.351860
1.141395	171.175038	30.451735	13.354157
1.141628	171.188380	30.454071	13.356454
1.141860	171.201725	30.456407	13.358751
1.142093	171.215072	30.458744	13.361049
1.142326	171.228420	30.461081	13.363347
1.142558	171.241771	30.463419	13.365645
1.142791	171.255123	30.465757	13.367944
1.143023	171.268477	30.468095	13.370243
1.143256	171.281834	30.470433	13.372542
1.143488	171.295192	30.472772	13.374842
1.143721	171.308552	30.475111	13.377142
1.143953	171.321914	30.477450	13.379442
1.144186	171.335278	30.479790	13.381743
1.144419	171.348644	30.482130	13.384044
1.144651	171.362012	30.484471	13.386345
1.144884	171.375382	30.486812	13.388647
1.145116	171.388754	30.489153	13.390949
1.145349	171.402128	30.491495	13.393251
1.145581	171.415504	30.493836	13.395554
1.145814	171.428882	30.496179	13.397857
1.146047	171.442262	30.498521	13.400160
1.146279	171.455644	30.500864	13.402464
1.146512	171.469028	30.503208	13.404768
1.146744	171.482414	30.505551	13.407073
1.146977	171.495802	30.507895	13.409378
1.147209	171.509192	30.510240	13.411683
1.147442	171.522585	30.512585	13.413988
1.147674	171.535979	30.514930	13.416294
1.147907	171.549376	30.517275	13.418600
1.148140	171.562774	30.519621	13.420907
1.148372	171.576175	30.521967	13.423214
1.148605	171.589578	30.524314	13.425521
1.148837	171.602982	30.526661	13.427829
1.149070	171.616389	30.529008	13.430137
1.149302	171.629799	30.531356	13.432446
1.149535	171.643210	30.533704	13.434754
1.149767	171.656623	30.536052	13.437063
1.150000	171.670039	30.538401	13.439373
1.150233	171.683457	30.540750	13.441683
1.150465	171.696876	30.543100	13.443993
1.150698	171.710298	30.545450	13.446304
1.150930	171.723722	30.547800	13.448615
1.151163	171.737147	30.550150	13.450926
1.151395	171.750575	30.552501	13.453237
1.151628	171.764004	30.554852	13.455549
1.151860	171.777436	30.557204	13.457862
1.152093	171.790870	30.559556	13.460174
1.152326	171.804305	30.561908	13.462487
1.152558	171.817743	30.564261	13.464800
1.152791	171.831183	30.566614	13.467114
1.153023	171.844625	30.568967	13.469428
1.153256	171.858068	30.571321	13.471743
1.153488	171.871514	30.573675	13.474057
1.153721	171.884962	30.576030	13.476372
1.153953	171.898412	30.578384	13.478688
1.154186	171.911865	30.580740	13.481004
1.154419	171.925319	30.583095	13.483320
1.154651	171.938775	30.585451	13.485636
1.154884	171.952234	30.587807	13.487953
1.155116	171.965694	30.590164	13.490270
1.155349	171.979157	30.592521	13.492588
1.155581	171.992622	30.594878	13.494906
1.155814	172.006089	30.597236	13.497224
1.156047	172.019558	30.599594	13.499543
1.156279	172.033029	30.601953	13.501862
1.156512	172.046502	30.604312	13.504181
1.156744	172.059978	30.606671	13.506501
1.156977	172.073456	30.609031	13.508821
1.157209	172.086936	30.611391	13.511142
1.157442	172.100418	30.613751	13.513463
1.157674	172.113902	30.616112	13.515784
1.157907	172.127389	30.618473	13.518106
1.158140	172.140877	30.620835	13.520428
1.158372	172.154368	30.623197	13.522750
1.158605	172.167861	30.625559	13.525073
1.158837	172.181357	30.627922	13.527396
1.159070	172.194854	30.630285	13.529720
1.159302	172.208354	30.632648	13.532044
1.159535	172.221856	30.635012	13.534368
1.159767	172.235360	30.637376	13.536693
1.160000	172.248867	30.639741	13.539018
1.160233	172.262376	30.642106	13.541343
1.160465	172.275887	30.644471	13.543669
1.160698	172.289400	30.646837	13.545996
1.160930	172.302915	30.649203	13.548322
1.161163	172.316432	30.651570	13.550649
1.161395	172.329951	30.653937	13.552976
1.161628	172.343473	30.656304	13.555304
1.161860	172.356996	30.658672	13.557632
1.162093	172.370522	30.661040	13.559960
1.162326	172.384050	30.663408	13.562289
1.162558	172.397580	30.665777	13.564618
1.162791	172.411112	30.668146	13.566948
1.163023	172.424646	30.670515	13.569278
1.163256	172.438183	30.672885	13.571608
1.163488	172.451721	30.675256	13.573938
1.163721	172.465262	30.677626	13.576269
1.163953	172.478805	30.679997	13.578601
1.164186	172.492350	30.682369	13.580932
1.164419	172.505898	30.684740	13.583265
1.164651	172.519448	30.687113	13.585597
1.164884	172.532999	30.689485	13.587930
1.165116	172.546554	30.691858	13.590263
1.165349	172.560110	30.694231	13.592597
1.165581	172.573669	30.696605	13.594931
1.165814	172.587229	30.698979	13.597265
1.166047	172.600792	30.701354	13.599600
1.166279	172.614358	30.703729	13.601935
1.166512	172.627925	30.706104	13.604271
1.166744	172.641495	30.708480	13.606607
1.166977	172.655068	30.710856	13.608943
1.167209	172.668642	30.713232	13.611280
1.167442	172.682219	30.715609	13.613617
1.167674	172.695798	30.717987	13.615955
1.167907	172.709379	30.720364	13.618292
1.168140	172.722963	30.722742	13.620631
1.168372	172.736549	30.725121	13.622970
1.168605	172.750137	30.727500	13.625309
1.168837	172.763728	30.729879	13.627648
1.169070	172.777321	30.732259	13.629988
1.169302	172.790917	30.734639	13.632329
1.169535	172.804514	30.737020	13.634669
1.169767	172.818115	30.739401	13.637010
1.170000	172.831717	30.741782	13.639352
1.170233	172.845322	30.744164	13.641694
1.170465	172.858929	30.746546	13.644036
1.170698	172.872538	30.748929	13.646379
1.170930	172.886149	30.751312	13.648722
1.171163	172.899763	30.753695	13.651066
1.171395	172.913379	30.756079	13.653410
1.171628	172.926997	30.758463	13.655754
1.171860	172.940618	30.760847	13.658098
1.172093	172.954240	30.763232	13.660443
1.172326	172.967865	30.765618	13.662789
1.172558	172.981492	30.768003	13.665135
1.172791	172.995122	30.770389	13.667481
1.173023	173.008754	30.772776	13.669827
1.173256	173.022388	30.775163	13.672174
1.173488	173.036024	30.777550	13.674522
1.173721	173.049663	30.779938	13.676870
1.173953	173.063304	30.782326	13.679218
1.174186	173.076947	30.784715	13.681566
1.174419	173.090592	30.787103	13.683915
1.174651	173.104240	30.789493	13.686265
1.174884	173.117891	30.791883	13.688615
1.175116	173.131543	30.794273	13.690965
1.175349	173.145198	30.796663	13.693315
1.175581	173.158855	30.799054	13.695666
1.175814	173.172515	30.801446	13.698018
1.176047	173.186177	30.803837	13.700369
1.176279	173.199841	30.806230	13.702722
1.176512	173.213508	30.808622	13.705074
1.176744	173.227177	30.811015	13.707427
1.176977	173.240849	30.813409	13.709781
1.177209	173.254523	30.815803	13.712135
1.177442	173.268199	30.818197	13.714489
1.177674	173.281878	30.820592	13.716843
1.177907	173.295559	30.822987	13.719199
1.178140	173.309242	30.825382	13.721554
1.178372	173.322928	30.827778	13.723910
1.178605	173.336617	30.830175	13.726266
1.178837	173.350308	30.832571	13.728623
1.179070	173.364001	30.834969	13.730980
1.179302	173.377697	30.837366	13.733338
1.179535	173.391395	30.839765	13.735696
1.179767	173.405096	30.842163	13.738054
1.180000	173.418799	30.844562	13.740413
1.180233	173.432505	30.846961	13.742772
1.180465	173.446212	30.849361	13.745132
1.180698	173.459923	30.851761	13.747492
1.180930	173.473635	30.854162	13.749852
1.181163	173.487350	30.856563	13.752213
1.181395	173.501067	30.858964	13.754575
1.181628	173.514787	30.861366	13.756936
1.181860	173.528509	30.863768	13.759298
1.182093	173.542233	30.866171	13.761661
1.182326	173.555960	30.868574	13.764024
1.182558	173.569689	30.870978	13.766387
1.182791	173.583421	30.873381	13.768751
1.183023	173.597155	30.875786	13.771115
1.183256	173.610891	30.878190	13.773479
1.183488	173.624630	30.880596	13.775844
1.183721	173.638371	30.883001	13.778210
1.183953	173.652114	30.885407	13.780575
1.184186	173.665860	30.887814	13.782942
1.184419	173.679609	30.890220	13.785308
1.184651	173.693359	30.892628	13.787675
1.184884	173.707113	30.895035	13.790043
1.185116	173.720868	30.897443	13.792410
1.185349	173.734626	30.899852	13.794779
1.185581	173.748387	30.902261	13.797147
1.185814	173.762150	30.904670	13.799517
1.186047	173.775916	30.907080	13.801886
1.186279	173.789684	30.909490	13.804256
1.186512	173.803454	30.911901	13.806626
1.186744	173.817227	30.914312	13.808997
1.186977	173.831003	30.916724	13.811368
1.187209	173.844780	30.919136	13.813740
1.187442	173.858561	30.921548	13.816112
1.187674	173.872344	30.923961	13.818485
1.187907	173.886129	30.926374	13.820858
1.188140	173.899917	30.928788	13.823231
1.188372	173.913708	30.931202	13.825605
1.188605	173.927501	30.933617	13.827979
1.188837	173.941297	30.936032	13.830354
1.189070	173.955095	30.938447	13.832729
1.189302	173.968896	30.940863	13.835105
1.189535	173.982699	30.943280	13.837481
1.189767	173.996505	30.945697	13.839857
1.190000	174.010313	30.948114	13.842234
1.190233	174.024124	30.950532	13.844611
1.190465	174.037937	30.952950	13.846989
1.190698	174.051753	30.955369	13.849367
1.190930	174.065571	30.957788	13.851746
1.191163	174.079392	30.960207	13.854125
1.191395	174.093215	30.962627	13.856504
1.191628	174.107041	30.965047	13.858884
1.191860	174.120869	30.967468	13.861264
1.192093	174.134699	30.969889	13.863645
1.192326	174.148532	30.972311	13.866026
1.192558	174.162368	30.974733	13.868408
1.192791	174.176206	30.977155	13.870790
1.193023	174.190046	30.979578	13.873172
1.193256	174.203889	30.982002	13.875555
1.193488	174.217735	30.984426	13.877938
1.193721	174.231583	30.986850	13.880322
1.193953	174.245433	30.989274	13.882706
1.194186	174.259286	30.991700	13.885090
1.194419	174.273142	30.994125	13.887475
1.194651	174.287000	30.996551	13.889861
1.194884	174.300861	30.998978	13.892247
1.195116	174.314724	31.001405	13.894633
1.195349	174.328590	31.003832	13.897020
1.195581	174.342458	31.006260	13.899407
1.195814	174.356329	31.008688	13.901795
1.196047	174.370202	31.011117	13.904183
1.196279	174.384078	31.013546	13.906571
1.196512	174.397957	31.015975	13.908960
1.196744	174.411838	31.018405	13.911349
1.196977	174.425722	31.020836	13.913739
1.197209	174.439608	31.023267	13.916130
1.197442	174.453497	31.025698	13.918520
1.197674	174.467389	31.028130	13.920911
1.197907	174.481283	31.030562	13.923303
1.198140	174.495180	31.032995	13.925695
1.198372	174.509080	31.035428	13.928088
1.198605	174.522982	31.037862	13.930481
1.198837	174.536886	31.040296	13.932874
1.199070	174.550794	31.042731	13.935268
1.199302	174.564704	31.045166	13.937662
1.199535	174.578617	31.047602	13.940057
1.199767	174.592532	31.050038	13.942452
1.200000	174.606450	31.052474	13.944848
1.200233	174.620371	31.054911	13.947244
1.200465	174.634294	31.057348	13.949641
1.200698	174.648220	31.059786	13.952038
1.200930	174.662148	31.062224	13.954435
1.201163	174.676079	31.064663	13.956833
1.201395	174.690012	31.067102	13.959232
1.201628	174.703948	31.069542	13.961630
1.201860	174.717887	31.071982	13.964030
1.202093	174.731828	31.074422	13.966429
1.202326	174.745771	31.076863	13.968829
1.202558	174.759718	31.079305	13.971230
1.202791	174.773667	31.081747	13.973631
1.203023	174.787618	31.084189	13.976032
1.203256	174.801572	31.086632	13.978434
1.203488	174.815529	31.089075	13.980837
1.203721	174.829488	31.091519	13.983239
1.203953	174.843450	31.093963	13.985643
1.204186	174.857415	31.096407	13.988046
1.204419	174.871382	31.098853	13.990451
1.204651	174.885352	31.101298	13.992855
1.204884	174.899324	31.103744	13.995260
1.205116	174.913299	31.106190	13.997666
1.205349	174.927277	31.108637	14.000072
1.205581	174.941258	31.111085	14.002478
1.205814	174.955241	31.113533	14.004885
1.206047	174.969226	31.115981	14.007292
1.206279	174.983215	31.118430	14.009700
1.206512	174.997206	31.120879	14.012108
1.206744	175.011200	31.123329	14.014517
1.206977	175.025196	31.125779	14.016926
1.207209	175.039195	31.128229	14.019336
1.207442	175.053197	31.130681	14.021746
1.207674	175.067202	31.133132	14.024157
1.207907	175.081209	31.135584	14.026568
1.208140	175.095219	31.138037	14.028979
1.208372	175.109232	31.140490	14.031391
1.208605	175.123247	31.142943	14.033804
1.208837	175.137265	31.145397	14.036216
1.209070	175.151286	31.147852	14.038630
1.209302	175.165310	31.150306	14.041044
1.209535	175.179336	31.152762	14.043458
1.209767	175.193365	31.155218	14.045873
1.210000	175.207397	31.157674	14.048288
1.210233	175.221432	31.160131	14.050704
1.210465	175.235469	31.162588	14.053120
1.210698	175.249509	31.165046	14.055536
1.210930	175.263551	31.167504	14.057954
1.211163	175.277596	31.169963	14.060371
1.211395	175.291644	31.172422	14.062789
1.211628	175.305694	31.174881	14.065207
1.211860	175.319748	31.177341	14.067626
1.212093	175.333803	31.179802	14.070046
1.212326	175.347862	31.182263	14.072466
1.212558	175.361923	31.184724	14.074886
1.212791	175.375987	31.187186	14.077307
1.213023	175.390053	31.189649	14.079728
1.213256	175.404123	31.192111	14.082149
1.213488	175.418195	31.194575	14.084572
1.213721	175.432269	31.197039	14.086994
1.213953	175.446347	31.199503	14.089417
1.214186	175.460427	31.201968	14.091841
1.214419	175.474510	31.204433	14.094265
1.214651	175.488595	31.206899	14.096689
1.214884	175.502683	31.209365	14.099114
1.215116	175.516774	31.211831	14.101540
1.215349	175.530868	31.214299	14.103965
1.215581	175.544965	31.216766	14.106392
1.215814	175.559064	31.219234	14.108819
1.216047	175.573166	31.221703	14.111246
1.216279	175.587271	31.224172	14.113674
1.216512	175.601378	31.226641	14.116102
1.216744	175.615489	31.229111	14.118531
1.216977	175.629602	31.231582	14.120960
1.217209	175.643718	31.234053	14.123389
1.217442	175.657836	31.236524	14.125820
1.217674	175.671958	31.238996	14.128250
1.217907	175.686082	31.241469	14.130681
1.218140	175.700209	31.243942	14.133113
1.218372	175.714339	31.246415	14.135545
1.218605	175.728472	31.248889	14.137977
1.218837	175.742607	31.251364	14.140411
1.219070	175.756745	31.253838	14.142844
1.219302	175.770887	31.256314	14.145278
1.219535	175.785031	31.258790	14.147713
1.219767	175.799177	31.261266	14.150148
1.220000	175.813327	31.263743	14.152583
1.220233	175.827479	31.266220	14.155019
1.220465	175.841635	31.268698	14.157455
1.220698	175.855792	31.271177	14.159892
1.220930	175.869953	31.273655	14.162330
1.221163	175.884117	31.276135	14.164767
1.221395	175.898283	31.278614	14.167206
1.221628	175.912452	31.281095	14.169645
1.221860	175.926623	31.283575	14.172084
1.222093	175.940798	31.286057	14.174524
1.222326	175.954975	31.288538	14.176964
1.222558	175.969155	31.291020	14.179404
1.222791	175.983338	31.293503	14.181846
1.223023	175.997524	31.295986	14.184287
1.223256	176.011712	31.298470	14.186729
1.223488	176.025903	31.300954	14.189172
1.223721	176.040097	31.303439	14.191615
1.223953	176.054294	31.305924	14.194059
1.224186	176.068494	31.308409	14.196503
1.224419	176.082696	31.310895	14.198947
1.224651	176.096901	31.313382	14.201392
1.224884	176.111109	31.315869	14.203838
1.225116	176.125320	31.318357	14.206284
1.225349	176.139534	31.320845	14.208730
1.225581	176.153750	31.323333	14.211177
1.225814	176.167970	31.325822	14.213625
1.226047	176.182192	31.328312	14.216073
1.226279	176.196417	31.330802	14.218521
1.226512	176.210645	31.333292	14.220970
1.226744	176.224876	31.335784	14.223419
1.226977	176.239110	31.338275	14.225869
1.227209	176.253346	31.340767	14.228320
1.227442	176.267585	31.343260	14.230771
1.227674	176.281828	31.345753	14.233222
1.227907	176.296073	31.348246	14.235674
1.228140	176.310321	31.350740	14.238126
1.228372	176.324572	31.353235	14.240579
1.228605	176.338825	31.355730	14.243032
1.228837	176.353082	31.358226	14.245486
1.229070	176.367342	31.360722	14.247941
1.229302	176.381604	31.363218	14.250395
1.229535	176.395870	31.365715	14.252851
1.229767	176.410138	31.368213	14.255307
1.230000	176.424409	31.370711	14.257763
1.230233	176.438683	31.373210	14.260220
1.230465	176.452960	31.375709	14.262677
1.230698	176.467240	31.378208	14.265135
1.230930	176.481522	31.380708	14.267593
1.231163	176.495808	31.383209	14.270052
1.231395	176.510096	31.385710	14.272511
1.231628	176.524387	31.388212	14.274971
1.231860	176.538681	31.390714	14.277431
1.232093	176.552978	31.393216	14.279892
1.232326	176.567278	31.395720	14.282353
1.232558	176.581580	31.398223	14.284815
1.232791	176.595886	31.400727	14.287277
1.233023	176.610194	31.403232	14.289740
1.233256	176.624505	31.405737	14.292203
1.233488	176.638819	31.408243	14.294667
1.233721	176.653136	31.410749	14.297131
1.233953	176.667456	31.413255	14.299595
1.234186	176.681779	31.415763	14.302061
1.234419	176.696104	31.418270	14.304526
1.234651	176.710433	31.420778	14.306992
1.234884	176.724764	31.423287	14.309459
1.235116	176.739098	31.425796	14.311926
1.235349	176.753436	31.428306	14.314394
1.235581	176.767776	31.430816	14.316862
1.235814	176.782119	31.433327	14.319331
1.236047	176.796465	31.435838	14.321800
1.236279	176.810814	31.438350	14.324269
1.236512	176.825166	31.440862	14.326740
1.236744	176.839520	31.443375	14.329210
1.236977	176.853878	31.445888	14.331681
1.237209	176.868239	31.448402	14.334153
1.237442	176.882603	31.450916	14.336625
1.237674	176.896969	31.453431	14.339098
1.237907	176.911339	31.455946	14.341571
1.238140	176.925711	31.458462	14.344045
1.238372	176.940087	31.460978	14.346519
1.238605	176.954465	31.463495	14.348994
1.238837	176.968846	31.466012	14.351469
1.239070	176.983231	31.468530	14.353945
1.239302	176.997618	31.471049	14.356421
1.239535	177.012008	31.473568	14.358898
1.239767	177.026402	31.476087	14.361375
1.240000	177.040798	31.478607	14.363853
1.240233	177.055197	31.481127	14.366331
1.240465	177.069599	31.483648	14.368810
1.240698	177.084005	31.486170	14.371289
1.240930	177.098413	31.488692	14.373769
1.241163	177.112823	31.491215	14.376250
1.241395	177.127237	31.493738	14.378730
1.241628	177.141654	31.496261	14.381212
1.241860	177.156074	31.498785	14.383694
1.242093	177.170497	31.501310	14.386176
1.242326	177.184922	31.503835	14.388659
1.242558	177.199351	31.506360	14.391142
1.242791	177.213782	31.508887	14.393626
1.243023	177.228217	31.511413	14.396111
1.243256	177.242654	31.513940	14.398595
1.243488	177.257095	31.516468	14.401081
1.243721	177.271538	31.518996	14.403567
1.243953	177.285985	31.521525	14.406053
1.244186	177.300434	31.524054	14.408540
1.244419	177.314886	31.526584	14.411028
1.244651	177.329342	31.529114	14.413515
1.244884	177.343800	31.531645	14.416004
1.245116	177.358261	31.534176	14.418493
1.245349	177.372725	31.536708	14.420982
1.245581	177.387193	31.539240	14.423472
1.245814	177.401663	31.541773	14.425963
1.246047	177.416136	31.544307	14.428454
1.246279	177.430612	31.546841	14.430946
1.246512	177.445092	31.549375	14.433438
1.246744	177.459574	31.551910	14.435930
1.246977	177.474059	31.554445	14.438423
1.247209	177.488547	31.556981	14.440917
1.247442	177.503039	31.559518	14.443411
1.247674	177.517533	31.562055	14.445906
1.247907	177.532030	31.564593	14.448401
1.248140	177.546531	31.567131	14.450897
1.248372	177.561034	31.569669	14.453393
1.248605	177.575540	31.572209	14.455890
1.248837	177.590050	31.574748	14.458387
1.249070	177.604562	31.577289	14.460885
1.249302	177.619078	31.579829	14.463383
1.249535	177.633597	31.582371	14.465882
1.249767	177.648118	31.584913	14.468381
1.250000	177.662643	31.587455	14.470881
1.250233	177.677171	31.589998	14.473381
1.250465	177.691701	31.592541	14.475882
1.250698	177.706235	31.595085	14.478384
1.250930	177.720772	31.597630	14.480886
1.251163	177.735312	31.600175	14.483388
1.251395	177.749854	31.602720	14.485891
1.251628	177.764400	31.605266	14.488395
1.251860	177.778949	31.607813	14.490899
1.252093	177.793501	31.610360	14.493403
1.252326	177.808056	31.612908	14.495908
1.252558	177.822614	31.615456	14.498414
1.252791	177.837174	31.618005	14.500920
1.253023	177.851738	31.620554	14.503426
1.253256	177.866305	31.623104	14.505934
1.253488	177.880875	31.625654	14.508441
1.253721	177.895448	31.628205	14.510949
1.253953	177.910024	31.630756	14.513458
1.254186	177.924604	31.633308	14.515967
1.254419	177.939186	31.635861	14.518477
1.254651	177.953771	31.638414	14.520987
1.254884	177.968359	31.640967	14.523498
1.255116	177.982951	31.643521	14.526009
1.255349	177.997545	31.646076	14.528521
1.255581	178.012142	31.648631	14.531034
1.255814	178.026743	31.651186	14.533546
1.256047	178.041347	31.653743	14.536060
1.256279	178.055953	31.656299	14.538574
1.256512	178.070563	31.658857	14.541088
1.256744	178.085176	31.661414	14.543603
1.256977	178.099792	31.663973	14.546119
1.257209	178.114411	31.666532	14.548635
1.257442	178.129033	31.669091	14.551151
1.257674	178.143658	31.671651	14.553669
1.257907	178.158286	31.674211	14.556186
1.258140	178.172917	31.676772	14.558704
1.258372	178.187552	31.679334	14.561223
1.258605	178.202189	31.681896	14.563742
1.258837	178.216830	31.684459	14.566262
1.259070	178.231474	31.687022	14.568782
1.259302	178.246121	31.689586	14.571303
1.259535	178.260771	31.692150	14.573825
1.259767	178.275424	31.694715	14.576347
1.260000	178.290080	31.697280	14.578869
1.260233	178.304739	31.699846	14.581392
1.260465	178.319402	31.702412	14.583915
1.260698	178.334067	31.704979	14.586440
1.260930	178.348736	31.707547	14.588964
1.261163	178.363407	31.710115	14.591489
1.261395	178.378082	31.712683	14.594015
1.261628	178.392760	31.715252	14.596541
1.261860	178.407441	31.717822	14.599068
1.262093	178.422125	31.720392	14.601595
1.262326	178.436812	31.722963	14.604123
1.262558	178.451502	31.725534	14.606651
1.262791	178.466195	31.728106	14.609180
1.263023	178.480892	31.730678	14.611709
1.263256	178.495591	31.733251	14.614239
1.263488	178.510294	31.735825	14.616769
1.263721	178.525000	31.738399	14.619300
1.263953	178.539708	31.740973	14.621832
1.264186	178.554420	31.743548	14.624364
1.264419	178.569135	31.746124	14.626896
1.264651	178.583854	31.748700	14.629429
1.264884	178.598575	31.751277	14.631963
1.265116	178.613299	31.753854	14.634497
1.265349	178.628027	31.756432	14.637032
1.265581	178.642758	31.759010	14.639567
1.265814	178.657491	31.761589	14.642103
1.266047	178.672228	31.764168	14.644639
1.266279	178.686968	31.766748	14.647176
1.266512	178.701712	31.769329	14.649713
1.266744	178.716458	31.771910	14.652251
1.266977	178.731208	31.774492	14.654790
1.267209	178.745960	31.777074	14.657329
1.267442	178.760716	31.779657	14.659868
1.267674	178.775475	31.782240	14.662408
1.267907	178.790237	31.784824	14.664949
1.268140	178.805002	31.787408	14.667490
1.268372	178.819771	31.789993	14.670032
1.268605	178.834542	31.792578	14.672574
1.268837	178.849317	31.795164	14.675117
1.269070	178.864095	31.797751	14.677660
1.269302	178.878876	31.800338	14.680204
1.269535	178.893660	31.802926	14.682749
1.269767	178.908447	31.805514	14.685293
1.270000	178.923238	31.808103	14.687839
1.270233	178.938032	31.810692	14.690385
1.270465	178.952829	31.813282	14.692932
1.270698	178.967629	31.815873	14.695479
1.270930	178.982432	31.818464	14.698027
1.271163	178.997238	31.821055	14.700575
1.271395	179.012047	31.823648	14.703124
1.271628	179.026860	31.826240	14.705673
1.271860	179.041676	31.828833	14.708223
1.272093	179.056495	31.831427	14.710773
1.272326	179.071317	31.834022	14.713324
1.272558	179.086142	31.836616	14.715876
1.272791	179.100970	31.839212	14.718428
1.273023	179.115802	31.841808	14.720980
1.273256	179.130637	31.844404	14.723533
1.273488	179.145475	31.847002	14.726087
1.273721	179.160316	31.849599	14.728641
1.273953	179.175160	31.852197	14.731196
1.274186	179.190007	31.854796	14.733751
1.274419	179.204858	31.857396	14.736307
1.274651	179.219712	31.859996	14.738863
1.274884	179.234569	31.862596	14.741420
1.275116	179.249429	31.865197	14.743978
1.275349	179.264292	31.867799	14.746536
1.275581	179.279159	31.870401	14.749095
1.275814	179.294029	31.873003	14.751654
1.276047	179.308901	31.875607	14.754213
1.276279	179.323778	31.878210	14.756774
1.276512	179.338657	31.880815	14.759334
1.276744	179.353539	31.883420	14.761896
1.276977	179.368425	31.886025	14.764458
1.277209	179.383314	31.888631	14.767020
1.277442	179.398206	31.891238	14.769583
1.277674	179.413101	31.893845	14.772146
1.277907	179.428000	31.896452	14.774711
1.278140	179.442901	31.899061	14.777275
1.278372	179.457806	31.901670	14.779840
1.278605	179.472715	31.904279	14.782406
1.278837	179.487626	31.906889	14.784972
1.279070	179.502540	31.909499	14.787539
1.279302	179.517458	31.912110	14.790107
1.279535	179.532379	31.914722	14.792674
1.279767	179.547304	31.917334	14.795243
1.280000	179.562231	31.919947	14.797812
1.280233	179.577162	31.922560	14.800382
1.280465	179.592096	31.925174	14.802952
1.280698	179.607033	31.927789	14.805522
1.280930	179.621973	31.930404	14.808094
1.281163	179.636917	31.933019	14.810665
1.281395	179.651863	31.935635	14.813238
1.281628	179.666813	31.938252	14.815811
1.281860	179.681766	31.940869	14.818384
1.282093	179.696723	31.943487	14.820958
1.282326	179.711682	31.946105	14.823533
1.282558	179.726645	31.948724	14.826108
1.282791	179.741611	31.951344	14.828684
1.283023	179.756581	31.953964	14.831260
1.283256	179.771553	31.956584	14.833836
1.283488	179.786529	31.959205	14.836414
1.283721	179.801508	31.961827	14.838992
1.283953	179.816490	31.964449	14.841570
1.284186	179.831475	31.967072	14.844149
1.284419	179.846464	31.969696	14.846729
1.284651	179.861456	31.972320	14.849309
1.284884	179.876451	31.974944	14.851889
1.285116	179.891450	31.977569	14.854471
1.285349	179.906451	31.980195	14.857052
1.285581	179.921456	31.982821	14.859635
1.285814	179.936464	31.985448	14.862218
1.286047	179.951475	31.988076	14.864801
1.286279	179.966490	31.990703	14.867385
1.286512	179.981508	31.993332	14.869970
1.286744	179.996529	31.995961	14.872555
1.286977	180.011553	31.998591	14.875140
1.287209	180.026581	32.001221	14.877727
1.287442	180.041612	32.003852	14.880313
1.287674	180.056646	32.006483	14.882901
1.287907	180.071683	32.009115	14.885489
1.288140	180.086724	32.011747	14.888077
1.288372	180.101768	32.014381	14.890666
1.288605	180.116815	32.017014	14.893256
1.288837	180.131865	32.019648	14.895846
1.289070	180.146919	32.022283	14.898437
1.289302	180.161976	32.024919	14.901028
1.289535	180.177036	32.027554	14.903620
1.289767	180.192099	32.030191	14.906212
1.290000	180.207166	32.032828	14.908805
1.290233	180.222236	32.035466	14.911399
1.290465	180.237309	32.038104	14.913993
1.290698	180.252386	32.040743	14.916587
1.290930	180.267466	32.043382	14.919182
1.291163	180.282549	32.046022	14.921778
1.291395	180.297635	32.048662	14.924375
1.291628	180.312725	32.051303	14.926971
1.291860	180.327817	32.053945	14.929569
1.292093	180.342914	32.056587	14.932167
1.292326	180.358013	32.059230	14.934765
1.292558	180.373116	32.061873	14.937365
1.292791	180.388222	32.064517	14.939964
1.293023	180.403331	32.067162	14.942565
1.293256	180.418443	32.069807	14.945165
1.293488	180.433559	32.072453	14.947767
1.293721	180.448678	32.075099	14.950369
1.293953	180.463801	32.077746	14.952971
1.294186	180.478926	32.080393	14.955574
1.294419	180.494055	32.083041	14.958178
1.294651	180.509187	32.085689	14.960782
1.294884	180.524323	32.088339	14.963387
1.295116	180.539462	32.090988	14.965992
1.295349	180.554604	32.093638	14.968598
1.295581	180.569749	32.096289	14.971205
1.295814	180.584898	32.098941	14.973812
1.296047	180.600050	32.101593	14.976419
1.296279	180.615205	32.104245	14.979027
1.296512	180.630364	32.106898	14.981636
1.296744	180.645525	32.109552	14.984245
1.296977	180.660690	32.112206	14.986855
1.297209	180.675859	32.114861	14.989466
1.297442	180.691031	32.117516	14.992077
1.297674	180.706206	32.120172	14.994688
1.297907	180.721384	32.122829	14.997300
1.298140	180.736565	32.125486	14.999913
1.298372	180.751750	32.128144	15.002526
1.298605	180.766939	32.130802	15.005140
1.298837	180.782130	32.133461	15.007755
1.299070	180.797325	32.136120	15.010369
1.299302	180.812523	32.138780	15.012985
1.299535	180.827724	32.141441	15.015601
1.299767	180.842929	32.144102	15.018218
1.300000	180.858137	32.146764	15.020835
1.300233	180.873348	32.149426	15.023453
1.300465	180.888563	32.152089	15.026071
1.300698	180.903781	32.154753	15.028690
1.300930	180.919002	32.157417	15.031310
1.301163	180.934227	32.160081	15.033930
1.301395	180.949455	32.162747	15.036550
1.301628	180.964686	32.165412	15.039172
1.301860	180.979920	32.168079	15.041793
1.302093	180.995158	32.170746	15.044416
1.302326	181.010399	32.173413	15.047039
1.302558	181.025644	32.176081	15.049662
1.302791	181.040892	32.178750	15.052286
1.303023	181.056143	32.181419	15.054911
1.303256	181.071397	32.184089	15.057536
1.303488	181.086655	32.186760	15.060162
1.303721	181.101916	32.189431	15.062788
1.303953	181.117181	32.192102	15.065415
1.304186	181.132449	32.194774	15.068043
1.304419	181.147720	32.197447	15.070671
1.304651	181.162994	32.200121	15.073299
1.304884	181.178272	32.202794	15.075929
1.305116	181.193553	32.205469	15.078558
1.305349	181.208837	32.208144	15.081189
1.305581	181.224125	32.210820	15.083820
1.305814	181.239416	32.213496	15.086451
1.306047	181.254711	32.216173	15.089083
1.306279	181.270008	32.218850	15.091716
1.306512	181.285309	32.221528	15.094349
1.306744	181.300614	32.224207	15.096983
1.306977	181.315921	32.226886	15.099617
1.307209	181.331232	32.229566	15.102252
1.307442	181.346547	32.232246	15.104888
1.307674	181.361865	32.234927	15.107524
1.307907	181.377186	32.237608	15.110160
1.308140	181.392510	32.240290	15.112798
1.308372	181.407838	32.242973	15.115435
1.308605	181.423169	32.245656	15.118074
1.308837	181.438503	32.248340	15.120713
1.309070	181.453841	32.251025	15.123352
1.309302	181.469182	32.253710	15.125992
1.309535	181.484526	32.256395	15.128633
1.309767	181.499874	32.259081	15.131274
1.310000	181.515225	32.261768	15.133916
1.310233	181.530579	32.264455	15.136558
1.310465	181.545937	32.267143	15.139201
1.310698	181.561298	32.269832	15.141845
1.310930	181.576663	32.272521	15.144489
1.311163	181.592031	32.275211	15.147134
1.311395	181.607402	32.277901	15.149779
1.311628	181.622776	32.280592	15.152425
1.311860	181.638154	32.283283	15.155071
1.312093	181.653536	32.285975	15.157718
1.312326	181.668920	32.288668	15.160366
1.312558	181.684308	32.291361	15.163014
1.312791	181.699700	32.294055	15.165663
1.313023	181.715095	32.296749	15.168312
1.313256	181.730493	32.299444	15.170962
1.313488	181.745894	32.302140	15.173612
1.313721	181.761299	32.304836	15.176263
1.313953	181.776707	32.307533	15.178915
1.314186	181.792119	32.310230	15.181567
1.314419	181.807534	32.312928	15.184220
1.314651	181.822952	32.315626	15.186873
1.314884	181.838374	32.318325	15.189527
1.315116	181.853799	32.321025	15.192182
1.315349	181.869227	32.323725	15.194837
1.315581	181.884659	32.326426	15.197493
1.315814	181.900094	32.329128	15.200149
1.316047	181.915532	32.331830	15.202806
1.316279	181.930974	32.334532	15.205463
1.316512	181.946420	32.337235	15.208121
1.316744	181.961868	32.339939	15.210780
1.316977	181.977320	32.342644	15.213439
1.317209	181.992775	32.345349	15.216098
1.317442	182.008234	32.348054	15.218759
1.317674	182.023696	32.350760	15.221420
1.317907	182.039161	32.353467	15.224081
1.318140	182.054630	32.356174	15.226743
1.318372	182.070102	32.358882	15.229406
1.318605	182.085578	32.361591	15.232069
1.318837	182.101056	32.364300	15.234733
1.319070	182.116539	32.367009	15.237397
1.319302	182.132024	32.369720	15.240062
1.319535	182.147513	32.372431	15.242727
1.319767	182.163005	32.375142	15.245393
1.320000	182.178501	32.377854	15.248060
1.320233	182.194000	32.380567	15.250727
1.320465	182.209502	32.383280	15.253395
1.320698	182.225008	32.385994	15.256063
1.320930	182.240517	32.388708	15.258732
1.321163	182.256030	32.391423	15.261402
1.321395	182.271546	32.394139	15.264072
1.321628	182.287066	32.396855	15.266743
1.321860	182.302588	32.399572	15.269414
1.322093	182.318115	32.402289	15.272086
1.322326	182.333644	32.405007	15.274759
1.322558	182.349177	32.407725	15.277432
1.322791	182.364714	32.410445	15.280105
1.323023	182.380253	32.413164	15.282780
1.323256	182.395797	32.415885	15.285454
1.323488	182.411343	32.418606	15.288130
1.323721	182.426893	32.421327	15.290806
1.323953	182.442447	32.424049	15.293482
1.324186	182.458003	32.426772	15.296160
1.324419	182.473564	32.429495	15.298837
1.324651	182.489127	32.432219	15.301516
1.324884	182.504694	32.434944	15.304195
1.325116	182.520264	32.437669	15.306874
1.325349	182.535838	32.440394	15.309554
1.325581	182.551415	32.443121	15.312235
1.325814	182.566996	32.445847	15.314916
1.326047	182.582580	32.448575	15.317598
1.326279	182.598167	32.451303	15.320280
1.326512	182.613758	32.454032	15.322963
1.326744	182.629352	32.456761	15.325647
1.326977	182.644949	32.459491	15.328331
1.327209	182.660550	32.462221	15.331016
1.327442	182.676154	32.464952	15.333701
1.327674	182.691762	32.467684	15.336387
1.327907	182.707373	32.470416	15.339074
1.328140	182.722987	32.473149	15.341761
1.328372	182.738605	32.475882	15.344448
1.328605	182.754226	32.478616	15.347136
1.328837	182.769851	32.481350	15.349825
1.329070	182.785479	32.484086	15.352515
1.329302	182.801110	32.486821	15.355205
1.329535	182.816744	32.489558	15.357895
1.329767	182.832383	32.492295	15.360586
1.330000	182.848024	32.495032	15.363278
1.330233	182.863669	32.497770	15.365970
1.330465	182.879317	32.500509	15.368663
1.330698	182.894969	32.503248	15.371357
1.330930	182.910624	32.505988	15.374051
1.331163	182.926283	32.508728	15.376745
1.331395	182.941945	32.511470	15.379441
1.331628	182.957610	32.514211	15.382136
1.331860	182.973279	32.516953	15.384833
1.332093	182.988951	32.519696	15.387530
1.332326	183.004627	32.522440	15.390227
1.332558	183.020306	32.525184	15.392926
1.332791	183.035989	32.527929	15.395624
1.333023	183.051674	32.530674	15.398324
1.333256	183.067364	32.533420	15.401024
1.333488	183.083057	32.536166	15.403724
1.333721	183.098753	32.538913	15.406425
1.333953	183.114453	32.541661	15.409127
1.334186	183.130156	32.544409	15.411829
1.334419	183.145862	32.547158	15.414532
1.334651	183.161572	32.549907	15.417236
1.334884	183.177285	32.552657	15.419940
1.335116	183.193002	32.555408	15.422644
1.335349	183.208722	32.558159	15.425350
1.335581	183.224446	32.560911	15.428055
1.335814	183.240173	32.563664	15.430762
1.336047	183.255903	32.566417	15.433469
1.336279	183.271637	32.569170	15.436176
1.336512	183.287374	32.571924	15.438885
1.336744	183.303115	32.574679	15.441593
1.336977	183.318859	32.577435	15.444303
1.337209	183.334606	32.580191	15.447013
1.337442	183.350357	32.582947	15.449723
1.337674	183.366111	32.585704	15.452434
1.337907	183.381869	32.588462	15.455146
1.338140	183.397630	32.591221	15.457858
1.338372	183.413394	32.593980	15.460571
1.338605	183.429162	32.596739	15.463284
1.338837	183.444933	32.599499	15.465998
1.339070	183.460708	32.602260	15.468713
1.339302	183.476486	32.605021	15.471428
1.339535	183.492267	32.607783	15.474144
1.339767	183.508052	32.610546	15.476860
1.340000	183.523840	32.613309	15.479577
1.340233	183.539632	32.616073	15.482295
1.340465	183.555427	32.618837	15.485013
1.340698	183.571225	32.621602	15.487731
1.340930	183.587027	32.624368	15.490451
1.341163	183.602833	32.627134	15.493170
1.341395	183.618641	32.629900	15.495891
1.341628	183.634454	32.632668	15.498612
1.341860	183.650270	32.635436	15.501334
1.342093	183.666089	32.638204	15.504056
1.342326	183.681911	32.640973	15.506779
1.342558	183.697738	32.643743	15.509502
1.342791	183.713567	32.646514	15.512226
1.343023	183.729400	32.649285	15.514951
1.343256	183.745237	32.652056	15.517676
1.343488	183.761076	32.654828	15.520402
1.343721	183.776920	32.657601	15.523128
1.343953	183.792767	32.660374	15.525855
1.344186	183.808617	32.663148	15.528583
1.344419	183.824470	32.665923	15.531311
1.344651	183.840327	32.668698	15.534040
1.344884	183.856188	32.671474	15.536769
1.345116	183.872052	32.674250	15.539499
1.345349	183.887919	32.677027	15.542229
1.345581	183.903790	32.679805	15.544961
1.345814	183.919664	32.682583	15.547692
1.346047	183.935542	32.685362	15.550424
1.346279	183.951423	32.688141	15.553157
1.346512	183.967307	32.690921	15.555891
1.346744	183.983195	32.693702	15.558625
1.346977	183.999086	32.696483	15.561359
1.347209	184.014981	32.699265	15.564095
1.347442	184.030879	32.702047	15.566831
1.347674	184.046781	32.704830	15.569567
1.347907	184.062685	32.707613	15.572304
1.348140	184.078594	32.710398	15.575041
1.348372	184.094506	32.713182	15.577780
1.348605	184.110421	32.715968	15.580518
1.348837	184.126339	32.718753	15.583258
1.349070	184.142261	32.721540	15.585998
1.349302	184.158187	32.724327	15.588738
1.349535	184.174115	32.727115	15.591479
1.349767	184.190047	32.729903	15.594221
1.350000	184.205983	32.732692	15.596963
1.350233	184.221922	32.735481	15.599706
1.350465	184.237864	32.738272	15.602449
1.350698	184.253810	32.741062	15.605193
1.350930	184.269760	32.743854	15.607938
1.351163	184.285713	32.746645	15.610683
1.351395	184.301669	32.749438	15.613429
1.351628	184.317629	32.752231	15.616175
1.351860	184.333592	32.755025	15.618922
1.352093	184.349559	32.757819	15.621670
1.352326	184.365529	32.760614	15.624418
1.352558	184.381503	32.763410	15.627167
1.352791	184.397480	32.766206	15.629916
1.353023	184.413460	32.769003	15.632666
1.353256	184.429444	32.771800	15.635417
1.353488	184.445432	32.774598	15.638168
1.353721	184.461423	32.777396	15.640920
1.353953	184.477417	32.780196	15.643672
1.354186	184.493415	32.782995	15.646425
1.354419	184.509416	32.785796	15.649179
1.354651	184.525421	32.788597	15.651933
1.354884	184.541429	32.791398	15.654687
1.355116	184.557440	32.794200	15.657443
1.355349	184.573455	32.797003	15.660199
1.355581	184.589474	32.799806	15.662955
1.355814	184.605495	32.802610	15.665712
1.356047	184.621521	32.805415	15.668470
1.356279	184.637549	32.808220	15.671228
1.356512	184.653582	32.811026	15.673987
1.356744	184.669617	32.813832	15.676746
1.356977	184.685656	32.816639	15.679506
1.357209	184.701698	32.819447	15.682267
1.357442	184.717744	32.822255	15.685028
1.357674	184.733793	32.825064	15.687790
1.357907	184.749846	32.827873	15.690552
1.358140	184.765902	32.830683	15.693315
1.358372	184.781962	32.833494	15.696079
1.358605	184.798024	32.836305	15.698843
1.358837	184.814091	32.839116	15.701608
1.359070	184.830160	32.841929	15.704373
1.359302	184.846233	32.844742	15.707139
1.359535	184.862310	32.847555	15.709905
1.359767	184.878390	32.850369	15.712672
1.360000	184.894473	32.853184	15.715440
1.360233	184.910560	32.855999	15.718208
1.360465	184.926650	32.858815	15.720977
1.360698	184.942744	32.861632	15.723746
1.360930	184.958841	32.864449	15.726517
1.361163	184.974941	32.867267	15.729287
1.361395	184.991045	32.870085	15.732058
1.361628	185.007153	32.872904	15.734830
1.361860	185.023264	32.875724	15.737603
1.362093	185.039379	32.878544	15.740376
1.362326	185.055497	32.881365	15.743149
1.362558	185.071618	32.884186	15.745923
1.362791	185.087743	32.887008	15.748698
1.363023	185.103871	32.889831	15.751474
1.363256	185.120003	32.892654	15.754250
1.363488	185.136139	32.895478	15.757026
1.363721	185.152277	32.898302	15.759803
1.363953	185.168419	32.901127	15.762581
1.364186	185.184565	32.903953	15.765360
1.364419	185.200714	32.906779	15.768139
1.364651	185.216867	32.909606	15.770918
1.364884	185.233023	32.912433	15.773698
1.365116	185.249182	32.915261	15.776479
1.365349	185.265345	32.918090	15.779260
1.365581	185.281511	32.920919	15.782042
1.365814	185.297681	32.923749	15.784825
1.366047	185.313854	32.926579	15.787608
1.366279	185.330031	32.929410	15.790391
1.366512	185.346210	32.932242	15.793176
1.366744	185.362394	32.935074	15.795961
1.366977	185.378581	32.937907	15.798746
1.367209	185.394771	32.940741	15.801532
1.367442	185.410965	32.943575	15.804319
1.367674	185.427162	32.946409	15.807106
1.367907	185.443362	32.949244	15.809894
1.368140	185.459566	32.952080	15.812682
1.368372	185.475773	32.954917	15.815471
1.368605	185.491984	32.957754	15.818261
1.368837	185.508198	32.960591	15.821051
1.369070	185.524415	32.963429	15.823841
1.369302	185.540636	32.966268	15.826633
1.369535	185.556860	32.969108	15.829425
1.369767	185.573088	32.971947	15.832217
1.370000	185.589319	32.974788	15.835010
1.370233	185.605553	32.977629	15.837804
1.370465	185.621791	32.980471	15.840598
1.370698	185.638033	32.983313	15.843393
1.370930	185.654278	32.986156	15.846188
1.371163	185.670526	32.989000	15.848984
1.371395	185.686778	32.991844	15.851781
1.371628	185.703033	32.994689	15.854578
1.371860	185.719292	32.997534	15.857376
1.372093	185.735554	33.000380	15.860174
1.372326	185.751820	33.003227	15.862973
1.372558	185.768089	33.006074	15.865773
1.372791	185.784362	33.008922	15.868573
1.373023	185.800638	33.011770	15.871374
1.373256	185.816917	33.014619	15.874175
1.373488	185.833200	33.017469	15.876977
1.373721	185.849487	33.020319	15.879780
1.373953	185.865777	33.023170	15.882583
1.374186	185.882070	33.026021	15.885386
1.374419	185.898367	33.028873	15.888191
1.374651	185.914667	33.031726	15.890996
1.374884	185.930971	33.034579	15.893801
1.375116	185.947278	33.037433	15.896607
1.375349	185.963588	33.040287	15.899414
1.375581	185.979902	33.043142	15.902221
1.375814	185.996220	33.045998	15.905029
1.376047	186.012540	33.048854	15.907838
1.376279	186.028865	33.051711	15.910647
1.376512	186.045192	33.054568	15.913456
1.376744	186.061523	33.057426	15.916267
1.376977	186.077858	33.060285	15.919077
1.377209	186.094195	33.063144	15.921889
1.377442	186.110537	33.066004	15.924701
1.377674	186.126881	33.068864	15.927513
1.377907	186.143229	33.071725	15.930326
1.378140	186.159581	33.074587	15.933140
1.378372	186.175936	33.077449	15.935955
1.378605	186.192294	33.080312	15.938769
1.378837	186.208655	33.083175	15.941585
1.379070	186.225020	33.086039	15.944401
1.379302	186.241389	33.088904	15.947218
1.379535	186.257760	33.091769	15.950035
1.379767	186.274136	33.094635	15.952853
1.380000	186.290514	33.097501	15.955671
1.380233	186.306896	33.100368	15.958490
1.380465	186.323281	33.103235	15.961310
1.380698	186.339670	33.106104	15.964130
1.380930	186.356062	33.108972	15.966951
1.381163	186.372458	33.111842	15.969772
1.381395	186.388858	33.114712	15.972594
1.381628	186.405260	33.117582	15.975416
1.381860	186.421667	33.120453	15.978240
1.382093	186.438076	33.123325	15.981063
1.382326	186.454489	33.126198	15.983888
1.382558	186.470906	33.129071	15.986713
1.382791	186.487326	33.131944	15.989538
1.383023	186.503750	33.134818	15.992364
1.383256	186.520176	33.137693	15.995191
1.383488	186.536607	33.140569	15.998018
1.383721	186.553041	33.143445	16.000846
1.383953	186.569478	33.146321	16.003675
1.384186	186.585919	33.149198	16.006504
1.384419	186.602363	33.152076	16.009334
1.384651	186.618810	33.154955	16.012164
1.384884	186.635261	33.157834	16.014995
1.385116	186.651716	33.160713	16.017826
1.385349	186.668173	33.163594	16.020658
1.385581	186.684635	33.166474	16.023491
1.385814	186.701099	33.169356	16.026324
1.386047	186.717567	33.172238	16.029158
1.386279	186.734039	33.175120	16.031992
1.386512	186.750513	33.178003	16.034827
1.386744	186.766992	33.180887	16.037663
1.386977	186.783473	33.183772	16.040499
1.387209	186.799958	33.186657	16.043335
1.387442	186.816447	33.189542	16.046173
1.387674	186.832938	33.192428	16.049011
1.387907	186.849433	33.195315	16.051849
1.388140	186.865932	33.198202	16.054688
1.388372	186.882434	33.201090	16.057528
1.388605	186.898939	33.203979	16.060368
1.388837	186.915448	33.206868	16.063209
1.389070	186.931960	33.209757	16.066050
1.389302	186.948475	33.212648	16.068892
1.389535	186.964994	33.215539	16.071734
1.389767	186.981516	33.218430	16.074577
1.390000	186.998041	33.221322	16.077421
1.390233	187.014570	33.224215	16.080265
1.390465	187.031102	33.227108	16.083110
1.390698	187.047638	33.230002	16.085955
1.390930	187.064177	33.232896	16.088801
1.391163	187.080720	33.235791	16.091648
1.391395	187.097266	33.238687	16.094495
1.391628	187.113815	33.241583	16.097343
1.391860	187.130368	33.244480	16.100191
1.392093	187.146925	33.247377	16.103040
1.392326	187.163485	33.250275	16.105890
1.392558	187.180048	33.253174	16.108740
1.392791	187.196615	33.256073	16.111591
1.393023	187.213185	33.258973	16.114442
1.393256	187.229759	33.261873	16.117294
1.393488	187.246336	33.264775	16.120147
1.393721	187.262916	33.267676	16.123000
1.393953	187.279500	33.270578	16.125853
1.394186	187.296087	33.273481	16.128708
1.394419	187.312678	33.276385	16.131562
1.394651	187.329272	33.279289	16.134418
1.394884	187.345870	33.282193	16.137274
1.395116	187.362471	33.285098	16.140130
1.395349	187.379075	33.288004	16.142988
1.395581	187.395683	33.290911	16.145845
1.395814	187.412294	33.293818	16.148704
1.396047	187.428908	33.296725	16.151563
1.396279	187.445526	33.299633	16.154422
1.396512	187.462147	33.302542	16.157282
1.396744	187.478772	33.305452	16.160143
1.396977	187.495400	33.308361	16.163004
1.397209	187.512031	33.311272	16.165866
1.397442	187.528666	33.314183	16.168728
1.397674	187.545304	33.317095	16.171591
1.397907	187.561945	33.320007	16.174455
1.398140	187.578590	33.322920	16.177319
1.398372	187.595238	33.325833	16.180184
1.398605	187.611890	33.328747	16.183049
1.398837	187.628544	33.331662	16.185915
1.399070	187.645202	33.334577	16.188781
1.399302	187.661864	33.337493	16.191648
1.399535	187.678529	33.340410	16.194516
1.399767	187.695197	33.343326	16.197384
1.400000	187.711868	33.346244	16.200253
1.400233	187.728543	33.349162	16.203122
1.400465	187.745221	33.352081	16.205992
1.400698	187.761903	33.355000	16.208863
1.400930	187.778588	33.357920	16.211734
1.401163	187.795276	33.360841	16.214606
1.401395	187.811968	33.363762	16.217478
1.401628	187.828664	33.366684	16.220351
1.401860	187.845363	33.369606	16.223224
1.402093	187.862065	33.372529	16.226098
1.402326	187.878771	33.375452	16.228973
1.402558	187.895480	33.378377	16.231848
1.402791	187.912192	33.381301	16.234724
1.403023	187.928908	33.384227	16.237600
1.403256	187.945627	33.387153	16.240478
1.403488	187.962350	33.390079	16.243355
1.403721	187.979076	33.393006	16.246233
1.403953	187.995806	33.395934	16.249112
1.404186	188.012539	33.398862	16.251991
1.404419	188.029275	33.401791	16.254871
1.404651	188.046015	33.404721	16.257752
1.404884	188.062758	33.407651	16.260633
1.405116	188.079504	33.410581	16.263515
1.405349	188.096254	33.413513	16.266397
1.405581	188.113007	33.416444	16.269280
1.405814	188.129763	33.419377	16.272163
1.406047	188.146523	33.422310	16.275047
1.406279	188.163286	33.425243	16.277932
1.406512	188.180053	33.428178	16.280817
1.406744	188.196823	33.431112	16.283702
1.406977	188.213596	33.434048	16.286589
1.407209	188.230372	33.436984	16.289476
1.407442	188.247152	33.439920	16.292363
1.407674	188.263936	33.442857	16.295251
1.407907	188.280722	33.445795	16.298140
1.408140	188.297512	33.448733	16.301029
1.408372	188.314305	33.451672	16.303918
1.408605	188.331101	33.454611	16.306809
1.408837	188.347901	33.457551	16.309699
1.409070	188.364704	33.460492	16.312591
1.409302	188.381510	33.463433	16.315483
1.409535	188.398320	33.466375	16.318375
1.409767	188.415133	33.469317	16.321268
1.410000	188.431949	33.472260	16.324162
1.410233	188.448769	33.475203	16.327056
1.410465	188.465591	33.478147	16.329951
1.410698	188.482418	33.481092	16.332846
1.410930	188.499248	33.484037	16.335742
1.411163	188.516081	33.486983	16.338639
1.411395	188.532917	33.489930	16.341536
1.411628	188.549757	33.492877	16.344434
1.411860	188.566601	33.495824	16.347332
1.412093	188.583448	33.498772	16.350231
1.412326	188.600298	33.501721	16.353131
1.412558	188.617151	33.504671	16.356031
1.412791	188.634008	33.507621	16.358931
1.413023	188.650869	33.510571	16.361832
1.413256	188.667732	33.513522	16.364734
1.413488	188.684599	33.516474	16.367637
1.413721	188.701470	33.519427	16.370540
1.413953	188.718344	33.522379	16.373443
1.414186	188.735221	33.525333	16.376347
1.414419	188.752101	33.528287	16.379252
1.414651	188.768985	33.531242	16.382157
1.414884	188.785872	33.534197	16.385063
1.415116	188.802763	33.537153	16.387969
1.415349	188.819657	33.540109	16.390876
1.415581	188.836554	33.543066	16.393784
1.415814	188.853454	33.546024	16.396692
1.416047	188.870358	33.548982	16.399601
1.416279	188.887265	33.551941	16.402510
1.416512	188.904176	33.554900	16.405420
1.416744	188.921089	33.557860	16.408330
1.416977	188.938006	33.560821	16.411241
1.417209	188.954927	33.563782	16.414153
1.417442	188.971850	33.566743	16.417065
1.417674	188.988777	33.569705	16.419977
1.417907	189.005707	33.572668	16.422891
1.418140	189.022641	33.575632	16.425804
1.418372	189.039577	33.578596	16.428719
1.418605	189.056517	33.581560	16.431634
1.418837	189.073460	33.584525	16.434549
1.419070	189.090407	33.587491	16.437465
1.419302	189.107356	33.590457	16.440382
1.419535	189.124309	33.593424	16.443299
1.419767	189.141266	33.596391	16.446217
1.420000	189.158225	33.599359	16.449135
1.420233	189.175188	33.602327	16.452054
1.420465	189.192154	33.605297	16.454973
1.420698	189.209123	33.608266	16.457893
1.420930	189.226096	33.611237	16.460814
1.421163	189.243073	33.614207	16.463735
1.421395	189.260052	33.617179	16.466657
1.421628	189.277035	33.620151	16.469579
1.421860	189.294022	33.623123	16.472502
1.422093	189.311011	33.626097	16.475426
1.422326	189.328004	33.629070	16.478350
1.422558	189.345001	33.632045	16.481274
1.422791	189.362001	33.635020	16.484200
1.423023	189.379004	33.637995	16.487125
1.423256	189.396010	33.640972	16.490052
1.423488	189.413020	33.643948	16.492979
1.423721	189.430033	33.646926	16.495906
1.423953	189.447049	33.649903	16.498834
1.424186	189.464069	33.652882	16.501763
1.424419	189.481092	33.655861	16.504692
1.424651	189.498119	33.658841	16.507622
1.424884	189.515148	33.661821	16.510552
1.425116	189.532181	33.664802	16.513483
1.425349	189.549217	33.667783	16.516415
1.425581	189.566257	33.670765	16.519347
1.425814	189.583299	33.673747	16.522280
1.426047	189.600346	33.676730	16.525213
1.426279	189.617395	33.679714	16.528146
1.426512	189.634447	33.682698	16.531081
1.426744	189.651503	33.685683	16.534016
1.426977	189.668562	33.688668	16.536951
1.427209	189.685624	33.691654	16.539887
1.427442	189.702690	33.694641	16.542824
1.427674	189.719759	33.697628	16.545761
1.427907	189.736831	33.700615	16.548698
1.428140	189.753906	33.703603	16.551637
1.428372	189.770984	33.706592	16.554575
1.428605	189.788066	33.709581	16.557515
1.428837	189.805151	33.712571	16.560454
1.429070	189.822239	33.715562	16.563395
1.429302	189.839330	33.718553	16.566336
1.429535	189.856425	33.721544	16.569277
1.429767	189.873522	33.724536	16.572219
1.430000	189.890623	33.727529	16.575162
1.430233	189.907727	33.730522	16.578105
1.430465	189.924834	33.733516	16.581049
1.430698	189.941945	33.736510	16.583993
1.430930	189.959059	33.739505	16.586938
1.431163	189.976177	33.742501	16.589884
1.431395	189.993298	33.745497	16.592830
1.431628	190.010422	33.748494	16.595776
1.431860	190.027549	33.751491	16.598723
1.432093	190.044680	33.754489	16.601671
1.432326	190.061814	33.757487	16.604619
1.432558	190.078951	33.760487	16.607568
1.432791	190.096092	33.763486	16.610518
1.433023	190.113236	33.766486	16.613468
1.433256	190.130383	33.769487	16.616418
1.433488	190.147533	33.772488	16.619369
1.433721	190.164687	33.775490	16.622321
1.433953	190.181844	33.778493	16.625273
1.434186	190.199004	33.781496	16.628226
1.434419	190.216168	33.784500	16.631179
1.434651	190.233335	33.787504	16.634133
1.434884	190.250505	33.790509	16.637088
1.435116	190.267678	33.793514	16.640043
1.435349	190.284854	33.796520	16.642998
1.435581	190.302034	33.799526	16.645955
1.435814	190.319217	33.802533	16.648911
1.436047	190.336403	33.805541	16.651869
1.436279	190.353593	33.808549	16.654826
1.436512	190.370785	33.811558	16.657785
1.436744	190.387981	33.814567	16.660744
1.436977	190.405180	33.817577	16.663703
1.437209	190.422382	33.820587	16.666663
1.437442	190.439588	33.823598	16.669624
1.437674	190.456796	33.826610	16.672585
1.437907	190.474008	33.829622	16.675547
1.438140	190.491223	33.832634	16.678509
1.438372	190.508441	33.835647	16.681472
1.438605	190.525662	33.838661	16.684435
1.438837	190.542886	33.841675	16.687399
1.439070	190.560114	33.844690	16.690363
1.439302	190.577344	33.847706	16.693328
1.439535	190.594578	33.850722	16.696293
1.439767	190.611815	33.853738	16.699259
1.440000	190.629055	33.856755	16.702226
1.440233	190.646298	33.859773	16.705193
1.440465	190.663545	33.862791	16.708161
1.440698	190.680795	33.865809	16.711129
1.440930	190.698048	33.868829	16.714098
1.441163	190.715304	33.871849	16.717067
1.441395	190.732564	33.874869	16.720037
1.441628	190.749827	33.877890	16.723008
1.441860	190.767093	33.880912	16.725979
1.442093	190.784362	33.883934	16.728950
1.442326	190.801635	33.886957	16.731922
1.442558	190.818911	33.889980	16.734895
1.442791	190.836190	33.893004	16.737869
1.443023	190.853473	33.896028	16.740842
1.443256	190.870758	33.899053	16.743817
1.443488	190.888047	33.902079	16.746792
1.443721	190.905339	33.905105	16.749767
1.443953	190.922635	33.908131	16.752743
1.444186	190.939933	33.911159	16.755720
1.444419	190.957235	33.914186	16.758697
1.444651	190.974540	33.917215	16.761675
1.444884	190.991848	33.920244	16.764653
1.445116	191.009159	33.923273	16.767632
1.445349	191.026474	33.926303	16.770611
1.445581	191.043791	33.929334	16.773591
1.445814	191.061112	33.932365	16.776572
1.446047	191.078436	33.935397	16.779553
1.446279	191.095763	33.938429	16.782534
1.446512	191.113094	33.941462	16.785517
1.446744	191.130427	33.944495	16.788499
1.446977	191.147764	33.947529	16.791482
1.447209	191.165103	33.950563	16.794466
1.447442	191.182446	33.953598	16.797450
1.447674	191.199792	33.956634	16.800435
1.447907	191.217141	33.959670	16.803420
1.448140	191.234493	33.962707	16.806406
1.448372	191.251848	33.965744	16.809393
1.448605	191.269207	33.968781	16.812379
1.448837	191.286568	33.971820	16.815367
1.449070	191.303932	33.974858	16.818355
1.449302	191.321300	33.977898	16.821343
1.449535	191.338671	33.980938	16.824332
1.449767	191.356044	33.983978	16.827322
1.450000	191.373421	33.987019	16.830312
1.450233	191.390801	33.990060	16.833303
1.450465	191.408184	33.993103	16.836294
1.450698	191.425570	33.996145	16.839285
1.450930	191.442960	33.999188	16.842278
1.451163	191.460353	34.002232	16.845271
1.451395	191.477749	34.005276	16.848264
1.451628	191.495148	34.008321	16.851258
1.451860	191.512551	34.011367	16.854252
1.452093	191.529956	34.014413	16.857247
1.452326	191.547365	34.017459	16.860243
1.452558	191.564777	34.020506	16.863239
1.452791	191.582192	34.023554	16.866236
1.453023	191.599611	34.026602	16.869233
1.453256	191.617032	34.029651	16.872231
1.453488	191.634457	34.032700	16.875229
1.453721	191.651885	34.035750	16.878228
1.453953	191.669316	34.038801	16.881227
1.454186	191.686750	34.041852	16.884227
1.454419	191.704188	34.044903	16.887228
1.454651	191.721628	34.047955	16.890229
1.454884	191.739072	34.051008	16.893230
1.455116	191.756518	34.054061	16.896232
1.455349	191.773968	34.057115	16.899235
1.455581	191.791421	34.060169	16.902238
1.455814	191.808877	34.063224	16.905242
1.456047	191.826336	34.066279	16.908246
1.456279	191.843798	34.069335	16.911251
1.456512	191.861264	34.072392	16.914256
1.456744	191.878732	34.075449	16.917262
1.456977	191.896203	34.078506	16.920268
1.457209	191.913678	34.081564	16.923275
1.457442	191.931155	34.084623	16.926282
1.457674	191.948636	34.087682	16.929290
1.457907	191.966119	34.090742	16.932299
1.458140	191.983606	34.093802	16.935308
1.458372	192.001096	34.096862	16.938317
1.458605	192.018588	34.099924	16.941327
1.458837	192.036084	34.102985	16.944338
1.459070	192.053582	34.106048	16.947349
1.459302	192.071084	34.109110	16.950360
1.459535	192.088589	34.112174	16.953372
1.459767	192.106096	34.115238	16.956385
1.460000	192.123607	34.118302	16.959398
1.460233	192.141121	34.121367	16.962412
1.460465	192.158638	34.124432	16.965426
1.460698	192.176158	34.127498	16.968441
1.460930	192.193681	34.130565	16.971456
1.461163	192.211207	34.133632	16.974472
1.461395	192.228737	34.136700	16.977488
1.461628	192.246269	34.139768	16.980505
1.461860	192.263805	34.142837	16.983522
1.462093	192.281344	34.145906	16.986540
1.462326	192.298886	34.148976	16.989559
1.462558	192.316431	34.152046	16.992578
1.462791	192.333980	34.155117	16.995597
1.463023	192.351531	34.158189	16.998618
1.463256	192.369085	34.161261	17.001638
1.463488	192.386643	34.164333	17.004659
1.463721	192.404204	34.167406	17.007681
1.463953	192.421767	34.170480	17.010703
1.464186	192.439334	34.173554	17.013726
1.464419	192.456904	34.176629	17.016749
1.464651	192.474477	34.179704	17.019773
1.464884	192.492053	34.182780	17.022798
1.465116	192.509632	34.185856	17.025823
1.465349	192.527214	34.188933	17.028848
1.465581	192.544799	34.192011	17.031874
1.465814	192.562387	34.195088	17.034900
1.466047	192.579978	34.198167	17.037927
1.466279	192.597572	34.201246	17.040955
1.466512	192.615170	34.204325	17.043983
1.466744	192.632770	34.207405	17.047011
1.466977	192.650373	34.210486	17.050040
1.467209	192.667979	34.213567	17.053070
1.467442	192.685588	34.216649	17.056100
1.467674	192.703200	34.219731	17.059131
1.467907	192.720815	34.222813	17.062162
1.468140	192.738433	34.225896	17.065193
1.468372	192.756054	34.228980	17.068225
1.468605	192.773678	34.232064	17.071258
1.468837	192.791304	34.235149	17.074291
1.469070	192.808934	34.238234	17.077325
1.469302	192.826567	34.241320	17.080359
1.469535	192.844202	34.244406	17.083393
1.469767	192.861841	34.247493	17.086428
1.470000	192.879482	34.250580	17.089464
1.470233	192.897126	34.253668	17.092500
1.470465	192.914774	34.256756	17.095537
1.470698	192.932424	34.259845	17.098574
1.470930	192.950078	34.262934	17.101612
1.471163	192.967735	34.266024	17.104650
1.471395	192.985394	34.269115	17.107689
1.471628	193.003057	34.272206	17.110728
1.471860	193.020723	34.275297	17.113768
1.472093	193.038392	34.278389	17.116808
1.472326	193.056064	34.281482	17.119849
1.472558	193.073739	34.284575	17.122891
1.472791	193.091418	34.287669	17.125933
1.473023	193.109099	34.290763	17.128975
1.473256	193.126783	34.293858	17.132018
1.473488	193.144470	34.296953	17.135061
1.473721	193.162160	34.300049	17.138105
1.473953	193.179854	34.303145	17.141150
1.474186	193.197550	34.306242	17.144195
1.474419	193.215249	34.309340	17.147241
1.474651	193.232951	34.312437	17.150287
1.474884	193.250656	34.315536	17.153333
1.475116	193.268364	34.318635	17.156380
1.475349	193.286075	34.321734	17.159428
1.475581	193.303789	34.324834	17.162476
1.475814	193.321506	34.327935	17.165525
1.476047	193.339226	34.331036	17.168574
1.476279	193.356949	34.334137	17.171624
1.476512	193.374675	34.337239	17.174674
1.476744	193.392403	34.340342	17.177724
1.476977	193.410135	34.343445	17.180775
1.477209	193.427869	34.346548	17.183827
1.477442	193.445606	34.349652	17.186879
1.477674	193.463347	34.352757	17.189932
1.477907	193.481090	34.355862	17.192985
1.478140	193.498836	34.358968	17.196039
1.478372	193.516584	34.362074	17.199093
1.478605	193.534336	34.365180	17.202147
1.478837	193.552090	34.368287	17.205202
1.479070	193.569848	34.371395	17.208258
1.479302	193.587608	34.374503	17.211314
1.479535	193.605371	34.377611	17.214370
1.479767	193.623136	34.380720	17.217427
1.480000	193.640905	34.383830	17.220485
1.480233	193.658676	34.386940	17.223543
1.480465	193.676451	34.390051	17.226602
1.480698	193.694228	34.393162	17.229661
1.480930	193.712009	34.396273	17.232720
1.481163	193.729793	34.399385	17.235780
1.481395	193.747579	34.402498	17.238841
1.481628	193.765369	34.405611	17.241902
1.481860	193.783161	34.408725	17.244964
1.482093	193.800957	34.411839	17.248026
1.482326	193.818755	34.414954	17.251088
1.482558	193.836556	34.418069	17.254152
1.482791	193.854361	34.421185	17.257215
1.483023	193.872168	34.424301	17.260280
1.483256	193.889978	34.427418	17.263344
1.483488	193.907791	34.430535	17.266409
1.483721	193.925608	34.433653	17.269475
1.483953	193.943427	34.436772	17.272541
1.484186	193.961248	34.439890	17.275608
1.484419	193.979073	34.443010	17.278675
1.484651	193.996901	34.446130	17.281743
1.484884	194.014731	34.449250	17.284811
1.485116	194.032565	34.452371	17.287880
1.485349	194.050401	34.455492	17.290949
1.485581	194.068240	34.458614	17.294019
1.485814	194.086082	34.461737	17.297089
1.486047	194.103927	34.464859	17.300159
1.486279	194.121775	34.467983	17.303231
1.486512	194.139625	34.471107	17.306302
1.486744	194.157479	34.474231	17.309374
1.486977	194.175335	34.477356	17.312447
1.487209	194.193194	34.480481	17.315520
1.487442	194.211056	34.483607	17.318594
1.487674	194.228920	34.486733	17.321668
1.487907	194.246787	34.489860	17.324742
1.488140	194.264658	34.492987	17.327817
1.488372	194.282530	34.496115	17.330893
1.488605	194.300406	34.499243	17.333968
1.488837	194.318284	34.502372	17.337045
1.489070	194.336165	34.505501	17.340122
1.489302	194.354049	34.508631	17.343199
1.489535	194.371936	34.511761	17.346277
1.489767	194.389825	34.514892	17.349355
1.490000	194.407717	34.518023	17.352434
1.490233	194.425612	34.521155	17.355513
1.490465	194.443510	34.524287	17.358593
1.490698	194.461410	34.527419	17.361673
1.490930	194.479314	34.530553	17.364754
1.491163	194.497220	34.533686	17.367835
1.491395	194.515130	34.536820	17.370917
1.491628	194.533042	34.539955	17.373999
1.491860	194.550957	34.543090	17.377082
1.492093	194.568876	34.546226	17.380165
1.492326	194.586797	34.549362	17.383249
1.492558	194.604720	34.552499	17.386333
1.492791	194.622647	34.555636	17.389418
1.493023	194.640577	34.558774	17.392503
1.493256	194.658509	34.561912	17.395589
1.493488	194.676444	34.565051	17.398675
1.493721	194.694383	34.568190	17.401762
1.493953	194.712323	34.571330	17.404849
1.494186	194.730267	34.574470	17.407937
1.494419	194.748214	34.577610	17.411025
1.494651	194.766163	34.580752	17.414113
1.494884	194.784115	34.583893	17.417202
1.495116	194.802070	34.587035	17.420292
1.495349	194.820028	34.590178	17.423382
1.495581	194.837988	34.593321	17.426473
1.495814	194.855951	34.596465	17.429564
1.496047	194.873917	34.599609	17.432655
1.496279	194.891886	34.602753	17.435747
1.496512	194.909857	34.605898	17.438839
1.496744	194.927831	34.609044	17.441932
1.496977	194.945808	34.612190	17.445026
1.497209	194.963787	34.615336	17.448119
1.497442	194.981770	34.618483	17.451214
1.497674	194.999754	34.621631	17.454308
1.497907	195.017742	34.624778	17.457404
1.498140	195.035732	34.627927	17.460499
1.498372	195.053725	34.631076	17.463595
1.498605	195.071721	34.634225	17.466692
1.498837	195.089719	34.637374	17.469789
1.499070	195.107720	34.640525	17.472887
1.499302	195.125723	34.643675	17.475984
1.499535	195.143729	34.646826	17.479083
1.499767	195.161738	34.649978	17.482182
1.500000	195.179749	34.653130	17.485281
1.500233	195.197763	34.656282	17.488381
1.500465	195.215780	34.659435	17.491481
1.500698	195.233799	34.662589	17.494582
1.500930	195.251822	34.665743	17.497683
1.501163	195.269847	34.668897	17.500785
1.501395	195.287875	34.672052	17.503887
1.501628	195.305906	34.675208	17.506990
1.501860	195.323940	34.678364	17.510093
1.502093	195.341977	34.681520	17.513197
1.502326	195.360016	34.684677	17.516301
1.502558	195.378058	34.687835	17.519405
1.502791	195.396103	34.690993	17.522510
1.503023	195.414150	34.694151	17.525616
1.503256	195.432200	34.697310	17.528722
1.503488	195.450254	34.700469	17.531829
1.503721	195.468309	34.703629	17.534935
1.503953	195.486368	34.706789	17.538043
1.504186	195.504429	34.709950	17.541151
1.504419	195.522493	34.713111	17.544259
1.504651	195.540559	34.716273	17.547368
1.504884	195.558629	34.719435	17.550477
1.505116	195.576701	34.722598	17.553587
1.505349	195.594775	34.725761	17.556697
1.505581	195.612852	34.728925	17.559808
1.505814	195.630932	34.732089	17.562919
1.506047	195.649015	34.735253	17.566031
1.506279	195.667100	34.738418	17.569143
1.506512	195.685188	34.741583	17.572255
1.506744	195.703278	34.744749	17.575368
1.506977	195.721371	34.747916	17.578482
1.507209	195.739467	34.751083	17.581596
1.507442	195.757565	34.754250	17.584710
1.507674	195.775666	34.757417	17.587825
1.507907	195.793769	34.760586	17.590940
1.508140	195.811875	34.763754	17.594055
1.508372	195.829983	34.766923	17.597171
1.508605	195.848094	34.770093	17.600288
1.508837	195.866208	34.773263	17.603405
1.509070	195.884324	34.776433	17.606522
1.509302	195.902442	34.779604	17.609640
1.509535	195.920563	34.782775	17.612758
1.509767	195.938687	34.785947	17.615877
1.510000	195.956813	34.789119	17.618996
1.510233	195.974942	34.792292	17.622116
1.510465	195.993073	34.795465	17.625236
1.510698	196.011207	34.798638	17.628356
1.510930	196.029344	34.801812	17.631477
1.511163	196.047484	34.804987	17.634598
1.511395	196.065626	34.808162	17.637720
1.511628	196.083771	34.811337	17.640843
1.511860	196.101919	34.814513	17.643965
1.512093	196.120069	34.817690	17.647089
1.512326	196.138222	34.820866	17.650212
1.512558	196.156378	34.824044	17.653337
1.512791	196.174536	34.827222	17.656461
1.513023	196.192697	34.830400	17.659586
1.513256	196.210861	34.833578	17.662712
1.513488	196.229027	34.836758	17.665838
1.513721	196.247196	34.839937	17.668964
1.513953	196.265368	34.843117	17.672091
1.514186	196.283542	34.846298	17.675218
1.514419	196.301718	34.849479	17.678346
1.514651	196.319898	34.852660	17.681474
1.514884	196.338080	34.855842	17.684603
1.515116	196.356264	34.859025	17.687732
1.515349	196.374451	34.862207	17.690862
1.515581	196.392640	34.865391	17.693992
1.515814	196.410832	34.868574	17.697122
1.516047	196.429027	34.871759	17.700253
1.516279	196.447224	34.874943	17.703384
1.516512	196.465424	34.878128	17.706516
1.516744	196.483626	34.881314	17.709648
1.516977	196.501830	34.884499	17.712781
1.517209	196.520037	34.887686	17.715914
1.517442	196.538247	34.890873	17.719047
1.517674	196.556459	34.894060	17.722181
1.517907	196.574673	34.897247	17.725316
1.518140	196.592890	34.900435	17.728450
1.518372	196.611110	34.903624	17.731585
1.518605	196.629331	34.906813	17.734721
1.518837	196.647555	34.910002	17.737857
1.519070	196.665782	34.913192	17.740993
1.519302	196.684011	34.916382	17.744130
1.519535	196.702242	34.919573	17.747267
1.519767	196.720476	34.922764	17.750405
1.520000	196.738712	34.925955	17.753543
1.520233	196.756951	34.929147	17.756681
1.520465	196.775192	34.932339	17.759820
1.520698	196.793436	34.935532	17.762960
1.520930	196.811682	34.938725	17.766100
1.521163	196.829931	34.941919	17.769240
1.521395	196.848183	34.945113	17.772381
1.521628	196.866437	34.948308	17.775522
1.521860	196.884694	34.951503	17.778663
1.522093	196.902953	34.954698	17.781805
1.522326	196.921215	34.957894	17.784948
1.522558	196.939480	34.961090	17.788091
1.522791	196.957747	34.964287	17.791234
1.523023	196.976016	34.967485	17.794378
1.523256	196.994288	34.970682	17.797522
1.523488	197.012563	34.973881	17.800667
1.523721	197.030840	34.977079	17.803812
1.523953	197.049119	34.980278	17.806958
1.524186	197.067401	34.983478	17.810104
1.524419	197.085686	34.986678	17.813250
1.524651	197.103973	34.989878	17.816397
1.524884	197.122262	34.993079	17.819544
1.525116	197.140554	34.996280	17.822692
1.525349	197.158849	34.999481	17.825840
1.525581	197.177145	35.002683	17.828988
1.525814	197.195444	35.005886	17.832137
1.526047	197.213746	35.009089	17.835287
1.526279	197.232050	35.012292	17.838436
1.526512	197.250356	35.015496	17.841586
1.526744	197.268665	35.018700	17.844737
1.526977	197.286976	35.021905	17.847888
1.527209	197.305289	35.025110	17.851039
1.527442	197.323605	35.028315	17.854191
1.527674	197.341923	35.031521	17.857343
1.527907	197.360244	35.034727	17.860496
1.528140	197.378567	35.037934	17.863649
1.528372	197.396892	35.041141	17.866802
1.528605	197.415219	35.044348	17.869956
1.528837	197.433549	35.047556	17.873110
1.529070	197.451881	35.050764	17.876265
1.529302	197.470215	35.053973	17.879420
1.529535	197.488551	35.057182	17.882575
1.529767	197.506890	35.060391	17.885731
1.530000	197.525231	35.063601	17.888887
1.530233	197.543574	35.066811	17.892044
1.530465	197.561920	35.070022	17.895201
1.530698	197.580269	35.073233	17.898358
1.530930	197.598619	35.076445	17.901516
1.531163	197.616973	35.079657	17.904674
1.531395	197.635329	35.082869	17.907833
1.531628	197.653687	35.086082	17.910992
1.531860	197.672048	35.089295	17.914151
1.532093	197.690411	35.092509	17.917311
1.532326	197.708777	35.095723	17.920472
1.532558	197.727145	35.098938	17.923633
1.532791	197.745515	35.102153	17.926794
1.533023	197.763888	35.105368	17.929955
1.533256	197.782263	35.108584	17.933117
1.533488	197.800641	35.111800	17.936280
1.533721	197.819021	35.115017	17.939443
1.533953	197.837403	35.118234	17.942606
1.534186	197.855788	35.121451	17.945770
1.534419	197.874175	35.124669	17.948934
1.534651	197.892565	35.127888	17.952098
1.534884	197.910956	35.131106	17.955263
1.535116	197.929351	35.134325	17.958429
1.535349	197.947747	35.137545	17.961594
1.535581	197.966146	35.140765	17.964760
1.535814	197.984547	35.143985	17.967927
1.536047	198.002950	35.147206	17.971094
1.536279	198.021355	35.150427	17.974261
1.536512	198.039763	35.153649	17.977429
1.536744	198.058173	35.156871	17.980597
1.536977	198.076586	35.160093	17.983765
1.537209	198.095000	35.163316	17.986934
1.537442	198.113417	35.166539	17.990103
1.537674	198.131836	35.169762	17.993273
1.537907	198.150257	35.172986	17.996443
1.538140	198.168680	35.176210	17.999613
1.538372	198.187106	35.179435	18.002784
1.538605	198.205533	35.182660	18.005955
1.538837	198.223963	35.185885	18.009126
1.539070	198.242395	35.189111	18.012298
1.539302	198.260829	35.192337	18.015470
1.539535	198.279265	35.195564	18.018643
1.539767	198.297704	35.198791	18.021816
1.540000	198.316144	35.202018	18.024989
1.540233	198.334587	35.205246	18.028163
1.540465	198.353032	35.208474	18.031337
1.540698	198.371479	35.211702	18.034511
1.540930	198.389929	35.214931	18.037686
1.541163	198.408381	35.218160	18.040861
1.541395	198.426836	35.221390	18.044037
1.541628	198.445293	35.224620	18.047213
1.541860	198.463752	35.227851	18.050390
1.542093	198.482213	35.231082	18.053567
1.542326	198.500677	35.234313	18.056744
1.542558	198.519143	35.237545	18.059922
1.542791	198.537612	35.240777	18.063100
1.543023	198.556082	35.244010	18.066278
1.543256	198.574555	35.247243	18.069457
1.543488	198.593031	35.250476	18.072637
1.543721	198.611508	35.253710	18.075816
1.543953	198.629988	35.256944	18.078996
1.544186	198.648470	35.260178	18.082177
1.544419	198.666954	35.263413	18.085358
1.544651	198.685440	35.266649	18.088539
1.544884	198.703929	35.269884	18.091720
1.545116	198.722419	35.273120	18.094902
1.545349	198.740912	35.276357	18.098085
1.545581	198.759407	35.279594	18.101267
1.545814	198.777904	35.282831	18.104450
1.546047	198.796404	35.286068	18.107634
1.546279	198.814905	35.289306	18.110818
1.546512	198.833409	35.292545	18.114002
1.546744	198.851915	35.295783	18.117186
1.546977	198.870422	35.299022	18.120371
1.547209	198.888932	35.302262	18.123556
1.547442	198.907444	35.305502	18.126742
1.547674	198.925958	35.308742	18.129928
1.547907	198.944474	35.311982	18.133114
1.548140	198.962992	35.315223	18.136301
1.548372	198.981513	35.318464	18.139488
1.548605	199.000035	35.321706	18.142675
1.548837	199.018559	35.324948	18.145863
1.549070	199.037085	35.328190	18.149051
1.549302	199.055613	35.331433	18.152240
1.549535	199.074144	35.334676	18.155428
1.549767	199.092676	35.337919	18.158618
1.550000	199.111210	35.341163	18.161807
1.550233	199.129746	35.344407	18.164997
1.550465	199.148285	35.347652	18.168187
1.550698	199.166826	35.350896	18.171378
1.550930	199.185369	35.354142	18.174569
1.551163	199.203914	35.357387	18.177760
1.551395	199.222461	35.360633	18.180952
1.551628	199.241011	35.363880	18.184144
1.551860	199.259563	35.367126	18.187336
1.552093	199.278117	35.370374	18.190529
1.552326	199.296673	35.373621	18.193722
1.552558	199.315231	35.376869	18.196916
1.552791	199.333792	35.380117	18.200110
1.553023	199.352354	35.383366	18.203304
1.553256	199.370919	35.386615	18.206499
1.553488	199.389486	35.389865	18.209694
1.553721	199.408055	35.393114	18.212889
1.553953	199.426626	35.396365	18.216085
1.554186	199.445199	35.399615	18.219281
1.554419	199.463774	35.402866	18.222478
1.554651	199.482352	35.406117	18.225675
1.554884	199.500931	35.409369	18.228872
1.555116	199.519512	35.412621	18.232070
1.555349	199.538096	35.415873	18.235267
1.555581	199.556681	35.419126	18.238466
1.555814	199.575269	35.422379	18.241664
1.556047	199.593858	35.425632	18.244863
1.556279	199.612450	35.428886	18.248063
1.556512	199.631043	35.432140	18.251262
1.556744	199.649638	35.435395	18.254462
1.556977	199.668236	35.438649	18.257663
1.557209	199.686835	35.441905	18.260863
1.557442	199.705436	35.445160	18.264064
1.557674	199.724039	35.448416	18.267266
1.557907	199.742644	35.451672	18.270467
1.558140	199.761251	35.454928	18.273669
1.558372	199.779860	35.458185	18.276872
1.558605	199.798471	35.461442	18.280074
1.558837	199.817083	35.464700	18.283277
1.559070	199.835698	35.467958	18.286481
1.559302	199.854314	35.471216	18.289684
1.559535	199.872932	35.474474	18.292888
1.559767	199.891552	35.477733	18.296092
1.560000	199.910174	35.480992	18.299297
1.560233	199.928798	35.484251	18.302502
1.560465	199.947424	35.487511	18.305707
1.560698	199.966052	35.490771	18.308913
1.560930	199.984682	35.494032	18.312119
1.561163	200.003314	35.497293	18.315325
1.561395	200.021948	35.500554	18.318532
1.561628	200.040584	35.503816	18.321739
1.561860	200.059223	35.507078	18.324946
1.562093	200.077863	35.510340	18.328154
1.562326	200.096505	35.513603	18.331362
1.562558	200.115150	35.516866	18.334571
1.562791	200.133796	35.520129	18.337780
1.563023	200.152444	35.523393	18.340989
1.563256	200.171095	35.526657	18.344198
1.563488	200.189747	35.529922	18.347408
1.563721	200.208402	35.533186	18.350619
1.563953	200.227058	35.536452	18.353829
1.564186	200.245716	35.539717	18.357040
1.564419	200.264376	35.542983	18.360251
1.564651	200.283038	35.546249	18.363463
1.564884	200.301702	35.549515	18.366675
1.565116	200.320368	35.552782	18.369887
1.565349	200.339036	35.556049	18.373099
1.565581	200.357705	35.559317	18.376312
1.565814	200.376377	35.562585	18.379525
1.566047	200.395050	35.565853	18.382739
1.566279	200.413725	35.569121	18.385953
1.566512	200.432402	35.572390	18.389167
1.566744	200.451081	35.575659	18.392381
1.566977	200.469761	35.578929	18.395596
1.567209	200.488444	35.582198	18.398811
1.567442	200.507128	35.585468	18.402026
1.567674	200.525814	35.588739	18.405242
1.567907	200.544502	35.592009	18.408458
1.568140	200.563191	35.595280	18.411674
1.568372	200.581882	35.598552	18.414891
1.568605	200.600575	35.601823	18.418108
1.568837	200.619270	35.605095	18.421325
1.569070	200.637966	35.608367	18.424542
1.569302	200.656664	35.611640	18.427760
1.569535	200.675364	35.614913	18.430978
1.569767	200.694065	35.618186	18.434196
1.570000	200.712768	35.621459	18.437415
1.570233	200.731473	35.624733	18.440634
1.570465	200.750180	35.628007	18.443853
1.570698	200.768888	35.631281	18.447073
1.570930	200.787599	35.634556	18.450293
1.571163	200.806312	35.637831	18.453513
1.571395	200.825026	35.641106	18.456734
1.571628	200.843743	35.644382	18.459955
1.571860	200.862461	35.647658	18.463176
1.572093	200.881181	35.650934	18.466397
1.572326	200.899903	35.654211	18.469619
1.572558	200.918627	35.657488	18.472842
1.572791	200.937353	35.660765	18.476064
1.573023	200.956081	35.664043	18.479287
1.573256	200.974810	35.667321	18.482510
1.573488	200.993542	35.670599	18.485734
1.573721	201.012275	35.673878	18.488957
1.573953	201.031010	35.677157	18.492182
1.574186	201.049746	35.680436	18.495406
1.574419	201.068485	35.683716	18.498631
1.574651	201.087225	35.686996	18.501856
1.574884	201.105967	35.690276	18.505081
1.575116	201.124711	35.693556	18.508307
1.575349	201.143456	35.696837	18.511533
1.575581	201.162204	35.700118	18.514759
1.575814	201.180952	35.703400	18.517985
1.576047	201.199703	35.706681	18.521212
1.576279	201.218455	35.709963	18.524439
1.576512	201.237209	35.713246	18.527667
1.576744	201.255965	35.716528	18.530894
1.576977	201.274722	35.719811	18.534122
1.577209	201.293481	35.723094	18.537351
1.577442	201.312241	35.726378	18.540579
1.577674	201.331003	35.729662	18.543808
1.577907	201.349767	35.732946	18.547037
1.578140	201.368532	35.736230	18.550266
1.578372	201.387299	35.739514	18.553496
1.578605	201.406067	35.742799	18.556726
1.578837	201.424837	35.746084	18.559956
1.579070	201.443609	35.749370	18.563187
1.579302	201.462382	35.752655	18.566417
1.579535	201.481156	35.755941	18.569648
1.579767	201.499932	35.759228	18.572880
1.580000	201.518710	35.762514	18.576111
1.580233	201.537489	35.765801	18.579343
1.580465	201.556269	35.769088	18.582575
1.580698	201.575051	35.772375	18.585807
1.580930	201.593834	35.775662	18.589040
1.581163	201.612619	35.778950	18.592273
1.581395	201.631405	35.782238	18.595506
1.581628	201.650193	35.785526	18.598740
1.581860	201.668982	35.788815	18.601974
1.582093	201.687773	35.792104	18.605208
1.582326	201.706565	35.795393	18.608443
1.582558	201.725359	35.798682	18.611677
1.582791	201.744154	35.801972	18.614913
1.583023	201.762951	35.805262	18.618148
1.583256	201.781750	35.808552	18.621384
1.583488	201.800550	35.811842	18.624620
1.583721	201.819352	35.815133	18.627856
1.583953	201.838156	35.818424	18.631092
1.584186	201.856961	35.821715	18.634329
1.584419	201.875768	35.825007	18.637566
1.584651	201.894577	35.828299	18.640804
1.584884	201.913388	35.831591	18.644041
1.585116	201.932200	35.834884	18.647279
1.585349	201.951014	35.838177	18.650517
1.585581	201.969831	35.841470	18.653756
1.585814	201.988648	35.844764	18.656995
1.586047	202.007468	35.848058	18.660234
1.586279	202.026290	35.851352	18.663473
1.586512	202.045113	35.854646	18.666712
1.586744	202.063939	35.857941	18.669952
1.586977	202.082766	35.861237	18.673192
1.587209	202.101595	35.864532	18.676433
1.587442	202.120426	35.867828	18.679673
1.587674	202.139260	35.871124	18.682914
1.587907	202.158095	35.874421	18.686155
1.588140	202.176932	35.877718	18.689396
1.588372	202.195772	35.881015	18.692638
1.588605	202.214613	35.884313	18.695879
1.588837	202.233456	35.887611	18.699121
1.589070	202.252302	35.890909	18.702364
1.589302	202.271150	35.894208	18.705606
1.589535	202.290000	35.897507	18.708849
1.589767	202.308852	35.900807	18.712092
1.590000	202.327706	35.904107	18.715335
1.590233	202.346562	35.907407	18.718578
1.590465	202.365420	35.910708	18.721822
1.590698	202.384279	35.914009	18.725066
1.590930	202.403141	35.917310	18.728310
1.591163	202.422004	35.920611	18.731555
1.591395	202.440868	35.923913	18.734800
1.591628	202.459735	35.927215	18.738045
1.591860	202.478603	35.930518	18.741290
1.592093	202.497473	35.933820	18.744536
1.592326	202.516345	35.937123	18.747782
1.592558	202.535218	35.940427	18.751028
1.592791	202.554094	35.943731	18.754274
1.593023	202.572971	35.947035	18.757521
1.593256	202.591850	35.950339	18.760768
1.593488	202.610732	35.953644	18.764015
1.593721	202.629615	35.956949	18.767263
1.593953	202.648500	35.960254	18.770511
1.594186	202.667387	35.963560	18.773759
1.594419	202.686276	35.966866	18.777007
1.594651	202.705168	35.970172	18.780255
1.594884	202.724061	35.973479	18.783504
1.595116	202.742956	35.976786	18.786753
1.595349	202.761854	35.980094	18.790002
1.595581	202.780753	35.983402	18.793252
1.595814	202.799655	35.986710	18.796501
1.596047	202.818559	35.990019	18.799751
1.596279	202.837465	35.993328	18.803001
1.596512	202.856373	35.996637	18.806252
1.596744	202.875284	35.999947	18.809502
1.596977	202.894196	36.003257	18.812753
1.597209	202.913111	36.006568	18.816004
1.597442	202.932029	36.009879	18.819256
1.597674	202.950948	36.013190	18.822507
1.597907	202.969870	36.016502	18.825759
1.598140	202.988794	36.019815	18.829011
1.598372	203.007721	36.023127	18.832263
1.598605	203.026650	36.026440	18.835515
1.598837	203.045582	36.029754	18.838768
1.599070	203.064516	36.033068	18.842021
1.599302	203.083452	36.036382	18.845274
1.599535	203.102391	36.039697	18.848527
1.599767	203.121332	36.043012	18.851780
1.600000	203.140276	36.046328	18.855034
1.600233	203.159223	36.049644	18.858288
1.600465	203.178173	36.052961	18.861542
1.600698	203.197126	36.056278	18.864796
1.600930	203.216083	36.059596	18.868051
1.601163	203.235042	36.062915	18.871306
1.601395	203.254005	36.066234	18.874561
1.601628	203.272970	36.069553	18.877816
1.601860	203.291938	36.072873	18.881072
1.602093	203.310909	36.076194	18.884328
1.602326	203.329883	36.079514	18.887584
1.602558	203.348859	36.082836	18.890840
1.602791	203.367838	36.086158	18.894097
1.603023	203.386819	36.089480	18.897353
1.603256	203.405802	36.092802	18.900610
1.603488	203.424788	36.096126	18.903868
1.603721	203.443776	36.099449	18.907125
1.603953	203.462766	36.102773	18.910383
1.604186	203.481758	36.106097	18.913641
1.604419	203.500753	36.109421	18.916899
1.604651	203.519749	36.112746	18.920157
1.604884	203.538746	36.116071	18.923416
1.605116	203.557746	36.119397	18.926674
1.605349	203.576747	36.122723	18.929933
1.605581	203.595750	36.126049	18.933193
1.605814	203.614754	36.129375	18.936452
1.606047	203.633760	36.132701	18.939712
1.606279	203.652767	36.136028	18.942971
1.606512	203.671775	36.139355	18.946231
1.606744	203.690785	36.142683	18.949492
1.606977	203.709795	36.146010	18.952752
1.607209	203.728807	36.149338	18.956013
1.607442	203.747819	36.152665	18.959273
1.607674	203.766833	36.155993	18.962534
1.607907	203.785847	36.159321	18.965796
1.608140	203.804862	36.162649	18.969057
1.608372	203.823878	36.165978	18.972318
1.608605	203.842894	36.169306	18.975580
1.608837	203.861910	36.172635	18.978842
1.609070	203.880927	36.175963	18.982104
1.609302	203.899945	36.179292	18.985366
1.609535	203.918962	36.182621	18.988629
1.609767	203.937980	36.185949	18.991891
1.610000	203.956998	36.189278	18.995154
1.610233	203.976017	36.192607	18.998417
1.610465	203.995036	36.195936	19.001680
1.610698	204.014058	36.199265	19.004943
1.610930	204.033080	36.202595	19.008207
1.611163	204.052104	36.205925	19.011471
1.611395	204.071129	36.209255	19.014735
1.611628	204.090155	36.212585	19.017999
1.611860	204.109182	36.215915	19.021264
1.612093	204.128211	36.219246	19.024528
1.612326	204.147241	36.222577	19.027793
1.612558	204.166272	36.225908	19.031058
1.612791	204.185304	36.229239	19.034324
1.613023	204.204338	36.232571	19.037589
1.613256	204.223372	36.235902	19.040855
1.613488	204.242408	36.239234	19.044121
1.613721	204.261445	36.242566	19.047387
1.613953	204.280483	36.245899	19.050653
1.614186	204.299522	36.249231	19.053920
1.614419	204.318562	36.252564	19.057186
1.614651	204.337604	36.255897	19.060453
1.614884	204.356646	36.259230	19.063720
1.615116	204.375689	36.262563	19.066987
1.615349	204.394734	36.265897	19.070255
1.615581	204.413779	36.269230	19.073522
1.615814	204.432825	36.272564	19.076790
1.616047	204.451873	36.275898	19.080058
1.616279	204.470921	36.279232	19.083326
1.616512	204.489971	36.282566	19.086594
1.616744	204.509021	36.285901	19.089863
1.616977	204.528072	36.289236	19.093131
1.617209	204.547124	36.292570	19.096400
1.617442	204.566177	36.295905	19.099669
1.617674	204.585231	36.299240	19.102938
1.617907	204.604286	36.302576	19.106207
1.618140	204.623342	36.305911	19.109477
1.618372	204.642399	36.309247	19.112746
1.618605	204.661456	36.312583	19.116016
1.618837	204.680514	36.315918	19.119286
1.619070	204.699574	36.319254	19.122556
1.619302	204.718633	36.322591	19.125826
1.619535	204.737694	36.325927	19.129096
1.619767	204.756756	36.329263	19.132366
1.620000	204.775818	36.332600	19.135637
1.620233	204.794881	36.335937	19.138908
1.620465	204.813946	36.339274	19.142179
1.620698	204.833011	36.342611	19.145450
1.620930	204.852078	36.345948	19.148721
1.621163	204.871145	36.349286	19.151992
1.621395	204.890214	36.352623	19.155264
1.621628	204.909284	36.355961	19.158536
1.621860	204.928355	36.359299	19.161808
1.622093	204.947427	36.362638	19.165080
1.622326	204.966500	36.365976	19.168352
1.622558	204.985574	36.369315	19.171625
1.622791	205.004648	36.372654	19.174898
1.623023	205.023724	36.375993	19.178170
1.623256	205.042801	36.379332	19.181443
1.623488	205.061879	36.382671	19.184717
1.623721	205.080958	36.386011	19.187990
1.623953	205.100037	36.389350	19.191264
1.624186	205.119118	36.392690	19.194537
1.624419	205.138200	36.396030	19.197811
1.624651	205.157282	36.399370	19.201085
1.624884	205.176365	36.402710	19.204359
1.625116	205.195449	36.406051	19.207633
1.625349	205.214534	36.409392	19.210908
1.625581	205.233620	36.412732	19.214182
1.625814	205.252707	36.416073	19.217457
1.626047	205.271794	36.419414	19.220732
1.626279	205.290882	36.422755	19.224007
1.626512	205.309971	36.426097	19.227282
1.626744	205.329061	36.429438	19.230558
1.626977	205.348151	36.432780	19.233833
1.627209	205.367243	36.436121	19.237108
1.627442	205.386334	36.439463	19.240384
1.627674	205.405427	36.442805	19.243660
1.627907	205.424520	36.446147	19.246936
1.628140	205.443614	36.449489	19.250212
1.628372	205.462709	36.452832	19.253488
1.628605	205.481804	36.456174	19.256764
1.628837	205.500900	36.459517	19.260041
1.629070	205.519997	36.462859	19.263317
1.629302	205.539094	36.466202	19.266594
1.629535	205.558192	36.469545	19.269870
1.629767	205.577290	36.472888	19.273147
1.630000	205.596389	36.476231	19.276424
1.630233	205.615489	36.479574	19.279701
1.630465	205.634589	36.482918	19.282978
1.630698	205.653691	36.486261	19.286256
1.630930	205.672793	36.489605	19.289533
1.631163	205.691897	36.492949	19.292811
1.631395	205.711001	36.496293	19.296089
1.631628	205.730106	36.499637	19.299367
1.631860	205.749212	36.502981	19.302645
1.632093	205.768319	36.506326	19.305923
1.632326	205.787426	36.509670	19.309201
1.632558	205.806535	36.513015	19.312480
1.632791	205.825644	36.516360	19.315759
1.633023	205.844754	36.519705	19.319037
1.633256	205.863865	36.523050	19.322316
1.633488	205.882976	36.526396	19.325595
1.633721	205.902089	36.529741	19.328875
1.633953	205.921202	36.533087	19.332154
1.634186	205.940315	36.536433	19.335434
1.634419	205.959430	36.539778	19.338713
1.634651	205.978545	36.543124	19.341993
1.634884	205.997661	36.546470	19.345273
1.635116	206.016777	36.549817	19.348553
1.635349	206.035894	36.553163	19.351833
1.635581	206.055012	36.556509	19.355113
1.635814	206.074130	36.559856	19.358393
1.636047	206.093249	36.563203	19.361674
1.636279	206.112369	36.566549	19.364954
1.636512	206.131489	36.569896	19.368235
1.636744	206.150610	36.573243	19.371515
1.636977	206.169731	36.576590	19.374796
1.637209	206.188853	36.579937	19.378077
1.637442	206.207975	36.583285	19.381358
1.637674	206.227098	36.586632	19.384639
1.637907	206.246221	36.589980	19.387920
1.638140	206.265345	36.593327	19.391201
1.638372	206.284469	36.596675	19.394483
1.638605	206.303593	36.600022	19.397764
1.638837	206.322719	36.603370	19.401046
1.639070	206.341844	36.606718	19.404327
1.639302	206.360970	36.610066	19.407609
1.639535	206.380096	36.613414	19.410890
1.639767	206.399223	36.616762	19.414172
1.640000	206.418350	36.620110	19.417454
1.640233	206.437478	36.623458	19.420736
1.640465	206.456606	36.626807	19.424018
1.640698	206.475735	36.630155	19.427300
1.640930	206.494865	36.633504	19.430582
1.641163	206.513995	36.636852	19.433865
1.641395	206.533127	36.640201	19.437147
1.641628	206.552258	36.643550	19.440430
1.641860	206.571391	36.646899	19.443713
1.642093	206.590524	36.650249	19.446996
1.642326	206.609658	36.653598	19.450279
1.642558	206.628792	36.656947	19.453562
1.642791	206.647927	36.660297	19.456845
1.643023	206.667063	36.663646	19.460128
1.643256	206.686199	36.666996	19.463411
1.643488	206.705336	36.670346	19.466695
1.643721	206.724473	36.673696	19.469978
1.643953	206.743611	36.677046	19.473262
1.644186	206.762749	36.680396	19.476546
1.644419	206.781888	36.683746	19.479830
1.644651	206.801027	36.687097	19.483114
1.644884	206.820167	36.690447	19.486398
1.645116	206.839307	36.693798	19.489682
1.645349	206.858448	36.697148	19.492966
1.645581	206.877589	36.700499	19.496250
1.645814	206.896730	36.703850	19.499535
1.646047	206.915872	36.707200	19.502819
1.646279	206.935015	36.710551	19.506103
1.646512	206.954157	36.713902	19.509388
1.646744	206.973300	36.717253	19.512672
1.646977	206.992443	36.720604	19.515957
1.647209	207.011587	36.723955	19.519242
1.647442	207.030731	36.727306	19.522527
1.647674	207.049875	36.730658	19.525811
1.647907	207.069020	36.734009	19.529096
1.648140	207.088165	36.737360	19.532381
1.648372	207.107310	36.740711	19.535666
1.648605	207.126455	36.744063	19.538951
1.648837	207.145601	36.747414	19.542236
1.649070	207.164746	36.750766	19.545521
1.649302	207.183892	36.754117	19.548806
1.649535	207.203038	36.757469	19.552092
1.649767	207.222185	36.760820	19.555377
1.650000	207.241331	36.764172	19.558662
1.650233	207.260478	36.767524	19.561947
1.650465	207.279625	36.770875	19.565233
1.650698	207.298773	36.774227	19.568518
1.650930	207.317921	36.777579	19.571804
1.651163	207.337070	36.780931	19.575089
1.651395	207.356219	36.784283	19.578375
1.651628	207.375369	36.787636	19.581661
1.651860	207.394519	36.790988	19.584947
1.652093	207.413670	36.794340	19.588233
1.652326	207.432821	36.797693	19.591519
1.652558	207.451973	36.801045	19.594805
1.652791	207.471125	36.804398	19.598091
1.653023	207.490277	36.807750	19.601377
1.653256	207.509430	36.811103	19.604664
1.653488	207.528583	36.814456	19.607950
1.653721	207.547736	36.817809	19.611237
1.653953	207.566890	36.821162	19.614523
1.654186	207.586044	36.824515	19.617810
1.654419	207.605198	36.827868	19.621096
1.654651	207.624352	36.831221	19.624383
1.654884	207.643507	36.834574	19.627670
1.655116	207.662662	36.837927	19.630956
1.655349	207.681817	36.841280	19.634243
1.655581	207.700973	36.844633	19.637530
1.655814	207.720129	36.847987	19.640817
1.656047	207.739284	36.851340	19.644104
1.656279	207.758441	36.854693	19.647391
1.656512	207.777597	36.858047	19.650678
1.656744	207.796753	36.861400	19.653965
1.656977	207.815909	36.864753	19.657252
1.657209	207.835066	36.868107	19.660539
1.657442	207.854223	36.871460	19.663826
1.657674	207.873379	36.874814	19.667113
1.657907	207.892536	36.878167	19.670400
1.658140	207.911693	36.881521	19.673687
1.658372	207.930850	36.884874	19.676974
1.658605	207.950007	36.888228	19.680261
1.658837	207.969164	36.891581	19.683548
1.659070	207.988321	36.894935	19.686836
1.659302	208.007478	36.898288	19.690123
1.659535	208.026634	36.901642	19.693410
1.659767	208.045791	36.904995	19.696697
1.660000	208.064948	36.908349	19.699984
1.660233	208.084105	36.911703	19.703271
1.660465	208.103262	36.915056	19.706558
1.660698	208.122420	36.918410	19.709846
1.660930	208.141577	36.921763	19.713133
1.661163	208.160735	36.925117	19.716420
1.661395	208.179894	36.928471	19.719708
1.661628	208.199052	36.931825	19.722995
1.661860	208.218211	36.935179	19.726283
1.662093	208.237370	36.938533	19.729570
1.662326	208.256530	36.941887	19.732858
1.662558	208.275689	36.945241	19.736145
1.662791	208.294849	36.948595	19.739433
1.663023	208.314009	36.951949	19.742721
1.663256	208.333169	36.955303	19.746008
1.663488	208.352329	36.958657	19.749296
1.663721	208.371489	36.962011	19.752584
1.663953	208.390650	36.965366	19.755871
1.664186	208.409810	36.968720	19.759159
1.664419	208.428971	36.972074	19.762447
1.664651	208.448131	36.975428	19.765735
1.664884	208.467292	36.978782	19.769023
1.665116	208.486453	36.982137	19.772311
1.665349	208.505613	36.985491	19.775598
1.665581	208.524774	36.988845	19.778886
1.665814	208.543935	36.992199	19.782174
1.666047	208.563095	36.995554	19.785462
1.666279	208.582256	36.998908	19.788750
1.666512	208.601416	37.002262	19.792038
1.666744	208.620577	37.005616	19.795325
1.666977	208.639737	37.008971	19.798613
1.667209	208.658897	37.012325	19.801901
1.667442	208.678057	37.015679	19.805189
1.667674	208.697217	37.019033	19.808476
1.667907	208.716377	37.022387	19.811764
1.668140	208.735537	37.025741	19.815052
1.668372	208.754696	37.029096	19.818339
1.668605	208.773856	37.032450	19.821627
1.668837	208.793015	37.035804	19.824915
1.669070	208.812173	37.039158	19.828202
1.669302	208.831332	37.042511	19.831490
1.669535	208.850490	37.045865	19.834777
1.669767	208.869648	37.049219	19.838065
1.670000	208.888806	37.052573	19.841352
1.670233	208.907964	37.055927	19.844639
1.670465	208.927121	37.059281	19.847927
1.670698	208.946279	37.062634	19.851214
1.670930	208.965437	37.065988	19.854502
1.671163	208.984595	37.069342	19.857789
1.671395	209.003753	37.072696	19.861076
1.671628	209.022912	37.076050	19.864364
1.671860	209.042070	37.079404	19.867651
1.672093	209.061228	37.082758	19.870939
1.672326	209.080386	37.086112	19.874226
1.672558	209.099544	37.089465	19.877514
1.672791	209.118702	37.092819	19.880801
1.673023	209.137860	37.096173	19.884089
1.673256	209.157018	37.099527	19.887376
1.673488	209.176176	37.102881	19.890664
1.673721	209.195334	37.106235	19.893951
1.673953	209.214492	37.109589	19.897238
1.674186	209.233649	37.112942	19.900526
1.674419	209.252807	37.116296	19.903813
1.674651	209.271964	37.119650	19.907100
1.674884	209.291121	37.123004	19.910388
1.675116	209.310278	37.126357	19.913675
1.675349	209.329435	37.129711	19.916962
1.675581	209.348591	37.133065	19.920249
1.675814	209.367747	37.136418	19.923537
1.676047	209.386903	37.139772	19.926824
1.676279	209.406059	37.143125	19.930111
1.676512	209.425214	37.146479	19.933398
1.676744	209.444370	37.149832	19.936685
1.676977	209.463524	37.153186	19.939972
1.677209	209.482679	37.156539	19.943259
1.677442	209.501833	37.159892	19.946545
1.677674	209.520987	37.163245	19.949832
1.677907	209.540140	37.166598	19.953119
1.678140	209.559293	37.169951	19.956406
1.678372	209.578445	37.173304	19.959692
1.678605	209.597597	37.176657	19.962979
1.678837	209.616749	37.180010	19.966265
1.679070	209.635900	37.183363	19.969551
1.679302	209.655051	37.186716	19.972838
1.679535	209.674201	37.190068	19.976124
1.679767	209.693351	37.193421	19.979410
1.680000	209.712500	37.196773	19.982696
1.680233	209.731649	37.200125	19.985982
1.680465	209.750798	37.203478	19.989268
1.680698	209.769946	37.206830	19.992554
1.680930	209.789095	37.210182	19.995840
1.681163	209.808243	37.213535	19.999126
1.681395	209.827391	37.216887	20.002412
1.681628	209.846539	37.220239	20.005697
1.681860	209.865687	37.223591	20.008983
1.682093	209.884835	37.226943	20.012269
1.682326	209.903982	37.230296	20.015555
1.682558	209.923129	37.233648	20.018840
1.682791	209.942276	37.237000	20.022126
1.683023	209.961423	37.240352	20.025412
1.683256	209.980569	37.243704	20.028697
1.683488	209.999715	37.247055	20.031983
1.683721	210.018861	37.250407	20.035268
1.683953	210.038006	37.253759	20.038554
1.684186	210.057151	37.257111	20.041839
1.684419	210.076296	37.260462	20.045124
1.684651	210.095440	37.263814	20.048410
1.684884	210.114584	37.267166	20.051695
1.685116	210.133727	37.270517	20.054980
1.685349	210.152870	37.273868	20.058265
1.685581	210.172013	37.277220	20.061550
1.685814	210.191155	37.280571	20.064835
1.686047	210.210296	37.283922	20.068120
1.686279	210.229437	37.287273	20.071404
1.686512	210.248578	37.290624	20.074689
1.686744	210.267718	37.293975	20.077974
1.686977	210.286857	37.297326	20.081258
1.687209	210.305996	37.300676	20.084542
1.687442	210.325134	37.304027	20.087827
1.687674	210.344272	37.307377	20.091111
1.687907	210.363409	37.310728	20.094395
1.688140	210.382545	37.314078	20.097679
1.688372	210.401681	37.317428	20.100963
1.688605	210.420816	37.320778	20.104246
1.688837	210.439951	37.324128	20.107530
1.689070	210.459084	37.327478	20.110813
1.689302	210.478217	37.330828	20.114097
1.689535	210.497350	37.334177	20.117380
1.689767	210.516481	37.337527	20.120663
1.690000	210.535612	37.340876	20.123946
1.690233	210.554742	37.344225	20.127229
1.690465	210.573872	37.347574	20.130512
1.690698	210.593002	37.350923	20.133795
1.690930	210.612131	37.354273	20.137077
1.691163	210.631260	37.357622	20.140360
1.691395	210.650388	37.360970	20.143642
1.691628	210.669516	37.364319	20.146925
1.691860	210.688644	37.367668	20.150207
1.692093	210.707771	37.371017	20.153490
1.692326	210.726898	37.374365	20.156772
1.692558	210.746024	37.377714	20.160054
1.692791	210.765150	37.381062	20.163336
1.693023	210.784275	37.384411	20.166619
1.693256	210.803400	37.387759	20.169901
1.693488	210.822524	37.391107	20.173182
1.693721	210.841648	37.394455	20.176464
1.693953	210.860771	37.397803	20.179746
1.694186	210.879893	37.401151	20.183027
1.694419	210.899015	37.404499	20.186309
1.694651	210.918136	37.407847	20.189590
1.694884	210.937257	37.411194	20.192872
1.695116	210.956377	37.414542	20.196153
1.695349	210.975496	37.417889	20.199434
1.695581	210.994615	37.421237	20.202715
1.695814	211.013733	37.424584	20.205996
1.696047	211.032850	37.427931	20.209276
1.696279	211.051966	37.431278	20.212557
1.696512	211.071082	37.434624	20.215837
1.696744	211.090197	37.437971	20.219118
1.696977	211.109311	37.441317	20.222398
1.697209	211.128424	37.444664	20.225678
1.697442	211.147537	37.448010	20.228958
1.697674	211.166648	37.451356	20.232238
1.697907	211.185759	37.454702	20.235517
1.698140	211.204869	37.458048	20.238797
1.698372	211.223978	37.461393	20.242076
1.698605	211.243086	37.464739	20.245355
1.698837	211.262193	37.468084	20.248634
1.699070	211.281300	37.471429	20.251913
1.699302	211.300405	37.474774	20.255192
1.699535	211.319509	37.478119	20.258470
1.699767	211.338613	37.481464	20.261749
1.700000	211.357715	37.484808	20.265027
1.700233	211.376817	37.488152	20.268305
1.700465	211.395918	37.491497	20.271583
1.700698	211.415018	37.494841	20.274861
1.700930	211.434118	37.498185	20.278139
1.701163	211.453217	37.501529	20.281417
1.701395	211.472316	37.504872	20.284694
1.701628	211.491414	37.508216	20.287972
1.701860	211.510511	37.511560	20.291249
1.702093	211.529608	37.514903	20.294526
1.702326	211.548704	37.518247	20.297803
1.702558	211.567799	37.521590	20.301081
1.702791	211.586893	37.524933	20.304357
1.703023	211.605987	37.528276	20.307634
1.703256	211.625080	37.531619	20.310911
1.703488	211.644172	37.534962	20.314187
1.703721	211.663264	37.538304	20.317464
1.703953	211.682354	37.541647	20.320740
1.704186	211.701444	37.544989	20.324016
1.704419	211.720533	37.548331	20.327292
1.704651	211.739621	37.551673	20.330568
1.704884	211.758709	37.555015	20.333844
1.705116	211.777795	37.558357	20.337119
1.705349	211.796880	37.561698	20.340395
1.705581	211.815965	37.565040	20.343670
1.705814	211.835048	37.568381	20.346945
1.706047	211.854131	37.571722	20.350220
1.706279	211.873213	37.575063	20.353495
1.706512	211.892293	37.578404	20.356769
1.706744	211.911373	37.581744	20.360044
1.706977	211.930451	37.585085	20.363318
1.707209	211.949529	37.588425	20.366592
1.707442	211.968605	37.591765	20.369866
1.707674	211.987681	37.595105	20.373140
1.707907	212.006755	37.598444	20.376413
1.708140	212.025828	37.601784	20.379687
1.708372	212.044900	37.605123	20.382960
1.708605	212.063971	37.608462	20.386233
1.708837	212.083041	37.611801	20.389505
1.709070	212.102109	37.615140	20.392778
1.709302	212.121176	37.618478	20.396050
1.709535	212.140243	37.621816	20.399322
1.709767	212.159307	37.625154	20.402594
1.710000	212.178371	37.628492	20.405866
1.710233	212.197434	37.631830	20.409138
1.710465	212.216495	37.635167	20.412409
1.710698	212.235556	37.638504	20.415680
1.710930	212.254617	37.641842	20.418951
1.711163	212.273676	37.645179	20.422222
1.711395	212.292734	37.648516	20.425493
1.711628	212.311792	37.651852	20.428764
1.711860	212.330849	37.655189	20.432034
1.712093	212.349904	37.658526	20.435305
1.712326	212.368959	37.661862	20.438575
1.712558	212.388013	37.665198	20.441845
1.712791	212.407066	37.668534	20.445115
1.713023	212.426118	37.671870	20.448385
1.713256	212.445169	37.675205	20.451654
1.713488	212.464219	37.678541	20.454924
1.713721	212.483268	37.681876	20.458193
1.713953	212.502316	37.685211	20.461462
1.714186	212.521362	37.688546	20.464731
1.714419	212.540408	37.691881	20.468000
1.714651	212.559453	37.695215	20.471268
1.714884	212.578496	37.698550	20.474536
1.715116	212.597538	37.701884	20.477804
1.715349	212.616580	37.705218	20.481072
1.715581	212.635620	37.708551	20.484340
1.715814	212.654658	37.711885	20.487608
1.716047	212.673696	37.715218	20.490875
1.716279	212.692732	37.718551	20.494142
1.716512	212.711767	37.721884	20.497409
1.716744	212.730801	37.725217	20.500676
1.716977	212.749834	37.728550	20.503942
1.717209	212.768865	37.731882	20.507208
1.717442	212.787895	37.735214	20.510474
1.717674	212.806924	37.738546	20.513740
1.717907	212.825951	37.741877	20.517006
1.718140	212.844977	37.745208	20.520271
1.718372	212.864002	37.748539	20.523536
1.718605	212.883025	37.751870	20.526801
1.718837	212.902046	37.755201	20.530066
1.719070	212.921067	37.758531	20.533330
1.719302	212.940085	37.761861	20.536594
1.719535	212.959103	37.765191	20.539858
1.719767	212.978119	37.768521	20.543122
1.720000	212.997133	37.771850	20.546385
1.720233	213.016146	37.775179	20.549648
1.720465	213.035158	37.778508	20.552911
1.720698	213.054169	37.781837	20.556174
1.720930	213.073179	37.785165	20.559437
1.721163	213.092188	37.788494	20.562699
1.721395	213.111196	37.791822	20.565961
1.721628	213.130202	37.795150	20.569223
1.721860	213.149208	37.798478	20.572485
1.722093	213.168212	37.801805	20.575747
1.722326	213.187215	37.805133	20.579008
1.722558	213.206217	37.808460	20.582270
1.722791	213.225218	37.811787	20.585531
1.723023	213.244217	37.815113	20.588792
1.723256	213.263216	37.818440	20.592052
1.723488	213.282213	37.821766	20.595313
1.723721	213.301208	37.825092	20.598573
1.723953	213.320203	37.828418	20.601833
1.724186	213.339196	37.831744	20.605093
1.724419	213.358188	37.835069	20.608352
1.724651	213.377178	37.838395	20.611612
1.724884	213.396167	37.841719	20.614871
1.725116	213.415155	37.845044	20.618130
1.725349	213.434141	37.848369	20.621388
1.725581	213.453126	37.851693	20.624647
1.725814	213.472109	37.855017	20.627905
1.726047	213.491091	37.858341	20.631163
1.726279	213.510072	37.861664	20.634420
1.726512	213.529051	37.864987	20.637678
1.726744	213.548028	37.868310	20.640935
1.726977	213.567004	37.871633	20.644192
1.727209	213.585978	37.874955	20.647448
1.727442	213.604951	37.878277	20.650705
1.727674	213.623922	37.881599	20.653961
1.727907	213.642892	37.884921	20.657216
1.728140	213.661860	37.888242	20.660472
1.728372	213.680826	37.891563	20.663727
1.728605	213.699791	37.894884	20.666982
1.728837	213.718754	37.898204	20.670237
1.729070	213.737715	37.901524	20.673491
1.729302	213.756675	37.904844	20.676745
1.729535	213.775633	37.908164	20.679999
1.729767	213.794589	37.911483	20.683253
1.730000	213.813543	37.914802	20.686506
1.730233	213.832496	37.918121	20.689759
1.730465	213.851447	37.921439	20.693012
1.730698	213.870398	37.924757	20.696264
1.730930	213.889347	37.928075	20.699517
1.731163	213.908294	37.931393	20.702769
1.731395	213.927240	37.934711	20.706021
1.731628	213.946185	37.938028	20.709272
1.731860	213.965129	37.941345	20.712524
1.732093	213.984071	37.944662	20.715775
1.732326	214.003012	37.947979	20.719026
1.732558	214.021951	37.951295	20.722276
1.732791	214.040889	37.954611	20.725527
1.733023	214.059825	37.957927	20.728777
1.733256	214.078760	37.961242	20.732027
1.733488	214.097693	37.964558	20.735276
1.733721	214.116625	37.967873	20.738526
1.733953	214.135555	37.971188	20.741775
1.734186	214.154483	37.974502	20.745024
1.734419	214.173410	37.977816	20.748273
1.734651	214.192336	37.981130	20.751521
1.734884	214.211260	37.984444	20.754769
1.735116	214.230182	37.987757	20.758017
1.735349	214.249102	37.991070	20.761264
1.735581	214.268021	37.994383	20.764511
1.735814	214.286938	37.997696	20.767758
1.736047	214.305854	38.001008	20.771005
1.736279	214.324767	38.004320	20.774251
1.736512	214.343679	38.007631	20.777497
1.736744	214.362589	38.010943	20.780743
1.736977	214.381498	38.014254	20.783989
1.737209	214.400404	38.017564	20.787234
1.737442	214.419309	38.020875	20.790478
1.737674	214.438212	38.024185	20.793723
1.737907	214.457113	38.027495	20.796967
1.738140	214.476012	38.030804	20.800211
1.738372	214.494909	38.034113	20.803455
1.738605	214.513804	38.037422	20.806698
1.738837	214.532698	38.040730	20.809941
1.739070	214.551589	38.044038	20.813183
1.739302	214.570479	38.047346	20.816425
1.739535	214.589366	38.050653	20.819667
1.739767	214.608252	38.053960	20.822909
1.740000	214.627135	38.057267	20.826150
1.740233	214.646017	38.060573	20.829391
1.740465	214.664897	38.063879	20.832632
1.740698	214.683775	38.067185	20.835872
1.740930	214.702652	38.070491	20.839112
1.741163	214.721528	38.073796	20.842352
1.741395	214.740402	38.077101	20.845591
1.741628	214.759274	38.080406	20.848831
1.741860	214.778144	38.083710	20.852070
1.742093	214.797013	38.087014	20.855308
1.742326	214.815880	38.090318	20.858547
1.742558	214.834746	38.093622	20.861785
1.742791	214.853610	38.096925	20.865023
1.743023	214.872472	38.100228	20.868260
1.743256	214.891332	38.103531	20.871498
1.743488	214.910191	38.106833	20.874734
1.743721	214.929048	38.110135	20.877971
1.743953	214.947903	38.113437	20.881207
1.744186	214.966756	38.116738	20.884443
1.744419	214.985607	38.120039	20.887679
1.744651	215.004456	38.123340	20.890915
1.744884	215.023304	38.126640	20.894150
1.745116	215.042150	38.129941	20.897384
1.745349	215.060993	38.133240	20.900619
1.745581	215.079835	38.136540	20.903853
1.745814	215.098675	38.139839	20.907087
1.746047	215.117513	38.143138	20.910320
1.746279	215.136349	38.146436	20.913553
1.746512	215.155182	38.149734	20.916786
1.746744	215.174014	38.153032	20.920018
1.746977	215.192844	38.156329	20.923250
1.747209	215.211672	38.159626	20.926482
1.747442	215.230497	38.162923	20.929713
1.747674	215.249321	38.166219	20.932944
1.747907	215.268142	38.169515	20.936175
1.748140	215.286961	38.172811	20.939405
1.748372	215.305778	38.176106	20.942635
1.748605	215.324593	38.179400	20.945865
1.748837	215.343406	38.182695	20.949094
1.749070	215.362216	38.185989	20.952323
1.749302	215.381024	38.189282	20.955551
1.749535	215.399830	38.192576	20.958779
1.749767	215.418634	38.195869	20.962007
1.750000	215.437435	38.199161	20.965234
1.750233	215.456234	38.202453	20.968461
1.750465	215.475032	38.205745	20.971687
1.750698	215.493827	38.209036	20.974914
1.750930	215.512621	38.212327	20.978140
1.751163	215.531413	38.215618	20.981365
1.751395	215.550203	38.218909	20.984591
1.751628	215.568992	38.222199	20.987816
1.751860	215.587778	38.225489	20.991041
1.752093	215.606563	38.228778	20.994265
1.752326	215.625345	38.232068	20.997489
1.752558	215.644126	38.235356	21.000713
1.752791	215.662904	38.238645	21.003936
1.753023	215.681681	38.241933	21.007159
1.753256	215.700456	38.245221	21.010382
1.753488	215.719228	38.248508	21.013604
1.753721	215.737999	38.251796	21.016826
1.753953	215.756767	38.255082	21.020048
1.754186	215.775533	38.258369	21.023269
1.754419	215.794298	38.261655	21.026490
1.754651	215.813060	38.264940	21.029711
1.754884	215.831820	38.268226	21.032931
1.755116	215.850578	38.271511	21.036151
1.755349	215.869333	38.274795	21.039370
1.755581	215.888087	38.278079	21.042590
1.755814	215.906838	38.281363	21.045808
1.756047	215.925587	38.284646	21.049027
1.756279	215.944333	38.287929	21.052245
1.756512	215.963078	38.291212	21.055462
1.756744	215.981820	38.294494	21.058679
1.756977	216.000560	38.297776	21.061896
1.757209	216.019297	38.301057	21.065113
1.757442	216.038032	38.304338	21.068329
1.757674	216.056765	38.307619	21.071544
1.757907	216.075495	38.310899	21.074759
1.758140	216.094223	38.314179	21.077974
1.758372	216.112949	38.317458	21.081188
1.758605	216.131672	38.320737	21.084402
1.758837	216.150392	38.324015	21.087616
1.759070	216.169110	38.327293	21.090829
1.759302	216.187826	38.330571	21.094042
1.759535	216.206539	38.333848	21.097254
1.759767	216.225249	38.337125	21.100466
1.760000	216.243957	38.340401	21.103677
1.760233	216.262663	38.343677	21.106888
1.760465	216.281366	38.346952	21.110099
1.760698	216.300068	38.350227	21.113309
1.760930	216.318767	38.353502	21.116519
1.761163	216.337464	38.356777	21.119728
1.761395	216.356159	38.360051	21.122937
1.761628	216.374852	38.363324	21.126146
1.761860	216.393543	38.366598	21.129355
1.762093	216.412232	38.369871	21.132563
1.762326	216.430919	38.373143	21.135771
1.762558	216.449603	38.376415	21.138978
1.762791	216.468285	38.379687	21.142185
1.763023	216.486965	38.382958	21.145391
1.763256	216.505642	38.386229	21.148598
1.763488	216.524318	38.389500	21.151803
1.763721	216.542990	38.392770	21.155009
1.763953	216.561661	38.396040	21.158214
1.764186	216.580329	38.399309	21.161418
1.764419	216.598995	38.402578	21.164623
1.764651	216.617659	38.405847	21.167826
1.764884	216.636320	38.409115	21.171030
1.765116	216.654978	38.412382	21.174233
1.765349	216.673634	38.415650	21.177435
1.765581	216.692288	38.418917	21.180637
1.765814	216.710939	38.422183	21.183839
1.766047	216.729588	38.425449	21.187040
1.766279	216.748234	38.428714	21.190241
1.766512	216.766878	38.431979	21.193441
1.766744	216.785519	38.435244	21.196641
1.766977	216.804157	38.438508	21.199841
1.767209	216.822793	38.441772	21.203040
1.767442	216.841426	38.445035	21.206239
1.767674	216.860057	38.448298	21.209437
1.767907	216.878685	38.451560	21.212635
1.768140	216.897310	38.454822	21.215832
1.768372	216.915932	38.458084	21.219029
1.768605	216.934552	38.461345	21.222225
1.768837	216.953169	38.464605	21.225421
1.769070	216.971783	38.467865	21.228616
1.769302	216.990395	38.471125	21.231811
1.769535	217.009003	38.474384	21.235006
1.769767	217.027609	38.477642	21.238200
1.770000	217.046212	38.480900	21.241393
1.770233	217.064812	38.484158	21.244586
1.770465	217.083410	38.487415	21.247779
1.770698	217.102006	38.490671	21.250971
1.770930	217.120600	38.493928	21.254163
1.771163	217.139191	38.497184	21.257354
1.771395	217.157779	38.500439	21.260545
1.771628	217.176365	38.503694	21.263736
1.771860	217.194949	38.506949	21.266926
1.772093	217.213531	38.510203	21.270116
1.772326	217.232110	38.513457	21.273305
1.772558	217.250686	38.516710	21.276494
1.772791	217.269260	38.519963	21.279683
1.773023	217.287831	38.523216	21.282871
1.773256	217.306400	38.526468	21.286059
1.773488	217.324967	38.529720	21.289246
1.773721	217.343530	38.532971	21.292433
1.773953	217.362091	38.536222	21.295619
1.774186	217.380650	38.539472	21.298805
1.774419	217.399206	38.542722	21.301990
1.774651	217.417759	38.545971	21.305175
1.774884	217.436310	38.549220	21.308360
1.775116	217.454857	38.552468	21.311544
1.775349	217.473402	38.555716	21.314728
1.775581	217.491945	38.558964	21.317911
1.775814	217.510484	38.562211	21.321093
1.776047	217.529021	38.565457	21.324276
1.776279	217.547555	38.568703	21.327457
1.776512	217.566086	38.571949	21.330638
1.776744	217.584614	38.575194	21.333819
1.776977	217.603140	38.578438	21.337000
1.777209	217.621662	38.581682	21.340179
1.777442	217.640182	38.584926	21.343359
1.777674	217.658699	38.588169	21.346537
1.777907	217.677212	38.591411	21.349716
1.778140	217.695723	38.594653	21.352893
1.778372	217.714231	38.597895	21.356071
1.778605	217.732736	38.601136	21.359247
1.778837	217.751237	38.604376	21.362424
1.779070	217.769736	38.607616	21.365599
1.779302	217.788232	38.610855	21.368775
1.779535	217.806724	38.614094	21.371949
1.779767	217.825214	38.617332	21.375123
1.780000	217.843700	38.620570	21.378297
1.780233	217.862183	38.623807	21.381470
1.780465	217.880664	38.627044	21.384643
1.780698	217.899143	38.630280	21.387815
1.780930	217.917618	38.633516	21.390987
1.781163	217.936091	38.636752	21.394158
1.781395	217.954562	38.639987	21.397329
1.781628	217.973029	38.643221	21.400500
1.781860	217.991494	38.646455	21.403670
1.782093	218.009957	38.649689	21.406839
1.782326	218.028416	38.652922	21.410008
1.782558	218.046873	38.656154	21.413177
1.782791	218.065327	38.659387	21.416345
1.783023	218.083778	38.662618	21.419513
1.783256	218.102227	38.665849	21.422680
1.783488	218.120673	38.669080	21.425846
1.783721	218.139115	38.672310	21.429013
1.783953	218.157555	38.675540	21.432178
1.784186	218.175992	38.678769	21.435344
1.784419	218.194426	38.681998	21.438508
1.784651	218.212857	38.685226	21.441672
1.784884	218.231285	38.688454	21.444836
1.785116	218.249711	38.691681	21.447999
1.785349	218.268133	38.694907	21.451162
1.785581	218.286552	38.698133	21.454324
1.785814	218.304968	38.701359	21.457486
1.786047	218.323381	38.704584	21.460647
1.786279	218.341791	38.707808	21.463808
1.786512	218.360198	38.711032	21.466968
1.786744	218.378602	38.714256	21.470127
1.786977	218.397002	38.717479	21.473286
1.787209	218.415400	38.720701	21.476445
1.787442	218.433794	38.723923	21.479603
1.787674	218.452185	38.727144	21.482760
1.787907	218.470573	38.730364	21.485917
1.788140	218.488957	38.733584	21.489073
1.788372	218.507338	38.736804	21.492229
1.788605	218.525716	38.740023	21.495384
1.788837	218.544091	38.743241	21.498539
1.789070	218.562462	38.746459	21.501693
1.789302	218.580830	38.749676	21.504846
1.789535	218.599195	38.752893	21.507999
1.789767	218.617556	38.756109	21.511151
1.790000	218.635914	38.759324	21.514303
1.790233	218.654269	38.762539	21.517454
1.790465	218.672620	38.765753	21.520605
1.790698	218.690969	38.768967	21.523755
1.790930	218.709316	38.772180	21.526905
1.791163	218.727659	38.775393	21.530054
1.791395	218.745999	38.778606	21.533203
1.791628	218.764336	38.781817	21.536351
1.791860	218.782671	38.785029	21.539499
1.792093	218.801002	38.788239	21.542646
1.792326	218.819331	38.791450	21.545793
1.792558	218.837656	38.794659	21.548939
1.792791	218.855978	38.797869	21.552084
1.793023	218.874298	38.801077	21.555229
1.793256	218.892614	38.804286	21.558374
1.793488	218.910927	38.807493	21.561518
1.793721	218.929237	38.810700	21.564662
1.793953	218.947544	38.813907	21.567805
1.794186	218.965847	38.817113	21.570947
1.794419	218.984148	38.820318	21.574089
1.794651	219.002445	38.823523	21.577230
1.794884	219.020739	38.826727	21.580371
1.795116	219.039029	38.829931	21.583511
1.795349	219.057317	38.833134	21.586651
1.795581	219.075601	38.836337	21.589790
1.795814	219.093882	38.839538	21.592929
1.796047	219.112159	38.842740	21.596067
1.796279	219.130433	38.845941	21.599204
1.796512	219.148704	38.849141	21.602341
1.796744	219.166971	38.852341	21.605477
1.796977	219.185235	38.855540	21.608613
1.797209	219.203495	38.858738	21.611748
1.797442	219.221752	38.861936	21.614883
1.797674	219.240006	38.865133	21.618017
1.797907	219.258256	38.868330	21.621150
1.798140	219.276502	38.871526	21.624283
1.798372	219.294745	38.874721	21.627415
1.798605	219.312984	38.877916	21.630546
1.798837	219.331220	38.881110	21.633677
1.799070	219.349452	38.884303	21.636807
1.799302	219.367680	38.887496	21.639937
1.799535	219.385905	38.890688	21.643066
1.799767	219.404126	38.893880	21.646194
1.800000	219.422343	38.897071	21.649322
1.800233	219.440557	38.900261	21.652449
1.800465	219.458768	38.903451	21.655576
1.800698	219.476975	38.906640	21.658702
1.800930	219.495180	38.909829	21.661827
1.801163	219.513381	38.913017	21.664952
1.801395	219.531579	38.916205	21.668077
1.801628	219.549774	38.919392	21.671201
1.801860	219.567966	38.922578	21.674324
1.802093	219.586154	38.925764	21.677447
1.802326	219.604339	38.928950	21.680569
1.802558	219.622521	38.932134	21.683691
1.802791	219.640700	38.935319	21.686812
1.803023	219.658875	38.938502	21.689933
1.803256	219.677047	38.941685	21.693053
1.803488	219.695215	38.944868	21.696172
1.803721	219.713380	38.948050	21.699291
1.803953	219.731542	38.951231	21.702409
1.804186	219.749700	38.954412	21.705527
1.804419	219.767855	38.957592	21.708644
1.804651	219.786006	38.960771	21.711761
1.804884	219.804153	38.963950	21.714876
1.805116	219.822297	38.967128	21.717992
1.805349	219.840438	38.970306	21.721106
1.805581	219.858575	38.973483	21.724220
1.805814	219.876708	38.976659	21.727334
1.806047	219.894838	38.979835	21.730447
1.806279	219.912964	38.983010	21.733559
1.806512	219.931086	38.986184	21.736670
1.806744	219.949205	38.989358	21.739781
1.806977	219.967320	38.992531	21.742892
1.807209	219.985431	38.995703	21.746001
1.807442	220.003539	38.998875	21.749110
1.807674	220.021642	39.002046	21.752219
1.807907	220.039742	39.005217	21.755326
1.808140	220.057838	39.008387	21.758433
1.808372	220.075930	39.011556	21.761540
1.808605	220.094019	39.014724	21.764646
1.808837	220.112103	39.017892	21.767751
1.809070	220.130184	39.021059	21.770855
1.809302	220.148260	39.024226	21.773959
1.809535	220.166333	39.027392	21.777062
1.809767	220.184401	39.030557	21.780164
1.810000	220.202466	39.033721	21.783266
1.810233	220.220527	39.036885	21.786367
1.810465	220.238584	39.040048	21.789468
1.810698	220.256639	39.043210	21.792567
1.810930	220.274689	39.046372	21.795667
1.811163	220.292737	39.049534	21.798766
1.811395	220.310780	39.052694	21.801864
1.811628	220.328821	39.055855	21.804961
1.811860	220.346858	39.059014	21.808058
1.812093	220.364891	39.062173	21.811155
1.812326	220.382921	39.065331	21.814250
1.812558	220.400947	39.068489	21.817345
1.812791	220.418969	39.071646	21.820440
1.813023	220.436988	39.074802	21.823534
1.813256	220.455003	39.077958	21.826627
1.813488	220.473015	39.081113	21.829720
1.813721	220.491023	39.084268	21.832812
1.813953	220.509027	39.087421	21.835903
1.814186	220.527027	39.090575	21.838994
1.814419	220.545024	39.093727	21.842084
1.814651	220.563017	39.096879	21.845174
1.814884	220.581006	39.100030	21.848262
1.815116	220.598991	39.103181	21.851350
1.815349	220.616973	39.106331	21.854438
1.815581	220.634950	39.109480	21.857525
1.815814	220.652924	39.112628	21.860611
1.816047	220.670894	39.115776	21.863697
1.816279	220.688860	39.118923	21.866781
1.816512	220.706821	39.122070	21.869865
1.816744	220.724779	39.125215	21.872949
1.816977	220.742733	39.128361	21.876032
1.817209	220.760683	39.131505	21.879114
1.817442	220.778629	39.134649	21.882195
1.817674	220.796570	39.137791	21.885276
1.817907	220.814508	39.140934	21.888356
1.818140	220.832441	39.144075	21.891435
1.818372	220.850371	39.147216	21.894514
1.818605	220.868296	39.150356	21.897592
1.818837	220.886217	39.153495	21.900669
1.819070	220.904133	39.156634	21.903745
1.819302	220.922046	39.159772	21.906821
1.819535	220.939954	39.162909	21.909896
1.819767	220.957858	39.166045	21.912970
1.820000	220.975758	39.169181	21.916044
1.820233	220.993654	39.172316	21.919117
1.820465	221.011546	39.175450	21.922189
1.820698	221.029434	39.178584	21.925261
1.820930	221.047319	39.181717	21.928332
1.821163	221.065200	39.184849	21.931402
1.821395	221.083077	39.187981	21.934472
1.821628	221.100951	39.191112	21.937541
1.821860	221.118820	39.194242	21.940609
1.822093	221.136686	39.197372	21.943677
1.822326	221.154548	39.200501	21.946744
1.822558	221.172406	39.203630	21.949811
1.822791	221.190260	39.206757	21.952876
1.823023	221.208111	39.209884	21.955941
1.823256	221.225957	39.213011	21.959006
1.823488	221.243800	39.216136	21.962070
1.823721	221.261638	39.219261	21.965133
1.823953	221.279473	39.222386	21.968195
1.824186	221.297303	39.225509	21.971257
1.824419	221.315130	39.228632	21.974318
1.824651	221.332952	39.231754	21.977378
1.824884	221.350770	39.234876	21.980438
1.825116	221.368584	39.237996	21.983497
1.825349	221.386394	39.241116	21.986555
1.825581	221.404200	39.244236	21.989613
1.825814	221.422002	39.247354	21.992669
1.826047	221.439799	39.250472	21.995725
1.826279	221.457593	39.253589	21.998781
1.826512	221.475382	39.256706	22.001835
1.826744	221.493166	39.259821	22.004889
1.826977	221.510947	39.262936	22.007942
1.827209	221.528723	39.266050	22.010995
1.827442	221.546494	39.269163	22.014047
1.827674	221.564262	39.272276	22.017098
1.827907	221.582025	39.275388	22.020148
1.828140	221.599783	39.278499	22.023197
1.828372	221.617537	39.281609	22.026246
1.828605	221.635287	39.284719	22.029294
1.828837	221.653032	39.287827	22.032341
1.829070	221.670773	39.290935	22.035387
1.829302	221.688509	39.294042	22.038433
1.829535	221.706241	39.297149	22.041478
1.829767	221.723968	39.300254	22.044522
1.830000	221.741690	39.303359	22.047565
1.830233	221.759408	39.306463	22.050608
1.830465	221.777122	39.309566	22.053649
1.830698	221.794833	39.312669	22.056691
1.830930	221.812539	39.315771	22.059731
1.831163	221.830241	39.318872	22.062771
1.831395	221.847939	39.321973	22.065810
1.831628	221.865633	39.325072	22.068848
1.831860	221.883324	39.328172	22.071886
1.832093	221.901010	39.331270	22.074923
1.832326	221.918691	39.334368	22.077960
1.832558	221.936369	39.337465	22.080995
1.832791	221.954043	39.340561	22.084030
1.833023	221.971712	39.343656	22.087064
1.833256	221.989377	39.346751	22.090098
1.833488	222.007038	39.349845	22.093130
1.833721	222.024695	39.352938	22.096163
1.833953	222.042347	39.356031	22.099194
1.834186	222.059995	39.359123	22.102224
1.834419	222.077639	39.362214	22.105254
1.834651	222.095278	39.365304	22.108283
1.834884	222.112913	39.368393	22.111312
1.835116	222.130544	39.371482	22.114339
1.835349	222.148170	39.374570	22.117366
1.835581	222.165792	39.377657	22.120392
1.835814	222.183409	39.380744	22.123417
1.836047	222.201022	39.383829	22.126442
1.836279	222.218630	39.386914	22.129466
1.836512	222.236233	39.389998	22.132488
1.836744	222.253832	39.393082	22.135511
1.836977	222.271427	39.396164	22.138532
1.837209	222.289017	39.399246	22.141553
1.837442	222.306602	39.402326	22.144573
1.837674	222.324182	39.405406	22.147592
1.837907	222.341758	39.408486	22.150610
1.838140	222.359329	39.411564	22.153627
1.838372	222.376896	39.414642	22.156644
1.838605	222.394457	39.417718	22.159660
1.838837	222.412014	39.420794	22.162675
1.839070	222.429566	39.423869	22.165689
1.839302	222.447114	39.426943	22.168702
1.839535	222.464656	39.430017	22.171715
1.839767	222.482193	39.433089	22.174726
1.840000	222.499726	39.436161	22.177737
1.840233	222.517254	39.439232	22.180747
1.840465	222.534778	39.442302	22.183756
1.840698	222.552297	39.445371	22.186765
1.840930	222.569813	39.448440	22.189773
1.841163	222.587324	39.451508	22.192780
1.841395	222.604830	39.454575	22.195786
1.841628	222.622333	39.457642	22.198792
1.841860	222.639831	39.460707	22.201797
1.842093	222.657324	39.463772	22.204801
1.842326	222.674814	39.466836	22.207805
1.842558	222.692299	39.469899	22.210807
1.842791	222.709779	39.472962	22.213809
1.843023	222.727255	39.476024	22.216810
1.843256	222.744726	39.479085	22.219811
1.843488	222.762193	39.482145	22.222810
1.843721	222.779655	39.485204	22.225809
1.843953	222.797113	39.488263	22.228807
1.844186	222.814566	39.491321	22.231804
1.844419	222.832015	39.494378	22.234801
1.844651	222.849458	39.497434	22.237797
1.844884	222.866897	39.500490	22.240792
1.845116	222.884332	39.503544	22.243786
1.845349	222.901762	39.506598	22.246779
1.845581	222.919187	39.509651	22.249771
1.845814	222.936607	39.512703	22.252763
1.846047	222.954022	39.515754	22.255754
1.846279	222.971433	39.518804	22.258744
1.846512	222.988839	39.521854	22.261733
1.846744	223.006240	39.524903	22.264721
1.846977	223.023636	39.527951	22.267709
1.847209	223.041027	39.530998	22.270695
1.847442	223.058413	39.534044	22.273681
1.847674	223.075794	39.537089	22.276666
1.847907	223.093170	39.540133	22.279650
1.848140	223.110541	39.543177	22.282633
1.848372	223.127907	39.546220	22.285616
1.848605	223.145268	39.549261	22.288597
1.848837	223.162624	39.552302	22.291578
1.849070	223.179975	39.555342	22.294558
1.849302	223.197321	39.558381	22.297537
1.849535	223.214661	39.561419	22.300515
1.849767	223.231997	39.564457	22.303492
1.850000	223.249327	39.567493	22.306468
1.850233	223.266652	39.570529	22.309443
1.850465	223.283973	39.573563	22.312418
1.850698	223.301289	39.576597	22.315392
1.850930	223.318601	39.579630	22.318365
1.851163	223.335908	39.582663	22.321337
1.851395	223.353211	39.585694	22.324309
1.851628	223.370509	39.588725	22.327279
1.851860	223.387802	39.591755	22.330249
1.852093	223.405091	39.594784	22.333218
1.852326	223.422375	39.597812	22.336187
1.852558	223.439654	39.600840	22.339154
1.852791	223.456929	39.603866	22.342121
1.853023	223.474198	39.606892	22.345087
1.853256	223.491463	39.609917	22.348052
1.853488	223.508723	39.612941	22.351016
1.853721	223.525979	39.615965	22.353980
1.853953	223.543229	39.618987	22.356942
1.854186	223.560475	39.622009	22.359904
1.854419	223.577715	39.625029	22.362865
1.854651	223.594951	39.628049	22.365825
1.854884	223.612182	39.631068	22.368784
1.855116	223.629407	39.634086	22.371742
1.855349	223.646628	39.637104	22.374700
1.855581	223.663844	39.640120	22.377657
1.855814	223.681054	39.643135	22.380612
1.856047	223.698260	39.646150	22.383567
1.856279	223.715460	39.649164	22.386521
1.856512	223.732655	39.652176	22.389474
1.856744	223.749845	39.655188	22.392427
1.856977	223.767030	39.658199	22.395378
1.857209	223.784210	39.661209	22.398328
1.857442	223.801384	39.664219	22.401278
1.857674	223.818553	39.667227	22.404227
1.857907	223.835717	39.670234	22.407174
1.858140	223.852875	39.673241	22.410121
1.858372	223.870029	39.676246	22.413067
1.858605	223.887176	39.679251	22.416012
1.858837	223.904319	39.682254	22.418956
1.859070	223.921456	39.685257	22.421900
1.859302	223.938587	39.688259	22.424842
1.859535	223.955713	39.691259	22.427783
1.859767	223.972834	39.694259	22.430724
1.860000	223.989949	39.697258	22.433663
1.860233	224.007059	39.700256	22.436602
1.860465	224.024164	39.703253	22.439539
1.860698	224.041264	39.706249	22.442476
1.860930	224.058360	39.709245	22.445412
1.861163	224.075450	39.712239	22.448348
1.861395	224.092536	39.715233	22.451282
1.861628	224.109617	39.718226	22.454216
1.861860	224.126693	39.721218	22.457148
1.862093	224.143764	39.724209	22.460080
1.862326	224.160830	39.727199	22.463011
1.862558	224.177891	39.730189	22.465942
1.862791	224.194947	39.733177	22.468871
1.863023	224.211998	39.736165	22.471799
1.863256	224.229044	39.739152	22.474727
1.863488	224.246084	39.742138	22.477654
1.863721	224.263120	39.745123	22.480580
1.863953	224.280150	39.748107	22.483505
1.864186	224.297176	39.751090	22.486429
1.864419	224.314196	39.754072	22.489352
1.864651	224.331210	39.757053	22.492274
1.864884	224.348220	39.760034	22.495196
1.865116	224.365224	39.763013	22.498116
1.865349	224.382223	39.765992	22.501036
1.865581	224.399216	39.768970	22.503955
1.865814	224.416205	39.771946	22.506872
1.866047	224.433187	39.774922	22.509789
1.866279	224.450165	39.777897	22.512705
1.866512	224.467137	39.780871	22.515620
1.866744	224.484103	39.783844	22.518534
1.866977	224.501064	39.786816	22.521447
1.867209	224.518020	39.789787	22.524359
1.867442	224.534970	39.792757	22.527271
1.867674	224.551914	39.795726	22.530181
1.867907	224.568853	39.798694	22.533090
1.868140	224.585786	39.801661	22.535998
1.868372	224.602713	39.804627	22.538906
1.868605	224.619635	39.807592	22.541812
1.868837	224.636551	39.810556	22.544718
1.869070	224.653461	39.813520	22.547622
1.869302	224.670366	39.816482	22.550526
1.869535	224.687265	39.819443	22.553428
1.869767	224.704158	39.822403	22.556330
1.870000	224.721045	39.825362	22.559230
1.870233	224.737927	39.828320	22.562130
1.870465	224.754803	39.831277	22.565028
1.870698	224.771675	39.834234	22.567926
1.870930	224.788542	39.837189	22.570823
1.871163	224.805403	39.840144	22.573719
1.871395	224.822259	39.843098	22.576614
1.871628	224.839110	39.846050	22.579508
1.871860	224.855956	39.849002	22.582402
1.872093	224.872796	39.851953	22.585294
1.872326	224.889632	39.854903	22.588186
1.872558	224.906462	39.857852	22.591077
1.872791	224.923286	39.860800	22.593966
1.873023	224.940106	39.863748	22.596855
1.873256	224.956920	39.866694	22.599743
1.873488	224.973728	39.869639	22.602630
1.873721	224.990531	39.872584	22.605516
1.873953	225.007329	39.875527	22.608401
1.874186	225.024121	39.878470	22.611286
1.874419	225.040908	39.881411	22.614169
1.874651	225.057689	39.884352	22.617051
1.874884	225.074464	39.887292	22.619933
1.875116	225.091234	39.890230	22.622813
1.875349	225.107999	39.893168	22.625693
1.875581	225.124757	39.896105	22.628571
1.875814	225.141510	39.899040	22.631449
1.876047	225.158258	39.901975	22.634325
1.876279	225.174999	39.904909	22.637201
1.876512	225.191735	39.907841	22.640075
1.876744	225.208465	39.910773	22.642949
1.876977	225.225190	39.913704	22.645821
1.877209	225.241908	39.916633	22.648693
1.877442	225.258621	39.919562	22.651564
1.877674	225.275328	39.922489	22.654433
1.877907	225.292028	39.925416	22.657302
1.878140	225.308723	39.928342	22.660169
1.878372	225.325412	39.931266	22.663036
1.878605	225.342095	39.934190	22.665902
1.878837	225.358772	39.937112	22.668766
1.879070	225.375443	39.940033	22.671630
1.879302	225.392108	39.942954	22.674492
1.879535	225.408767	39.945873	22.677353
1.879767	225.425419	39.948791	22.680214
1.880000	225.442066	39.951708	22.683073
1.880233	225.458707	39.954624	22.685931
1.880465	225.475342	39.957539	22.688789
1.880698	225.491972	39.960453	22.691645
1.880930	225.508597	39.963367	22.694501
1.881163	225.525216	39.966279	22.697355
1.881395	225.541830	39.969190	22.700209
1.881628	225.558438	39.972101	22.703062
1.881860	225.575041	39.975010	22.705914
1.882093	225.591638	39.977919	22.708765
1.882326	225.608230	39.980826	22.711615
1.882558	225.624816	39.983733	22.714464
1.882791	225.641397	39.986638	22.717312
1.883023	225.657972	39.989543	22.720159
1.883256	225.674541	39.992446	22.723005
1.883488	225.691104	39.995349	22.725850
1.883721	225.707662	39.998251	22.728694
1.883953	225.724214	40.001151	22.731537
1.884186	225.740760	40.004051	22.734379
1.884419	225.757301	40.006949	22.737220
1.884651	225.773835	40.009847	22.740060
1.884884	225.790364	40.012743	22.742900
1.885116	225.806887	40.015639	22.745738
1.885349	225.823404	40.018533	22.748575
1.885581	225.839915	40.021427	22.751411
1.885814	225.856420	40.024319	22.754246
1.886047	225.872919	40.027210	22.757080
1.886279	225.889412	40.030101	22.759913
1.886512	225.905899	40.032990	22.762745
1.886744	225.922380	40.035878	22.765576
1.886977	225.938855	40.038765	22.768406
1.887209	225.955323	40.041651	22.771235
1.887442	225.971786	40.044536	22.774063
1.887674	225.988242	40.047420	22.776890
1.887907	226.004692	40.050303	22.779715
1.888140	226.021136	40.053184	22.782540
1.888372	226.037574	40.056065	22.785364
1.888605	226.054005	40.058944	22.788186
1.888837	226.070430	40.061823	22.791007
1.889070	226.086849	40.064700	22.793828
1.889302	226.103261	40.067576	22.796647
1.889535	226.119667	40.070451	22.799465
1.889767	226.136066	40.073325	22.802282
1.890000	226.152459	40.076198	22.805098
1.890233	226.168846	40.079070	22.807913
1.890465	226.185227	40.081940	22.810727
1.890698	226.201603	40.084810	22.813540
1.890930	226.217973	40.087679	22.816352
1.891163	226.234337	40.090547	22.819163
1.891395	226.250696	40.093414	22.821973
1.891628	226.267048	40.096279	22.824782
1.891860	226.283395	40.099144	22.827590
1.892093	226.299736	40.102008	22.830397
1.892326	226.316072	40.104871	22.833203
1.892558	226.332401	40.107732	22.836008
1.892791	226.348724	40.110593	22.838812
1.893023	226.365042	40.113453	22.841615
1.893256	226.381354	40.116311	22.844417
1.893488	226.397659	40.119169	22.847218
1.893721	226.413959	40.122025	22.850018
1.893953	226.430252	40.124881	22.852817
1.894186	226.446540	40.127735	22.855615
1.894419	226.462821	40.130588	22.858411
1.894651	226.479096	40.133440	22.861207
1.894884	226.495365	40.136292	22.864002
1.895116	226.511628	40.139142	22.866795
1.895349	226.527885	40.141991	22.869588
1.895581	226.544135	40.144839	22.872380
1.895814	226.560380	40.147685	22.875170
1.896047	226.576617	40.150531	22.877959
1.896279	226.592849	40.153376	22.880748
1.896512	226.609074	40.156219	22.883535
1.896744	226.625293	40.159061	22.886321
1.896977	226.641505	40.161903	22.889106
1.897209	226.657711	40.164743	22.891890
1.897442	226.673911	40.167582	22.894673
1.897674	226.690104	40.170420	22.897454
1.897907	226.706290	40.173256	22.900235
1.898140	226.722470	40.176092	22.903014
1.898372	226.738643	40.178926	22.905793
1.898605	226.754810	40.181760	22.908570
1.898837	226.770970	40.184592	22.911346
1.899070	226.787124	40.187423	22.914121
1.899302	226.803270	40.190253	22.916895
1.899535	226.819410	40.193081	22.919667
1.899767	226.835544	40.195909	22.922439
1.900000	226.851670	40.198735	22.925209
1.900233	226.867790	40.201560	22.927978
1.900465	226.883904	40.204384	22.930746
1.900698	226.900013	40.207207	22.933514
1.900930	226.916115	40.210029	22.936280
1.901163	226.932211	40.212850	22.939045
1.901395	226.948302	40.215670	22.941809
1.901628	226.964386	40.218489	22.944572
1.901860	226.980464	40.221307	22.947334
1.902093	226.996536	40.224124	22.950095
1.902326	227.012602	40.226940	22.952855
1.902558	227.028662	40.229754	22.955614
1.902791	227.044715	40.232568	22.958372
1.903023	227.060763	40.235380	22.961129
1.903256	227.076804	40.238192	22.963884
1.903488	227.092838	40.241002	22.966639
1.903721	227.108867	40.243811	22.969392
1.903953	227.124889	40.246619	22.972145
1.904186	227.140905	40.249426	22.974896
1.904419	227.156914	40.252232	22.977646
1.904651	227.172917	40.255037	22.980396
1.904884	227.188913	40.257840	22.983144
1.905116	227.204903	40.260643	22.985891
1.905349	227.220887	40.263444	22.988636
1.905581	227.236864	40.266244	22.991381
1.905814	227.252834	40.269043	22.994125
1.906047	227.268798	40.271841	22.996867
1.906279	227.284755	40.274638	22.999609
1.906512	227.300705	40.277433	23.002349
1.906744	227.316649	40.280227	23.005088
1.906977	227.332586	40.283021	23.007826
1.907209	227.348516	40.285813	23.010562
1.907442	227.364440	40.288603	23.013298
1.907674	227.380357	40.291393	23.016032
1.907907	227.396266	40.294182	23.018766
1.908140	227.412169	40.296969	23.021498
1.908372	227.428066	40.299755	23.024228
1.908605	227.443955	40.302540	23.026958
1.908837	227.459837	40.305323	23.029687
1.909070	227.475712	40.308106	23.032414
1.909302	227.491581	40.310887	23.035140
1.909535	227.507442	40.313667	23.037865
1.909767	227.523296	40.316446	23.040589
1.910000	227.539143	40.319223	23.043311
1.910233	227.554983	40.321999	23.046032
1.910465	227.570818	40.324775	23.048753
1.910698	227.586646	40.327549	23.051472
1.910930	227.602467	40.330322	23.054190
1.911163	227.618283	40.333094	23.056907
1.911395	227.634092	40.335865	23.059623
1.911628	227.649895	40.338634	23.062338
1.911860	227.665691	40.341403	23.065052
1.912093	227.681482	40.344170	23.067764
1.912326	227.697265	40.346937	23.070476
1.912558	227.713042	40.349702	23.073186
1.912791	227.728813	40.352466	23.075896
1.913023	227.744577	40.355229	23.078604
1.913256	227.760335	40.357991	23.081311
1.913488	227.776086	40.360752	23.084017
1.913721	227.791830	40.363511	23.086722
1.913953	227.807568	40.366270	23.089426
1.914186	227.823299	40.369027	23.092128
1.914419	227.839024	40.371783	23.094830
1.914651	227.854741	40.374538	23.097530
1.914884	227.870452	40.377291	23.100229
1.915116	227.886157	40.380044	23.102927
1.915349	227.901854	40.382795	23.105624
1.915581	227.917544	40.385545	23.108320
1.915814	227.933228	40.388294	23.111014
1.916047	227.948905	40.391042	23.113707
1.916279	227.964574	40.393788	23.116399
1.916512	227.980237	40.396534	23.119090
1.916744	227.995893	40.399278	23.121780
1.916977	228.011542	40.402021	23.124468
1.917209	228.027184	40.404762	23.127156
1.917442	228.042818	40.407502	23.129842
1.917674	228.058446	40.410242	23.132527
1.917907	228.074066	40.412979	23.135210
1.918140	228.089679	40.415716	23.137893
1.918372	228.105285	40.418451	23.140574
1.918605	228.120884	40.421185	23.143254
1.918837	228.136476	40.423918	23.145932
1.919070	228.152060	40.426650	23.148610
1.919302	228.167637	40.429380	23.151286
1.919535	228.183206	40.432109	23.153961
1.919767	228.198768	40.434837	23.156635
1.920000	228.214323	40.437563	23.159307
1.920233	228.229871	40.440288	23.161978
1.920465	228.245412	40.443012	23.164648
1.920698	228.260947	40.445735	23.167317
1.920930	228.276475	40.448457	23.169985
1.921163	228.291997	40.451177	23.172652
1.921395	228.307512	40.453897	23.175317
1.921628	228.323020	40.456615	23.177982
1.921860	228.338522	40.459332	23.180645
1.922093	228.354017	40.462048	23.183307
1.922326	228.369506	40.464763	23.185968
1.922558	228.384987	40.467477	23.188628
1.922791	228.400462	40.470189	23.191287
1.923023	228.415930	40.472900	23.193945
1.923256	228.431392	40.475610	23.196601
1.923488	228.446846	40.478319	23.199256
1.923721	228.462293	40.481027	23.201910
1.923953	228.477734	40.483733	23.204563
1.924186	228.493167	40.486438	23.207215
1.924419	228.508594	40.489142	23.209865
1.924651	228.524013	40.491845	23.212514
1.924884	228.539426	40.494547	23.215162
1.925116	228.554831	40.497247	23.217809
1.925349	228.570230	40.499946	23.220455
1.925581	228.585621	40.502644	23.223099
1.925814	228.601005	40.505340	23.225742
1.926047	228.616381	40.508036	23.228384
1.926279	228.631751	40.510730	23.231025
1.926512	228.647113	40.513422	23.233664
1.926744	228.662468	40.516114	23.236302
1.926977	228.677815	40.518804	23.238939
1.927209	228.693156	40.521493	23.241575
1.927442	228.708488	40.524180	23.244209
1.927674	228.723814	40.526867	23.246842
1.927907	228.739132	40.529552	23.249474
1.928140	228.754442	40.532235	23.252105
1.928372	228.769745	40.534918	23.254734
1.928605	228.785040	40.537599	23.257362
1.928837	228.800328	40.540279	23.259988
1.929070	228.815608	40.542957	23.262614
1.929302	228.830881	40.545634	23.265238
1.929535	228.846145	40.548310	23.267861
1.929767	228.861403	40.550984	23.270482
1.930000	228.876652	40.553657	23.273102
1.930233	228.891894	40.556329	23.275721
1.930465	228.907130	40.558999	23.278339
1.930698	228.922358	40.561669	23.280955
1.930930	228.937580	40.564337	23.283570
1.931163	228.952795	40.567004	23.286185
1.931395	228.968003	40.569670	23.288798
1.931628	228.983204	40.572334	23.291409
1.931860	228.998398	40.574998	23.294020
1.932093	229.013586	40.577660	23.296629
1.932326	229.028766	40.580321	23.299238
1.932558	229.043939	40.582980	23.301845
1.932791	229.059105	40.585639	23.304451
1.933023	229.074264	40.588296	23.307055
1.933256	229.089416	40.590952	23.309658
1.933488	229.104561	40.593607	23.312261
1.933721	229.119698	40.596260	23.314862
1.933953	229.134829	40.598912	23.317461
1.934186	229.149952	40.601563	23.320060
1.934419	229.165067	40.604213	23.322657
1.934651	229.180176	40.606861	23.325253
1.934884	229.195277	40.609508	23.327847
1.935116	229.210370	40.612154	23.330441
1.935349	229.225457	40.614798	23.333033
1.935581	229.240535	40.617442	23.335624
1.935814	229.255607	40.620083	23.338213
1.936047	229.270671	40.622724	23.340802
1.936279	229.285727	40.625363	23.343389
1.936512	229.300775	40.628001	23.345974
1.936744	229.315817	40.630638	23.348559
1.936977	229.330850	40.633273	23.351142
1.937209	229.345876	40.635907	23.353724
1.937442	229.360894	40.638539	23.356304
1.937674	229.375904	40.641171	23.358883
1.937907	229.390906	40.643800	23.361461
1.938140	229.405901	40.646429	23.364037
1.938372	229.420888	40.649056	23.366612
1.938605	229.435867	40.651682	23.369186
1.938837	229.450838	40.654306	23.371759
1.939070	229.465801	40.656929	23.374330
1.939302	229.480756	40.659551	23.376899
1.939535	229.495704	40.662171	23.379468
1.939767	229.510643	40.664790	23.382034
1.940000	229.525574	40.667407	23.384600
1.940233	229.540498	40.670023	23.387164
1.940465	229.555414	40.672638	23.389727
1.940698	229.570324	40.675251	23.392289
1.940930	229.585226	40.677864	23.394850
1.941163	229.600121	40.680475	23.397409
1.941395	229.615009	40.683085	23.399967
1.941628	229.629890	40.685693	23.402524
1.941860	229.644764	40.688301	23.405080
1.942093	229.659630	40.690907	23.407634
1.942326	229.674490	40.693512	23.410188
1.942558	229.689341	40.696115	23.412740
1.942791	229.704186	40.698717	23.415290
1.943023	229.719023	40.701318	23.417840
1.943256	229.733852	40.703918	23.420388
1.943488	229.748675	40.706516	23.422935
1.943721	229.763489	40.709113	23.425480
1.943953	229.778296	40.711709	23.428025
1.944186	229.793096	40.714304	23.430568
1.944419	229.807888	40.716897	23.433109
1.944651	229.822672	40.719488	23.435650
1.944884	229.837449	40.722079	23.438189
1.945116	229.852218	40.724668	23.440727
1.945349	229.866979	40.727255	23.443263
1.945581	229.881733	40.729842	23.445798
1.945814	229.896479	40.732427	23.448332
1.946047	229.911217	40.735010	23.450864
1.946279	229.925947	40.737593	23.453395
1.946512	229.940669	40.740174	23.455925
1.946744	229.955383	40.742753	23.458453
1.946977	229.970090	40.745331	23.460980
1.947209	229.984788	40.747908	23.463506
1.947442	229.999478	40.750483	23.466030
1.947674	230.014160	40.753057	23.468553
1.947907	230.028835	40.755629	23.471075
1.948140	230.043501	40.758201	23.473595
1.948372	230.058159	40.760770	23.476114
1.948605	230.072808	40.763338	23.478631
1.948837	230.087450	40.765905	23.481147
1.949070	230.102083	40.768470	23.483661
1.949302	230.116708	40.771034	23.486174
1.949535	230.131325	40.773597	23.488686
1.949767	230.145933	40.776158	23.491196
1.950000	230.160533	40.778717	23.493705
1.950233	230.175125	40.781275	23.496212
1.950465	230.189710	40.783832	23.498719
1.950698	230.204287	40.786387	23.501224
1.950930	230.218857	40.788942	23.503727
1.951163	230.233420	40.791495	23.506230
1.951395	230.247975	40.794046	23.508731
1.951628	230.262523	40.796597	23.511230
1.951860	230.277063	40.799146	23.513729
1.952093	230.291596	40.801693	23.516226
1.952326	230.306121	40.804240	23.518722
1.952558	230.320638	40.806785	23.521217
1.952791	230.335148	40.809328	23.523710
1.953023	230.349650	40.811871	23.526202
1.953256	230.364145	40.814412	23.528693
1.953488	230.378632	40.816951	23.531182
1.953721	230.393111	40.819490	23.533670
1.953953	230.407582	40.822027	23.536157
1.954186	230.422045	40.824562	23.538642
1.954419	230.436500	40.827096	23.541126
1.954651	230.450948	40.829629	23.543609
1.954884	230.465387	40.832160	23.546090
1.955116	230.479819	40.834690	23.548570
1.955349	230.494242	40.837219	23.551048
1.955581	230.508658	40.839746	23.553526
1.955814	230.523065	40.842272	23.556001
1.956047	230.537464	40.844796	23.558476
1.956279	230.551855	40.847319	23.560949
1.956512	230.566238	40.849841	23.563420
1.956744	230.580613	40.852361	23.565890
1.956977	230.594979	40.854879	23.568359
1.957209	230.609337	40.857397	23.570826
1.957442	230.623687	40.859912	23.573292
1.957674	230.638028	40.862426	23.575757
1.957907	230.652361	40.864939	23.578220
1.958140	230.666686	40.867450	23.580681
1.958372	230.681002	40.869960	23.583141
1.958605	230.695309	40.872469	23.585600
1.958837	230.709608	40.874975	23.588057
1.959070	230.723899	40.877481	23.590513
1.959302	230.738180	40.879985	23.592967
1.959535	230.752454	40.882487	23.595420
1.959767	230.766718	40.884988	23.597871
1.960000	230.780974	40.887487	23.600321
1.960233	230.795222	40.889985	23.602769
1.960465	230.809462	40.892481	23.605216
1.960698	230.823694	40.894977	23.607662
1.960930	230.837919	40.897470	23.610107
1.961163	230.852136	40.899963	23.612550
1.961395	230.866346	40.902454	23.614992
1.961628	230.880547	40.904944	23.617432
1.961860	230.894741	40.907432	23.619871
1.962093	230.908927	40.909920	23.622309
1.962326	230.923106	40.912405	23.624746
1.962558	230.937276	40.914890	23.627181
1.962791	230.951438	40.917373	23.629615
1.963023	230.965593	40.919854	23.632047
1.963256	230.979739	40.922334	23.634478
1.963488	230.993877	40.924813	23.636908
1.963721	231.008008	40.927290	23.639336
1.963953	231.022130	40.929766	23.641763
1.964186	231.036244	40.932241	23.644188
1.964419	231.050350	40.934714	23.646613
1.964651	231.064447	40.937186	23.649035
1.964884	231.078537	40.939656	23.651457
1.965116	231.092618	40.942124	23.653876
1.965349	231.106691	40.944592	23.656295
1.965581	231.120755	40.947058	23.658712
1.965814	231.134811	40.949522	23.661127
1.966047	231.148859	40.951985	23.663541
1.966279	231.162898	40.954446	23.665954
1.966512	231.176929	40.956906	23.668365
1.966744	231.190951	40.959365	23.670775
1.966977	231.204964	40.961821	23.673183
1.967209	231.218969	40.964277	23.675590
1.967442	231.232965	40.966731	23.677995
1.967674	231.246953	40.969183	23.680399
1.967907	231.260932	40.971634	23.682801
1.968140	231.274902	40.974083	23.685202
1.968372	231.288863	40.976531	23.687602
1.968605	231.302816	40.978977	23.689999
1.968837	231.316760	40.981422	23.692396
1.969070	231.330694	40.983865	23.694790
1.969302	231.344620	40.986307	23.697184
1.969535	231.358537	40.988747	23.699575
1.969767	231.372445	40.991185	23.701965
1.970000	231.386344	40.993622	23.704354
1.970233	231.400234	40.996057	23.706741
1.970465	231.414117	40.998491	23.709127
1.970698	231.427992	41.000924	23.711511
1.970930	231.441859	41.003355	23.713894
1.971163	231.455717	41.005785	23.716276
1.971395	231.469568	41.008213	23.718656
1.971628	231.483411	41.010640	23.721035
1.971860	231.497246	41.013066	23.723413
1.972093	231.511072	41.015490	23.725789
1.972326	231.524891	41.017913	23.728164
1.972558	231.538701	41.020334	23.730537
1.972791	231.552503	41.022754	23.732909
1.973023	231.566297	41.025173	23.735280
1.973256	231.580083	41.027590	23.737649
1.973488	231.593860	41.030005	23.740017
1.973721	231.607629	41.032419	23.742383
1.973953	231.621390	41.034832	23.744748
1.974186	231.635142	41.037243	23.747111
1.974419	231.648885	41.039653	23.749473
1.974651	231.662620	41.042061	23.751834
1.974884	231.676347	41.044468	23.754193
1.975116	231.690065	41.046873	23.756550
1.975349	231.703774	41.049276	23.758906
1.975581	231.717475	41.051679	23.761261
1.975814	231.731167	41.054079	23.763614
1.976047	231.744850	41.056478	23.765965
1.976279	231.758524	41.058876	23.768315
1.976512	231.772190	41.061272	23.770664
1.976744	231.785847	41.063666	23.773011
1.976977	231.799495	41.066059	23.775357
1.977209	231.813134	41.068451	23.777701
1.977442	231.826764	41.070840	23.780043
1.977674	231.840385	41.073229	23.782384
1.977907	231.853997	41.075615	23.784723
1.978140	231.867600	41.078000	23.787061
1.978372	231.881194	41.080384	23.789397
1.978605	231.894779	41.082766	23.791732
1.978837	231.908354	41.085146	23.794065
1.979070	231.921920	41.087525	23.796397
1.979302	231.935478	41.089902	23.798727
1.979535	231.949025	41.092277	23.801055
1.979767	231.962564	41.094651	23.803382
1.980000	231.976093	41.097023	23.805707
1.980233	231.989613	41.099394	23.808031
1.980465	232.003126	41.101763	23.810353
1.980698	232.016630	41.104131	23.812674
1.980930	232.030126	41.106497	23.814993
1.981163	232.043613	41.108862	23.817311
1.981395	232.057093	41.111225	23.819628
1.981628	232.070564	41.113587	23.821943
1.981860	232.084027	41.115948	23.824257
1.982093	232.097481	41.118307	23.826569
1.982326	232.110927	41.120665	23.828880
1.982558	232.124365	41.123021	23.831190
1.982791	232.137794	41.125375	23.833498
1.983023	232.151214	41.127728	23.835804
1.983256	232.164626	41.130080	23.838109
1.983488	232.178030	41.132430	23.840413
1.983721	232.191424	41.134779	23.842715
1.983953	232.204810	41.137126	23.845016
1.984186	232.218188	41.139472	23.847315
1.984419	232.231556	41.141816	23.849612
1.984651	232.244916	41.144158	23.851908
1.984884	232.258267	41.146499	23.854203
1.985116	232.271609	41.148838	23.856496
1.985349	232.284942	41.151176	23.858788
1.985581	232.298266	41.153513	23.861078
1.985814	232.311581	41.155847	23.863366
1.986047	232.324887	41.158180	23.865653
1.986279	232.338184	41.160512	23.867938
1.986512	232.351472	41.162842	23.870222
1.986744	232.364750	41.165170	23.872504
1.986977	232.378020	41.167497	23.874785
1.987209	232.391280	41.169822	23.877064
1.987442	232.404531	41.172146	23.879342
1.987674	232.417773	41.174467	23.881617
1.987907	232.431006	41.176788	23.883892
1.988140	232.444229	41.179106	23.886164
1.988372	232.457442	41.181423	23.888435
1.988605	232.470647	41.183738	23.890705
1.988837	232.483841	41.186052	23.892973
1.989070	232.497026	41.188364	23.895239
1.989302	232.510202	41.190674	23.897503
1.989535	232.523368	41.192983	23.899766
1.989767	232.536524	41.195290	23.902027
1.990000	232.549671	41.197595	23.904287
1.990233	232.562809	41.199899	23.906545
1.990465	232.575938	41.202201	23.908802
1.990698	232.589059	41.204501	23.911057
1.990930	232.602171	41.206801	23.913310
1.991163	232.615275	41.209098	23.915563
1.991395	232.628370	41.211395	23.917813
1.991628	232.641457	41.213689	23.920063
1.991860	232.654535	41.215983	23.922311
1.992093	232.667605	41.218274	23.924557
1.992326	232.680666	41.220564	23.926802
1.992558	232.693718	41.222853	23.929045
1.992791	232.706761	41.225140	23.931287
1.993023	232.719796	41.227426	23.933527
1.993256	232.732822	41.229710	23.935766
1.993488	232.745838	41.231992	23.938003
1.993721	232.758846	41.234273	23.940239
1.993953	232.771845	41.236553	23.942473
1.994186	232.784835	41.238830	23.944706
1.994419	232.797816	41.241106	23.946937
1.994651	232.810788	41.243381	23.949167
1.994884	232.823750	41.245654	23.951395
1.995116	232.836704	41.247925	23.953621
1.995349	232.849648	41.250195	23.955846
1.995581	232.862583	41.252463	23.958069
1.995814	232.875509	41.254730	23.960291
1.996047	232.888425	41.256995	23.962511
1.996279	232.901332	41.259258	23.964729
1.996512	232.914229	41.261520	23.966946
1.996744	232.927118	41.263779	23.969161
1.996977	232.939996	41.266038	23.971375
1.997209	232.952865	41.268294	23.973587
1.997442	232.965725	41.270549	23.975797
1.997674	232.978575	41.272803	23.978006
1.997907	232.991415	41.275054	23.980213
1.998140	233.004245	41.277304	23.982418
1.998372	233.017066	41.279552	23.984622
1.998605	233.029877	41.281799	23.986824
1.998837	233.042678	41.284043	23.989024
1.999070	233.055470	41.286286	23.991223
1.999302	233.068251	41.288528	23.993420
1.999535	233.081023	41.290767	23.995615
1.999767	233.093784	41.293005	23.997808
2.000000	233.106536	41.295241	24.000000
2.000233	233.119278	41.297475	24.002190
2.000465	233.132012	41.299708	24.004379
2.000698	233.144737	41.301940	24.006566
2.000930	233.157453	41.304170	24.008752
2.001163	233.170160	41.306398	24.010936
2.001395	233.182859	41.308625	24.013119
2.001628	233.195549	41.310850	24.015300
2.001860	233.208230	41.313074	24.017480
2.002093	233.220902	41.315296	24.019658
2.002326	233.233565	41.317516	24.021834
2.002558	233.246219	41.319735	24.024009
2.002791	233.258864	41.321953	24.026183
2.003023	233.271500	41.324169	24.028355
2.003256	233.284127	41.326383	24.030525
2.003488	233.296744	41.328595	24.032694
2.003721	233.309353	41.330806	24.034861
2.003953	233.321952	41.333016	24.037027
2.004186	233.334542	41.335224	24.039191
2.004419	233.347122	41.337430	24.041353
2.004651	233.359694	41.339634	24.043514
2.004884	233.372255	41.341837	24.045673
2.005116	233.384808	41.344038	24.047831
2.005349	233.397350	41.346238	24.049987
2.005581	233.409883	41.348435	24.052141
2.005814	233.422407	41.350632	24.054294
2.006047	233.434921	41.352826	24.056445
2.006279	233.447425	41.355019	24.058594
2.006512	233.459920	41.357210	24.060742
2.006744	233.472405	41.359399	24.062888
2.006977	233.484880	41.361587	24.065032
2.007209	233.497345	41.363773	24.067175
2.007442	233.509800	41.365957	24.069316
2.007674	233.522246	41.368140	24.071455
2.007907	233.534681	41.370320	24.073592
2.008140	233.547107	41.372499	24.075728
2.008372	233.559522	41.374676	24.077862
2.008605	233.571927	41.376852	24.079995
2.008837	233.584323	41.379026	24.082125
2.009070	233.596708	41.381197	24.084254
2.009302	233.609082	41.383368	24.086381
2.009535	233.621447	41.385536	24.088507
2.009767	233.633801	41.387702	24.090630
2.010000	233.646145	41.389867	24.092752
2.010233	233.658479	41.392030	24.094872
2.010465	233.670805	41.394191	24.096991
2.010698	233.683121	41.396351	24.099108
2.010930	233.695429	41.398510	24.101223
2.011163	233.707727	41.400666	24.103337
2.011395	233.720017	41.402822	24.105450
2.011628	233.732297	41.404975	24.107561
2.011860	233.744568	41.407127	24.109670
2.012093	233.756830	41.409277	24.111778
2.012326	233.769083	41.411426	24.113884
2.012558	233.781327	41.413573	24.115989
2.012791	233.793561	41.415719	24.118092
2.013023	233.805786	41.417863	24.120193
2.013256	233.818001	41.420005	24.122293
2.013488	233.830207	41.422145	24.124391
2.013721	233.842404	41.424284	24.126487
2.013953	233.854591	41.426421	24.128582
2.014186	233.866768	41.428557	24.130676
2.014419	233.878936	41.430691	24.132767
2.014651	233.891094	41.432823	24.134857
2.014884	233.903242	41.434953	24.136945
2.015116	233.915381	41.437082	24.139032
2.015349	233.927510	41.439209	24.141117
2.015581	233.939629	41.441335	24.143200
2.015814	233.951738	41.443458	24.145281
2.016047	233.963837	41.445580	24.147361
2.016279	233.975927	41.447700	24.149439
2.016512	233.988006	41.449818	24.151516
2.016744	234.000075	41.451935	24.153590
2.016977	234.012134	41.454050	24.155663
2.017209	234.024183	41.456163	24.157734
2.017442	234.036222	41.458274	24.159804
2.017674	234.048250	41.460384	24.161872
2.017907	234.060269	41.462491	24.163937
2.018140	234.072276	41.464597	24.166002
2.018372	234.084274	41.466701	24.168064
2.018605	234.096261	41.468803	24.170125
2.018837	234.108238	41.470904	24.172183
2.019070	234.120204	41.473002	24.174240
2.019302	234.132160	41.475099	24.176295
2.019535	234.144105	41.477194	24.178349
2.019767	234.156039	41.479287	24.180400
2.020000	234.167963	41.481378	24.182450
2.020233	234.179877	41.483467	24.184498
2.020465	234.191782	41.485555	24.186544
2.020698	234.203677	41.487641	24.188589
2.020930	234.215564	41.489726	24.190633
2.021163	234.227441	41.491809	24.192674
2.021395	234.239309	41.493890	24.194714
2.021628	234.251167	41.495970	24.196753
2.021860	234.263016	41.498048	24.198790
2.022093	234.274856	41.500124	24.200825
2.022326	234.286686	41.502199	24.202859
2.022558	234.298506	41.504272	24.204891
2.022791	234.310317	41.506343	24.206921
2.023023	234.322119	41.508413	24.208950
2.023256	234.333910	41.510481	24.210977
2.023488	234.345692	41.512547	24.213002
2.023721	234.357465	41.514612	24.215026
2.023953	234.369227	41.516675	24.217048
2.024186	234.380980	41.518736	24.219068
2.024419	234.392722	41.520795	24.221087
2.024651	234.404455	41.522853	24.223104
2.024884	234.416178	41.524909	24.225119
2.025116	234.427890	41.526963	24.227132
2.025349	234.439593	41.529016	24.229144
2.025581	234.451285	41.531066	24.231154
2.025814	234.462968	41.533115	24.233162
2.026047	234.474640	41.535162	24.235169
2.026279	234.486302	41.537207	24.237173
2.026512	234.497953	41.539251	24.239176
2.026744	234.509594	41.541292	24.241178
2.026977	234.521225	41.543332	24.243177
2.027209	234.532845	41.545370	24.245175
2.027442	234.544455	41.547406	24.247170
2.027674	234.556054	41.549441	24.249164
2.027907	234.567643	41.551473	24.251157
2.028140	234.579221	41.553503	24.253147
2.028372	234.590788	41.555532	24.255135
2.028605	234.602345	41.557559	24.257122
2.028837	234.613891	41.559584	24.259107
2.029070	234.625426	41.561607	24.261090
2.029302	234.636950	41.563628	24.263071
2.029535	234.648463	41.565647	24.265050
2.029767	234.659966	41.567665	24.267028
2.030000	234.671457	41.569680	24.269003
2.030233	234.682938	41.571694	24.270977
2.030465	234.694410	41.573706	24.272949
2.030698	234.705872	41.575716	24.274919
2.030930	234.717325	41.577724	24.276888
2.031163	234.728769	41.579731	24.278855
2.031395	234.740203	41.581737	24.280821
2.031628	234.751627	41.583740	24.282785
2.031860	234.763041	41.585742	24.284747
2.032093	234.774446	41.587743	24.286708
2.032326	234.785842	41.589741	24.288667
2.032558	234.797227	41.591738	24.290624
2.032791	234.808603	41.593733	24.292580
2.033023	234.819968	41.595726	24.294534
2.033256	234.831324	41.597718	24.296486
2.033488	234.842670	41.599708	24.298436
2.033721	234.854005	41.601696	24.300385
2.033953	234.865331	41.603682	24.302332
2.034186	234.876647	41.605667	24.304277
2.034419	234.887952	41.607650	24.306221
2.034651	234.899247	41.609631	24.308163
2.034884	234.910532	41.611610	24.310103
2.035116	234.921806	41.613587	24.312041
2.035349	234.933071	41.615563	24.313977
2.035581	234.944324	41.617537	24.315912
2.035814	234.955568	41.619509	24.317845
2.036047	234.966800	41.621479	24.319776
2.036279	234.978022	41.623447	24.321705
2.036512	234.989234	41.625413	24.323633
2.036744	235.000435	41.627378	24.325558
2.036977	235.011625	41.629340	24.327482
2.037209	235.022805	41.631301	24.329404
2.037442	235.033973	41.633260	24.331324
2.037674	235.045131	41.635217	24.333242
2.037907	235.056278	41.637172	24.335159
2.038140	235.067414	41.639125	24.337073
2.038372	235.078539	41.641076	24.338986
2.038605	235.089653	41.643026	24.340896
2.038837	235.100756	41.644973	24.342805
2.039070	235.111848	41.646918	24.344712
2.039302	235.122928	41.648862	24.346617
2.039535	235.133997	41.650803	24.348520
2.039767	235.145055	41.652743	24.350421
2.040000	235.156102	41.654680	24.352320
2.040233	235.167138	41.656616	24.354217
2.040465	235.178165	41.658550	24.356113
2.040698	235.189182	41.660482	24.358007
2.040930	235.200189	41.662412	24.359899
2.041163	235.211187	41.664341	24.361790
2.041395	235.222174	41.666269	24.363679
2.041628	235.233152	41.668194	24.365566
2.041860	235.244120	41.670118	24.367452
2.042093	235.255079	41.672040	24.369336
2.042326	235.266027	41.673960	24.371218
2.042558	235.276965	41.675878	24.373099
2.042791	235.287893	41.677795	24.374977
2.043023	235.298811	41.679710	24.376854
2.043256	235.309718	41.681623	24.378730
2.043488	235.320616	41.683534	24.380603
2.043721	235.331503	41.685444	24.382475
2.043953	235.342379	41.687352	24.384345
2.044186	235.353246	41.689258	24.386213
2.044419	235.364102	41.691162	24.388079
2.044651	235.374947	41.693064	24.389944
2.044884	235.385782	41.694964	24.391806
2.045116	235.396606	41.696863	24.393667
2.045349	235.407420	41.698759	24.395526
2.045581	235.418223	41.700654	24.397384
2.045814	235.429015	41.702547	24.399239
2.046047	235.439796	41.704438	24.401093
2.046279	235.450567	41.706327	24.402944
2.046512	235.461326	41.708214	24.404794
2.046744	235.472075	41.710100	24.406642
2.046977	235.482812	41.711983	24.408488
2.047209	235.493539	41.713864	24.410332
2.047442	235.504254	41.715744	24.412175
2.047674	235.514959	41.717621	24.414015
2.047907	235.525652	41.719497	24.415853
2.048140	235.536334	41.721371	24.417690
2.048372	235.547004	41.723242	24.419524
2.048605	235.557663	41.725112	24.421357
2.048837	235.568311	41.726979	24.423188
2.049070	235.578947	41.728845	24.425016
2.049302	235.589572	41.730708	24.426843
2.049535	235.600185	41.732570	24.428668
2.049767	235.610787	41.734430	24.430490
2.050000	235.621377	41.736287	24.432311
2.050233	235.631956	41.738143	24.434130
2.050465	235.642526	41.739996	24.435947
2.050698	235.653085	41.741849	24.437763
2.050930	235.663635	41.743699	24.439576
2.051163	235.674174	41.745548	24.441388
2.051395	235.684704	41.747395	24.443199
2.051628	235.695224	41.749240	24.445007
2.051860	235.705733	41.751083	24.446814
2.052093	235.716232	41.752925	24.448619
2.052326	235.726721	41.754764	24.450423
2.052558	235.737200	41.756602	24.452224
2.052791	235.747669	41.758439	24.454024
2.053023	235.758127	41.760273	24.455822
2.053256	235.768574	41.762105	24.457619
2.053488	235.779011	41.763936	24.459413
2.053721	235.789438	41.765765	24.461206
2.053953	235.799854	41.767592	24.462996
2.054186	235.810259	41.769417	24.464785
2.054419	235.820653	41.771240	24.466573
2.054651	235.831037	41.773062	24.468358
2.054884	235.841410	41.774881	24.470141
2.055116	235.851772	41.776699	24.471923
2.055349	235.862123	41.778514	24.473703
2.055581	235.872463	41.780328	24.475480
2.055814	235.882792	41.782140	24.477256
2.056047	235.893110	41.783949	24.479030
2.056279	235.903417	41.785757	24.480802
2.056512	235.913713	41.787563	24.482573
2.056744	235.923997	41.789367	24.484341
2.056977	235.934270	41.791169	24.486107
2.057209	235.944532	41.792969	24.487871
2.057442	235.954783	41.794767	24.489634
2.057674	235.965021	41.796563	24.491394
2.057907	235.975249	41.798357	24.493153
2.058140	235.985465	41.800149	24.494909
2.058372	235.995669	41.801939	24.496664
2.058605	236.005861	41.803727	24.498416
2.058837	236.016042	41.805512	24.500166
2.059070	236.026211	41.807296	24.501915
2.059302	236.036368	41.809078	24.503661
2.059535	236.046513	41.810857	24.505406
2.059767	236.056647	41.812635	24.507148
2.060000	236.066768	41.814410	24.508888
2.060233	236.076878	41.816183	24.510626
2.060465	236.086979	41.817955	24.512363
2.060698	236.097069	41.819725	24.514098
2.060930	236.107149	41.821493	24.515831
2.061163	236.117219	41.823259	24.517562
2.061395	236.127278	41.825024	24.519292
2.061628	236.137328	41.826787	24.521020
2.061860	236.147367	41.828548	24.522746
2.062093	236.157395	41.830307	24.524470
2.062326	236.167414	41.832064	24.526192
2.062558	236.177421	41.833819	24.527913
2.062791	236.187418	41.835573	24.529632
2.063023	236.197405	41.837325	24.531349
2.063256	236.207380	41.839075	24.533064
2.063488	236.217345	41.840823	24.534777
2.063721	236.227299	41.842569	24.536489
2.063953	236.237243	41.844313	24.538198
2.064186	236.247175	41.846055	24.539906
2.064419	236.257097	41.847795	24.541612
2.064651	236.267007	41.849534	24.543316
2.064884	236.276906	41.851270	24.545018
2.065116	236.286794	41.853005	24.546718
2.065349	236.296671	41.854737	24.548416
2.065581	236.306537	41.856468	24.550113
2.065814	236.316391	41.858196	24.551807
2.066047	236.326234	41.859923	24.553499
2.066279	236.336066	41.861647	24.555190
2.066512	236.345886	41.863370	24.556878
2.066744	236.355694	41.865091	24.558564
2.066977	236.365491	41.866809	24.560249
2.067209	236.375276	41.868525	24.561931
2.067442	236.385050	41.870240	24.563612
2.067674	236.394812	41.871952	24.565290
2.067907	236.404561	41.873663	24.566967
2.068140	236.414299	41.875371	24.568641
2.068372	236.424026	41.877077	24.570313
2.068605	236.433740	41.878781	24.571983
2.068837	236.443442	41.880483	24.573652
2.069070	236.453132	41.882182	24.575318
2.069302	236.462809	41.883880	24.576982
2.069535	236.472475	41.885576	24.578644
2.069767	236.482128	41.887269	24.580303
2.070000	236.491769	41.888960	24.581961
2.070233	236.501399	41.890649	24.583617
2.070465	236.511018	41.892337	24.585271
2.070698	236.520627	41.894022	24.586923
2.070930	236.530226	41.895706	24.588573
2.071163	236.539814	41.897388	24.590222
2.071395	236.549392	41.899068	24.591869
2.071628	236.558960	41.900746	24.593514
2.071860	236.568517	41.902423	24.595157
2.072093	236.578063	41.904097	24.596799
2.072326	236.587599	41.905770	24.598438
2.072558	236.597123	41.907441	24.600076
2.072791	236.606637	41.909110	24.601712
2.073023	236.616140	41.910777	24.603346
2.073256	236.625633	41.912442	24.604978
2.073488	236.635114	41.914105	24.606608
2.073721	236.644584	41.915766	24.608236
2.073953	236.654043	41.917426	24.609863
2.074186	236.663491	41.919083	24.611487
2.074419	236.672927	41.920738	24.613110
2.074651	236.682353	41.922392	24.614731
2.074884	236.691767	41.924043	24.616349
2.075116	236.701169	41.925693	24.617966
2.075349	236.710560	41.927340	24.619581
2.075581	236.719940	41.928985	24.621194
2.075814	236.729308	41.930629	24.622804
2.076047	236.738664	41.932270	24.624413
2.076279	236.748009	41.933909	24.626020
2.076512	236.757341	41.935546	24.627625
2.076744	236.766662	41.937181	24.629227
2.076977	236.775971	41.938814	24.630828
2.077209	236.785269	41.940445	24.632427
2.077442	236.794554	41.942074	24.634023
2.077674	236.803827	41.943701	24.635618
2.077907	236.813087	41.945325	24.637210
2.078140	236.822336	41.946948	24.638800
2.078372	236.831573	41.948568	24.640389
2.078605	236.840797	41.950186	24.641975
2.078837	236.850008	41.951802	24.643559
2.079070	236.859208	41.953416	24.645140
2.079302	236.868394	41.955028	24.646720
2.079535	236.877569	41.956637	24.648298
2.079767	236.886730	41.958244	24.649873
2.080000	236.895879	41.959849	24.651446
2.080233	236.905016	41.961452	24.653017
2.080465	236.914143	41.963053	24.654587
2.080698	236.923260	41.964652	24.656154
2.080930	236.932366	41.966250	24.657720
2.081163	236.941461	41.967845	24.659284
2.081395	236.950546	41.969439	24.660846
2.081628	236.959620	41.971031	24.662406
2.081860	236.968683	41.972621	24.663965
2.082093	236.977736	41.974209	24.665521
2.082326	236.986777	41.975795	24.667076
2.082558	236.995808	41.977379	24.668629
2.082791	237.004827	41.978961	24.670180
2.083023	237.013836	41.980542	24.671729
2.083256	237.022833	41.982120	24.673276
2.083488	237.031819	41.983696	24.674821
2.083721	237.040794	41.985271	24.676364
2.083953	237.049757	41.986843	24.677905
2.084186	237.058709	41.988414	24.679445
2.084419	237.067650	41.989982	24.680982
2.084651	237.076579	41.991548	24.682517
2.084884	237.085496	41.993113	24.684051
2.085116	237.094402	41.994675	24.685582
2.085349	237.103296	41.996235	24.687111
2.085581	237.112178	41.997793	24.688639
2.085814	237.121048	41.999349	24.690164
2.086047	237.129906	42.000903	24.691687
2.086279	237.138752	42.002455	24.693208
2.086512	237.147587	42.004005	24.694727
2.086744	237.156409	42.005553	24.696244
2.086977	237.165219	42.007098	24.697759
2.087209	237.174016	42.008642	24.699272
2.087442	237.182802	42.010183	24.700783
2.087674	237.191574	42.011722	24.702291
2.087907	237.200335	42.013259	24.703798
2.088140	237.209083	42.014793	24.705302
2.088372	237.217818	42.016326	24.706804
2.088605	237.226541	42.017856	24.708304
2.088837	237.235251	42.019384	24.709802
2.089070	237.243948	42.020910	24.711297
2.089302	237.252633	42.022433	24.712790
2.089535	237.261304	42.023954	24.714281
2.089767	237.269963	42.025473	24.715770
2.090000	237.278608	42.026990	24.717257
2.090233	237.287242	42.028505	24.718742
2.090465	237.295865	42.030017	24.720224
2.090698	237.304477	42.031528	24.721705
2.090930	237.313079	42.033037	24.723185
2.091163	237.321670	42.034544	24.724662
2.091395	237.330250	42.036050	24.726137
2.091628	237.338820	42.037553	24.727611
2.091860	237.347378	42.039054	24.729082
2.092093	237.355925	42.040554	24.730552
2.092326	237.364461	42.042051	24.732020
2.092558	237.372986	42.043547	24.733486
2.092791	237.381500	42.045040	24.734950
2.093023	237.390003	42.046532	24.736412
2.093256	237.398494	42.048022	24.737872
2.093488	237.406973	42.049509	24.739330
2.093721	237.415441	42.050995	24.740787
2.093953	237.423898	42.052478	24.742241
2.094186	237.432343	42.053960	24.743693
2.094419	237.440776	42.055439	24.745143
2.094651	237.449197	42.056917	24.746591
2.094884	237.457606	42.058392	24.748037
2.095116	237.466004	42.059865	24.749481
2.095349	237.474389	42.061336	24.750923
2.095581	237.482763	42.062805	24.752363
2.095814	237.491124	42.064272	24.753801
2.096047	237.499473	42.065737	24.755237
2.096279	237.507810	42.067199	24.756670
2.096512	237.516134	42.068659	24.758102
2.096744	237.524446	42.070118	24.759531
2.096977	237.532746	42.071574	24.760958
2.097209	237.541033	42.073027	24.762383
2.097442	237.549307	42.074479	24.763806
2.097674	237.557569	42.075928	24.765227
2.097907	237.565817	42.077376	24.766645
2.098140	237.574053	42.078820	24.768062
2.098372	237.582276	42.080263	24.769476
2.098605	237.590487	42.081703	24.770887
2.098837	237.598684	42.083141	24.772297
2.099070	237.606868	42.084577	24.773704
2.099302	237.615038	42.086011	24.775109
2.099535	237.623196	42.087442	24.776512
2.099767	237.631340	42.088871	24.777913
2.100000	237.639471	42.090297	24.779311
2.100233	237.647590	42.091721	24.780707
2.100465	237.655698	42.093144	24.782101
2.100698	237.663795	42.094564	24.783494
2.100930	237.671882	42.095983	24.784884
2.101163	237.679957	42.097400	24.786273
2.101395	237.688022	42.098815	24.787660
2.101628	237.696075	42.100227	24.789045
2.101860	237.704117	42.101638	24.790428
2.102093	237.712148	42.103047	24.791809
2.102326	237.720168	42.104454	24.793188
2.102558	237.728177	42.105859	24.794565
2.102791	237.736174	42.107262	24.795940
2.103023	237.744159	42.108663	24.797314
2.103256	237.752133	42.110062	24.798685
2.103488	237.760095	42.111459	24.800054
2.103721	237.768045	42.112854	24.801421
2.103953	237.775984	42.114247	24.802787
2.104186	237.783911	42.115637	24.804150
2.104419	237.791826	42.117026	24.805511
2.104651	237.799728	42.118412	24.806870
2.104884	237.807619	42.119797	24.808227
2.105116	237.815497	42.121179	24.809581
2.105349	237.823363	42.122559	24.810934
2.105581	237.831217	42.123937	24.812285
2.105814	237.839058	42.125313	24.813633
2.106047	237.846887	42.126686	24.814980
2.106279	237.854704	42.128057	24.816324
2.106512	237.862507	42.129426	24.817666
2.106744	237.870298	42.130793	24.819005
2.106977	237.878076	42.132158	24.820343
2.107209	237.885842	42.133520	24.821678
2.107442	237.893594	42.134880	24.823012
2.107674	237.901333	42.136238	24.824343
2.107907	237.909060	42.137594	24.825671
2.108140	237.916773	42.138947	24.826998
2.108372	237.924473	42.140298	24.828322
2.108605	237.932159	42.141646	24.829644
2.108837	237.939832	42.142993	24.830963
2.109070	237.947492	42.144336	24.832280
2.109302	237.955138	42.145678	24.833595
2.109535	237.962771	42.147017	24.834908
2.109767	237.970390	42.148354	24.836218
2.110000	237.977995	42.149688	24.837526
2.110233	237.985588	42.151020	24.838832
2.110465	237.993170	42.152350	24.840136
2.110698	238.000741	42.153679	24.841438
2.110930	238.008301	42.155005	24.842738
2.111163	238.015850	42.156329	24.844036
2.111395	238.023388	42.157652	24.845332
2.111628	238.030915	42.158972	24.846627
2.111860	238.038430	42.160291	24.847919
2.112093	238.045934	42.161608	24.849210
2.112326	238.053427	42.162922	24.850498
2.112558	238.060908	42.164235	24.851785
2.112791	238.068377	42.165545	24.853069
2.113023	238.075835	42.166853	24.854352
2.113256	238.083280	42.168160	24.855632
2.113488	238.090714	42.169464	24.856910
2.113721	238.098136	42.170766	24.858187
2.113953	238.105546	42.172066	24.859461
2.114186	238.112944	42.173364	24.860733
2.114419	238.120330	42.174660	24.862003
2.114651	238.127703	42.175954	24.863271
2.114884	238.135064	42.177245	24.864537
2.115116	238.142413	42.178534	24.865801
2.115349	238.149749	42.179821	24.867063
2.115581	238.157072	42.181106	24.868322
2.115814	238.164383	42.182389	24.869579
2.116047	238.171681	42.183669	24.870834
2.116279	238.178966	42.184947	24.872087
2.116512	238.186238	42.186223	24.873338
2.116744	238.193497	42.187497	24.874586
2.116977	238.200743	42.188768	24.875832
2.117209	238.207976	42.190037	24.877076
2.117442	238.215196	42.191304	24.878318
2.117674	238.222402	42.192568	24.879557
2.117907	238.229595	42.193830	24.880794
2.118140	238.236775	42.195090	24.882029
2.118372	238.243941	42.196347	24.883261
2.118605	238.251093	42.197602	24.884491
2.118837	238.258231	42.198854	24.885719
2.119070	238.265356	42.200104	24.886944
2.119302	238.272467	42.201352	24.888167
2.119535	238.279564	42.202597	24.889387
2.119767	238.286646	42.203840	24.890605
2.120000	238.293715	42.205080	24.891821
2.120233	238.300771	42.206318	24.893034
2.120465	238.307816	42.207554	24.894246
2.120698	238.314850	42.208788	24.895456
2.120930	238.321873	42.210020	24.896664
2.121163	238.328885	42.211251	24.897869
2.121395	238.335886	42.212479	24.899073
2.121628	238.342875	42.213705	24.900275
2.121860	238.349853	42.214929	24.901475
2.122093	238.356819	42.216152	24.902673
2.122326	238.363774	42.217372	24.903869
2.122558	238.370717	42.218590	24.905063
2.122791	238.377648	42.219806	24.906255
2.123023	238.384567	42.221020	24.907445
2.123256	238.391474	42.222232	24.908633
2.123488	238.398369	42.223442	24.909819
2.123721	238.405252	42.224649	24.911002
2.123953	238.412123	42.225855	24.912184
2.124186	238.418982	42.227058	24.913364
2.124419	238.425828	42.228259	24.914541
2.124651	238.432661	42.229458	24.915716
2.124884	238.439482	42.230655	24.916889
2.125116	238.446290	42.231850	24.918060
2.125349	238.453086	42.233042	24.919229
2.125581	238.459868	42.234232	24.920395
2.125814	238.466638	42.235420	24.921559
2.126047	238.473394	42.236605	24.922721
2.126279	238.480138	42.237788	24.923881
2.126512	238.486868	42.238969	24.925038
2.126744	238.493585	42.240148	24.926193
2.126977	238.500289	42.241324	24.927346
2.127209	238.506979	42.242498	24.928497
2.127442	238.513655	42.243669	24.929645
2.127674	238.520318	42.244838	24.930791
2.127907	238.526967	42.246005	24.931934
2.128140	238.533602	42.247169	24.933075
2.128372	238.540224	42.248330	24.934214
2.128605	238.546831	42.249490	24.935350
2.128837	238.553424	42.250647	24.936484
2.129070	238.560003	42.251801	24.937616
2.129302	238.566568	42.252953	24.938745
2.129535	238.573119	42.254102	24.939871
2.129767	238.579655	42.255249	24.940995
2.130000	238.586176	42.256393	24.942117
2.130233	238.592685	42.257535	24.943236
2.130465	238.599182	42.258675	24.944354
2.130698	238.605669	42.259813	24.945469
2.130930	238.612144	42.260949	24.946583
2.131163	238.618609	42.262083	24.947695
2.131395	238.625061	42.263216	24.948805
2.131628	238.631503	42.264346	24.949912
2.131860	238.637933	42.265474	24.951018
2.132093	238.644351	42.266600	24.952122
2.132326	238.650757	42.267724	24.953224
2.132558	238.657151	42.268846	24.954323
2.132791	238.663534	42.269966	24.955421
2.133023	238.669904	42.271083	24.956517
2.133256	238.676263	42.272199	24.957610
2.133488	238.682609	42.273313	24.958702
2.133721	238.688943	42.274424	24.959791
2.133953	238.695264	42.275533	24.960878
2.134186	238.701573	42.276640	24.961963
2.134419	238.707869	42.277744	24.963046
2.134651	238.714152	42.278847	24.964127
2.134884	238.720423	42.279947	24.965205
2.135116	238.726680	42.281045	24.966281
2.135349	238.732925	42.282141	24.967355
2.135581	238.739156	42.283234	24.968427
2.135814	238.745375	42.284325	24.969496
2.136047	238.751580	42.285414	24.970564
2.136279	238.757771	42.286500	24.971628
2.136512	238.763949	42.287584	24.972691
2.136744	238.770114	42.288666	24.973751
2.136977	238.776264	42.289745	24.974809
2.137209	238.782401	42.290822	24.975864
2.137442	238.788524	42.291896	24.976918
2.137674	238.794633	42.292968	24.977968
2.137907	238.800728	42.294037	24.979016
2.138140	238.806809	42.295104	24.980062
2.138372	238.812876	42.296169	24.981106
2.138605	238.818928	42.297231	24.982147
2.138837	238.824965	42.298290	24.983185
2.139070	238.830988	42.299347	24.984221
2.139302	238.836997	42.300401	24.985254
2.139535	238.842990	42.301453	24.986285
2.139767	238.848969	42.302502	24.987313
2.140000	238.854933	42.303548	24.988339
2.140233	238.860884	42.304592	24.989362
2.140465	238.866824	42.305634	24.990384
2.140698	238.872752	42.306675	24.991404
2.140930	238.878670	42.307713	24.992421
2.141163	238.884576	42.308749	24.993437
2.141395	238.890471	42.309784	24.994451
2.141628	238.896354	42.310816	24.995463
2.141860	238.902225	42.311846	24.996473
2.142093	238.908085	42.312874	24.997481
2.142326	238.913933	42.313900	24.998486
2.142558	238.919769	42.314924	24.999490
2.142791	238.925593	42.315946	25.000492
2.143023	238.931404	42.316966	25.001491
2.143256	238.937204	42.317983	25.002489
2.143488	238.942991	42.318999	25.003484
2.143721	238.948765	42.320012	25.004477
2.143953	238.954527	42.321023	25.005468
2.144186	238.960276	42.322032	25.006457
2.144419	238.966012	42.323038	25.007443
2.144651	238.971735	42.324043	25.008428
2.144884	238.977446	42.325045	25.009410
2.145116	238.983143	42.326044	25.010390
2.145349	238.988827	42.327042	25.011367
2.145581	238.994497	42.328037	25.012343
2.145814	239.000154	42.329029	25.013316
2.146047	239.005797	42.330019	25.014286
2.146279	239.011427	42.331007	25.015254
2.146512	239.017043	42.331993	25.016220
2.146744	239.022645	42.332976	25.017184
2.146977	239.028233	42.333956	25.018145
2.147209	239.033807	42.334934	25.019104
2.147442	239.039366	42.335910	25.020060
2.147674	239.044911	42.336883	25.021013
2.147907	239.050442	42.337853	25.021965
2.148140	239.055958	42.338821	25.022913
2.148372	239.061460	42.339786	25.023860
2.148605	239.066947	42.340749	25.024803
2.148837	239.072419	42.341709	25.025744
2.149070	239.077875	42.342667	25.026683
2.149302	239.083317	42.343622	25.027619
2.149535	239.088744	42.344574	25.028552
2.149767	239.094155	42.345523	25.029483
2.150000	239.099551	42.346470	25.030411
2.150233	239.104934	42.347414	25.031337
2.150465	239.110305	42.348357	25.032261
2.150698	239.115666	42.349298	25.033183
2.150930	239.121015	42.350236	25.034103
2.151163	239.126354	42.351173	25.035021
2.151395	239.131680	42.352108	25.035937
2.151628	239.136995	42.353040	25.036851
2.151860	239.142299	42.353971	25.037763
2.152093	239.147590	42.354899	25.038673
2.152326	239.152870	42.355826	25.039581
2.152558	239.158138	42.356750	25.040487
2.152791	239.163393	42.357672	25.041391
2.153023	239.168636	42.358592	25.042293
2.153256	239.173867	42.359510	25.043193
2.153488	239.179085	42.360425	25.044090
2.153721	239.184290	42.361339	25.044985
2.153953	239.189483	42.362250	25.045878
2.154186	239.194663	42.363159	25.046769
2.154419	239.199830	42.364066	25.047658
2.154651	239.204983	42.364970	25.048544
2.154884	239.210124	42.365872	25.049428
2.155116	239.215251	42.366771	25.050310
2.155349	239.220364	42.367669	25.051190
2.155581	239.225464	42.368563	25.052067
2.155814	239.230550	42.369456	25.052942
2.156047	239.235622	42.370346	25.053814
2.156279	239.240681	42.371233	25.054684
2.156512	239.245725	42.372119	25.055551
2.156744	239.250755	42.373001	25.056416
2.156977	239.255770	42.373881	25.057279
2.157209	239.260771	42.374759	25.058139
2.157442	239.265758	42.375634	25.058997
2.157674	239.270729	42.376506	25.059852
2.157907	239.275686	42.377376	25.060704
2.158140	239.280628	42.378243	25.061554
2.158372	239.285555	42.379107	25.062402
2.158605	239.290466	42.379969	25.063247
2.158837	239.295363	42.380828	25.064089
2.159070	239.300244	42.381685	25.064928
2.159302	239.305109	42.382539	25.065765
2.159535	239.309958	42.383389	25.066599
2.159767	239.314792	42.384238	25.067430
2.160000	239.319610	42.385083	25.068259
2.160233	239.324414	42.385926	25.069085
2.160465	239.329208	42.386767	25.069910
2.160698	239.333991	42.387606	25.070732
2.160930	239.338762	42.388444	25.071553
2.161163	239.343522	42.389279	25.072372
2.161395	239.348271	42.390112	25.073189
2.161628	239.353008	42.390943	25.074003
2.161860	239.357734	42.391773	25.074816
2.162093	239.362448	42.392600	25.075627
2.162326	239.367150	42.393425	25.076435
2.162558	239.371839	42.394248	25.077242
2.162791	239.376517	42.395068	25.078047
2.163023	239.381182	42.395887	25.078849
2.163256	239.385834	42.396703	25.079649
2.163488	239.390474	42.397518	25.080447
2.163721	239.395102	42.398329	25.081243
2.163953	239.399716	42.399139	25.082037
2.164186	239.404317	42.399946	25.082828
2.164419	239.408905	42.400752	25.083617
2.164651	239.413480	42.401554	25.084404
2.164884	239.418041	42.402355	25.085188
2.165116	239.422588	42.403153	25.085971
2.165349	239.427122	42.403948	25.086750
2.165581	239.431642	42.404741	25.087528
2.165814	239.436148	42.405532	25.088303
2.166047	239.440640	42.406320	25.089075
2.166279	239.445117	42.407106	25.089845
2.166512	239.449580	42.407889	25.090613
2.166744	239.454028	42.408669	25.091378
2.166977	239.458462	42.409447	25.092141
2.167209	239.462881	42.410223	25.092901
2.167442	239.467285	42.410995	25.093658
2.167674	239.471673	42.411766	25.094413
2.167907	239.476047	42.412533	25.095165
2.168140	239.480405	42.413298	25.095915
2.168372	239.484747	42.414060	25.096662
2.168605	239.489074	42.414819	25.097406
2.168837	239.493385	42.415575	25.098147
2.169070	239.497680	42.416329	25.098886
2.169302	239.501958	42.417080	25.099622
2.169535	239.506221	42.417828	25.100355
2.169767	239.510467	42.418573	25.101085
2.170000	239.514697	42.419315	25.101813
2.170233	239.518913	42.420055	25.102538
2.170465	239.523119	42.420793	25.103262
2.170698	239.527313	42.421529	25.103983
2.170930	239.531497	42.422263	25.104703
2.171163	239.535670	42.422995	25.105420
2.171395	239.539831	42.423725	25.106136
2.171628	239.543981	42.424454	25.106850
2.171860	239.548120	42.425180	25.107562
2.172093	239.552246	42.425904	25.108272
2.172326	239.556361	42.426626	25.108979
2.172558	239.560464	42.427346	25.109685
2.172791	239.564554	42.428064	25.110389
2.173023	239.568632	42.428779	25.111090
2.173256	239.572698	42.429493	25.111789
2.173488	239.576751	42.430204	25.112486
2.173721	239.580791	42.430913	25.113181
2.173953	239.584817	42.431619	25.113874
2.174186	239.588831	42.432324	25.114564
2.174419	239.592831	42.433026	25.115252
2.174651	239.596818	42.433725	25.115938
2.174884	239.600791	42.434422	25.116622
2.175116	239.604751	42.435117	25.117303
2.175349	239.608696	42.435809	25.117981
2.175581	239.612627	42.436499	25.118657
2.175814	239.616544	42.437186	25.119331
2.176047	239.620446	42.437871	25.120002
2.176279	239.624334	42.438553	25.120671
2.176512	239.628207	42.439233	25.121337
2.176744	239.632065	42.439910	25.122001
2.176977	239.635908	42.440584	25.122662
2.177209	239.639735	42.441256	25.123320
2.177442	239.643547	42.441925	25.123976
2.177674	239.647344	42.442591	25.124629
2.177907	239.651124	42.443254	25.125279
2.178140	239.654889	42.443915	25.125927
2.178372	239.658638	42.444573	25.126571
2.178605	239.662370	42.445228	25.127213
2.178837	239.666086	42.445880	25.127853
2.179070	239.669785	42.446529	25.128489
2.179302	239.673468	42.447175	25.129122
2.179535	239.677134	42.447818	25.129753
2.179767	239.680783	42.448459	25.130380
2.180000	239.684414	42.449096	25.131005
2.180233	239.688032	42.449731	25.131627
2.180465	239.691639	42.450364	25.132248
2.180698	239.695236	42.450995	25.132866
2.180930	239.698823	42.451624	25.133483
2.181163	239.702399	42.452252	25.134098
2.181395	239.705964	42.452877	25.134712
2.181628	239.709517	42.453501	25.135323
2.181860	239.713059	42.454123	25.135932
2.182093	239.716590	42.454742	25.136539
2.182326	239.720109	42.455360	25.137144
2.182558	239.723616	42.455975	25.137748
2.182791	239.727110	42.456588	25.138349
2.183023	239.730593	42.457199	25.138948
2.183256	239.734063	42.457808	25.139544
2.183488	239.737520	42.458415	25.140139
2.183721	239.740964	42.459019	25.140732
2.183953	239.744395	42.459621	25.141322
2.184186	239.747813	42.460221	25.141910
2.184419	239.751218	42.460818	25.142495
2.184651	239.754608	42.461413	25.143078
2.184884	239.757985	42.462006	25.143659
2.185116	239.761348	42.462596	25.144237
2.185349	239.764696	42.463184	25.144813
2.185581	239.768030	42.463769	25.145387
2.185814	239.771350	42.464351	25.145958
2.186047	239.774654	42.464931	25.146526
2.186279	239.777944	42.465508	25.147092
2.186512	239.781218	42.466083	25.147655
2.186744	239.784477	42.466655	25.148216
2.186977	239.787720	42.467224	25.148773
2.187209	239.790948	42.467790	25.149328
2.187442	239.794159	42.468354	25.149881
2.187674	239.797354	42.468914	25.150430
2.187907	239.800533	42.469472	25.150977
2.188140	239.803696	42.470027	25.151521
2.188372	239.806841	42.470579	25.152062
2.188605	239.809970	42.471128	25.152600
2.188837	239.813081	42.471674	25.153135
2.189070	239.816176	42.472217	25.153668
2.189302	239.819252	42.472757	25.154197
2.189535	239.822311	42.473294	25.154723
2.189767	239.825352	42.473828	25.155246
2.190000	239.828375	42.474358	25.155766
2.190233	239.831384	42.474886	25.156284
2.190465	239.834384	42.475412	25.156800
2.190698	239.837373	42.475937	25.157314
2.190930	239.840353	42.476460	25.157826
2.191163	239.843323	42.476981	25.158337
2.191395	239.846282	42.477500	25.158846
2.191628	239.849230	42.478018	25.159353
2.191860	239.852167	42.478533	25.159858
2.192093	239.855093	42.479047	25.160362
2.192326	239.858008	42.479558	25.160863
2.192558	239.860911	42.480068	25.161362
2.192791	239.863802	42.480575	25.161860
2.193023	239.866681	42.481080	25.162355
2.193256	239.869547	42.481583	25.162848
2.193488	239.872401	42.482084	25.163339
2.193721	239.875242	42.482583	25.163827
2.193953	239.878070	42.483079	25.164314
2.194186	239.880884	42.483573	25.164798
2.194419	239.883685	42.484064	25.165280
2.194651	239.886472	42.484553	25.165759
2.194884	239.889245	42.485040	25.166236
2.195116	239.892003	42.485524	25.166711
2.195349	239.894747	42.486006	25.167183
2.195581	239.897477	42.486485	25.167652
2.195814	239.900191	42.486961	25.168119
2.196047	239.902890	42.487435	25.168583
2.196279	239.905573	42.487905	25.169045
2.196512	239.908241	42.488374	25.169504
2.196744	239.910893	42.488839	25.169960
2.196977	239.913528	42.489301	25.170413
2.197209	239.916148	42.489761	25.170864
2.197442	239.918750	42.490218	25.171311
2.197674	239.921335	42.490672	25.171756
2.197907	239.923904	42.491122	25.172198
2.198140	239.926455	42.491570	25.172637
2.198372	239.928988	42.492014	25.173072
2.198605	239.931503	42.492456	25.173505
2.198837	239.934000	42.492894	25.173935
2.199070	239.936479	42.493329	25.174361
2.199302	239.938939	42.493761	25.174784
2.199535	239.941381	42.494189	25.175204
2.199767	239.943803	42.494614	25.175621
2.200000	239.946206	42.495036	25.176034
2.200233	239.948595	42.495455	25.176445
2.200465	239.950976	42.495873	25.176854
2.200698	239.953348	42.496289	25.177262
2.200930	239.955712	42.496704	25.177669
2.201163	239.958066	42.497117	25.178074
2.201395	239.960410	42.497529	25.178477
2.201628	239.962744	42.497938	25.178879
2.201860	239.965069	42.498346	25.179278
2.202093	239.967383	42.498752	25.179676
2.202326	239.969685	42.499156	25.180073
2.202558	239.971977	42.499558	25.180467
2.202791	239.974258	42.499959	25.180859
2.203023	239.976526	42.500357	25.181249
2.203256	239.978783	42.500753	25.181637
2.203488	239.981027	42.501147	25.182023
2.203721	239.983258	42.501538	25.182407
2.203953	239.985476	42.501927	25.182789
2.204186	239.987681	42.502314	25.183168
2.204419	239.989873	42.502699	25.183545
2.204651	239.992050	42.503081	25.183919
2.204884	239.994213	42.503461	25.184291
2.205116	239.996361	42.503838	25.184661
2.205349	239.998495	42.504212	25.185028
2.205581	240.000613	42.504584	25.185392
2.205814	240.002716	42.504953	25.185754
2.206047	240.004803	42.505319	25.186113
2.206279	240.006873	42.505682	25.186469
2.206512	240.008927	42.506043	25.186822
2.206744	240.010965	42.506400	25.187173
2.206977	240.012985	42.506755	25.187520
2.207209	240.014988	42.507106	25.187865
2.207442	240.016973	42.507455	25.188206
2.207674	240.018940	42.507800	25.188544
2.207907	240.020889	42.508142	25.188880
2.208140	240.022819	42.508480	25.189211
2.208372	240.024730	42.508816	25.189540
2.208605	240.026621	42.509148	25.189866
2.208837	240.028493	42.509476	25.190188
2.209070	240.030345	42.509801	25.190506
2.209302	240.032177	42.510123	25.190821
2.209535	240.033988	42.510440	25.191133
2.209767	240.035779	42.510755	25.191441
2.210000	240.037548	42.511065	25.191745
2.210233	240.039304	42.511373	25.192047
2.210465	240.041053	42.511680	25.192348
2.210698	240.042797	42.511986	25.192648
2.210930	240.044534	42.512291	25.192947
2.211163	240.046263	42.512594	25.193244
2.211395	240.047985	42.512896	25.193540
2.211628	240.049698	42.513197	25.193835
2.211860	240.051403	42.513496	25.194128
2.212093	240.053099	42.513794	25.194420
2.212326	240.054785	42.514090	25.194710
2.212558	240.056461	42.514384	25.194998
2.212791	240.058127	42.514676	25.195285
2.213023	240.059782	42.514966	25.195569
2.213256	240.061425	42.515255	25.195852
2.213488	240.063057	42.515541	25.196133
2.213721	240.064676	42.515825	25.196411
2.213953	240.066282	42.516107	25.196688
2.214186	240.067876	42.516387	25.196962
2.214419	240.069455	42.516664	25.197233
2.214651	240.071020	42.516938	25.197503
2.214884	240.072571	42.517210	25.197769
2.215116	240.074107	42.517480	25.198033
2.215349	240.075627	42.517747	25.198295
2.215581	240.077131	42.518011	25.198554
2.215814	240.078618	42.518272	25.198810
2.216047	240.080089	42.518530	25.199063
2.216279	240.081542	42.518785	25.199313
2.216512	240.082978	42.519036	25.199559
2.216744	240.084395	42.519285	25.199803
2.216977	240.085793	42.519530	25.200044
2.217209	240.087173	42.519772	25.200281
2.217442	240.088532	42.520011	25.200515
2.217674	240.089871	42.520246	25.200745
2.217907	240.091190	42.520477	25.200972
2.218140	240.092488	42.520705	25.201195
2.218372	240.093764	42.520929	25.201415
2.218605	240.095018	42.521149	25.201630
2.218837	240.096250	42.521365	25.201842
2.219070	240.097458	42.521577	25.202050
2.219302	240.098644	42.521785	25.202254
2.219535	240.099805	42.521989	25.202454
2.219767	240.100942	42.522189	25.202650
2.220000	240.102055	42.522384	25.202841
2.220233	240.103156	42.522577	25.203030
2.220465	240.104258	42.522771	25.203220
2.220698	240.105360	42.522964	25.203409
2.220930	240.106461	42.523157	25.203599
2.221163	240.107561	42.523350	25.203788
2.221395	240.108658	42.523543	25.203977
2.221628	240.109752	42.523735	25.204165
2.221860	240.110842	42.523926	25.204353
2.222093	240.111927	42.524116	25.204539
2.222326	240.113005	42.524306	25.204725
2.222558	240.114077	42.524494	25.204909
2.222791	240.115141	42.524681	25.205092
2.223023	240.116196	42.524866	25.205274
2.223256	240.117241	42.525049	25.205453
2.223488	240.118277	42.525231	25.205631
2.223721	240.119300	42.525411	25.205808
2.223953	240.120312	42.525588	25.205981
2.224186	240.121310	42.525763	25.206153
2.224419	240.122294	42.525936	25.206323
2.224651	240.123264	42.526106	25.206489
2.224884	240.124217	42.526273	25.206653
2.225116	240.125154	42.526438	25.206814
2.225349	240.126073	42.526599	25.206973
2.225581	240.126974	42.526757	25.207128
2.225814	240.127855	42.526912	25.207279
2.226047	240.128716	42.527063	25.207427
2.226279	240.129556	42.527211	25.207572
2.226512	240.130374	42.527354	25.207712
2.226744	240.131169	42.527494	25.207849
2.226977	240.131941	42.527629	25.207982
2.227209	240.132687	42.527760	25.208110
2.227442	240.133408	42.527887	25.208234
2.227674	240.134102	42.528008	25.208354
2.227907	240.134769	42.528125	25.208469
2.228140	240.135408	42.528238	25.208578
2.228372	240.136018	42.528345	25.208683
2.228605	240.136597	42.528446	25.208783
2.228837	240.137146	42.528543	25.208877
2.229070	240.137663	42.528633	25.208966
2.229302	240.138147	42.528718	25.209049
2.229535	240.138597	42.528797	25.209127
2.229767	240.139013	42.528870	25.209199
2.230000	240.139394	42.528937	25.209264
2.230233	240.139745	42.528999	25.209326
2.230465	240.140075	42.529056	25.209388
2.230698	240.140384	42.529111	25.209450
2.230930	240.140673	42.529161	25.209511
2.231163	240.140944	42.529209	25.209571
2.231395	240.141197	42.529253	25.209631
2.231628	240.141435	42.529295	25.209690
2.231860	240.141658	42.529334	25.209749
2.232093	240.141867	42.529371	25.209807
2.232326	240.142064	42.529406	25.209864
2.232558	240.142250	42.529438	25.209920
2.232791	240.142425	42.529469	25.209975
2.233023	240.142592	42.529498	25.210030
2.233256	240.142750	42.529526	25.210083
2.233488	240.142902	42.529553	25.210136
2.233721	240.143049	42.529578	25.210187
2.233953	240.143191	42.529603	25.210237
2.234186	240.143331	42.529628	25.210286
2.234419	240.143468	42.529652	25.210334
2.234651	240.143605	42.529676	25.210380
2.234884	240.143742	42.529700	25.210425
2.235116	240.143881	42.529724	25.210468
2.235349	240.144022	42.529749	25.210510
2.235581	240.144168	42.529775	25.210551
2.235814	240.144319	42.529801	25.210590
2.236047	240.144476	42.529829	25.210627
2.236279	240.144640	42.529857	25.210663
2.236512	240.144813	42.529888	25.210697
2.236744	240.144996	42.529920	25.210729
2.236977	240.145190	42.529954	25.210759
2.237209	240.145396	42.529990	25.210787
2.237442	240.145616	42.530029	25.210814
2.237674	240.145850	42.530070	25.210838
2.237907	240.146100	42.530114	25.210860
2.238140	240.146367	42.530160	25.210880
2.238372	240.146651	42.530210	25.210898
2.238605	240.146955	42.530264	25.210914
2.238837	240.147280	42.530321	25.210928
2.239070	240.147626	42.530381	25.210939
2.239302	240.147994	42.530446	25.210948
2.239535	240.148387	42.530515	25.210954
2.239767	240.148805	42.530588	25.210958
2.240000	240.149249	42.530666	25.210959
2.240233	240.158991	42.532376	25.210956
2.240465	240.186718	42.537244	25.210949
2.240698	240.231552	42.545114	25.210936
2.240930	240.292614	42.555833	25.210919
2.241163	240.369027	42.569247	25.210897
2.241395	240.459914	42.585202	25.210870
2.241628	240.564396	42.603544	25.210839
2.241860	240.681596	42.624117	25.210804
2.242093	240.810635	42.646770	25.210764
2.242326	240.950636	42.671347	25.210720
2.242558	241.100722	42.697694	25.210673
2.242791	241.260013	42.725657	25.210622
2.243023	241.427634	42.755082	25.210567
2.243256	241.602705	42.785815	25.210508
2.243488	241.784349	42.817702	25.210447
2.243721	241.971688	42.850589	25.210382
2.243953	242.163845	42.884322	25.210314
2.244186	242.359941	42.918746	25.210242
2.244419	242.559098	42.953707	25.210168
2.244651	242.760440	42.989052	25.210092
2.244884	242.963087	43.024626	25.210012
2.245116	243.166163	43.060275	25.209931
2.245349	243.368790	43.095846	25.209847
2.245581	243.570088	43.131183	25.209760
2.245814	243.769182	43.166134	25.209672
2.246047	243.965193	43.200543	25.209581
2.246279	244.157243	43.234256	25.209489
2.246512	244.344455	43.267121	25.209396
2.246744	244.525950	43.298982	25.209300
2.246977	244.700850	43.329685	25.209203
2.247209	244.868279	43.359077	25.209105
2.247442	245.027358	43.387002	25.209006
2.247674	245.177210	43.413308	25.208906
2.247907	245.316956	43.437840	25.208805
2.248140	245.445718	43.460444	25.208703
2.248372	245.562620	43.480966	25.208600
2.248605	245.666782	43.499251	25.208497
2.248837	245.757328	43.515147	25.208393
2.249070	245.833380	43.528497	25.208290
2.249302	245.894059	43.539149	25.208186
2.249535	245.938488	43.546949	25.208082
2.249767	245.965790	43.551741	25.207978
2.250000	245.975085	43.553373	25.207875
2.250233	245.911725	43.542268	25.207769
2.250465	245.725467	43.509622	25.207658
2.250698	245.422041	43.456440	25.207541
2.250930	245.007177	43.383726	25.207419
2.251163	244.486608	43.292485	25.207293
2.251395	243.866063	43.183721	25.207161
2.251628	243.151273	43.058439	25.207025
2.251860	242.347970	42.917643	25.206884
2.252093	241.461884	42.762339	25.206738
2.252326	240.498746	42.593529	25.206588
2.252558	239.464286	42.412220	25.206434
2.252791	238.364237	42.219415	25.206275
2.253023	237.204327	42.016119	25.206113
2.253256	235.990290	41.803337	25.205946
2.253488	234.727854	41.582072	25.205776
2.253721	233.422751	41.353330	25.205602
2.253953	232.080712	41.118115	25.205425
2.254186	230.707468	40.877432	25.205244
2.254419	229.308750	40.632284	25.205060
2.254651	227.890287	40.383678	25.204872
2.254884	226.457812	40.132616	25.204682
2.255116	225.017056	39.880104	25.204488
2.255349	223.573748	39.627146	25.204292
2.255581	222.133619	39.374746	25.204093
2.255814	220.702402	39.123910	25.203892
2.256047	219.285825	38.875642	25.203688
2.256279	217.889621	38.630945	25.203481
2.256512	216.519520	38.390826	25.203273
2.256744	215.181253	38.156288	25.203062
2.256977	213.880551	37.928335	25.202849
2.257209	212.623144	37.707973	25.202635
2.257442	211.414764	37.496205	25.202419
2.257674	210.261141	37.294037	25.202201
2.257907	209.168007	37.102473	25.201982
2.258140	208.141091	36.922517	25.201761
2.258372	207.186125	36.755173	25.201539
2.258605	206.308840	36.601448	25.201316
2.258837	205.514966	36.462344	25.201092
2.259070	204.810234	36.338866	25.200867
2.259302	204.200376	36.232020	25.200641
2.259535	203.691122	36.142809	25.200415
2.259767	203.288203	36.072238	25.200188
2.260000	202.997349	36.021311	25.199961
2.260233	202.769569	35.981440	25.199731
2.260465	202.551786	35.943318	25.199498
2.260698	202.343602	35.906878	25.199260
2.260930	202.144620	35.872048	25.199018
2.261163	201.954443	35.838760	25.198772
2.261395	201.772675	35.806944	25.198522
2.261628	201.598918	35.776531	25.198269
2.261860	201.432775	35.747450	25.198011
2.262093	201.273849	35.719633	25.197750
2.262326	201.121742	35.693010	25.197485
2.262558	200.976059	35.667512	25.197217
2.262791	200.836401	35.643068	25.196945
2.263023	200.702372	35.619610	25.196669
2.263256	200.573575	35.597068	25.196391
2.263488	200.449612	35.575372	25.196109
2.263721	200.330087	35.554453	25.195824
2.263953	200.214602	35.534242	25.195535
2.264186	200.102760	35.514668	25.195244
2.264419	199.994164	35.495663	25.194950
2.264651	199.888418	35.477157	25.194653
2.264884	199.785124	35.459080	25.194352
2.265116	199.683885	35.441363	25.194049
2.265349	199.584304	35.423936	25.193744
2.265581	199.485984	35.406730	25.193436
2.265814	199.388527	35.389676	25.193125
2.266047	199.291538	35.372703	25.192812
2.266279	199.194618	35.355742	25.192496
2.266512	199.097370	35.338725	25.192178
2.266744	198.999399	35.321580	25.191857
2.266977	198.900305	35.304239	25.191535
2.267209	198.799693	35.286633	25.191210
2.267442	198.697166	35.268691	25.190883
2.267674	198.592325	35.250344	25.190555
2.267907	198.484775	35.231524	25.190224
2.268140	198.374118	35.212159	25.189891
2.268372	198.259957	35.192181	25.189557
2.268605	198.141895	35.171520	25.189221
2.268837	198.019534	35.150107	25.188883
2.269070	197.892479	35.127872	25.188544
2.269302	197.760331	35.104746	25.188203
2.269535	197.622694	35.080658	25.187861
2.269767	197.479171	35.055541	25.187518
2.270000	197.329364	35.029323	25.187173
2.270233	197.175438	35.002385	25.186826
2.270465	197.019839	34.975153	25.186475
2.270698	196.862588	34.947633	25.186120
2.270930	196.703709	34.919828	25.185761
2.271163	196.543224	34.891743	25.185399
2.271395	196.381157	34.863380	25.185034
2.271628	196.217529	34.834745	25.184664
2.271860	196.052365	34.805840	25.184292
2.272093	195.885686	34.776671	25.183916
2.272326	195.717516	34.747241	25.183536
2.272558	195.547877	34.717554	25.183154
2.272791	195.376792	34.687614	25.182768
2.273023	195.204284	34.657425	25.182378
2.273256	195.030376	34.626991	25.181986
2.273488	194.855091	34.596316	25.181590
2.273721	194.678451	34.565404	25.181192
2.273953	194.500479	34.534259	25.180790
2.274186	194.321199	34.502885	25.180386
2.274419	194.140632	34.471286	25.179978
2.274651	193.958802	34.439466	25.179568
2.274884	193.775731	34.407429	25.179155
2.275116	193.591443	34.375178	25.178739
2.275349	193.405960	34.342719	25.178321
2.275581	193.219305	34.310055	25.177900
2.275814	193.031500	34.277189	25.177476
2.276047	192.842570	34.244126	25.177050
2.276279	192.652535	34.210871	25.176621
2.276512	192.461420	34.177426	25.176190
2.276744	192.269247	34.143795	25.175756
2.276977	192.076039	34.109984	25.175320
2.277209	191.881818	34.075995	25.174882
2.277442	191.686609	34.041834	25.174442
2.277674	191.490432	34.007503	25.173999
2.277907	191.293311	33.973006	25.173554
2.278140	191.095270	33.938349	25.173107
2.278372	190.896330	33.903534	25.172658
2.278605	190.696515	33.868566	25.172208
2.278837	190.495847	33.833448	25.171755
2.279070	190.294350	33.798185	25.171300
2.279302	190.092045	33.762781	25.170844
2.279535	189.888956	33.727240	25.170386
2.279767	189.685106	33.691565	25.169926
2.280000	189.480518	33.655761	25.169464
2.280233	189.274775	33.619755	25.169000
2.280465	189.067457	33.583473	25.168532
2.280698	188.858584	33.546919	25.168061
2.280930	188.648172	33.510097	25.167586
2.281163	188.436240	33.473008	25.167108
2.281395	188.222805	33.435656	25.166626
2.281628	188.007886	33.398045	25.166141
2.281860	187.791501	33.360177	25.165653
2.282093	187.573667	33.322056	25.165162
2.282326	187.354403	33.283685	25.164667
2.282558	187.133726	33.245066	25.164169
2.282791	186.911654	33.206203	25.163668
2.283023	186.688206	33.167099	25.163164
2.283256	186.463399	33.127758	25.162657
2.283488	186.237251	33.088181	25.162147
2.283721	186.009781	33.048374	25.161634
2.283953	185.781006	33.008337	25.161117
2.284186	185.550944	32.968076	25.160598
2.284419	185.319613	32.927592	25.160076
2.284651	185.087031	32.886889	25.159552
2.284884	184.853216	32.845970	25.159024
2.285116	184.618186	32.804839	25.158494
2.285349	184.381959	32.763497	25.157961
2.285581	184.144553	32.721950	25.157425
2.285814	183.905986	32.680198	25.156887
2.286047	183.666276	32.638247	25.156346
2.286279	183.425440	32.596098	25.155803
2.286512	183.183497	32.553755	25.155257
2.286744	182.940465	32.511221	25.154709
2.286977	182.696362	32.468500	25.154158
2.287209	182.451205	32.425593	25.153605
2.287442	182.205013	32.382505	25.153049
2.287674	181.957803	32.339239	25.152492
2.287907	181.709594	32.295797	25.151931
2.288140	181.460403	32.252184	25.151369
2.288372	181.210248	32.208401	25.150805
2.288605	180.959148	32.164452	25.150238
2.288837	180.707120	32.120340	25.149670
2.289070	180.454183	32.076069	25.149099
2.289302	180.200354	32.031641	25.148526
2.289535	179.945651	31.987060	25.147951
2.289767	179.690092	31.942328	25.147375
2.290000	179.433695	31.897449	25.146796
2.290233	179.173841	31.851964	25.146215
2.290465	178.908125	31.805453	25.145630
2.290698	178.636888	31.757976	25.145042
2.290930	178.360472	31.709591	25.144451
2.291163	178.079218	31.660359	25.143856
2.291395	177.793465	31.610339	25.143258
2.291628	177.503557	31.559592	25.142657
2.291860	177.209833	31.508176	25.142052
2.292093	176.912634	31.456151	25.141445
2.292326	176.612303	31.403578	25.140834
2.292558	176.309179	31.350515	25.140220
2.292791	176.003604	31.297023	25.139603
2.293023	175.695918	31.243161	25.138983
2.293256	175.386464	31.188990	25.138360
2.293488	175.075581	31.134567	25.137734
2.293721	174.763611	31.079954	25.137105
2.293953	174.450895	31.025210	25.136473
2.294186	174.137774	30.970395	25.135838
2.294419	173.824589	30.915568	25.135201
2.294651	173.511682	30.860789	25.134560
2.294884	173.199392	30.806118	25.133917
2.295116	172.888062	30.751614	25.133271
2.295349	172.578031	30.697338	25.132622
2.295581	172.269642	30.643348	25.131971
2.295814	171.963236	30.589705	25.131317
2.296047	171.659152	30.536468	25.130660
2.296279	171.357733	30.483697	25.130001
2.296512	171.059320	30.431452	25.129339
2.296744	170.764252	30.379792	25.128675
2.296977	170.472873	30.328777	25.128008
2.297209	170.185522	30.278467	25.127339
2.297442	169.902540	30.228921	25.126667
2.297674	169.624269	30.180199	25.125993
2.297907	169.351050	30.132361	25.125317
2.298140	169.083223	30.085467	25.124638
2.298372	168.821130	30.039575	25.123957
2.298605	168.565112	29.994747	25.123274
2.298837	168.315510	29.951041	25.122588
2.299070	168.072664	29.908518	25.121901
2.299302	167.836917	29.867236	25.121211
2.299535	167.608608	29.827256	25.120519
2.299767	167.388080	29.788638	25.119825
2.300000	167.175672	29.751440	25.119129
2.300233	166.966207	29.714757	25.118430
2.300465	166.754495	29.677680	25.117728
2.300698	166.540859	29.640265	25.117023
2.300930	166.325620	29.602569	25.116314
2.301163	166.109102	29.564648	25.115602
2.301395	165.891628	29.526559	25.114887
2.301628	165.673521	29.488359	25.114169
2.301860	165.455103	29.450104	25.113448
2.302093	165.236697	29.411851	25.112723
2.302326	165.018625	29.373656	25.111995
2.302558	164.801212	29.335576	25.111265
2.302791	164.584778	29.297667	25.110531
2.303023	164.369648	29.259986	25.109794
2.303256	164.156144	29.222589	25.109054
2.303488	163.944588	29.185533	25.108312
2.303721	163.735304	29.148875	25.107566
2.303953	163.528614	29.112671	25.106817
2.304186	163.324842	29.076978	25.106066
2.304419	163.124309	29.041852	25.105312
2.304651	162.927338	29.007350	25.104554
2.304884	162.734253	28.973528	25.103795
2.305116	162.545376	28.940443	25.103032
2.305349	162.361030	28.908152	25.102267
2.305581	162.181538	28.876710	25.101498
2.305814	162.007222	28.846176	25.100728
2.306047	161.838405	28.816604	25.099954
2.306279	161.675411	28.788052	25.099178
2.306512	161.518561	28.760576	25.098400
2.306744	161.368179	28.734233	25.097618
2.306977	161.224587	28.709079	25.096835
2.307209	161.088108	28.685171	25.096049
2.307442	160.959065	28.662566	25.095260
2.307674	160.837781	28.641320	25.094469
2.307907	160.724578	28.621489	25.093675
2.308140	160.619780	28.603131	25.092879
2.308372	160.523708	28.586301	25.092081
2.308605	160.436686	28.571056	25.091280
2.308837	160.359037	28.557453	25.090477
2.309070	160.291083	28.545549	25.089672
2.309302	160.233148	28.535399	25.088865
2.309535	160.185553	28.527061	25.088055
2.309767	160.148622	28.520591	25.087243
2.310000	160.122677	28.516046	25.086429
2.310233	160.102785	28.512561	25.085612
2.310465	160.083776	28.509231	25.084792
2.310698	160.065617	28.506049	25.083969
2.310930	160.048273	28.503010	25.083142
2.311163	160.031713	28.500109	25.082313
2.311395	160.015903	28.497339	25.081480
2.311628	160.000811	28.494695	25.080644
2.311860	159.986403	28.492170	25.079805
2.312093	159.972646	28.489760	25.078963
2.312326	159.959506	28.487458	25.078117
2.312558	159.946952	28.485259	25.077269
2.312791	159.934950	28.483156	25.076418
2.313023	159.923467	28.481144	25.075563
2.313256	159.912470	28.479217	25.074706
2.313488	159.901926	28.477370	25.073846
2.313721	159.891801	28.475596	25.072983
2.313953	159.882064	28.473890	25.072117
2.314186	159.872680	28.472246	25.071248
2.314419	159.863616	28.470658	25.070376
2.314651	159.854840	28.469120	25.069501
2.314884	159.846319	28.467627	25.068624
2.315116	159.838019	28.466173	25.067744
2.315349	159.829908	28.464752	25.066861
2.315581	159.821952	28.463358	25.065975
2.315814	159.814119	28.461986	25.065087
2.316047	159.806375	28.460629	25.064196
2.316279	159.798687	28.459282	25.063302
2.316512	159.791022	28.457939	25.062406
2.316744	159.783347	28.456594	25.061507
2.316977	159.775630	28.455242	25.060606
2.317209	159.767837	28.453877	25.059702
2.317442	159.759934	28.452492	25.058795
2.317674	159.751890	28.451083	25.057886
2.317907	159.743671	28.449643	25.056975
2.318140	159.735243	28.448166	25.056061
2.318372	159.726575	28.446647	25.055144
2.318605	159.717632	28.445080	25.054226
2.318837	159.708381	28.443460	25.053304
2.319070	159.698791	28.441779	25.052381
2.319302	159.688827	28.440034	25.051455
2.319535	159.678457	28.438217	25.050527
2.319767	159.667647	28.436323	25.049597
2.320000	159.656365	28.434346	25.048664
2.320233	159.644816	28.432322	25.047729
2.320465	159.633226	28.430292	25.046790
2.320698	159.621597	28.428254	25.045848
2.320930	159.609929	28.426210	25.044903
2.321163	159.598222	28.424159	25.043955
2.321395	159.586477	28.422101	25.043004
2.321628	159.574693	28.420036	25.042049
2.321860	159.562870	28.417965	25.041092
2.322093	159.551010	28.415887	25.040131
2.322326	159.539112	28.413803	25.039168
2.322558	159.527177	28.411711	25.038201
2.322791	159.515205	28.409614	25.037232
2.323023	159.503196	28.407510	25.036259
2.323256	159.491151	28.405399	25.035283
2.323488	159.479069	28.403282	25.034305
2.323721	159.466951	28.401159	25.033323
2.323953	159.454798	28.399030	25.032339
2.324186	159.442609	28.396894	25.031352
2.324419	159.430385	28.394753	25.030362
2.324651	159.418126	28.392605	25.029369
2.324884	159.405832	28.390451	25.028373
2.325116	159.393504	28.388291	25.027375
2.325349	159.381142	28.386125	25.026374
2.325581	159.368747	28.383953	25.025370
2.325814	159.356317	28.381775	25.024363
2.326047	159.343855	28.379592	25.023354
2.326279	159.331359	28.377402	25.022342
2.326512	159.318831	28.375207	25.021327
2.326744	159.306271	28.373007	25.020310
2.326977	159.293678	28.370800	25.019290
2.327209	159.281053	28.368588	25.018267
2.327442	159.268397	28.366371	25.017242
2.327674	159.255709	28.364148	25.016215
2.327907	159.242991	28.361919	25.015185
2.328140	159.230241	28.359685	25.014152
2.328372	159.217461	28.357446	25.013117
2.328605	159.204651	28.355202	25.012079
2.328837	159.191810	28.352952	25.011039
2.329070	159.178941	28.350697	25.009997
2.329302	159.166041	28.348437	25.008952
2.329535	159.153113	28.346172	25.007905
2.329767	159.140155	28.343901	25.006856
2.330000	159.127169	28.341626	25.005804
2.330233	159.114149	28.339345	25.004749
2.330465	159.101089	28.337057	25.003692
2.330698	159.087991	28.334761	25.002631
2.330930	159.074853	28.332460	25.001567
2.331163	159.061677	28.330151	25.000500
2.331395	159.048463	28.327836	24.999429
2.331628	159.035210	28.325514	24.998356
2.331860	159.021920	28.323185	24.997280
2.332093	159.008591	28.320850	24.996200
2.332326	158.995226	28.318508	24.995118
2.332558	158.981823	28.316159	24.994032
2.332791	158.968383	28.313804	24.992943
2.333023	158.954907	28.311443	24.991852
2.333256	158.941394	28.309076	24.990758
2.333488	158.927845	28.306702	24.989660
2.333721	158.914260	28.304321	24.988560
2.333953	158.900639	28.301935	24.987457
2.334186	158.886983	28.299542	24.986351
2.334419	158.873292	28.297143	24.985242
2.334651	158.859566	28.294738	24.984130
2.334884	158.845805	28.292327	24.983015
2.335116	158.832009	28.289909	24.981898
2.335349	158.818179	28.287486	24.980778
2.335581	158.804316	28.285057	24.979655
2.335814	158.790418	28.282622	24.978529
2.336047	158.776488	28.280181	24.977401
2.336279	158.762524	28.277734	24.976270
2.336512	158.748526	28.275282	24.975136
2.336744	158.734497	28.272824	24.974000
2.336977	158.720434	28.270360	24.972861
2.337209	158.706340	28.267890	24.971720
2.337442	158.692213	28.265415	24.970575
2.337674	158.678055	28.262934	24.969429
2.337907	158.663865	28.260448	24.968279
2.338140	158.649644	28.257956	24.967127
2.338372	158.635392	28.255458	24.965973
2.338605	158.621109	28.252956	24.964816
2.338837	158.606796	28.250448	24.963657
2.339070	158.592452	28.247934	24.962495
2.339302	158.578078	28.245416	24.961331
2.339535	158.563674	28.242892	24.960164
2.339767	158.549241	28.240363	24.958995
2.340000	158.534779	28.237829	24.957824
2.340233	158.520282	28.235289	24.956650
2.340465	158.505747	28.232742	24.955473
2.340698	158.491172	28.230188	24.954292
2.340930	158.476559	28.227628	24.953108
2.341163	158.461908	28.225060	24.951922
2.341395	158.447218	28.222486	24.950732
2.341628	158.432491	28.219906	24.949539
2.341860	158.417725	28.217319	24.948343
2.342093	158.402923	28.214725	24.947144
2.342326	158.388082	28.212124	24.945942
2.342558	158.373205	28.209518	24.944737
2.342791	158.358291	28.206904	24.943529
2.343023	158.343341	28.204285	24.942318
2.343256	158.328354	28.201659	24.941105
2.343488	158.313331	28.199026	24.939888
2.343721	158.298272	28.196388	24.938668
2.343953	158.283178	28.193743	24.937446
2.344186	158.268047	28.191091	24.936220
2.344419	158.252882	28.188434	24.934992
2.344651	158.237682	28.185771	24.933761
2.344884	158.222447	28.183101	24.932527
2.345116	158.207177	28.180425	24.931290
2.345349	158.191873	28.177744	24.930050
2.345581	158.176535	28.175056	24.928808
2.345814	158.161162	28.172362	24.927563
2.346047	158.145757	28.169663	24.926315
2.346279	158.130317	28.166958	24.925064
2.346512	158.114845	28.164246	24.923811
2.346744	158.099339	28.161529	24.922555
2.346977	158.083801	28.158807	24.921297
2.347209	158.068230	28.156078	24.920036
2.347442	158.052627	28.153344	24.918772
2.347674	158.036992	28.150604	24.917505
2.347907	158.021325	28.147859	24.916236
2.348140	158.005626	28.145108	24.914965
2.348372	157.989896	28.142352	24.913691
2.348605	157.974134	28.139590	24.912414
2.348837	157.958342	28.136823	24.911135
2.349070	157.942519	28.134050	24.909853
2.349302	157.926665	28.131272	24.908569
2.349535	157.910781	28.128488	24.907282
2.349767	157.894867	28.125700	24.905993
2.350000	157.878923	28.122906	24.904702
2.350233	157.862945	28.120106	24.903408
2.350465	157.846928	28.117299	24.902110
2.350698	157.830872	28.114486	24.900810
2.350930	157.814778	28.111666	24.899506
2.351163	157.798646	28.108839	24.898200
2.351395	157.782475	28.106005	24.896890
2.351628	157.766267	28.103165	24.895577
2.351860	157.750022	28.100318	24.894261
2.352093	157.733739	28.097465	24.892942
2.352326	157.717419	28.094605	24.891620
2.352558	157.701062	28.091739	24.890295
2.352791	157.684668	28.088866	24.888967
2.353023	157.668238	28.085987	24.887636
2.353256	157.651771	28.083102	24.886302
2.353488	157.635268	28.080210	24.884966
2.353721	157.618730	28.077312	24.883626
2.353953	157.602155	28.074407	24.882283
2.354186	157.585546	28.071497	24.880938
2.354419	157.568900	28.068580	24.879590
2.354651	157.552220	28.065657	24.878239
2.354884	157.535505	28.062728	24.876885
2.355116	157.518756	28.059793	24.875528
2.355349	157.501971	28.056852	24.874168
2.355581	157.485153	28.053905	24.872806
2.355814	157.468300	28.050951	24.871441
2.356047	157.451414	28.047992	24.870073
2.356279	157.434494	28.045027	24.868702
2.356512	157.417541	28.042057	24.867329
2.356744	157.400554	28.039080	24.865953
2.356977	157.383534	28.036097	24.864574
2.357209	157.366482	28.033109	24.863193
2.357442	157.349397	28.030115	24.861809
2.357674	157.332280	28.027116	24.860423
2.357907	157.315130	28.024110	24.859033
2.358140	157.297948	28.021100	24.857642
2.358372	157.280735	28.018083	24.856247
2.358605	157.263490	28.015061	24.854850
2.358837	157.246214	28.012034	24.853451
2.359070	157.228906	28.009001	24.852049
2.359302	157.211568	28.005962	24.850644
2.359535	157.194199	28.002919	24.849237
2.359767	157.176799	27.999869	24.847828
2.360000	157.159369	27.996815	24.846416
2.360233	157.141905	27.993755	24.845001
2.360465	157.124401	27.990687	24.843583
2.360698	157.106860	27.987613	24.842163
2.360930	157.089280	27.984533	24.840738
2.361163	157.071663	27.981445	24.839311
2.361395	157.054007	27.978351	24.837881
2.361628	157.036314	27.975251	24.836448
2.361860	157.018584	27.972144	24.835012
2.362093	157.000816	27.969030	24.833572
2.362326	156.983011	27.965910	24.832130
2.362558	156.965170	27.962783	24.830685
2.362791	156.947291	27.959650	24.829237
2.363023	156.929377	27.956511	24.827785
2.363256	156.911426	27.953365	24.826331
2.363488	156.893439	27.950213	24.824874
2.363721	156.875416	27.947054	24.823414
2.363953	156.857357	27.943890	24.821951
2.364186	156.839263	27.940719	24.820486
2.364419	156.821133	27.937542	24.819017
2.364651	156.802969	27.934358	24.817546
2.364884	156.784769	27.931169	24.816071
2.365116	156.766535	27.927973	24.814594
2.365349	156.748266	27.924772	24.813114
2.365581	156.729962	27.921564	24.811632
2.365814	156.711625	27.918351	24.810146
2.366047	156.693254	27.915131	24.808658
2.366279	156.674849	27.911906	24.807167
2.366512	156.656410	27.908674	24.805673
2.366744	156.637938	27.905437	24.804177
2.366977	156.619432	27.902194	24.802678
2.367209	156.600894	27.898945	24.801176
2.367442	156.582323	27.895691	24.799672
2.367674	156.563719	27.892430	24.798165
2.367907	156.545083	27.889164	24.796655
2.368140	156.526414	27.885893	24.795143
2.368372	156.507714	27.882616	24.793628
2.368605	156.488981	27.879333	24.792110
2.368837	156.470217	27.876044	24.790590
2.369070	156.451421	27.872750	24.789068
2.369302	156.432594	27.869451	24.787543
2.369535	156.413736	27.866146	24.786015
2.369767	156.394848	27.862836	24.784485
2.370000	156.375928	27.859520	24.782952
2.370233	156.356974	27.856198	24.781417
2.370465	156.337981	27.852870	24.779878
2.370698	156.318951	27.849535	24.778336
2.370930	156.299882	27.846193	24.776792
2.371163	156.280775	27.842844	24.775244
2.371395	156.261631	27.839489	24.773693
2.371628	156.242449	27.836127	24.772139
2.371860	156.223230	27.832759	24.770582
2.372093	156.203974	27.829384	24.769022
2.372326	156.184681	27.826003	24.767459
2.372558	156.165351	27.822616	24.765893
2.372791	156.145985	27.819222	24.764324
2.373023	156.126582	27.815821	24.762752
2.373256	156.107143	27.812414	24.761178
2.373488	156.087668	27.809001	24.759600
2.373721	156.068157	27.805582	24.758019
2.373953	156.048610	27.802156	24.756436
2.374186	156.029028	27.798724	24.754849
2.374419	156.009410	27.795286	24.753260
2.374651	155.989757	27.791842	24.751668
2.374884	155.970070	27.788391	24.750073
2.375116	155.950347	27.784935	24.748475
2.375349	155.930590	27.781472	24.746875
2.375581	155.910799	27.778003	24.745271
2.375814	155.890973	27.774529	24.743665
2.376047	155.871113	27.771048	24.742056
2.376279	155.851219	27.767562	24.740445
2.376512	155.831292	27.764069	24.738830
2.376744	155.811331	27.760571	24.737213
2.376977	155.791336	27.757066	24.735593
2.377209	155.771309	27.753556	24.733971
2.377442	155.751248	27.750040	24.732346
2.377674	155.731155	27.746519	24.730718
2.377907	155.711028	27.742992	24.729087
2.378140	155.690870	27.739459	24.727454
2.378372	155.670679	27.735920	24.725818
2.378605	155.650456	27.732375	24.724180
2.378837	155.630201	27.728826	24.722539
2.379070	155.609915	27.725270	24.720896
2.379302	155.589596	27.721709	24.719249
2.379535	155.569247	27.718142	24.717601
2.379767	155.548866	27.714570	24.715950
2.380000	155.528454	27.710993	24.714296
2.380233	155.508008	27.707409	24.712640
2.380465	155.487523	27.703819	24.710980
2.380698	155.467000	27.700222	24.709317
2.380930	155.446440	27.696619	24.707652
2.381163	155.425841	27.693009	24.705983
2.381395	155.405205	27.689392	24.704311
2.381628	155.384532	27.685769	24.702636
2.381860	155.363822	27.682139	24.700958
2.382093	155.343075	27.678502	24.699277
2.382326	155.322290	27.674860	24.697594
2.382558	155.301469	27.671210	24.695907
2.382791	155.280612	27.667555	24.694217
2.383023	155.259718	27.663893	24.692524
2.383256	155.238788	27.660225	24.690829
2.383488	155.217822	27.656550	24.689130
2.383721	155.196821	27.652869	24.687428
2.383953	155.175783	27.649182	24.685724
2.384186	155.154710	27.645488	24.684017
2.384419	155.133602	27.641789	24.682307
2.384651	155.112458	27.638083	24.680594
2.384884	155.091280	27.634371	24.678878
2.385116	155.070067	27.630653	24.677159
2.385349	155.048819	27.626929	24.675438
2.385581	155.027536	27.623199	24.673714
2.385814	155.006219	27.619462	24.671986
2.386047	154.984868	27.615720	24.670257
2.386279	154.963483	27.611972	24.668524
2.386512	154.942065	27.608218	24.666789
2.386744	154.920612	27.604458	24.665051
2.386977	154.899126	27.600692	24.663310
2.387209	154.877607	27.596920	24.661566
2.387442	154.856055	27.593143	24.659820
2.387674	154.834469	27.589359	24.658072
2.387907	154.812851	27.585570	24.656320
2.388140	154.791200	27.581775	24.654566
2.388372	154.769517	27.577975	24.652809
2.388605	154.747802	27.574169	24.651050
2.388837	154.726054	27.570357	24.649288
2.389070	154.704274	27.566539	24.647523
2.389302	154.682463	27.562716	24.645756
2.389535	154.660619	27.558888	24.643986
2.389767	154.638745	27.555054	24.642214
2.390000	154.616839	27.551214	24.640439
2.390233	154.594898	27.547368	24.638661
2.390465	154.572920	27.543516	24.636881
2.390698	154.550903	27.539657	24.635097
2.390930	154.528849	27.535791	24.633310
2.391163	154.506758	27.531919	24.631520
2.391395	154.484629	27.528040	24.629727
2.391628	154.462462	27.524155	24.627931
2.391860	154.440259	27.520263	24.626132
2.392093	154.418019	27.516365	24.624330
2.392326	154.395742	27.512460	24.622525
2.392558	154.373428	27.508549	24.620717
2.392791	154.351078	27.504632	24.618906
2.393023	154.328692	27.500708	24.617092
2.393256	154.306269	27.496777	24.615276
2.393488	154.283811	27.492841	24.613456
2.393721	154.261317	27.488898	24.611633
2.393953	154.238787	27.484949	24.609808
2.394186	154.216222	27.480994	24.607980
2.394419	154.193621	27.477032	24.606148
2.394651	154.170985	27.473064	24.604314
2.394884	154.148315	27.469090	24.602477
2.395116	154.125609	27.465111	24.600638
2.395349	154.102869	27.461124	24.598795
2.395581	154.080094	27.457132	24.596950
2.395814	154.057285	27.453134	24.595102
2.396047	154.034441	27.449130	24.593251
2.396279	154.011564	27.445120	24.591397
2.396512	153.988652	27.441104	24.589541
2.396744	153.965707	27.437082	24.587681
2.396977	153.942729	27.433054	24.585820
2.397209	153.919717	27.429020	24.583955
2.397442	153.896671	27.424981	24.582088
2.397674	153.873593	27.420935	24.580218
2.397907	153.850481	27.416884	24.578345
2.398140	153.827337	27.412827	24.576470
2.398372	153.804160	27.408765	24.574592
2.398605	153.780951	27.404696	24.572711
2.398837	153.757710	27.400622	24.570828
2.399070	153.734436	27.396543	24.568942
2.399302	153.711130	27.392457	24.567054
2.399535	153.687793	27.388366	24.565163
2.399767	153.664424	27.384270	24.563269
2.400000	153.641023	27.380168	24.561373
2.400233	153.617588	27.376060	24.559474
2.400465	153.594114	27.371945	24.557572
2.400698	153.570604	27.367824	24.555667
2.400930	153.547055	27.363696	24.553759
2.401163	153.523469	27.359562	24.551848
2.401395	153.499846	27.355421	24.549934
2.401628	153.476186	27.351273	24.548016
2.401860	153.452489	27.347119	24.546096
2.402093	153.428755	27.342959	24.544173
2.402326	153.404984	27.338792	24.542247
2.402558	153.381177	27.334619	24.540318
2.402791	153.357334	27.330439	24.538386
2.403023	153.333454	27.326253	24.536451
2.403256	153.309539	27.322061	24.534513
2.403488	153.285587	27.317862	24.532572
2.403721	153.261600	27.313657	24.530629
2.403953	153.237577	27.309446	24.528682
2.404186	153.213519	27.305228	24.526733
2.404419	153.189425	27.301005	24.524780
2.404651	153.165296	27.296775	24.522825
2.404884	153.141132	27.292539	24.520867
2.405116	153.116934	27.288297	24.518906
2.405349	153.092701	27.284049	24.516943
2.405581	153.068433	27.279795	24.514976
2.405814	153.044131	27.275535	24.513007
2.406047	153.019794	27.271269	24.511035
2.406279	152.995424	27.266996	24.509060
2.406512	152.971019	27.262718	24.507082
2.406744	152.946581	27.258434	24.505102
2.406977	152.922109	27.254144	24.503119
2.407209	152.897604	27.249848	24.501133
2.407442	152.873066	27.245547	24.499145
2.407674	152.848494	27.241239	24.497154
2.407907	152.823889	27.236926	24.495160
2.408140	152.799251	27.232607	24.493164
2.408372	152.774581	27.228282	24.491164
2.408605	152.749878	27.223951	24.489163
2.408837	152.725142	27.219615	24.487158
2.409070	152.700375	27.215273	24.485151
2.409302	152.675575	27.210925	24.483141
2.409535	152.650743	27.206572	24.481129
2.409767	152.625879	27.202213	24.479114
2.410000	152.600984	27.197849	24.477097
2.410233	152.576054	27.193479	24.475077
2.410465	152.551086	27.189102	24.473054
2.410698	152.526081	27.184718	24.471027
2.410930	152.501039	27.180328	24.468998
2.411163	152.475959	27.175931	24.466965
2.411395	152.450842	27.171528	24.464930
2.411628	152.425688	27.167118	24.462892
2.411860	152.400497	27.162702	24.460850
2.412093	152.375270	27.158279	24.458806
2.412326	152.350006	27.153850	24.456759
2.412558	152.324706	27.149415	24.454708
2.412791	152.299369	27.144973	24.452655
2.413023	152.273997	27.140525	24.450599
2.413256	152.248588	27.136070	24.448540
2.413488	152.223144	27.131609	24.446478
2.413721	152.197664	27.127142	24.444413
2.413953	152.172149	27.122669	24.442345
2.414186	152.146598	27.118190	24.440275
2.414419	152.121011	27.113704	24.438201
2.414651	152.095390	27.109212	24.436125
2.414884	152.069734	27.104714	24.434046
2.415116	152.044043	27.100210	24.431964
2.415349	152.018318	27.095700	24.429879
2.415581	151.992557	27.091184	24.427792
2.415814	151.966763	27.086661	24.425701
2.416047	151.940934	27.082133	24.423608
2.416279	151.915071	27.077599	24.421512
2.416512	151.889174	27.073059	24.419413
2.416744	151.863244	27.068513	24.417312
2.416977	151.837280	27.063960	24.415208
2.417209	151.811282	27.059402	24.413101
2.417442	151.785251	27.054839	24.410991
2.417674	151.759186	27.050269	24.408879
2.417907	151.733089	27.045694	24.406764
2.418140	151.706959	27.041112	24.404646
2.418372	151.680795	27.036525	24.402526
2.418605	151.654600	27.031933	24.400403
2.418837	151.628371	27.027334	24.398277
2.419070	151.602111	27.022730	24.396149
2.419302	151.575818	27.018120	24.394018
2.419535	151.549493	27.013505	24.391885
2.419767	151.523136	27.008884	24.389749
2.420000	151.496747	27.004257	24.387610
2.420233	151.470324	26.999624	24.385469
2.420465	151.443863	26.994985	24.383324
2.420698	151.417365	26.990339	24.381176
2.420930	151.390829	26.985687	24.379026
2.421163	151.364257	26.981028	24.376872
2.421395	151.337647	26.976362	24.374716
2.421628	151.311001	26.971691	24.372556
2.421860	151.284318	26.967012	24.370394
2.422093	151.257599	26.962327	24.368228
2.422326	151.230843	26.957636	24.366060
2.422558	151.204051	26.952939	24.363888
2.422791	151.177223	26.948235	24.361714
2.423023	151.150358	26.943525	24.359537
2.423256	151.123458	26.938808	24.357356
2.423488	151.096523	26.934086	24.355173
2.423721	151.069551	26.929357	24.352987
2.423953	151.042545	26.924622	24.350799
2.424186	151.015503	26.919880	24.348607
2.424419	150.988425	26.915133	24.346412
2.424651	150.961313	26.910379	24.344215
2.424884	150.934166	26.905619	24.342015
2.425116	150.906984	26.900853	24.339812
2.425349	150.879768	26.896081	24.337606
2.425581	150.852517	26.891303	24.335397
2.425814	150.825232	26.886519	24.333186
2.426047	150.797912	26.881729	24.330971
2.426279	150.770559	26.876933	24.328754
2.426512	150.743171	26.872130	24.326535
2.426744	150.715750	26.867322	24.324312
2.426977	150.688295	26.862508	24.322087
2.427209	150.660807	26.857689	24.319859
2.427442	150.633285	26.852863	24.317628
2.427674	150.605730	26.848031	24.315395
2.427907	150.578142	26.843194	24.313159
2.428140	150.550520	26.838351	24.310920
2.428372	150.522866	26.833502	24.308679
2.428605	150.495180	26.828647	24.306434
2.428837	150.467461	26.823787	24.304188
2.429070	150.439709	26.818921	24.301938
2.429302	150.411925	26.814049	24.299686
2.429535	150.384109	26.809172	24.297432
2.429767	150.356261	26.804289	24.295175
2.430000	150.328381	26.799400	24.292915
2.430233	150.300466	26.794505	24.290652
2.430465	150.272515	26.789604	24.288387
2.430698	150.244526	26.784696	24.286118
2.430930	150.216500	26.779782	24.283847
2.431163	150.188437	26.774861	24.281572
2.431395	150.160337	26.769934	24.279294
2.431628	150.132201	26.765000	24.277014
2.431860	150.104028	26.760060	24.274730
2.432093	150.075819	26.755114	24.272444
2.432326	150.047573	26.750161	24.270154
2.432558	150.019292	26.745201	24.267862
2.432791	149.990974	26.740236	24.265567
2.433023	149.962621	26.735264	24.263269
2.433256	149.934232	26.730286	24.260967
2.433488	149.905807	26.725302	24.258663
2.433721	149.877347	26.720311	24.256357
2.433953	149.848851	26.715314	24.254047
2.434186	149.820320	26.710311	24.251734
2.434419	149.791755	26.705302	24.249419
2.434651	149.763154	26.700287	24.247101
2.434884	149.734518	26.695265	24.244779
2.435116	149.705848	26.690238	24.242455
2.435349	149.677144	26.685204	24.240129
2.435581	149.648404	26.680165	24.237799
2.435814	149.619631	26.675119	24.235467
2.436047	149.590824	26.670067	24.233132
2.436279	149.561982	26.665010	24.230794
2.436512	149.533107	26.659946	24.228453
2.436744	149.504197	26.654876	24.226110
2.436977	149.475255	26.649801	24.223764
2.437209	149.446278	26.644720	24.221415
2.437442	149.417269	26.639633	24.219064
2.437674	149.388226	26.634539	24.216709
2.437907	149.359150	26.629441	24.214352
2.438140	149.330041	26.624336	24.211993
2.438372	149.300899	26.619226	24.209631
2.438605	149.271724	26.614109	24.207266
2.438837	149.242517	26.608988	24.204898
2.439070	149.213278	26.603860	24.202528
2.439302	149.184006	26.598727	24.200155
2.439535	149.154702	26.593588	24.197780
2.439767	149.125366	26.588443	24.195402
2.440000	149.095998	26.583293	24.193021
2.440233	149.066596	26.578137	24.190638
2.440465	149.037156	26.572974	24.188251
2.440698	149.007679	26.567805	24.185862
2.440930	148.978166	26.562629	24.183469
2.441163	148.948616	26.557447	24.181074
2.441395	148.919029	26.552258	24.178675
2.441628	148.889406	26.547063	24.176274
2.441860	148.859747	26.541862	24.173870
2.442093	148.830051	26.536654	24.171462
2.442326	148.800319	26.531440	24.169052
2.442558	148.770552	26.526219	24.166639
2.442791	148.740748	26.520993	24.164223
2.443023	148.710909	26.515760	24.161804
2.443256	148.681034	26.510520	24.159382
2.443488	148.651124	26.505275	24.156957
2.443721	148.621178	26.500023	24.154530
2.443953	148.591198	26.494765	24.152099
2.444186	148.561182	26.489501	24.149666
2.444419	148.531131	26.484231	24.147230
2.444651	148.501045	26.478955	24.144791
2.444884	148.470925	26.473672	24.142349
2.445116	148.440770	26.468384	24.139905
2.445349	148.410581	26.463089	24.137457
2.445581	148.380357	26.457789	24.135007
2.445814	148.350099	26.452482	24.132554
2.446047	148.319807	26.447169	24.130098
2.446279	148.289481	26.441851	24.127640
2.446512	148.259122	26.436526	24.125179
2.446744	148.228728	26.431196	24.122715
2.446977	148.198302	26.425860	24.120248
2.447209	148.167841	26.420517	24.117779
2.447442	148.137348	26.415169	24.115306
2.447674	148.106821	26.409815	24.112832
2.447907	148.076261	26.404456	24.110354
2.448140	148.045668	26.399090	24.107874
2.448372	148.015042	26.393719	24.105391
2.448605	147.984384	26.388342	24.102905
2.448837	147.953693	26.382959	24.100417
2.449070	147.922970	26.377571	24.097926
2.449302	147.892214	26.372176	24.095433
2.449535	147.861427	26.366777	24.092937
2.449767	147.830607	26.361371	24.090438
2.450000	147.799755	26.355960	24.087937
2.450233	147.768869	26.350543	24.085433
2.450465	147.737946	26.345119	24.082926
2.450698	147.706986	26.339689	24.080416
2.450930	147.675990	26.334253	24.077903
2.451163	147.644957	26.328810	24.075387
2.451395	147.613888	26.323360	24.072868
2.451628	147.582782	26.317905	24.070346
2.451860	147.551640	26.312443	24.067821
2.452093	147.520463	26.306974	24.065293
2.452326	147.489249	26.301499	24.062763
2.452558	147.458000	26.296018	24.060229
2.452791	147.426715	26.290531	24.057693
2.453023	147.395394	26.285038	24.055153
2.453256	147.364038	26.279538	24.052611
2.453488	147.332647	26.274032	24.050066
2.453721	147.301220	26.268520	24.047518
2.453953	147.269759	26.263001	24.044967
2.454186	147.238262	26.257477	24.042413
2.454419	147.206731	26.251946	24.039857
2.454651	147.175165	26.246410	24.037298
2.454884	147.143565	26.240867	24.034735
2.455116	147.111930	26.235318	24.032170
2.455349	147.080260	26.229763	24.029603
2.455581	147.048557	26.224202	24.027032
2.455814	147.016819	26.218635	24.024459
2.456047	146.985048	26.213062	24.021883
2.456279	146.953242	26.207484	24.019304
2.456512	146.921403	26.201899	24.016723
2.456744	146.889531	26.196308	24.014138
2.456977	146.857625	26.190712	24.011551
2.457209	146.825685	26.185109	24.008962
2.457442	146.793712	26.179501	24.006369
2.457674	146.761707	26.173887	24.003774
2.457907	146.729668	26.168267	24.001176
2.458140	146.697596	26.162641	23.998576
2.458372	146.665492	26.157010	23.995973
2.458605	146.633355	26.151373	23.993367
2.458837	146.601185	26.145730	23.990758
2.459070	146.568983	26.140081	23.988147
2.459302	146.536749	26.134427	23.985534
2.459535	146.504483	26.128767	23.982917
2.459767	146.472184	26.123101	23.980298
2.460000	146.439854	26.117430	23.977677
2.460233	146.407489	26.111753	23.975053
2.460465	146.375088	26.106069	23.972425
2.460698	146.342651	26.100379	23.969795
2.460930	146.310177	26.094682	23.967162
2.461163	146.277666	26.088980	23.964526
2.461395	146.245120	26.083270	23.961887
2.461628	146.212537	26.077555	23.959245
2.461860	146.179919	26.071833	23.956600
2.462093	146.147264	26.066105	23.953952
2.462326	146.114574	26.060370	23.951301
2.462558	146.081849	26.054629	23.948648
2.462791	146.049088	26.048882	23.945991
2.463023	146.016291	26.043129	23.943332
2.463256	145.983459	26.037370	23.940669
2.463488	145.950593	26.031604	23.938004
2.463721	145.917691	26.025832	23.935336
2.463953	145.884754	26.020054	23.932665
2.464186	145.851783	26.014270	23.929992
2.464419	145.818777	26.008480	23.927315
2.464651	145.785736	26.002684	23.924636
2.464884	145.752661	25.996882	23.921954
2.465116	145.719552	25.991073	23.919269
2.465349	145.686408	25.985259	23.916581
2.465581	145.653231	25.979439	23.913891
2.465814	145.620019	25.973613	23.911198
2.466047	145.586774	25.967780	23.908502
2.466279	145.553495	25.961942	23.905803
2.466512	145.520182	25.956098	23.903102
2.466744	145.486836	25.950248	23.900398
2.466977	145.453457	25.944392	23.897691
2.467209	145.420044	25.938531	23.894981
2.467442	145.386598	25.932663	23.892269
2.467674	145.353120	25.926790	23.889554
2.467907	145.319608	25.920911	23.886836
2.468140	145.286063	25.915026	23.884116
2.468372	145.252486	25.909135	23.881393
2.468605	145.218877	25.903239	23.878668
2.468837	145.185235	25.897336	23.875939
2.469070	145.151560	25.891429	23.873209
2.469302	145.117854	25.885515	23.870475
2.469535	145.084115	25.879596	23.867739
2.469767	145.050344	25.873671	23.865000
2.470000	145.016542	25.867741	23.862259
2.470233	144.982705	25.861805	23.859515
2.470465	144.948833	25.855862	23.856768
2.470698	144.914923	25.849913	23.854018
2.470930	144.880978	25.843957	23.851265
2.471163	144.846997	25.837995	23.848509
2.471395	144.812979	25.832027	23.845750
2.471628	144.778926	25.826053	23.842989
2.471860	144.744837	25.820072	23.840224
2.472093	144.710713	25.814085	23.837457
2.472326	144.676553	25.808092	23.834686
2.472558	144.642358	25.802092	23.831913
2.472791	144.608127	25.796086	23.829137
2.473023	144.573861	25.790074	23.826358
2.473256	144.539561	25.784056	23.823576
2.473488	144.505225	25.778032	23.820792
2.473721	144.470854	25.772002	23.818004
2.473953	144.436449	25.765965	23.815214
2.474186	144.402010	25.759923	23.812421
2.474419	144.367535	25.753874	23.809625
2.474651	144.333027	25.747820	23.806826
2.474884	144.298484	25.741759	23.804024
2.475116	144.263907	25.735692	23.801220
2.475349	144.229296	25.729619	23.798413
2.475581	144.194652	25.723541	23.795603
2.475814	144.159973	25.717456	23.792791
2.476047	144.125261	25.711366	23.789975
2.476279	144.090515	25.705269	23.787157
2.476512	144.055736	25.699167	23.784336
2.476744	144.020923	25.693059	23.781513
2.476977	143.986078	25.686944	23.778687
2.477209	143.951199	25.680825	23.775858
2.477442	143.916287	25.674699	23.773026
2.477674	143.881342	25.668567	23.770192
2.477907	143.846365	25.662430	23.767355
2.478140	143.811355	25.656287	23.764515
2.478372	143.776312	25.650138	23.761673
2.478605	143.741237	25.643984	23.758828
2.478837	143.706129	25.637824	23.755981
2.479070	143.670990	25.631658	23.753131
2.479302	143.635818	25.625486	23.750278
2.479535	143.600615	25.619309	23.747423
2.479767	143.565379	25.613126	23.744565
2.480000	143.530112	25.606938	23.741704
2.480233	143.494811	25.600744	23.738841
2.480465	143.459474	25.594543	23.735974
2.480698	143.424100	25.588336	23.733105
2.480930	143.388691	25.582123	23.730233
2.481163	143.353246	25.575903	23.727358
2.481395	143.317766	25.569677	23.724480
2.481628	143.282249	25.563445	23.721599
2.481860	143.246698	25.557206	23.718716
2.482093	143.211111	25.550962	23.715829
2.482326	143.175489	25.544711	23.712940
2.482558	143.139831	25.538454	23.710047
2.482791	143.104139	25.532191	23.707152
2.483023	143.068411	25.525921	23.704254
2.483256	143.032649	25.519646	23.701353
2.483488	142.996852	25.513364	23.698450
2.483721	142.961021	25.507076	23.695543
2.483953	142.925155	25.500782	23.692634
2.484186	142.889255	25.494483	23.689722
2.484419	142.853321	25.488177	23.686807
2.484651	142.817352	25.481865	23.683889
2.484884	142.781349	25.475547	23.680969
2.485116	142.745313	25.469223	23.678045
2.485349	142.709242	25.462893	23.675119
2.485581	142.673138	25.456557	23.672191
2.485814	142.637001	25.450216	23.669259
2.486047	142.600829	25.443868	23.666325
2.486279	142.564625	25.437514	23.663388
2.486512	142.528387	25.431155	23.660448
2.486744	142.492116	25.424790	23.657506
2.486977	142.455812	25.418419	23.654561
2.487209	142.419475	25.412042	23.651613
2.487442	142.383105	25.405659	23.648663
2.487674	142.346703	25.399271	23.645710
2.487907	142.310268	25.392877	23.642754
2.488140	142.273800	25.386477	23.639796
2.488372	142.237300	25.380071	23.636835
2.488605	142.200768	25.373660	23.633871
2.488837	142.164204	25.367243	23.630905
2.489070	142.127607	25.360821	23.627936
2.489302	142.090979	25.354392	23.624965
2.489535	142.054319	25.347958	23.621991
2.489767	142.017627	25.341519	23.619014
2.490000	141.980903	25.335074	23.616035
2.490233	141.944146	25.328623	23.613053
2.490465	141.907353	25.322166	23.610068
2.490698	141.870524	25.315702	23.607080
2.490930	141.833659	25.309232	23.604090
2.491163	141.796759	25.302756	23.601096
2.491395	141.759824	25.296274	23.598100
2.491628	141.722853	25.289785	23.595100
2.491860	141.685847	25.283290	23.592098
2.492093	141.648806	25.276789	23.589093
2.492326	141.611730	25.270282	23.586085
2.492558	141.574619	25.263769	23.583074
2.492791	141.537473	25.257250	23.580061
2.493023	141.500293	25.250724	23.577044
2.493256	141.463078	25.244192	23.574025
2.493488	141.425829	25.237655	23.571003
2.493721	141.388545	25.231111	23.567978
2.493953	141.351227	25.224561	23.564951
2.494186	141.313875	25.218005	23.561920
2.494419	141.276489	25.211443	23.558887
2.494651	141.239069	25.204876	23.555851
2.494884	141.201616	25.198302	23.552812
2.495116	141.164128	25.191722	23.549771
2.495349	141.126607	25.185137	23.546727
2.495581	141.089053	25.178545	23.543680
2.495814	141.051465	25.171948	23.540630
2.496047	141.013843	25.165344	23.537578
2.496279	140.976189	25.158735	23.534523
2.496512	140.938502	25.152120	23.531465
2.496744	140.900781	25.145499	23.528405
2.496977	140.863028	25.138873	23.525341
2.497209	140.825242	25.132240	23.522276
2.497442	140.787424	25.125602	23.519207
2.497674	140.749572	25.118958	23.516136
2.497907	140.711689	25.112309	23.513062
2.498140	140.673773	25.105653	23.509986
2.498372	140.635825	25.098992	23.506907
2.498605	140.597845	25.092326	23.503825
2.498837	140.559833	25.085654	23.500741
2.499070	140.521789	25.078976	23.497654
2.499302	140.483713	25.072292	23.494565
2.499535	140.445605	25.065603	23.491473
2.499767	140.407466	25.058908	23.488378
2.500000	140.369296	25.052208	23.485281
2.500233	140.331092	25.045502	23.482181
2.500465	140.292853	25.038789	23.479078
2.500698	140.254578	25.032071	23.475973
2.500930	140.216267	25.025346	23.472864
2.501163	140.177922	25.018615	23.469753
2.501395	140.139541	25.011877	23.466638
2.501628	140.101126	25.005134	23.463521
2.501860	140.062675	24.998384	23.460401
2.502093	140.024190	24.991628	23.457278
2.502326	139.985670	24.984867	23.454153
2.502558	139.947115	24.978098	23.451024
2.502791	139.908526	24.971324	23.447893
2.503023	139.869903	24.964544	23.444759
2.503256	139.831245	24.957758	23.441622
2.503488	139.792553	24.950966	23.438482
2.503721	139.753827	24.944167	23.435340
2.503953	139.715067	24.937363	23.432195
2.504186	139.676273	24.930553	23.429047
2.504419	139.637446	24.923737	23.425896
2.504651	139.598585	24.916915	23.422742
2.504884	139.559690	24.910086	23.419586
2.505116	139.520761	24.903252	23.416427
2.505349	139.481800	24.896413	23.413265
2.505581	139.442805	24.889567	23.410101
2.505814	139.403777	24.882715	23.406934
2.506047	139.364716	24.875858	23.403764
2.506279	139.325622	24.868995	23.400592
2.506512	139.286495	24.862126	23.397416
2.506744	139.247336	24.855251	23.394239
2.506977	139.208143	24.848370	23.391058
2.507209	139.168919	24.841484	23.387875
2.507442	139.129662	24.834592	23.384689
2.507674	139.090372	24.827694	23.381501
2.507907	139.051051	24.820791	23.378310
2.508140	139.011697	24.813882	23.375116
2.508372	138.972311	24.806967	23.371920
2.508605	138.932894	24.800047	23.368721
2.508837	138.893444	24.793121	23.365519
2.509070	138.853963	24.786189	23.362315
2.509302	138.814450	24.779252	23.359108
2.509535	138.774906	24.772309	23.355899
2.509767	138.735331	24.765361	23.352687
2.510000	138.695724	24.758407	23.349473
2.510233	138.656084	24.751447	23.346256
2.510465	138.616409	24.744481	23.343036
2.510698	138.576698	24.737509	23.339813
2.510930	138.536953	24.730531	23.336587
2.511163	138.497173	24.723547	23.333359
2.511395	138.457358	24.716556	23.330128
2.511628	138.417508	24.709560	23.326893
2.511860	138.377624	24.702557	23.323656
2.512093	138.337705	24.695548	23.320417
2.512326	138.297751	24.688533	23.317174
2.512558	138.257764	24.681512	23.313928
2.512791	138.217742	24.674485	23.310680
2.513023	138.177686	24.667452	23.307429
2.513256	138.137596	24.660413	23.304175
2.513488	138.097473	24.653368	23.300919
2.513721	138.057315	24.646317	23.297660
2.513953	138.017124	24.639260	23.294397
2.514186	137.976899	24.632197	23.291133
2.514419	137.936641	24.625128	23.287865
2.514651	137.896349	24.618053	23.284595
2.514884	137.856024	24.610973	23.281322
2.515116	137.815666	24.603886	23.278046
2.515349	137.775275	24.596794	23.274768
2.515581	137.734851	24.589696	23.271487
2.515814	137.694394	24.582592	23.268203
2.516047	137.653904	24.575482	23.264916
2.516279	137.613381	24.568367	23.261627
2.516512	137.572826	24.561246	23.258336
2.516744	137.532239	24.554119	23.255041
2.516977	137.491619	24.546986	23.251744
2.517209	137.450967	24.539847	23.248444
2.517442	137.410282	24.532703	23.245142
2.517674	137.369566	24.525554	23.241837
2.517907	137.328817	24.518398	23.238529
2.518140	137.288037	24.511237	23.235219
2.518372	137.247225	24.504070	23.231906
2.518605	137.206381	24.496898	23.228591
2.518837	137.165506	24.489720	23.225273
2.519070	137.124599	24.482537	23.221953
2.519302	137.083661	24.475348	23.218630
2.519535	137.042692	24.468153	23.215304
2.519767	137.001692	24.460953	23.211976
2.520000	136.960660	24.453748	23.208645
2.520233	136.919596	24.446537	23.205312
2.520465	136.878496	24.439319	23.201975
2.520698	136.837362	24.432096	23.198636
2.520930	136.796193	24.424866	23.195294
2.521163	136.754990	24.417630	23.191950
2.521395	136.713752	24.410388	23.188602
2.521628	136.672480	24.403140	23.185252
2.521860	136.631174	24.395886	23.181898
2.522093	136.589833	24.388626	23.178543
2.522326	136.548458	24.381360	23.175184
2.522558	136.507050	24.374088	23.171822
2.522791	136.465607	24.366810	23.168458
2.523023	136.424131	24.359525	23.165091
2.523256	136.382621	24.352235	23.161721
2.523488	136.341077	24.344939	23.158349
2.523721	136.299500	24.337638	23.154973
2.523953	136.257890	24.330330	23.151595
2.524186	136.216246	24.323016	23.148215
2.524419	136.174569	24.315697	23.144831
2.524651	136.132859	24.308371	23.141445
2.524884	136.091116	24.301040	23.138056
2.525116	136.049341	24.293703	23.134665
2.525349	136.007532	24.286360	23.131271
2.525581	135.965691	24.279011	23.127874
2.525814	135.923817	24.271657	23.124474
2.526047	135.881911	24.264297	23.121072
2.526279	135.839972	24.256931	23.117667
2.526512	135.798001	24.249559	23.114260
2.526744	135.755997	24.242182	23.110850
2.526977	135.713962	24.234799	23.107437
2.527209	135.671895	24.227411	23.104022
2.527442	135.629796	24.220016	23.100604
2.527674	135.587665	24.212617	23.097183
2.527907	135.545502	24.205211	23.093760
2.528140	135.503307	24.197800	23.090334
2.528372	135.461082	24.190383	23.086906
2.528605	135.418824	24.182961	23.083475
2.528837	135.376536	24.175533	23.080041
2.529070	135.334216	24.168100	23.076605
2.529302	135.291865	24.160661	23.073167
2.529535	135.249483	24.153217	23.069726
2.529767	135.207071	24.145767	23.066282
2.530000	135.164627	24.138312	23.062836
2.530233	135.122151	24.130851	23.059387
2.530465	135.079640	24.123384	23.055936
2.530698	135.037095	24.115911	23.052481
2.530930	134.994515	24.108432	23.049024
2.531163	134.951902	24.100946	23.045564
2.531395	134.909254	24.093455	23.042101
2.531628	134.866572	24.085958	23.038635
2.531860	134.823857	24.078454	23.035167
2.532093	134.781107	24.070945	23.031696
2.532326	134.738324	24.063430	23.028222
2.532558	134.695507	24.055908	23.024745
2.532791	134.652656	24.048381	23.021266
2.533023	134.609773	24.040848	23.017784
2.533256	134.566855	24.033309	23.014299
2.533488	134.523905	24.025764	23.010811
2.533721	134.480921	24.018214	23.007321
2.533953	134.437905	24.010657	23.003828
2.534186	134.394855	24.003095	23.000332
2.534419	134.351773	23.995526	22.996834
2.534651	134.308658	23.987952	22.993333
2.534884	134.265510	23.980372	22.989829
2.535116	134.222330	23.972787	22.986322
2.535349	134.179117	23.965196	22.982813
2.535581	134.135871	23.957599	22.979302
2.535814	134.092594	23.949996	22.975787
2.536047	134.049284	23.942387	22.972270
2.536279	134.005942	23.934773	22.968751
2.536512	133.962569	23.927153	22.965228
2.536744	133.919163	23.919528	22.961704
2.536977	133.875726	23.911897	22.958176
2.537209	133.832257	23.904260	22.954646
2.537442	133.788756	23.896618	22.951113
2.537674	133.745224	23.888970	22.947578
2.537907	133.701660	23.881317	22.944040
2.538140	133.658065	23.873658	22.940500
2.538372	133.614439	23.865993	22.936957
2.538605	133.570782	23.858323	22.933412
2.538837	133.527093	23.850647	22.929864
2.539070	133.483374	23.842966	22.926313
2.539302	133.439624	23.835280	22.922760
2.539535	133.395843	23.827588	22.919205
2.539767	133.352032	23.819891	22.915647
2.540000	133.308190	23.812188	22.912086
2.540233	133.264316	23.804480	22.908523
2.540465	133.220407	23.796765	22.904957
2.540698	133.176465	23.789044	22.901388
2.540930	133.132489	23.781318	22.897816
2.541163	133.088479	23.773585	22.894242
2.541395	133.044435	23.765847	22.890665
2.541628	133.000357	23.758102	22.887085
2.541860	132.956246	23.750352	22.883503
2.542093	132.912102	23.742596	22.879917
2.542326	132.867924	23.734834	22.876329
2.542558	132.823713	23.727065	22.872739
2.542791	132.779469	23.719291	22.869145
2.543023	132.735191	23.711512	22.865549
2.543256	132.690881	23.703726	22.861950
2.543488	132.646538	23.695934	22.858348
2.543721	132.602162	23.688137	22.854744
2.543953	132.557753	23.680334	22.851137
2.544186	132.513312	23.672525	22.847528
2.544419	132.468839	23.664710	22.843915
2.544651	132.424332	23.656890	22.840300
2.544884	132.379794	23.649064	22.836683
2.545116	132.335223	23.641232	22.833063
2.545349	132.290620	23.633395	22.829440
2.545581	132.245986	23.625551	22.825814
2.545814	132.201319	23.617703	22.822186
2.546047	132.156620	23.609848	22.818556
2.546279	132.111890	23.601988	22.814922
2.546512	132.067128	23.594122	22.811286
2.546744	132.022334	23.586251	22.807648
2.546977	131.977509	23.578374	22.804007
2.547209	131.932653	23.570492	22.800363
2.547442	131.887765	23.562604	22.796717
2.547674	131.842847	23.554710	22.793068
2.547907	131.797897	23.546811	22.789417
2.548140	131.752916	23.538906	22.785763
2.548372	131.707904	23.530996	22.782107
2.548605	131.662861	23.523081	22.778448
2.548837	131.617788	23.515160	22.774787
2.549070	131.572684	23.507234	22.771123
2.549302	131.527550	23.499302	22.767456
2.549535	131.482385	23.491365	22.763787
2.549767	131.437189	23.483422	22.760116
2.550000	131.391964	23.475474	22.756442
2.550233	131.346707	23.467520	22.752765
2.550465	131.301415	23.459561	22.749086
2.550698	131.256091	23.451595	22.745404
2.550930	131.210733	23.443624	22.741719
2.551163	131.165341	23.435646	22.738032
2.551395	131.119916	23.427663	22.734342
2.551628	131.074458	23.419674	22.730649
2.551860	131.028966	23.411679	22.726953
2.552093	130.983442	23.403678	22.723255
2.552326	130.937884	23.395671	22.719553
2.552558	130.892294	23.387658	22.715850
2.552791	130.846671	23.379640	22.712143
2.553023	130.801015	23.371616	22.708434
2.553256	130.755327	23.363586	22.704722
2.553488	130.709606	23.355550	22.701008
2.553721	130.663853	23.347509	22.697291
2.553953	130.618068	23.339461	22.693571
2.554186	130.572250	23.331408	22.689848
2.554419	130.526400	23.323350	22.686123
2.554651	130.480518	23.315285	22.682395
2.554884	130.434604	23.307215	22.678665
2.555116	130.388659	23.299140	22.674932
2.555349	130.342681	23.291058	22.671197
2.555581	130.296672	23.282972	22.667458
2.555814	130.250631	23.274879	22.663718
2.556047	130.204559	23.266781	22.659974
2.556279	130.158456	23.258677	22.656229
2.556512	130.112321	23.250568	22.652480
2.556744	130.066155	23.242453	22.648729
2.556977	130.019958	23.234333	22.644975
2.557209	129.973730	23.226207	22.641219
2.557442	129.927470	23.218076	22.637461
2.557674	129.881181	23.209939	22.633699
2.557907	129.834860	23.201797	22.629936
2.558140	129.788509	23.193649	22.626170
2.558372	129.742127	23.185496	22.622401
2.558605	129.695714	23.177338	22.618630
2.558837	129.649272	23.169174	22.614856
2.559070	129.602799	23.161005	22.611080
2.559302	129.556296	23.152830	22.607301
2.559535	129.509762	23.144650	22.603520
2.559767	129.463199	23.136465	22.599736
2.560000	129.416606	23.128274	22.595950
2.560233	129.369981	23.120078	22.592161
2.560465	129.323323	23.111876	22.588370
2.560698	129.276632	23.103668	22.584576
2.560930	129.229908	23.095454	22.580779
2.561163	129.183151	23.087234	22.576979
2.561395	129.136360	23.079008	22.573177
2.561628	129.089537	23.070777	22.569372
2.561860	129.042682	23.062540	22.565564
2.562093	128.995793	23.054297	22.561754
2.562326	128.948872	23.046048	22.557941
2.562558	128.901919	23.037793	22.554126
2.562791	128.854933	23.029533	22.550307
2.563023	128.807915	23.021267	22.546486
2.563256	128.760865	23.012995	22.542663
2.563488	128.713783	23.004718	22.538836
2.563721	128.666669	22.996435	22.535008
2.563953	128.619522	22.988146	22.531176
2.564186	128.572344	22.979852	22.527342
2.564419	128.525135	22.971552	22.523505
2.564651	128.477893	22.963246	22.519666
2.564884	128.430620	22.954935	22.515824
2.565116	128.383316	22.946618	22.511980
2.565349	128.335980	22.938295	22.508133
2.565581	128.288613	22.929967	22.504283
2.565814	128.241215	22.921634	22.500431
2.566047	128.193786	22.913295	22.496576
2.566279	128.146325	22.904950	22.492719
2.566512	128.098834	22.896600	22.488859
2.566744	128.051312	22.888244	22.484997
2.566977	128.003760	22.879883	22.481132
2.567209	127.956176	22.871517	22.477264
2.567442	127.908562	22.863145	22.473394
2.567674	127.860918	22.854768	22.469522
2.567907	127.813243	22.846385	22.465647
2.568140	127.765538	22.837997	22.461770
2.568372	127.717803	22.829603	22.457890
2.568605	127.670038	22.821204	22.454008
2.568837	127.622242	22.812800	22.450123
2.569070	127.574417	22.804391	22.446236
2.569302	127.526562	22.795976	22.442346
2.569535	127.478677	22.787556	22.438454
2.569767	127.430763	22.779131	22.434559
2.570000	127.382819	22.770700	22.430662
2.570233	127.334844	22.762264	22.426762
2.570465	127.286836	22.753822	22.422860
2.570698	127.238795	22.745374	22.418955
2.570930	127.190722	22.736920	22.415047
2.571163	127.142616	22.728461	22.411137
2.571395	127.094478	22.719996	22.407224
2.571628	127.046307	22.711525	22.403309
2.571860	126.998104	22.703048	22.399390
2.572093	126.949869	22.694566	22.395469
2.572326	126.901602	22.686078	22.391546
2.572558	126.853302	22.677584	22.387619
2.572791	126.804971	22.669085	22.383691
2.573023	126.756608	22.660580	22.379759
2.573256	126.708213	22.652069	22.375825
2.573488	126.659787	22.643553	22.371888
2.573721	126.611329	22.635031	22.367949
2.573953	126.562839	22.626503	22.364007
2.574186	126.514318	22.617970	22.360063
2.574419	126.465766	22.609431	22.356116
2.574651	126.417183	22.600887	22.352166
2.574884	126.368568	22.592337	22.348214
2.575116	126.319922	22.583782	22.344259
2.575349	126.271246	22.575221	22.340302
2.575581	126.222538	22.566654	22.336342
2.575814	126.173800	22.558083	22.332380
2.576047	126.125031	22.549505	22.328415
2.576279	126.076232	22.540923	22.324448
2.576512	126.027402	22.532334	22.320478
2.576744	125.978542	22.523741	22.316506
2.576977	125.929651	22.515142	22.312531
2.577209	125.880730	22.506538	22.308554
2.577442	125.831779	22.497928	22.304574
2.577674	125.782798	22.489313	22.300591
2.577907	125.733787	22.480692	22.296607
2.578140	125.684746	22.472067	22.292619
2.578372	125.635675	22.463436	22.288630
2.578605	125.586574	22.454799	22.284638
2.578837	125.537444	22.446158	22.280643
2.579070	125.488285	22.437511	22.276646
2.579302	125.439096	22.428859	22.272647
2.579535	125.389877	22.420201	22.268645
2.579767	125.340630	22.411539	22.264641
2.580000	125.291353	22.402871	22.260634
2.580233	125.242045	22.394198	22.256625
2.580465	125.192706	22.385519	22.252613
2.580698	125.143333	22.376834	22.248599
2.580930	125.093929	22.368144	22.244581
2.581163	125.044493	22.359447	22.240562
2.581395	124.995024	22.350746	22.236539
2.581628	124.945524	22.342038	22.232514
2.581860	124.895992	22.333325	22.228487
2.582093	124.846428	22.324606	22.224456
2.582326	124.796832	22.315881	22.220423
2.582558	124.747205	22.307151	22.216388
2.582791	124.697547	22.298416	22.212350
2.583023	124.647857	22.289674	22.208309
2.583256	124.598136	22.280928	22.204266
2.583488	124.548383	22.272175	22.200220
2.583721	124.498600	22.263417	22.196172
2.583953	124.448785	22.254654	22.192121
2.584186	124.398940	22.245885	22.188068
2.584419	124.349063	22.237110	22.184012
2.584651	124.299156	22.228330	22.179953
2.584884	124.249218	22.219545	22.175892
2.585116	124.199250	22.210754	22.171829
2.585349	124.149251	22.201957	22.167762
2.585581	124.099222	22.193156	22.163694
2.585814	124.049162	22.184348	22.159623
2.586047	123.999072	22.175536	22.155549
2.586279	123.948952	22.166718	22.151473
2.586512	123.898802	22.157895	22.147395
2.586744	123.848622	22.149066	22.143314
2.586977	123.798412	22.140232	22.139230
2.587209	123.748172	22.131393	22.135144
2.587442	123.697902	22.122548	22.131056
2.587674	123.647603	22.113698	22.126965
2.587907	123.597274	22.104843	22.122872
2.588140	123.546916	22.095983	22.118776
2.588372	123.496529	22.087117	22.114678
2.588605	123.446112	22.078246	22.110577
2.588837	123.395666	22.069370	22.106475
2.589070	123.345191	22.060489	22.102369
2.589302	123.294687	22.051602	22.098261
2.589535	123.244154	22.042711	22.094151
2.589767	123.193592	22.033814	22.090039
2.590000	123.143001	22.024912	22.085924
2.590233	123.092380	22.016005	22.081807
2.590465	123.041727	22.007092	22.077687
2.590698	122.991043	21.998173	22.073564
2.590930	122.940326	21.989249	22.069439
2.591163	122.889579	21.980319	22.065311
2.591395	122.838799	21.971383	22.061181
2.591628	122.787988	21.962442	22.057048
2.591860	122.737146	21.953495	22.052912
2.592093	122.686273	21.944543	22.048774
2.592326	122.635369	21.935585	22.044633
2.592558	122.584433	21.926622	22.040490
2.592791	122.533466	21.917653	22.036344
2.593023	122.482469	21.908678	22.032196
2.593256	122.431441	21.899699	22.028045
2.593488	122.380382	21.890713	22.023891
2.593721	122.329292	21.881722	22.019735
2.593953	122.278172	21.872726	22.015577
2.594186	122.227021	21.863724	22.011416
2.594419	122.175840	21.854717	22.007252
2.594651	122.124628	21.845704	22.003086
2.594884	122.073387	21.836686	21.998918
2.595116	122.022115	21.827663	21.994747
2.595349	121.970813	21.818634	21.990573
2.595581	121.919482	21.809600	21.986397
2.595814	121.868120	21.800561	21.982219
2.596047	121.816729	21.791516	21.978038
2.596279	121.765308	21.782466	21.973854
2.596512	121.713857	21.773410	21.969669
2.596744	121.662377	21.764350	21.965480
2.596977	121.610867	21.755284	21.961290
2.597209	121.559328	21.746213	21.957097
2.597442	121.507760	21.737137	21.952901
2.597674	121.456162	21.728055	21.948703
2.597907	121.404536	21.718968	21.944503
2.598140	121.352880	21.709876	21.940300
2.598372	121.301196	21.700779	21.936095
2.598605	121.249482	21.691677	21.931888
2.598837	121.197740	21.682570	21.927678
2.599070	121.145970	21.673457	21.923465
2.599302	121.094170	21.664339	21.919251
2.599535	121.042343	21.655217	21.915034
2.599767	120.990486	21.646089	21.910815
2.600000	120.938602	21.636956	21.906593
2.600233	120.886475	21.627780	21.902369
2.600465	120.833912	21.618528	21.898142
2.600698	120.780942	21.609204	21.893913
2.600930	120.727598	21.599813	21.889681
2.601163	120.673908	21.590362	21.885447
2.601395	120.619904	21.580856	21.881210
2.601628	120.565616	21.571299	21.876970
2.601860	120.511074	21.561698	21.872728
2.602093	120.456309	21.552057	21.868483
2.602326	120.401351	21.542382	21.864236
2.602558	120.346231	21.532679	21.859987
2.602791	120.290979	21.522952	21.855734
2.603023	120.235626	21.513207	21.851480
2.603256	120.180203	21.503450	21.847223
2.603488	120.124739	21.493686	21.842963
2.603721	120.069264	21.483919	21.838701
2.603953	120.013811	21.474157	21.834436
2.604186	119.958409	21.464403	21.830169
2.604419	119.903088	21.454664	21.825899
2.604651	119.847879	21.444944	21.821627
2.604884	119.792812	21.435249	21.817353
2.605116	119.737919	21.425584	21.813076
2.605349	119.683228	21.415956	21.808796
2.605581	119.628772	21.406368	21.804514
2.605814	119.574579	21.396827	21.800230
2.606047	119.520682	21.387337	21.795943
2.606279	119.467110	21.377905	21.791654
2.606512	119.413893	21.368536	21.787363
2.606744	119.361063	21.359234	21.783069
2.606977	119.308649	21.350005	21.778772
2.607209	119.256682	21.340856	21.774474
2.607442	119.205192	21.331790	21.770172
2.607674	119.154211	21.322813	21.765869
2.607907	119.103768	21.313932	21.761563
2.608140	119.053894	21.305150	21.757255
2.608372	119.004619	21.296474	21.752944
2.608605	118.955975	21.287908	21.748631
2.608837	118.907990	21.279459	21.744316
2.609070	118.860696	21.271132	21.739999
2.609302	118.814124	21.262931	21.735679
2.609535	118.768303	21.254863	21.731356
2.609767	118.723264	21.246932	21.727032
2.610000	118.679038	21.239144	21.722705
2.610233	118.635336	21.231448	21.718376
2.610465	118.591853	21.223791	21.714044
2.610698	118.548594	21.216174	21.709710
2.610930	118.505565	21.208597	21.705373
2.611163	118.462771	21.201061	21.701033
2.611395	118.420217	21.193567	21.696691
2.611628	118.377909	21.186117	21.692347
2.611860	118.335852	21.178710	21.688000
2.612093	118.294052	21.171349	21.683650
2.612326	118.252513	21.164034	21.679298
2.612558	118.211242	21.156766	21.674944
2.612791	118.170244	21.149546	21.670587
2.613023	118.129523	21.142375	21.666228
2.613256	118.089086	21.135254	21.661866
2.613488	118.048938	21.128183	21.657502
2.613721	118.009083	21.121164	21.653135
2.613953	117.969528	21.114198	21.648766
2.614186	117.930278	21.107286	21.644394
2.614419	117.891339	21.100428	21.640020
2.614651	117.852714	21.093626	21.635643
2.614884	117.814411	21.086880	21.631265
2.615116	117.776434	21.080192	21.626883
2.615349	117.738789	21.073562	21.622499
2.615581	117.701481	21.066991	21.618113
2.615814	117.664516	21.060481	21.613725
2.616047	117.627898	21.054031	21.609334
2.616279	117.591634	21.047644	21.604941
2.616512	117.555728	21.041321	21.600545
2.616744	117.520186	21.035061	21.596147
2.616977	117.485013	21.028866	21.591747
2.617209	117.450215	21.022737	21.587344
2.617442	117.415797	21.016675	21.582939
2.617674	117.381765	21.010681	21.578531
2.617907	117.348123	21.004756	21.574122
2.618140	117.314877	20.998900	21.569710
2.618372	117.282034	20.993115	21.565295
2.618605	117.249597	20.987402	21.560878
2.618837	117.217572	20.981761	21.556459
2.619070	117.185965	20.976194	21.552038
2.619302	117.154781	20.970702	21.547615
2.619535	117.124025	20.965284	21.543189
2.619767	117.093704	20.959944	21.538760
2.620000	117.063821	20.954680	21.534330
2.620233	117.034403	20.949498	21.529897
2.620465	117.005459	20.944400	21.525462
2.620698	116.976973	20.939382	21.521024
2.620930	116.948925	20.934442	21.516584
2.621163	116.921300	20.929576	21.512141
2.621395	116.894078	20.924781	21.507696
2.621628	116.867243	20.920054	21.503248
2.621860	116.840777	20.915392	21.498798
2.622093	116.814662	20.910792	21.494345
2.622326	116.788881	20.906251	21.489890
2.622558	116.763416	20.901765	21.485432
2.622791	116.738249	20.897332	21.480972
2.623023	116.713364	20.892949	21.476510
2.623256	116.688741	20.888611	21.472045
2.623488	116.664364	20.884317	21.467578
2.623721	116.640215	20.880064	21.463108
2.623953	116.616277	20.875847	21.458636
2.624186	116.592531	20.871664	21.454161
2.624419	116.568961	20.867512	21.449684
2.624651	116.545548	20.863388	21.445205
2.624884	116.522276	20.859288	21.440723
2.625116	116.499125	20.855210	21.436239
2.625349	116.476080	20.851150	21.431753
2.625581	116.453121	20.847106	21.427264
2.625814	116.430233	20.843074	21.422773
2.626047	116.407396	20.839051	21.418280
2.626279	116.384593	20.835034	21.413784
2.626512	116.361808	20.831020	21.409286
2.626744	116.339021	20.827006	21.404785
2.626977	116.316216	20.822988	21.400282
2.627209	116.293375	20.818964	21.395777
2.627442	116.270480	20.814931	21.391270
2.627674	116.247514	20.810885	21.386760
2.627907	116.224460	20.806824	21.382248
2.628140	116.201298	20.802743	21.377734
2.628372	116.178013	20.798641	21.373217
2.628605	116.154586	20.794514	21.368698
2.628837	116.130999	20.790359	21.364177
2.629070	116.107236	20.786173	21.359654
2.629302	116.083278	20.781952	21.355128
2.629535	116.059108	20.777694	21.350600
2.629767	116.034708	20.773395	21.346070
2.630000	116.010061	20.769053	21.341538
2.630233	115.985278	20.764687	21.337003
2.630465	115.960481	20.760318	21.332466
2.630698	115.935671	20.755947	21.327927
2.630930	115.910848	20.751574	21.323384
2.631163	115.886011	20.747199	21.318840
2.631395	115.861162	20.742821	21.314293
2.631628	115.836299	20.738440	21.309744
2.631860	115.811423	20.734058	21.305192
2.632093	115.786534	20.729673	21.300638
2.632326	115.761632	20.725285	21.296081
2.632558	115.736717	20.720896	21.291522
2.632791	115.711788	20.716504	21.286961
2.633023	115.686847	20.712110	21.282397
2.633256	115.661893	20.707713	21.277831
2.633488	115.636926	20.703315	21.273262
2.633721	115.611947	20.698913	21.268691
2.633953	115.586954	20.694510	21.264118
2.634186	115.561949	20.690105	21.259542
2.634419	115.536931	20.685697	21.254964
2.634651	115.511900	20.681287	21.250384
2.634884	115.486857	20.676874	21.245801
2.635116	115.461801	20.672460	21.241216
2.635349	115.436732	20.668043	21.236629
2.635581	115.411651	20.663624	21.232039
2.635814	115.386557	20.659202	21.227447
2.636047	115.361451	20.654779	21.222853
2.636279	115.336332	20.650353	21.218256
2.636512	115.311201	20.645925	21.213657
2.636744	115.286058	20.641495	21.209056
2.636977	115.260902	20.637063	21.204452
2.637209	115.235734	20.632628	21.199847
2.637442	115.210554	20.628191	21.195239
2.637674	115.185361	20.623752	21.190629
2.637907	115.160156	20.619311	21.186016
2.638140	115.134939	20.614868	21.181401
2.638372	115.109710	20.610423	21.176784
2.638605	115.084469	20.605975	21.172165
2.638837	115.059216	20.601525	21.167544
2.639070	115.033951	20.597074	21.162920
2.639302	115.008673	20.592620	21.158294
2.639535	114.983384	20.588164	21.153666
2.639767	114.958083	20.583705	21.149036
2.640000	114.932770	20.579245	21.144403
2.640233	114.907444	20.574782	21.139768
2.640465	114.882106	20.570318	21.135131
2.640698	114.856754	20.565850	21.130491
2.640930	114.831390	20.561381	21.125849
2.641163	114.806012	20.556909	21.121205
2.641395	114.780621	20.552435	21.116558
2.641628	114.755218	20.547958	21.111909
2.641860	114.729801	20.543480	21.107257
2.642093	114.704372	20.538999	21.102603
2.642326	114.678930	20.534516	21.097947
2.642558	114.653475	20.530030	21.093288
2.642791	114.628008	20.525542	21.088627
2.643023	114.602528	20.521052	21.083964
2.643256	114.577035	20.516560	21.079298
2.643488	114.551529	20.512065	21.074630
2.643721	114.526011	20.507568	21.069959
2.643953	114.500480	20.503069	21.065287
2.644186	114.474937	20.498568	21.060612
2.644419	114.449381	20.494065	21.055934
2.644651	114.423813	20.489559	21.051255
2.644884	114.398232	20.485051	21.046573
2.645116	114.372639	20.480541	21.041888
2.645349	114.347034	20.476028	21.037202
2.645581	114.321416	20.471514	21.032513
2.645814	114.295786	20.466997	21.027822
2.646047	114.270144	20.462478	21.023129
2.646279	114.244490	20.457957	21.018433
2.646512	114.218823	20.453434	21.013735
2.646744	114.193144	20.448909	21.009035
2.646977	114.167454	20.444381	21.004333
2.647209	114.141751	20.439852	20.999628
2.647442	114.116036	20.435320	20.994922
2.647674	114.090309	20.430786	20.990213
2.647907	114.064570	20.426250	20.985501
2.648140	114.038819	20.421711	20.980788
2.648372	114.013056	20.417171	20.976072
2.648605	113.987282	20.412629	20.971354
2.648837	113.961495	20.408084	20.966635
2.649070	113.935697	20.403537	20.961912
2.649302	113.909887	20.398989	20.957188
2.649535	113.884065	20.394438	20.952461
2.649767	113.858232	20.389885	20.947733
2.650000	113.832387	20.385330	20.943002
2.650233	113.806530	20.380773	20.938269
2.650465	113.780660	20.376213	20.933533
2.650698	113.754777	20.371652	20.928796
2.650930	113.728881	20.367088	20.924055
2.651163	113.702973	20.362521	20.919313
2.651395	113.677052	20.357953	20.914568
2.651628	113.651118	20.353382	20.909821
2.651860	113.625172	20.348809	20.905071
2.652093	113.599213	20.344234	20.900319
2.652326	113.573241	20.339656	20.895565
2.652558	113.547257	20.335077	20.890809
2.652791	113.521261	20.330495	20.886050
2.653023	113.495252	20.325911	20.881289
2.653256	113.469231	20.321324	20.876526
2.653488	113.443197	20.316736	20.871760
2.653721	113.417151	20.312145	20.866992
2.653953	113.391092	20.307552	20.862222
2.654186	113.365022	20.302957	20.857449
2.654419	113.338939	20.298360	20.852674
2.654651	113.312844	20.293760	20.847897
2.654884	113.286737	20.289158	20.843118
2.655116	113.260617	20.284555	20.838336
2.655349	113.234486	20.279949	20.833553
2.655581	113.208342	20.275341	20.828767
2.655814	113.182187	20.270730	20.823979
2.656047	113.156019	20.266118	20.819188
2.656279	113.129839	20.261503	20.814395
2.656512	113.103648	20.256887	20.809601
2.656744	113.077445	20.252268	20.804803
2.656977	113.051229	20.247647	20.800004
2.657209	113.025002	20.243024	20.795203
2.657442	112.998763	20.238399	20.790399
2.657674	112.972513	20.233772	20.785593
2.657907	112.946250	20.229142	20.780785
2.658140	112.919976	20.224511	20.775975
2.658372	112.893691	20.219878	20.771163
2.658605	112.867394	20.215242	20.766348
2.658837	112.841085	20.210605	20.761532
2.659070	112.814764	20.205965	20.756713
2.659302	112.788432	20.201323	20.751892
2.659535	112.762089	20.196680	20.747069
2.659767	112.735734	20.192034	20.742244
2.660000	112.709368	20.187386	20.737417
2.660233	112.682990	20.182736	20.732588
2.660465	112.656599	20.178084	20.727756
2.660698	112.630196	20.173429	20.722922
2.660930	112.603780	20.168773	20.718085
2.661163	112.577352	20.164114	20.713247
2.661395	112.550911	20.159453	20.708406
2.661628	112.524458	20.154790	20.703562
2.661860	112.497992	20.150124	20.698717
2.662093	112.471515	20.145457	20.693869
2.662326	112.445025	20.140787	20.689019
2.662558	112.418522	20.136115	20.684166
2.662791	112.392008	20.131441	20.679312
2.663023	112.365481	20.126764	20.674455
2.663256	112.338942	20.122086	20.669596
2.663488	112.312391	20.117405	20.664734
2.663721	112.285828	20.112722	20.659871
2.663953	112.259253	20.108037	20.655005
2.664186	112.232666	20.103350	20.650137
2.664419	112.206067	20.098661	20.645266
2.664651	112.179456	20.093969	20.640394
2.664884	112.152833	20.089276	20.635519
2.665116	112.126198	20.084580	20.630642
2.665349	112.099552	20.079882	20.625763
2.665581	112.072893	20.075182	20.620882
2.665814	112.046223	20.070480	20.615998
2.666047	112.019541	20.065776	20.611113
2.666279	111.992847	20.061070	20.606225
2.666512	111.966142	20.056362	20.601335
2.666744	111.939425	20.051652	20.596443
2.666977	111.912696	20.046939	20.591548
2.667209	111.885956	20.042225	20.586652
2.667442	111.859205	20.037508	20.581753
2.667674	111.832441	20.032790	20.576853
2.667907	111.805667	20.028069	20.571950
2.668140	111.778881	20.023347	20.567045
2.668372	111.752083	20.018622	20.562138
2.668605	111.725274	20.013895	20.557229
2.668837	111.698454	20.009167	20.552318
2.669070	111.671623	20.004436	20.547404
2.669302	111.644780	19.999703	20.542489
2.669535	111.617926	19.994968	20.537571
2.669767	111.591061	19.990232	20.532652
2.670000	111.564185	19.985493	20.527730
2.670233	111.537297	19.980752	20.522806
2.670465	111.510397	19.976009	20.517880
2.670698	111.483484	19.971264	20.512952
2.670930	111.456560	19.966517	20.508021
2.671163	111.429623	19.961767	20.503088
2.671395	111.402674	19.957015	20.498153
2.671628	111.375713	19.952261	20.493216
2.671860	111.348739	19.947505	20.488276
2.672093	111.321754	19.942747	20.483334
2.672326	111.294757	19.937987	20.478390
2.672558	111.267747	19.933224	20.473444
2.672791	111.240726	19.928460	20.468495
2.673023	111.213693	19.923693	20.463545
2.673256	111.186648	19.918924	20.458592
2.673488	111.159591	19.914153	20.453637
2.673721	111.132523	19.909380	20.448679
2.673953	111.105442	19.904605	20.443720
2.674186	111.078350	19.899828	20.438758
2.674419	111.051246	19.895048	20.433795
2.674651	111.024131	19.890267	20.428829
2.674884	110.997003	19.885484	20.423860
2.675116	110.969865	19.880698	20.418890
2.675349	110.942714	19.875910	20.413918
2.675581	110.915552	19.871121	20.408943
2.675814	110.888379	19.866329	20.403966
2.676047	110.861194	19.861535	20.398988
2.676279	110.833998	19.856739	20.394007
2.676512	110.806790	19.851941	20.389024
2.676744	110.779571	19.847141	20.384038
2.676977	110.752341	19.842339	20.379051
2.677209	110.725099	19.837536	20.374062
2.677442	110.697846	19.832730	20.369070
2.677674	110.670582	19.827922	20.364077
2.677907	110.643306	19.823112	20.359081
2.678140	110.616020	19.818300	20.354083
2.678372	110.588722	19.813486	20.349084
2.678605	110.561413	19.808670	20.344082
2.678837	110.534093	19.803852	20.339078
2.679070	110.506762	19.799032	20.334072
2.679302	110.479420	19.794210	20.329064
2.679535	110.452068	19.789386	20.324054
2.679767	110.424704	19.784561	20.319042
2.680000	110.397329	19.779733	20.314028
2.680233	110.369943	19.774903	20.309012
2.680465	110.342545	19.770071	20.303993
2.680698	110.315135	19.765237	20.298973
2.680930	110.287713	19.760401	20.293950
2.681163	110.260279	19.755563	20.288925
2.681395	110.232833	19.750723	20.283898
2.681628	110.205375	19.745880	20.278868
2.681860	110.177906	19.741036	20.273837
2.682093	110.150424	19.736189	20.268803
2.682326	110.122932	19.731340	20.263767
2.682558	110.095427	19.726489	20.258729
2.682791	110.067911	19.721636	20.253688
2.683023	110.040383	19.716781	20.248646
2.683256	110.012843	19.711924	20.243601
2.683488	109.985292	19.707065	20.238555
2.683721	109.957729	19.702204	20.233506
2.683953	109.930155	19.697341	20.228455
2.684186	109.902570	19.692475	20.223401
2.684419	109.874973	19.687608	20.218346
2.684651	109.847364	19.682739	20.213289
2.684884	109.819744	19.677867	20.208229
2.685116	109.792113	19.672994	20.203168
2.685349	109.764471	19.668118	20.198104
2.685581	109.736817	19.663241	20.193038
2.685814	109.709152	19.658361	20.187970
2.686047	109.681476	19.653480	20.182900
2.686279	109.653789	19.648596	20.177828
2.686512	109.626091	19.643711	20.172754
2.686744	109.598381	19.638823	20.167678
2.686977	109.570661	19.633934	20.162600
2.687209	109.542929	19.629043	20.157519
2.687442	109.515187	19.624149	20.152437
2.687674	109.487433	19.619254	20.147353
2.687907	109.459669	19.614357	20.142266
2.688140	109.431894	19.609457	20.137178
2.688372	109.404107	19.604556	20.132088
2.688605	109.376310	19.599653	20.126995
2.688837	109.348503	19.594748	20.121901
2.689070	109.320684	19.589841	20.116804
2.689302	109.292855	19.584932	20.111706
2.689535	109.265015	19.580021	20.106606
2.689767	109.237164	19.575109	20.101503
2.690000	109.209303	19.570194	20.096399
2.690233	109.181431	19.565277	20.091293
2.690465	109.153547	19.560359	20.086184
2.690698	109.125651	19.555438	20.081073
2.690930	109.097743	19.550515	20.075960
2.691163	109.069824	19.545590	20.070845
2.691395	109.041894	19.540663	20.065728
2.691628	109.013952	19.535734	20.060609
2.691860	108.985998	19.530803	20.055487
2.692093	108.958033	19.525870	20.050364
2.692326	108.930056	19.520934	20.045238
2.692558	108.902068	19.515997	20.040110
2.692791	108.874069	19.511058	20.034980
2.693023	108.846058	19.506116	20.029848
2.693256	108.818037	19.501173	20.024714
2.693488	108.790003	19.496228	20.019578
2.693721	108.761959	19.491280	20.014439
2.693953	108.733903	19.486331	20.009299
2.694186	108.705836	19.481379	20.004156
2.694419	108.677758	19.476426	19.999012
2.694651	108.649669	19.471471	19.993865
2.694884	108.621569	19.466513	19.988717
2.695116	108.593458	19.461554	19.983566
2.695349	108.565336	19.456593	19.978413
2.695581	108.537202	19.451629	19.973258
2.695814	108.509058	19.446664	19.968101
2.696047	108.480903	19.441697	19.962942
2.696279	108.452737	19.436728	19.957782
2.696512	108.424560	19.431757	19.952619
2.696744	108.396373	19.426784	19.947454
2.696977	108.368174	19.421809	19.942287
2.697209	108.339965	19.416832	19.937118
2.697442	108.311745	19.411853	19.931947
2.697674	108.283515	19.406873	19.926774
2.697907	108.255274	19.401890	19.921599
2.698140	108.227022	19.396905	19.916422
2.698372	108.198760	19.391919	19.911243
2.698605	108.170487	19.386931	19.906063
2.698837	108.142203	19.381941	19.900880
2.699070	108.113910	19.376949	19.895695
2.699302	108.085605	19.371955	19.890509
2.699535	108.057291	19.366959	19.885320
2.699767	108.028965	19.361961	19.880129
2.700000	108.000630	19.356962	19.874937
2.700233	107.972284	19.351961	19.869743
2.700465	107.943926	19.346957	19.864546
2.700698	107.915557	19.341952	19.859347
2.700930	107.887176	19.336944	19.854146
2.701163	107.858785	19.331935	19.848944
2.701395	107.830382	19.326923	19.843739
2.701628	107.801967	19.321910	19.838531
2.701860	107.773542	19.316894	19.833322
2.702093	107.745105	19.311876	19.828111
2.702326	107.716657	19.306857	19.822898
2.702558	107.688198	19.301835	19.817682
2.702791	107.659728	19.296812	19.812465
2.703023	107.631247	19.291786	19.807245
2.703256	107.602755	19.286759	19.802024
2.703488	107.574252	19.281730	19.796800
2.703721	107.545738	19.276698	19.791575
2.703953	107.517213	19.271665	19.786347
2.704186	107.488678	19.266629	19.781117
2.704419	107.460131	19.261592	19.775886
2.704651	107.431574	19.256553	19.770652
2.704884	107.403005	19.251512	19.765416
2.705116	107.374427	19.246469	19.760178
2.705349	107.345837	19.241424	19.754939
2.705581	107.317237	19.236377	19.749697
2.705814	107.288626	19.231328	19.744453
2.706047	107.260004	19.226278	19.739208
2.706279	107.231372	19.221225	19.733960
2.706512	107.202729	19.216171	19.728710
2.706744	107.174076	19.211114	19.723459
2.706977	107.145412	19.206056	19.718205
2.707209	107.116738	19.200996	19.712950
2.707442	107.088053	19.195934	19.707693
2.707674	107.059358	19.190870	19.702433
2.707907	107.030653	19.185805	19.697172
2.708140	107.001937	19.180737	19.691909
2.708372	106.973211	19.175668	19.686644
2.708605	106.944475	19.170597	19.681377
2.708837	106.915728	19.165524	19.676108
2.709070	106.886972	19.160449	19.670837
2.709302	106.858205	19.155372	19.665564
2.709535	106.829428	19.150293	19.660290
2.709767	106.800641	19.145213	19.655013
2.710000	106.771844	19.140131	19.649735
2.710233	106.743036	19.135047	19.644455
2.710465	106.714218	19.129961	19.639172
2.710698	106.685388	19.124873	19.633888
2.710930	106.656547	19.119783	19.628601
2.711163	106.627695	19.114691	19.623313
2.711395	106.598832	19.109597	19.618022
2.711628	106.569959	19.104501	19.612730
2.711860	106.541074	19.099403	19.607435
2.712093	106.512179	19.094304	19.602138
2.712326	106.483272	19.089202	19.596840
2.712558	106.454355	19.084098	19.591539
2.712791	106.425427	19.078993	19.586236
2.713023	106.396488	19.073885	19.580932
2.713256	106.367539	19.068776	19.575625
2.713488	106.338579	19.063664	19.570316
2.713721	106.309608	19.058551	19.565006
2.713953	106.280627	19.053436	19.559693
2.714186	106.251635	19.048319	19.554379
2.714419	106.222633	19.043200	19.549062
2.714651	106.193620	19.038079	19.543743
2.714884	106.164597	19.032957	19.538423
2.715116	106.135563	19.027832	19.533101
2.715349	106.106518	19.022706	19.527776
2.715581	106.077464	19.017577	19.522450
2.715814	106.048399	19.012447	19.517122
2.716047	106.019324	19.007315	19.511792
2.716279	105.990238	19.002181	19.506460
2.716512	105.961142	18.997045	19.501126
2.716744	105.932036	18.991908	19.495790
2.716977	105.902920	18.986769	19.490452
2.717209	105.873794	18.981627	19.485112
2.717442	105.844657	18.976484	19.479771
2.717674	105.815510	18.971340	19.474427
2.717907	105.786354	18.966193	19.469082
2.718140	105.757187	18.961045	19.463735
2.718372	105.728011	18.955894	19.458386
2.718605	105.698824	18.950742	19.453035
2.718837	105.669627	18.945589	19.447682
2.719070	105.640421	18.940433	19.442328
2.719302	105.611205	18.935276	19.436971
2.719535	105.581979	18.930116	19.431613
2.719767	105.552743	18.924956	19.426253
2.720000	105.523497	18.919793	19.420891
2.720233	105.494241	18.914629	19.415527
2.720465	105.464974	18.909462	19.410161
2.720698	105.435697	18.904294	19.404794
2.720930	105.406409	18.899124	19.399424
2.721163	105.377110	18.893951	19.394052
2.721395	105.347800	18.888777	19.388678
2.721628	105.318480	18.883601	19.383302
2.721860	105.289150	18.878423	19.377925
2.722093	105.259808	18.873244	19.372545
2.722326	105.230456	18.868062	19.367163
2.722558	105.201094	18.862878	19.361780
2.722791	105.171721	18.857693	19.356394
2.723023	105.142338	18.852506	19.351006
2.723256	105.112945	18.847316	19.345617
2.723488	105.083541	18.842125	19.340226
2.723721	105.054126	18.836933	19.334832
2.723953	105.024702	18.831738	19.329437
2.724186	104.995267	18.826541	19.324040
2.724419	104.965822	18.821343	19.318641
2.724651	104.936367	18.816143	19.313240
2.724884	104.906901	18.810940	19.307837
2.725116	104.877426	18.805737	19.302432
2.725349	104.847940	18.800531	19.297026
2.725581	104.818444	18.795323	19.291617
2.725814	104.788939	18.790114	19.286207
2.726047	104.759423	18.784903	19.280795
2.726279	104.729897	18.779690	19.275380
2.726512	104.700362	18.774475	19.269964
2.726744	104.670816	18.769259	19.264547
2.726977	104.641260	18.764040	19.259127
2.727209	104.611695	18.758820	19.253705
2.727442	104.582120	18.753599	19.248282
2.727674	104.552535	18.748375	19.242857
2.727907	104.522940	18.743150	19.237430
2.728140	104.493336	18.737923	19.232001
2.728372	104.463722	18.732694	19.226571
2.728605	104.434098	18.727463	19.221138
2.728837	104.404465	18.722231	19.215704
2.729070	104.374822	18.716997	19.210268
2.729302	104.345169	18.711761	19.204830
2.729535	104.315507	18.706524	19.199390
2.729767	104.285836	18.701285	19.193949
2.730000	104.256155	18.696044	19.188506
2.730233	104.226464	18.690801	19.183061
2.730465	104.196763	18.685557	19.177614
2.730698	104.167051	18.680311	19.172165
2.730930	104.137329	18.675062	19.166714
2.731163	104.107596	18.669812	19.161262
2.731395	104.077853	18.664560	19.155807
2.731628	104.048100	18.659306	19.150350
2.731860	104.018337	18.654051	19.144892
2.732093	103.988563	18.648793	19.139431
2.732326	103.958779	18.643534	19.133969
2.732558	103.928985	18.638273	19.128505
2.732791	103.899181	18.633010	19.123039
2.733023	103.869366	18.627745	19.117571
2.733256	103.839542	18.622478	19.112101
2.733488	103.809708	18.617210	19.106629
2.733721	103.779863	18.611940	19.101155
2.733953	103.750009	18.606668	19.095680
2.734186	103.720144	18.601394	19.090202
2.734419	103.690270	18.596118	19.084723
2.734651	103.660386	18.590841	19.079242
2.734884	103.630492	18.585562	19.073759
2.735116	103.600588	18.580281	19.068274
2.735349	103.570674	18.574998	19.062788
2.735581	103.540751	18.569714	19.057299
2.735814	103.510818	18.564428	19.051809
2.736047	103.480875	18.559140	19.046317
2.736279	103.450923	18.553850	19.040823
2.736512	103.420961	18.548559	19.035328
2.736744	103.390989	18.543266	19.029830
2.736977	103.361008	18.537971	19.024331
2.737209	103.331017	18.532674	19.018830
2.737442	103.301017	18.527376	19.013327
2.737674	103.271007	18.522076	19.007823
2.737907	103.240988	18.516775	19.002316
2.738140	103.210959	18.511471	18.996808
2.738372	103.180921	18.506166	18.991298
2.738605	103.150874	18.500859	18.985787
2.738837	103.120817	18.495551	18.980274
2.739070	103.090752	18.490241	18.974758
2.739302	103.060676	18.484929	18.969242
2.739535	103.030592	18.479616	18.963723
2.739767	103.000499	18.474301	18.958203
2.740000	102.970396	18.468984	18.952681
2.740233	102.940284	18.463666	18.947157
2.740465	102.910161	18.458345	18.941632
2.740698	102.880029	18.453023	18.936104
2.740930	102.849886	18.447699	18.930575
2.741163	102.819734	18.442374	18.925043
2.741395	102.789571	18.437046	18.919510
2.741628	102.759398	18.431717	18.913975
2.741860	102.729216	18.426386	18.908438
2.742093	102.699023	18.421053	18.902900
2.742326	102.668821	18.415718	18.897359
2.742558	102.638609	18.410382	18.891817
2.742791	102.608387	18.405044	18.886272
2.743023	102.578155	18.399704	18.880726
2.743256	102.547914	18.394362	18.875178
2.743488	102.517663	18.389019	18.869629
2.743721	102.487402	18.383673	18.864077
2.743953	102.457131	18.378326	18.858524
2.744186	102.426851	18.372978	18.852969
2.744419	102.396561	18.367627	18.847412
2.744651	102.366262	18.362275	18.841853
2.744884	102.335953	18.356921	18.836293
2.745116	102.305635	18.351566	18.830730
2.745349	102.275307	18.346209	18.825166
2.745581	102.244970	18.340850	18.819600
2.745814	102.214623	18.335489	18.814033
2.746047	102.184267	18.330127	18.808464
2.746279	102.153902	18.324763	18.802892
2.746512	102.123527	18.319397	18.797320
2.746744	102.093143	18.314030	18.791745
2.746977	102.062750	18.308661	18.786169
2.747209	102.032348	18.303290	18.780591
2.747442	102.001936	18.297918	18.775011
2.747674	101.971516	18.292544	18.769430
2.747907	101.941086	18.287168	18.763846
2.748140	101.910647	18.281791	18.758262
2.748372	101.880199	18.276412	18.752675
2.748605	101.849742	18.271031	18.747087
2.748837	101.819276	18.265649	18.741497
2.749070	101.788801	18.260265	18.735905
2.749302	101.758318	18.254880	18.730312
2.749535	101.727825	18.249493	18.724717
2.749767	101.697323	18.244104	18.719120
2.750000	101.666813	18.238714	18.713522
2.750233	101.636293	18.233322	18.707922
2.750465	101.605764	18.227928	18.702320
2.750698	101.575225	18.222533	18.696716
2.750930	101.544676	18.217136	18.691111
2.751163	101.514117	18.211737	18.685504
2.751395	101.483549	18.206336	18.679894
2.751628	101.452971	18.200934	18.674283
2.751860	101.422383	18.195530	18.668671
2.752093	101.391786	18.190124	18.663056
2.752326	101.361180	18.184717	18.657440
2.752558	101.330563	18.179307	18.651822
2.752791	101.299938	18.173896	18.646202
2.753023	101.269303	18.168484	18.640580
2.753256	101.238658	18.163069	18.634957
2.753488	101.208004	18.157653	18.629332
2.753721	101.177341	18.152235	18.623705
2.753953	101.146668	18.146816	18.618076
2.754186	101.115987	18.141395	18.612446
2.754419	101.085295	18.135972	18.606813
2.754651	101.054595	18.130548	18.601180
2.754884	101.023886	18.125122	18.595544
2.755116	100.993167	18.119694	18.589907
2.755349	100.962439	18.114264	18.584268
2.755581	100.931702	18.108833	18.578627
2.755814	100.900956	18.103401	18.572984
2.756047	100.870201	18.097966	18.567340
2.756279	100.839437	18.092530	18.561694
2.756512	100.808664	18.087093	18.556047
2.756744	100.777882	18.081654	18.550398
2.756977	100.747091	18.076213	18.544747
2.757209	100.716292	18.070770	18.539094
2.757442	100.685483	18.065326	18.533440
2.757674	100.654666	18.059881	18.527784
2.757907	100.623840	18.054433	18.522127
2.758140	100.593005	18.048985	18.516468
2.758372	100.562161	18.043534	18.510807
2.758605	100.531309	18.038082	18.505144
2.758837	100.500448	18.032629	18.499480
2.759070	100.469578	18.027174	18.493815
2.759302	100.438700	18.021717	18.488147
2.759535	100.407813	18.016259	18.482479
2.759767	100.376918	18.010799	18.476808
2.760000	100.346014	18.005338	18.471136
2.760233	100.315101	17.999875	18.465462
2.760465	100.284179	17.994411	18.459787
2.760698	100.253247	17.988944	18.454109
2.760930	100.222306	17.983476	18.448430
2.761163	100.191356	17.978007	18.442749
2.761395	100.160396	17.972535	18.437067
2.761628	100.129427	17.967062	18.431383
2.761860	100.098449	17.961587	18.425697
2.762093	100.067461	17.956111	18.420009
2.762326	100.036465	17.950633	18.414319
2.762558	100.005459	17.945153	18.408628
2.762791	99.974444	17.939672	18.402935
2.763023	99.943420	17.934189	18.397240
2.763256	99.912386	17.928704	18.391544
2.763488	99.881344	17.923218	18.385846
2.763721	99.850293	17.917730	18.380146
2.763953	99.819233	17.912240	18.374445
2.764186	99.788164	17.906749	18.368742
2.764419	99.757085	17.901256	18.363037
2.764651	99.725998	17.895762	18.357330
2.764884	99.694903	17.890266	18.351622
2.765116	99.663798	17.884768	18.345913
2.765349	99.632684	17.879269	18.340201
2.765581	99.601562	17.873769	18.334488
2.765814	99.570431	17.868266	18.328773
2.766047	99.539292	17.862762	18.323057
2.766279	99.508143	17.857257	18.317339
2.766512	99.476986	17.851750	18.311619
2.766744	99.445821	17.846241	18.305898
2.766977	99.414647	17.840731	18.300175
2.767209	99.383464	17.835219	18.294451
2.767442	99.352273	17.829706	18.288725
2.767674	99.321073	17.824191	18.282997
2.767907	99.289865	17.818675	18.277268
2.768140	99.258649	17.813157	18.271537
2.768372	99.227424	17.807638	18.265805
2.768605	99.196190	17.802117	18.260071
2.768837	99.164949	17.796594	18.254335
2.769070	99.133699	17.791070	18.248598
2.769302	99.102441	17.785545	18.242859
2.769535	99.071174	17.780018	18.237119
2.769767	99.039900	17.774490	18.231377
2.770000	99.008617	17.768960	18.225634
2.770233	98.977326	17.763429	18.219889
2.770465	98.946025	17.757896	18.214142
2.770698	98.914716	17.752361	18.208394
2.770930	98.883397	17.746825	18.202644
2.771163	98.852069	17.741287	18.196892
2.771395	98.820733	17.735747	18.191139
2.771628	98.789387	17.730206	18.185384
2.771860	98.758033	17.724663	18.179627
2.772093	98.726670	17.719119	18.173868
2.772326	98.695297	17.713572	18.168108
2.772558	98.663916	17.708025	18.162347
2.772791	98.632527	17.702476	18.156583
2.773023	98.601128	17.696925	18.150818
2.773256	98.569721	17.691372	18.145051
2.773488	98.538305	17.685819	18.139283
2.773721	98.506880	17.680263	18.133513
2.773953	98.475447	17.674706	18.127741
2.774186	98.444005	17.669147	18.121968
2.774419	98.412555	17.663587	18.116193
2.774651	98.381096	17.658025	18.110417
2.774884	98.349628	17.652462	18.104639
2.775116	98.318152	17.646897	18.098859
2.775349	98.286668	17.641331	18.093078
2.775581	98.255175	17.635763	18.087295
2.775814	98.223674	17.630194	18.081510
2.776047	98.192164	17.624623	18.075724
2.776279	98.160646	17.619050	18.069937
2.776512	98.129120	17.613476	18.064148
2.776744	98.097585	17.607901	18.058357
2.776977	98.066043	17.602324	18.052565
2.777209	98.034492	17.596745	18.046771
2.777442	98.002933	17.591165	18.040976
2.777674	97.971366	17.585584	18.035179
2.777907	97.939790	17.580001	18.029380
2.778140	97.908207	17.574417	18.023581
2.778372	97.876616	17.568831	18.017779
2.778605	97.845016	17.563244	18.011976
2.778837	97.813409	17.557655	18.006172
2.779070	97.781793	17.552065	18.000366
2.779302	97.750170	17.546473	17.994558
2.779535	97.718539	17.540880	17.988749
2.779767	97.686900	17.535286	17.982939
2.780000	97.655253	17.529690	17.977127
2.780233	97.623598	17.524093	17.971314
2.780465	97.591934	17.518494	17.965498
2.780698	97.560261	17.512893	17.959682
2.780930	97.528580	17.507291	17.953863
2.781163	97.496890	17.501687	17.948043
2.781395	97.465192	17.496082	17.942222
2.781628	97.433484	17.490475	17.936398
2.781860	97.401769	17.484867	17.930573
2.782093	97.370045	17.479257	17.924747
2.782326	97.338312	17.473645	17.918919
2.782558	97.306571	17.468032	17.913089
2.782791	97.274821	17.462418	17.907258
2.783023	97.243063	17.456802	17.901425
2.783256	97.211296	17.451184	17.895591
2.783488	97.179522	17.445565	17.889755
2.783721	97.147739	17.439945	17.883917
2.783953	97.115947	17.434322	17.878078
2.784186	97.084148	17.428699	17.872237
2.784419	97.052340	17.423074	17.866395
2.784651	97.020524	17.417447	17.860551
2.784884	96.988700	17.411819	17.854706
2.785116	96.956867	17.406190	17.848859
2.785349	96.925027	17.400558	17.843010
2.785581	96.893178	17.394926	17.837161
2.785814	96.861322	17.389292	17.831309
2.786047	96.829457	17.383657	17.825456
2.786279	96.797585	17.378020	17.819602
2.786512	96.765705	17.372381	17.813746
2.786744	96.733816	17.366742	17.807888
2.786977	96.701920	17.361101	17.802029
2.787209	96.670016	17.355458	17.796169
2.787442	96.638104	17.349814	17.790307
2.787674	96.606184	17.344168	17.784444
2.787907	96.574257	17.338522	17.778579
2.788140	96.542322	17.332873	17.772712
2.788372	96.510379	17.327224	17.766845
2.788605	96.478428	17.321572	17.760975
2.788837	96.446470	17.315920	17.755105
2.789070	96.414504	17.310266	17.749233
2.789302	96.382531	17.304611	17.743359
2.789535	96.350550	17.298954	17.737484
2.789767	96.318562	17.293296	17.731608
2.790000	96.286566	17.287637	17.725730
2.790233	96.254562	17.281976	17.719851
2.790465	96.222550	17.276314	17.713970
2.790698	96.190529	17.270650	17.708087
2.790930	96.158501	17.264985	17.702203
2.791163	96.126463	17.259318	17.696318
2.791395	96.094418	17.253649	17.690431
2.791628	96.062364	17.247980	17.684542
2.791860	96.030303	17.242308	17.678652
2.792093	95.998233	17.236635	17.672760
2.792326	95.966154	17.230961	17.666866
2.792558	95.934068	17.225285	17.660972
2.792791	95.901974	17.219608	17.655075
2.793023	95.869871	17.213929	17.649177
2.793256	95.837761	17.208249	17.643278
2.793488	95.805643	17.202568	17.637377
2.793721	95.773516	17.196884	17.631474
2.793953	95.741382	17.191200	17.625571
2.794186	95.709240	17.185514	17.619665
2.794419	95.677090	17.179827	17.613758
2.794651	95.644932	17.174138	17.607850
2.794884	95.612766	17.168447	17.601940
2.795116	95.580593	17.162756	17.596029
2.795349	95.548412	17.157063	17.590116
2.795581	95.516223	17.151368	17.584201
2.795814	95.484026	17.145672	17.578286
2.796047	95.451822	17.139975	17.572369
2.796279	95.419610	17.134276	17.566450
2.796512	95.387391	17.128576	17.560530
2.796744	95.355164	17.122875	17.554608
2.796977	95.322929	17.117172	17.548685
2.797209	95.290687	17.111468	17.542761
2.797442	95.258438	17.105762	17.536835
2.797674	95.226181	17.100055	17.530908
2.797907	95.193917	17.094347	17.524980
2.798140	95.161645	17.088638	17.519050
2.798372	95.129366	17.082927	17.513118
2.798605	95.097080	17.077214	17.507185
2.798837	95.064786	17.071501	17.501251
2.799070	95.032485	17.065786	17.495316
2.799302	95.000177	17.060070	17.489379
2.799535	94.967862	17.054352	17.483441
2.799767	94.935540	17.048633	17.477501
2.800000	94.903210	17.042913	17.471560
2.800233	94.870873	17.037191	17.465618
2.800465	94.838528	17.031468	17.459674
2.800698	94.806175	17.025744	17.453728
2.800930	94.773814	17.020018	17.447781
2.801163	94.741445	17.014291	17.441833
2.801395	94.709068	17.008562	17.435883
2.801628	94.676683	17.002832	17.429931
2.801860	94.644290	16.997100	17.423978
2.802093	94.611890	16.991367	17.418024
2.802326	94.579482	16.985632	17.412068
2.802558	94.547066	16.979896	17.406111
2.802791	94.514642	16.974159	17.400152
2.803023	94.482211	16.968420	17.394192
2.803256	94.449772	16.962680	17.388230
2.803488	94.417325	16.956939	17.382267
2.803721	94.384871	16.951196	17.376302
2.803953	94.352409	16.945452	17.370336
2.804186	94.319940	16.939706	17.364369
2.804419	94.287463	16.933959	17.358400
2.804651	94.254979	16.928210	17.352430
2.804884	94.222487	16.922461	17.346458
2.805116	94.189988	16.916710	17.340485
2.805349	94.157482	16.910957	17.334510
2.805581	94.124968	16.905203	17.328534
2.805814	94.092447	16.899448	17.322557
2.806047	94.059918	16.893692	17.316578
2.806279	94.027383	16.887934	17.310598
2.806512	93.994840	16.882175	17.304617
2.806744	93.962290	16.876414	17.298634
2.806977	93.929732	16.870653	17.292650
2.807209	93.897168	16.864890	17.286664
2.807442	93.864597	16.859125	17.280677
2.807674	93.832018	16.853360	17.274689
2.807907	93.799432	16.847593	17.268699
2.808140	93.766840	16.841824	17.262709
2.808372	93.734240	16.836055	17.256716
2.808605	93.701634	16.830284	17.250723
2.808837	93.669020	16.824512	17.244728
2.809070	93.636400	16.818739	17.238732
2.809302	93.603773	16.812964	17.232734
2.809535	93.571138	16.807188	17.226735
2.809767	93.538498	16.801411	17.220735
2.810000	93.505850	16.795633	17.214734
2.810233	93.473195	16.789853	17.208731
2.810465	93.440533	16.784072	17.202727
2.810698	93.407863	16.778290	17.196721
2.810930	93.375185	16.772506	17.190714
2.811163	93.342500	16.766721	17.184706
2.811395	93.309807	16.760934	17.178696
2.811628	93.277107	16.755146	17.172685
2.811860	93.244399	16.749357	17.166672
2.812093	93.211684	16.743567	17.160658
2.812326	93.178961	16.737775	17.154642
2.812558	93.146231	16.731981	17.148625
2.812791	93.113494	16.726186	17.142607
2.813023	93.080750	16.720390	17.136587
2.813256	93.047998	16.714593	17.130566
2.813488	93.015239	16.708794	17.124543
2.813721	92.982472	16.702994	17.118519
2.813953	92.949699	16.697193	17.112494
2.814186	92.916918	16.691390	17.106467
2.814419	92.884130	16.685586	17.100439
2.814651	92.851335	16.679781	17.094410
2.814884	92.818533	16.673975	17.088379
2.815116	92.785724	16.668167	17.082347
2.815349	92.752908	16.662358	17.076314
2.815581	92.720085	16.656547	17.070279
2.815814	92.687255	16.650736	17.064243
2.816047	92.654418	16.644923	17.058206
2.816279	92.621575	16.639108	17.052167
2.816512	92.588724	16.633293	17.046127
2.816744	92.555866	16.627476	17.040086
2.816977	92.523002	16.621658	17.034043
2.817209	92.490131	16.615839	17.027999
2.817442	92.457253	16.610018	17.021954
2.817674	92.424369	16.604197	17.015908
2.817907	92.391478	16.598374	17.009860
2.818140	92.358580	16.592550	17.003811
2.818372	92.325676	16.586724	16.997761
2.818605	92.292765	16.580898	16.991709
2.818837	92.259847	16.575070	16.985656
2.819070	92.226923	16.569241	16.979602
2.819302	92.193992	16.563411	16.973547
2.819535	92.161055	16.557579	16.967491
2.819767	92.128112	16.551747	16.961433
2.820000	92.095162	16.545913	16.955374
2.820233	92.062205	16.540078	16.949314
2.820465	92.029241	16.534242	16.943252
2.820698	91.996270	16.528404	16.937189
2.820930	91.963292	16.522565	16.931125
2.821163	91.930306	16.516725	16.925059
2.821395	91.897313	16.510883	16.918992
2.821628	91.864313	16.505040	16.912923
2.821860	91.831306	16.499196	16.906854
2.822093	91.798292	16.493350	16.900782
2.822326	91.765271	16.487504	16.894710
2.822558	91.732243	16.481655	16.888636
2.822791	91.699208	16.475806	16.882561
2.823023	91.666166	16.469955	16.876484
2.823256	91.633117	16.464103	16.870407
2.823488	91.600061	16.458250	16.864327
2.823721	91.566999	16.452396	16.858247
2.823953	91.533929	16.446540	16.852165
2.824186	91.500853	16.440683	16.846082
2.824419	91.467770	16.434825	16.839998
2.824651	91.434681	16.428965	16.833912
2.824884	91.401584	16.423105	16.827825
2.825116	91.368481	16.417243	16.821737
2.825349	91.335371	16.411380	16.815648
2.825581	91.302255	16.405515	16.809557
2.825814	91.269132	16.399650	16.803465
2.826047	91.236003	16.393783	16.797372
2.826279	91.202867	16.387915	16.791277
2.826512	91.169724	16.382046	16.785182
2.826744	91.136575	16.376176	16.779085
2.826977	91.103420	16.370304	16.772987
2.827209	91.070258	16.364431	16.766887
2.827442	91.037090	16.358558	16.760787
2.827674	91.003916	16.352682	16.754685
2.827907	90.970735	16.346806	16.748582
2.828140	90.937548	16.340929	16.742477
2.828372	90.904355	16.335050	16.736372
2.828605	90.871155	16.329171	16.730265
2.828837	90.837950	16.323290	16.724158
2.829070	90.804738	16.317408	16.718049
2.829302	90.771520	16.311525	16.711938
2.829535	90.738296	16.305641	16.705827
2.829767	90.705066	16.299755	16.699715
2.830000	90.671830	16.293869	16.693601
2.830233	90.638587	16.287981	16.687486
2.830465	90.605338	16.282093	16.681370
2.830698	90.572082	16.276202	16.675252
2.830930	90.538819	16.270311	16.669134
2.831163	90.505549	16.264418	16.663013
2.831395	90.472272	16.258524	16.656892
2.831628	90.438989	16.252629	16.650769
2.831860	90.405698	16.246733	16.644645
2.832093	90.372402	16.240835	16.638520
2.832326	90.339098	16.234937	16.632394
2.832558	90.305788	16.229037	16.626266
2.832791	90.272471	16.223135	16.620137
2.833023	90.239148	16.217233	16.614006
2.833256	90.205818	16.211329	16.607875
2.833488	90.172482	16.205424	16.601742
2.833721	90.139139	16.199518	16.595608
2.833953	90.105790	16.193611	16.589473
2.834186	90.072435	16.187703	16.583336
2.834419	90.039073	16.181793	16.577198
2.834651	90.005704	16.175882	16.571059
2.834884	89.972330	16.169970	16.564919
2.835116	89.938949	16.164057	16.558778
2.835349	89.905562	16.158143	16.552635
2.835581	89.872168	16.152228	16.546492
2.835814	89.838769	16.146311	16.540347
2.836047	89.805363	16.140393	16.534200
2.836279	89.771951	16.134474	16.528053
2.836512	89.738533	16.128555	16.521905
2.836744	89.705109	16.122633	16.515755
2.836977	89.671679	16.116711	16.509604
2.837209	89.638242	16.110788	16.503452
2.837442	89.604800	16.104863	16.497299
2.837674	89.571352	16.098938	16.491145
2.837907	89.537898	16.093011	16.484989
2.838140	89.504438	16.087084	16.478833
2.838372	89.470972	16.081155	16.472675
2.838605	89.437501	16.075225	16.466516
2.838837	89.404023	16.069294	16.460356
2.839070	89.370540	16.063362	16.454195
2.839302	89.337051	16.057429	16.448033
2.839535	89.303556	16.051495	16.441870
2.839767	89.270056	16.045559	16.435705
2.840000	89.236550	16.039623	16.429540
2.840233	89.203038	16.033686	16.423373
2.840465	89.169519	16.027747	16.417205
2.840698	89.135994	16.021807	16.411036
2.840930	89.102463	16.015866	16.404866
2.841163	89.068925	16.009924	16.398694
2.841395	89.035380	16.003981	16.392522
2.841628	89.001830	15.998036	16.386348
2.841860	88.968273	15.992090	16.380172
2.842093	88.934709	15.986143	16.373996
2.842326	88.901140	15.980195	16.367818
2.842558	88.867564	15.974246	16.361639
2.842791	88.833982	15.968296	16.355459
2.843023	88.800394	15.962344	16.349278
2.843256	88.766799	15.956392	16.343096
2.843488	88.733199	15.950438	16.336912
2.843721	88.699592	15.944483	16.330727
2.843953	88.665980	15.938527	16.324541
2.844186	88.632361	15.932570	16.318354
2.844419	88.598737	15.926612	16.312166
2.844651	88.565106	15.920652	16.305977
2.844884	88.531470	15.914692	16.299786
2.845116	88.497827	15.908730	16.293594
2.845349	88.464179	15.902768	16.287402
2.845581	88.430525	15.896804	16.281208
2.845814	88.396865	15.890839	16.275013
2.846047	88.363199	15.884873	16.268816
2.846279	88.329527	15.878906	16.262619
2.846512	88.295850	15.872938	16.256421
2.846744	88.262167	15.866969	16.250221
2.846977	88.228479	15.860999	16.244021
2.847209	88.194784	15.855028	16.237819
2.847442	88.161085	15.849056	16.231616
2.847674	88.127379	15.843083	16.225412
2.847907	88.093668	15.837108	16.219208
2.848140	88.059952	15.831133	16.213002
2.848372	88.026230	15.825157	16.206795
2.848605	87.992502	15.819179	16.200586
2.848837	87.958770	15.813201	16.194377
2.849070	87.925031	15.807221	16.188167
2.849302	87.891288	15.801241	16.181956
2.849535	87.857539	15.795260	16.175744
2.849767	87.823785	15.789277	16.169530
2.850000	87.790025	15.783294	16.163316
2.850233	87.756260	15.777310	16.157101
2.850465	87.722488	15.771324	16.150884
2.850698	87.688711	15.765337	16.144666
2.850930	87.654928	15.759350	16.138447
2.851163	87.621138	15.753361	16.132227
2.851395	87.587343	15.747371	16.126006
2.851628	87.553541	15.741379	16.119784
2.851860	87.519734	15.735387	16.113560
2.852093	87.485920	15.729394	16.107335
2.852326	87.452101	15.723399	16.101110
2.852558	87.418276	15.717404	16.094883
2.852791	87.384445	15.711407	16.088655
2.853023	87.350609	15.705410	16.082425
2.853256	87.316766	15.699411	16.076195
2.853488	87.282918	15.693411	16.069964
2.853721	87.249064	15.687410	16.063731
2.853953	87.215205	15.681408	16.057498
2.854186	87.181340	15.675405	16.051263
2.854419	87.147469	15.669401	16.045027
2.854651	87.113593	15.663396	16.038790
2.854884	87.079711	15.657390	16.032552
2.855116	87.045823	15.651383	16.026313
2.855349	87.011930	15.645375	16.020073
2.855581	86.978032	15.639366	16.013832
2.855814	86.944128	15.633356	16.007590
2.856047	86.910219	15.627344	16.001347
2.856279	86.876305	15.621332	15.995102
2.856512	86.842385	15.615319	15.988857
2.856744	86.808460	15.609305	15.982611
2.856977	86.774529	15.603290	15.976364
2.857209	86.740593	15.597273	15.970115
2.857442	86.706652	15.591256	15.963866
2.857674	86.672706	15.585238	15.957615
2.857907	86.638755	15.579219	15.951364
2.858140	86.604799	15.573199	15.945112
2.858372	86.570837	15.567178	15.938858
2.858605	86.536870	15.561156	15.932604
2.858837	86.502899	15.555133	15.926348
2.859070	86.468922	15.549110	15.920092
2.859302	86.434941	15.543085	15.913835
2.859535	86.400954	15.537059	15.907576
2.859767	86.366962	15.531033	15.901317
2.860000	86.332966	15.525005	15.895057
2.860233	86.298964	15.518976	15.888796
2.860465	86.264957	15.512947	15.882533
2.860698	86.230944	15.506916	15.876270
2.860930	86.196925	15.500885	15.870005
2.861163	86.162900	15.494852	15.863740
2.861395	86.128870	15.488818	15.857473
2.861628	86.094835	15.482783	15.851205
2.861860	86.060794	15.476747	15.844936
2.862093	86.026747	15.470710	15.838666
2.862326	85.992695	15.464673	15.832395
2.862558	85.958637	15.458634	15.826123
2.862791	85.924574	15.452594	15.819850
2.863023	85.890506	15.446553	15.813576
2.863256	85.856432	15.440511	15.807301
2.863488	85.822353	15.434468	15.801025
2.863721	85.788268	15.428424	15.794747
2.863953	85.754179	15.422379	15.788469
2.864186	85.720084	15.416333	15.782190
2.864419	85.685983	15.410286	15.775909
2.864651	85.651878	15.404238	15.769628
2.864884	85.617768	15.398189	15.763346
2.865116	85.583652	15.392140	15.757062
2.865349	85.549531	15.386089	15.750778
2.865581	85.515405	15.380037	15.744493
2.865814	85.481274	15.373985	15.738206
2.866047	85.447139	15.367931	15.731919
2.866279	85.412998	15.361876	15.725631
2.866512	85.378852	15.355821	15.719342
2.866744	85.344701	15.349765	15.713052
2.866977	85.310546	15.343707	15.706760
2.867209	85.276385	15.337649	15.700468
2.867442	85.242220	15.331590	15.694175
2.867674	85.208050	15.325530	15.687881
2.867907	85.173875	15.319469	15.681586
2.868140	85.139695	15.313407	15.675290
2.868372	85.105511	15.307344	15.668994
2.868605	85.071322	15.301281	15.662696
2.868837	85.037128	15.295216	15.656397
2.869070	85.002930	15.289151	15.650098
2.869302	84.968727	15.283085	15.643798
2.869535	84.934519	15.277018	15.637496
2.869767	84.900307	15.270950	15.631194
2.870000	84.866091	15.264881	15.624891
2.870233	84.831870	15.258811	15.618587
2.870465	84.797643	15.252741	15.612282
2.870698	84.763411	15.246669	15.605976
2.870930	84.729174	15.240596	15.599669
2.871163	84.694931	15.234523	15.593361
2.871395	84.660683	15.228448	15.587051
2.871628	84.626430	15.222372	15.580741
2.871860	84.592172	15.216296	15.574430
2.872093	84.557909	15.210218	15.568118
2.872326	84.523641	15.204140	15.561805
2.872558	84.489368	15.198060	15.555491
2.872791	84.455089	15.191980	15.549175
2.873023	84.420806	15.185898	15.542859
2.873256	84.386518	15.179816	15.536542
2.873488	84.352224	15.173733	15.530224
2.873721	84.317926	15.167649	15.523905
2.873953	84.283623	15.161564	15.517585
2.874186	84.249315	15.155478	15.511264
2.874419	84.215002	15.149391	15.504943
2.874651	84.180685	15.143303	15.498620
2.874884	84.146363	15.137215	15.492296
2.875116	84.112036	15.131125	15.485971
2.875349	84.077704	15.125035	15.479646
2.875581	84.043367	15.118943	15.473319
2.875814	84.009026	15.112851	15.466992
2.876047	83.974681	15.106758	15.460664
2.876279	83.940330	15.100664	15.454334
2.876512	83.905976	15.094569	15.448004
2.876744	83.871616	15.088474	15.441673
2.876977	83.837253	15.082377	15.435341
2.877209	83.802884	15.076280	15.429009
2.877442	83.768511	15.070181	15.422675
2.877674	83.734134	15.064082	15.416341
2.877907	83.699753	15.057983	15.410005
2.878140	83.665367	15.051882	15.403669
2.878372	83.630977	15.045780	15.397332
2.878605	83.596582	15.039678	15.390994
2.878837	83.562184	15.033575	15.384655
2.879070	83.527781	15.027471	15.378316
2.879302	83.493373	15.021366	15.371975
2.879535	83.458962	15.015260	15.365634
2.879767	83.424547	15.009154	15.359292
2.880000	83.390127	15.003047	15.352949
2.880233	83.355703	14.996939	15.346605
2.880465	83.321274	14.990830	15.340260
2.880698	83.286840	14.984720	15.333915
2.880930	83.252401	14.978609	15.327568
2.881163	83.217957	14.972498	15.321221
2.881395	83.183509	14.966385	15.314872
2.881628	83.149056	14.960272	15.308523
2.881860	83.114598	14.954157	15.302172
2.882093	83.080135	14.948042	15.295821
2.882326	83.045668	14.941926	15.289469
2.882558	83.011196	14.935809	15.283115
2.882791	82.976719	14.929691	15.276761
2.883023	82.942238	14.923572	15.270406
2.883256	82.907752	14.917453	15.264050
2.883488	82.873262	14.911332	15.257694
2.883721	82.838767	14.905211	15.251336
2.883953	82.804267	14.899088	15.244978
2.884186	82.769763	14.892965	15.238618
2.884419	82.735255	14.886841	15.232258
2.884651	82.700742	14.880717	15.225897
2.884884	82.666225	14.874591	15.219535
2.885116	82.631704	14.868465	15.213172
2.885349	82.597178	14.862337	15.206808
2.885581	82.562648	14.856209	15.200443
2.885814	82.528114	14.850081	15.194078
2.886047	82.493576	14.843951	15.187712
2.886279	82.459033	14.837820	15.181345
2.886512	82.424487	14.831689	15.174977
2.886744	82.389936	14.825557	15.168608
2.886977	82.355381	14.819424	15.162239
2.887209	82.320822	14.813291	15.155868
2.887442	82.286258	14.807156	15.149497
2.887674	82.251691	14.801021	15.143125
2.887907	82.217120	14.794885	15.136752
2.888140	82.182545	14.788749	15.130379
2.888372	82.147966	14.782611	15.124005
2.888605	82.113383	14.776473	15.117629
2.888837	82.078797	14.770334	15.111254
2.889070	82.044206	14.764195	15.104877
2.889302	82.009612	14.758054	15.098500
2.889535	81.975014	14.751913	15.092122
2.889767	81.940412	14.745772	15.085743
2.890000	81.905806	14.739629	15.079363
2.890233	81.871196	14.733486	15.072983
2.890465	81.836582	14.727342	15.066601
2.890698	81.801963	14.721197	15.060219
2.890930	81.767340	14.715051	15.053836
2.891163	81.732712	14.708904	15.047452
2.891395	81.698080	14.702756	15.041067
2.891628	81.663444	14.696608	15.034681
2.891860	81.628803	14.690459	15.028295
2.892093	81.594158	14.684309	15.021907
2.892326	81.559509	14.678158	15.015519
2.892558	81.524855	14.672006	15.009130
2.892791	81.490197	14.665854	15.002740
2.893023	81.455535	14.659701	14.996349
2.893256	81.420869	14.653547	14.989958
2.893488	81.386198	14.647392	14.983565
2.893721	81.351524	14.641236	14.977172
2.893953	81.316845	14.635080	14.970778
2.894186	81.282162	14.628923	14.964383
2.894419	81.247476	14.622765	14.957987
2.894651	81.212785	14.616606	14.951591
2.894884	81.178090	14.610447	14.945194
2.895116	81.143392	14.604286	14.938796
2.895349	81.108689	14.598125	14.932397
2.895581	81.073983	14.591964	14.925997
2.895814	81.039273	14.585801	14.919597
2.896047	81.004559	14.579638	14.913196
2.896279	80.969841	14.573474	14.906794
2.896512	80.935119	14.567309	14.900391
2.896744	80.900394	14.561144	14.893988
2.896977	80.865665	14.554978	14.887584
2.897209	80.830933	14.548811	14.881179
2.897442	80.796196	14.542644	14.874773
2.897674	80.761456	14.536475	14.868367
2.897907	80.726713	14.530306	14.861960
2.898140	80.691966	14.524137	14.855552
2.898372	80.657215	14.517967	14.849144
2.898605	80.622461	14.511796	14.842735
2.898837	80.587704	14.505624	14.836325
2.899070	80.552943	14.499452	14.829914
2.899302	80.518178	14.493279	14.823503
2.899535	80.483411	14.487105	14.817091
2.899767	80.448639	14.480931	14.810678
2.900000	80.413865	14.474756	14.804265
2.900233	80.379087	14.468580	14.797851
2.900465	80.344305	14.462404	14.791436
2.900698	80.309518	14.456227	14.785020
2.900930	80.274728	14.450049	14.778604
2.901163	80.239933	14.443870	14.772187
2.901395	80.205135	14.437690	14.765769
2.901628	80.170333	14.431510	14.759350
2.901860	80.135526	14.425329	14.752930
2.902093	80.100716	14.419147	14.746510
2.902326	80.065902	14.412965	14.740088
2.902558	80.031084	14.406781	14.733666
2.902791	79.996262	14.400597	14.727244
2.903023	79.961437	14.394413	14.720820
2.903256	79.926607	14.388227	14.714396
2.903488	79.891774	14.382041	14.707971
2.903721	79.856937	14.375854	14.701545
2.903953	79.822097	14.369666	14.695119
2.904186	79.787253	14.363478	14.688691
2.904419	79.752405	14.357289	14.682263
2.904651	79.717554	14.351099	14.675835
2.904884	79.682699	14.344909	14.669405
2.905116	79.647840	14.338718	14.662975
2.905349	79.612978	14.332526	14.656544
2.905581	79.578113	14.326333	14.650113
2.905814	79.543244	14.320140	14.643681
2.906047	79.508372	14.313946	14.637248
2.906279	79.473496	14.307752	14.630814
2.906512	79.438617	14.301557	14.624380
2.906744	79.403735	14.295361	14.617945
2.906977	79.368849	14.289165	14.611509
2.907209	79.333960	14.282968	14.605073
2.907442	79.299068	14.276770	14.598636
2.907674	79.264173	14.270572	14.592199
2.907907	79.229274	14.264373	14.585760
2.908140	79.194372	14.258173	14.579321
2.908372	79.159468	14.251973	14.572882
2.908605	79.124560	14.245772	14.566442
2.908837	79.089649	14.239571	14.560001
2.909070	79.054735	14.233369	14.553560
2.909302	79.019818	14.227166	14.547118
2.909535	78.984898	14.220963	14.540675
2.909767	78.949975	14.214759	14.534232
2.910000	78.915049	14.208555	14.527788
2.910233	78.880120	14.202350	14.521344
2.910465	78.845187	14.196144	14.514898
2.910698	78.810250	14.189938	14.508452
2.910930	78.775310	14.183731	14.502006
2.911163	78.740366	14.177523	14.495558
2.911395	78.705419	14.171315	14.489110
2.911628	78.670468	14.165105	14.482661
2.911860	78.635513	14.158896	14.476212
2.912093	78.600555	14.152685	14.469761
2.912326	78.565594	14.146474	14.463310
2.912558	78.530629	14.140262	14.456858
2.912791	78.495661	14.134049	14.450406
2.913023	78.460689	14.127836	14.443953
2.913256	78.425714	14.121622	14.437499
2.913488	78.390735	14.115408	14.431045
2.913721	78.355754	14.109193	14.424590
2.913953	78.320769	14.102977	14.418134
2.914186	78.285780	14.096760	14.411678
2.914419	78.250789	14.090543	14.405220
2.914651	78.215794	14.084326	14.398763
2.914884	78.180796	14.078107	14.392304
2.915116	78.145795	14.071888	14.385845
2.915349	78.110791	14.065669	14.379386
2.915581	78.075784	14.059449	14.372925
2.915814	78.040774	14.053228	14.366465
2.916047	78.005761	14.047007	14.360003
2.916279	77.970745	14.040785	14.353541
2.916512	77.935726	14.034562	14.347078
2.916744	77.900704	14.028339	14.340615
2.916977	77.865679	14.022116	14.334151
2.917209	77.830651	14.015891	14.327686
2.917442	77.795620	14.009667	14.321221
2.917674	77.760587	14.003441	14.314756
2.917907	77.725551	13.997215	14.308289
2.918140	77.690512	13.990989	14.301822
2.918372	77.655470	13.984762	14.295355
2.918605	77.620426	13.978534	14.288887
2.918837	77.585379	13.972306	14.282419
2.919070	77.550329	13.966078	14.275950
2.919302	77.515277	13.959848	14.269480
2.919535	77.480222	13.953619	14.263010
2.919767	77.445165	13.947389	14.256539
2.920000	77.410105	13.941158	14.250068
2.920233	77.375060	13.934930	14.243596
2.920465	77.340045	13.928707	14.237124
2.920698	77.305058	13.922489	14.230651
2.920930	77.270096	13.916276	14.224177
2.921163	77.235157	13.910066	14.217702
2.921395	77.200238	13.903860	14.211227
2.921628	77.165337	13.897657	14.204752
2.921860	77.130451	13.891457	14.198275
2.922093	77.095579	13.885259	14.191798
2.922326	77.060716	13.879063	14.185321
2.922558	77.025862	13.872868	14.178842
2.922791	76.991012	13.866674	14.172363
2.923023	76.956166	13.860481	14.165884
2.923256	76.921320	13.854287	14.159404
2.923488	76.886472	13.848094	14.152923
2.923721	76.851620	13.841899	14.146442
2.923953	76.816760	13.835703	14.139960
2.924186	76.781891	13.829505	14.133478
2.924419	76.747010	13.823305	14.126994
2.924651	76.712114	13.817102	14.120511
2.924884	76.677201	13.810896	14.114027
2.925116	76.642269	13.804687	14.107542
2.925349	76.607315	13.798474	14.101057
2.925581	76.572336	13.792256	14.094571
2.925814	76.537330	13.786034	14.088084
2.926047	76.502295	13.779806	14.081597
2.926279	76.467228	13.773572	14.075110
2.926512	76.432127	13.767332	14.068622
2.926744	76.396989	13.761086	14.062133
2.926977	76.361811	13.754833	14.055644
2.927209	76.326591	13.748572	14.049155
2.927442	76.291327	13.742303	14.042664
2.927674	76.256016	13.736026	14.036174
2.927907	76.220656	13.729739	14.029683
2.928140	76.185244	13.723444	14.023191
2.928372	76.149778	13.717139	14.016699
2.928605	76.114255	13.710824	14.010206
2.928837	76.078672	13.704498	14.003713
2.929070	76.043028	13.698161	13.997220
2.929302	76.007320	13.691813	13.990726
2.929535	75.971545	13.685452	13.984231
2.929767	75.935700	13.679080	13.977736
2.930000	75.899784	13.672694	13.971241
2.930233	75.863806	13.666297	13.964745
2.930465	75.827780	13.659892	13.958249
2.930698	75.791704	13.653478	13.951751
2.930930	75.755581	13.647056	13.945254
2.931163	75.719411	13.640625	13.938756
2.931395	75.683194	13.634185	13.932257
2.931628	75.646932	13.627738	13.925757
2.931860	75.610624	13.621282	13.919257
2.932093	75.574272	13.614818	13.912757
2.932326	75.537875	13.608347	13.906256
2.932558	75.501436	13.601868	13.899754
2.932791	75.464954	13.595381	13.893252
2.933023	75.428430	13.588886	13.886749
2.933256	75.391864	13.582384	13.880246
2.933488	75.355258	13.575875	13.873742
2.933721	75.318612	13.569359	13.867238
2.933953	75.281927	13.562836	13.860733
2.934186	75.245203	13.556305	13.854228
2.934419	75.208441	13.549768	13.847722
2.934651	75.171641	13.543224	13.841216
2.934884	75.134805	13.536674	13.834709
2.935116	75.097933	13.530117	13.828202
2.935349	75.061025	13.523553	13.821694
2.935581	75.024083	13.516984	13.815185
2.935814	74.987106	13.510408	13.808677
2.936047	74.950096	13.503826	13.802168
2.936279	74.913053	13.497239	13.795658
2.936512	74.875978	13.490645	13.789148
2.936744	74.838872	13.484046	13.782637
2.936977	74.801734	13.477442	13.776126
2.937209	74.764567	13.470831	13.769615
2.937442	74.727369	13.464216	13.763103
2.937674	74.690143	13.457595	13.756590
2.937907	74.652889	13.450970	13.750077
2.938140	74.615607	13.444339	13.743564
2.938372	74.578298	13.437703	13.737051
2.938605	74.540963	13.431063	13.730537
2.938837	74.503602	13.424418	13.724022
2.939070	74.466216	13.417769	13.717507
2.939302	74.428806	13.411115	13.710992
2.939535	74.391372	13.404457	13.704476
2.939767	74.353915	13.397794	13.697960
2.940000	74.316436	13.391128	13.691444
2.940233	74.278915	13.384454	13.684927
2.940465	74.241333	13.377769	13.678410
2.940698	74.203693	13.371074	13.671892
2.940930	74.165996	13.364369	13.665373
2.941163	74.128245	13.357654	13.658855
2.941395	74.090443	13.350930	13.652335
2.941628	74.052590	13.344196	13.645815
2.941860	74.014689	13.337454	13.639295
2.942093	73.976743	13.330704	13.632774
2.942326	73.938754	13.323946	13.626253
2.942558	73.900722	13.317181	13.619731
2.942791	73.862652	13.310409	13.613208
2.943023	73.824544	13.303630	13.606686
2.943256	73.786401	13.296844	13.600162
2.943488	73.748226	13.290053	13.593639
2.943721	73.710019	13.283256	13.587115
2.943953	73.671784	13.276454	13.580590
2.944186	73.633522	13.269647	13.574065
2.944419	73.595236	13.262836	13.567540
2.944651	73.556928	13.256021	13.561014
2.944884	73.518599	13.249202	13.554487
2.945116	73.480252	13.242380	13.547961
2.945349	73.441889	13.235554	13.541434
2.945581	73.403513	13.228727	13.534906
2.945814	73.365125	13.221897	13.528378
2.946047	73.326727	13.215065	13.521850
2.946279	73.288322	13.208232	13.515321
2.946512	73.249911	13.201398	13.508792
2.946744	73.211497	13.194564	13.502263
2.946977	73.173083	13.187729	13.495733
2.947209	73.134669	13.180894	13.489202
2.947442	73.096258	13.174059	13.482672
2.947674	73.057853	13.167226	13.476141
2.947907	73.019455	13.160394	13.469610
2.948140	72.981067	13.153563	13.463078
2.948372	72.942690	13.146735	13.456546
2.948605	72.904327	13.139908	13.450014
2.948837	72.865980	13.133085	13.443481
2.949070	72.827652	13.126264	13.436948
2.949302	72.789343	13.119448	13.430415
2.949535	72.751056	13.112635	13.423881
2.949767	72.712794	13.105826	13.417347
2.950000	72.674559	13.099022	13.410813
2.950233	72.636336	13.092220	13.404278
2.950465	72.598112	13.085418	13.397743
2.950698	72.559885	13.078615	13.391208
2.950930	72.521656	13.071812	13.384672
2.951163	72.483424	13.065008	13.378136
2.951395	72.445191	13.058204	13.371599
2.951628	72.406956	13.051400	13.365062
2.951860	72.368719	13.044595	13.358524
2.952093	72.330479	13.037789	13.351986
2.952326	72.292238	13.030984	13.345447
2.952558	72.253995	13.024177	13.338909
2.952791	72.215750	13.017371	13.332369
2.953023	72.177503	13.010564	13.325830
2.953256	72.139254	13.003756	13.319290
2.953488	72.101003	12.996948	13.312749
2.953721	72.062751	12.990140	13.306208
2.953953	72.024497	12.983331	13.299667
2.954186	71.986241	12.976522	13.293126
2.954419	71.947984	12.969713	13.286584
2.954651	71.909725	12.962903	13.280042
2.954884	71.871464	12.956093	13.273499
2.955116	71.833202	12.949283	13.266956
2.955349	71.794938	12.942472	13.260413
2.955581	71.756673	12.935661	13.253870
2.955814	71.718406	12.928849	13.247326
2.956047	71.680138	12.922038	13.240781
2.956279	71.641868	12.915225	13.234237
2.956512	71.603597	12.908413	13.227692
2.956744	71.565325	12.901600	13.221147
2.956977	71.527051	12.894787	13.214602
2.957209	71.488776	12.887974	13.208056
2.957442	71.450500	12.881160	13.201510
2.957674	71.412223	12.874346	13.194963
2.957907	71.373944	12.867532	13.188417
2.958140	71.335664	12.860717	13.181870
2.958372	71.297383	12.853902	13.175323
2.958605	71.259101	12.847087	13.168776
2.958837	71.220818	12.840272	13.162228
2.959070	71.182534	12.833456	13.155680
2.959302	71.144248	12.826640	13.149132
2.959535	71.105962	12.819824	13.142583
2.959767	71.067675	12.813008	13.136035
2.960000	71.029387	12.806191	13.129486
2.960233	70.991098	12.799374	13.122937
2.960465	70.952806	12.792557	13.116387
2.960698	70.914514	12.785739	13.109837
2.960930	70.876219	12.778921	13.103287
2.961163	70.837923	12.772102	13.096737
2.961395	70.799625	12.765284	13.090186
2.961628	70.761326	12.758464	13.083634
2.961860	70.723025	12.751645	13.077083
2.962093	70.684722	12.744825	13.070531
2.962326	70.646418	12.738005	13.063978
2.962558	70.608112	12.731184	13.057426
2.962791	70.569805	12.724363	13.050873
2.963023	70.531497	12.717542	13.044320
2.963256	70.493187	12.710720	13.037766
2.963488	70.454876	12.703898	13.031212
2.963721	70.416564	12.697076	13.024658
2.963953	70.378250	12.690254	13.018103
2.964186	70.339935	12.683431	13.011549
2.964419	70.301619	12.676608	13.004994
2.964651	70.263302	12.669784	12.998438
2.964884	70.224983	12.662961	12.991883
2.965116	70.186663	12.656137	12.985327
2.965349	70.148343	12.649313	12.978771
2.965581	70.110021	12.642488	12.972214
2.965814	70.071698	12.635663	12.965658
2.966047	70.033374	12.628838	12.959101
2.966279	69.995049	12.622013	12.952544
2.966512	69.956724	12.615188	12.945987
2.966744	69.918397	12.608362	12.939429
2.966977	69.880069	12.601536	12.932871
2.967209	69.841741	12.594710	12.926313
2.967442	69.803412	12.587883	12.919755
2.967674	69.765082	12.581057	12.913197
2.967907	69.726751	12.574230	12.906638
2.968140	69.688420	12.567403	12.900079
2.968372	69.650088	12.560576	12.893520
2.968605	69.611755	12.553748	12.886961
2.968837	69.573421	12.546921	12.880401
2.969070	69.535087	12.540093	12.873842
2.969302	69.496753	12.533265	12.867282
2.969535	69.458418	12.526437	12.860722
2.969767	69.420082	12.519608	12.854162
2.970000	69.381746	12.512780	12.847602
2.970233	69.343409	12.505951	12.841042
2.970465	69.305071	12.499122	12.834481
2.970698	69.266731	12.492293	12.827920
2.970930	69.228390	12.485463	12.821359
2.971163	69.190048	12.478633	12.814797
2.971395	69.151705	12.471803	12.808235
2.971628	69.113361	12.464973	12.801673
2.971860	69.075015	12.458142	12.795111
2.972093	69.036669	12.451311	12.788548
2.972326	68.998321	12.444480	12.781985
2.972558	68.959973	12.437648	12.775422
2.972791	68.921623	12.430816	12.768858
2.973023	68.883273	12.423984	12.762295
2.973256	68.844921	12.417152	12.755731
2.973488	68.806569	12.410320	12.749167
2.973721	68.768215	12.403487	12.742603
2.973953	68.729861	12.396654	12.736038
2.974186	68.691506	12.389821	12.729473
2.974419	68.653151	12.382987	12.722908
2.974651	68.614794	12.376154	12.716343
2.974884	68.576437	12.369320	12.709778
2.975116	68.538079	12.362486	12.703212
2.975349	68.499721	12.355652	12.696647
2.975581	68.461362	12.348817	12.690081
2.975814	68.423002	12.341983	12.683515
2.976047	68.384642	12.335148	12.676948
2.976279	68.346281	12.328313	12.670382
2.976512	68.307920	12.321478	12.663815
2.976744	68.269558	12.314643	12.657249
2.976977	68.231196	12.307807	12.650682
2.977209	68.192834	12.300972	12.644115
2.977442	68.154471	12.294136	12.637548
2.977674	68.116108	12.287300	12.630980
2.977907	68.077744	12.280464	12.624413
2.978140	68.039380	12.273628	12.617845
2.978372	68.001016	12.266792	12.611278
2.978605	67.962652	12.259955	12.604710
2.978837	67.924288	12.253119	12.598142
2.979070	67.885923	12.246282	12.591574
2.979302	67.847558	12.239446	12.585006
2.979535	67.809194	12.232609	12.578438
2.979767	67.770829	12.225772	12.571869
2.980000	67.732464	12.218935	12.565301
2.980233	67.694099	12.212098	12.558732
2.980465	67.655733	12.205261	12.552164
2.980698	67.617366	12.198423	12.545595
2.980930	67.578998	12.191585	12.539026
2.981163	67.540629	12.184747	12.532456
2.981395	67.502260	12.177909	12.525887
2.981628	67.463890	12.171071	12.519317
2.981860	67.425519	12.164232	12.512747
2.982093	67.387148	12.157393	12.506177
2.982326	67.348776	12.150554	12.499607
2.982558	67.310404	12.143715	12.493036
2.982791	67.272031	12.136876	12.486465
2.983023	67.233657	12.130036	12.479895
2.983256	67.195283	12.123197	12.473324
2.983488	67.156909	12.116357	12.466752
2.983721	67.118534	12.109517	12.460181
2.983953	67.080159	12.102677	12.453610
2.984186	67.041783	12.095836	12.447038
2.984419	67.003407	12.088996	12.440466
2.984651	66.965031	12.082155	12.433895
2.984884	66.926655	12.075315	12.427323
2.985116	66.888278	12.068474	12.420751
2.985349	66.849901	12.061633	12.414178
2.985581	66.811524	12.054792	12.407606
2.985814	66.773147	12.047951	12.401034
2.986047	66.734769	12.041110	12.394461
2.986279	66.696392	12.034268	12.387889
2.986512	66.658014	12.027427	12.381316
2.986744	66.619637	12.020585	12.374743
2.986977	66.581259	12.013744	12.368171
2.987209	66.542882	12.006902	12.361598
2.987442	66.504505	12.000060	12.355025
2.987674	66.466127	11.993219	12.348452
2.987907	66.427750	11.986377	12.341879
2.988140	66.389373	11.979535	12.335306
2.988372	66.350997	11.972693	12.328733
2.988605	66.312620	11.965851	12.322159
2.988837	66.274244	11.959009	12.315586
2.989070	66.235868	11.952167	12.309013
2.989302	66.197492	11.945325	12.302440
2.989535	66.159117	11.938483	12.295867
2.989767	66.120742	11.931641	12.289293
2.990000	66.082368	11.924799	12.282720
2.990233	66.043994	11.917957	12.276147
2.990465	66.005619	11.911115	12.269573
2.990698	65.967244	11.904272	12.263000
2.990930	65.928868	11.897430	12.256426
2.991163	65.890492	11.890587	12.249852
2.991395	65.852116	11.883744	12.243278
2.991628	65.813740	11.876901	12.236704
2.991860	65.775363	11.870058	12.230129
2.992093	65.736986	11.863215	12.223555
2.992326	65.698609	11.856372	12.216981
2.992558	65.660232	11.849528	12.210406
2.992791	65.621855	11.842685	12.203831
2.993023	65.583478	11.835841	12.197257
2.993256	65.545100	11.828997	12.190682
2.993488	65.506723	11.822154	12.184107
2.993721	65.468346	11.815310	12.177532
2.993953	65.429968	11.808466	12.170957
2.994186	65.391591	11.801622	12.164382
2.994419	65.353214	11.794778	12.157807
2.994651	65.314837	11.787934	12.151232
2.994884	65.276461	11.781090	12.144656
2.995116	65.238084	11.774246	12.138081
2.995349	65.199708	11.767401	12.131506
2.995581	65.161332	11.760557	12.124930
2.995814	65.122956	11.753713	12.118355
2.996047	65.084581	11.746869	12.111780
2.996279	65.046206	11.740024	12.105204
2.996512	65.007832	11.733180	12.098629
2.996744	64.969458	11.726336	12.092053
2.996977	64.931084	11.719491	12.085478
2.997209	64.892711	11.712647	12.078903
2.997442	64.854338	11.705803	12.072327
2.997674	64.815966	11.698959	12.065752
2.997907	64.777595	11.692114	12.059176
2.998140	64.739224	11.685270	12.052601
2.998372	64.700854	11.678426	12.046026
2.998605	64.662484	11.671582	12.039450
2.998837	64.624115	11.664738	12.032875
2.999070	64.585747	11.657894	12.026300
2.999302	64.547380	11.651050	12.019725
2.999535	64.509013	11.644206	12.013150
2.999767	64.470648	11.637362	12.006575
3.000000	64.432283	11.630518	12.000000
3.000233	64.393919	11.623674	11.993425
3.000465	64.355554	11.616830	11.986850
3.000698	64.317190	11.609986	11.980275
3.000930	64.278826	11.603142	11.973700
3.001163	64.240462	11.596298	11.967125
3.001395	64.202098	11.589454	11.960550
3.001628	64.163735	11.582610	11.953974
3.001860	64.125371	11.575766	11.947399
3.002093	64.087008	11.568922	11.940824
3.002326	64.048645	11.562077	11.934248
3.002558	64.010283	11.555233	11.927673
3.002791	63.971921	11.548389	11.921097
3.003023	63.933559	11.541544	11.914522
3.003256	63.895197	11.534700	11.907947
3.003488	63.856836	11.527856	11.901371
3.003721	63.818476	11.521011	11.894796
3.003953	63.780116	11.514167	11.888220
3.004186	63.741757	11.507323	11.881645
3.004419	63.703398	11.500479	11.875070
3.004651	63.665039	11.493634	11.868494
3.004884	63.626682	11.486790	11.861919
3.005116	63.588325	11.479946	11.855344
3.005349	63.549969	11.473102	11.848768
3.005581	63.511613	11.466258	11.842193
3.005814	63.473258	11.459414	11.835618
3.006047	63.434904	11.452570	11.829043
3.006279	63.396551	11.445726	11.822468
3.006512	63.358199	11.438882	11.815893
3.006744	63.319847	11.432038	11.809318
3.006977	63.281497	11.425194	11.802743
3.007209	63.243147	11.418351	11.796169
3.007442	63.204798	11.411507	11.789594
3.007674	63.166451	11.404664	11.783019
3.007907	63.128104	11.397820	11.776445
3.008140	63.089758	11.390977	11.769871
3.008372	63.051414	11.384134	11.763296
3.008605	63.013071	11.377291	11.756722
3.008837	62.974728	11.370448	11.750148
3.009070	62.936387	11.363605	11.743574
3.009302	62.898048	11.356763	11.737000
3.009535	62.859709	11.349920	11.730427
3.009767	62.821372	11.343078	11.723853
3.010000	62.783036	11.336236	11.717280
3.010233	62.744701	11.329394	11.710707
3.010465	62.706366	11.322552	11.704133
3.010698	62.668032	11.315710	11.697560
3.010930	62.629699	11.308868	11.690987
3.011163	62.591366	11.302026	11.684414
3.011395	62.553034	11.295184	11.677841
3.011628	62.514702	11.288342	11.671267
3.011860	62.476371	11.281500	11.664694
3.012093	62.438041	11.274658	11.658121
3.012326	62.399711	11.267816	11.651548
3.012558	62.361382	11.260974	11.644975
3.012791	62.323054	11.254133	11.638402
3.013023	62.284727	11.247291	11.631829
3.013256	62.246401	11.240450	11.625257
3.013488	62.208075	11.233608	11.618684
3.013721	62.169751	11.226767	11.612111
3.013953	62.131427	11.219925	11.605539
3.014186	62.093105	11.213084	11.598966
3.014419	62.054783	11.206243	11.592394
3.014651	62.016463	11.199402	11.585822
3.014884	61.978143	11.192561	11.579249
3.015116	61.939825	11.185720	11.572677
3.015349	61.901508	11.178880	11.566105
3.015581	61.863192	11.172039	11.559534
3.015814	61.824877	11.165199	11.552962
3.016047	61.786563	11.158358	11.546390
3.016279	61.748251	11.151518	11.539819
3.016512	61.709940	11.144678	11.533248
3.016744	61.671630	11.137838	11.526676
3.016977	61.633322	11.130999	11.520105
3.017209	61.595015	11.124159	11.513535
3.017442	61.556709	11.117320	11.506964
3.017674	61.518405	11.110481	11.500393
3.017907	61.480102	11.103642	11.493823
3.018140	61.441801	11.096803	11.487253
3.018372	61.403501	11.089964	11.480683
3.018605	61.365203	11.083126	11.474113
3.018837	61.326907	11.076288	11.467544
3.019070	61.288612	11.069450	11.460974
3.019302	61.250319	11.062612	11.454405
3.019535	61.212028	11.055774	11.447836
3.019767	61.173738	11.048937	11.441268
3.020000	61.135450	11.042100	11.434699
3.020233	61.097163	11.035263	11.428131
3.020465	61.058878	11.028426	11.421562
3.020698	61.020593	11.021589	11.414994
3.020930	60.982309	11.014753	11.408426
3.021163	60.944027	11.007916	11.401858
3.021395	60.905745	11.001080	11.395290
3.021628	60.867464	10.994243	11.388722
3.021860	60.829185	10.987407	11.382155
3.022093	60.790907	10.980571	11.375587
3.022326	60.752630	10.973735	11.369020
3.022558	60.714354	10.966899	11.362452
3.022791	60.676079	10.960063	11.355885
3.023023	60.637806	10.953228	11.349318
3.023256	60.599533	10.946392	11.342751
3.023488	60.561263	10.939557	11.336185
3.023721	60.522993	10.932722	11.329618
3.023953	60.484725	10.925887	11.323052
3.024186	60.446459	10.919052	11.316485
3.024419	60.408194	10.912218	11.309919
3.024651	60.369930	10.905383	11.303353
3.024884	60.331668	10.898549	11.296788
3.025116	60.293407	10.891715	11.290222
3.025349	60.255148	10.884881	11.283657
3.025581	60.216891	10.878048	11.277092
3.025814	60.178635	10.871214	11.270527
3.026047	60.140381	10.864381	11.263962
3.026279	60.102129	10.857548	11.257397
3.026512	60.063878	10.850715	11.250833
3.026744	60.025629	10.843883	11.244269
3.026977	59.987382	10.837051	11.237705
3.027209	59.949137	10.830219	11.231142
3.027442	59.910893	10.823387	11.224578
3.027674	59.872652	10.816555	11.218015
3.027907	59.834412	10.809724	11.211452
3.028140	59.796175	10.802893	11.204889
3.028372	59.757939	10.796062	11.198327
3.028605	59.719706	10.789232	11.191765
3.028837	59.681474	10.782402	11.185203
3.029070	59.643245	10.775572	11.178641
3.029302	59.605017	10.768742	11.172080
3.029535	59.566792	10.761913	11.165519
3.029767	59.528569	10.755084	11.158958
3.030000	59.490348	10.748255	11.152398
3.030233	59.452129	10.741427	11.145838
3.030465	59.413911	10.734598	11.139278
3.030698	59.375695	10.727770	11.132718
3.030930	59.337480	10.720942	11.126158
3.031163	59.299267	10.714114	11.119599
3.031395	59.261055	10.707287	11.113039
3.031628	59.222844	10.700459	11.106480
3.031860	59.184635	10.693632	11.099921
3.032093	59.146428	10.686805	11.093362
3.032326	59.108223	10.679978	11.086803
3.032558	59.070019	10.673151	11.080245
3.032791	59.031816	10.666325	11.073687
3.033023	58.993616	10.659499	11.067129
3.033256	58.955417	10.652673	11.060571
3.033488	58.917220	10.645847	11.054013
3.033721	58.879024	10.639022	11.047456
3.033953	58.840831	10.632196	11.040899
3.034186	58.802639	10.625371	11.034342
3.034419	58.764450	10.618547	11.027786
3.034651	58.726262	10.611722	11.021229
3.034884	58.688076	10.604898	11.014673
3.035116	58.649892	10.598074	11.008117
3.035349	58.611711	10.591250	11.001562
3.035581	58.573531	10.584427	10.995006
3.035814	58.535353	10.577604	10.988451
3.036047	58.497178	10.570781	10.981897
3.036279	58.459004	10.563959	10.975342
3.036512	58.420833	10.557136	10.968788
3.036744	58.382664	10.550315	10.962234
3.036977	58.344498	10.543493	10.955680
3.037209	58.306333	10.536672	10.949127
3.037442	58.268171	10.529851	10.942574
3.037674	58.230011	10.523030	10.936022
3.037907	58.191854	10.516210	10.929469
3.038140	58.153699	10.509390	10.922917
3.038372	58.115546	10.502571	10.916366
3.038605	58.077396	10.495751	10.909814
3.038837	58.039248	10.488933	10.903263
3.039070	58.001103	10.482114	10.896713
3.039302	57.962960	10.475296	10.890163
3.039535	57.924820	10.468478	10.883613
3.039767	57.886683	10.461661	10.877063
3.040000	57.848548	10.454844	10.870514
3.040233	57.810415	10.448027	10.863965
3.040465	57.772285	10.441211	10.857417
3.040698	57.734156	10.434395	10.850868
3.040930	57.696029	10.427579	10.844320
3.041163	57.657904	10.420763	10.837772
3.041395	57.619780	10.413948	10.831224
3.041628	57.581659	10.407133	10.824677
3.041860	57.543540	10.400318	10.818130
3.042093	57.505423	10.393503	10.811583
3.042326	57.467308	10.386689	10.805037
3.042558	57.429195	10.379875	10.798490
3.042791	57.391084	10.373062	10.791944
3.043023	57.352975	10.366248	10.785398
3.043256	57.314868	10.359435	10.778853
3.043488	57.276764	10.352622	10.772308
3.043721	57.238662	10.345810	10.765763
3.043953	57.200562	10.338998	10.759219
3.044186	57.162464	10.332186	10.752674
3.044419	57.124369	10.325375	10.746130
3.044651	57.086276	10.318563	10.739587
3.044884	57.048186	10.311753	10.733044
3.045116	57.010098	10.304942	10.726501
3.045349	56.972012	10.298132	10.719958
3.045581	56.933929	10.291323	10.713416
3.045814	56.895849	10.284513	10.706874
3.046047	56.857771	10.277704	10.700333
3.046279	56.819695	10.270896	10.693792
3.046512	56.781622	10.264087	10.687251
3.046744	56.743552	10.257280	10.680710
3.046977	56.705485	10.250472	10.674170
3.047209	56.667420	10.243665	10.667631
3.047442	56.629358	10.236859	10.661091
3.047674	56.591299	10.230052	10.654553
3.047907	56.553243	10.223247	10.648014
3.048140	56.515189	10.216441	10.641476
3.048372	56.477138	10.209636	10.634938
3.048605	56.439090	10.202832	10.628401
3.048837	56.401045	10.196028	10.621864
3.049070	56.363004	10.189224	10.615328
3.049302	56.324965	10.182421	10.608792
3.049535	56.286929	10.175618	10.602257
3.049767	56.248896	10.168816	10.595722
3.050000	56.210866	10.162014	10.589187
3.050233	56.172839	10.155213	10.582653
3.050465	56.134814	10.148411	10.576119
3.050698	56.096791	10.141611	10.569585
3.050930	56.058771	10.134810	10.563052
3.051163	56.020753	10.128010	10.556519
3.051395	55.982738	10.121210	10.549986
3.051628	55.944724	10.114411	10.543454
3.051860	55.906714	10.107612	10.536922
3.052093	55.868705	10.100813	10.530390
3.052326	55.830700	10.094015	10.523859
3.052558	55.792696	10.087217	10.517328
3.052791	55.754696	10.080419	10.510798
3.053023	55.716698	10.073622	10.504267
3.053256	55.678702	10.066825	10.497737
3.053488	55.640709	10.060028	10.491208
3.053721	55.602719	10.053232	10.484679
3.053953	55.564732	10.046437	10.478150
3.054186	55.526747	10.039641	10.471622
3.054419	55.488765	10.032846	10.465094
3.054651	55.450786	10.026052	10.458566
3.054884	55.412810	10.019258	10.452039
3.055116	55.374836	10.012464	10.445513
3.055349	55.336866	10.005671	10.438986
3.055581	55.298898	9.998878	10.432460
3.055814	55.260933	9.992086	10.425935
3.056047	55.222972	9.985294	10.419410
3.056279	55.185013	9.978503	10.412885
3.056512	55.147058	9.971712	10.406361
3.056744	55.109105	9.964922	10.399838
3.056977	55.071156	9.958132	10.393314
3.057209	55.033210	9.951342	10.386792
3.057442	54.995267	9.944553	10.380269
3.057674	54.957327	9.937764	10.373747
3.057907	54.919390	9.930976	10.367226
3.058140	54.881457	9.924189	10.360705
3.058372	54.843527	9.917402	10.354185
3.058605	54.805600	9.910615	10.347665
3.058837	54.767677	9.903829	10.341145
3.059070	54.729757	9.897044	10.334627
3.059302	54.691841	9.890259	10.328108
3.059535	54.653928	9.883474	10.321590
3.059767	54.616018	9.876690	10.315073
3.060000	54.578112	9.869907	10.308556
3.060233	54.540209	9.863124	10.302040
3.060465	54.502309	9.856342	10.295524
3.060698	54.464411	9.849560	10.289008
3.060930	54.426517	9.842778	10.282493
3.061163	54.388625	9.835997	10.275978
3.061395	54.350735	9.829216	10.269463
3.061628	54.312849	9.822435	10.262949
3.061860	54.274966	9.815655	10.256436
3.062093	54.237085	9.808876	10.249923
3.062326	54.199207	9.802096	10.243410
3.062558	54.161333	9.795318	10.236897
3.062791	54.123461	9.788540	10.230385
3.063023	54.085592	9.781762	10.223874
3.063256	54.047727	9.774984	10.217363
3.063488	54.009864	9.768208	10.210852
3.063721	53.972005	9.761431	10.204342
3.063953	53.934148	9.754655	10.197832
3.064186	53.896295	9.747880	10.191323
3.064419	53.858445	9.741105	10.184815
3.064651	53.820599	9.734330	10.178306
3.064884	53.782755	9.727556	10.171798
3.065116	53.744915	9.720783	10.165291
3.065349	53.707079	9.714010	10.158784
3.065581	53.669245	9.707238	10.152278
3.065814	53.631415	9.700466	10.145772
3.066047	53.593589	9.693694	10.139267
3.066279	53.555766	9.686923	10.132762
3.066512	53.517946	9.680153	10.126258
3.066744	53.480130	9.673383	10.119754
3.066977	53.442317	9.666614	10.113251
3.067209	53.404509	9.659846	10.106748
3.067442	53.366703	9.653077	10.100246
3.067674	53.328902	9.646310	10.093744
3.067907	53.291104	9.639543	10.087243
3.068140	53.253309	9.632777	10.080743
3.068372	53.215519	9.626011	10.074243
3.068605	53.177732	9.619246	10.067743
3.068837	53.139949	9.612481	10.061244
3.069070	53.102170	9.605717	10.054746
3.069302	53.064394	9.598954	10.048249
3.069535	53.026623	9.592191	10.041751
3.069767	52.988856	9.585429	10.035255
3.070000	52.951092	9.578667	10.028759
3.070233	52.913332	9.571906	10.022264
3.070465	52.875575	9.565145	10.015769
3.070698	52.837821	9.558385	10.009274
3.070930	52.800071	9.551626	10.002780
3.071163	52.762324	9.544867	9.996287
3.071395	52.724579	9.538108	9.989794
3.071628	52.686839	9.531350	9.983301
3.071860	52.649101	9.524592	9.976809
3.072093	52.611367	9.517835	9.970317
3.072326	52.573636	9.511079	9.963826
3.072558	52.535908	9.504323	9.957336
3.072791	52.498184	9.497567	9.950845
3.073023	52.460464	9.490812	9.944356
3.073256	52.422747	9.484058	9.937867
3.073488	52.385033	9.477304	9.931378
3.073721	52.347323	9.470551	9.924890
3.073953	52.309617	9.463798	9.918403
3.074186	52.271914	9.457046	9.911916
3.074419	52.234215	9.450294	9.905429
3.074651	52.196519	9.443543	9.898943
3.074884	52.158827	9.436792	9.892458
3.075116	52.121139	9.430042	9.885973
3.075349	52.083455	9.423293	9.879489
3.075581	52.045774	9.416544	9.873006
3.075814	52.008098	9.409796	9.866522
3.076047	51.970425	9.403049	9.860040
3.076279	51.932756	9.396302	9.853558
3.076512	51.895091	9.389555	9.847077
3.076744	51.857430	9.382810	9.840596
3.076977	51.819773	9.376064	9.834116
3.077209	51.782120	9.369320	9.827637
3.077442	51.744471	9.362576	9.821158
3.077674	51.706826	9.355833	9.814679
3.077907	51.669185	9.349091	9.808202
3.078140	51.631548	9.342349	9.801725
3.078372	51.593915	9.335607	9.795248
3.078605	51.556287	9.328867	9.788773
3.078837	51.518663	9.322127	9.782298
3.079070	51.481043	9.315388	9.775823
3.079302	51.443428	9.308649	9.769349
3.079535	51.405816	9.301912	9.762876
3.079767	51.368209	9.295174	9.756404
3.080000	51.330607	9.288438	9.749932
3.080233	51.293008	9.281702	9.743461
3.080465	51.255413	9.274967	9.736990
3.080698	51.217822	9.268232	9.730520
3.080930	51.180234	9.261498	9.724050
3.081163	51.142650	9.254765	9.717581
3.081395	51.105070	9.248032	9.711113
3.081628	51.067493	9.241299	9.704645
3.081860	51.029920	9.234567	9.698178
3.082093	50.992350	9.227836	9.691711
3.082326	50.954785	9.221105	9.685244
3.082558	50.917223	9.214375	9.678779
3.082791	50.879665	9.207646	9.672314
3.083023	50.842111	9.200917	9.665849
3.083256	50.804561	9.194189	9.659385
3.083488	50.767015	9.187461	9.652922
3.083721	50.729473	9.180734	9.646459
3.083953	50.691935	9.174008	9.639997
3.084186	50.654401	9.167282	9.633535
3.084419	50.616870	9.160557	9.627075
3.084651	50.579345	9.153832	9.620614
3.084884	50.541823	9.147109	9.614155
3.085116	50.504305	9.140386	9.607696
3.085349	50.466792	9.133663	9.601237
3.085581	50.429282	9.126941	9.594780
3.085814	50.391777	9.120220	9.588322
3.086047	50.354277	9.113500	9.581866
3.086279	50.316780	9.106780	9.575410
3.086512	50.279288	9.100061	9.568955
3.086744	50.241801	9.093343	9.562501
3.086977	50.204317	9.086625	9.556047
3.087209	50.166839	9.079908	9.549594
3.087442	50.129364	9.073192	9.543142
3.087674	50.091895	9.066476	9.536690
3.087907	50.054429	9.059761	9.530239
3.088140	50.016969	9.053047	9.523788
3.088372	49.979512	9.046334	9.517339
3.088605	49.942061	9.039622	9.510890
3.088837	49.904614	9.032910	9.504442
3.089070	49.867172	9.026199	9.497994
3.089302	49.829735	9.019488	9.491548
3.089535	49.792302	9.012779	9.485102
3.089767	49.754874	9.006070	9.478656
3.090000	49.717451	8.999362	9.472212
3.090233	49.680032	8.992655	9.465768
3.090465	49.642618	8.985948	9.459325
3.090698	49.605207	8.979242	9.452882
3.090930	49.567800	8.972537	9.446440
3.091163	49.530398	8.965832	9.439999
3.091395	49.492999	8.959128	9.433558
3.091628	49.455605	8.952424	9.427118
3.091860	49.418214	8.945721	9.420679
3.092093	49.380828	8.939019	9.414240
3.092326	49.343446	8.932318	9.407801
3.092558	49.306069	8.925617	9.401364
3.092791	49.268695	8.918917	9.394927
3.093023	49.231326	8.912217	9.388491
3.093256	49.193962	8.905519	9.382055
3.093488	49.156601	8.898820	9.375620
3.093721	49.119245	8.892123	9.369186
3.093953	49.081894	8.885426	9.362752
3.094186	49.044547	8.878731	9.356319
3.094419	49.007204	8.872035	9.349887
3.094651	48.969866	8.865341	9.343456
3.094884	48.932533	8.858647	9.337025
3.095116	48.895204	8.851954	9.330595
3.095349	48.857880	8.845262	9.324165
3.095581	48.820560	8.838570	9.317737
3.095814	48.783245	8.831879	9.311309
3.096047	48.745935	8.825189	9.304881
3.096279	48.708629	8.818500	9.298455
3.096512	48.671329	8.811812	9.292029
3.096744	48.634033	8.805124	9.285604
3.096977	48.596742	8.798437	9.279180
3.097209	48.559455	8.791751	9.272756
3.097442	48.522174	8.785065	9.266334
3.097674	48.484898	8.778381	9.259912
3.097907	48.447626	8.771697	9.253490
3.098140	48.410360	8.765014	9.247070
3.098372	48.373099	8.758332	9.240650
3.098605	48.335842	8.751651	9.234231
3.098837	48.298591	8.744970	9.227813
3.099070	48.261345	8.738290	9.221396
3.099302	48.224104	8.731611	9.214980
3.099535	48.186868	8.724933	9.208564
3.099767	48.149637	8.718256	9.202149
3.100000	48.112412	8.711580	9.195735
3.100233	48.075191	8.704904	9.189322
3.100465	48.037975	8.698230	9.182909
3.100698	48.000764	8.691555	9.176497
3.100930	47.963556	8.684882	9.170086
3.101163	47.926353	8.678209	9.163675
3.101395	47.889155	8.671537	9.157265
3.101628	47.851961	8.664866	9.150856
3.101860	47.814772	8.658196	9.144448
3.102093	47.777587	8.651526	9.138040
3.102326	47.740407	8.644857	9.131633
3.102558	47.703232	8.638188	9.125227
3.102791	47.666062	8.631521	9.118821
3.103023	47.628896	8.624854	9.112416
3.103256	47.591735	8.618188	9.106012
3.103488	47.554578	8.611523	9.099609
3.103721	47.517427	8.604858	9.093206
3.103953	47.480280	8.598195	9.086804
3.104186	47.443138	8.591532	9.080403
3.104419	47.406001	8.584870	9.074003
3.104651	47.368869	8.578208	9.067603
3.104884	47.331742	8.571548	9.061204
3.105116	47.294620	8.564888	9.054806
3.105349	47.257504	8.558229	9.048409
3.105581	47.220392	8.551571	9.042013
3.105814	47.183285	8.544914	9.035617
3.106047	47.146183	8.538258	9.029222
3.106279	47.109087	8.531602	9.022828
3.106512	47.071996	8.524947	9.016435
3.106744	47.034910	8.518294	9.010042
3.106977	46.997829	8.511641	9.003651
3.107209	46.960753	8.504988	8.997260
3.107442	46.923683	8.498337	8.990870
3.107674	46.886618	8.491687	8.984481
3.107907	46.849559	8.485037	8.978093
3.108140	46.812505	8.478389	8.971705
3.108372	46.775456	8.471741	8.965319
3.108605	46.738413	8.465094	8.958933
3.108837	46.701375	8.458448	8.952548
3.109070	46.664343	8.451803	8.946164
3.109302	46.627317	8.445159	8.939781
3.109535	46.590296	8.438516	8.933399
3.109767	46.553281	8.431873	8.927017
3.110000	46.516271	8.425232	8.920637
3.110233	46.479267	8.418591	8.914257
3.110465	46.442267	8.411952	8.907878
3.110698	46.405272	8.405313	8.901500
3.110930	46.368282	8.398675	8.895123
3.111163	46.331297	8.392037	8.888746
3.111395	46.294317	8.385401	8.882371
3.111628	46.257342	8.378765	8.875995
3.111860	46.220372	8.372130	8.869621
3.112093	46.183407	8.365496	8.863248
3.112326	46.146447	8.358862	8.856875
3.112558	46.109492	8.352230	8.850503
3.112791	46.072542	8.345598	8.844132
3.113023	46.035597	8.338967	8.837761
3.113256	45.998657	8.332337	8.831392
3.113488	45.961723	8.325708	8.825023
3.113721	45.924794	8.319080	8.818655
3.113953	45.887870	8.312452	8.812288
3.114186	45.850951	8.305826	8.805922
3.114419	45.814038	8.299200	8.799557
3.114651	45.777130	8.292575	8.793192
3.114884	45.740227	8.285951	8.786828
3.115116	45.703330	8.279328	8.780465
3.115349	45.666439	8.272706	8.774103
3.115581	45.629553	8.266085	8.767742
3.115814	45.592672	8.259464	8.761382
3.116047	45.555797	8.252845	8.755022
3.116279	45.518927	8.246226	8.748664
3.116512	45.482063	8.239609	8.742306
3.116744	45.445205	8.232992	8.735950
3.116977	45.408352	8.226376	8.729594
3.117209	45.371506	8.219761	8.723239
3.117442	45.334664	8.213147	8.716885
3.117674	45.297829	8.206534	8.710531
3.117907	45.260999	8.199922	8.704179
3.118140	45.224176	8.193311	8.697828
3.118372	45.187358	8.186701	8.691477
3.118605	45.150546	8.180092	8.685128
3.118837	45.113740	8.173484	8.678779
3.119070	45.076939	8.166877	8.672432
3.119302	45.040145	8.160271	8.666085
3.119535	45.003357	8.153665	8.659740
3.119767	44.966575	8.147061	8.653395
3.120000	44.929799	8.140458	8.647051
3.120233	44.893029	8.133856	8.640708
3.120465	44.856263	8.127254	8.634366
3.120698	44.819504	8.120654	8.628025
3.120930	44.782749	8.114054	8.621684
3.121163	44.745999	8.107455	8.615345
3.121395	44.709255	8.100857	8.609006
3.121628	44.672517	8.094260	8.602668
3.121860	44.635784	8.087664	8.596331
3.122093	44.599056	8.081069	8.589995
3.122326	44.562333	8.074474	8.583659
3.122558	44.525616	8.067881	8.577325
3.122791	44.488905	8.061288	8.570991
3.123023	44.452199	8.054696	8.564659
3.123256	44.415499	8.048106	8.558327
3.123488	44.378804	8.041516	8.551996
3.123721	44.342115	8.034927	8.545666
3.123953	44.305432	8.028339	8.539336
3.124186	44.268754	8.021752	8.533008
3.124419	44.232083	8.015166	8.526681
3.124651	44.195416	8.008580	8.520354
3.124884	44.158756	8.001996	8.514029
3.125116	44.122102	7.995413	8.507704
3.125349	44.085453	7.988831	8.501380
3.125581	44.048810	7.982249	8.495057
3.125814	44.012174	7.975669	8.488736
3.126047	43.975543	7.969090	8.482415
3.126279	43.938918	7.962511	8.476095
3.126512	43.902299	7.955934	8.469776
3.126744	43.865686	7.949357	8.463458
3.126977	43.829080	7.942782	8.457141
3.127209	43.792479	7.936208	8.450825
3.127442	43.755885	7.929634	8.444509
3.127674	43.719297	7.923062	8.438195
3.127907	43.682715	7.916491	8.431882
3.128140	43.646139	7.909920	8.425570
3.128372	43.609569	7.903351	8.419259
3.128605	43.573006	7.896783	8.412949
3.128837	43.536449	7.890216	8.406639
3.129070	43.499899	7.883650	8.400331
3.129302	43.463355	7.877085	8.394024
3.129535	43.426817	7.870521	8.387718
3.129767	43.390286	7.863958	8.381413
3.130000	43.353761	7.857396	8.375109
3.130233	43.317202	7.850828	8.368806
3.130465	43.280570	7.844247	8.362504
3.130698	43.243873	7.837654	8.356202
3.130930	43.207115	7.831050	8.349902
3.131163	43.170304	7.824436	8.343603
3.131395	43.133443	7.817813	8.337304
3.131628	43.096540	7.811183	8.331006
3.131860	43.059600	7.804546	8.324710
3.132093	43.022629	7.797903	8.318414
3.132326	42.985633	7.791255	8.312119
3.132558	42.948618	7.784604	8.305825
3.132791	42.911589	7.777951	8.299532
3.133023	42.874552	7.771296	8.293240
3.133256	42.837514	7.764641	8.286948
3.133488	42.800480	7.757986	8.280658
3.133721	42.763456	7.751333	8.274369
3.133953	42.726447	7.744683	8.268081
3.134186	42.689461	7.738036	8.261794
3.134419	42.652501	7.731395	8.255507
3.134651	42.615575	7.724759	8.249222
3.134884	42.578688	7.718130	8.242938
3.135116	42.541846	7.711509	8.236654
3.135349	42.505055	7.704898	8.230372
3.135581	42.468321	7.698296	8.224091
3.135814	42.431649	7.691706	8.217810
3.136047	42.395046	7.685128	8.211531
3.136279	42.358517	7.678563	8.205253
3.136512	42.322067	7.672012	8.198975
3.136744	42.285704	7.665477	8.192699
3.136977	42.249433	7.658958	8.186424
3.137209	42.213259	7.652456	8.180150
3.137442	42.177188	7.645973	8.173877
3.137674	42.141227	7.639510	8.167605
3.137907	42.105381	7.633067	8.161334
3.138140	42.069656	7.626646	8.155064
3.138372	42.034058	7.620248	8.148795
3.138605	41.998593	7.613873	8.142527
3.138837	41.963266	7.607523	8.136260
3.139070	41.928083	7.601199	8.129995
3.139302	41.893051	7.594902	8.123730
3.139535	41.858174	7.588633	8.117467
3.139767	41.823460	7.582393	8.111204
3.140000	41.788913	7.576183	8.104943
3.140233	41.754525	7.570002	8.098683
3.140465	41.720282	7.563846	8.092424
3.140698	41.686176	7.557715	8.086165
3.140930	41.652205	7.551608	8.079908
3.141163	41.618364	7.545525	8.073652
3.141395	41.584647	7.539463	8.067396
3.141628	41.551050	7.533424	8.061142
3.141860	41.517569	7.527404	8.054888
3.142093	41.484198	7.521405	8.048636
3.142326	41.450933	7.515425	8.042385
3.142558	41.417769	7.509463	8.036134
3.142791	41.384702	7.503518	8.029885
3.143023	41.351726	7.497589	8.023636
3.143256	41.318838	7.491676	8.017389
3.143488	41.286032	7.485778	8.011143
3.143721	41.253303	7.479894	8.004898
3.143953	41.220647	7.474022	7.998653
3.144186	41.188060	7.468163	7.992410
3.144419	41.155536	7.462316	7.986168
3.144651	41.123071	7.456478	7.979927
3.144884	41.090660	7.450651	7.973687
3.145116	41.058298	7.444832	7.967448
3.145349	41.025981	7.439021	7.961210
3.145581	40.993703	7.433217	7.954973
3.145814	40.961461	7.427420	7.948737
3.146047	40.929250	7.421628	7.942502
3.146279	40.897064	7.415840	7.936269
3.146512	40.864900	7.410056	7.930036
3.146744	40.832751	7.404275	7.923805
3.146977	40.800615	7.398496	7.917575
3.147209	40.768485	7.392719	7.911345
3.147442	40.736358	7.386941	7.905117
3.147674	40.704228	7.381163	7.898890
3.147907	40.672091	7.375384	7.892665
3.148140	40.639942	7.369603	7.886440
3.148372	40.607777	7.363818	7.880216
3.148605	40.575590	7.358030	7.873994
3.148837	40.543377	7.352237	7.867773
3.149070	40.511134	7.346438	7.861553
3.149302	40.478855	7.340633	7.855334
3.149535	40.446536	7.334820	7.849116
3.149767	40.414172	7.329000	7.842899
3.150000	40.381758	7.323170	7.836684
3.150233	40.349328	7.317337	7.830470
3.150465	40.316917	7.311508	7.824256
3.150698	40.284524	7.305682	7.818044
3.150930	40.252150	7.299859	7.811833
3.151163	40.219793	7.294039	7.805623
3.151395	40.187454	7.288223	7.799414
3.151628	40.155131	7.282409	7.793205
3.151860	40.122825	7.276598	7.786998
3.152093	40.090535	7.270790	7.780792
3.152326	40.058260	7.264985	7.774588
3.152558	40.026000	7.259182	7.768384
3.152791	39.993754	7.253382	7.762181
3.153023	39.961523	7.247584	7.755979
3.153256	39.929305	7.241789	7.749779
3.153488	39.897101	7.235996	7.743579
3.153721	39.864909	7.230205	7.737381
3.153953	39.832730	7.224416	7.731184
3.154186	39.800562	7.218630	7.724987
3.154419	39.768405	7.212845	7.718792
3.154651	39.736260	7.207062	7.712598
3.154884	39.704125	7.201281	7.706406
3.155116	39.671999	7.195502	7.700214
3.155349	39.639884	7.189724	7.694023
3.155581	39.607777	7.183948	7.687834
3.155814	39.575679	7.178174	7.681646
3.156047	39.543590	7.172400	7.675459
3.156279	39.511507	7.166629	7.669273
3.156512	39.479433	7.160858	7.663088
3.156744	39.447365	7.155088	7.656904
3.156977	39.415303	7.149320	7.650722
3.157209	39.383247	7.143553	7.644541
3.157442	39.351197	7.137786	7.638361
3.157674	39.319151	7.132020	7.632182
3.157907	39.287110	7.126256	7.626004
3.158140	39.255073	7.120491	7.619828
3.158372	39.223040	7.114728	7.613652
3.158605	39.191010	7.108964	7.607478
3.158837	39.158983	7.103202	7.601306
3.159070	39.126957	7.097439	7.595134
3.159302	39.094934	7.091677	7.588964
3.159535	39.062912	7.085915	7.582795
3.159767	39.030891	7.080153	7.576627
3.160000	38.998870	7.074391	7.570460
3.160233	38.966852	7.068630	7.564295
3.160465	38.934841	7.062869	7.558130
3.160698	38.902835	7.057110	7.551967
3.160930	38.870836	7.051351	7.545805
3.161163	38.838842	7.045594	7.539644
3.161395	38.806855	7.039838	7.533484
3.161628	38.774874	7.034082	7.527325
3.161860	38.742900	7.028328	7.521167
3.162093	38.710931	7.022575	7.515011
3.162326	38.678969	7.016823	7.508855
3.162558	38.647013	7.011072	7.502701
3.162791	38.615063	7.005322	7.496548
3.163023	38.583120	6.999573	7.490396
3.163256	38.551183	6.993825	7.484245
3.163488	38.519253	6.988079	7.478095
3.163721	38.487329	6.982333	7.471947
3.163953	38.455412	6.976589	7.465800
3.164186	38.423501	6.970845	7.459653
3.164419	38.391596	6.965103	7.453508
3.164651	38.359699	6.959362	7.447365
3.164884	38.327807	6.953622	7.441222
3.165116	38.295923	6.947883	7.435081
3.165349	38.264045	6.942145	7.428941
3.165581	38.232173	6.936408	7.422802
3.165814	38.200309	6.930673	7.416664
3.166047	38.168451	6.924938	7.410527
3.166279	38.136600	6.919205	7.404392
3.166512	38.104756	6.913473	7.398258
3.166744	38.072918	6.907742	7.392125
3.166977	38.041087	6.902012	7.385994
3.167209	38.009264	6.896283	7.379863
3.167442	37.977447	6.890556	7.373734
3.167674	37.945637	6.884830	7.367606
3.167907	37.913834	6.879105	7.361480
3.168140	37.882038	6.873381	7.355355
3.168372	37.850249	6.867658	7.349231
3.168605	37.818467	6.861937	7.343108
3.168837	37.786692	6.856216	7.336987
3.169070	37.754924	6.850497	7.330866
3.169302	37.723164	6.844779	7.324748
3.169535	37.691410	6.839063	7.318630
3.169767	37.659664	6.833347	7.312514
3.170000	37.627925	6.827633	7.306399
3.170233	37.596193	6.821920	7.300285
3.170465	37.564467	6.816208	7.294173
3.170698	37.532747	6.810497	7.288062
3.170930	37.501034	6.804787	7.281951
3.171163	37.469328	6.799079	7.275842
3.171395	37.437628	6.793371	7.269735
3.171628	37.405935	6.787665	7.263628
3.171860	37.374248	6.781959	7.257523
3.172093	37.342567	6.776255	7.251418
3.172326	37.310894	6.770552	7.245315
3.172558	37.279227	6.764850	7.239213
3.172791	37.247566	6.759149	7.233113
3.173023	37.215913	6.753449	7.227013
3.173256	37.184266	6.747751	7.220915
3.173488	37.152626	6.742053	7.214818
3.173721	37.120992	6.736357	7.208723
3.173953	37.089366	6.730662	7.202628
3.174186	37.057746	6.724968	7.196535
3.174419	37.026133	6.719275	7.190443
3.174651	36.994527	6.713584	7.184352
3.174884	36.962928	6.707893	7.178263
3.175116	36.931336	6.702204	7.172175
3.175349	36.899751	6.696516	7.166088
3.175581	36.868174	6.690829	7.160002
3.175814	36.836603	6.685143	7.153918
3.176047	36.805039	6.679459	7.147835
3.176279	36.773482	6.673776	7.141753
3.176512	36.741932	6.668094	7.135673
3.176744	36.710390	6.662413	7.129593
3.176977	36.678855	6.656733	7.123516
3.177209	36.647327	6.651055	7.117439
3.177442	36.615806	6.645378	7.111364
3.177674	36.584292	6.639702	7.105290
3.177907	36.552786	6.634027	7.099218
3.178140	36.521287	6.628354	7.093146
3.178372	36.489796	6.622682	7.087077
3.178605	36.458312	6.617011	7.081008
3.178837	36.426835	6.611342	7.074941
3.179070	36.395366	6.605673	7.068875
3.179302	36.363904	6.600006	7.062811
3.179535	36.332450	6.594341	7.056748
3.179767	36.301003	6.588676	7.050686
3.180000	36.269564	6.583013	7.044626
3.180233	36.238132	6.577351	7.038567
3.180465	36.206707	6.571690	7.032509
3.180698	36.175288	6.566031	7.026453
3.180930	36.143876	6.560372	7.020398
3.181163	36.112472	6.554715	7.014344
3.181395	36.081073	6.549059	7.008291
3.181628	36.049682	6.543404	7.002239
3.181860	36.018298	6.537750	6.996189
3.182093	35.986921	6.532097	6.990140
3.182326	35.955550	6.526446	6.984092
3.182558	35.924187	6.520796	6.978046
3.182791	35.892830	6.515147	6.972001
3.183023	35.861481	6.509499	6.965957
3.183256	35.830139	6.503852	6.959914
3.183488	35.798804	6.498207	6.953873
3.183721	35.767476	6.492563	6.947833
3.183953	35.736155	6.486920	6.941794
3.184186	35.704841	6.481278	6.935757
3.184419	35.673535	6.475637	6.929721
3.184651	35.642235	6.469998	6.923686
3.184884	35.610943	6.464360	6.917653
3.185116	35.579659	6.458723	6.911621
3.185349	35.548382	6.453088	6.905590
3.185581	35.517112	6.447453	6.899561
3.185814	35.485849	6.441820	6.893533
3.186047	35.454594	6.436189	6.887506
3.186279	35.423346	6.430558	6.881481
3.186512	35.392106	6.424929	6.875457
3.186744	35.360873	6.419301	6.869434
3.186977	35.329648	6.413674	6.863413
3.187209	35.298430	6.408049	6.857393
3.187442	35.267220	6.402425	6.851375
3.187674	35.236018	6.396802	6.845358
3.187907	35.204823	6.391181	6.839342
3.188140	35.173636	6.385561	6.833328
3.188372	35.142457	6.379942	6.827315
3.188605	35.111285	6.374325	6.821304
3.188837	35.080121	6.368709	6.815294
3.189070	35.048965	6.363094	6.809286
3.189302	35.017817	6.357480	6.803279
3.189535	34.986676	6.351868	6.797273
3.189767	34.955544	6.346257	6.791269
3.190000	34.924419	6.340648	6.785266
3.190233	34.893302	6.335040	6.779265
3.190465	34.862192	6.329433	6.773265
3.190698	34.831089	6.323827	6.767266
3.190930	34.799993	6.318223	6.761268
3.191163	34.768904	6.312619	6.755272
3.191395	34.737822	6.307017	6.749277
3.191628	34.706748	6.301417	6.743284
3.191860	34.675681	6.295817	6.737291
3.192093	34.644621	6.290219	6.731301
3.192326	34.613568	6.284622	6.725311
3.192558	34.582523	6.279026	6.719323
3.192791	34.551485	6.273431	6.713336
3.193023	34.520455	6.267838	6.707350
3.193256	34.489432	6.262246	6.701366
3.193488	34.458416	6.256655	6.695383
3.193721	34.427408	6.251065	6.689402
3.193953	34.396407	6.245477	6.683422
3.194186	34.365414	6.239890	6.677443
3.194419	34.334428	6.234305	6.671466
3.194651	34.303450	6.228720	6.665490
3.194884	34.272479	6.223137	6.659515
3.195116	34.241517	6.217556	6.653542
3.195349	34.210561	6.211975	6.647570
3.195581	34.179614	6.206396	6.641600
3.195814	34.148674	6.200818	6.635631
3.196047	34.117742	6.195242	6.629664
3.196279	34.086818	6.189667	6.623698
3.196512	34.055901	6.184093	6.617733
3.196744	34.024993	6.178521	6.611770
3.196977	33.994092	6.172950	6.605808
3.197209	33.963199	6.167380	6.599848
3.197442	33.932314	6.161811	6.593889
3.197674	33.901437	6.156244	6.587932
3.197907	33.870568	6.150679	6.581976
3.198140	33.839707	6.145115	6.576022
3.198372	33.808854	6.139552	6.570069
3.198605	33.778009	6.133990	6.564117
3.198837	33.747173	6.128430	6.558167
3.199070	33.716344	6.122872	6.552219
3.199302	33.685523	6.117314	6.546272
3.199535	33.654711	6.111758	6.540326
3.199767	33.623907	6.106204	6.534382
3.200000	33.593111	6.100651	6.528440
3.200233	33.562323	6.095099	6.522499
3.200465	33.531542	6.089549	6.516559
3.200698	33.500769	6.084000	6.510621
3.200930	33.470003	6.078452	6.504684
3.201163	33.439245	6.072905	6.498749
3.201395	33.408494	6.067360	6.492815
3.201628	33.377750	6.061816	6.486882
3.201860	33.347015	6.056273	6.480950
3.202093	33.316286	6.050732	6.475020
3.202326	33.285566	6.045192	6.469092
3.202558	33.254853	6.039653	6.463165
3.202791	33.224148	6.034116	6.457239
3.203023	33.193450	6.028579	6.451315
3.203256	33.162760	6.023045	6.445392
3.203488	33.132078	6.017511	6.439470
3.203721	33.101404	6.011979	6.433550
3.203953	33.070737	6.006448	6.427631
3.204186	33.040079	6.000919	6.421714
3.204419	33.009428	5.995391	6.415799
3.204651	32.978785	5.989864	6.409884
3.204884	32.948150	5.984339	6.403971
3.205116	32.917523	5.978815	6.398060
3.205349	32.886904	5.973292	6.392150
3.205581	32.856293	5.967771	6.386242
3.205814	32.825690	5.962251	6.380335
3.206047	32.795095	5.956732	6.374429
3.206279	32.764509	5.951215	6.368526
3.206512	32.733930	5.945700	6.362623
3.206744	32.703360	5.940185	6.356722
3.206977	32.672797	5.934672	6.350823
3.207209	32.642243	5.929161	6.344925
3.207442	32.611698	5.923651	6.339028
3.207674	32.581160	5.918142	6.333134
3.207907	32.550631	5.912635	6.327240
3.208140	32.520110	5.907129	6.321348
3.208372	32.489598	5.901625	6.315458
3.208605	32.459094	5.896122	6.309569
3.208837	32.428598	5.890621	6.303682
3.209070	32.398111	5.885121	6.297797
3.209302	32.367632	5.879623	6.291913
3.209535	32.337162	5.874126	6.286030
3.209767	32.306700	5.868630	6.280149
3.210000	32.276247	5.863136	6.274270
3.210233	32.245802	5.857643	6.268392
3.210465	32.215365	5.852152	6.262516
3.210698	32.184935	5.846662	6.256641
3.210930	32.154513	5.841173	6.250767
3.211163	32.124100	5.835686	6.244895
3.211395	32.093693	5.830200	6.239025
3.211628	32.063295	5.824715	6.233155
3.211860	32.032905	5.819232	6.227288
3.212093	32.002522	5.813750	6.221421
3.212326	31.972148	5.808270	6.215556
3.212558	31.941781	5.802790	6.209693
3.212791	31.911422	5.797313	6.203831
3.213023	31.881072	5.791836	6.197971
3.213256	31.850729	5.786361	6.192112
3.213488	31.820395	5.780888	6.186254
3.213721	31.790068	5.775415	6.180398
3.213953	31.759750	5.769944	6.174544
3.214186	31.729440	5.764475	6.168691
3.214419	31.699138	5.759007	6.162839
3.214651	31.668844	5.753540	6.156990
3.214884	31.638559	5.748075	6.151141
3.215116	31.608282	5.742611	6.145294
3.215349	31.578013	5.737149	6.139449
3.215581	31.547753	5.731688	6.133605
3.215814	31.517501	5.726229	6.127763
3.216047	31.487257	5.720771	6.121922
3.216279	31.457022	5.715314	6.116083
3.216512	31.426795	5.709859	6.110245
3.216744	31.396577	5.704406	6.104409
3.216977	31.366367	5.698953	6.098575
3.217209	31.336165	5.693503	6.092742
3.217442	31.305973	5.688054	6.086911
3.217674	31.275789	5.682606	6.081081
3.217907	31.245613	5.677160	6.075253
3.218140	31.215446	5.671715	6.069427
3.218372	31.185288	5.666272	6.063602
3.218605	31.155139	5.660830	6.057778
3.218837	31.124998	5.655390	6.051957
3.219070	31.094866	5.649951	6.046137
3.219302	31.064743	5.644514	6.040318
3.219535	31.034629	5.639079	6.034502
3.219767	31.004524	5.633645	6.028686
3.220000	30.974427	5.628212	6.022873
3.220233	30.944339	5.622781	6.017061
3.220465	30.914259	5.617351	6.011251
3.220698	30.884187	5.611923	6.005442
3.220930	30.854123	5.606496	5.999634
3.221163	30.824067	5.601071	5.993828
3.221395	30.794019	5.595646	5.988024
3.221628	30.763980	5.590224	5.982221
3.221860	30.733948	5.584802	5.976419
3.222093	30.703925	5.579383	5.970620
3.222326	30.673910	5.573964	5.964821
3.222558	30.643904	5.568547	5.959024
3.222791	30.613905	5.563132	5.953229
3.223023	30.583915	5.557717	5.947435
3.223256	30.553934	5.552305	5.941643
3.223488	30.523961	5.546893	5.935852
3.223721	30.493996	5.541484	5.930063
3.223953	30.464039	5.536075	5.924276
3.224186	30.434091	5.530668	5.918490
3.224419	30.404152	5.525263	5.912705
3.224651	30.374221	5.519859	5.906922
3.224884	30.344299	5.514457	5.901141
3.225116	30.314385	5.509056	5.895361
3.225349	30.284480	5.503656	5.889583
3.225581	30.254584	5.498258	5.883807
3.225814	30.224696	5.492862	5.878032
3.226047	30.194817	5.487467	5.872259
3.226279	30.164947	5.482074	5.866487
3.226512	30.135085	5.476682	5.860717
3.226744	30.105233	5.471291	5.854949
3.226977	30.075389	5.465902	5.849182
3.227209	30.045554	5.460515	5.843417
3.227442	30.015728	5.455129	5.837653
3.227674	29.985910	5.449745	5.831892
3.227907	29.956102	5.444362	5.826132
3.228140	29.926303	5.438981	5.820373
3.228372	29.896513	5.433602	5.814616
3.228605	29.866731	5.428224	5.808861
3.228837	29.836959	5.422847	5.803108
3.229070	29.807196	5.417473	5.797356
3.229302	29.777442	5.412099	5.791606
3.229535	29.747697	5.406728	5.785858
3.229767	29.717961	5.401357	5.780111
3.230000	29.688235	5.395989	5.774366
3.230233	29.658517	5.390622	5.768623
3.230465	29.628808	5.385257	5.762881
3.230698	29.599107	5.379892	5.757141
3.230930	29.569414	5.374530	5.751402
3.231163	29.539730	5.369169	5.745665
3.231395	29.510054	5.363809	5.739929
3.231628	29.480387	5.358451	5.734195
3.231860	29.450728	5.353094	5.728463
3.232093	29.421078	5.347739	5.722732
3.232326	29.391436	5.342385	5.717003
3.232558	29.361803	5.337032	5.711275
3.232791	29.332178	5.331682	5.705549
3.233023	29.302562	5.326332	5.699825
3.233256	29.272955	5.320984	5.694102
3.233488	29.243356	5.315638	5.688381
3.233721	29.213766	5.310293	5.682661
3.233953	29.184185	5.304950	5.676943
3.234186	29.154613	5.299608	5.671227
3.234419	29.125050	5.294268	5.665512
3.234651	29.095495	5.288929	5.659799
3.234884	29.065949	5.283592	5.654087
3.235116	29.036412	5.278256	5.648378
3.235349	29.006884	5.272922	5.642670
3.235581	28.977365	5.267590	5.636963
3.235814	28.947855	5.262259	5.631258
3.236047	28.918354	5.256929	5.625555
3.236279	28.888862	5.251601	5.619854
3.236512	28.859380	5.246275	5.614154
3.236744	28.829906	5.240951	5.608456
3.236977	28.800441	5.235627	5.602760
3.237209	28.770986	5.230306	5.597065
3.237442	28.741539	5.224986	5.591372
3.237674	28.712102	5.219668	5.585681
3.237907	28.682675	5.214351	5.579991
3.238140	28.653256	5.209036	5.574303
3.238372	28.623847	5.203722	5.568617
3.238605	28.594447	5.198411	5.562933
3.238837	28.565057	5.193100	5.557251
3.239070	28.535676	5.187792	5.551570
3.239302	28.506304	5.182485	5.545891
3.239535	28.476942	5.177180	5.540213
3.239767	28.447589	5.171876	5.534538
3.240000	28.418246	5.166574	5.528864
3.240233	28.388912	5.161274	5.523192
3.240465	28.359586	5.155975	5.517521
3.240698	28.330270	5.150677	5.511853
3.240930	28.300961	5.145381	5.506185
3.241163	28.271662	5.140087	5.500520
3.241395	28.242371	5.134794	5.494856
3.241628	28.213089	5.129503	5.489193
3.241860	28.183816	5.124213	5.483532
3.242093	28.154552	5.118925	5.477873
3.242326	28.125296	5.113638	5.472216
3.242558	28.096049	5.108352	5.466560
3.242791	28.066812	5.103069	5.460906
3.243023	28.037583	5.097787	5.455253
3.243256	28.008363	5.092506	5.449602
3.243488	27.979152	5.087227	5.443953
3.243721	27.949951	5.081950	5.438306
3.243953	27.920758	5.076674	5.432660
3.244186	27.891574	5.071399	5.427016
3.244419	27.862400	5.066127	5.421373
3.244651	27.833234	5.060856	5.415732
3.244884	27.804078	5.055586	5.410093
3.245116	27.774931	5.050318	5.404456
3.245349	27.745793	5.045052	5.398820
3.245581	27.716665	5.039787	5.393187
3.245814	27.687545	5.034524	5.387554
3.246047	27.658435	5.029263	5.381924
3.246279	27.629335	5.024003	5.376295
3.246512	27.600244	5.018744	5.370668
3.246744	27.571162	5.013488	5.365043
3.246977	27.542089	5.008233	5.359420
3.247209	27.513027	5.002980	5.353798
3.247442	27.483973	4.997728	5.348178
3.247674	27.454929	4.992478	5.342560
3.247907	27.425895	4.987230	5.336944
3.248140	27.396870	4.981983	5.331329
3.248372	27.367855	4.976738	5.325717
3.248605	27.338850	4.971495	5.320106
3.248837	27.309854	4.966253	5.314496
3.249070	27.280868	4.961014	5.308889
3.249302	27.251891	4.955775	5.303284
3.249535	27.222925	4.950539	5.297680
3.249767	27.193968	4.945304	5.292078
3.250000	27.165021	4.940071	5.286478
3.250233	27.136083	4.934840	5.280880
3.250465	27.107155	4.929610	5.275283
3.250698	27.078235	4.924381	5.269688
3.250930	27.049324	4.919155	5.264095
3.251163	27.020422	4.913929	5.258503
3.251395	26.991529	4.908706	5.252913
3.251628	26.962646	4.903484	5.247325
3.251860	26.933771	4.898263	5.241738
3.252093	26.904905	4.893044	5.236154
3.252326	26.876049	4.887827	5.230570
3.252558	26.847202	4.882611	5.224989
3.252791	26.818363	4.877397	5.219409
3.253023	26.789535	4.872185	5.213831
3.253256	26.760715	4.866974	5.208255
3.253488	26.731905	4.861765	5.202680
3.253721	26.703104	4.856557	5.197108
3.253953	26.674312	4.851351	5.191536
3.254186	26.645530	4.846147	5.185967
3.254419	26.616757	4.840944	5.180400
3.254651	26.587993	4.835743	5.174834
3.254884	26.559240	4.830543	5.169270
3.255116	26.530495	4.825346	5.163707
3.255349	26.501760	4.820149	5.158147
3.255581	26.473035	4.814955	5.152588
3.255814	26.444319	4.809762	5.147031
3.256047	26.415613	4.804571	5.141476
3.256279	26.386916	4.799382	5.135923
3.256512	26.358229	4.794194	5.130371
3.256744	26.329552	4.789008	5.124822
3.256977	26.300885	4.783824	5.119274
3.257209	26.272227	4.778641	5.113728
3.257442	26.243579	4.773460	5.108183
3.257674	26.214941	4.768281	5.102641
3.257907	26.186313	4.763103	5.097100
3.258140	26.157694	4.757927	5.091562
3.258372	26.129086	4.752753	5.086025
3.258605	26.100488	4.747581	5.080490
3.258837	26.071899	4.742411	5.074957
3.259070	26.043321	4.737242	5.069425
3.259302	26.014752	4.732075	5.063896
3.259535	25.986194	4.726909	5.058368
3.259767	25.957645	4.721746	5.052843
3.260000	25.929107	4.716584	5.047319
3.260233	25.900578	4.711424	5.041797
3.260465	25.872059	4.706265	5.036277
3.260698	25.843549	4.701109	5.030758
3.260930	25.815048	4.695953	5.025242
3.261163	25.786556	4.690800	5.019726
3.261395	25.758074	4.685648	5.014213
3.261628	25.729601	4.680497	5.008702
3.261860	25.701137	4.675348	5.003192
3.262093	25.672683	4.670201	4.997684
3.262326	25.644238	4.665056	4.992177
3.262558	25.615803	4.659912	4.986673
3.262791	25.587377	4.654770	4.981170
3.263023	25.558960	4.649629	4.975669
3.263256	25.530553	4.644490	4.970170
3.263488	25.502156	4.639353	4.964672
3.263721	25.473768	4.634218	4.959177
3.263953	25.445390	4.629084	4.953683
3.264186	25.417022	4.623952	4.948191
3.264419	25.388663	4.618821	4.942701
3.264651	25.360314	4.613692	4.937212
3.264884	25.331975	4.608565	4.931726
3.265116	25.303646	4.603440	4.926241
3.265349	25.275326	4.598316	4.920758
3.265581	25.247016	4.593194	4.915277
3.265814	25.218716	4.588074	4.909798
3.266047	25.190426	4.582956	4.904320
3.266279	25.162146	4.577839	4.898845
3.266512	25.133876	4.572724	4.893371
3.266744	25.105616	4.567611	4.887899
3.266977	25.077366	4.562499	4.882429
3.267209	25.049125	4.557390	4.876961
3.267442	25.020895	4.552282	4.871495
3.267674	24.992676	4.547175	4.866031
3.267907	24.964466	4.542071	4.860569
3.268140	24.936266	4.536968	4.855108
3.268372	24.908077	4.531868	4.849650
3.268605	24.879898	4.526768	4.844193
3.268837	24.851729	4.521671	4.838738
3.269070	24.823570	4.516576	4.833286
3.269302	24.795422	4.511482	4.827835
3.269535	24.767284	4.506390	4.822386
3.269767	24.739156	4.501300	4.816939
3.270000	24.711039	4.496212	4.811494
3.270233	24.682932	4.491126	4.806051
3.270465	24.654834	4.486041	4.800610
3.270698	24.626746	4.480958	4.795170
3.270930	24.598667	4.475876	4.789732
3.271163	24.570598	4.470796	4.784296
3.271395	24.542538	4.465718	4.778862
3.271628	24.514488	4.460642	4.773429
3.271860	24.486447	4.455567	4.767999
3.272093	24.458417	4.450494	4.762570
3.272326	24.430396	4.445422	4.757143
3.272558	24.402384	4.440353	4.751718
3.272791	24.374383	4.435285	4.746295
3.273023	24.346391	4.430218	4.740873
3.273256	24.318409	4.425154	4.735453
3.273488	24.290437	4.420091	4.730036
3.273721	24.262475	4.415030	4.724620
3.273953	24.234522	4.409970	4.719205
3.274186	24.206580	4.404913	4.713793
3.274419	24.178647	4.399857	4.708383
3.274651	24.150725	4.394803	4.702974
3.274884	24.122813	4.389750	4.697568
3.275116	24.094910	4.384700	4.692163
3.275349	24.067018	4.379651	4.686760
3.275581	24.039136	4.374604	4.681359
3.275814	24.011264	4.369558	4.675960
3.276047	23.983402	4.364515	4.670563
3.276279	23.955551	4.359473	4.665168
3.276512	23.927709	4.354433	4.659774
3.276744	23.899878	4.349395	4.654383
3.276977	23.872057	4.344359	4.648994
3.277209	23.844247	4.339324	4.643606
3.277442	23.816447	4.334291	4.638220
3.277674	23.788657	4.329260	4.632837
3.277907	23.760878	4.324231	4.627455
3.278140	23.733109	4.319204	4.622075
3.278372	23.705351	4.314179	4.616698
3.278605	23.677603	4.309155	4.611322
3.278837	23.649865	4.304134	4.605948
3.279070	23.622139	4.299114	4.600576
3.279302	23.594423	4.294096	4.595206
3.279535	23.566717	4.289080	4.589839
3.279767	23.539022	4.284065	4.584473
3.280000	23.511338	4.279053	4.579109
3.280233	23.483664	4.274042	4.573747
3.280465	23.456000	4.269034	4.568387
3.280698	23.428345	4.264026	4.563029
3.280930	23.400701	4.259021	4.557672
3.281163	23.373066	4.254017	4.552318
3.281395	23.345441	4.249015	4.546965
3.281628	23.317826	4.244015	4.541614
3.281860	23.290220	4.239017	4.536265
3.282093	23.262625	4.234020	4.530918
3.282326	23.235040	4.229025	4.525573
3.282558	23.207464	4.224031	4.520229
3.282791	23.179899	4.219040	4.514888
3.283023	23.152344	4.214050	4.509548
3.283256	23.124798	4.209062	4.504210
3.283488	23.097263	4.204076	4.498874
3.283721	23.069738	4.199092	4.493540
3.283953	23.042224	4.194109	4.488208
3.284186	23.014719	4.189128	4.482878
3.284419	22.987225	4.184149	4.477550
3.284651	22.959741	4.179172	4.472224
3.284884	22.932267	4.174196	4.466899
3.285116	22.904804	4.169223	4.461577
3.285349	22.877351	4.164251	4.456257
3.285581	22.849908	4.159281	4.450938
3.285814	22.822476	4.154313	4.445621
3.286047	22.795054	4.149346	4.440307
3.286279	22.767643	4.144382	4.434994
3.286512	22.740242	4.139419	4.429684
3.286744	22.712852	4.134458	4.424375
3.286977	22.685472	4.129500	4.419068
3.287209	22.658103	4.124543	4.413764
3.287442	22.630744	4.119587	4.408461
3.287674	22.603397	4.114634	4.403160
3.287907	22.576060	4.109683	4.397862
3.288140	22.548733	4.104733	4.392565
3.288372	22.521418	4.099785	4.387270
3.288605	22.494113	4.094840	4.381978
3.288837	22.466819	4.089896	4.376687
3.289070	22.439536	4.084954	4.371399
3.289302	22.412263	4.080014	4.366112
3.289535	22.385002	4.075076	4.360828
3.289767	22.357751	4.070139	4.355545
3.290000	22.330512	4.065205	4.350265
3.290233	22.303283	4.060273	4.344987
3.290465	22.276064	4.055342	4.339710
3.290698	22.248855	4.050413	4.334436
3.290930	22.221656	4.045486	4.329163
3.291163	22.194467	4.040560	4.323892
3.291395	22.167288	4.035637	4.318623
3.291628	22.140120	4.030715	4.313356
3.291860	22.112961	4.025795	4.308091
3.292093	22.085813	4.020876	4.302828
3.292326	22.058675	4.015960	4.297567
3.292558	22.031547	4.011045	4.292307
3.292791	22.004429	4.006132	4.287050
3.293023	21.977322	4.001221	4.281795
3.293256	21.950225	3.996312	4.276541
3.293488	21.923139	3.991405	4.271290
3.293721	21.896063	3.986499	4.266040
3.293953	21.868997	3.981595	4.260792
3.294186	21.841942	3.976693	4.255547
3.294419	21.814897	3.971793	4.250303
3.294651	21.787863	3.966895	4.245061
3.294884	21.760839	3.961999	4.239822
3.295116	21.733826	3.957104	4.234584
3.295349	21.706824	3.952212	4.229348
3.295581	21.679832	3.947321	4.224114
3.295814	21.652851	3.942432	4.218883
3.296047	21.625881	3.937545	4.213653
3.296279	21.598921	3.932660	4.208425
3.296512	21.571973	3.927777	4.203200
3.296744	21.545035	3.922895	4.197976
3.296977	21.518107	3.918016	4.192755
3.297209	21.491191	3.913139	4.187535
3.297442	21.464286	3.908263	4.182318
3.297674	21.437391	3.903389	4.177102
3.297907	21.410508	3.898518	4.171889
3.298140	21.383635	3.893648	4.166678
3.298372	21.356774	3.888780	4.161469
3.298605	21.329923	3.883914	4.156261
3.298837	21.303084	3.879050	4.151056
3.299070	21.276255	3.874188	4.145854
3.299302	21.249438	3.869328	4.140653
3.299535	21.222632	3.864470	4.135454
3.299767	21.195838	3.859614	4.130257
3.300000	21.169054	3.854760	4.125063
3.300233	21.142281	3.849908	4.119871
3.300465	21.115519	3.845057	4.114680
3.300698	21.088766	3.840209	4.109491
3.300930	21.062024	3.835362	4.104305
3.301163	21.035293	3.830517	4.099120
3.301395	21.008571	3.825674	4.093937
3.301628	20.981860	3.820833	4.088757
3.301860	20.955160	3.815993	4.083578
3.302093	20.928469	3.811155	4.078401
3.302326	20.901790	3.806320	4.073226
3.302558	20.875121	3.801486	4.068053
3.302791	20.848462	3.796653	4.062882
3.303023	20.821814	3.791823	4.057713
3.303256	20.795177	3.786995	4.052546
3.303488	20.768550	3.782168	4.047381
3.303721	20.741934	3.777344	4.042218
3.303953	20.715328	3.772521	4.037058
3.304186	20.688733	3.767700	4.031899
3.304419	20.662149	3.762881	4.026742
3.304651	20.635576	3.758064	4.021587
3.304884	20.609014	3.753249	4.016434
3.305116	20.582462	3.748436	4.011283
3.305349	20.555922	3.743624	4.006135
3.305581	20.529392	3.738815	4.000988
3.305814	20.502873	3.734007	3.995844
3.306047	20.476365	3.729202	3.990701
3.306279	20.449868	3.724398	3.985561
3.306512	20.423382	3.719597	3.980422
3.306744	20.396908	3.714797	3.975286
3.306977	20.370444	3.709999	3.970152
3.307209	20.343992	3.705203	3.965020
3.307442	20.317550	3.700410	3.959890
3.307674	20.291120	3.695618	3.954762
3.307907	20.264701	3.690828	3.949636
3.308140	20.238293	3.686040	3.944513
3.308372	20.211897	3.681254	3.939391
3.308605	20.185512	3.676470	3.934272
3.308837	20.159138	3.671688	3.929155
3.309070	20.132775	3.666908	3.924040
3.309302	20.106424	3.662130	3.918927
3.309535	20.080085	3.657355	3.913816
3.309767	20.053757	3.652581	3.908707
3.310000	20.027440	3.647809	3.903601
3.310233	20.001134	3.643039	3.898497
3.310465	19.974839	3.638271	3.893394
3.310698	19.948554	3.633505	3.888294
3.310930	19.922280	3.628741	3.883196
3.311163	19.896017	3.623978	3.878099
3.311395	19.869764	3.619218	3.873005
3.311628	19.843521	3.614459	3.867912
3.311860	19.817290	3.609702	3.862822
3.312093	19.791069	3.604947	3.857734
3.312326	19.764858	3.600194	3.852647
3.312558	19.738659	3.595443	3.847563
3.312791	19.712470	3.590694	3.842481
3.313023	19.686292	3.585946	3.837400
3.313256	19.660125	3.581201	3.832322
3.313488	19.633969	3.576457	3.827246
3.313721	19.607823	3.571716	3.822172
3.313953	19.581689	3.566976	3.817100
3.314186	19.555566	3.562238	3.812030
3.314419	19.529453	3.557503	3.806962
3.314651	19.503352	3.552769	3.801896
3.314884	19.477262	3.548037	3.796832
3.315116	19.451182	3.543307	3.791771
3.315349	19.425114	3.538579	3.786711
3.315581	19.399057	3.533853	3.781654
3.315814	19.373011	3.529129	3.776599
3.316047	19.346977	3.524407	3.771545
3.316279	19.320954	3.519687	3.766494
3.316512	19.294942	3.514969	3.761445
3.316744	19.268941	3.510253	3.756399
3.316977	19.242952	3.505539	3.751354
3.317209	19.216974	3.500827	3.746312
3.317442	19.191007	3.496117	3.741271
3.317674	19.165052	3.491409	3.736233
3.317907	19.139108	3.486703	3.731197
3.318140	19.113176	3.481999	3.726163
3.318372	19.087255	3.477297	3.721132
3.318605	19.061346	3.472597	3.716102
3.318837	19.035449	3.467899	3.711075
3.319070	19.009563	3.463203	3.706050
3.319302	18.983688	3.458510	3.701027
3.319535	18.957826	3.453818	3.696007
3.319767	18.931975	3.449128	3.690988
3.320000	18.906136	3.444441	3.685972
3.320233	18.880308	3.439756	3.680958
3.320465	18.854491	3.435072	3.675946
3.320698	18.828685	3.430390	3.670936
3.320930	18.802889	3.425710	3.665928
3.321163	18.777104	3.421032	3.660922
3.321395	18.751330	3.416356	3.655918
3.321628	18.725567	3.411682	3.650916
3.321860	18.699814	3.407010	3.645917
3.322093	18.674073	3.402340	3.640919
3.322326	18.648343	3.397672	3.635923
3.322558	18.622623	3.393005	3.630930
3.322791	18.596915	3.388341	3.625938
3.323023	18.571217	3.383679	3.620949
3.323256	18.545531	3.379018	3.615962
3.323488	18.519856	3.374360	3.610976
3.323721	18.494192	3.369703	3.605993
3.323953	18.468539	3.365048	3.601012
3.324186	18.442898	3.360396	3.596034
3.324419	18.417267	3.355745	3.591057
3.324651	18.391648	3.351097	3.586082
3.324884	18.366040	3.346450	3.581110
3.325116	18.340444	3.341805	3.576140
3.325349	18.314858	3.337163	3.571171
3.325581	18.289285	3.332522	3.566205
3.325814	18.263722	3.327884	3.561242
3.326047	18.238171	3.323247	3.556280
3.326279	18.212632	3.318613	3.551321
3.326512	18.187104	3.313980	3.546363
3.326744	18.161588	3.309350	3.541408
3.326977	18.136083	3.304721	3.536455
3.327209	18.110590	3.300095	3.531505
3.327442	18.085109	3.295471	3.526556
3.327674	18.059639	3.290849	3.521610
3.327907	18.034181	3.286229	3.516666
3.328140	18.008734	3.281611	3.511724
3.328372	17.983300	3.276995	3.506784
3.328605	17.957877	3.272381	3.501847
3.328837	17.932466	3.267769	3.496912
3.329070	17.907067	3.263159	3.491979
3.329302	17.881680	3.258552	3.487048
3.329535	17.856305	3.253946	3.482120
3.329767	17.830941	3.249343	3.477194
3.330000	17.805590	3.244742	3.472270
3.330233	17.780250	3.240143	3.467348
3.330465	17.754921	3.235546	3.462429
3.330698	17.729603	3.230950	3.457511
3.330930	17.704296	3.226357	3.452596
3.331163	17.679000	3.221766	3.447682
3.331395	17.653715	3.217176	3.442771
3.331628	17.628442	3.212589	3.437862
3.331860	17.603179	3.208003	3.432955
3.332093	17.577927	3.203420	3.428050
3.332326	17.552687	3.198838	3.423147
3.332558	17.527458	3.194259	3.418247
3.332791	17.502240	3.189681	3.413348
3.333023	17.477033	3.185106	3.408452
3.333256	17.451838	3.180532	3.403557
3.333488	17.426654	3.175961	3.398665
3.333721	17.401481	3.171391	3.393775
3.333953	17.376320	3.166823	3.388887
3.334186	17.351171	3.162258	3.384002
3.334419	17.326032	3.157695	3.379118
3.334651	17.300905	3.153133	3.374237
3.334884	17.275790	3.148574	3.369358
3.335116	17.250686	3.144016	3.364481
3.335349	17.225594	3.139461	3.359606
3.335581	17.200514	3.134908	3.354734
3.335814	17.175445	3.130357	3.349863
3.336047	17.150388	3.125808	3.344995
3.336279	17.125342	3.121261	3.340129
3.336512	17.100309	3.116716	3.335266
3.336744	17.075287	3.112173	3.330404
3.336977	17.050277	3.107632	3.325545
3.337209	17.025278	3.103094	3.320688
3.337442	17.000292	3.098557	3.315834
3.337674	16.975318	3.094023	3.310981
3.337907	16.950355	3.089490	3.306131
3.338140	16.925404	3.084960	3.301283
3.338372	16.900466	3.080432	3.296438
3.338605	16.875539	3.075906	3.291594
3.338837	16.850625	3.071383	3.286753
3.339070	16.825723	3.066861	3.281915
3.339302	16.800832	3.062341	3.277078
3.339535	16.775954	3.057824	3.272244
3.339767	16.751089	3.053309	3.267412
3.340000	16.726235	3.048796	3.262583
3.340233	16.701393	3.044285	3.257756
3.340465	16.676562	3.039776	3.252931
3.340698	16.651743	3.035269	3.248108
3.340930	16.626934	3.030764	3.243287
3.341163	16.602137	3.026261	3.238468
3.341395	16.577351	3.021760	3.233652
3.341628	16.552577	3.017261	3.228837
3.341860	16.527813	3.012764	3.224025
3.342093	16.503061	3.008269	3.219215
3.342326	16.478321	3.003776	3.214407
3.342558	16.453592	2.999286	3.209601
3.342791	16.428874	2.994797	3.204797
3.343023	16.404168	2.990310	3.199996
3.343256	16.379473	2.985825	3.195197
3.343488	16.354790	2.981342	3.190399
3.343721	16.330119	2.976862	3.185605
3.343953	16.305459	2.972383	3.180812
3.344186	16.280811	2.967906	3.176021
3.344419	16.256174	2.963432	3.171233
3.344651	16.231550	2.958960	3.166447
3.344884	16.206937	2.954489	3.161664
3.345116	16.182335	2.950021	3.156882
3.345349	16.157746	2.945555	3.152103
3.345581	16.133168	2.941091	3.147326
3.345814	16.108603	2.936629	3.142551
3.346047	16.084049	2.932169	3.137778
3.346279	16.059507	2.927712	3.133008
3.346512	16.034977	2.923256	3.128240
3.346744	16.010459	2.918803	3.123474
3.346977	15.985953	2.914351	3.118711
3.347209	15.961460	2.909902	3.113950
3.347442	15.936978	2.905455	3.109191
3.347674	15.912508	2.901010	3.104435
3.347907	15.888051	2.896568	3.099681
3.348140	15.863606	2.892127	3.094929
3.348372	15.839173	2.887689	3.090179
3.348605	15.814752	2.883253	3.085432
3.348837	15.790344	2.878819	3.080687
3.349070	15.765948	2.874387	3.075945
3.349302	15.741564	2.869957	3.071204
3.349535	15.717193	2.865530	3.066467
3.349767	15.692834	2.861105	3.061731
3.350000	15.668488	2.856682	3.056998
3.350233	15.644154	2.852261	3.052267
3.350465	15.619830	2.847842	3.047539
3.350698	15.595519	2.843426	3.042812
3.350930	15.571218	2.839011	3.038088
3.351163	15.546929	2.834598	3.033365
3.351395	15.522652	2.830187	3.028646
3.351628	15.498386	2.825779	3.023928
3.351860	15.474132	2.821372	3.019212
3.352093	15.449889	2.816968	3.014499
3.352326	15.425658	2.812565	3.009787
3.352558	15.401438	2.808165	3.005078
3.352791	15.377230	2.803766	3.000372
3.353023	15.353034	2.799370	2.995667
3.353256	15.328850	2.794976	2.990965
3.353488	15.304677	2.790584	2.986265
3.353721	15.280516	2.786194	2.981567
3.353953	15.256367	2.781806	2.976871
3.354186	15.232230	2.777420	2.972178
3.354419	15.208105	2.773037	2.967487
3.354651	15.183992	2.768655	2.962798
3.354884	15.159890	2.764276	2.958112
3.355116	15.135801	2.759898	2.953427
3.355349	15.111724	2.755523	2.948745
3.355581	15.087658	2.751150	2.944066
3.355814	15.063605	2.746780	2.939388
3.356047	15.039564	2.742411	2.934713
3.356279	15.015535	2.738044	2.930041
3.356512	14.991518	2.733680	2.925370
3.356744	14.967514	2.729318	2.920702
3.356977	14.943522	2.724958	2.916036
3.357209	14.919542	2.720600	2.911373
3.357442	14.895574	2.716244	2.906712
3.357674	14.871619	2.711891	2.902053
3.357907	14.847676	2.707540	2.897397
3.358140	14.823746	2.703191	2.892743
3.358372	14.799828	2.698844	2.888091
3.358605	14.775922	2.694499	2.883442
3.358837	14.752029	2.690157	2.878795
3.359070	14.728149	2.685817	2.874151
3.359302	14.704281	2.681479	2.869509
3.359535	14.680426	2.677143	2.864869
3.359767	14.656583	2.672810	2.860232
3.360000	14.632753	2.668479	2.855597
3.360233	14.608935	2.664150	2.850964
3.360465	14.585129	2.659823	2.846334
3.360698	14.561334	2.655498	2.841706
3.360930	14.537551	2.651175	2.837080
3.361163	14.513780	2.646855	2.832456
3.361395	14.490020	2.642536	2.827835
3.361628	14.466272	2.638220	2.823216
3.361860	14.442535	2.633905	2.818599
3.362093	14.418811	2.629593	2.813984
3.362326	14.395098	2.625282	2.809371
3.362558	14.371397	2.620974	2.804761
3.362791	14.347708	2.616668	2.800153
3.363023	14.324031	2.612364	2.795548
3.363256	14.300366	2.608062	2.790944
3.363488	14.276712	2.603763	2.786343
3.363721	14.253071	2.599465	2.781744
3.363953	14.229442	2.595170	2.777147
3.364186	14.205825	2.590877	2.772553
3.364419	14.182220	2.586585	2.767961
3.364651	14.158627	2.582296	2.763371
3.364884	14.135046	2.578010	2.758784
3.365116	14.111478	2.573725	2.754199
3.365349	14.087921	2.569443	2.749616
3.365581	14.064377	2.565162	2.745036
3.365814	14.040846	2.560884	2.740458
3.366047	14.017326	2.556608	2.735882
3.366279	13.993819	2.552335	2.731309
3.366512	13.970324	2.548063	2.726738
3.366744	13.946842	2.543794	2.722169
3.366977	13.923373	2.539527	2.717603
3.367209	13.899915	2.535262	2.713039
3.367442	13.876471	2.531000	2.708478
3.367674	13.853038	2.526740	2.703919
3.367907	13.829619	2.522481	2.699362
3.368140	13.806212	2.518226	2.694808
3.368372	13.782818	2.513972	2.690256
3.368605	13.759436	2.509721	2.685707
3.368837	13.736067	2.505472	2.681160
3.369070	13.712711	2.501225	2.676616
3.369302	13.689368	2.496981	2.672073
3.369535	13.666037	2.492738	2.667534
3.369767	13.642720	2.488499	2.662997
3.370000	13.619415	2.484261	2.658462
3.370233	13.596123	2.480026	2.653930
3.370465	13.572842	2.475792	2.649400
3.370698	13.549573	2.471561	2.644872
3.370930	13.526316	2.467332	2.640346
3.371163	13.503071	2.463105	2.635823
3.371395	13.479837	2.458880	2.631302
3.371628	13.456616	2.454657	2.626783
3.371860	13.433406	2.450437	2.622266
3.372093	13.410208	2.446218	2.617752
3.372326	13.387023	2.442002	2.613240
3.372558	13.363849	2.437788	2.608730
3.372791	13.340687	2.433576	2.604223
3.373023	13.317538	2.429366	2.599718
3.373256	13.294401	2.425158	2.595215
3.373488	13.271276	2.420953	2.590714
3.373721	13.248163	2.416749	2.586216
3.373953	13.225062	2.412548	2.581720
3.374186	13.201973	2.408349	2.577227
3.374419	13.178897	2.404152	2.572736
3.374651	13.155833	2.399958	2.568247
3.374884	13.132782	2.395765	2.563761
3.375116	13.109743	2.391575	2.559277
3.375349	13.086716	2.387387	2.554795
3.375581	13.063702	2.383201	2.550316
3.375814	13.040700	2.379018	2.545839
3.376047	13.017711	2.374836	2.541364
3.376279	12.994734	2.370657	2.536892
3.376512	12.971770	2.366480	2.532422
3.376744	12.948819	2.362306	2.527955
3.376977	12.925880	2.358134	2.523490
3.377209	12.902954	2.353963	2.519028
3.377442	12.880041	2.349796	2.514568
3.377674	12.857140	2.345630	2.510110
3.377907	12.834252	2.341467	2.505655
3.378140	12.811377	2.337306	2.501202
3.378372	12.788515	2.333148	2.496752
3.378605	12.765666	2.328991	2.492304
3.378837	12.742830	2.324837	2.487859
3.379070	12.720007	2.320685	2.483416
3.379302	12.697196	2.316536	2.478976
3.379535	12.674399	2.312389	2.474538
3.379767	12.651615	2.308244	2.470103
3.380000	12.628844	2.304102	2.465670
3.380233	12.606085	2.299962	2.461240
3.380465	12.583339	2.295824	2.456811
3.380698	12.560604	2.291688	2.452385
3.380930	12.537881	2.287554	2.447962
3.381163	12.515171	2.283423	2.443541
3.381395	12.492472	2.279293	2.439122
3.381628	12.469785	2.275166	2.434705
3.381860	12.447111	2.271041	2.430290
3.382093	12.424448	2.266918	2.425878
3.382326	12.401798	2.262797	2.421469
3.382558	12.379160	2.258678	2.417061
3.382791	12.356534	2.254562	2.412656
3.383023	12.333921	2.250448	2.408253
3.383256	12.311320	2.246335	2.403853
3.383488	12.288731	2.242226	2.399455
3.383721	12.266154	2.238118	2.395059
3.383953	12.243590	2.234013	2.390666
3.384186	12.221039	2.229909	2.386275
3.384419	12.198500	2.225808	2.381887
3.384651	12.175973	2.221710	2.377501
3.384884	12.153459	2.217613	2.373117
3.385116	12.130958	2.213519	2.368735
3.385349	12.108469	2.209427	2.364357
3.385581	12.085993	2.205337	2.359980
3.385814	12.063529	2.201250	2.355606
3.386047	12.041078	2.197164	2.351234
3.386279	12.018640	2.193082	2.346865
3.386512	11.996215	2.189001	2.342498
3.386744	11.973803	2.184923	2.338134
3.386977	11.951403	2.180847	2.333772
3.387209	11.929016	2.176773	2.329413
3.387442	11.906643	2.172701	2.325056
3.387674	11.884282	2.168632	2.320702
3.387907	11.861934	2.164565	2.316350
3.388140	11.839599	2.160501	2.312000
3.388372	11.817278	2.156439	2.307653
3.388605	11.794969	2.152379	2.303309
3.388837	11.772673	2.148322	2.298967
3.389070	11.750391	2.144267	2.294627
3.389302	11.728122	2.140214	2.290290
3.389535	11.705866	2.136164	2.285956
3.389767	11.683623	2.132116	2.281624
3.390000	11.661394	2.128070	2.277295
3.390233	11.639177	2.124027	2.272968
3.390465	11.616973	2.119986	2.268644
3.390698	11.594780	2.115947	2.264321
3.390930	11.572600	2.111910	2.260001
3.391163	11.550432	2.107875	2.255684
3.391395	11.528276	2.103843	2.251369
3.391628	11.506132	2.099812	2.247056
3.391860	11.484001	2.095784	2.242745
3.392093	11.461882	2.091758	2.238437
3.392326	11.439775	2.087735	2.234131
3.392558	11.417680	2.083713	2.229828
3.392791	11.395598	2.079694	2.225526
3.393023	11.373529	2.075677	2.221228
3.393256	11.351472	2.071662	2.216931
3.393488	11.329427	2.067650	2.212637
3.393721	11.307395	2.063639	2.208346
3.393953	11.285376	2.059631	2.204057
3.394186	11.263369	2.055625	2.199770
3.394419	11.241375	2.051622	2.195486
3.394651	11.219394	2.047621	2.191204
3.394884	11.197425	2.043622	2.186924
3.395116	11.175469	2.039625	2.182647
3.395349	11.153526	2.035631	2.178373
3.395581	11.131596	2.031639	2.174101
3.395814	11.109678	2.027649	2.169831
3.396047	11.087774	2.023661	2.165564
3.396279	11.065882	2.019676	2.161299
3.396512	11.044004	2.015693	2.157037
3.396744	11.022138	2.011713	2.152777
3.396977	11.000286	2.007734	2.148520
3.397209	10.978446	2.003759	2.144266
3.397442	10.956620	1.999785	2.140013
3.397674	10.934806	1.995814	2.135764
3.397907	10.913006	1.991845	2.131517
3.398140	10.891219	1.987879	2.127272
3.398372	10.869446	1.983915	2.123030
3.398605	10.847685	1.979953	2.118790
3.398837	10.825938	1.975994	2.114553
3.399070	10.804205	1.972037	2.110319
3.399302	10.782484	1.968082	2.106087
3.399535	10.760777	1.964130	2.101858
3.399767	10.739084	1.960180	2.097631
3.400000	10.717404	1.956233	2.093407
3.400233	10.695737	1.952288	2.089185
3.400465	10.674082	1.948345	2.084966
3.400698	10.652439	1.944405	2.080749
3.400930	10.630809	1.940466	2.076535
3.401163	10.609191	1.936530	2.072322
3.401395	10.587585	1.932596	2.068112
3.401628	10.565992	1.928664	2.063905
3.401860	10.544411	1.924735	2.059700
3.402093	10.522843	1.920807	2.055497
3.402326	10.501287	1.916882	2.051297
3.402558	10.479744	1.912959	2.047099
3.402791	10.458213	1.909039	2.042903
3.403023	10.436695	1.905121	2.038710
3.403256	10.415190	1.901204	2.034520
3.403488	10.393697	1.897291	2.030331
3.403721	10.372217	1.893379	2.026146
3.403953	10.350750	1.889470	2.021962
3.404186	10.329295	1.885563	2.017781
3.404419	10.307854	1.881658	2.013603
3.404651	10.286425	1.877756	2.009427
3.404884	10.265009	1.873856	2.005253
3.405116	10.243606	1.869958	2.001082
3.405349	10.222216	1.866063	1.996914
3.405581	10.200839	1.862170	1.992748
3.405814	10.179475	1.858279	1.988584
3.406047	10.158124	1.854391	1.984423
3.406279	10.136787	1.850505	1.980265
3.406512	10.115462	1.846621	1.976109
3.406744	10.094150	1.842740	1.971955
3.406977	10.072852	1.838861	1.967804
3.407209	10.051567	1.834984	1.963656
3.407442	10.030295	1.831110	1.959510
3.407674	10.009037	1.827238	1.955367
3.407907	9.987792	1.823369	1.951226
3.408140	9.966560	1.819502	1.947088
3.408372	9.945342	1.815637	1.942952
3.408605	9.924137	1.811775	1.938819
3.408837	9.902946	1.807915	1.934689
3.409070	9.881768	1.804058	1.930561
3.409302	9.860604	1.800203	1.926436
3.409535	9.839453	1.796351	1.922313
3.409767	9.818316	1.792501	1.918193
3.410000	9.797193	1.788653	1.914076
3.410233	9.776083	1.784808	1.909961
3.410465	9.754985	1.780965	1.905849
3.410698	9.733899	1.777124	1.901739
3.410930	9.712826	1.773285	1.897631
3.411163	9.691766	1.769449	1.893525
3.411395	9.670718	1.765615	1.889423
3.411628	9.649682	1.761783	1.885322
3.411860	9.628659	1.757953	1.881224
3.412093	9.607649	1.754126	1.877128
3.412326	9.586651	1.750301	1.873035
3.412558	9.565666	1.746478	1.868944
3.412791	9.544694	1.742658	1.864856
3.413023	9.523735	1.738839	1.860770
3.413256	9.502788	1.735024	1.856686
3.413488	9.481854	1.731210	1.852605
3.413721	9.460934	1.727399	1.848527
3.413953	9.440026	1.723590	1.844451
3.414186	9.419131	1.719783	1.840377
3.414419	9.398248	1.715979	1.836306
3.414651	9.377379	1.712177	1.832238
3.414884	9.356523	1.708377	1.828171
3.415116	9.335681	1.704580	1.824108
3.415349	9.314851	1.700785	1.820047
3.415581	9.294034	1.696992	1.815988
3.415814	9.273231	1.693202	1.811932
3.416047	9.252441	1.689414	1.807879
3.416279	9.231664	1.685628	1.803828
3.416512	9.210900	1.681845	1.799780
3.416744	9.190150	1.678065	1.795734
3.416977	9.169413	1.674286	1.791691
3.417209	9.148690	1.670510	1.787650
3.417442	9.127980	1.666737	1.783612
3.417674	9.107283	1.662966	1.779577
3.417907	9.086600	1.659197	1.775544
3.418140	9.065931	1.655431	1.771513
3.418372	9.045275	1.651667	1.767486
3.418605	9.024632	1.647906	1.763461
3.418837	9.004004	1.644147	1.759438
3.419070	8.983389	1.640391	1.755419
3.419302	8.962788	1.636637	1.751401
3.419535	8.942200	1.632885	1.747387
3.419767	8.921627	1.629136	1.743375
3.420000	8.901067	1.625390	1.739366
3.420233	8.880520	1.621646	1.735359
3.420465	8.859986	1.617904	1.731355
3.420698	8.839465	1.614164	1.727353
3.420930	8.818956	1.610427	1.723354
3.421163	8.798460	1.606692	1.719357
3.421395	8.777976	1.602959	1.715362
3.421628	8.757505	1.599229	1.711370
3.421860	8.737047	1.595500	1.707381
3.422093	8.716601	1.591775	1.703393
3.422326	8.696169	1.588051	1.699409
3.422558	8.675749	1.584330	1.695426
3.422791	8.655342	1.580611	1.691446
3.423023	8.634948	1.576894	1.687469
3.423256	8.614567	1.573179	1.683494
3.423488	8.594199	1.569467	1.679522
3.423721	8.573844	1.565758	1.675552
3.423953	8.553502	1.562050	1.671585
3.424186	8.533173	1.558345	1.667620
3.424419	8.512857	1.554643	1.663658
3.424651	8.492555	1.550942	1.659698
3.424884	8.472265	1.547244	1.655741
3.425116	8.451989	1.543549	1.651786
3.425349	8.431726	1.539856	1.647834
3.425581	8.411477	1.536165	1.643884
3.425814	8.391240	1.532477	1.639937
3.426047	8.371018	1.528791	1.635993
3.426279	8.350808	1.525107	1.632051
3.426512	8.330612	1.521426	1.628112
3.426744	8.310430	1.517747	1.624175
3.426977	8.290261	1.514071	1.620241
3.427209	8.270106	1.510397	1.616309
3.427442	8.249964	1.506726	1.612381
3.427674	8.229836	1.503057	1.608454
3.427907	8.209721	1.499391	1.604531
3.428140	8.189621	1.495727	1.600610
3.428372	8.169534	1.492065	1.596691
3.428605	8.149460	1.488406	1.592776
3.428837	8.129401	1.484749	1.588863
3.429070	8.109356	1.481095	1.584953
3.429302	8.089324	1.477444	1.581045
3.429535	8.069306	1.473795	1.577140
3.429767	8.049303	1.470148	1.573238
3.430000	8.029313	1.466504	1.569338
3.430233	8.009337	1.462862	1.565441
3.430465	7.989373	1.459223	1.561546
3.430698	7.969422	1.455586	1.557654
3.430930	7.949484	1.451951	1.553764
3.431163	7.929558	1.448318	1.549877
3.431395	7.909645	1.444688	1.545992
3.431628	7.889745	1.441060	1.542110
3.431860	7.869858	1.437435	1.538230
3.432093	7.849984	1.433811	1.534353
3.432326	7.830123	1.430190	1.530478
3.432558	7.810274	1.426572	1.526606
3.432791	7.790439	1.422955	1.522736
3.433023	7.770617	1.419341	1.518868
3.433256	7.750808	1.415730	1.515003
3.433488	7.731012	1.412121	1.511141
3.433721	7.711229	1.408514	1.507281
3.433953	7.691459	1.404909	1.503424
3.434186	7.671703	1.401307	1.499569
3.434419	7.651960	1.397707	1.495717
3.434651	7.632230	1.394110	1.491867
3.434884	7.612514	1.390515	1.488020
3.435116	7.592811	1.386922	1.484176
3.435349	7.573121	1.383332	1.480334
3.435581	7.553445	1.379745	1.476495
3.435814	7.533782	1.376159	1.472658
3.436047	7.514133	1.372576	1.468824
3.436279	7.494497	1.368996	1.464992
3.436512	7.474875	1.365418	1.461164
3.436744	7.455267	1.361842	1.457337
3.436977	7.435672	1.358269	1.453514
3.437209	7.416091	1.354699	1.449693
3.437442	7.396524	1.351131	1.445874
3.437674	7.376971	1.347565	1.442059
3.437907	7.357431	1.344002	1.438246
3.438140	7.337905	1.340441	1.434436
3.438372	7.318394	1.336883	1.430628
3.438605	7.298896	1.333328	1.426823
3.438837	7.279412	1.329775	1.423021
3.439070	7.259942	1.326224	1.419221
3.439302	7.240486	1.322676	1.415424
3.439535	7.221044	1.319130	1.411630
3.439767	7.201616	1.315587	1.407839
3.440000	7.182203	1.312047	1.404050
3.440233	7.162803	1.308509	1.400264
3.440465	7.143416	1.304973	1.396480
3.440698	7.124041	1.301440	1.392699
3.440930	7.104680	1.297909	1.388920
3.441163	7.085331	1.294380	1.385144
3.441395	7.065995	1.290854	1.381370
3.441628	7.046672	1.287330	1.377599
3.441860	7.027362	1.283808	1.373830
3.442093	7.008065	1.280288	1.370064
3.442326	6.988782	1.276771	1.366301
3.442558	6.969511	1.273257	1.362539
3.442791	6.950253	1.269744	1.358781
3.443023	6.931009	1.266234	1.355025
3.443256	6.911778	1.262727	1.351271
3.443488	6.892560	1.259221	1.347520
3.443721	6.873355	1.255719	1.343771
3.443953	6.854164	1.252218	1.340026
3.444186	6.834986	1.248720	1.336282
3.444419	6.815821	1.245224	1.332542
3.444651	6.796670	1.241731	1.328803
3.444884	6.777533	1.238241	1.325068
3.445116	6.758408	1.234752	1.321335
3.445349	6.739298	1.231266	1.317605
3.445581	6.720201	1.227783	1.313877
3.445814	6.701118	1.224302	1.310152
3.446047	6.682048	1.220823	1.306429
3.446279	6.662992	1.217347	1.302709
3.446512	6.643950	1.213874	1.298992
3.446744	6.624921	1.210403	1.295278
3.446977	6.605907	1.206934	1.291566
3.447209	6.586906	1.203468	1.287857
3.447442	6.567919	1.200004	1.284150
3.447674	6.548946	1.196543	1.280447
3.447907	6.529987	1.193085	1.276745
3.448140	6.511042	1.189629	1.273047
3.448372	6.492111	1.186175	1.269351
3.448605	6.473194	1.182724	1.265658
3.448837	6.454292	1.179276	1.261968
3.449070	6.435403	1.175830	1.258281
3.449302	6.416529	1.172387	1.254596
3.449535	6.397668	1.168946	1.250914
3.449767	6.378823	1.165508	1.247235
3.450000	6.359991	1.162072	1.243558
3.450233	6.341173	1.158639	1.239884
3.450465	6.322368	1.155208	1.236213
3.450698	6.303576	1.151779	1.232544
3.450930	6.284796	1.148353	1.228877
3.451163	6.266030	1.144929	1.225213
3.451395	6.247277	1.141508	1.221552
3.451628	6.228537	1.138089	1.217893
3.451860	6.209810	1.134672	1.214237
3.452093	6.191096	1.131258	1.210583
3.452326	6.172395	1.127845	1.206932
3.452558	6.153707	1.124436	1.203283
3.452791	6.135033	1.121029	1.199637
3.453023	6.116372	1.117624	1.195993
3.453256	6.097724	1.114221	1.192352
3.453488	6.079090	1.110821	1.188714
3.453721	6.060469	1.107423	1.185078
3.453953	6.041861	1.104028	1.181444
3.454186	6.023267	1.100635	1.177814
3.454419	6.004687	1.097245	1.174186
3.454651	5.986120	1.093857	1.170560
3.454884	5.967567	1.090472	1.166937
3.455116	5.949027	1.087089	1.163317
3.455349	5.930501	1.083708	1.159700
3.455581	5.911989	1.080330	1.156085
3.455814	5.893490	1.076954	1.152472
3.456047	5.875006	1.073581	1.148863
3.456279	5.856535	1.070211	1.145256
3.456512	5.838078	1.066843	1.141652
3.456744	5.819634	1.063477	1.138050
3.456977	5.801205	1.060114	1.134451
3.457209	5.782790	1.056753	1.130855
3.457442	5.764389	1.053395	1.127261
3.457674	5.746002	1.050040	1.123671
3.457907	5.727629	1.046687	1.120083
3.458140	5.709270	1.043337	1.116497
3.458372	5.690925	1.039989	1.112915
3.458605	5.672595	1.036643	1.109335
3.458837	5.654279	1.033301	1.105758
3.459070	5.635977	1.029961	1.102184
3.459302	5.617689	1.026623	1.098612
3.459535	5.599416	1.023288	1.095043
3.459767	5.581157	1.019956	1.091477
3.460000	5.562913	1.016626	1.087914
3.460233	5.544682	1.013299	1.084353
3.460465	5.526465	1.009974	1.080795
3.460698	5.508260	1.006651	1.077240
3.460930	5.490068	1.003331	1.073687
3.461163	5.471890	1.000013	1.070136
3.461395	5.453725	0.996698	1.066588
3.461628	5.435572	0.993384	1.063043
3.461860	5.417433	0.990074	1.059500
3.462093	5.399308	0.986765	1.055960
3.462326	5.381195	0.983459	1.052422
3.462558	5.363096	0.980156	1.048887
3.462791	5.345010	0.976855	1.045354
3.463023	5.326938	0.973556	1.041824
3.463256	5.308879	0.970260	1.038296
3.463488	5.290833	0.966966	1.034772
3.463721	5.272801	0.963674	1.031249
3.463953	5.254783	0.960385	1.027730
3.464186	5.236778	0.957099	1.024213
3.464419	5.218787	0.953815	1.020698
3.464651	5.200809	0.950533	1.017187
3.464884	5.182845	0.947254	1.013678
3.465116	5.164895	0.943977	1.010171
3.465349	5.146959	0.940703	1.006667
3.465581	5.129037	0.937431	1.003166
3.465814	5.111128	0.934162	0.999668
3.466047	5.093233	0.930896	0.996172
3.466279	5.075353	0.927632	0.992679
3.466512	5.057486	0.924370	0.989189
3.466744	5.039633	0.921111	0.985701
3.466977	5.021795	0.917854	0.982216
3.467209	5.003970	0.914600	0.978734
3.467442	4.986160	0.911349	0.975255
3.467674	4.968364	0.908100	0.971778
3.467907	4.950582	0.904854	0.968304
3.468140	4.932814	0.901610	0.964833
3.468372	4.915061	0.898369	0.961365
3.468605	4.897322	0.895130	0.957899
3.468837	4.879597	0.891894	0.954436
3.469070	4.861887	0.888661	0.950976
3.469302	4.844191	0.885430	0.947519
3.469535	4.826510	0.882202	0.944064
3.469767	4.808843	0.878977	0.940613
3.470000	4.791191	0.875754	0.937164
3.470233	4.773553	0.872534	0.933718
3.470465	4.755927	0.869316	0.930274
3.470698	4.738315	0.866100	0.926833
3.470930	4.720716	0.862887	0.923395
3.471163	4.703130	0.859676	0.919959
3.471395	4.685558	0.856467	0.916525
3.471628	4.667998	0.853261	0.913094
3.471860	4.650452	0.850058	0.909666
3.472093	4.632919	0.846856	0.906240
3.472326	4.615400	0.843658	0.902817
3.472558	4.597894	0.840461	0.899396
3.472791	4.580401	0.837267	0.895978
3.473023	4.562922	0.834076	0.892563
3.473256	4.545457	0.830886	0.889150
3.473488	4.528005	0.827700	0.885740
3.473721	4.510566	0.824516	0.882333
3.473953	4.493142	0.821334	0.878928
3.474186	4.475731	0.818155	0.875526
3.474419	4.458334	0.814978	0.872126
3.474651	4.440950	0.811803	0.868729
3.474884	4.423580	0.808632	0.865335
3.475116	4.406225	0.805462	0.861944
3.475349	4.388883	0.802296	0.858555
3.475581	4.371555	0.799131	0.855169
3.475814	4.354241	0.795970	0.851785
3.476047	4.336941	0.792810	0.848405
3.476279	4.319655	0.789654	0.845027
3.476512	4.302383	0.786500	0.841651
3.476744	4.285126	0.783348	0.838279
3.476977	4.267882	0.780199	0.834909
3.477209	4.250653	0.777053	0.831542
3.477442	4.233438	0.773909	0.828178
3.477674	4.216237	0.770768	0.824816
3.477907	4.199051	0.767629	0.821457
3.478140	4.181879	0.764493	0.818102
3.478372	4.164721	0.761359	0.814748
3.478605	4.147578	0.758229	0.811398
3.478837	4.130450	0.755100	0.808050
3.479070	4.113336	0.751975	0.804706
3.479302	4.096236	0.748852	0.801364
3.479535	4.079152	0.745732	0.798025
3.479767	4.062081	0.742614	0.794688
3.480000	4.045026	0.739499	0.791355
3.480233	4.027984	0.736387	0.788024
3.480465	4.010956	0.733276	0.784696
3.480698	3.993941	0.730169	0.781370
3.480930	3.976939	0.727063	0.778047
3.481163	3.959950	0.723961	0.774727
3.481395	3.942975	0.720860	0.771409
3.481628	3.926013	0.717762	0.768094
3.481860	3.909064	0.714666	0.764781
3.482093	3.892129	0.711573	0.761471
3.482326	3.875207	0.708482	0.758163
3.482558	3.858298	0.705394	0.754858
3.482791	3.841403	0.702308	0.751556
3.483023	3.824522	0.699224	0.748256
3.483256	3.807655	0.696143	0.744959
3.483488	3.790801	0.693065	0.741664
3.483721	3.773960	0.689989	0.738373
3.483953	3.757134	0.686915	0.735084
3.484186	3.740321	0.683844	0.731797
3.484419	3.723522	0.680776	0.728513
3.484651	3.706737	0.677709	0.725232
3.484884	3.689966	0.674646	0.721954
3.485116	3.673209	0.671585	0.718678
3.485349	3.656466	0.668526	0.715405
3.485581	3.639737	0.665470	0.712135
3.485814	3.623022	0.662417	0.708867
3.486047	3.606321	0.659366	0.705603
3.486279	3.589634	0.656318	0.702340
3.486512	3.572962	0.653272	0.699081
3.486744	3.556303	0.650229	0.695825
3.486977	3.539659	0.647189	0.692571
3.487209	3.523030	0.644151	0.689320
3.487442	3.506414	0.641115	0.686072
3.487674	3.489813	0.638082	0.682826
3.487907	3.473227	0.635052	0.679583
3.488140	3.456655	0.632025	0.676344
3.488372	3.440098	0.629000	0.673107
3.488605	3.423555	0.625978	0.669872
3.488837	3.407026	0.622958	0.666641
3.489070	3.390513	0.619941	0.663413
3.489302	3.374014	0.616927	0.660187
3.489535	3.357530	0.613915	0.656964
3.489767	3.341061	0.610906	0.653744
3.490000	3.324606	0.607900	0.650527
3.490233	3.308165	0.604896	0.647313
3.490465	3.291738	0.601895	0.644101
3.490698	3.275324	0.598896	0.640892
3.490930	3.258923	0.595899	0.637685
3.491163	3.242536	0.592905	0.634481
3.491395	3.226162	0.589914	0.631279
3.491628	3.209801	0.586924	0.628080
3.491860	3.193454	0.583937	0.624884
3.492093	3.177120	0.580953	0.621690
3.492326	3.160800	0.577971	0.618499
3.492558	3.144493	0.574992	0.615311
3.492791	3.128200	0.572014	0.612125
3.493023	3.111920	0.569040	0.608942
3.493256	3.095655	0.566068	0.605761
3.493488	3.079403	0.563098	0.602584
3.493721	3.063164	0.560131	0.599408
3.493953	3.046940	0.557166	0.596236
3.494186	3.030730	0.554204	0.593066
3.494419	3.014533	0.551245	0.589899
3.494651	2.998350	0.548288	0.586735
3.494884	2.982182	0.545333	0.583573
3.495116	2.966027	0.542381	0.580414
3.495349	2.949887	0.539432	0.577258
3.495581	2.933760	0.536485	0.574104
3.495814	2.917648	0.533541	0.570953
3.496047	2.901550	0.530599	0.567805
3.496279	2.885467	0.527660	0.564660
3.496512	2.869397	0.524723	0.561518
3.496744	2.853342	0.521789	0.558378
3.496977	2.837301	0.518858	0.555241
3.497209	2.821275	0.515929	0.552107
3.497442	2.805263	0.513003	0.548976
3.497674	2.789266	0.510080	0.545847
3.497907	2.773283	0.507159	0.542722
3.498140	2.757315	0.504241	0.539599
3.498372	2.741361	0.501325	0.536479
3.498605	2.725423	0.498412	0.533362
3.498837	2.709498	0.495502	0.530247
3.499070	2.693589	0.492594	0.527136
3.499302	2.677694	0.489689	0.524027
3.499535	2.661815	0.486787	0.520922
3.499767	2.645950	0.483888	0.517819
3.500000	2.630100	0.480991	0.514719
3.500233	2.614264	0.478097	0.511622
3.500465	2.598442	0.475205	0.508527
3.500698	2.582632	0.472316	0.505435
3.500930	2.566836	0.469429	0.502346
3.501163	2.551054	0.466544	0.499259
3.501395	2.535285	0.463662	0.496175
3.501628	2.519529	0.460782	0.493093
3.501860	2.503787	0.457905	0.490014
3.502093	2.488058	0.455030	0.486938
3.502326	2.472343	0.452158	0.483864
3.502558	2.456642	0.449288	0.480793
3.502791	2.440954	0.446421	0.477724
3.503023	2.425280	0.443556	0.474659
3.503256	2.409620	0.440693	0.471595
3.503488	2.393973	0.437833	0.468535
3.503721	2.378341	0.434976	0.465477
3.503953	2.362722	0.432121	0.462422
3.504186	2.347117	0.429269	0.459370
3.504419	2.331527	0.426419	0.456320
3.504651	2.315950	0.423572	0.453273
3.504884	2.300387	0.420727	0.450229
3.505116	2.284839	0.417885	0.447188
3.505349	2.269304	0.415045	0.444149
3.505581	2.253784	0.412208	0.441113
3.505814	2.238278	0.409374	0.438080
3.506047	2.222787	0.406542	0.435049
3.506279	2.207310	0.403713	0.432022
3.506512	2.191847	0.400886	0.428997
3.506744	2.176398	0.398062	0.425975
3.506977	2.160964	0.395241	0.422956
3.507209	2.145545	0.392422	0.419939
3.507442	2.130140	0.389606	0.416926
3.507674	2.114750	0.386792	0.413915
3.507907	2.099374	0.383981	0.410907
3.508140	2.084013	0.381173	0.407902
3.508372	2.068667	0.378368	0.404900
3.508605	2.053335	0.375565	0.401900
3.508837	2.038019	0.372765	0.398904
3.509070	2.022717	0.369968	0.395910
3.509302	2.007430	0.367173	0.392920
3.509535	1.992158	0.364381	0.389932
3.509767	1.976901	0.361592	0.386947
3.510000	1.961659	0.358805	0.383965
3.510233	1.946431	0.356021	0.380986
3.510465	1.931217	0.353239	0.378009
3.510698	1.916016	0.350460	0.375035
3.510930	1.900828	0.347684	0.372064
3.511163	1.885654	0.344909	0.369095
3.511395	1.870493	0.342137	0.366129
3.511628	1.855345	0.339368	0.363165
3.511860	1.840211	0.336601	0.360204
3.512093	1.825091	0.333837	0.357246
3.512326	1.809985	0.331075	0.354290
3.512558	1.794892	0.328315	0.351337
3.512791	1.779813	0.325558	0.348387
3.513023	1.764747	0.322803	0.345439
3.513256	1.749696	0.320051	0.342494
3.513488	1.734658	0.317302	0.339552
3.513721	1.719635	0.314555	0.336612
3.513953	1.704625	0.311811	0.333675
3.514186	1.689629	0.309069	0.330741
3.514419	1.674647	0.306329	0.327809
3.514651	1.659680	0.303592	0.324881
3.514884	1.644726	0.300858	0.321955
3.515116	1.629787	0.298127	0.319031
3.515349	1.614862	0.295397	0.316111
3.515581	1.599951	0.292671	0.313193
3.515814	1.585055	0.289947	0.310278
3.516047	1.570173	0.287226	0.307366
3.516279	1.555305	0.284507	0.304457
3.516512	1.540452	0.281791	0.301550
3.516744	1.525613	0.279078	0.298647
3.516977	1.510789	0.276367	0.295746
3.517209	1.495979	0.273659	0.292848
3.517442	1.481184	0.270953	0.289953
3.517674	1.466404	0.268251	0.287060
3.517907	1.451639	0.265550	0.284171
3.518140	1.436888	0.262853	0.281284
3.518372	1.422152	0.260158	0.278401
3.518605	1.407431	0.257466	0.275520
3.518837	1.392725	0.254777	0.272642
3.519070	1.378033	0.252090	0.269767
3.519302	1.363357	0.249406	0.266895
3.519535	1.348696	0.246725	0.264026
3.519767	1.334050	0.244047	0.261159
3.520000	1.319419	0.241371	0.258296
3.520233	1.304802	0.238698	0.255435
3.520465	1.290199	0.236027	0.252577
3.520698	1.275609	0.233359	0.249722
3.520930	1.261032	0.230693	0.246869
3.521163	1.246469	0.228030	0.244019
3.521395	1.231919	0.225369	0.241172
3.521628	1.217383	0.222710	0.238327
3.521860	1.202861	0.220054	0.235485
3.522093	1.188352	0.217401	0.232645
3.522326	1.173857	0.214750	0.229808
3.522558	1.159375	0.212101	0.226974
3.522791	1.144907	0.209455	0.224142
3.523023	1.130454	0.206812	0.221313
3.523256	1.116014	0.204171	0.218487
3.523488	1.101587	0.201532	0.215664
3.523721	1.087175	0.198896	0.212843
3.523953	1.072777	0.196263	0.210025
3.524186	1.058393	0.193632	0.207209
3.524419	1.044023	0.191003	0.204397
3.524651	1.029668	0.188378	0.201587
3.524884	1.015326	0.185755	0.198780
3.525116	1.000999	0.183134	0.195976
3.525349	0.986686	0.180516	0.193174
3.525581	0.972387	0.177901	0.190375
3.525814	0.958103	0.175288	0.187579
3.526047	0.943833	0.172678	0.184786
3.526279	0.929577	0.170070	0.181996
3.526512	0.915337	0.167465	0.179208
3.526744	0.901110	0.164863	0.176424
3.526977	0.886899	0.162264	0.173642
3.527209	0.872702	0.159667	0.170863
3.527442	0.858519	0.157073	0.168087
3.527674	0.844352	0.154481	0.165314
3.527907	0.830199	0.151892	0.162543
3.528140	0.816061	0.149306	0.159776
3.528372	0.801938	0.146723	0.157011
3.528605	0.787830	0.144142	0.154250
3.528837	0.773737	0.141564	0.151491
3.529070	0.759659	0.138989	0.148735
3.529302	0.745596	0.136416	0.145982
3.529535	0.731548	0.133846	0.143232
3.529767	0.717515	0.131279	0.140485
3.530000	0.703498	0.128715	0.137741
3.530233	0.689292	0.126116	0.134960
3.530465	0.674711	0.123449	0.132106
3.530698	0.659786	0.120718	0.129184
3.530930	0.644545	0.117930	0.126200
3.531163	0.629017	0.115089	0.123160
3.531395	0.613232	0.112202	0.120070
3.531628	0.597218	0.109272	0.116935
3.531860	0.581005	0.106306	0.113760
3.532093	0.564621	0.103308	0.110553
3.532326	0.548097	0.100285	0.107318
3.532558	0.531460	0.097241	0.104061
3.532791	0.514740	0.094182	0.100787
3.533023	0.497967	0.091114	0.097503
3.533256	0.481168	0.088040	0.094214
3.533488	0.464374	0.084968	0.090926
3.533721	0.447613	0.081901	0.087645
3.533953	0.430915	0.078846	0.084375
3.534186	0.414308	0.075808	0.081124
3.534419	0.397822	0.072791	0.077896
3.534651	0.381485	0.069802	0.074697
3.534884	0.365328	0.066846	0.071534
3.535116	0.349378	0.063928	0.068411
3.535349	0.333666	0.061053	0.065335
3.535581	0.318219	0.058227	0.062310
3.535814	0.303068	0.055455	0.059344
3.536047	0.288241	0.052742	0.056441
3.536279	0.273768	0.050094	0.053607
3.536512	0.259677	0.047516	0.050848
3.536744	0.245997	0.045013	0.048169
3.536977	0.232758	0.042590	0.045577
3.537209	0.219989	0.040254	0.043077
3.537442	0.207719	0.038009	0.040675
3.537674	0.195977	0.035861	0.038375
3.537907	0.184792	0.033814	0.036185
3.538140	0.174193	0.031875	0.034110
3.538372	0.164210	0.030048	0.032155
3.538605	0.154871	0.028339	0.030327
3.538837	0.146205	0.026754	0.028630
3.539070	0.138242	0.025296	0.027071
3.539302	0.131010	0.023973	0.025655
3.539535	0.124539	0.022789	0.024388
3.539767	0.118858	0.021750	0.023275
3.540000	0.113996	0.020860	0.022323
3.540233	0.109575	0.020051	0.021457
3.540465	0.105201	0.019251	0.020601
3.540698	0.100875	0.018459	0.019754
3.540930	0.096601	0.017677	0.018917
3.541163	0.092382	0.016905	0.018090
3.541395	0.088219	0.016143	0.017275
3.541628	0.084117	0.015393	0.016472
3.541860	0.080078	0.014654	0.015681
3.542093	0.076105	0.013926	0.014903
3.542326	0.072200	0.013212	0.014139
3.542558	0.068366	0.012510	0.013388
3.542791	0.064607	0.011822	0.012652
3.543023	0.060924	0.011149	0.011930
3.543256	0.057321	0.010489	0.011225
3.543488	0.053800	0.009845	0.010535
3.543721	0.050365	0.009216	0.009863
3.543953	0.047017	0.008604	0.009207
3.544186	0.043760	0.008008	0.008569
3.544419	0.040597	0.007429	0.007950
3.544651	0.037530	0.006868	0.007349
3.544884	0.034563	0.006325	0.006768
3.545116	0.031697	0.005800	0.006207
3.545349	0.028936	0.005295	0.005666
3.545581	0.026283	0.004810	0.005147
3.545814	0.023739	0.004344	0.004649
3.546047	0.021309	0.003899	0.004173
3.546279	0.018995	0.003476	0.003720
3.546512	0.016799	0.003074	0.003290
3.546744	0.014725	0.002695	0.002884
3.546977	0.012775	0.002338	0.002502
3.547209	0.010952	0.002004	0.002145
3.547442	0.009259	0.001694	0.001813
3.547674	0.007699	0.001409	0.001508
3.547907	0.006274	0.001148	0.001229
3.548140	0.004987	0.000913	0.000977
3.548372	0.003841	0.000703	0.000752
3.548605	0.002838	0.000519	0.000556
3.548837	0.001983	0.000363	0.000388
3.549070	0.001276	0.000234	0.000250
3.549302	0.000722	0.000132	0.000141
3.549535	0.000323	0.000059	0.000063
3.549767	0.000081	0.000015	0.000016
3.550000	0.000000	0.000000	0.000000
3.550233	0.000000	0.000000	0.000000
3.550465	0.000000	0.000000	0.000000
3.550698	0.000000	0.000000	0.000000
3.550930	0.000000	0.000000	0.000000
3.551163	0.000000	0.000000	0.000000
3.551395	0.000000	0.000000	0.000000
3.551628	0.000000	0.000000	0.000000
3.551860	0.000000	0.000000	0.000000
3.552093	0.000000	0.000000	0.000000
3.552326	0.000000	0.000000	0.000000
3.552558	0.000000	0.000000	0.000000
3.552791	0.000000	0.000000	0.000000
3.553023	0.000000	0.000000	0.000000
3.553256	0.000000	0.000000	0.000000
3.553488	0.000000	0.000000	0.000000
3.553721	0.000000	0.000000	0.000000
3.553953	0.000000	0.000000	0.000000
3.554186	0.000000	0.000000	0.000000
3.554419	0.000000	0.000000	0.000000
3.554651	0.000000	0.000000	0.000000
3.554884	0.000000	0.000000	0.000000
3.555116	0.000000	0.000000	0.000000
3.555349	0.000000	0.000000	0.000000
3.555581	0.000000	0.000000	0.000000
3.555814	0.000000	0.000000	0.000000
3.556047	0.000000	0.000000	0.000000
3.556279	0.000000	0.000000	0.000000
3.556512	0.000000	0.000000	0.000000
3.556744	0.000000	0.000000	0.000000
3.556977	0.000000	0.000000	0.000000
3.557209	0.000000	0.000000	0.000000
3.557442	0.000000	0.000000	0.000000
3.557674	0.000000	0.000000	0.000000
3.557907	0.000000	0.000000	0.000000
3.558140	0.000000	0.000000	0.000000
3.558372	0.000000	0.000000	0.000000
3.558605	0.000000	0.000000	0.000000
3.558837	0.000000	0.000000	0.000000
3.559070	0.000000	0.000000	0.000000
3.559302	0.000000	0.000000	0.000000
3.559535	0.000000	0.000000	0.000000
3.559767	0.000000	0.000000	0.000000
3.560000	0.000000	0.000000	0.000000
3.560233	0.000000	0.000000	0.000000
3.560465	0.000000	0.000000	0.000000
3.560698	0.000000	0.000000	0.000000
3.560930	0.000000	0.000000	0.000000
3.561163	0.000000	0.000000	0.000000
3.561395	0.000000	0.000000	0.000000
3.561628	0.000000	0.000000	0.000000
3.561860	0.000000	0.000000	0.000000
3.562093	0.000000	0.000000	0.000000
3.562326	0.000000	0.000000	0.000000
3.562558	0.000000	0.000000	0.000000
3.562791	0.000000	0.000000	0.000000
3.563023	0.000000	0.000000	0.000000
3.563256	0.000000	0.000000	0.000000
3.563488	0.000000	0.000000	0.000000
3.563721	0.000000	0.000000	0.000000
3.563953	0.000000	0.000000	0.000000
3.564186	0.000000	0.000000	0.000000
3.564419	0.000000	0.000000	0.000000
3.564651	0.000000	0.000000	0.000000
3.564884	0.000000	0.000000	0.000000
3.565116	0.000000	0.000000	0.000000
3.565349	0.000000	0.000000	0.000000
3.565581	0.000000	0.000000	0.000000
3.565814	0.000000	0.000000	0.000000
3.566047	0.000000	0.000000	0.000000
3.566279	0.000000	0.000000	0.000000
3.566512	0.000000	0.000000	0.000000
3.566744	0.000000	0.000000	0.000000
3.566977	0.000000	0.000000	0.000000
3.567209	0.000000	0.000000	0.000000
3.567442	0.000000	0.000000	0.000000
3.567674	0.000000	0.000000	0.000000
3.567907	0.000000	0.000000	0.000000
3.568140	0.000000	0.000000	0.000000
3.568372	0.000000	0.000000	0.000000
3.568605	0.000000	0.000000	0.000000
3.568837	0.000000	0.000000	0.000000
3.569070	0.000000	0.000000	0.000000
3.569302	0.000000	0.000000	0.000000
3.569535	0.000000	0.000000	0.000000
3.569767	0.000000	0.000000	0.000000
3.570000	0.000000	0.000000	0.000000
3.570233	0.000000	0.000000	0.000000
3.570465	0.000000	0.000000	0.000000
3.570698	0.000000	0.000000	0.000000
3.570930	0.000000	0.000000	0.000000
3.571163	0.000000	0.000000	0.000000
3.571395	0.000000	0.000000	0.000000
3.571628	0.000000	0.000000	0.000000
3.571860	0.000000	0.000000	0.000000
3.572093	0.000000	0.000000	0.000000
3.572326	0.000000	0.000000	0.000000
3.572558	0.000000	0.000000	0.000000
3.572791	0.000000	0.000000	0.000000
3.573023	0.000000	0.000000	0.000000
3.573256	0.000000	0.000000	0.000000
3.573488	0.000000	0.000000	0.000000
3.573721	0.000000	0.000000	0.000000
3.573953	0.000000	0.000000	0.000000
3.574186	0.000000	0.000000	0.000000
3.574419	0.000000	0.000000	0.000000
3.574651	0.000000	0.000000	0.000000
3.574884	0.000000	0.000000	0.000000
3.575116	0.000000	0.000000	0.000000
3.575349	0.000000	0.000000	0.000000
3.575581	0.000000	0.000000	0.000000
3.575814	0.000000	0.000000	0.000000
3.576047	0.000000	0.000000	0.000000
3.576279	0.000000	0.000000	0.000000
3.576512	0.000000	0.000000	0.000000
3.576744	0.000000	0.000000	0.000000
3.576977	0.000000	0.000000	0.000000
3.577209	0.000000	0.000000	0.000000
3.577442	0.000000	0.000000	0.000000
3.577674	0.000000	0.000000	0.000000
3.577907	0.000000	0.000000	0.000000
3.578140	0.000000	0.000000	0.000000
3.578372	0.000000	0.000000	0.000000
3.578605	0.000000	0.000000	0.000000
3.578837	0.000000	0.000000	0.000000
3.579070	0.000000	0.000000	0.000000
3.579302	0.000000	0.000000	0.000000
3.579535	0.000000	0.000000	0.000000
3.579767	0.000000	0.000000	0.000000
3.580000	0.000000	0.000000	0.000000
3.580233	0.000000	0.000000	0.000000
3.580465	0.000000	0.000000	0.000000
3.580698	0.000000	0.000000	0.000000
3.580930	0.000000	0.000000	0.000000
3.581163	0.000000	0.000000	0.000000
3.581395	0.000000	0.000000	0.000000
3.581628	0.000000	0.000000	0.000000
3.581860	0.000000	0.000000	0.000000
3.582093	0.000000	0.000000	0.000000
3.582326	0.000000	0.000000	0.000000
3.582558	0.000000	0.000000	0.000000
3.582791	0.000000	0.000000	0.000000
3.583023	0.000000	0.000000	0.000000
3.583256	0.000000	0.000000	0.000000
3.583488	0.000000	0.000000	0.000000
3.583721	0.000000	0.000000	0.000000
3.583953	0.000000	0.000000	0.000000
3.584186	0.000000	0.000000	0.000000
3.584419	0.000000	0.000000	0.000000
3.584651	0.000000	0.000000	0.000000
3.584884	0.000000	0.000000	0.000000
3.585116	0.000000	0.000000	0.000000
3.585349	0.000000	0.000000	0.000000
3.585581	0.000000	0.000000	0.000000
3.585814	0.000000	0.000000	0.000000
3.586047	0.000000	0.000000	0.000000
3.586279	0.000000	0.000000	0.000000
3.586512	0.000000	0.000000	0.000000
3.586744	0.000000	0.000000	0.000000
3.586977	0.000000	0.000000	0.000000
3.587209	0.000000	0.000000	0.000000
3.587442	0.000000	0.000000	0.000000
3.587674	0.000000	0.000000	0.000000
3.587907	0.000000	0.000000	0.000000
3.588140	0.000000	0.000000	0.000000
3.588372	0.000000	0.000000	0.000000
3.588605	0.000000	0.000000	0.000000
3.588837	0.000000	0.000000	0.000000
3.589070	0.000000	0.000000	0.000000
3.589302	0.000000	0.000000	0.000000
3.589535	0.000000	0.000000	0.000000
3.589767	0.000000	0.000000	0.000000
3.590000	0.000000	0.000000	0.000000
3.590233	0.000000	0.000000	0.000000
3.590465	0.000000	0.000000	0.000000
3.590698	0.000000	0.000000	0.000000
3.590930	0.000000	0.000000	0.000000
3.591163	0.000000	0.000000	0.000000
3.591395	0.000000	0.000000	0.000000
3.591628	0.000000	0.000000	0.000000
3.591860	0.000000	0.000000	0.000000
3.592093	0.000000	0.000000	0.000000
3.592326	0.000000	0.000000	0.000000
3.592558	0.000000	0.000000	0.000000
3.592791	0.000000	0.000000	0.000000
3.593023	0.000000	0.000000	0.000000
3.593256	0.000000	0.000000	0.000000
3.593488	0.000000	0.000000	0.000000
3.593721	0.000000	0.000000	0.000000
3.593953	0.000000	0.000000	0.000000
3.594186	0.000000	0.000000	0.000000
3.594419	0.000000	0.000000	0.000000
3.594651	0.000000	0.000000	0.000000
3.594884	0.000000	0.000000	0.000000
3.595116	0.000000	0.000000	0.000000
3.595349	0.000000	0.000000	0.000000
3.595581	0.000000	0.000000	0.000000
3.595814	0.000000	0.000000	0.000000
3.596047	0.000000	0.000000	0.000000
3.596279	0.000000	0.000000	0.000000
3.596512	0.000000	0.000000	0.000000
3.596744	0.000000	0.000000	0.000000
3.596977	0.000000	0.000000	0.000000
3.597209	0.000000	0.000000	0.000000
3.597442	0.000000	0.000000	0.000000
3.597674	0.000000	0.000000	0.000000
3.597907	0.000000	0.000000	0.000000
3.598140	0.000000	0.000000	0.000000
3.598372	0.000000	0.000000	0.000000
3.598605	0.000000	0.000000	0.000000
3.598837	0.000000	0.000000	0.000000
3.599070	0.000000	0.000000	0.000000
3.599302	0.000000	0.000000	0.000000
3.599535	0.000000	0.000000	0.000000
3.599767	0.000000	0.000000	0.000000
3.600000	0.000000	0.000000	0.000000
3.600233	0.000000	0.000000	0.000000
3.600465	0.000000	0.000000	0.000000
3.600698	0.000000	0.000000	0.000000
3.600930	0.000000	0.000000	0.000000
3.601163	0.000000	0.000000	0.000000
3.601395	0.000000	0.000000	0.000000
3.601628	0.000000	0.000000	0.000000
3.601860	0.000000	0.000000	0.000000
3.602093	0.000000	0.000000	0.000000
3.602326	0.000000	0.000000	0.000000
3.602558	0.000000	0.000000	0.000000
3.602791	0.000000	0.000000	0.000000
3.603023	0.000000	0.000000	0.000000
3.603256	0.000000	0.000000	0.000000
3.603488	0.000000	0.000000	0.000000
3.603721	0.000000	0.000000	0.000000
3.603953	0.000000	0.000000	0.000000
3.604186	0.000000	0.000000	0.000000
3.604419	0.000000	0.000000	0.000000
3.604651	0.000000	0.000000	0.000000
3.604884	0.000000	0.000000	0.000000
3.605116	0.000000	0.000000	0.000000
3.605349	0.000000	0.000000	0.000000
3.605581	0.000000	0.000000	0.000000
3.605814	0.000000	0.000000	0.000000
3.606047	0.000000	0.000000	0.000000
3.606279	0.000000	0.000000	0.000000
3.606512	0.000000	0.000000	0.000000
3.606744	0.000000	0.000000	0.000000
3.606977	0.000000	0.000000	0.000000
3.607209	0.000000	0.000000	0.000000
3.607442	0.000000	0.000000	0.000000
3.607674	0.000000	0.000000	0.000000
3.607907	0.000000	0.000000	0.000000
3.608140	0.000000	0.000000	0.000000
3.608372	0.000000	0.000000	0.000000
3.608605	0.000000	0.000000	0.000000
3.608837	0.000000	0.000000	0.000000
3.609070	0.000000	0.000000	0.000000
3.609302	0.000000	0.000000	0.000000
3.609535	0.000000	0.000000	0.000000
3.609767	0.000000	0.000000	0.000000
3.610000	0.000000	0.000000	0.000000
3.610233	0.000000	0.000000	0.000000
3.610465	0.000000	0.000000	0.000000
3.610698	0.000000	0.000000	0.000000
3.610930	0.000000	0.000000	0.000000
3.611163	0.000000	0.000000	0.000000
3.611395	0.000000	0.000000	0.000000
3.611628	0.000000	0.000000	0.000000
3.611860	0.000000	0.000000	0.000000
3.612093	0.000000	0.000000	0.000000
3.612326	0.000000	0.000000	0.000000
3.612558	0.000000	0.000000	0.000000
3.612791	0.000000	0.000000	0.000000
3.613023	0.000000	0.000000	0.000000
3.613256	0.000000	0.000000	0.000000
3.613488	0.000000	0.000000	0.000000
3.613721	0.000000	0.000000	0.000000
3.613953	0.000000	0.000000	0.000000
3.614186	0.000000	0.000000	0.000000
3.614419	0.000000	0.000000	0.000000
3.614651	0.000000	0.000000	0.000000
3.614884	0.000000	0.000000	0.000000
3.615116	0.000000	0.000000	0.000000
3.615349	0.000000	0.000000	0.000000
3.615581	0.000000	0.000000	0.000000
3.615814	0.000000	0.000000	0.000000
3.616047	0.000000	0.000000	0.000000
3.616279	0.000000	0.000000	0.000000
3.616512	0.000000	0.000000	0.000000
3.616744	0.000000	0.000000	0.000000
3.616977	0.000000	0.000000	0.000000
3.617209	0.000000	0.000000	0.000000
3.617442	0.000000	0.000000	0.000000
3.617674	0.000000	0.000000	0.000000
3.617907	0.000000	0.000000	0.000000
3.618140	0.000000	0.000000	0.000000
3.618372	0.000000	0.000000	0.000000
3.618605	0.000000	0.000000	0.000000
3.618837	0.000000	0.000000	0.000000
3.619070	0.000000	0.000000	0.000000
3.619302	0.000000	0.000000	0.000000
3.619535	0.000000	0.000000	0.000000
3.619767	0.000000	0.000000	0.000000
3.620000	0.000000	0.000000	0.000000
3.620233	0.000000	0.000000	0.000000
3.620465	0.000000	0.000000	0.000000
3.620698	0.000000	0.000000	0.000000
3.620930	0.000000	0.000000	0.000000
3.621163	0.000000	0.000000	0.000000
3.621395	0.000000	0.000000	0.000000
3.621628	0.000000	0.000000	0.000000
3.621860	0.000000	0.000000	0.000000
3.622093	0.000000	0.000000	0.000000
3.622326	0.000000	0.000000	0.000000
3.622558	0.000000	0.000000	0.000000
3.622791	0.000000	0.000000	0.000000
3.623023	0.000000	0.000000	0.000000
3.623256	0.000000	0.000000	0.000000
3.623488	0.000000	0.000000	0.000000
3.623721	0.000000	0.000000	0.000000
3.623953	0.000000	0.000000	0.000000
3.624186	0.000000	0.000000	0.000000
3.624419	0.000000	0.000000	0.000000
3.624651	0.000000	0.000000	0.000000
3.624884	0.000000	0.000000	0.000000
3.625116	0.000000	0.000000	0.000000
3.625349	0.000000	0.000000	0.000000
3.625581	0.000000	0.000000	0.000000
3.625814	0.000000	0.000000	0.000000
3.626047	0.000000	0.000000	0.000000
3.626279	0.000000	0.000000	0.000000
3.626512	0.000000	0.000000	0.000000
3.626744	0.000000	0.000000	0.000000
3.626977	0.000000	0.000000	0.000000
3.627209	0.000000	0.000000	0.000000
3.627442	0.000000	0.000000	0.000000
3.627674	0.000000	0.000000	0.000000
3.627907	0.000000	0.000000	0.000000
3.628140	0.000000	0.000000	0.000000
3.628372	0.000000	0.000000	0.000000
3.628605	0.000000	0.000000	0.000000
3.628837	0.000000	0.000000	0.000000
3.629070	0.000000	0.000000	0.000000
3.629302	0.000000	0.000000	0.000000
3.629535	0.000000	0.000000	0.000000
3.629767	0.000000	0.000000	0.000000
3.630000	0.000000	0.000000	0.000000
3.630233	0.000000	0.000000	0.000000
3.630465	0.000000	0.000000	0.000000
3.630698	0.000000	0.000000	0.000000
3.630930	0.000000	0.000000	0.000000
3.631163	0.000000	0.000000	0.000000
3.631395	0.000000	0.000000	0.000000
3.631628	0.000000	0.000000	0.000000
3.631860	0.000000	0.000000	0.000000
3.632093	0.000000	0.000000	0.000000
3.632326	0.000000	0.000000	0.000000
3.632558	0.000000	0.000000	0.000000
3.632791	0.000000	0.000000	0.000000
3.633023	0.000000	0.000000	0.000000
3.633256	0.000000	0.000000	0.000000
3.633488	0.000000	0.000000	0.000000
3.633721	0.000000	0.000000	0.000000
3.633953	0.000000	0.000000	0.000000
3.634186	0.000000	0.000000	0.000000
3.634419	0.000000	0.000000	0.000000
3.634651	0.000000	0.000000	0.000000
3.634884	0.000000	0.000000	0.000000
3.635116	0.000000	0.000000	0.000000
3.635349	0.000000	0.000000	0.000000
3.635581	0.000000	0.000000	0.000000
3.635814	0.000000	0.000000	0.000000
3.636047	0.000000	0.000000	0.000000
3.636279	0.000000	0.000000	0.000000
3.636512	0.000000	0.000000	0.000000
3.636744	0.000000	0.000000	0.000000
3.636977	0.000000	0.000000	0.000000
3.637209	0.000000	0.000000	0.000000
3.637442	0.000000	0.000000	0.000000
3.637674	0.000000	0.000000	0.000000
3.637907	0.000000	0.000000	0.000000
3.638140	0.000000	0.000000	0.000000
3.638372	0.000000	0.000000	0.000000
3.638605	0.000000	0.000000	0.000000
3.638837	0.000000	0.000000	0.000000
3.639070	0.000000	0.000000	0.000000
3.639302	0.000000	0.000000	0.000000
3.639535	0.000000	0.000000	0.000000
3.639767	0.000000	0.000000	0.000000
3.640000	0.000000	0.000000	0.000000
3.640233	0.000000	0.000000	0.000000
3.640465	0.000000	0.000000	0.000000
3.640698	0.000000	0.000000	0.000000
3.640930	0.000000	0.000000	0.000000
3.641163	0.000000	0.000000	0.000000
3.641395	0.000000	0.000000	0.000000
3.641628	0.000000	0.000000	0.000000
3.641860	0.000000	0.000000	0.000000
3.642093	0.000000	0.000000	0.000000
3.642326	0.000000	0.000000	0.000000
3.642558	0.000000	0.000000	0.000000
3.642791	0.000000	0.000000	0.000000
3.643023	0.000000	0.000000	0.000000
3.643256	0.000000	0.000000	0.000000
3.643488	0.000000	0.000000	0.000000
3.643721	0.000000	0.000000	0.000000
3.643953	0.000000	0.000000	0.000000
3.644186	0.000000	0.000000	0.000000
3.644419	0.000000	0.000000	0.000000
3.644651	0.000000	0.000000	0.000000
3.644884	0.000000	0.000000	0.000000
3.645116	0.000000	0.000000	0.000000
3.645349	0.000000	0.000000	0.000000
3.645581	0.000000	0.000000	0.000000
3.645814	0.000000	0.000000	0.000000
3.646047	0.000000	0.000000	0.000000
3.646279	0.000000	0.000000	0.000000
3.646512	0.000000	0.000000	0.000000
3.646744	0.000000	0.000000	0.000000
3.646977	0.000000	0.000000	0.000000
3.647209	0.000000	0.000000	0.000000
3.647442	0.000000	0.000000	0.000000
3.647674	0.000000	0.000000	0.000000
3.647907	0.000000	0.000000	0.000000
3.648140	0.000000	0.000000	0.000000
3.648372	0.000000	0.000000	0.000000
3.648605	0.000000	0.000000	0.000000
3.648837	0.000000	0.000000	0.000000
3.649070	0.000000	0.000000	0.000000
3.649302	0.000000	0.000000	0.000000
3.649535	0.000000	0.000000	0.000000
3.649767	0.000000	0.000000	0.000000
3.650000	0.000000	0.000000	0.000000
3.650233	0.000000	0.000000	0.000000
3.650465	0.000000	0.000000	0.000000
3.650698	0.000000	0.000000	0.000000
3.650930	0.000000	0.000000	0.000000
3.651163	0.000000	0.000000	0.000000
3.651395	0.000000	0.000000	0.000000
3.651628	0.000000	0.000000	0.000000
3.651860	0.000000	0.000000	0.000000
3.652093	0.000000	0.000000	0.000000
3.652326	0.000000	0.000000	0.000000
3.652558	0.000000	0.000000	0.000000
3.652791	0.000000	0.000000	0.000000
3.653023	0.000000	0.000000	0.000000
3.653256	0.000000	0.000000	0.000000
3.653488	0.000000	0.000000	0.000000
3.653721	0.000000	0.000000	0.000000
3.653953	0.000000	0.000000	0.000000
3.654186	0.000000	0.000000	0.000000
3.654419	0.000000	0.000000	0.000000
3.654651	0.000000	0.000000	0.000000
3.654884	0.000000	0.000000	0.000000
3.655116	0.000000	0.000000	0.000000
3.655349	0.000000	0.000000	0.000000
3.655581	0.000000	0.000000	0.000000
3.655814	0.000000	0.000000	0.000000
3.656047	0.000000	0.000000	0.000000
3.656279	0.000000	0.000000	0.000000
3.656512	0.000000	0.000000	0.000000
3.656744	0.000000	0.000000	0.000000
3.656977	0.000000	0.000000	0.000000
3.657209	0.000000	0.000000	0.000000
3.657442	0.000000	0.000000	0.000000
3.657674	0.000000	0.000000	0.000000
3.657907	0.000000	0.000000	0.000000
3.658140	0.000000	0.000000	0.000000
3.658372	0.000000	0.000000	0.000000
3.658605	0.000000	0.000000	0.000000
3.658837	0.000000	0.000000	0.000000
3.659070	0.000000	0.000000	0.000000
3.659302	0.000000	0.000000	0.000000
3.659535	0.000000	0.000000	0.000000
3.659767	0.000000	0.000000	0.000000
3.660000	0.000000	0.000000	0.000000
3.660233	0.000000	0.000000	0.000000
3.660465	0.000000	0.000000	0.000000
3.660698	0.000000	0.000000	0.000000
3.660930	0.000000	0.000000	0.000000
3.661163	0.000000	0.000000	0.000000
3.661395	0.000000	0.000000	0.000000
3.661628	0.000000	0.000000	0.000000
3.661860	0.000000	0.000000	0.000000
3.662093	0.000000	0.000000	0.000000
3.662326	0.000000	0.000000	0.000000
3.662558	0.000000	0.000000	0.000000
3.662791	0.000000	0.000000	0.000000
3.663023	0.000000	0.000000	0.000000
3.663256	0.000000	0.000000	0.000000
3.663488	0.000000	0.000000	0.000000
3.663721	0.000000	0.000000	0.000000
3.663953	0.000000	0.000000	0.000000
3.664186	0.000000	0.000000	0.000000
3.664419	0.000000	0.000000	0.000000
3.664651	0.000000	0.000000	0.000000
3.664884	0.000000	0.000000	0.000000
3.665116	0.000000	0.000000	0.000000
3.665349	0.000000	0.000000	0.000000
3.665581	0.000000	0.000000	0.000000
3.665814	0.000000	0.000000	0.000000
3.666047	0.000000	0.000000	0.000000
3.666279	0.000000	0.000000	0.000000
3.666512	0.000000	0.000000	0.000000
3.666744	0.000000	0.000000	0.000000
3.666977	0.000000	0.000000	0.000000
3.667209	0.000000	0.000000	0.000000
3.667442	0.000000	0.000000	0.000000
3.667674	0.000000	0.000000	0.000000
3.667907	0.000000	0.000000	0.000000
3.668140	0.000000	0.000000	0.000000
3.668372	0.000000	0.000000	0.000000
3.668605	0.000000	0.000000	0.000000
3.668837	0.000000	0.000000	0.000000
3.669070	0.000000	0.000000	0.000000
3.669302	0.000000	0.000000	0.000000
3.669535	0.000000	0.000000	0.000000
3.669767	0.000000	0.000000	0.000000
3.670000	0.000000	0.000000	0.000000
3.670233	0.000000	0.000000	0.000000
3.670465	0.000000	0.000000	0.000000
3.670698	0.000000	0.000000	0.000000
3.670930	0.000000	0.000000	0.000000
3.671163	0.000000	0.000000	0.000000
3.671395	0.000000	0.000000	0.000000
3.671628	0.000000	0.000000	0.000000
3.671860	0.000000	0.000000	0.000000
3.672093	0.000000	0.000000	0.000000
3.672326	0.000000	0.000000	0.000000
3.672558	0.000000	0.000000	0.000000
3.672791	0.000000	0.000000	0.000000
3.673023	0.000000	0.000000	0.000000
3.673256	0.000000	0.000000	0.000000
3.673488	0.000000	0.000000	0.000000
3.673721	0.000000	0.000000	0.000000
3.673953	0.000000	0.000000	0.000000
3.674186	0.000000	0.000000	0.000000
3.674419	0.000000	0.000000	0.000000
3.674651	0.000000	0.000000	0.000000
3.674884	0.000000	0.000000	0.000000
3.675116	0.000000	0.000000	0.000000
3.675349	0.000000	0.000000	0.000000
3.675581	0.000000	0.000000	0.000000
3.675814	0.000000	0.000000	0.000000
3.676047	0.000000	0.000000	0.000000
3.676279	0.000000	0.000000	0.000000
3.676512	0.000000	0.000000	0.000000
3.676744	0.000000	0.000000	0.000000
3.676977	0.000000	0.000000	0.000000
3.677209	0.000000	0.000000	0.000000
3.677442	0.000000	0.000000	0.000000
3.677674	0.000000	0.000000	0.000000
3.677907	0.000000	0.000000	0.000000
3.678140	0.000000	0.000000	0.000000
3.678372	0.000000	0.000000	0.000000
3.678605	0.000000	0.000000	0.000000
3.678837	0.000000	0.000000	0.000000
3.679070	0.000000	0.000000	0.000000
3.679302	0.000000	0.000000	0.000000
3.679535	0.000000	0.000000	0.000000
3.679767	0.000000	0.000000	0.000000
3.680000	0.000000	0.000000	0.000000
3.680233	0.000000	0.000000	0.000000
3.680465	0.000000	0.000000	0.000000
3.680698	0.000000	0.000000	0.000000
3.680930	0.000000	0.000000	0.000000
3.681163	0.000000	0.000000	0.000000
3.681395	0.000000	0.000000	0.000000
3.681628	0.000000	0.000000	0.000000
3.681860	0.000000	0.000000	0.000000
3.682093	0.000000	0.000000	0.000000
3.682326	0.000000	0.000000	0.000000
3.682558	0.000000	0.000000	0.000000
3.682791	0.000000	0.000000	0.000000
3.683023	0.000000	0.000000	0.000000
3.683256	0.000000	0.000000	0.000000
3.683488	0.000000	0.000000	0.000000
3.683721	0.000000	0.000000	0.000000
3.683953	0.000000	0.000000	0.000000
3.684186	0.000000	0.000000	0.000000
3.684419	0.000000	0.000000	0.000000
3.684651	0.000000	0.000000	0.000000
3.684884	0.000000	0.000000	0.000000
3.685116	0.000000	0.000000	0.000000
3.685349	0.000000	0.000000	0.000000
3.685581	0.000000	0.000000	0.000000
3.685814	0.000000	0.000000	0.000000
3.686047	0.000000	0.000000	0.000000
3.686279	0.000000	0.000000	0.000000
3.686512	0.000000	0.000000	0.000000
3.686744	0.000000	0.000000	0.000000
3.686977	0.000000	0.000000	0.000000
3.687209	0.000000	0.000000	0.000000
3.687442	0.000000	0.000000	0.000000
3.687674	0.000000	0.000000	0.000000
3.687907	0.000000	0.000000	0.000000
3.688140	0.000000	0.000000	0.000000
3.688372	0.000000	0.000000	0.000000
3.688605	0.000000	0.000000	0.000000
3.688837	0.000000	0.000000	0.000000
3.689070	0.000000	0.000000	0.000000
3.689302	0.000000	0.000000	0.000000
3.689535	0.000000	0.000000	0.000000
3.689767	0.000000	0.000000	0.000000
3.690000	0.000000	0.000000	0.000000
3.690233	0.000000	0.000000	0.000000
3.690465	0.000000	0.000000	0.000000
3.690698	0.000000	0.000000	0.000000
3.690930	0.000000	0.000000	0.000000
3.691163	0.000000	0.000000	0.000000
3.691395	0.000000	0.000000	0.000000
3.691628	0.000000	0.000000	0.000000
3.691860	0.000000	0.000000	0.000000
3.692093	0.000000	0.000000	0.000000
3.692326	0.000000	0.000000	0.000000
3.692558	0.000000	0.000000	0.000000
3.692791	0.000000	0.000000	0.000000
3.693023	0.000000	0.000000	0.000000
3.693256	0.000000	0.000000	0.000000
3.693488	0.000000	0.000000	0.000000
3.693721	0.000000	0.000000	0.000000
3.693953	0.000000	0.000000	0.000000
3.694186	0.000000	0.000000	0.000000
3.694419	0.000000	0.000000	0.000000
3.694651	0.000000	0.000000	0.000000
3.694884	0.000000	0.000000	0.000000
3.695116	0.000000	0.000000	0.000000
3.695349	0.000000	0.000000	0.000000
3.695581	0.000000	0.000000	0.000000
3.695814	0.000000	0.000000	0.000000
3.696047	0.000000	0.000000	0.000000
3.696279	0.000000	0.000000	0.000000
3.696512	0.000000	0.000000	0.000000
3.696744	0.000000	0.000000	0.000000
3.696977	0.000000	0.000000	0.000000
3.697209	0.000000	0.000000	0.000000
3.697442	0.000000	0.000000	0.000000
3.697674	0.000000	0.000000	0.000000
3.697907	0.000000	0.000000	0.000000
3.698140	0.000000	0.000000	0.000000
3.698372	0.000000	0.000000	0.000000
3.698605	0.000000	0.000000	0.000000
3.698837	0.000000	0.000000	0.000000
3.699070	0.000000	0.000000	0.000000
3.699302	0.000000	0.000000	0.000000
3.699535	0.000000	0.000000	0.000000
3.699767	0.000000	0.000000	0.000000
3.700000	0.000000	0.000000	0.000000
3.700233	0.000000	0.000000	0.000000
3.700465	0.000000	0.000000	0.000000
3.700698	0.000000	0.000000	0.000000
3.700930	0.000000	0.000000	0.000000
3.701163	0.000000	0.000000	0.000000
3.701395	0.000000	0.000000	0.000000
3.701628	0.000000	0.000000	0.000000
3.701860	0.000000	0.000000	0.000000
3.702093	0.000000	0.000000	0.000000
3.702326	0.000000	0.000000	0.000000
3.702558	0.000000	0.000000	0.000000
3.702791	0.000000	0.000000	0.000000
3.703023	0.000000	0.000000	0.000000
3.703256	0.000000	0.000000	0.000000
3.703488	0.000000	0.000000	0.000000
3.703721	0.000000	0.000000	0.000000
3.703953	0.000000	0.000000	0.000000
3.704186	0.000000	0.000000	0.000000
3.704419	0.000000	0.000000	0.000000
3.704651	0.000000	0.000000	0.000000
3.704884	0.000000	0.000000	0.000000
3.705116	0.000000	0.000000	0.000000
3.705349	0.000000	0.000000	0.000000
3.705581	0.000000	0.000000	0.000000
3.705814	0.000000	0.000000	0.000000
3.706047	0.000000	0.000000	0.000000
3.706279	0.000000	0.000000	0.000000
3.706512	0.000000	0.000000	0.000000
3.706744	0.000000	0.000000	0.000000
3.706977	0.000000	0.000000	0.000000
3.707209	0.000000	0.000000	0.000000
3.707442	0.000000	0.000000	0.000000
3.707674	0.000000	0.000000	0.000000
3.707907	0.000000	0.000000	0.000000
3.708140	0.000000	0.000000	0.000000
3.708372	0.000000	0.000000	0.000000
3.708605	0.000000	0.000000	0.000000
3.708837	0.000000	0.000000	0.000000
3.709070	0.000000	0.000000	0.000000
3.709302	0.000000	0.000000	0.000000
3.709535	0.000000	0.000000	0.000000
3.709767	0.000000	0.000000	0.000000
3.710000	0.000000	0.000000	0.000000
3.710233	0.000000	0.000000	0.000000
3.710465	0.000000	0.000000	0.000000
3.710698	0.000000	0.000000	0.000000
3.710930	0.000000	0.000000	0.000000
3.711163	0.000000	0.000000	0.000000
3.711395	0.000000	0.000000	0.000000
3.711628	0.000000	0.000000	0.000000
3.711860	0.000000	0.000000	0.000000
3.712093	0.000000	0.000000	0.000000
3.712326	0.000000	0.000000	0.000000
3.712558	0.000000	0.000000	0.000000
3.712791	0.000000	0.000000	0.000000
3.713023	0.000000	0.000000	0.000000
3.713256	0.000000	0.000000	0.000000
3.713488	0.000000	0.000000	0.000000
3.713721	0.000000	0.000000	0.000000
3.713953	0.000000	0.000000	0.000000
3.714186	0.000000	0.000000	0.000000
3.714419	0.000000	0.000000	0.000000
3.714651	0.000000	0.000000	0.000000
3.714884	0.000000	0.000000	0.000000
3.715116	0.000000	0.000000	0.000000
3.715349	0.000000	0.000000	0.000000
3.715581	0.000000	0.000000	0.000000
3.715814	0.000000	0.000000	0.000000
3.716047	0.000000	0.000000	0.000000
3.716279	0.000000	0.000000	0.000000
3.716512	0.000000	0.000000	0.000000
3.716744	0.000000	0.000000	0.000000
3.716977	0.000000	0.000000	0.000000
3.717209	0.000000	0.000000	0.000000
3.717442	0.000000	0.000000	0.000000
3.717674	0.000000	0.000000	0.000000
3.717907	0.000000	0.000000	0.000000
3.718140	0.000000	0.000000	0.000000
3.718372	0.000000	0.000000	0.000000
3.718605	0.000000	0.000000	0.000000
3.718837	0.000000	0.000000	0.000000
3.719070	0.000000	0.000000	0.000000
3.719302	0.000000	0.000000	0.000000
3.719535	0.000000	0.000000	0.000000
3.719767	0.000000	0.000000	0.000000
3.720000	0.000000	0.000000	0.000000
3.720233	0.000000	0.000000	0.000000
3.720465	0.000000	0.000000	0.000000
3.720698	0.000000	0.000000	0.000000
3.720930	0.000000	0.000000	0.000000
3.721163	0.000000	0.000000	0.000000
3.721395	0.000000	0.000000	0.000000
3.721628	0.000000	0.000000	0.000000
3.721860	0.000000	0.000000	0.000000
3.722093	0.000000	0.000000	0.000000
3.722326	0.000000	0.000000	0.000000
3.722558	0.000000	0.000000	0.000000
3.722791	0.000000	0.000000	0.000000
3.723023	0.000000	0.000000	0.000000
3.723256	0.000000	0.000000	0.000000
3.723488	0.000000	0.000000	0.000000
3.723721	0.000000	0.000000	0.000000
3.723953	0.000000	0.000000	0.000000
3.724186	0.000000	0.000000	0.000000
3.724419	0.000000	0.000000	0.000000
3.724651	0.000000	0.000000	0.000000
3.724884	0.000000	0.000000	0.000000
3.725116	0.000000	0.000000	0.000000
3.725349	0.000000	0.000000	0.000000
3.725581	0.000000	0.000000	0.000000
3.725814	0.000000	0.000000	0.000000
3.726047	0.000000	0.000000	0.000000
3.726279	0.000000	0.000000	0.000000
3.726512	0.000000	0.000000	0.000000
3.726744	0.000000	0.000000	0.000000
3.726977	0.000000	0.000000	0.000000
3.727209	0.000000	0.000000	0.000000
3.727442	0.000000	0.000000	0.000000
3.727674	0.000000	0.000000	0.000000
3.727907	0.000000	0.000000	0.000000
3.728140	0.000000	0.000000	0.000000
3.728372	0.000000	0.000000	0.000000
3.728605	0.000000	0.000000	0.000000
3.728837	0.000000	0.000000	0.000000
3.729070	0.000000	0.000000	0.000000
3.729302	0.000000	0.000000	0.000000
3.729535	0.000000	0.000000	0.000000
3.729767	0.000000	0.000000	0.000000
3.730000	0.000000	0.000000	0.000000
3.730233	0.000000	0.000000	0.000000
3.730465	0.000000	0.000000	0.000000
3.730698	0.000000	0.000000	0.000000
3.730930	0.000000	0.000000	0.000000
3.731163	0.000000	0.000000	0.000000
3.731395	0.000000	0.000000	0.000000
3.731628	0.000000	0.000000	0.000000
3.731860	0.000000	0.000000	0.000000
3.732093	0.000000	0.000000	0.000000
3.732326	0.000000	0.000000	0.000000
3.732558	0.000000	0.000000	0.000000
3.732791	0.000000	0.000000	0.000000
3.733023	0.000000	0.000000	0.000000
3.733256	0.000000	0.000000	0.000000
3.733488	0.000000	0.000000	0.000000
3.733721	0.000000	0.000000	0.000000
3.733953	0.000000	0.000000	0.000000
3.734186	0.000000	0.000000	0.000000
3.734419	0.000000	0.000000	0.000000
3.734651	0.000000	0.000000	0.000000
3.734884	0.000000	0.000000	0.000000
3.735116	0.000000	0.000000	0.000000
3.735349	0.000000	0.000000	0.000000
3.735581	0.000000	0.000000	0.000000
3.735814	0.000000	0.000000	0.000000
3.736047	0.000000	0.000000	0.000000
3.736279	0.000000	0.000000	0.000000
3.736512	0.000000	0.000000	0.000000
3.736744	0.000000	0.000000	0.000000
3.736977	0.000000	0.000000	0.000000
3.737209	0.000000	0.000000	0.000000
3.737442	0.000000	0.000000	0.000000
3.737674	0.000000	0.000000	0.000000
3.737907	0.000000	0.000000	0.000000
3.738140	0.000000	0.000000	0.000000
3.738372	0.000000	0.000000	0.000000
3.738605	0.000000	0.000000	0.000000
3.738837	0.000000	0.000000	0.000000
3.739070	0.000000	0.000000	0.000000
3.739302	0.000000	0.000000	0.000000
3.739535	0.000000	0.000000	0.000000
3.739767	0.000000	0.000000	0.000000
3.740000	0.000000	0.000000	0.000000
3.740233	0.000000	0.000000	0.000000
3.740465	0.000000	0.000000	0.000000
3.740698	0.000000	0.000000	0.000000
3.740930	0.000000	0.000000	0.000000
3.741163	0.000000	0.000000	0.000000
3.741395	0.000000	0.000000	0.000000
3.741628	0.000000	0.000000	0.000000
3.741860	0.000000	0.000000	0.000000
3.742093	0.000000	0.000000	0.000000
3.742326	0.000000	0.000000	0.000000
3.742558	0.000000	0.000000	0.000000
3.742791	0.000000	0.000000	0.000000
3.743023	0.000000	0.000000	0.000000
3.743256	0.000000	0.000000	0.000000
3.743488	0.000000	0.000000	0.000000
3.743721	0.000000	0.000000	0.000000
3.743953	0.000000	0.000000	0.000000
3.744186	0.000000	0.000000	0.000000
3.744419	0.000000	0.000000	0.000000
3.744651	0.000000	0.000000	0.000000
3.744884	0.000000	0.000000	0.000000
3.745116	0.000000	0.000000	0.000000
3.745349	0.000000	0.000000	0.000000
3.745581	0.000000	0.000000	0.000000
3.745814	0.000000	0.000000	0.000000
3.746047	0.000000	0.000000	0.000000
3.746279	0.000000	0.000000	0.000000
3.746512	0.000000	0.000000	0.000000
3.746744	0.000000	0.000000	0.000000
3.746977	0.000000	0.000000	0.000000
3.747209	0.000000	0.000000	0.000000
3.747442	0.000000	0.000000	0.000000
3.747674	0.000000	0.000000	0.000000
3.747907	0.000000	0.000000	0.000000
3.748140	0.000000	0.000000	0.000000
3.748372	0.000000	0.000000	0.000000
3.748605	0.000000	0.000000	0.000000
3.748837	0.000000	0.000000	0.000000
3.749070	0.000000	0.000000	0.000000
3.749302	0.000000	0.000000	0.000000
3.749535	0.000000	0.000000	0.000000
3.749767	0.000000	0.000000	0.000000
3.750000	0.000000	0.000000	0.000000
3.750233	0.000000	0.000000	0.000000
3.750465	0.000000	0.000000	0.000000
3.750698	0.000000	0.000000	0.000000
3.750930	0.000000	0.000000	0.000000
3.751163	0.000000	0.000000	0.000000
3.751395	0.000000	0.000000	0.000000
3.751628	0.000000	0.000000	0.000000
3.751860	0.000000	0.000000	0.000000
3.752093	0.000000	0.000000	0.000000
3.752326	0.000000	0.000000	0.000000
3.752558	0.000000	0.000000	0.000000
3.752791	0.000000	0.000000	0.000000
3.753023	0.000000	0.000000	0.000000
3.753256	0.000000	0.000000	0.000000
3.753488	0.000000	0.000000	0.000000
3.753721	0.000000	0.000000	0.000000
3.753953	0.000000	0.000000	0.000000
3.754186	0.000000	0.000000	0.000000
3.754419	0.000000	0.000000	0.000000
3.754651	0.000000	0.000000	0.000000
3.754884	0.000000	0.000000	0.000000
3.755116	0.000000	0.000000	0.000000
3.755349	0.000000	0.000000	0.000000
3.755581	0.000000	0.000000	0.000000
3.755814	0.000000	0.000000	0.000000
3.756047	0.000000	0.000000	0.000000
3.756279	0.000000	0.000000	0.000000
3.756512	0.000000	0.000000	0.000000
3.756744	0.000000	0.000000	0.000000
3.756977	0.000000	0.000000	0.000000
3.757209	0.000000	0.000000	0.000000
3.757442	0.000000	0.000000	0.000000
3.757674	0.000000	0.000000	0.000000
3.757907	0.000000	0.000000	0.000000
3.758140	0.000000	0.000000	0.000000
3.758372	0.000000	0.000000	0.000000
3.758605	0.000000	0.000000	0.000000
3.758837	0.000000	0.000000	0.000000
3.759070	0.000000	0.000000	0.000000
3.759302	0.000000	0.000000	0.000000
3.759535	0.000000	0.000000	0.000000
3.759767	0.000000	0.000000	0.000000
3.760000	0.000000	0.000000	0.000000
3.760233	0.000000	0.000000	0.000000
3.760465	0.000000	0.000000	0.000000
3.760698	0.000000	0.000000	0.000000
3.760930	0.000000	0.000000	0.000000
3.761163	0.000000	0.000000	0.000000
3.761395	0.000000	0.000000	0.000000
3.761628	0.000000	0.000000	0.000000
3.761860	0.000000	0.000000	0.000000
3.762093	0.000000	0.000000	0.000000
3.762326	0.000000	0.000000	0.000000
3.762558	0.000000	0.000000	0.000000
3.762791	0.000000	0.000000	0.000000
3.763023	0.000000	0.000000	0.000000
3.763256	0.000000	0.000000	0.000000
3.763488	0.000000	0.000000	0.000000
3.763721	0.000000	0.000000	0.000000
3.763953	0.000000	0.000000	0.000000
3.764186	0.000000	0.000000	0.000000
3.764419	0.000000	0.000000	0.000000
3.764651	0.000000	0.000000	0.000000
3.764884	0.000000	0.000000	0.000000
3.765116	0.000000	0.000000	0.000000
3.765349	0.000000	0.000000	0.000000
3.765581	0.000000	0.000000	0.000000
3.765814	0.000000	0.000000	0.000000
3.766047	0.000000	0.000000	0.000000
3.766279	0.000000	0.000000	0.000000
3.766512	0.000000	0.000000	0.000000
3.766744	0.000000	0.000000	0.000000
3.766977	0.000000	0.000000	0.000000
3.767209	0.000000	0.000000	0.000000
3.767442	0.000000	0.000000	0.000000
3.767674	0.000000	0.000000	0.000000
3.767907	0.000000	0.000000	0.000000
3.768140	0.000000	0.000000	0.000000
3.768372	0.000000	0.000000	0.000000
3.768605	0.000000	0.000000	0.000000
3.768837	0.000000	0.000000	0.000000
3.769070	0.000000	0.000000	0.000000
3.769302	0.000000	0.000000	0.000000
3.769535	0.000000	0.000000	0.000000
3.769767	0.000000	0.000000	0.000000
3.770000	0.000000	0.000000	0.000000
3.770233	0.000000	0.000000	0.000000
3.770465	0.000000	0.000000	0.000000
3.770698	0.000000	0.000000	0.000000
3.770930	0.000000	0.000000	0.000000
3.771163	0.000000	0.000000	0.000000
3.771395	0.000000	0.000000	0.000000
3.771628	0.000000	0.000000	0.000000
3.771860	0.000000	0.000000	0.000000
3.772093	0.000000	0.000000	0.000000
3.772326	0.000000	0.000000	0.000000
3.772558	0.000000	0.000000	0.000000
3.772791	0.000000	0.000000	0.000000
3.773023	0.000000	0.000000	0.000000
3.773256	0.000000	0.000000	0.000000
3.773488	0.000000	0.000000	0.000000
3.773721	0.000000	0.000000	0.000000
3.773953	0.000000	0.000000	0.000000
3.774186	0.000000	0.000000	0.000000
3.774419	0.000000	0.000000	0.000000
3.774651	0.000000	0.000000	0.000000
3.774884	0.000000	0.000000	0.000000
3.775116	0.000000	0.000000	0.000000
3.775349	0.000000	0.000000	0.000000
3.775581	0.000000	0.000000	0.000000
3.775814	0.000000	0.000000	0.000000
3.776047	0.000000	0.000000	0.000000
3.776279	0.000000	0.000000	0.000000
3.776512	0.000000	0.000000	0.000000
3.776744	0.000000	0.000000	0.000000
3.776977	0.000000	0.000000	0.000000
3.777209	0.000000	0.000000	0.000000
3.777442	0.000000	0.000000	0.000000
3.777674	0.000000	0.000000	0.000000
3.777907	0.000000	0.000000	0.000000
3.778140	0.000000	0.000000	0.000000
3.778372	0.000000	0.000000	0.000000
3.778605	0.000000	0.000000	0.000000
3.778837	0.000000	0.000000	0.000000
3.779070	0.000000	0.000000	0.000000
3.779302	0.000000	0.000000	0.000000
3.779535	0.000000	0.000000	0.000000
3.779767	0.000000	0.000000	0.000000
3.780000	0.000000	0.000000	0.000000
3.780233	0.000000	0.000000	0.000000
3.780465	0.000000	0.000000	0.000000
3.780698	0.000000	0.000000	0.000000
3.780930	0.000000	0.000000	0.000000
3.781163	0.000000	0.000000	0.000000
3.781395	0.000000	0.000000	0.000000
3.781628	0.000000	0.000000	0.000000
3.781860	0.000000	0.000000	0.000000
3.782093	0.000000	0.000000	0.000000
3.782326	0.000000	0.000000	0.000000
3.782558	0.000000	0.000000	0.000000
3.782791	0.000000	0.000000	0.000000
3.783023	0.000000	0.000000	0.000000
3.783256	0.000000	0.000000	0.000000
3.783488	0.000000	0.000000	0.000000
3.783721	0.000000	0.000000	0.000000
3.783953	0.000000	0.000000	0.000000
3.784186	0.000000	0.000000	0.000000
3.784419	0.000000	0.000000	0.000000
3.784651	0.000000	0.000000	0.000000
3.784884	0.000000	0.000000	0.000000
3.785116	0.000000	0.000000	0.000000
3.785349	0.000000	0.000000	0.000000
3.785581	0.000000	0.000000	0.000000
3.785814	0.000000	0.000000	0.000000
3.786047	0.000000	0.000000	0.000000
3.786279	0.000000	0.000000	0.000000
3.786512	0.000000	0.000000	0.000000
3.786744	0.000000	0.000000	0.000000
3.786977	0.000000	0.000000	0.000000
3.787209	0.000000	0.000000	0.000000
3.787442	0.000000	0.000000	0.000000
3.787674	0.000000	0.000000	0.000000
3.787907	0.000000	0.000000	0.000000
3.788140	0.000000	0.000000	0.000000
3.788372	0.000000	0.000000	0.000000
3.788605	0.000000	0.000000	0.000000
3.788837	0.000000	0.000000	0.000000
3.789070	0.000000	0.000000	0.000000
3.789302	0.000000	0.000000	0.000000
3.789535	0.000000	0.000000	0.000000
3.789767	0.000000	0.000000	0.000000
3.790000	0.000000	0.000000	0.000000
3.790233	0.000000	0.000000	0.000000
3.790465	0.000000	0.000000	0.000000
3.790698	0.000000	0.000000	0.000000
3.790930	0.000000	0.000000	0.000000
3.791163	0.000000	0.000000	0.000000
3.791395	0.000000	0.000000	0.000000
3.791628	0.000000	0.000000	0.000000
3.791860	0.000000	0.000000	0.000000
3.792093	0.000000	0.000000	0.000000
3.792326	0.000000	0.000000	0.000000
3.792558	0.000000	0.000000	0.000000
3.792791	0.000000	0.000000	0.000000
3.793023	0.000000	0.000000	0.000000
3.793256	0.000000	0.000000	0.000000
3.793488	0.000000	0.000000	0.000000
3.793721	0.000000	0.000000	0.000000
3.793953	0.000000	0.000000	0.000000
3.794186	0.000000	0.000000	0.000000
3.794419	0.000000	0.000000	0.000000
3.794651	0.000000	0.000000	0.000000
3.794884	0.000000	0.000000	0.000000
3.795116	0.000000	0.000000	0.000000
3.795349	0.000000	0.000000	0.000000
3.795581	0.000000	0.000000	0.000000
3.795814	0.000000	0.000000	0.000000
3.796047	0.000000	0.000000	0.000000
3.796279	0.000000	0.000000	0.000000
3.796512	0.000000	0.000000	0.000000
3.796744	0.000000	0.000000	0.000000
3.796977	0.000000	0.000000	0.000000
3.797209	0.000000	0.000000	0.000000
3.797442	0.000000	0.000000	0.000000
3.797674	0.000000	0.000000	0.000000
3.797907	0.000000	0.000000	0.000000
3.798140	0.000000	0.000000	0.000000
3.798372	0.000000	0.000000	0.000000
3.798605	0.000000	0.000000	0.000000
3.798837	0.000000	0.000000	0.000000
3.799070	0.000000	0.000000	0.000000
3.799302	0.000000	0.000000	0.000000
3.799535	0.000000	0.000000	0.000000
3.799767	0.000000	0.000000	0.000000
3.800000	0.000000	0.000000	0.000000
3.800233	0.000000	0.000000	0.000000
3.800465	0.000000	0.000000	0.000000
3.800698	0.000000	0.000000	0.000000
3.800930	0.000000	0.000000	0.000000
3.801163	0.000000	0.000000	0.000000
3.801395	0.000000	0.000000	0.000000
3.801628	0.000000	0.000000	0.000000
3.801860	0.000000	0.000000	0.000000
3.802093	0.000000	0.000000	0.000000
3.802326	0.000000	0.000000	0.000000
3.802558	0.000000	0.000000	0.000000
3.802791	0.000000	0.000000	0.000000
3.803023	0.000000	0.000000	0.000000
3.803256	0.000000	0.000000	0.000000
3.803488	0.000000	0.000000	0.000000
3.803721	0.000000	0.000000	0.000000
3.803953	0.000000	0.000000	0.000000
3.804186	0.000000	0.000000	0.000000
3.804419	0.000000	0.000000	0.000000
3.804651	0.000000	0.000000	0.000000
3.804884	0.000000	0.000000	0.000000
3.805116	0.000000	0.000000	0.000000
3.805349	0.000000	0.000000	0.000000
3.805581	0.000000	0.000000	0.000000
3.805814	0.000000	0.000000	0.000000
3.806047	0.000000	0.000000	0.000000
3.806279	0.000000	0.000000	0.000000
3.806512	0.000000	0.000000	0.000000
3.806744	0.000000	0.000000	0.000000
3.806977	0.000000	0.000000	0.000000
3.807209	0.000000	0.000000	0.000000
3.807442	0.000000	0.000000	0.000000
3.807674	0.000000	0.000000	0.000000
3.807907	0.000000	0.000000	0.000000
3.808140	0.000000	0.000000	0.000000
3.808372	0.000000	0.000000	0.000000
3.808605	0.000000	0.000000	0.000000
3.808837	0.000000	0.000000	0.000000
3.809070	0.000000	0.000000	0.000000
3.809302	0.000000	0.000000	0.000000
3.809535	0.000000	0.000000	0.000000
3.809767	0.000000	0.000000	0.000000
3.810000	0.000000	0.000000	0.000000
3.810233	0.000000	0.000000	0.000000
3.810465	0.000000	0.000000	0.000000
3.810698	0.000000	0.000000	0.000000
3.810930	0.000000	0.000000	0.000000
3.811163	0.000000	0.000000	0.000000
3.811395	0.000000	0.000000	0.000000
3.811628	0.000000	0.000000	0.000000
3.811860	0.000000	0.000000	0.000000
3.812093	0.000000	0.000000	0.000000
3.812326	0.000000	0.000000	0.000000
3.812558	0.000000	0.000000	0.000000
3.812791	0.000000	0.000000	0.000000
3.813023	0.000000	0.000000	0.000000
3.813256	0.000000	0.000000	0.000000
3.813488	0.000000	0.000000	0.000000
3.813721	0.000000	0.000000	0.000000
3.813953	0.000000	0.000000	0.000000
3.814186	0.000000	0.000000	0.000000
3.814419	0.000000	0.000000	0.000000
3.814651	0.000000	0.000000	0.000000
3.814884	0.000000	0.000000	0.000000
3.815116	0.000000	0.000000	0.000000
3.815349	0.000000	0.000000	0.000000
3.815581	0.000000	0.000000	0.000000
3.815814	0.000000	0.000000	0.000000
3.816047	0.000000	0.000000	0.000000
3.816279	0.000000	0.000000	0.000000
3.816512	0.000000	0.000000	0.000000
3.816744	0.000000	0.000000	0.000000
3.816977	0.000000	0.000000	0.000000
3.817209	0.000000	0.000000	0.000000
3.817442	0.000000	0.000000	0.000000
3.817674	0.000000	0.000000	0.000000
3.817907	0.000000	0.000000	0.000000
3.818140	0.000000	0.000000	0.000000
3.818372	0.000000	0.000000	0.000000
3.818605	0.000000	0.000000	0.000000
3.818837	0.000000	0.000000	0.000000
3.819070	0.000000	0.000000	0.000000
3.819302	0.000000	0.000000	0.000000
3.819535	0.000000	0.000000	0.000000
3.819767	0.000000	0.000000	0.000000
3.820000	0.000000	0.000000	0.000000
3.820233	0.000000	0.000000	0.000000
3.820465	0.000000	0.000000	0.000000
3.820698	0.000000	0.000000	0.000000
3.820930	0.000000	0.000000	0.000000
3.821163	0.000000	0.000000	0.000000
3.821395	0.000000	0.000000	0.000000
3.821628	0.000000	0.000000	0.000000
3.821860	0.000000	0.000000	0.000000
3.822093	0.000000	0.000000	0.000000
3.822326	0.000000	0.000000	0.000000
3.822558	0.000000	0.000000	0.000000
3.822791	0.000000	0.000000	0.000000
3.823023	0.000000	0.000000	0.000000
3.823256	0.000000	0.000000	0.000000
3.823488	0.000000	0.000000	0.000000
3.823721	0.000000	0.000000	0.000000
3.823953	0.000000	0.000000	0.000000
3.824186	0.000000	0.000000	0.000000
3.824419	0.000000	0.000000	0.000000
3.824651	0.000000	0.000000	0.000000
3.824884	0.000000	0.000000	0.000000
3.825116	0.000000	0.000000	0.000000
3.825349	0.000000	0.000000	0.000000
3.825581	0.000000	0.000000	0.000000
3.825814	0.000000	0.000000	0.000000
3.826047	0.000000	0.000000	0.000000
3.826279	0.000000	0.000000	0.000000
3.826512	0.000000	0.000000	0.000000
3.826744	0.000000	0.000000	0.000000
3.826977	0.000000	0.000000	0.000000
3.827209	0.000000	0.000000	0.000000
3.827442	0.000000	0.000000	0.000000
3.827674	0.000000	0.000000	0.000000
3.827907	0.000000	0.000000	0.000000
3.828140	0.000000	0.000000	0.000000
3.828372	0.000000	0.000000	0.000000
3.828605	0.000000	0.000000	0.000000
3.828837	0.000000	0.000000	0.000000
3.829070	0.000000	0.000000	0.000000
3.829302	0.000000	0.000000	0.000000
3.829535	0.000000	0.000000	0.000000
3.829767	0.000000	0.000000	0.000000
3.830000	0.000000	0.000000	0.000000
3.830233	0.000000	0.000000	0.000000
3.830465	0.000000	0.000000	0.000000
3.830698	0.000000	0.000000	0.000000
3.830930	0.000000	0.000000	0.000000
3.831163	0.000000	0.000000	0.000000
3.831395	0.000000	0.000000	0.000000
3.831628	0.000000	0.000000	0.000000
3.831860	0.000000	0.000000	0.000000
3.832093	0.000000	0.000000	0.000000
3.832326	0.000000	0.000000	0.000000
3.832558	0.000000	0.000000	0.000000
3.832791	0.000000	0.000000	0.000000
3.833023	0.000000	0.000000	0.000000
3.833256	0.000000	0.000000	0.000000
3.833488	0.000000	0.000000	0.000000
3.833721	0.000000	0.000000	0.000000
3.833953	0.000000	0.000000	0.000000
3.834186	0.000000	0.000000	0.000000
3.834419	0.000000	0.000000	0.000000
3.834651	0.000000	0.000000	0.000000
3.834884	0.000000	0.000000	0.000000
3.835116	0.000000	0.000000	0.000000
3.835349	0.000000	0.000000	0.000000
3.835581	0.000000	0.000000	0.000000
3.835814	0.000000	0.000000	0.000000
3.836047	0.000000	0.000000	0.000000
3.836279	0.000000	0.000000	0.000000
3.836512	0.000000	0.000000	0.000000
3.836744	0.000000	0.000000	0.000000
3.836977	0.000000	0.000000	0.000000
3.837209	0.000000	0.000000	0.000000
3.837442	0.000000	0.000000	0.000000
3.837674	0.000000	0.000000	0.000000
3.837907	0.000000	0.000000	0.000000
3.838140	0.000000	0.000000	0.000000
3.838372	0.000000	0.000000	0.000000
3.838605	0.000000	0.000000	0.000000
3.838837	0.000000	0.000000	0.000000
3.839070	0.000000	0.000000	0.000000
3.839302	0.000000	0.000000	0.000000
3.839535	0.000000	0.000000	0.000000
3.839767	0.000000	0.000000	0.000000
3.840000	0.000000	0.000000	0.000000
3.840233	0.000000	0.000000	0.000000
3.840465	0.000000	0.000000	0.000000
3.840698	0.000000	0.000000	0.000000
3.840930	0.000000	0.000000	0.000000
3.841163	0.000000	0.000000	0.000000
3.841395	0.000000	0.000000	0.000000
3.841628	0.000000	0.000000	0.000000
3.841860	0.000000	0.000000	0.000000
3.842093	0.000000	0.000000	0.000000
3.842326	0.000000	0.000000	0.000000
3.842558	0.000000	0.000000	0.000000
3.842791	0.000000	0.000000	0.000000
3.843023	0.000000	0.000000	0.000000
3.843256	0.000000	0.000000	0.000000
3.843488	0.000000	0.000000	0.000000
3.843721	0.000000	0.000000	0.000000
3.843953	0.000000	0.000000	0.000000
3.844186	0.000000	0.000000	0.000000
3.844419	0.000000	0.000000	0.000000
3.844651	0.000000	0.000000	0.000000
3.844884	0.000000	0.000000	0.000000
3.845116	0.000000	0.000000	0.000000
3.845349	0.000000	0.000000	0.000000
3.845581	0.000000	0.000000	0.000000
3.845814	0.000000	0.000000	0.000000
3.846047	0.000000	0.000000	0.000000
3.846279	0.000000	0.000000	0.000000
3.846512	0.000000	0.000000	0.000000
3.846744	0.000000	0.000000	0.000000
3.846977	0.000000	0.000000	0.000000
3.847209	0.000000	0.000000	0.000000
3.847442	0.000000	0.000000	0.000000
3.847674	0.000000	0.000000	0.000000
3.847907	0.000000	0.000000	0.000000
3.848140	0.000000	0.000000	0.000000
3.848372	0.000000	0.000000	0.000000
3.848605	0.000000	0.000000	0.000000
3.848837	0.000000	0.000000	0.000000
3.849070	0.000000	0.000000	0.000000
3.849302	0.000000	0.000000	0.000000
3.849535	0.000000	0.000000	0.000000
3.849767	0.000000	0.000000	0.000000
3.850000	0.000000	0.000000	0.000000
3.850233	0.000000	0.000000	0.000000
3.850465	0.000000	0.000000	0.000000
3.850698	0.000000	0.000000	0.000000
3.850930	0.000000	0.000000	0.000000
3.851163	0.000000	0.000000	0.000000
3.851395	0.000000	0.000000	0.000000
3.851628	0.000000	0.000000	0.000000
3.851860	0.000000	0.000000	0.000000
3.852093	0.000000	0.000000	0.000000
3.852326	0.000000	0.000000	0.000000
3.852558	0.000000	0.000000	0.000000
3.852791	0.000000	0.000000	0.000000
3.853023	0.000000	0.000000	0.000000
3.853256	0.000000	0.000000	0.000000
3.853488	0.000000	0.000000	0.000000
3.853721	0.000000	0.000000	0.000000
3.853953	0.000000	0.000000	0.000000
3.854186	0.000000	0.000000	0.000000
3.854419	0.000000	0.000000	0.000000
3.854651	0.000000	0.000000	0.000000
3.854884	0.000000	0.000000	0.000000
3.855116	0.000000	0.000000	0.000000
3.855349	0.000000	0.000000	0.000000
3.855581	0.000000	0.000000	0.000000
3.855814	0.000000	0.000000	0.000000
3.856047	0.000000	0.000000	0.000000
3.856279	0.000000	0.000000	0.000000
3.856512	0.000000	0.000000	0.000000
3.856744	0.000000	0.000000	0.000000
3.856977	0.000000	0.000000	0.000000
3.857209	0.000000	0.000000	0.000000
3.857442	0.000000	0.000000	0.000000
3.857674	0.000000	0.000000	0.000000
3.857907	0.000000	0.000000	0.000000
3.858140	0.000000	0.000000	0.000000
3.858372	0.000000	0.000000	0.000000
3.858605	0.000000	0.000000	0.000000
3.858837	0.000000	0.000000	0.000000
3.859070	0.000000	0.000000	0.000000
3.859302	0.000000	0.000000	0.000000
3.859535	0.000000	0.000000	0.000000
3.859767	0.000000	0.000000	0.000000
3.860000	0.000000	0.000000	0.000000
3.860233	0.000000	0.000000	0.000000
3.860465	0.000000	0.000000	0.000000
3.860698	0.000000	0.000000	0.000000
3.860930	0.000000	0.000000	0.000000
3.861163	0.000000	0.000000	0.000000
3.861395	0.000000	0.000000	0.000000
3.861628	0.000000	0.000000	0.000000
3.861860	0.000000	0.000000	0.000000
3.862093	0.000000	0.000000	0.000000
3.862326	0.000000	0.000000	0.000000
3.862558	0.000000	0.000000	0.000000
3.862791	0.000000	0.000000	0.000000
3.863023	0.000000	0.000000	0.000000
3.863256	0.000000	0.000000	0.000000
3.863488	0.000000	0.000000	0.000000
3.863721	0.000000	0.000000	0.000000
3.863953	0.000000	0.000000	0.000000
3.864186	0.000000	0.000000	0.000000
3.864419	0.000000	0.000000	0.000000
3.864651	0.000000	0.000000	0.000000
3.864884	0.000000	0.000000	0.000000
3.865116	0.000000	0.000000	0.000000
3.865349	0.000000	0.000000	0.000000
3.865581	0.000000	0.000000	0.000000
3.865814	0.000000	0.000000	0.000000
3.866047	0.000000	0.000000	0.000000
3.866279	0.000000	0.000000	0.000000
3.866512	0.000000	0.000000	0.000000
3.866744	0.000000	0.000000	0.000000
3.866977	0.000000	0.000000	0.000000
3.867209	0.000000	0.000000	0.000000
3.867442	0.000000	0.000000	0.000000
3.867674	0.000000	0.000000	0.000000
3.867907	0.000000	0.000000	0.000000
3.868140	0.000000	0.000000	0.000000
3.868372	0.000000	0.000000	0.000000
3.868605	0.000000	0.000000	0.000000
3.868837	0.000000	0.000000	0.000000
3.869070	0.000000	0.000000	0.000000
3.869302	0.000000	0.000000	0.000000
3.869535	0.000000	0.000000	0.000000
3.869767	0.000000	0.000000	0.000000
3.870000	0.000000	0.000000	0.000000
3.870233	0.000000	0.000000	0.000000
3.870465	0.000000	0.000000	0.000000
3.870698	0.000000	0.000000	0.000000
3.870930	0.000000	0.000000	0.000000
3.871163	0.000000	0.000000	0.000000
3.871395	0.000000	0.000000	0.000000
3.871628	0.000000	0.000000	0.000000
3.871860	0.000000	0.000000	0.000000
3.872093	0.000000	0.000000	0.000000
3.872326	0.000000	0.000000	0.000000
3.872558	0.000000	0.000000	0.000000
3.872791	0.000000	0.000000	0.000000
3.873023	0.000000	0.000000	0.000000
3.873256	0.000000	0.000000	0.000000
3.873488	0.000000	0.000000	0.000000
3.873721	0.000000	0.000000	0.000000
3.873953	0.000000	0.000000	0.000000
3.874186	0.000000	0.000000	0.000000
3.874419	0.000000	0.000000	0.000000
3.874651	0.000000	0.000000	0.000000
3.874884	0.000000	0.000000	0.000000
3.875116	0.000000	0.000000	0.000000
3.875349	0.000000	0.000000	0.000000
3.875581	0.000000	0.000000	0.000000
3.875814	0.000000	0.000000	0.000000
3.876047	0.000000	0.000000	0.000000
3.876279	0.000000	0.000000	0.000000
3.876512	0.000000	0.000000	0.000000
3.876744	0.000000	0.000000	0.000000
3.876977	0.000000	0.000000	0.000000
3.877209	0.000000	0.000000	0.000000
3.877442	0.000000	0.000000	0.000000
3.877674	0.000000	0.000000	0.000000
3.877907	0.000000	0.000000	0.000000
3.878140	0.000000	0.000000	0.000000
3.878372	0.000000	0.000000	0.000000
3.878605	0.000000	0.000000	0.000000
3.878837	0.000000	0.000000	0.000000
3.879070	0.000000	0.000000	0.000000
3.879302	0.000000	0.000000	0.000000
3.879535	0.000000	0.000000	0.000000
3.879767	0.000000	0.000000	0.000000
3.880000	0.000000	0.000000	0.000000
3.880233	0.000000	0.000000	0.000000
3.880465	0.000000	0.000000	0.000000
3.880698	0.000000	0.000000	0.000000
3.880930	0.000000	0.000000	0.000000
3.881163	0.000000	0.000000	0.000000
3.881395	0.000000	0.000000	0.000000
3.881628	0.000000	0.000000	0.000000
3.881860	0.000000	0.000000	0.000000
3.882093	0.000000	0.000000	0.000000
3.882326	0.000000	0.000000	0.000000
3.882558	0.000000	0.000000	0.000000
3.882791	0.000000	0.000000	0.000000
3.883023	0.000000	0.000000	0.000000
3.883256	0.000000	0.000000	0.000000
3.883488	0.000000	0.000000	0.000000
3.883721	0.000000	0.000000	0.000000
3.883953	0.000000	0.000000	0.000000
3.884186	0.000000	0.000000	0.000000
3.884419	0.000000	0.000000	0.000000
3.884651	0.000000	0.000000	0.000000
3.884884	0.000000	0.000000	0.000000
3.885116	0.000000	0.000000	0.000000
3.885349	0.000000	0.000000	0.000000
3.885581	0.000000	0.000000	0.000000
3.885814	0.000000	0.000000	0.000000
3.886047	0.000000	0.000000	0.000000
3.886279	0.000000	0.000000	0.000000
3.886512	0.000000	0.000000	0.000000
3.886744	0.000000	0.000000	0.000000
3.886977	0.000000	0.000000	0.000000
3.887209	0.000000	0.000000	0.000000
3.887442	0.000000	0.000000	0.000000
3.887674	0.000000	0.000000	0.000000
3.887907	0.000000	0.000000	0.000000
3.888140	0.000000	0.000000	0.000000
3.888372	0.000000	0.000000	0.000000
3.888605	0.000000	0.000000	0.000000
3.888837	0.000000	0.000000	0.000000
3.889070	0.000000	0.000000	0.000000
3.889302	0.000000	0.000000	0.000000
3.889535	0.000000	0.000000	0.000000
3.889767	0.000000	0.000000	0.000000
3.890000	0.000000	0.000000	0.000000
3.890233	0.000000	0.000000	0.000000
3.890465	0.000000	0.000000	0.000000
3.890698	0.000000	0.000000	0.000000
3.890930	0.000000	0.000000	0.000000
3.891163	0.000000	0.000000	0.000000
3.891395	0.000000	0.000000	0.000000
3.891628	0.000000	0.000000	0.000000
3.891860	0.000000	0.000000	0.000000
3.892093	0.000000	0.000000	0.000000
3.892326	0.000000	0.000000	0.000000
3.892558	0.000000	0.000000	0.000000
3.892791	0.000000	0.000000	0.000000
3.893023	0.000000	0.000000	0.000000
3.893256	0.000000	0.000000	0.000000
3.893488	0.000000	0.000000	0.000000
3.893721	0.000000	0.000000	0.000000
3.893953	0.000000	0.000000	0.000000
3.894186	0.000000	0.000000	0.000000
3.894419	0.000000	0.000000	0.000000
3.894651	0.000000	0.000000	0.000000
3.894884	0.000000	0.000000	0.000000
3.895116	0.000000	0.000000	0.000000
3.895349	0.000000	0.000000	0.000000
3.895581	0.000000	0.000000	0.000000
3.895814	0.000000	0.000000	0.000000
3.896047	0.000000	0.000000	0.000000
3.896279	0.000000	0.000000	0.000000
3.896512	0.000000	0.000000	0.000000
3.896744	0.000000	0.000000	0.000000
3.896977	0.000000	0.000000	0.000000
3.897209	0.000000	0.000000	0.000000
3.897442	0.000000	0.000000	0.000000
3.897674	0.000000	0.000000	0.000000
3.897907	0.000000	0.000000	0.000000
3.898140	0.000000	0.000000	0.000000
3.898372	0.000000	0.000000	0.000000
3.898605	0.000000	0.000000	0.000000
3.898837	0.000000	0.000000	0.000000
3.899070	0.000000	0.000000	0.000000
3.899302	0.000000	0.000000	0.000000
3.899535	0.000000	0.000000	0.000000
3.899767	0.000000	0.000000	0.000000
3.900000	0.000000	0.000000	0.000000
3.900233	0.000000	0.000000	0.000000
3.900465	0.000000	0.000000	0.000000
3.900698	0.000000	0.000000	0.000000
3.900930	0.000000	0.000000	0.000000
3.901163	0.000000	0.000000	0.000000
3.901395	0.000000	0.000000	0.000000
3.901628	0.000000	0.000000	0.000000
3.901860	0.000000	0.000000	0.000000
3.902093	0.000000	0.000000	0.000000
3.902326	0.000000	0.000000	0.000000
3.902558	0.000000	0.000000	0.000000
3.902791	0.000000	0.000000	0.000000
3.903023	0.000000	0.000000	0.000000
3.903256	0.000000	0.000000	0.000000
3.903488	0.000000	0.000000	0.000000
3.903721	0.000000	0.000000	0.000000
3.903953	0.000000	0.000000	0.000000
3.904186	0.000000	0.000000	0.000000
3.904419	0.000000	0.000000	0.000000
3.904651	0.000000	0.000000	0.000000
3.904884	0.000000	0.000000	0.000000
3.905116	0.000000	0.000000	0.000000
3.905349	0.000000	0.000000	0.000000
3.905581	0.000000	0.000000	0.000000
3.905814	0.000000	0.000000	0.000000
3.906047	0.000000	0.000000	0.000000
3.906279	0.000000	0.000000	0.000000
3.906512	0.000000	0.000000	0.000000
3.906744	0.000000	0.000000	0.000000
3.906977	0.000000	0.000000	0.000000
3.907209	0.000000	0.000000	0.000000
3.907442	0.000000	0.000000	0.000000
3.907674	0.000000	0.000000	0.000000
3.907907	0.000000	0.000000	0.000000
3.908140	0.000000	0.000000	0.000000
3.908372	0.000000	0.000000	0.000000
3.908605	0.000000	0.000000	0.000000
3.908837	0.000000	0.000000	0.000000
3.909070	0.000000	0.000000	0.000000
3.909302	0.000000	0.000000	0.000000
3.909535	0.000000	0.000000	0.000000
3.909767	0.000000	0.000000	0.000000
3.910000	0.000000	0.000000	0.000000
3.910233	0.000000	0.000000	0.000000
3.910465	0.000000	0.000000	0.000000
3.910698	0.000000	0.000000	0.000000
3.910930	0.000000	0.000000	0.000000
3.911163	0.000000	0.000000	0.000000
3.911395	0.000000	0.000000	0.000000
3.911628	0.000000	0.000000	0.000000
3.911860	0.000000	0.000000	0.000000
3.912093	0.000000	0.000000	0.000000
3.912326	0.000000	0.000000	0.000000
3.912558	0.000000	0.000000	0.000000
3.912791	0.000000	0.000000	0.000000
3.913023	0.000000	0.000000	0.000000
3.913256	0.000000	0.000000	0.000000
3.913488	0.000000	0.000000	0.000000
3.913721	0.000000	0.000000	0.000000
3.913953	0.000000	0.000000	0.000000
3.914186	0.000000	0.000000	0.000000
3.914419	0.000000	0.000000	0.000000
3.914651	0.000000	0.000000	0.000000
3.914884	0.000000	0.000000	0.000000
3.915116	0.000000	0.000000	0.000000
3.915349	0.000000	0.000000	0.000000
3.915581	0.000000	0.000000	0.000000
3.915814	0.000000	0.000000	0.000000
3.916047	0.000000	0.000000	0.000000
3.916279	0.000000	0.000000	0.000000
3.916512	0.000000	0.000000	0.000000
3.916744	0.000000	0.000000	0.000000
3.916977	0.000000	0.000000	0.000000
3.917209	0.000000	0.000000	0.000000
3.917442	0.000000	0.000000	0.000000
3.917674	0.000000	0.000000	0.000000
3.917907	0.000000	0.000000	0.000000
3.918140	0.000000	0.000000	0.000000
3.918372	0.000000	0.000000	0.000000
3.918605	0.000000	0.000000	0.000000
3.918837	0.000000	0.000000	0.000000
3.919070	0.000000	0.000000	0.000000
3.919302	0.000000	0.000000	0.000000
3.919535	0.000000	0.000000	0.000000
3.919767	0.000000	0.000000	0.000000
3.920000	0.000000	0.000000	0.000000
3.920233	0.000000	0.000000	0.000000
3.920465	0.000000	0.000000	0.000000
3.920698	0.000000	0.000000	0.000000
3.920930	0.000000	0.000000	0.000000
3.921163	0.000000	0.000000	0.000000
3.921395	0.000000	0.000000	0.000000
3.921628	0.000000	0.000000	0.000000
3.921860	0.000000	0.000000	0.000000
3.922093	0.000000	0.000000	0.000000
3.922326	0.000000	0.000000	0.000000
3.922558	0.000000	0.000000	0.000000
3.922791	0.000000	0.000000	0.000000
3.923023	0.000000	0.000000	0.000000
3.923256	0.000000	0.000000	0.000000
3.923488	0.000000	0.000000	0.000000
3.923721	0.000000	0.000000	0.000000
3.923953	0.000000	0.000000	0.000000
3.924186	0.000000	0.000000	0.000000
3.924419	0.000000	0.000000	0.000000
3.924651	0.000000	0.000000	0.000000
3.924884	0.000000	0.000000	0.000000
3.925116	0.000000	0.000000	0.000000
3.925349	0.000000	0.000000	0.000000
3.925581	0.000000	0.000000	0.000000
3.925814	0.000000	0.000000	0.000000
3.926047	0.000000	0.000000	0.000000
3.926279	0.000000	0.000000	0.000000
3.926512	0.000000	0.000000	0.000000
3.926744	0.000000	0.000000	0.000000
3.926977	0.000000	0.000000	0.000000
3.927209	0.000000	0.000000	0.000000
3.927442	0.000000	0.000000	0.000000
3.927674	0.000000	0.000000	0.000000
3.927907	0.000000	0.000000	0.000000
3.928140	0.000000	0.000000	0.000000
3.928372	0.000000	0.000000	0.000000
3.928605	0.000000	0.000000	0.000000
3.928837	0.000000	0.000000	0.000000
3.929070	0.000000	0.000000	0.000000
3.929302	0.000000	0.000000	0.000000
3.929535	0.000000	0.000000	0.000000
3.929767	0.000000	0.000000	0.000000
3.930000	0.000000	0.000000	0.000000
3.930233	0.000000	0.000000	0.000000
3.930465	0.000000	0.000000	0.000000
3.930698	0.000000	0.000000	0.000000
3.930930	0.000000	0.000000	0.000000
3.931163	0.000000	0.000000	0.000000
3.931395	0.000000	0.000000	0.000000
3.931628	0.000000	0.000000	0.000000
3.931860	0.000000	0.000000	0.000000
3.932093	0.000000	0.000000	0.000000
3.932326	0.000000	0.000000	0.000000
3.932558	0.000000	0.000000	0.000000
3.932791	0.000000	0.000000	0.000000
3.933023	0.000000	0.000000	0.000000
3.933256	0.000000	0.000000	0.000000
3.933488	0.000000	0.000000	0.000000
3.933721	0.000000	0.000000	0.000000
3.933953	0.000000	0.000000	0.000000
3.934186	0.000000	0.000000	0.000000
3.934419	0.000000	0.000000	0.000000
3.934651	0.000000	0.000000	0.000000
3.934884	0.000000	0.000000	0.000000
3.935116	0.000000	0.000000	0.000000
3.935349	0.000000	0.000000	0.000000
3.935581	0.000000	0.000000	0.000000
3.935814	0.000000	0.000000	0.000000
3.936047	0.000000	0.000000	0.000000
3.936279	0.000000	0.000000	0.000000
3.936512	0.000000	0.000000	0.000000
3.936744	0.000000	0.000000	0.000000
3.936977	0.000000	0.000000	0.000000
3.937209	0.000000	0.000000	0.000000
3.937442	0.000000	0.000000	0.000000
3.937674	0.000000	0.000000	0.000000
3.937907	0.000000	0.000000	0.000000
3.938140	0.000000	0.000000	0.000000
3.938372	0.000000	0.000000	0.000000
3.938605	0.000000	0.000000	0.000000
3.938837	0.000000	0.000000	0.000000
3.939070	0.000000	0.000000	0.000000
3.939302	0.000000	0.000000	0.000000
3.939535	0.000000	0.000000	0.000000
3.939767	0.000000	0.000000	0.000000
3.940000	0.000000	0.000000	0.000000
3.940233	0.000000	0.000000	0.000000
3.940465	0.000000	0.000000	0.000000
3.940698	0.000000	0.000000	0.000000
3.940930	0.000000	0.000000	0.000000
3.941163	0.000000	0.000000	0.000000
3.941395	0.000000	0.000000	0.000000
3.941628	0.000000	0.000000	0.000000
3.941860	0.000000	0.000000	0.000000
3.942093	0.000000	0.000000	0.000000
3.942326	0.000000	0.000000	0.000000
3.942558	0.000000	0.000000	0.000000
3.942791	0.000000	0.000000	0.000000
3.943023	0.000000	0.000000	0.000000
3.943256	0.000000	0.000000	0.000000
3.943488	0.000000	0.000000	0.000000
3.943721	0.000000	0.000000	0.000000
3.943953	0.000000	0.000000	0.000000
3.944186	0.000000	0.000000	0.000000
3.944419	0.000000	0.000000	0.000000
3.944651	0.000000	0.000000	0.000000
3.944884	0.000000	0.000000	0.000000
3.945116	0.000000	0.000000	0.000000
3.945349	0.000000	0.000000	0.000000
3.945581	0.000000	0.000000	0.000000
3.945814	0.000000	0.000000	0.000000
3.946047	0.000000	0.000000	0.000000
3.946279	0.000000	0.000000	0.000000
3.946512	0.000000	0.000000	0.000000
3.946744	0.000000	0.000000	0.000000
3.946977	0.000000	0.000000	0.000000
3.947209	0.000000	0.000000	0.000000
3.947442	0.000000	0.000000	0.000000
3.947674	0.000000	0.000000	0.000000
3.947907	0.000000	0.000000	0.000000
3.948140	0.000000	0.000000	0.000000
3.948372	0.000000	0.000000	0.000000
3.948605	0.000000	0.000000	0.000000
3.948837	0.000000	0.000000	0.000000
3.949070	0.000000	0.000000	0.000000
3.949302	0.000000	0.000000	0.000000
3.949535	0.000000	0.000000	0.000000
3.949767	0.000000	0.000000	0.000000
3.950000	0.000000	0.000000	0.000000
3.950233	0.000000	0.000000	0.000000
3.950465	0.000000	0.000000	0.000000
3.950698	0.000000	0.000000	0.000000
3.950930	0.000000	0.000000	0.000000
3.951163	0.000000	0.000000	0.000000
3.951395	0.000000	0.000000	0.000000
3.951628	0.000000	0.000000	0.000000
3.951860	0.000000	0.000000	0.000000
3.952093	0.000000	0.000000	0.000000
3.952326	0.000000	0.000000	0.000000
3.952558	0.000000	0.000000	0.000000
3.952791	0.000000	0.000000	0.000000
3.953023	0.000000	0.000000	0.000000
3.953256	0.000000	0.000000	0.000000
3.953488	0.000000	0.000000	0.000000
3.953721	0.000000	0.000000	0.000000
3.953953	0.000000	0.000000	0.000000
3.954186	0.000000	0.000000	0.000000
3.954419	0.000000	0.000000	0.000000
3.954651	0.000000	0.000000	0.000000
3.954884	0.000000	0.000000	0.000000
3.955116	0.000000	0.000000	0.000000
3.955349	0.000000	0.000000	0.000000
3.955581	0.000000	0.000000	0.000000
3.955814	0.000000	0.000000	0.000000
3.956047	0.000000	0.000000	0.000000
3.956279	0.000000	0.000000	0.000000
3.956512	0.000000	0.000000	0.000000
3.956744	0.000000	0.000000	0.000000
3.956977	0.000000	0.000000	0.000000
3.957209	0.000000	0.000000	0.000000
3.957442	0.000000	0.000000	0.000000
3.957674	0.000000	0.000000	0.000000
3.957907	0.000000	0.000000	0.000000
3.958140	0.000000	0.000000	0.000000
3.958372	0.000000	0.000000	0.000000
3.958605	0.000000	0.000000	0.000000
3.958837	0.000000	0.000000	0.000000
3.959070	0.000000	0.000000	0.000000
3.959302	0.000000	0.000000	0.000000
3.959535	0.000000	0.000000	0.000000
3.959767	0.000000	0.000000	0.000000
3.960000	0.000000	0.000000	0.000000
3.960233	0.000000	0.000000	0.000000
3.960465	0.000000	0.000000	0.000000
3.960698	0.000000	0.000000	0.000000
3.960930	0.000000	0.000000	0.000000
3.961163	0.000000	0.000000	0.000000
3.961395	0.000000	0.000000	0.000000
3.961628	0.000000	0.000000	0.000000
3.961860	0.000000	0.000000	0.000000
3.962093	0.000000	0.000000	0.000000
3.962326	0.000000	0.000000	0.000000
3.962558	0.000000	0.000000	0.000000
3.962791	0.000000	0.000000	0.000000
3.963023	0.000000	0.000000	0.000000
3.963256	0.000000	0.000000	0.000000
3.963488	0.000000	0.000000	0.000000
3.963721	0.000000	0.000000	0.000000
3.963953	0.000000	0.000000	0.000000
3.964186	0.000000	0.000000	0.000000
3.964419	0.000000	0.000000	0.000000
3.964651	0.000000	0.000000	0.000000
3.964884	0.000000	0.000000	0.000000
3.965116	0.000000	0.000000	0.000000
3.965349	0.000000	0.000000	0.000000
3.965581	0.000000	0.000000	0.000000
3.965814	0.000000	0.000000	0.000000
3.966047	0.000000	0.000000	0.000000
3.966279	0.000000	0.000000	0.000000
3.966512	0.000000	0.000000	0.000000
3.966744	0.000000	0.000000	0.000000
3.966977	0.000000	0.000000	0.000000
3.967209	0.000000	0.000000	0.000000
3.967442	0.000000	0.000000	0.000000
3.967674	0.000000	0.000000	0.000000
3.967907	0.000000	0.000000	0.000000
3.968140	0.000000	0.000000	0.000000
3.968372	0.000000	0.000000	0.000000
3.968605	0.000000	0.000000	0.000000
3.968837	0.000000	0.000000	0.000000
3.969070	0.000000	0.000000	0.000000
3.969302	0.000000	0.000000	0.000000
3.969535	0.000000	0.000000	0.000000
3.969767	0.000000	0.000000	0.000000
3.970000	0.000000	0.000000	0.000000
3.970233	0.000000	0.000000	0.000000
3.970465	0.000000	0.000000	0.000000
3.970698	0.000000	0.000000	0.000000
3.970930	0.000000	0.000000	0.000000
3.971163	0.000000	0.000000	0.000000
3.971395	0.000000	0.000000	0.000000
3.971628	0.000000	0.000000	0.000000
3.971860	0.000000	0.000000	0.000000
3.972093	0.000000	0.000000	0.000000
3.972326	0.000000	0.000000	0.000000
3.972558	0.000000	0.000000	0.000000
3.972791	0.000000	0.000000	0.000000
3.973023	0.000000	0.000000	0.000000
3.973256	0.000000	0.000000	0.000000
3.973488	0.000000	0.000000	0.000000
3.973721	0.000000	0.000000	0.000000
3.973953	0.000000	0.000000	0.000000
3.974186	0.000000	0.000000	0.000000
3.974419	0.000000	0.000000	0.000000
3.974651	0.000000	0.000000	0.000000
3.974884	0.000000	0.000000	0.000000
3.975116	0.000000	0.000000	0.000000
3.975349	0.000000	0.000000	0.000000
3.975581	0.000000	0.000000	0.000000
3.975814	0.000000	0.000000	0.000000
3.976047	0.000000	0.000000	0.000000
3.976279	0.000000	0.000000	0.000000
3.976512	0.000000	0.000000	0.000000
3.976744	0.000000	0.000000	0.000000
3.976977	0.000000	0.000000	0.000000
3.977209	0.000000	0.000000	0.000000
3.977442	0.000000	0.000000	0.000000
3.977674	0.000000	0.000000	0.000000
3.977907	0.000000	0.000000	0.000000
3.978140	0.000000	0.000000	0.000000
3.978372	0.000000	0.000000	0.000000
3.978605	0.000000	0.000000	0.000000
3.978837	0.000000	0.000000	0.000000
3.979070	0.000000	0.000000	0.000000
3.979302	0.000000	0.000000	0.000000
3.979535	0.000000	0.000000	0.000000
3.979767	0.000000	0.000000	0.000000
3.980000	0.000000	0.000000	0.000000
3.980233	0.000000	0.000000	0.000000
3.980465	0.000000	0.000000	0.000000
3.980698	0.000000	0.000000	0.000000
3.980930	0.000000	0.000000	0.000000
3.981163	0.000000	0.000000	0.000000
3.981395	0.000000	0.000000	0.000000
3.981628	0.000000	0.000000	0.000000
3.981860	0.000000	0.000000	0.000000
3.982093	0.000000	0.000000	0.000000
3.982326	0.000000	0.000000	0.000000
3.982558	0.000000	0.000000	0.000000
3.982791	0.000000	0.000000	0.000000
3.983023	0.000000	0.000000	0.000000
3.983256	0.000000	0.000000	0.000000
3.983488	0.000000	0.000000	0.000000
3.983721	0.000000	0.000000	0.000000
3.983953	0.000000	0.000000	0.000000
3.984186	0.000000	0.000000	0.000000
3.984419	0.000000	0.000000	0.000000
3.984651	0.000000	0.000000	0.000000
3.984884	0.000000	0.000000	0.000000
3.985116	0.000000	0.000000	0.000000
3.985349	0.000000	0.000000	0.000000
3.985581	0.000000	0.000000	0.000000
3.985814	0.000000	0.000000	0.000000
3.986047	0.000000	0.000000	0.000000
3.986279	0.000000	0.000000	0.000000
3.986512	0.000000	0.000000	0.000000
3.986744	0.000000	0.000000	0.000000
3.986977	0.000000	0.000000	0.000000
3.987209	0.000000	0.000000	0.000000
3.987442	0.000000	0.000000	0.000000
3.987674	0.000000	0.000000	0.000000
3.987907	0.000000	0.000000	0.000000
3.988140	0.000000	0.000000	0.000000
3.988372	0.000000	0.000000	0.000000
3.988605	0.000000	0.000000	0.000000
3.988837	0.000000	0.000000	0.000000
3.989070	0.000000	0.000000	0.000000
3.989302	0.000000	0.000000	0.000000
3.989535	0.000000	0.000000	0.000000
3.989767	0.000000	0.000000	0.000000
3.990000	0.000000	0.000000	0.000000
